{"type": "FeatureCollection", "features": [{"type": "Feature", "geometry": {"type": "Point", "coordinates": [-71.67, -31.57]}, "properties": {"fecha": "2015/09/16", "hora": "22:54:32.9", "mw": 8.27, "mb": 0.0, "ms": 8.3, "prof_centroide_km": 17.4, "prof_hipocentro_km": 22.4, "lat_hipocentro": -31.57, "lon_hipocentro": -71.67, "banda_prof": "5-30", "region": "NEAR COAST OF CENTRAL CH", "beachball": "beachballs/bb_0000.png", "np1_rumbo": 7, "np1_manteo": 19, "np1_cabeceo": 109, "np2_rumbo": 166, "np2_manteo": 72, "np2_cabeceo": 83, "lat_centroide": -31.13, "lon_centroide": -72.09}}, {"type": "Feature", "geometry": {"type": "Point", "coordinates": [-70.77, -19.61]}, "properties": {"fecha": "2014/04/01", "hora": "23:46:47.3", "mw": 8.12, "mb": 0.0, "ms": 8.2, "prof_centroide_km": 21.6, "prof_hipocentro_km": 25.0, "lat_hipocentro": -19.61, "lon_hipocentro": -70.77, "banda_prof": "5-30", "region": "NEAR COAST OF NORTHERN C", "beachball": "beachballs/bb_0001.png", "np1_rumbo": 355, "np1_manteo": 15, "np1_cabeceo": 106, "np2_rumbo": 159, "np2_manteo": 76, "np2_cabeceo": 86, "lat_centroide": -19.7, "lon_centroide": -70.81}}, {"type": "Feature", "geometry": {"type": "Point", "coordinates": [-70.5, -20.57]}, "properties": {"fecha": "2014/04/03", "hora": "02:43:11.2", "mw": 7.73, "mb": 0.0, "ms": 7.7, "prof_centroide_km": 28.7, "prof_hipocentro_km": 10.0, "lat_hipocentro": -20.57, "lon_hipocentro": -70.5, "banda_prof": "5-30", "region": "NEAR COAST OF NORTHERN C", "beachball": "beachballs/bb_0002.png", "np1_rumbo": 358, "np1_manteo": 14, "np1_cabeceo": 103, "np2_rumbo": 165, "np2_manteo": 76, "np2_cabeceo": 87, "lat_centroide": -20.43, "lon_centroide": -70.6}}, {"type": "Feature", "geometry": {"type": "Point", "coordinates": [-70.77, -26.62]}, "properties": {"fecha": "1983/10/04", "hora": "18:52:12.9", "mw": 7.62, "mb": 6.4, "ms": 7.3, "prof_centroide_km": 38.7, "prof_hipocentro_km": 18.0, "lat_hipocentro": -26.62, "lon_hipocentro": -70.77, "banda_prof": "5-30", "region": "NEAR COAST OF N. CHILE", "beachball": "beachballs/bb_0003.png", "np1_rumbo": 9, "np1_manteo": 20, "np1_cabeceo": 110, "np2_rumbo": 168, "np2_manteo": 71, "np2_cabeceo": 83, "lat_centroide": -26.01, "lon_centroide": -70.56}}, {"type": "Feature", "geometry": {"type": "Point", "coordinates": [-70.17, -24.49]}, "properties": {"fecha": "1987/03/05", "hora": "09:17:00.0", "mw": 7.53, "mb": 6.5, "ms": 7.3, "prof_centroide_km": 41.9, "prof_hipocentro_km": 27.0, "lat_hipocentro": -24.49, "lon_hipocentro": -70.17, "banda_prof": "5-30", "region": "NR NORTHERN CHILE COAST", "beachball": "beachballs/bb_0004.png", "np1_rumbo": 12, "np1_manteo": 23, "np1_cabeceo": 106, "np2_rumbo": 175, "np2_manteo": 68, "np2_cabeceo": 83, "lat_centroide": -24.38, "lon_centroide": -70.93}}, {"type": "Feature", "geometry": {"type": "Point", "coordinates": [-67.77, -31.03]}, "properties": {"fecha": "1977/11/23", "hora": "09:26:24.7", "mw": 7.45, "mb": 6.3, "ms": 7.4, "prof_centroide_km": 20.8, "prof_hipocentro_km": 13.0, "lat_hipocentro": -31.03, "lon_hipocentro": -67.77, "banda_prof": "5-30", "region": "SAN JUAN PROVINCE,ARGEN.", "beachball": "beachballs/bb_0005.png", "np1_rumbo": 183, "np1_manteo": 44, "np1_cabeceo": 90, "np2_rumbo": 4, "np2_manteo": 46, "np2_cabeceo": 90, "lat_centroide": -31.22, "lon_centroide": -67.69}}, {"type": "Feature", "geometry": {"type": "Point", "coordinates": [-73.35, -38.37]}, "properties": {"fecha": "2011/01/02", "hora": "20:20:17.7", "mw": 7.13, "mb": 6.6, "ms": 7.1, "prof_centroide_km": 19.4, "prof_hipocentro_km": 24.0, "lat_hipocentro": -38.37, "lon_hipocentro": -73.35, "banda_prof": "5-30", "region": "NEAR COAST OF CENTRAL CH", "beachball": "beachballs/bb_0006.png", "np1_rumbo": 5, "np1_manteo": 13, "np1_cabeceo": 97, "np2_rumbo": 178, "np2_manteo": 77, "np2_cabeceo": 88, "lat_centroide": -38.71, "lon_centroide": -73.84}}, {"type": "Feature", "geometry": {"type": "Point", "coordinates": [-71.43, -31.56]}, "properties": {"fecha": "2015/09/16", "hora": "23:18:41.8", "mw": 7.1, "mb": 0.0, "ms": 7.0, "prof_centroide_km": 35.7, "prof_hipocentro_km": 28.4, "lat_hipocentro": -31.56, "lon_hipocentro": -71.43, "banda_prof": "5-30", "region": "NEAR COAST OF CENTRAL CH", "beachball": "beachballs/bb_0007.png", "np1_rumbo": 349, "np1_manteo": 30, "np1_cabeceo": 87, "np2_rumbo": 173, "np2_manteo": 60, "np2_cabeceo": 92, "lat_centroide": -31.79, "lon_centroide": -71.95}}, {"type": "Feature", "geometry": {"type": "Point", "coordinates": [-70.95, -19.89]}, "properties": {"fecha": "2014/04/01", "hora": "23:57:58.8", "mw": 7.0, "mb": 0.0, "ms": 6.9, "prof_centroide_km": 20.6, "prof_hipocentro_km": 28.4, "lat_hipocentro": -19.89, "lon_hipocentro": -70.95, "banda_prof": "5-30", "region": "NEAR COAST OF NORTHERN C", "beachball": "beachballs/bb_0008.png", "np1_rumbo": 347, "np1_manteo": 26, "np1_cabeceo": 81, "np2_rumbo": 177, "np2_manteo": 65, "np2_cabeceo": 94, "lat_centroide": -19.85, "lon_centroide": -71.39}}, {"type": "Feature", "geometry": {"type": "Point", "coordinates": [-70.6, -24.75]}, "properties": {"fecha": "1988/01/19", "hora": "07:30:29.7", "mw": 6.96, "mb": 6.3, "ms": 6.8, "prof_centroide_km": 31.0, "prof_hipocentro_km": 21.0, "lat_hipocentro": -24.75, "lon_hipocentro": -70.6, "banda_prof": "5-30", "region": "NR NORTHERN CHILE COAST", "beachball": "beachballs/bb_0009.png", "np1_rumbo": 353, "np1_manteo": 17, "np1_cabeceo": 87, "np2_rumbo": 177, "np2_manteo": 73, "np2_cabeceo": 91, "lat_centroide": -24.86, "lon_centroide": -70.55}}, {"type": "Feature", "geometry": {"type": "Point", "coordinates": [-71.8, -34.32]}, "properties": {"fecha": "2010/03/11", "hora": "14:55:27.5", "mw": 6.96, "mb": 6.5, "ms": 6.7, "prof_centroide_km": 16.3, "prof_hipocentro_km": 18.0, "lat_hipocentro": -34.32, "lon_hipocentro": -71.8, "banda_prof": "5-30", "region": "NEAR COAST OF CENTRAL CH", "beachball": "beachballs/bb_0010.png", "np1_rumbo": 16, "np1_manteo": 6, "np1_cabeceo": -53, "np2_rumbo": 159, "np2_manteo": 86, "np2_cabeceo": -93, "lat_centroide": -34.53, "lon_centroide": -72.13}}, {"type": "Feature", "geometry": {"type": "Point", "coordinates": [-72.07, -33.04]}, "properties": {"fecha": "2017/04/24", "hora": "21:38:30.8", "mw": 6.86, "mb": 0.0, "ms": 6.9, "prof_centroide_km": 26.0, "prof_hipocentro_km": 28.0, "lat_hipocentro": -33.04, "lon_hipocentro": -72.07, "banda_prof": "5-30", "region": "OFF COAST OF CENTRAL CHI", "beachball": "beachballs/bb_0011.png", "np1_rumbo": 3, "np1_manteo": 16, "np1_cabeceo": 94, "np2_rumbo": 179, "np2_manteo": 74, "np2_cabeceo": 89, "lat_centroide": -33.13, "lon_centroide": -72.07}}, {"type": "Feature", "geometry": {"type": "Point", "coordinates": [-71.31, -27.97]}, "properties": {"fecha": "2020/09/01", "hora": "04:09:28.5", "mw": 6.86, "mb": 0.0, "ms": 6.8, "prof_centroide_km": 34.4, "prof_hipocentro_km": 21.0, "lat_hipocentro": -27.97, "lon_hipocentro": -71.31, "banda_prof": "5-30", "region": "NEAR COAST OF NORTHERN C", "beachball": "beachballs/bb_0012.png", "np1_rumbo": 15, "np1_manteo": 24, "np1_cabeceo": 112, "np2_rumbo": 171, "np2_manteo": 68, "np2_cabeceo": 81, "lat_centroide": -28.01, "lon_centroide": -71.41}}, {"type": "Feature", "geometry": {"type": "Point", "coordinates": [-71.89, -34.29]}, "properties": {"fecha": "2010/03/11", "hora": "14:39:44.0", "mw": 6.85, "mb": 6.7, "ms": 7.0, "prof_centroide_km": 12.9, "prof_hipocentro_km": 11.0, "lat_hipocentro": -34.29, "lon_hipocentro": -71.89, "banda_prof": "5-30", "region": "NEAR COAST OF CENTRAL CH", "beachball": "beachballs/bb_0013.png", "np1_rumbo": 324, "np1_manteo": 35, "np1_cabeceo": -90, "np2_rumbo": 144, "np2_manteo": 55, "np2_cabeceo": -90, "lat_centroide": -34.54, "lon_centroide": -72.11}}, {"type": "Feature", "geometry": {"type": "Point", "coordinates": [-73.12, -36.47]}, "properties": {"fecha": "2011/02/11", "hora": "20:05:30.8", "mw": 6.84, "mb": 6.0, "ms": 6.8, "prof_centroide_km": 17.8, "prof_hipocentro_km": 27.6, "lat_hipocentro": -36.47, "lon_hipocentro": -73.12, "banda_prof": "5-30", "region": "NEAR COAST OF CENTRAL CH", "beachball": "beachballs/bb_0014.png", "np1_rumbo": 15, "np1_manteo": 13, "np1_cabeceo": 104, "np2_rumbo": 180, "np2_manteo": 77, "np2_cabeceo": 87, "lat_centroide": -36.63, "lon_centroide": -73.56}}, {"type": "Feature", "geometry": {"type": "Point", "coordinates": [-70.24, -22.92]}, "properties": {"fecha": "2007/11/15", "hora": "15:05:58.3", "mw": 6.8, "mb": 6.1, "ms": 6.8, "prof_centroide_km": 20.7, "prof_hipocentro_km": 26.0, "lat_hipocentro": -22.92, "lon_hipocentro": -70.24, "banda_prof": "5-30", "region": "NEAR COAST OF NORTHERN C", "beachball": "beachballs/bb_0015.png", "np1_rumbo": 360, "np1_manteo": 16, "np1_cabeceo": 98, "np2_rumbo": 172, "np2_manteo": 74, "np2_cabeceo": 88, "lat_centroide": -22.98, "lon_centroide": -70.94}}, {"type": "Feature", "geometry": {"type": "Point", "coordinates": [-71.87, -30.06]}, "properties": {"fecha": "1997/07/06", "hora": "09:54:00.8", "mw": 6.79, "mb": 5.8, "ms": 6.5, "prof_centroide_km": 15.0, "prof_hipocentro_km": 19.0, "lat_hipocentro": -30.06, "lon_hipocentro": -71.87, "banda_prof": "5-30", "region": "NEAR COAST OF CENTRAL CH", "beachball": "beachballs/bb_0016.png", "np1_rumbo": 0, "np1_manteo": 21, "np1_cabeceo": 92, "np2_rumbo": 178, "np2_manteo": 69, "np2_cabeceo": 89, "lat_centroide": -30.22, "lon_centroide": -72.21}}, {"type": "Feature", "geometry": {"type": "Point", "coordinates": [-72.01, -29.51]}, "properties": {"fecha": "2015/11/11", "hora": "01:54:38.6", "mw": 6.79, "mb": 0.0, "ms": 6.9, "prof_centroide_km": 12.4, "prof_hipocentro_km": 12.0, "lat_hipocentro": -29.51, "lon_hipocentro": -72.01, "banda_prof": "5-30", "region": "OFF COAST OF CENTRAL CHI", "beachball": "beachballs/bb_0017.png", "np1_rumbo": 2, "np1_manteo": 22, "np1_cabeceo": 93, "np2_rumbo": 179, "np2_manteo": 68, "np2_cabeceo": 89, "lat_centroide": -29.47, "lon_centroide": -72.18}}, {"type": "Feature", "geometry": {"type": "Point", "coordinates": [-72.06, -29.51]}, "properties": {"fecha": "2015/11/11", "hora": "02:46:19.8", "mw": 6.79, "mb": 0.0, "ms": 6.9, "prof_centroide_km": 12.0, "prof_hipocentro_km": 10.0, "lat_hipocentro": -29.51, "lon_hipocentro": -72.06, "banda_prof": "5-30", "region": "OFF COAST OF CENTRAL CHI", "beachball": "beachballs/bb_0018.png", "np1_rumbo": 358, "np1_manteo": 21, "np1_cabeceo": 90, "np2_rumbo": 178, "np2_manteo": 69, "np2_cabeceo": 90, "lat_centroide": -29.7, "lon_centroide": -72.29}}, {"type": "Feature", "geometry": {"type": "Point", "coordinates": [-72.31, -34.24]}, "properties": {"fecha": "2019/08/01", "hora": "18:28:07.3", "mw": 6.78, "mb": 0.0, "ms": 6.8, "prof_centroide_km": 25.0, "prof_hipocentro_km": 25.0, "lat_hipocentro": -34.24, "lon_hipocentro": -72.31, "banda_prof": "5-30", "region": "NEAR COAST OF CENTRAL CH", "beachball": "beachballs/bb_0019.png", "np1_rumbo": 19, "np1_manteo": 14, "np1_cabeceo": 106, "np2_rumbo": 183, "np2_manteo": 77, "np2_cabeceo": 86, "lat_centroide": -34.32, "lon_centroide": -72.24}}, {"type": "Feature", "geometry": {"type": "Point", "coordinates": [-71.81, -31.52]}, "properties": {"fecha": "2015/09/17", "hora": "04:10:27.8", "mw": 6.76, "mb": 0.0, "ms": 6.7, "prof_centroide_km": 36.6, "prof_hipocentro_km": 23.0, "lat_hipocentro": -31.52, "lon_hipocentro": -71.81, "banda_prof": "5-30", "region": "NEAR COAST OF CENTRAL CH", "beachball": "beachballs/bb_0020.png", "np1_rumbo": 355, "np1_manteo": 30, "np1_cabeceo": 94, "np2_rumbo": 170, "np2_manteo": 60, "np2_cabeceo": 88, "lat_centroide": -31.65, "lon_centroide": -71.94}}, {"type": "Feature", "geometry": {"type": "Point", "coordinates": [-73.16, -35.48]}, "properties": {"fecha": "2019/09/29", "hora": "15:57:53.2", "mw": 6.72, "mb": 0.0, "ms": 6.7, "prof_centroide_km": 16.7, "prof_hipocentro_km": 11.0, "lat_hipocentro": -35.48, "lon_hipocentro": -73.16, "banda_prof": "5-30", "region": "OFF COAST OF CENTRAL CHI", "beachball": "beachballs/bb_0021.png", "np1_rumbo": 16, "np1_manteo": 12, "np1_cabeceo": 106, "np2_rumbo": 180, "np2_manteo": 78, "np2_cabeceo": 87, "lat_centroide": -35.56, "lon_centroide": -73.1}}, {"type": "Feature", "geometry": {"type": "Point", "coordinates": [-71.65, -17.75]}, "properties": {"fecha": "2001/06/26", "hora": "04:18:31.4", "mw": 6.7, "mb": 6.2, "ms": 6.7, "prof_centroide_km": 24.0, "prof_hipocentro_km": 24.0, "lat_hipocentro": -17.75, "lon_hipocentro": -71.65, "banda_prof": "5-30", "region": "NEAR COAST OF PERU", "beachball": "beachballs/bb_0022.png", "np1_rumbo": 314, "np1_manteo": 19, "np1_cabeceo": 75, "np2_rumbo": 150, "np2_manteo": 71, "np2_cabeceo": 95, "lat_centroide": -17.87, "lon_centroide": -72.02}}, {"type": "Feature", "geometry": {"type": "Point", "coordinates": [-74.99, -39.34]}, "properties": {"fecha": "2020/12/27", "hora": "21:39:14.8", "mw": 6.7, "mb": 0.0, "ms": 6.7, "prof_centroide_km": 12.0, "prof_hipocentro_km": 10.0, "lat_hipocentro": -39.34, "lon_hipocentro": -74.99, "banda_prof": "5-30", "region": "OFF COAST OF CENTRAL CHI", "beachball": "beachballs/bb_0023.png", "np1_rumbo": 1, "np1_manteo": 43, "np1_cabeceo": -109, "np2_rumbo": 206, "np2_manteo": 50, "np2_cabeceo": -73, "lat_centroide": -39.58, "lon_centroide": -75.26}}, {"type": "Feature", "geometry": {"type": "Point", "coordinates": [-71.36, -32.62]}, "properties": {"fecha": "2012/04/17", "hora": "03:50:15.6", "mw": 6.68, "mb": 6.2, "ms": 6.7, "prof_centroide_km": 39.6, "prof_hipocentro_km": 29.0, "lat_hipocentro": -32.62, "lon_hipocentro": -71.36, "banda_prof": "5-30", "region": "NEAR COAST OF CENTRAL CH", "beachball": "beachballs/bb_0024.png", "np1_rumbo": 2, "np1_manteo": 24, "np1_cabeceo": 95, "np2_rumbo": 176, "np2_manteo": 66, "np2_cabeceo": 88, "lat_centroide": -32.77, "lon_centroide": -71.69}}, {"type": "Feature", "geometry": {"type": "Point", "coordinates": [-70.7, -19.98]}, "properties": {"fecha": "2014/03/16", "hora": "21:16:29.6", "mw": 6.67, "mb": 0.0, "ms": 6.7, "prof_centroide_km": 12.0, "prof_hipocentro_km": 20.0, "lat_hipocentro": -19.98, "lon_hipocentro": -70.7, "banda_prof": "5-30", "region": "NEAR COAST OF NORTHERN C", "beachball": "beachballs/bb_0025.png", "np1_rumbo": 284, "np1_manteo": 26, "np1_cabeceo": 54, "np2_rumbo": 144, "np2_manteo": 69, "np2_cabeceo": 106, "lat_centroide": -19.94, "lon_centroide": -70.92}}, {"type": "Feature", "geometry": {"type": "Point", "coordinates": [-74.87, -40.32]}, "properties": {"fecha": "1998/04/01", "hora": "22:42:56.9", "mw": 6.65, "mb": 6.2, "ms": 6.0, "prof_centroide_km": 15.0, "prof_hipocentro_km": 9.0, "lat_hipocentro": -40.32, "lon_hipocentro": -74.87, "banda_prof": "5-30", "region": "OFF COAST OF SOUTHERN CH", "beachball": "beachballs/bb_0026.png", "np1_rumbo": 199, "np1_manteo": 44, "np1_cabeceo": -88, "np2_rumbo": 17, "np2_manteo": 46, "np2_cabeceo": -92, "lat_centroide": -40.64, "lon_centroide": -75.37}}, {"type": "Feature", "geometry": {"type": "Point", "coordinates": [-73.11, -32.67]}, "properties": {"fecha": "2001/04/09", "hora": "09:00:57.2", "mw": 6.65, "mb": 6.1, "ms": 6.3, "prof_centroide_km": 15.0, "prof_hipocentro_km": 11.0, "lat_hipocentro": -32.67, "lon_hipocentro": -73.11, "banda_prof": "5-30", "region": "OFF COAST OF CENTRAL CHI", "beachball": "beachballs/bb_0027.png", "np1_rumbo": 219, "np1_manteo": 44, "np1_cabeceo": -86, "np2_rumbo": 33, "np2_manteo": 46, "np2_cabeceo": -94, "lat_centroide": -32.88, "lon_centroide": -73.23}}, {"type": "Feature", "geometry": {"type": "Point", "coordinates": [-71.5, -28.96]}, "properties": {"fecha": "1995/11/01", "hora": "00:35:32.3", "mw": 6.64, "mb": 6.3, "ms": 6.4, "prof_centroide_km": 22.0, "prof_hipocentro_km": 20.0, "lat_hipocentro": -28.96, "lon_hipocentro": -71.5, "banda_prof": "5-30", "region": "NEAR COAST OF CENTRAL CH", "beachball": "beachballs/bb_0028.png", "np1_rumbo": 6, "np1_manteo": 25, "np1_cabeceo": 111, "np2_rumbo": 163, "np2_manteo": 67, "np2_cabeceo": 80, "lat_centroide": -29.11, "lon_centroide": -71.68}}, {"type": "Feature", "geometry": {"type": "Point", "coordinates": [-73.26, -36.22]}, "properties": {"fecha": "2010/03/16", "hora": "02:21:57.9", "mw": 6.64, "mb": 6.0, "ms": 6.7, "prof_centroide_km": 13.4, "prof_hipocentro_km": 18.0, "lat_hipocentro": -36.22, "lon_hipocentro": -73.26, "banda_prof": "5-30", "region": "NEAR COAST OF CENTRAL CH", "beachball": "beachballs/bb_0029.png", "np1_rumbo": 12, "np1_manteo": 14, "np1_cabeceo": 107, "np2_rumbo": 175, "np2_manteo": 77, "np2_cabeceo": 86, "lat_centroide": -36.49, "lon_centroide": -73.63}}, {"type": "Feature", "geometry": {"type": "Point", "coordinates": [-73.31, -38.07]}, "properties": {"fecha": "2010/07/14", "hora": "08:32:21.5", "mw": 6.62, "mb": 5.9, "ms": 6.6, "prof_centroide_km": 15.3, "prof_hipocentro_km": 22.0, "lat_hipocentro": -38.07, "lon_hipocentro": -73.31, "banda_prof": "5-30", "region": "NEAR COAST OF CENTRAL CH", "beachball": "beachballs/bb_0030.png", "np1_rumbo": 7, "np1_manteo": 9, "np1_cabeceo": 97, "np2_rumbo": 180, "np2_manteo": 81, "np2_cabeceo": 89, "lat_centroide": -38.35, "lon_centroide": -73.89}}, {"type": "Feature", "geometry": {"type": "Point", "coordinates": [-72.83, -35.38]}, "properties": {"fecha": "2011/02/14", "hora": "03:40:09.9", "mw": 6.62, "mb": 5.9, "ms": 6.6, "prof_centroide_km": 12.0, "prof_hipocentro_km": 21.0, "lat_hipocentro": -35.38, "lon_hipocentro": -72.83, "banda_prof": "5-30", "region": "NEAR COAST OF CENTRAL CH", "beachball": "beachballs/bb_0031.png", "np1_rumbo": 25, "np1_manteo": 17, "np1_cabeceo": 105, "np2_rumbo": 189, "np2_manteo": 74, "np2_cabeceo": 86, "lat_centroide": -35.67, "lon_centroide": -73.61}}, {"type": "Feature", "geometry": {"type": "Point", "coordinates": [-73.41, -37.69]}, "properties": {"fecha": "2004/05/03", "hora": "04:36:50.0", "mw": 6.61, "mb": 5.9, "ms": 6.5, "prof_centroide_km": 24.0, "prof_hipocentro_km": 21.0, "lat_hipocentro": -37.69, "lon_hipocentro": -73.41, "banda_prof": "5-30", "region": "NEAR COAST OF CENTRAL CH", "beachball": "beachballs/bb_0032.png", "np1_rumbo": 0, "np1_manteo": 16, "np1_cabeceo": 118, "np2_rumbo": 151, "np2_manteo": 76, "np2_cabeceo": 82, "lat_centroide": -37.95, "lon_centroide": -73.75}}, {"type": "Feature", "geometry": {"type": "Point", "coordinates": [-70.96, -27.01]}, "properties": {"fecha": "2006/04/30", "hora": "19:17:17.2", "mw": 6.6, "mb": 6.0, "ms": 6.7, "prof_centroide_km": 15.4, "prof_hipocentro_km": 26.7, "lat_hipocentro": -27.01, "lon_hipocentro": -70.96, "banda_prof": "5-30", "region": "NEAR COAST OF NORTHERN C", "beachball": "beachballs/bb_0033.png", "np1_rumbo": 11, "np1_manteo": 14, "np1_cabeceo": 106, "np2_rumbo": 175, "np2_manteo": 76, "np2_cabeceo": 86, "lat_centroide": -27.17, "lon_centroide": -71.52}}, {"type": "Feature", "geometry": {"type": "Point", "coordinates": [-73.37, -36.67]}, "properties": {"fecha": "2010/03/05", "hora": "11:47:06.8", "mw": 6.6, "mb": 6.1, "ms": 6.7, "prof_centroide_km": 14.9, "prof_hipocentro_km": 18.0, "lat_hipocentro": -36.67, "lon_hipocentro": -73.37, "banda_prof": "5-30", "region": "NEAR COAST OF CENTRAL CH", "beachball": "beachballs/bb_0034.png", "np1_rumbo": 9, "np1_manteo": 16, "np1_cabeceo": 98, "np2_rumbo": 180, "np2_manteo": 74, "np2_cabeceo": 88, "lat_centroide": -36.89, "lon_centroide": -73.75}}, {"type": "Feature", "geometry": {"type": "Point", "coordinates": [-70.58, -20.31]}, "properties": {"fecha": "2014/04/03", "hora": "01:58:30.5", "mw": 6.59, "mb": 0.0, "ms": 6.5, "prof_centroide_km": 33.7, "prof_hipocentro_km": 23.6, "lat_hipocentro": -20.31, "lon_hipocentro": -70.58, "banda_prof": "5-30", "region": "NEAR COAST OF NORTHERN C", "beachball": "beachballs/bb_0035.png", "np1_rumbo": 354, "np1_manteo": 23, "np1_cabeceo": 96, "np2_rumbo": 167, "np2_manteo": 67, "np2_cabeceo": 87, "lat_centroide": -20.34, "lon_centroide": -70.88}}, {"type": "Feature", "geometry": {"type": "Point", "coordinates": [-71.71, -29.45]}, "properties": {"fecha": "1998/09/03", "hora": "17:37:58.2", "mw": 6.52, "mb": 6.2, "ms": 6.6, "prof_centroide_km": 34.0, "prof_hipocentro_km": 27.0, "lat_hipocentro": -29.45, "lon_hipocentro": -71.71, "banda_prof": "5-30", "region": "NEAR COAST OF CENTRAL CH", "beachball": "beachballs/bb_0036.png", "np1_rumbo": 332, "np1_manteo": 20, "np1_cabeceo": 44, "np2_rumbo": 199, "np2_manteo": 76, "np2_cabeceo": 105, "lat_centroide": -29.56, "lon_centroide": -71.97}}, {"type": "Feature", "geometry": {"type": "Point", "coordinates": [-70.32, -19.39]}, "properties": {"fecha": "2009/11/13", "hora": "03:05:57.2", "mw": 6.52, "mb": 6.2, "ms": 6.5, "prof_centroide_km": 36.2, "prof_hipocentro_km": 27.0, "lat_hipocentro": -19.39, "lon_hipocentro": -70.32, "banda_prof": "5-30", "region": "NEAR COAST OF NORTHERN C", "beachball": "beachballs/bb_0037.png", "np1_rumbo": 342, "np1_manteo": 24, "np1_cabeceo": 92, "np2_rumbo": 160, "np2_manteo": 66, "np2_cabeceo": 89, "lat_centroide": -19.6, "lon_centroide": -71.01}}, {"type": "Feature", "geometry": {"type": "Point", "coordinates": [-70.39, -34.93]}, "properties": {"fecha": "2004/08/28", "hora": "13:41:27.9", "mw": 6.5, "mb": 6.1, "ms": 6.3, "prof_centroide_km": 16.0, "prof_hipocentro_km": 1.0, "lat_hipocentro": -34.93, "lon_hipocentro": -70.39, "banda_prof": "0-5", "region": "CHILE-ARGENTINA BORDER R", "beachball": "beachballs/bb_0038.png", "np1_rumbo": 21, "np1_manteo": 61, "np1_cabeceo": -178, "np2_rumbo": 290, "np2_manteo": 88, "np2_cabeceo": -29, "lat_centroide": -35.21, "lon_centroide": -70.36}}, {"type": "Feature", "geometry": {"type": "Point", "coordinates": [-70.59, -20.8]}, "properties": {"fecha": "2014/04/03", "hora": "05:26:15.7", "mw": 6.5, "mb": 0.0, "ms": 6.4, "prof_centroide_km": 32.2, "prof_hipocentro_km": 25.0, "lat_hipocentro": -20.8, "lon_hipocentro": -70.59, "banda_prof": "5-30", "region": "NEAR COAST OF NORTHERN C", "beachball": "beachballs/bb_0039.png", "np1_rumbo": 4, "np1_manteo": 27, "np1_cabeceo": 104, "np2_rumbo": 168, "np2_manteo": 63, "np2_cabeceo": 83, "lat_centroide": -20.72, "lon_centroide": -70.9}}, {"type": "Feature", "geometry": {"type": "Point", "coordinates": [-71.56, -30.3]}, "properties": {"fecha": "2013/10/31", "hora": "23:03:59.3", "mw": 6.49, "mb": 0.0, "ms": 6.6, "prof_centroide_km": 35.8, "prof_hipocentro_km": 29.0, "lat_hipocentro": -30.3, "lon_hipocentro": -71.56, "banda_prof": "5-30", "region": "NEAR COAST OF CENTRAL CH", "beachball": "beachballs/bb_0040.png", "np1_rumbo": 5, "np1_manteo": 28, "np1_cabeceo": 98, "np2_rumbo": 175, "np2_manteo": 62, "np2_cabeceo": 85, "lat_centroide": -30.46, "lon_centroide": -71.86}}, {"type": "Feature", "geometry": {"type": "Point", "coordinates": [-71.06, -27.21]}, "properties": {"fecha": "2006/04/30", "hora": "21:40:58.4", "mw": 6.48, "mb": 5.9, "ms": 6.7, "prof_centroide_km": 13.4, "prof_hipocentro_km": 12.0, "lat_hipocentro": -27.21, "lon_hipocentro": -71.06, "banda_prof": "5-30", "region": "NEAR COAST OF NORTHERN C", "beachball": "beachballs/bb_0041.png", "np1_rumbo": 14, "np1_manteo": 18, "np1_cabeceo": 112, "np2_rumbo": 171, "np2_manteo": 73, "np2_cabeceo": 83, "lat_centroide": -27.28, "lon_centroide": -71.55}}, {"type": "Feature", "geometry": {"type": "Point", "coordinates": [-74.66, -39.01]}, "properties": {"fecha": "2000/12/20", "hora": "11:23:54.1", "mw": 6.42, "mb": 6.1, "ms": 6.2, "prof_centroide_km": 15.0, "prof_hipocentro_km": 11.0, "lat_hipocentro": -39.01, "lon_hipocentro": -74.66, "banda_prof": "5-30", "region": "OFF COAST OF CENTRAL CHI", "beachball": "beachballs/bb_0042.png", "np1_rumbo": 206, "np1_manteo": 43, "np1_cabeceo": -72, "np2_rumbo": 3, "np2_manteo": 50, "np2_cabeceo": -106, "lat_centroide": -39.36, "lon_centroide": -75.39}}, {"type": "Feature", "geometry": {"type": "Point", "coordinates": [-71.37, -27.92]}, "properties": {"fecha": "2020/09/01", "hora": "21:09:17.9", "mw": 6.42, "mb": 0.0, "ms": 6.5, "prof_centroide_km": 23.6, "prof_hipocentro_km": 16.0, "lat_hipocentro": -27.92, "lon_hipocentro": -71.37, "banda_prof": "5-30", "region": "NEAR COAST OF NORTHERN C", "beachball": "beachballs/bb_0043.png", "np1_rumbo": 17, "np1_manteo": 22, "np1_cabeceo": 116, "np2_rumbo": 169, "np2_manteo": 70, "np2_cabeceo": 80, "lat_centroide": -28.03, "lon_centroide": -71.46}}, {"type": "Feature", "geometry": {"type": "Point", "coordinates": [-73.81, -36.36]}, "properties": {"fecha": "2015/06/20", "hora": "02:10:07.1", "mw": 6.41, "mb": 0.0, "ms": 6.4, "prof_centroide_km": 12.0, "prof_hipocentro_km": 11.0, "lat_hipocentro": -36.36, "lon_hipocentro": -73.81, "banda_prof": "5-30", "region": "NEAR COAST OF CENTRAL CH", "beachball": "beachballs/bb_0044.png", "np1_rumbo": 9, "np1_manteo": 18, "np1_cabeceo": 84, "np2_rumbo": 196, "np2_manteo": 72, "np2_cabeceo": 92, "lat_centroide": -36.35, "lon_centroide": -74.1}}, {"type": "Feature", "geometry": {"type": "Point", "coordinates": [-70.88, -20.02]}, "properties": {"fecha": "2014/03/17", "hora": "05:11:34.9", "mw": 6.38, "mb": 0.0, "ms": 6.4, "prof_centroide_km": 17.8, "prof_hipocentro_km": 21.0, "lat_hipocentro": -20.02, "lon_hipocentro": -70.88, "banda_prof": "5-30", "region": "NEAR COAST OF NORTHERN C", "beachball": "beachballs/bb_0045.png", "np1_rumbo": 352, "np1_manteo": 17, "np1_cabeceo": 94, "np2_rumbo": 168, "np2_manteo": 73, "np2_cabeceo": 89, "lat_centroide": -20.01, "lon_centroide": -71.05}}, {"type": "Feature", "geometry": {"type": "Point", "coordinates": [-71.58, -30.57]}, "properties": {"fecha": "2016/02/10", "hora": "00:33:05.3", "mw": 6.36, "mb": 0.0, "ms": 6.3, "prof_centroide_km": 36.2, "prof_hipocentro_km": 29.0, "lat_hipocentro": -30.57, "lon_hipocentro": -71.58, "banda_prof": "5-30", "region": "NEAR COAST OF CENTRAL CH", "beachball": "beachballs/bb_0046.png", "np1_rumbo": 11, "np1_manteo": 29, "np1_cabeceo": 103, "np2_rumbo": 176, "np2_manteo": 61, "np2_cabeceo": 83, "lat_centroide": -30.62, "lon_centroide": -71.9}}, {"type": "Feature", "geometry": {"type": "Point", "coordinates": [-73.69, -37.58]}, "properties": {"fecha": "2011/06/01", "hora": "12:55:22.4", "mw": 6.34, "mb": 5.6, "ms": 6.3, "prof_centroide_km": 12.0, "prof_hipocentro_km": 21.0, "lat_hipocentro": -37.58, "lon_hipocentro": -73.69, "banda_prof": "5-30", "region": "NEAR COAST OF CENTRAL CH", "beachball": "beachballs/bb_0047.png", "np1_rumbo": 1, "np1_manteo": 17, "np1_cabeceo": 88, "np2_rumbo": 183, "np2_manteo": 73, "np2_cabeceo": 91, "lat_centroide": -37.74, "lon_centroide": -74.41}}, {"type": "Feature", "geometry": {"type": "Point", "coordinates": [-71.49, -30.34]}, "properties": {"fecha": "2020/09/06", "hora": "01:16:58.9", "mw": 6.34, "mb": 0.0, "ms": 6.3, "prof_centroide_km": 38.2, "prof_hipocentro_km": 30.0, "lat_hipocentro": -30.34, "lon_hipocentro": -71.49, "banda_prof": "5-30", "region": "NEAR COAST OF CENTRAL CH", "beachball": "beachballs/bb_0048.png", "np1_rumbo": 7, "np1_manteo": 28, "np1_cabeceo": 100, "np2_rumbo": 175, "np2_manteo": 62, "np2_cabeceo": 84, "lat_centroide": -30.41, "lon_centroide": -71.8}}, {"type": "Feature", "geometry": {"type": "Point", "coordinates": [-70.41, -22.87]}, "properties": {"fecha": "2007/11/15", "hora": "15:03:08.8", "mw": 6.33, "mb": 5.8, "ms": 6.1, "prof_centroide_km": 35.8, "prof_hipocentro_km": 27.0, "lat_hipocentro": -22.87, "lon_hipocentro": -70.41, "banda_prof": "5-30", "region": "NEAR COAST OF NORTHERN C", "beachball": "beachballs/bb_0049.png", "np1_rumbo": 5, "np1_manteo": 21, "np1_cabeceo": 106, "np2_rumbo": 168, "np2_manteo": 70, "np2_cabeceo": 84, "lat_centroide": -22.99, "lon_centroide": -71.01}}, {"type": "Feature", "geometry": {"type": "Point", "coordinates": [-72.08, -30.06]}, "properties": {"fecha": "2019/06/14", "hora": "00:19:12.4", "mw": 6.31, "mb": 0.0, "ms": 6.4, "prof_centroide_km": 12.0, "prof_hipocentro_km": 11.0, "lat_hipocentro": -30.06, "lon_hipocentro": -72.08, "banda_prof": "5-30", "region": "OFF COAST OF CENTRAL CHI", "beachball": "beachballs/bb_0050.png", "np1_rumbo": 1, "np1_manteo": 21, "np1_cabeceo": 88, "np2_rumbo": 183, "np2_manteo": 69, "np2_cabeceo": 91, "lat_centroide": -30.12, "lon_centroide": -72.16}}, {"type": "Feature", "geometry": {"type": "Point", "coordinates": [-71.27, -28.03]}, "properties": {"fecha": "2020/09/01", "hora": "04:30:02.2", "mw": 6.29, "mb": 0.0, "ms": 6.3, "prof_centroide_km": 37.6, "prof_hipocentro_km": 16.2, "lat_hipocentro": -28.03, "lon_hipocentro": -71.27, "banda_prof": "5-30", "region": "NEAR COAST OF CENTRAL CH", "beachball": "beachballs/bb_0051.png", "np1_rumbo": 21, "np1_manteo": 30, "np1_cabeceo": 119, "np2_rumbo": 168, "np2_manteo": 65, "np2_cabeceo": 74, "lat_centroide": -28.05, "lon_centroide": -71.37}}, {"type": "Feature", "geometry": {"type": "Point", "coordinates": [-70.87, -19.76]}, "properties": {"fecha": "2014/03/22", "hora": "12:59:59.2", "mw": 6.24, "mb": 0.0, "ms": 6.2, "prof_centroide_km": 18.9, "prof_hipocentro_km": 20.0, "lat_hipocentro": -19.76, "lon_hipocentro": -70.87, "banda_prof": "5-30", "region": "NEAR COAST OF NORTHERN C", "beachball": "beachballs/bb_0052.png", "np1_rumbo": 346, "np1_manteo": 20, "np1_cabeceo": 90, "np2_rumbo": 167, "np2_manteo": 70, "np2_cabeceo": 90, "lat_centroide": -19.73, "lon_centroide": -71.14}}, {"type": "Feature", "geometry": {"type": "Point", "coordinates": [-70.85, -19.69]}, "properties": {"fecha": "2014/03/23", "hora": "18:20:01.9", "mw": 6.24, "mb": 0.0, "ms": 6.3, "prof_centroide_km": 21.7, "prof_hipocentro_km": 21.0, "lat_hipocentro": -19.69, "lon_hipocentro": -70.85, "banda_prof": "5-30", "region": "NEAR COAST OF NORTHERN C", "beachball": "beachballs/bb_0053.png", "np1_rumbo": 350, "np1_manteo": 21, "np1_cabeceo": 100, "np2_rumbo": 160, "np2_manteo": 69, "np2_cabeceo": 86, "lat_centroide": -19.7, "lon_centroide": -71.05}}, {"type": "Feature", "geometry": {"type": "Point", "coordinates": [-70.65, -20.64]}, "properties": {"fecha": "2014/04/04", "hora": "01:37:50.6", "mw": 6.23, "mb": 0.0, "ms": 6.3, "prof_centroide_km": 19.5, "prof_hipocentro_km": 13.7, "lat_hipocentro": -20.64, "lon_hipocentro": -70.65, "banda_prof": "5-30", "region": "NEAR COAST OF NORTHERN C", "beachball": "beachballs/bb_0054.png", "np1_rumbo": 1, "np1_manteo": 25, "np1_cabeceo": 109, "np2_rumbo": 160, "np2_manteo": 67, "np2_cabeceo": 81, "lat_centroide": -20.61, "lon_centroide": -70.91}}, {"type": "Feature", "geometry": {"type": "Point", "coordinates": [-72.07, -32.33]}, "properties": {"fecha": "2015/09/19", "hora": "12:52:20.9", "mw": 6.22, "mb": 0.0, "ms": 6.2, "prof_centroide_km": 19.7, "prof_hipocentro_km": 18.0, "lat_hipocentro": -32.33, "lon_hipocentro": -72.07, "banda_prof": "5-30", "region": "OFF COAST OF CENTRAL CHI", "beachball": "beachballs/bb_0055.png", "np1_rumbo": 6, "np1_manteo": 23, "np1_cabeceo": 98, "np2_rumbo": 178, "np2_manteo": 67, "np2_cabeceo": 87, "lat_centroide": -32.34, "lon_centroide": -72.05}}, {"type": "Feature", "geometry": {"type": "Point", "coordinates": [-72.54, -28.72]}, "properties": {"fecha": "2006/07/16", "hora": "11:42:41.4", "mw": 6.19, "mb": 5.9, "ms": 6.2, "prof_centroide_km": 12.0, "prof_hipocentro_km": 10.0, "lat_hipocentro": -28.72, "lon_hipocentro": -72.54, "banda_prof": "5-30", "region": "OFF COAST OF CENTRAL CHI", "beachball": "beachballs/bb_0056.png", "np1_rumbo": 357, "np1_manteo": 46, "np1_cabeceo": -111, "np2_rumbo": 205, "np2_manteo": 48, "np2_cabeceo": -70, "lat_centroide": -28.71, "lon_centroide": -72.84}}, {"type": "Feature", "geometry": {"type": "Point", "coordinates": [-73.16, -35.8]}, "properties": {"fecha": "2010/03/15", "hora": "11:08:29.0", "mw": 6.19, "mb": 5.9, "ms": 6.2, "prof_centroide_km": 12.0, "prof_hipocentro_km": 14.0, "lat_hipocentro": -35.8, "lon_hipocentro": -73.16, "banda_prof": "5-30", "region": "OFF COAST OF CENTRAL CHI", "beachball": "beachballs/bb_0057.png", "np1_rumbo": 21, "np1_manteo": 15, "np1_cabeceo": 103, "np2_rumbo": 187, "np2_manteo": 76, "np2_cabeceo": 87, "lat_centroide": -35.96, "lon_centroide": -73.85}}, {"type": "Feature", "geometry": {"type": "Point", "coordinates": [-70.55, -23.2]}, "properties": {"fecha": "2007/12/13", "hora": "07:23:40.4", "mw": 6.18, "mb": 5.4, "ms": 6.2, "prof_centroide_km": 20.3, "prof_hipocentro_km": 19.0, "lat_hipocentro": -23.2, "lon_hipocentro": -70.55, "banda_prof": "5-30", "region": "NEAR COAST OF NORTHERN C", "beachball": "beachballs/bb_0058.png", "np1_rumbo": 9, "np1_manteo": 15, "np1_cabeceo": 106, "np2_rumbo": 173, "np2_manteo": 75, "np2_cabeceo": 86, "lat_centroide": -23.18, "lon_centroide": -70.94}}, {"type": "Feature", "geometry": {"type": "Point", "coordinates": [-74.31, -38.27]}, "properties": {"fecha": "2010/05/03", "hora": "23:09:38.0", "mw": 6.18, "mb": 5.9, "ms": 6.3, "prof_centroide_km": 14.5, "prof_hipocentro_km": 22.9, "lat_hipocentro": -38.27, "lon_hipocentro": -74.31, "banda_prof": "5-30", "region": "OFF COAST OF CENTRAL CHI", "beachball": "beachballs/bb_0059.png", "np1_rumbo": 357, "np1_manteo": 14, "np1_cabeceo": 89, "np2_rumbo": 178, "np2_manteo": 76, "np2_cabeceo": 90, "lat_centroide": -38.31, "lon_centroide": -74.08}}, {"type": "Feature", "geometry": {"type": "Point", "coordinates": [-73.41, -37.03]}, "properties": {"fecha": "2010/09/09", "hora": "07:28:01.7", "mw": 6.18, "mb": 5.8, "ms": 6.2, "prof_centroide_km": 12.0, "prof_hipocentro_km": 16.0, "lat_hipocentro": -37.03, "lon_hipocentro": -73.41, "banda_prof": "5-30", "region": "NEAR COAST OF CENTRAL CH", "beachball": "beachballs/bb_0060.png", "np1_rumbo": 11, "np1_manteo": 14, "np1_cabeceo": 99, "np2_rumbo": 182, "np2_manteo": 76, "np2_cabeceo": 88, "lat_centroide": -37.27, "lon_centroide": -74.16}}, {"type": "Feature", "geometry": {"type": "Point", "coordinates": [-67.43, -31.35]}, "properties": {"fecha": "1977/11/28", "hora": "06:31:29.3", "mw": 6.14, "mb": 5.7, "ms": 5.8, "prof_centroide_km": 15.0, "prof_hipocentro_km": 16.0, "lat_hipocentro": -31.35, "lon_hipocentro": -67.43, "banda_prof": "5-30", "region": "SAN JUAN PROV, ARGENTINA", "beachball": "beachballs/bb_0061.png", "np1_rumbo": 182, "np1_manteo": 21, "np1_cabeceo": 106, "np2_rumbo": 345, "np2_manteo": 70, "np2_cabeceo": 84, "lat_centroide": -31.67, "lon_centroide": -67.64}}, {"type": "Feature", "geometry": {"type": "Point", "coordinates": [-73.06, -45.38]}, "properties": {"fecha": "2007/04/02", "hora": "02:49:35.9", "mw": 6.14, "mb": 5.5, "ms": 5.4, "prof_centroide_km": 30.4, "prof_hipocentro_km": 4.9, "lat_hipocentro": -45.38, "lon_hipocentro": -73.06, "banda_prof": "0-5", "region": "SOUTHERN CHILE", "beachball": "beachballs/bb_0062.png", "np1_rumbo": 53, "np1_manteo": 43, "np1_cabeceo": -86, "np2_rumbo": 228, "np2_manteo": 47, "np2_cabeceo": -94, "lat_centroide": -45.41, "lon_centroide": -73.04}}, {"type": "Feature", "geometry": {"type": "Point", "coordinates": [-70.95, -27.46]}, "properties": {"fecha": "1979/04/28", "hora": "11:38:17.7", "mw": 6.13, "mb": 5.5, "ms": 6.1, "prof_centroide_km": 21.1, "prof_hipocentro_km": 23.0, "lat_hipocentro": -27.46, "lon_hipocentro": -70.95, "banda_prof": "5-30", "region": "NEAR COAST NORTH. CHILE*", "beachball": "beachballs/bb_0063.png", "np1_rumbo": 31, "np1_manteo": 24, "np1_cabeceo": 68, "np2_rumbo": 234, "np2_manteo": 68, "np2_cabeceo": 99, "lat_centroide": -27.39, "lon_centroide": -71.17}}, {"type": "Feature", "geometry": {"type": "Point", "coordinates": [-71.73, -32.46]}, "properties": {"fecha": "2008/12/18", "hora": "21:19:28.4", "mw": 6.13, "mb": 5.8, "ms": 6.2, "prof_centroide_km": 22.5, "prof_hipocentro_km": 18.0, "lat_hipocentro": -32.46, "lon_hipocentro": -71.73, "banda_prof": "5-30", "region": "NEAR COAST OF CENTRAL CH", "beachball": "beachballs/bb_0064.png", "np1_rumbo": 360, "np1_manteo": 19, "np1_cabeceo": 94, "np2_rumbo": 175, "np2_manteo": 71, "np2_cabeceo": 89, "lat_centroide": -32.63, "lon_centroide": -72.13}}, {"type": "Feature", "geometry": {"type": "Point", "coordinates": [-73.22, -36.63]}, "properties": {"fecha": "2010/03/05", "hora": "09:19:36.4", "mw": 6.13, "mb": 5.9, "ms": 6.1, "prof_centroide_km": 15.0, "prof_hipocentro_km": 29.9, "lat_hipocentro": -36.63, "lon_hipocentro": -73.22, "banda_prof": "5-30", "region": "NEAR COAST OF CENTRAL CH", "beachball": "beachballs/bb_0065.png", "np1_rumbo": 11, "np1_manteo": 8, "np1_cabeceo": 116, "np2_rumbo": 164, "np2_manteo": 83, "np2_cabeceo": 87, "lat_centroide": -36.76, "lon_centroide": -73.59}}, {"type": "Feature", "geometry": {"type": "Point", "coordinates": [-73.03, -36.41]}, "properties": {"fecha": "2012/01/23", "hora": "16:04:53.0", "mw": 6.12, "mb": 5.8, "ms": 6.2, "prof_centroide_km": 22.2, "prof_hipocentro_km": 20.0, "lat_hipocentro": -36.41, "lon_hipocentro": -73.03, "banda_prof": "5-30", "region": "NEAR COAST OF CENTRAL CH", "beachball": "beachballs/bb_0066.png", "np1_rumbo": 13, "np1_manteo": 19, "np1_cabeceo": 101, "np2_rumbo": 182, "np2_manteo": 71, "np2_cabeceo": 86, "lat_centroide": -36.5, "lon_centroide": -73.42}}, {"type": "Feature", "geometry": {"type": "Point", "coordinates": [-73.52, -36.11]}, "properties": {"fecha": "2015/03/18", "hora": "18:27:29.5", "mw": 6.12, "mb": 0.0, "ms": 6.2, "prof_centroide_km": 12.0, "prof_hipocentro_km": 13.0, "lat_hipocentro": -36.11, "lon_hipocentro": -73.52, "banda_prof": "5-30", "region": "NEAR COAST OF CENTRAL CH", "beachball": "beachballs/bb_0067.png", "np1_rumbo": 9, "np1_manteo": 17, "np1_cabeceo": 87, "np2_rumbo": 192, "np2_manteo": 73, "np2_cabeceo": 91, "lat_centroide": -36.16, "lon_centroide": -73.9}}, {"type": "Feature", "geometry": {"type": "Point", "coordinates": [-73.06, -34.6]}, "properties": {"fecha": "2020/11/22", "hora": "00:54:56.8", "mw": 6.11, "mb": 0.0, "ms": 6.1, "prof_centroide_km": 33.8, "prof_hipocentro_km": 22.0, "lat_hipocentro": -34.6, "lon_hipocentro": -73.06, "banda_prof": "5-30", "region": "OFF COAST OF CENTRAL CHI", "beachball": "beachballs/bb_0068.png", "np1_rumbo": 171, "np1_manteo": 48, "np1_cabeceo": 169, "np2_rumbo": 268, "np2_manteo": 82, "np2_cabeceo": 43, "lat_centroide": -34.67, "lon_centroide": -73.12}}, {"type": "Feature", "geometry": {"type": "Point", "coordinates": [-73.36, -36.61]}, "properties": {"fecha": "2010/03/03", "hora": "17:44:25.0", "mw": 6.1, "mb": 5.6, "ms": 6.1, "prof_centroide_km": 16.3, "prof_hipocentro_km": 20.0, "lat_hipocentro": -36.61, "lon_hipocentro": -73.36, "banda_prof": "5-30", "region": "NEAR COAST OF CENTRAL CH", "beachball": "beachballs/bb_0069.png", "np1_rumbo": 15, "np1_manteo": 12, "np1_cabeceo": 103, "np2_rumbo": 182, "np2_manteo": 78, "np2_cabeceo": 87, "lat_centroide": -36.7, "lon_centroide": -73.69}}, {"type": "Feature", "geometry": {"type": "Point", "coordinates": [-72.23, -32.37]}, "properties": {"fecha": "2015/09/18", "hora": "09:10:44.7", "mw": 6.1, "mb": 0.0, "ms": 6.2, "prof_centroide_km": 13.4, "prof_hipocentro_km": 8.0, "lat_hipocentro": -32.37, "lon_hipocentro": -72.23, "banda_prof": "5-30", "region": "OFF COAST OF CENTRAL CHI", "beachball": "beachballs/bb_0070.png", "np1_rumbo": 347, "np1_manteo": 24, "np1_cabeceo": 81, "np2_rumbo": 177, "np2_manteo": 67, "np2_cabeceo": 94, "lat_centroide": -32.31, "lon_centroide": -72.3}}, {"type": "Feature", "geometry": {"type": "Point", "coordinates": [-71.74, -31.58]}, "properties": {"fecha": "2015/09/21", "hora": "05:39:34.9", "mw": 6.1, "mb": 0.0, "ms": 6.1, "prof_centroide_km": 37.6, "prof_hipocentro_km": 30.0, "lat_hipocentro": -31.58, "lon_hipocentro": -71.74, "banda_prof": "5-30", "region": "NEAR COAST OF CENTRAL CH", "beachball": "beachballs/bb_0071.png", "np1_rumbo": 2, "np1_manteo": 28, "np1_cabeceo": 101, "np2_rumbo": 170, "np2_manteo": 63, "np2_cabeceo": 84, "lat_centroide": -31.66, "lon_centroide": -71.84}}, {"type": "Feature", "geometry": {"type": "Point", "coordinates": [-75.41, -41.64]}, "properties": {"fecha": "1976/05/30", "hora": "03:08:54.2", "mw": 6.09, "mb": 6.0, "ms": 5.9, "prof_centroide_km": 15.0, "prof_hipocentro_km": 28.0, "lat_hipocentro": -41.64, "lon_hipocentro": -75.41, "banda_prof": "5-30", "region": "OFF COAST OF SOUTHERN CH", "beachball": "beachballs/bb_0072.png", "np1_rumbo": 187, "np1_manteo": 44, "np1_cabeceo": -101, "np2_rumbo": 23, "np2_manteo": 47, "np2_cabeceo": -79, "lat_centroide": -42.06, "lon_centroide": -75.94}}, {"type": "Feature", "geometry": {"type": "Point", "coordinates": [-72.03, -33.61]}, "properties": {"fecha": "1992/05/18", "hora": "03:02:21.1", "mw": 6.09, "mb": 5.6, "ms": 5.8, "prof_centroide_km": 15.0, "prof_hipocentro_km": 28.0, "lat_hipocentro": -33.61, "lon_hipocentro": -72.03, "banda_prof": "5-30", "region": "OFF CENTRAL CHILE COAST", "beachball": "beachballs/bb_0073.png", "np1_rumbo": 19, "np1_manteo": 8, "np1_cabeceo": 120, "np2_rumbo": 169, "np2_manteo": 83, "np2_cabeceo": 86, "lat_centroide": -33.61, "lon_centroide": -72.03}}, {"type": "Feature", "geometry": {"type": "Point", "coordinates": [-70.65, -20.66]}, "properties": {"fecha": "2014/04/11", "hora": "00:01:45.2", "mw": 6.09, "mb": 0.0, "ms": 6.2, "prof_centroide_km": 14.5, "prof_hipocentro_km": 13.8, "lat_hipocentro": -20.66, "lon_hipocentro": -70.65, "banda_prof": "5-30", "region": "NEAR COAST OF NORTHERN C", "beachball": "beachballs/bb_0074.png", "np1_rumbo": 328, "np1_manteo": 28, "np1_cabeceo": 43, "np2_rumbo": 198, "np2_manteo": 72, "np2_cabeceo": 111, "lat_centroide": -20.64, "lon_centroide": -70.88}}, {"type": "Feature", "geometry": {"type": "Point", "coordinates": [-70.48, -19.58]}, "properties": {"fecha": "2009/04/17", "hora": "02:08:08.7", "mw": 6.07, "mb": 5.8, "ms": 6.1, "prof_centroide_km": 31.9, "prof_hipocentro_km": 25.0, "lat_hipocentro": -19.58, "lon_hipocentro": -70.48, "banda_prof": "5-30", "region": "NEAR COAST OF NORTHERN C", "beachball": "beachballs/bb_0075.png", "np1_rumbo": 355, "np1_manteo": 24, "np1_cabeceo": 102, "np2_rumbo": 161, "np2_manteo": 67, "np2_cabeceo": 85, "lat_centroide": -19.72, "lon_centroide": -71.1}}, {"type": "Feature", "geometry": {"type": "Point", "coordinates": [-70.92, -27.9]}, "properties": {"fecha": "2011/12/07", "hora": "22:23:09.7", "mw": 6.07, "mb": 5.8, "ms": 6.1, "prof_centroide_km": 22.8, "prof_hipocentro_km": 20.0, "lat_hipocentro": -27.9, "lon_hipocentro": -70.92, "banda_prof": "5-30", "region": "NEAR COAST OF NORTHERN C", "beachball": "beachballs/bb_0076.png", "np1_rumbo": 17, "np1_manteo": 25, "np1_cabeceo": 109, "np2_rumbo": 176, "np2_manteo": 67, "np2_cabeceo": 81, "lat_centroide": -28.03, "lon_centroide": -71.55}}, {"type": "Feature", "geometry": {"type": "Point", "coordinates": [-72.29, -29.47]}, "properties": {"fecha": "2015/11/07", "hora": "07:04:31.4", "mw": 6.05, "mb": 0.0, "ms": 6.2, "prof_centroide_km": 12.0, "prof_hipocentro_km": 13.0, "lat_hipocentro": -29.47, "lon_hipocentro": -72.29, "banda_prof": "5-30", "region": "OFF COAST OF CENTRAL CHI", "beachball": "beachballs/bb_0077.png", "np1_rumbo": 1, "np1_manteo": 25, "np1_cabeceo": 79, "np2_rumbo": 193, "np2_manteo": 65, "np2_cabeceo": 95, "lat_centroide": -29.54, "lon_centroide": -72.33}}, {"type": "Feature", "geometry": {"type": "Point", "coordinates": [-72.12, -33.22]}, "properties": {"fecha": "2010/03/04", "hora": "01:59:48.7", "mw": 6.02, "mb": 5.6, "ms": 6.0, "prof_centroide_km": 12.8, "prof_hipocentro_km": 24.2, "lat_hipocentro": -33.22, "lon_hipocentro": -72.12, "banda_prof": "5-30", "region": "OFF COAST OF CENTRAL CHI", "beachball": "beachballs/bb_0078.png", "np1_rumbo": 10, "np1_manteo": 19, "np1_cabeceo": 97, "np2_rumbo": 183, "np2_manteo": 71, "np2_cabeceo": 88, "lat_centroide": -33.45, "lon_centroide": -72.55}}, {"type": "Feature", "geometry": {"type": "Point", "coordinates": [-72.3, -30.42]}, "properties": {"fecha": "2016/02/22", "hora": "06:36:59.4", "mw": 6.02, "mb": 0.0, "ms": 6.0, "prof_centroide_km": 12.2, "prof_hipocentro_km": 12.0, "lat_hipocentro": -30.42, "lon_hipocentro": -72.3, "banda_prof": "5-30", "region": "OFF COAST OF CENTRAL CHI", "beachball": "beachballs/bb_0079.png", "np1_rumbo": 359, "np1_manteo": 23, "np1_cabeceo": 90, "np2_rumbo": 179, "np2_manteo": 67, "np2_cabeceo": 90, "lat_centroide": -30.56, "lon_centroide": -72.26}}, {"type": "Feature", "geometry": {"type": "Point", "coordinates": [-72.0, -29.77]}, "properties": {"fecha": "2006/04/15", "hora": "23:50:14.7", "mw": 6.0, "mb": 5.6, "ms": 6.0, "prof_centroide_km": 12.0, "prof_hipocentro_km": 19.8, "lat_hipocentro": -29.77, "lon_hipocentro": -72.0, "banda_prof": "5-30", "region": "OFF COAST OF CENTRAL CHI", "beachball": "beachballs/bb_0080.png", "np1_rumbo": 1, "np1_manteo": 27, "np1_cabeceo": 85, "np2_rumbo": 186, "np2_manteo": 63, "np2_cabeceo": 93, "lat_centroide": -29.71, "lon_centroide": -72.29}}, {"type": "Feature", "geometry": {"type": "Point", "coordinates": [-72.95, -37.02]}, "properties": {"fecha": "2011/02/12", "hora": "01:17:01.4", "mw": 5.99, "mb": 5.4, "ms": 6.1, "prof_centroide_km": 14.1, "prof_hipocentro_km": 16.0, "lat_hipocentro": -37.02, "lon_hipocentro": -72.95, "banda_prof": "5-30", "region": "CENTRAL CHILE", "beachball": "beachballs/bb_0081.png", "np1_rumbo": 12, "np1_manteo": 15, "np1_cabeceo": 98, "np2_rumbo": 183, "np2_manteo": 75, "np2_cabeceo": 88, "lat_centroide": -37.35, "lon_centroide": -74.0}}, {"type": "Feature", "geometry": {"type": "Point", "coordinates": [-70.57, -36.07]}, "properties": {"fecha": "2012/06/07", "hora": "04:05:04.5", "mw": 5.99, "mb": 5.9, "ms": 6.0, "prof_centroide_km": 16.8, "prof_hipocentro_km": 8.0, "lat_hipocentro": -36.07, "lon_hipocentro": -70.57, "banda_prof": "5-30", "region": "CHILE-ARGENTINA BORDER R", "beachball": "beachballs/bb_0082.png", "np1_rumbo": 2, "np1_manteo": 69, "np1_cabeceo": -173, "np2_rumbo": 269, "np2_manteo": 84, "np2_cabeceo": -21, "lat_centroide": -36.23, "lon_centroide": -70.97}}, {"type": "Feature", "geometry": {"type": "Point", "coordinates": [-66.8, -28.94]}, "properties": {"fecha": "2002/05/28", "hora": "04:04:22.5", "mw": 5.98, "mb": 6.0, "ms": 5.7, "prof_centroide_km": 15.0, "prof_hipocentro_km": 22.2, "lat_hipocentro": -28.94, "lon_hipocentro": -66.8, "banda_prof": "5-30", "region": "CATAMARCA PROVINCE, ARGE", "beachball": "beachballs/bb_0083.png", "np1_rumbo": 180, "np1_manteo": 19, "np1_cabeceo": 55, "np2_rumbo": 36, "np2_manteo": 74, "np2_cabeceo": 101, "lat_centroide": -29.15, "lon_centroide": -66.81}}, {"type": "Feature", "geometry": {"type": "Point", "coordinates": [-73.2, -37.2]}, "properties": {"fecha": "2011/02/11", "hora": "23:39:21.3", "mw": 5.98, "mb": 5.5, "ms": 6.0, "prof_centroide_km": 16.4, "prof_hipocentro_km": 15.0, "lat_hipocentro": -37.2, "lon_hipocentro": -73.2, "banda_prof": "5-30", "region": "NEAR COAST OF CENTRAL CH", "beachball": "beachballs/bb_0084.png", "np1_rumbo": 11, "np1_manteo": 16, "np1_cabeceo": 98, "np2_rumbo": 183, "np2_manteo": 74, "np2_cabeceo": 88, "lat_centroide": -37.45, "lon_centroide": -74.11}}, {"type": "Feature", "geometry": {"type": "Point", "coordinates": [-70.47, -23.14]}, "properties": {"fecha": "2007/12/13", "hora": "05:20:23.0", "mw": 5.97, "mb": 5.6, "ms": 6.0, "prof_centroide_km": 17.3, "prof_hipocentro_km": 21.6, "lat_hipocentro": -23.14, "lon_hipocentro": -70.47, "banda_prof": "5-30", "region": "NEAR COAST OF NORTHERN C", "beachball": "beachballs/bb_0085.png", "np1_rumbo": 2, "np1_manteo": 12, "np1_cabeceo": 99, "np2_rumbo": 172, "np2_manteo": 78, "np2_cabeceo": 88, "lat_centroide": -23.21, "lon_centroide": -70.98}}, {"type": "Feature", "geometry": {"type": "Point", "coordinates": [-72.88, -36.23]}, "properties": {"fecha": "2010/04/02", "hora": "22:58:07.6", "mw": 5.97, "mb": 6.1, "ms": 6.0, "prof_centroide_km": 30.4, "prof_hipocentro_km": 24.0, "lat_hipocentro": -36.23, "lon_hipocentro": -72.88, "banda_prof": "5-30", "region": "NEAR COAST OF CENTRAL CH", "beachball": "beachballs/bb_0086.png", "np1_rumbo": 17, "np1_manteo": 15, "np1_cabeceo": 101, "np2_rumbo": 186, "np2_manteo": 75, "np2_cabeceo": 87, "lat_centroide": -36.33, "lon_centroide": -73.2}}, {"type": "Feature", "geometry": {"type": "Point", "coordinates": [-72.53, -33.78]}, "properties": {"fecha": "2016/10/27", "hora": "20:32:55.8", "mw": 5.97, "mb": 0.0, "ms": 6.0, "prof_centroide_km": 12.0, "prof_hipocentro_km": 12.6, "lat_hipocentro": -33.78, "lon_hipocentro": -72.53, "banda_prof": "5-30", "region": "OFF COAST OF CENTRAL CHI", "beachball": "beachballs/bb_0087.png", "np1_rumbo": 11, "np1_manteo": 17, "np1_cabeceo": 90, "np2_rumbo": 190, "np2_manteo": 73, "np2_cabeceo": 90, "lat_centroide": -33.83, "lon_centroide": -72.75}}, {"type": "Feature", "geometry": {"type": "Point", "coordinates": [-73.56, -36.58]}, "properties": {"fecha": "2016/11/08", "hora": "04:55:45.9", "mw": 5.97, "mb": 0.0, "ms": 6.0, "prof_centroide_km": 20.0, "prof_hipocentro_km": 20.0, "lat_hipocentro": -36.58, "lon_hipocentro": -73.56, "banda_prof": "5-30", "region": "NEAR COAST OF CENTRAL CH", "beachball": "beachballs/bb_0088.png", "np1_rumbo": 8, "np1_manteo": 17, "np1_cabeceo": 95, "np2_rumbo": 182, "np2_manteo": 73, "np2_cabeceo": 88, "lat_centroide": -36.66, "lon_centroide": -73.71}}, {"type": "Feature", "geometry": {"type": "Point", "coordinates": [-72.02, -33.03]}, "properties": {"fecha": "2017/04/23", "hora": "02:36:07.8", "mw": 5.97, "mb": 0.0, "ms": 6.0, "prof_centroide_km": 23.0, "prof_hipocentro_km": 21.0, "lat_hipocentro": -33.03, "lon_hipocentro": -72.02, "banda_prof": "5-30", "region": "OFF COAST OF CENTRAL CHI", "beachball": "beachballs/bb_0089.png", "np1_rumbo": 1, "np1_manteo": 22, "np1_cabeceo": 88, "np2_rumbo": 184, "np2_manteo": 68, "np2_cabeceo": 91, "lat_centroide": -33.06, "lon_centroide": -72.04}}, {"type": "Feature", "geometry": {"type": "Point", "coordinates": [-73.39, -35.39]}, "properties": {"fecha": "2010/03/28", "hora": "21:38:28.0", "mw": 5.96, "mb": 5.5, "ms": 6.0, "prof_centroide_km": 12.0, "prof_hipocentro_km": 29.9, "lat_hipocentro": -35.39, "lon_hipocentro": -73.39, "banda_prof": "5-30", "region": "OFF COAST OF CENTRAL CHI", "beachball": "beachballs/bb_0090.png", "np1_rumbo": 28, "np1_manteo": 16, "np1_cabeceo": 112, "np2_rumbo": 185, "np2_manteo": 75, "np2_cabeceo": 84, "lat_centroide": -35.56, "lon_centroide": -73.44}}, {"type": "Feature", "geometry": {"type": "Point", "coordinates": [-67.87, -31.29]}, "properties": {"fecha": "1978/01/17", "hora": "11:33:14.3", "mw": 5.95, "mb": 5.8, "ms": 5.7, "prof_centroide_km": 23.0, "prof_hipocentro_km": 24.0, "lat_hipocentro": -31.29, "lon_hipocentro": -67.87, "banda_prof": "5-30", "region": "SAN JUAN PROV, ARGENTINA", "beachball": "beachballs/bb_0091.png", "np1_rumbo": 142, "np1_manteo": 66, "np1_cabeceo": 12, "np2_rumbo": 47, "np2_manteo": 79, "np2_cabeceo": 156, "lat_centroide": -31.53, "lon_centroide": -68.08}}, {"type": "Feature", "geometry": {"type": "Point", "coordinates": [-71.83, -33.82]}, "properties": {"fecha": "2011/07/16", "hora": "00:26:12.6", "mw": 5.95, "mb": 5.8, "ms": 6.1, "prof_centroide_km": 23.9, "prof_hipocentro_km": 20.0, "lat_hipocentro": -33.82, "lon_hipocentro": -71.83, "banda_prof": "5-30", "region": "NEAR COAST OF CENTRAL CH", "beachball": "beachballs/bb_0092.png", "np1_rumbo": 14, "np1_manteo": 21, "np1_cabeceo": 108, "np2_rumbo": 174, "np2_manteo": 70, "np2_cabeceo": 83, "lat_centroide": -33.96, "lon_centroide": -72.19}}, {"type": "Feature", "geometry": {"type": "Point", "coordinates": [-72.08, -29.64]}, "properties": {"fecha": "2015/09/19", "hora": "05:06:47.5", "mw": 5.95, "mb": 0.0, "ms": 6.1, "prof_centroide_km": 12.0, "prof_hipocentro_km": 6.0, "lat_hipocentro": -29.64, "lon_hipocentro": -72.08, "banda_prof": "5-30", "region": "OFF COAST OF CENTRAL CHI", "beachball": "beachballs/bb_0093.png", "np1_rumbo": 349, "np1_manteo": 30, "np1_cabeceo": 81, "np2_rumbo": 180, "np2_manteo": 60, "np2_cabeceo": 95, "lat_centroide": -29.73, "lon_centroide": -72.3}}, {"type": "Feature", "geometry": {"type": "Point", "coordinates": [-71.88, -34.23]}, "properties": {"fecha": "2010/05/02", "hora": "14:52:39.5", "mw": 5.93, "mb": 5.8, "ms": 5.9, "prof_centroide_km": 15.3, "prof_hipocentro_km": 10.0, "lat_hipocentro": -34.23, "lon_hipocentro": -71.88, "banda_prof": "5-30", "region": "NEAR COAST OF CENTRAL CH", "beachball": "beachballs/bb_0094.png", "np1_rumbo": 26, "np1_manteo": 25, "np1_cabeceo": -36, "np2_rumbo": 149, "np2_manteo": 76, "np2_cabeceo": -110, "lat_centroide": -34.48, "lon_centroide": -72.22}}, {"type": "Feature", "geometry": {"type": "Point", "coordinates": [-73.18, -36.65]}, "properties": {"fecha": "2011/02/13", "hora": "10:35:06.7", "mw": 5.93, "mb": 5.6, "ms": 6.0, "prof_centroide_km": 14.1, "prof_hipocentro_km": 17.0, "lat_hipocentro": -36.65, "lon_hipocentro": -73.18, "banda_prof": "5-30", "region": "NEAR COAST OF CENTRAL CH", "beachball": "beachballs/bb_0095.png", "np1_rumbo": 12, "np1_manteo": 18, "np1_cabeceo": 97, "np2_rumbo": 184, "np2_manteo": 72, "np2_cabeceo": 88, "lat_centroide": -36.83, "lon_centroide": -73.74}}, {"type": "Feature", "geometry": {"type": "Point", "coordinates": [-72.38, -32.14]}, "properties": {"fecha": "2015/09/17", "hora": "13:32:26.0", "mw": 5.93, "mb": 0.0, "ms": 5.9, "prof_centroide_km": 17.5, "prof_hipocentro_km": 10.0, "lat_hipocentro": -32.14, "lon_hipocentro": -72.38, "banda_prof": "5-30", "region": "OFF COAST OF CENTRAL CHI", "beachball": "beachballs/bb_0096.png", "np1_rumbo": 357, "np1_manteo": 22, "np1_cabeceo": 87, "np2_rumbo": 181, "np2_manteo": 68, "np2_cabeceo": 91, "lat_centroide": -32.23, "lon_centroide": -72.28}}, {"type": "Feature", "geometry": {"type": "Point", "coordinates": [-71.79, -33.13]}, "properties": {"fecha": "2017/04/28", "hora": "16:05:57.0", "mw": 5.93, "mb": 0.0, "ms": 5.8, "prof_centroide_km": 30.5, "prof_hipocentro_km": 27.0, "lat_hipocentro": -33.13, "lon_hipocentro": -71.79, "banda_prof": "5-30", "region": "NEAR COAST OF CENTRAL CH", "beachball": "beachballs/bb_0097.png", "np1_rumbo": 334, "np1_manteo": 20, "np1_cabeceo": 73, "np2_rumbo": 172, "np2_manteo": 71, "np2_cabeceo": 96, "lat_centroide": -33.3, "lon_centroide": -71.83}}, {"type": "Feature", "geometry": {"type": "Point", "coordinates": [-74.73, -40.0]}, "properties": {"fecha": "1976/02/28", "hora": "16:27:09.0", "mw": 5.92, "mb": 6.0, "ms": 5.5, "prof_centroide_km": 15.0, "prof_hipocentro_km": 9.0, "lat_hipocentro": -40.0, "lon_hipocentro": -74.73, "banda_prof": "5-30", "region": "OFF COAST OF CENTRAL CHI", "beachball": "beachballs/bb_0098.png", "np1_rumbo": 13, "np1_manteo": 45, "np1_cabeceo": -85, "np2_rumbo": 187, "np2_manteo": 45, "np2_cabeceo": -95, "lat_centroide": -40.3, "lon_centroide": -75.57}}, {"type": "Feature", "geometry": {"type": "Point", "coordinates": [-69.6, -34.67]}, "properties": {"fecha": "1999/03/05", "hora": "03:35:14.7", "mw": 5.92, "mb": 5.2, "ms": 5.5, "prof_centroide_km": 15.0, "prof_hipocentro_km": 10.0, "lat_hipocentro": -34.67, "lon_hipocentro": -69.6, "banda_prof": "5-30", "region": "CHILE-ARGENTINA BORDER R", "beachball": "beachballs/bb_0099.png", "np1_rumbo": 170, "np1_manteo": 12, "np1_cabeceo": 69, "np2_rumbo": 12, "np2_manteo": 79, "np2_cabeceo": 94, "lat_centroide": -34.75, "lon_centroide": -70.25}}, {"type": "Feature", "geometry": {"type": "Point", "coordinates": [-70.77, -22.79]}, "properties": {"fecha": "2007/11/19", "hora": "23:30:28.9", "mw": 5.91, "mb": 5.7, "ms": 5.9, "prof_centroide_km": 18.5, "prof_hipocentro_km": 29.9, "lat_hipocentro": -22.79, "lon_hipocentro": -70.77, "banda_prof": "5-30", "region": "NEAR COAST OF NORTHERN C", "beachball": "beachballs/bb_0100.png", "np1_rumbo": 357, "np1_manteo": 16, "np1_cabeceo": 94, "np2_rumbo": 173, "np2_manteo": 74, "np2_cabeceo": 89, "lat_centroide": -22.87, "lon_centroide": -70.94}}, {"type": "Feature", "geometry": {"type": "Point", "coordinates": [-71.97, -33.22]}, "properties": {"fecha": "2017/04/28", "hora": "15:30:06.3", "mw": 5.91, "mb": 0.0, "ms": 5.9, "prof_centroide_km": 23.4, "prof_hipocentro_km": 22.0, "lat_hipocentro": -33.22, "lon_hipocentro": -71.97, "banda_prof": "5-30", "region": "NEAR COAST OF CENTRAL CH", "beachball": "beachballs/bb_0101.png", "np1_rumbo": 0, "np1_manteo": 20, "np1_cabeceo": 99, "np2_rumbo": 171, "np2_manteo": 70, "np2_cabeceo": 87, "lat_centroide": -33.3, "lon_centroide": -72.03}}, {"type": "Feature", "geometry": {"type": "Point", "coordinates": [-72.23, -33.44]}, "properties": {"fecha": "2001/01/07", "hora": "10:18:20.2", "mw": 5.9, "mb": 5.4, "ms": 5.7, "prof_centroide_km": 21.0, "prof_hipocentro_km": 10.0, "lat_hipocentro": -33.44, "lon_hipocentro": -72.23, "banda_prof": "5-30", "region": "OFF COAST OF CENTRAL CHI", "beachball": "beachballs/bb_0102.png", "np1_rumbo": 353, "np1_manteo": 23, "np1_cabeceo": 85, "np2_rumbo": 178, "np2_manteo": 67, "np2_cabeceo": 92, "lat_centroide": -33.52, "lon_centroide": -72.33}}, {"type": "Feature", "geometry": {"type": "Point", "coordinates": [-73.28, -37.44]}, "properties": {"fecha": "2010/08/05", "hora": "06:01:47.4", "mw": 5.9, "mb": 5.4, "ms": 5.9, "prof_centroide_km": 17.7, "prof_hipocentro_km": 18.0, "lat_hipocentro": -37.44, "lon_hipocentro": -73.28, "banda_prof": "5-30", "region": "NEAR COAST OF CENTRAL CH", "beachball": "beachballs/bb_0103.png", "np1_rumbo": 6, "np1_manteo": 13, "np1_cabeceo": 97, "np2_rumbo": 179, "np2_manteo": 78, "np2_cabeceo": 88, "lat_centroide": -37.7, "lon_centroide": -73.69}}, {"type": "Feature", "geometry": {"type": "Point", "coordinates": [-73.72, -34.74]}, "properties": {"fecha": "2010/10/21", "hora": "02:49:56.0", "mw": 5.9, "mb": 5.9, "ms": 5.9, "prof_centroide_km": 12.0, "prof_hipocentro_km": 10.4, "lat_hipocentro": -34.74, "lon_hipocentro": -73.72, "banda_prof": "5-30", "region": "OFF COAST OF CENTRAL CHI", "beachball": "beachballs/bb_0104.png", "np1_rumbo": 2, "np1_manteo": 45, "np1_cabeceo": -136, "np2_rumbo": 237, "np2_manteo": 60, "np2_cabeceo": -54, "lat_centroide": -34.82, "lon_centroide": -74.07}}, {"type": "Feature", "geometry": {"type": "Point", "coordinates": [-73.06, -35.59]}, "properties": {"fecha": "2011/01/10", "hora": "06:02:52.0", "mw": 5.9, "mb": 5.6, "ms": 5.9, "prof_centroide_km": 12.1, "prof_hipocentro_km": 24.4, "lat_hipocentro": -35.59, "lon_hipocentro": -73.06, "banda_prof": "5-30", "region": "OFF COAST OF CENTRAL CHI", "beachball": "beachballs/bb_0105.png", "np1_rumbo": 22, "np1_manteo": 14, "np1_cabeceo": 105, "np2_rumbo": 187, "np2_manteo": 76, "np2_cabeceo": 86, "lat_centroide": -35.77, "lon_centroide": -73.59}}, {"type": "Feature", "geometry": {"type": "Point", "coordinates": [-73.18, -36.56]}, "properties": {"fecha": "2011/02/13", "hora": "08:51:34.0", "mw": 5.9, "mb": 5.4, "ms": 5.9, "prof_centroide_km": 16.2, "prof_hipocentro_km": 20.7, "lat_hipocentro": -36.56, "lon_hipocentro": -73.18, "banda_prof": "5-30", "region": "NEAR COAST OF CENTRAL CH", "beachball": "beachballs/bb_0106.png", "np1_rumbo": 13, "np1_manteo": 11, "np1_cabeceo": 101, "np2_rumbo": 182, "np2_manteo": 79, "np2_cabeceo": 88, "lat_centroide": -36.78, "lon_centroide": -73.61}}, {"type": "Feature", "geometry": {"type": "Point", "coordinates": [-72.37, -34.28]}, "properties": {"fecha": "2019/08/01", "hora": "20:01:28.2", "mw": 5.89, "mb": 0.0, "ms": 5.6, "prof_centroide_km": 14.7, "prof_hipocentro_km": 15.4, "lat_hipocentro": -34.28, "lon_hipocentro": -72.37, "banda_prof": "5-30", "region": "NEAR COAST OF CENTRAL CH", "beachball": "beachballs/bb_0107.png", "np1_rumbo": 358, "np1_manteo": 13, "np1_cabeceo": 87, "np2_rumbo": 181, "np2_manteo": 77, "np2_cabeceo": 91, "lat_centroide": -34.35, "lon_centroide": -72.08}}, {"type": "Feature", "geometry": {"type": "Point", "coordinates": [-71.87, -33.94]}, "properties": {"fecha": "2012/11/21", "hora": "21:36:22.7", "mw": 5.88, "mb": 5.7, "ms": 5.9, "prof_centroide_km": 21.2, "prof_hipocentro_km": 18.0, "lat_hipocentro": -33.94, "lon_hipocentro": -71.87, "banda_prof": "5-30", "region": "NEAR COAST OF CENTRAL CH", "beachball": "beachballs/bb_0108.png", "np1_rumbo": 6, "np1_manteo": 20, "np1_cabeceo": 106, "np2_rumbo": 169, "np2_manteo": 70, "np2_cabeceo": 84, "lat_centroide": -34.05, "lon_centroide": -72.31}}, {"type": "Feature", "geometry": {"type": "Point", "coordinates": [-67.72, -31.17]}, "properties": {"fecha": "1977/12/06", "hora": "17:05:06.4", "mw": 5.87, "mb": 5.9, "ms": 5.9, "prof_centroide_km": 19.0, "prof_hipocentro_km": 19.0, "lat_hipocentro": -31.17, "lon_hipocentro": -67.72, "banda_prof": "5-30", "region": "SAN JUAN PROV, ARGENTINA", "beachball": "beachballs/bb_0109.png", "np1_rumbo": 181, "np1_manteo": 37, "np1_cabeceo": 82, "np2_rumbo": 11, "np2_manteo": 54, "np2_cabeceo": 96, "lat_centroide": -31.43, "lon_centroide": -68.11}}, {"type": "Feature", "geometry": {"type": "Point", "coordinates": [-73.3, -37.99]}, "properties": {"fecha": "2010/03/07", "hora": "15:59:44.6", "mw": 5.87, "mb": 5.5, "ms": 5.8, "prof_centroide_km": 25.0, "prof_hipocentro_km": 26.8, "lat_hipocentro": -37.99, "lon_hipocentro": -73.3, "banda_prof": "5-30", "region": "NEAR COAST OF CENTRAL CH", "beachball": "beachballs/bb_0110.png", "np1_rumbo": 348, "np1_manteo": 12, "np1_cabeceo": 84, "np2_rumbo": 174, "np2_manteo": 78, "np2_cabeceo": 91, "lat_centroide": -38.22, "lon_centroide": -73.78}}, {"type": "Feature", "geometry": {"type": "Point", "coordinates": [-70.56, -25.73]}, "properties": {"fecha": "2012/05/19", "hora": "08:35:10.7", "mw": 5.87, "mb": 5.7, "ms": 5.9, "prof_centroide_km": 32.6, "prof_hipocentro_km": 28.0, "lat_hipocentro": -25.73, "lon_hipocentro": -70.56, "banda_prof": "5-30", "region": "NEAR COAST OF NORTHERN C", "beachball": "beachballs/bb_0111.png", "np1_rumbo": 23, "np1_manteo": 44, "np1_cabeceo": 125, "np2_rumbo": 160, "np2_manteo": 55, "np2_cabeceo": 62, "lat_centroide": -25.84, "lon_centroide": -71.14}}, {"type": "Feature", "geometry": {"type": "Point", "coordinates": [-69.97, -34.19]}, "properties": {"fecha": "1987/09/13", "hora": "20:08:51.9", "mw": 5.86, "mb": 5.8, "ms": 5.6, "prof_centroide_km": 15.0, "prof_hipocentro_km": 10.0, "lat_hipocentro": -34.19, "lon_hipocentro": -69.97, "banda_prof": "5-30", "region": "CHILE-ARGENTINA BORDER", "beachball": "beachballs/bb_0112.png", "np1_rumbo": 27, "np1_manteo": 58, "np1_cabeceo": 176, "np2_rumbo": 119, "np2_manteo": 87, "np2_cabeceo": 32, "lat_centroide": -34.59, "lon_centroide": -70.0}}, {"type": "Feature", "geometry": {"type": "Point", "coordinates": [-71.68, -29.28]}, "properties": {"fecha": "1997/07/19", "hora": "12:22:57.3", "mw": 5.86, "mb": 5.8, "ms": 5.5, "prof_centroide_km": 32.9, "prof_hipocentro_km": 26.4, "lat_hipocentro": -29.28, "lon_hipocentro": -71.68, "banda_prof": "5-30", "region": "NEAR COAST OF CENTRAL CH", "beachball": "beachballs/bb_0113.png", "np1_rumbo": 315, "np1_manteo": 47, "np1_cabeceo": 40, "np2_rumbo": 195, "np2_manteo": 62, "np2_cabeceo": 129, "lat_centroide": -29.54, "lon_centroide": -72.05}}, {"type": "Feature", "geometry": {"type": "Point", "coordinates": [-71.6, -32.91]}, "properties": {"fecha": "2015/09/17", "hora": "12:14:35.0", "mw": 5.86, "mb": 0.0, "ms": 5.9, "prof_centroide_km": 22.3, "prof_hipocentro_km": 10.0, "lat_hipocentro": -32.91, "lon_hipocentro": -71.6, "banda_prof": "5-30", "region": "NEAR COAST OF CENTRAL CH", "beachball": "beachballs/bb_0114.png", "np1_rumbo": 351, "np1_manteo": 26, "np1_cabeceo": 90, "np2_rumbo": 172, "np2_manteo": 64, "np2_cabeceo": 90, "lat_centroide": -32.27, "lon_centroide": -72.41}}, {"type": "Feature", "geometry": {"type": "Point", "coordinates": [-70.6, -23.06]}, "properties": {"fecha": "2007/11/17", "hora": "17:54:32.8", "mw": 5.85, "mb": 5.6, "ms": 5.8, "prof_centroide_km": 15.0, "prof_hipocentro_km": 14.7, "lat_hipocentro": -23.06, "lon_hipocentro": -70.6, "banda_prof": "5-30", "region": "NEAR COAST OF NORTHERN C", "beachball": "beachballs/bb_0115.png", "np1_rumbo": 300, "np1_manteo": 11, "np1_cabeceo": 27, "np2_rumbo": 184, "np2_manteo": 85, "np2_cabeceo": 100, "lat_centroide": -23.06, "lon_centroide": -70.92}}, {"type": "Feature", "geometry": {"type": "Point", "coordinates": [-72.05, -32.47]}, "properties": {"fecha": "2008/12/18", "hora": "21:50:28.0", "mw": 5.85, "mb": 5.8, "ms": 6.0, "prof_centroide_km": 20.7, "prof_hipocentro_km": 25.0, "lat_hipocentro": -32.47, "lon_hipocentro": -72.05, "banda_prof": "5-30", "region": "OFF COAST OF CENTRAL CHI", "beachball": "beachballs/bb_0116.png", "np1_rumbo": 350, "np1_manteo": 18, "np1_cabeceo": 83, "np2_rumbo": 177, "np2_manteo": 72, "np2_cabeceo": 92, "lat_centroide": -32.62, "lon_centroide": -72.11}}, {"type": "Feature", "geometry": {"type": "Point", "coordinates": [-74.97, -39.64]}, "properties": {"fecha": "2009/11/22", "hora": "22:07:47.7", "mw": 5.85, "mb": 5.8, "ms": 5.9, "prof_centroide_km": 12.0, "prof_hipocentro_km": 4.0, "lat_hipocentro": -39.64, "lon_hipocentro": -74.97, "banda_prof": "0-5", "region": "OFF COAST OF CENTRAL CHI", "beachball": "beachballs/bb_0117.png", "np1_rumbo": 199, "np1_manteo": 43, "np1_cabeceo": -69, "np2_rumbo": 351, "np2_manteo": 51, "np2_cabeceo": -109, "lat_centroide": -39.77, "lon_centroide": -75.46}}, {"type": "Feature", "geometry": {"type": "Point", "coordinates": [-73.34, -35.51]}, "properties": {"fecha": "2017/07/04", "hora": "16:05:58.9", "mw": 5.85, "mb": 0.0, "ms": 5.9, "prof_centroide_km": 12.0, "prof_hipocentro_km": 13.0, "lat_hipocentro": -35.51, "lon_hipocentro": -73.34, "banda_prof": "5-30", "region": "OFF COAST OF CENTRAL CHI", "beachball": "beachballs/bb_0118.png", "np1_rumbo": 25, "np1_manteo": 19, "np1_cabeceo": 104, "np2_rumbo": 190, "np2_manteo": 71, "np2_cabeceo": 85, "lat_centroide": -35.59, "lon_centroide": -73.56}}, {"type": "Feature", "geometry": {"type": "Point", "coordinates": [-70.92, -20.03]}, "properties": {"fecha": "2014/04/19", "hora": "20:54:42.3", "mw": 5.84, "mb": 0.0, "ms": 5.8, "prof_centroide_km": 21.8, "prof_hipocentro_km": 10.0, "lat_hipocentro": -20.03, "lon_hipocentro": -70.92, "banda_prof": "5-30", "region": "NEAR COAST OF NORTHERN C", "beachball": "beachballs/bb_0119.png", "np1_rumbo": 339, "np1_manteo": 26, "np1_cabeceo": 79, "np2_rumbo": 171, "np2_manteo": 64, "np2_cabeceo": 96, "lat_centroide": -19.91, "lon_centroide": -71.32}}, {"type": "Feature", "geometry": {"type": "Point", "coordinates": [-71.0, -19.81]}, "properties": {"fecha": "2014/06/20", "hora": "20:22:27.1", "mw": 5.84, "mb": 0.0, "ms": 5.8, "prof_centroide_km": 18.4, "prof_hipocentro_km": 12.2, "lat_hipocentro": -19.81, "lon_hipocentro": -71.0, "banda_prof": "5-30", "region": "OFF COAST OF NORTHERN CH", "beachball": "beachballs/bb_0120.png", "np1_rumbo": 344, "np1_manteo": 21, "np1_cabeceo": 84, "np2_rumbo": 171, "np2_manteo": 70, "np2_cabeceo": 92, "lat_centroide": -19.72, "lon_centroide": -71.21}}, {"type": "Feature", "geometry": {"type": "Point", "coordinates": [-70.81, -27.42]}, "properties": {"fecha": "2004/08/27", "hora": "00:43:54.5", "mw": 5.83, "mb": 5.8, "ms": 5.4, "prof_centroide_km": 35.0, "prof_hipocentro_km": 30.0, "lat_hipocentro": -27.42, "lon_hipocentro": -70.81, "banda_prof": "5-30", "region": "NEAR COAST OF NORTHERN C", "beachball": "beachballs/bb_0121.png", "np1_rumbo": 135, "np1_manteo": 8, "np1_cabeceo": 37, "np2_rumbo": 8, "np2_manteo": 85, "np2_cabeceo": 96, "lat_centroide": -27.63, "lon_centroide": -71.25}}, {"type": "Feature", "geometry": {"type": "Point", "coordinates": [-70.8, -19.93]}, "properties": {"fecha": "2014/03/18", "hora": "21:26:45.4", "mw": 5.83, "mb": 0.0, "ms": 5.8, "prof_centroide_km": 13.6, "prof_hipocentro_km": 3.3, "lat_hipocentro": -19.93, "lon_hipocentro": -70.8, "banda_prof": "0-5", "region": "NEAR COAST OF NORTHERN C", "beachball": "beachballs/bb_0122.png", "np1_rumbo": 13, "np1_manteo": 17, "np1_cabeceo": 101, "np2_rumbo": 182, "np2_manteo": 73, "np2_cabeceo": 87, "lat_centroide": -20.01, "lon_centroide": -71.02}}, {"type": "Feature", "geometry": {"type": "Point", "coordinates": [-71.42, -27.97]}, "properties": {"fecha": "2020/09/01", "hora": "07:01:26.3", "mw": 5.83, "mb": 0.0, "ms": 5.7, "prof_centroide_km": 36.5, "prof_hipocentro_km": 20.6, "lat_hipocentro": -27.97, "lon_hipocentro": -71.42, "banda_prof": "5-30", "region": "NEAR COAST OF NORTHERN C", "beachball": "beachballs/bb_0123.png", "np1_rumbo": 6, "np1_manteo": 31, "np1_cabeceo": 105, "np2_rumbo": 169, "np2_manteo": 60, "np2_cabeceo": 81, "lat_centroide": -28.17, "lon_centroide": -71.65}}, {"type": "Feature", "geometry": {"type": "Point", "coordinates": [-73.25, -36.95]}, "properties": {"fecha": "1990/04/21", "hora": "18:54:55.0", "mw": 5.81, "mb": 6.0, "ms": 5.7, "prof_centroide_km": 19.9, "prof_hipocentro_km": 30.0, "lat_hipocentro": -36.95, "lon_hipocentro": -73.25, "banda_prof": "5-30", "region": "NEAR CENTRAL CHILE COAST", "beachball": "beachballs/bb_0124.png", "np1_rumbo": 352, "np1_manteo": 17, "np1_cabeceo": 80, "np2_rumbo": 183, "np2_manteo": 73, "np2_cabeceo": 93, "lat_centroide": -37.28, "lon_centroide": -73.79}}, {"type": "Feature", "geometry": {"type": "Point", "coordinates": [-66.62, -25.71]}, "properties": {"fecha": "2010/03/08", "hora": "17:03:16.8", "mw": 5.81, "mb": 5.6, "ms": 5.8, "prof_centroide_km": 15.1, "prof_hipocentro_km": 10.0, "lat_hipocentro": -25.71, "lon_hipocentro": -66.62, "banda_prof": "5-30", "region": "SALTA PROVINCE, ARGENTIN", "beachball": "beachballs/bb_0125.png", "np1_rumbo": 149, "np1_manteo": 75, "np1_cabeceo": 6, "np2_rumbo": 58, "np2_manteo": 84, "np2_cabeceo": 165, "lat_centroide": -25.94, "lon_centroide": -66.84}}, {"type": "Feature", "geometry": {"type": "Point", "coordinates": [-74.91, -38.44]}, "properties": {"fecha": "2011/09/03", "hora": "16:20:41.0", "mw": 5.81, "mb": 5.5, "ms": 5.8, "prof_centroide_km": 18.3, "prof_hipocentro_km": 12.0, "lat_hipocentro": -38.44, "lon_hipocentro": -74.91, "banda_prof": "5-30", "region": "OFF COAST OF CENTRAL CHI", "beachball": "beachballs/bb_0126.png", "np1_rumbo": 4, "np1_manteo": 16, "np1_cabeceo": 93, "np2_rumbo": 181, "np2_manteo": 74, "np2_cabeceo": 89, "lat_centroide": -38.27, "lon_centroide": -74.17}}, {"type": "Feature", "geometry": {"type": "Point", "coordinates": [-73.25, -35.78]}, "properties": {"fecha": "2012/12/27", "hora": "00:37:08.8", "mw": 5.8, "mb": 5.1, "ms": 5.9, "prof_centroide_km": 12.0, "prof_hipocentro_km": 14.2, "lat_hipocentro": -35.78, "lon_hipocentro": -73.25, "banda_prof": "5-30", "region": "OFF COAST OF CENTRAL CHI", "beachball": "beachballs/bb_0127.png", "np1_rumbo": 14, "np1_manteo": 16, "np1_cabeceo": 94, "np2_rumbo": 190, "np2_manteo": 74, "np2_cabeceo": 89, "lat_centroide": -35.89, "lon_centroide": -73.77}}, {"type": "Feature", "geometry": {"type": "Point", "coordinates": [-70.87, -19.84]}, "properties": {"fecha": "2014/06/19", "hora": "19:54:04.9", "mw": 5.8, "mb": 0.0, "ms": 5.8, "prof_centroide_km": 23.0, "prof_hipocentro_km": 10.6, "lat_hipocentro": -19.84, "lon_hipocentro": -70.87, "banda_prof": "5-30", "region": "NEAR COAST OF NORTHERN C", "beachball": "beachballs/bb_0128.png", "np1_rumbo": 351, "np1_manteo": 22, "np1_cabeceo": 91, "np2_rumbo": 169, "np2_manteo": 68, "np2_cabeceo": 90, "lat_centroide": -19.8, "lon_centroide": -71.15}}, {"type": "Feature", "geometry": {"type": "Point", "coordinates": [-71.96, -33.6]}, "properties": {"fecha": "2014/03/04", "hora": "10:51:15.6", "mw": 5.79, "mb": 0.0, "ms": 5.7, "prof_centroide_km": 23.4, "prof_hipocentro_km": 20.0, "lat_hipocentro": -33.6, "lon_hipocentro": -71.96, "banda_prof": "5-30", "region": "NEAR COAST OF CENTRAL CH", "beachball": "beachballs/bb_0129.png", "np1_rumbo": 15, "np1_manteo": 22, "np1_cabeceo": 104, "np2_rumbo": 180, "np2_manteo": 68, "np2_cabeceo": 84, "lat_centroide": -33.63, "lon_centroide": -72.16}}, {"type": "Feature", "geometry": {"type": "Point", "coordinates": [-71.82, -31.05]}, "properties": {"fecha": "2015/09/21", "hora": "18:36:53.5", "mw": 5.79, "mb": 0.0, "ms": 5.5, "prof_centroide_km": 38.8, "prof_hipocentro_km": 27.0, "lat_hipocentro": -31.05, "lon_hipocentro": -71.82, "banda_prof": "5-30", "region": "NEAR COAST OF CENTRAL CH", "beachball": "beachballs/bb_0130.png", "np1_rumbo": 347, "np1_manteo": 32, "np1_cabeceo": 87, "np2_rumbo": 171, "np2_manteo": 58, "np2_cabeceo": 92, "lat_centroide": -31.14, "lon_centroide": -72.02}}, {"type": "Feature", "geometry": {"type": "Point", "coordinates": [-71.77, -30.58]}, "properties": {"fecha": "2015/11/21", "hora": "23:05:30.6", "mw": 5.79, "mb": 0.0, "ms": 5.8, "prof_centroide_km": 32.7, "prof_hipocentro_km": 27.0, "lat_hipocentro": -30.58, "lon_hipocentro": -71.77, "banda_prof": "5-30", "region": "NEAR COAST OF CENTRAL CH", "beachball": "beachballs/bb_0131.png", "np1_rumbo": 5, "np1_manteo": 28, "np1_cabeceo": 102, "np2_rumbo": 171, "np2_manteo": 63, "np2_cabeceo": 84, "lat_centroide": -30.66, "lon_centroide": -71.98}}, {"type": "Feature", "geometry": {"type": "Point", "coordinates": [-70.93, -19.98]}, "properties": {"fecha": "2014/06/19", "hora": "09:38:36.2", "mw": 5.78, "mb": 0.0, "ms": 5.7, "prof_centroide_km": 21.6, "prof_hipocentro_km": 12.1, "lat_hipocentro": -19.98, "lon_hipocentro": -70.93, "banda_prof": "5-30", "region": "NEAR COAST OF NORTHERN C", "beachball": "beachballs/bb_0132.png", "np1_rumbo": 349, "np1_manteo": 24, "np1_cabeceo": 89, "np2_rumbo": 170, "np2_manteo": 66, "np2_cabeceo": 90, "lat_centroide": -19.88, "lon_centroide": -71.13}}, {"type": "Feature", "geometry": {"type": "Point", "coordinates": [-71.59, -31.1]}, "properties": {"fecha": "2015/09/19", "hora": "09:07:09.6", "mw": 5.78, "mb": 0.0, "ms": 5.7, "prof_centroide_km": 36.7, "prof_hipocentro_km": 28.0, "lat_hipocentro": -31.1, "lon_hipocentro": -71.59, "banda_prof": "5-30", "region": "NEAR COAST OF CENTRAL CH", "beachball": "beachballs/bb_0133.png", "np1_rumbo": 353, "np1_manteo": 29, "np1_cabeceo": 92, "np2_rumbo": 171, "np2_manteo": 61, "np2_cabeceo": 89, "lat_centroide": -31.2, "lon_centroide": -71.86}}, {"type": "Feature", "geometry": {"type": "Point", "coordinates": [-71.86, -29.34]}, "properties": {"fecha": "2016/06/05", "hora": "05:51:11.6", "mw": 5.77, "mb": 0.0, "ms": 5.8, "prof_centroide_km": 36.2, "prof_hipocentro_km": 28.0, "lat_hipocentro": -29.34, "lon_hipocentro": -71.86, "banda_prof": "5-30", "region": "NEAR COAST OF CENTRAL CH", "beachball": "beachballs/bb_0134.png", "np1_rumbo": 314, "np1_manteo": 35, "np1_cabeceo": 28, "np2_rumbo": 201, "np2_manteo": 74, "np2_cabeceo": 122, "lat_centroide": -29.45, "lon_centroide": -72.03}}, {"type": "Feature", "geometry": {"type": "Point", "coordinates": [-70.85, -20.13]}, "properties": {"fecha": "2014/04/07", "hora": "13:43:21.0", "mw": 5.76, "mb": 0.0, "ms": 5.7, "prof_centroide_km": 16.8, "prof_hipocentro_km": 8.0, "lat_hipocentro": -20.13, "lon_hipocentro": -70.85, "banda_prof": "5-30", "region": "NEAR COAST OF NORTHERN C", "beachball": "beachballs/bb_0135.png", "np1_rumbo": 46, "np1_manteo": 26, "np1_cabeceo": 35, "np2_rumbo": 284, "np2_manteo": 76, "np2_cabeceo": 112, "lat_centroide": -20.13, "lon_centroide": -70.88}}, {"type": "Feature", "geometry": {"type": "Point", "coordinates": [-70.93, -25.52]}, "properties": {"fecha": "2020/10/21", "hora": "09:13:06.6", "mw": 5.76, "mb": 0.0, "ms": 5.7, "prof_centroide_km": 27.6, "prof_hipocentro_km": 20.0, "lat_hipocentro": -25.52, "lon_hipocentro": -70.93, "banda_prof": "5-30", "region": "NEAR COAST OF NORTHERN C", "beachball": "beachballs/bb_0136.png", "np1_rumbo": 12, "np1_manteo": 26, "np1_cabeceo": 117, "np2_rumbo": 163, "np2_manteo": 67, "np2_cabeceo": 78, "lat_centroide": -25.47, "lon_centroide": -71.06}}, {"type": "Feature", "geometry": {"type": "Point", "coordinates": [-70.76, -19.82]}, "properties": {"fecha": "2014/03/24", "hora": "11:26:39.4", "mw": 5.75, "mb": 0.0, "ms": 5.7, "prof_centroide_km": 21.9, "prof_hipocentro_km": 22.0, "lat_hipocentro": -19.82, "lon_hipocentro": -70.76, "banda_prof": "5-30", "region": "NEAR COAST OF NORTHERN C", "beachball": "beachballs/bb_0137.png", "np1_rumbo": 352, "np1_manteo": 22, "np1_cabeceo": 94, "np2_rumbo": 168, "np2_manteo": 68, "np2_cabeceo": 89, "lat_centroide": -19.8, "lon_centroide": -71.05}}, {"type": "Feature", "geometry": {"type": "Point", "coordinates": [-72.13, -31.82]}, "properties": {"fecha": "2017/09/18", "hora": "13:46:57.7", "mw": 5.75, "mb": 0.0, "ms": 5.9, "prof_centroide_km": 21.5, "prof_hipocentro_km": 17.0, "lat_hipocentro": -31.82, "lon_hipocentro": -72.13, "banda_prof": "5-30", "region": "OFF COAST OF CENTRAL CHI", "beachball": "beachballs/bb_0138.png", "np1_rumbo": 351, "np1_manteo": 23, "np1_cabeceo": 84, "np2_rumbo": 177, "np2_manteo": 67, "np2_cabeceo": 93, "lat_centroide": -31.91, "lon_centroide": -72.15}}, {"type": "Feature", "geometry": {"type": "Point", "coordinates": [-71.76, -31.5]}, "properties": {"fecha": "2017/06/12", "hora": "02:43:26.8", "mw": 5.74, "mb": 0.0, "ms": 5.7, "prof_centroide_km": 33.8, "prof_hipocentro_km": 27.0, "lat_hipocentro": -31.5, "lon_hipocentro": -71.76, "banda_prof": "5-30", "region": "NEAR COAST OF CENTRAL CH", "beachball": "beachballs/bb_0139.png", "np1_rumbo": 5, "np1_manteo": 26, "np1_cabeceo": 99, "np2_rumbo": 175, "np2_manteo": 64, "np2_cabeceo": 86, "lat_centroide": -31.49, "lon_centroide": -71.87}}, {"type": "Feature", "geometry": {"type": "Point", "coordinates": [-72.69, -29.47]}, "properties": {"fecha": "2019/03/07", "hora": "15:34:28.3", "mw": 5.74, "mb": 0.0, "ms": 5.7, "prof_centroide_km": 31.5, "prof_hipocentro_km": 17.0, "lat_hipocentro": -29.47, "lon_hipocentro": -72.69, "banda_prof": "5-30", "region": "OFF COAST OF CENTRAL CHI", "beachball": "beachballs/bb_0140.png", "np1_rumbo": 185, "np1_manteo": 38, "np1_cabeceo": 114, "np2_rumbo": 335, "np2_manteo": 55, "np2_cabeceo": 72, "lat_centroide": -29.51, "lon_centroide": -72.82}}, {"type": "Feature", "geometry": {"type": "Point", "coordinates": [-70.79, -20.69]}, "properties": {"fecha": "2014/01/04", "hora": "00:11:48.0", "mw": 5.73, "mb": 0.0, "ms": 5.7, "prof_centroide_km": 20.3, "prof_hipocentro_km": 26.1, "lat_hipocentro": -20.69, "lon_hipocentro": -70.79, "banda_prof": "5-30", "region": "NEAR COAST OF NORTHERN C", "beachball": "beachballs/bb_0141.png", "np1_rumbo": 352, "np1_manteo": 24, "np1_cabeceo": 88, "np2_rumbo": 174, "np2_manteo": 66, "np2_cabeceo": 91, "lat_centroide": -20.6, "lon_centroide": -70.98}}, {"type": "Feature", "geometry": {"type": "Point", "coordinates": [-71.64, -31.78]}, "properties": {"fecha": "2015/09/21", "hora": "19:56:08.7", "mw": 5.73, "mb": 0.0, "ms": 5.6, "prof_centroide_km": 42.2, "prof_hipocentro_km": 28.4, "lat_hipocentro": -31.78, "lon_hipocentro": -71.64, "banda_prof": "5-30", "region": "NEAR COAST OF CENTRAL CH", "beachball": "beachballs/bb_0142.png", "np1_rumbo": 345, "np1_manteo": 30, "np1_cabeceo": 93, "np2_rumbo": 162, "np2_manteo": 60, "np2_cabeceo": 88, "lat_centroide": -31.94, "lon_centroide": -71.87}}, {"type": "Feature", "geometry": {"type": "Point", "coordinates": [-73.67, -37.46]}, "properties": {"fecha": "2015/10/03", "hora": "06:03:42.2", "mw": 5.73, "mb": 0.0, "ms": 5.8, "prof_centroide_km": 21.5, "prof_hipocentro_km": 15.1, "lat_hipocentro": -37.46, "lon_hipocentro": -73.67, "banda_prof": "5-30", "region": "NEAR COAST OF CENTRAL CH", "beachball": "beachballs/bb_0143.png", "np1_rumbo": 4, "np1_manteo": 19, "np1_cabeceo": 93, "np2_rumbo": 181, "np2_manteo": 72, "np2_cabeceo": 89, "lat_centroide": -37.57, "lon_centroide": -73.71}}, {"type": "Feature", "geometry": {"type": "Point", "coordinates": [-71.64, -30.66]}, "properties": {"fecha": "2016/01/08", "hora": "01:12:01.0", "mw": 5.73, "mb": 0.0, "ms": 5.7, "prof_centroide_km": 32.7, "prof_hipocentro_km": 24.2, "lat_hipocentro": -30.66, "lon_hipocentro": -71.64, "banda_prof": "5-30", "region": "NEAR COAST OF CENTRAL CH", "beachball": "beachballs/bb_0144.png", "np1_rumbo": 1, "np1_manteo": 29, "np1_cabeceo": 97, "np2_rumbo": 174, "np2_manteo": 62, "np2_cabeceo": 86, "lat_centroide": -30.74, "lon_centroide": -71.94}}, {"type": "Feature", "geometry": {"type": "Point", "coordinates": [-70.95, -27.77]}, "properties": {"fecha": "1995/11/30", "hora": "13:15:33.4", "mw": 5.72, "mb": 5.4, "ms": 0.0, "prof_centroide_km": 15.0, "prof_hipocentro_km": 0.0, "lat_hipocentro": -27.77, "lon_hipocentro": -70.95, "banda_prof": "0-5", "region": "Near Coast Of Northern C", "beachball": "beachballs/bb_0145.png", "np1_rumbo": 12, "np1_manteo": 21, "np1_cabeceo": 109, "np2_rumbo": 171, "np2_manteo": 70, "np2_cabeceo": 83, "lat_centroide": -27.93, "lon_centroide": -71.48}}, {"type": "Feature", "geometry": {"type": "Point", "coordinates": [-74.52, -37.65]}, "properties": {"fecha": "2010/04/16", "hora": "23:15:27.0", "mw": 5.71, "mb": 5.5, "ms": 5.7, "prof_centroide_km": 12.0, "prof_hipocentro_km": 17.8, "lat_hipocentro": -37.65, "lon_hipocentro": -74.52, "banda_prof": "5-30", "region": "OFF COAST OF CENTRAL CHI", "beachball": "beachballs/bb_0146.png", "np1_rumbo": 31, "np1_manteo": 15, "np1_cabeceo": 115, "np2_rumbo": 185, "np2_manteo": 77, "np2_cabeceo": 84, "lat_centroide": -37.62, "lon_centroide": -74.24}}, {"type": "Feature", "geometry": {"type": "Point", "coordinates": [-70.82, -19.59]}, "properties": {"fecha": "2014/03/24", "hora": "15:45:31.1", "mw": 5.71, "mb": 0.0, "ms": 5.7, "prof_centroide_km": 29.1, "prof_hipocentro_km": 17.0, "lat_hipocentro": -19.59, "lon_hipocentro": -70.82, "banda_prof": "5-30", "region": "NEAR COAST OF NORTHERN C", "beachball": "beachballs/bb_0147.png", "np1_rumbo": 347, "np1_manteo": 21, "np1_cabeceo": 90, "np2_rumbo": 166, "np2_manteo": 69, "np2_cabeceo": 90, "lat_centroide": -19.54, "lon_centroide": -71.06}}, {"type": "Feature", "geometry": {"type": "Point", "coordinates": [-71.97, -30.25]}, "properties": {"fecha": "2016/07/19", "hora": "05:18:40.3", "mw": 5.7, "mb": 0.0, "ms": 5.8, "prof_centroide_km": 14.2, "prof_hipocentro_km": 8.0, "lat_hipocentro": -30.25, "lon_hipocentro": -71.97, "banda_prof": "5-30", "region": "NEAR COAST OF CENTRAL CH", "beachball": "beachballs/bb_0148.png", "np1_rumbo": 359, "np1_manteo": 25, "np1_cabeceo": 91, "np2_rumbo": 178, "np2_manteo": 65, "np2_cabeceo": 89, "lat_centroide": -30.27, "lon_centroide": -72.29}}, {"type": "Feature", "geometry": {"type": "Point", "coordinates": [-72.51, -33.76]}, "properties": {"fecha": "2019/04/07", "hora": "10:52:41.1", "mw": 5.7, "mb": 0.0, "ms": 5.6, "prof_centroide_km": 12.0, "prof_hipocentro_km": 10.0, "lat_hipocentro": -33.76, "lon_hipocentro": -72.51, "banda_prof": "5-30", "region": "OFF COAST OF CENTRAL CHI", "beachball": "beachballs/bb_0149.png", "np1_rumbo": 14, "np1_manteo": 17, "np1_cabeceo": 96, "np2_rumbo": 188, "np2_manteo": 73, "np2_cabeceo": 88, "lat_centroide": -33.84, "lon_centroide": -72.63}}, {"type": "Feature", "geometry": {"type": "Point", "coordinates": [-72.16, -30.24]}, "properties": {"fecha": "2017/08/12", "hora": "12:54:13.6", "mw": 5.69, "mb": 0.0, "ms": 5.8, "prof_centroide_km": 13.1, "prof_hipocentro_km": 9.0, "lat_hipocentro": -30.24, "lon_hipocentro": -72.16, "banda_prof": "5-30", "region": "OFF COAST OF CENTRAL CHI", "beachball": "beachballs/bb_0150.png", "np1_rumbo": 5, "np1_manteo": 24, "np1_cabeceo": 84, "np2_rumbo": 191, "np2_manteo": 66, "np2_cabeceo": 93, "lat_centroide": -30.39, "lon_centroide": -72.26}}, {"type": "Feature", "geometry": {"type": "Point", "coordinates": [-70.43, -23.24]}, "properties": {"fecha": "1995/10/16", "hora": "16:36:19.5", "mw": 5.68, "mb": 5.4, "ms": 5.2, "prof_centroide_km": 15.0, "prof_hipocentro_km": 28.0, "lat_hipocentro": -23.24, "lon_hipocentro": -70.43, "banda_prof": "5-30", "region": "NEAR COAST OF NORTHERN C", "beachball": "beachballs/bb_0151.png", "np1_rumbo": 17, "np1_manteo": 27, "np1_cabeceo": 115, "np2_rumbo": 170, "np2_manteo": 66, "np2_cabeceo": 78, "lat_centroide": -23.5, "lon_centroide": -71.31}}, {"type": "Feature", "geometry": {"type": "Point", "coordinates": [-72.32, -45.34]}, "properties": {"fecha": "2007/02/23", "hora": "19:55:48.6", "mw": 5.68, "mb": 5.6, "ms": 5.5, "prof_centroide_km": 16.6, "prof_hipocentro_km": 25.1, "lat_hipocentro": -45.34, "lon_hipocentro": -72.32, "banda_prof": "5-30", "region": "SOUTHERN CHILE", "beachball": "beachballs/bb_0152.png", "np1_rumbo": 87, "np1_manteo": 70, "np1_cabeceo": -12, "np2_rumbo": 181, "np2_manteo": 79, "np2_cabeceo": -160, "lat_centroide": -45.51, "lon_centroide": -73.08}}, {"type": "Feature", "geometry": {"type": "Point", "coordinates": [-71.92, -34.23]}, "properties": {"fecha": "2010/03/12", "hora": "16:50:01.7", "mw": 5.68, "mb": 6.1, "ms": 5.8, "prof_centroide_km": 12.0, "prof_hipocentro_km": 7.0, "lat_hipocentro": -34.23, "lon_hipocentro": -71.92, "banda_prof": "5-30", "region": "NEAR COAST OF CENTRAL CH", "beachball": "beachballs/bb_0153.png", "np1_rumbo": 342, "np1_manteo": 40, "np1_cabeceo": -87, "np2_rumbo": 158, "np2_manteo": 50, "np2_cabeceo": -92, "lat_centroide": -34.41, "lon_centroide": -72.18}}, {"type": "Feature", "geometry": {"type": "Point", "coordinates": [-73.45, -37.62]}, "properties": {"fecha": "2011/02/05", "hora": "16:11:39.7", "mw": 5.68, "mb": 5.3, "ms": 5.7, "prof_centroide_km": 21.0, "prof_hipocentro_km": 28.7, "lat_hipocentro": -37.62, "lon_hipocentro": -73.45, "banda_prof": "5-30", "region": "NEAR COAST OF CENTRAL CH", "beachball": "beachballs/bb_0154.png", "np1_rumbo": 9, "np1_manteo": 17, "np1_cabeceo": 98, "np2_rumbo": 180, "np2_manteo": 73, "np2_cabeceo": 88, "lat_centroide": -37.81, "lon_centroide": -73.84}}, {"type": "Feature", "geometry": {"type": "Point", "coordinates": [-68.75, -29.17]}, "properties": {"fecha": "2014/03/27", "hora": "23:50:52.2", "mw": 5.68, "mb": 0.0, "ms": 5.7, "prof_centroide_km": 27.5, "prof_hipocentro_km": 10.0, "lat_hipocentro": -29.17, "lon_hipocentro": -68.75, "banda_prof": "5-30", "region": "SAN JUAN PROVINCE, ARGEN", "beachball": "beachballs/bb_0155.png", "np1_rumbo": 185, "np1_manteo": 63, "np1_cabeceo": 177, "np2_rumbo": 277, "np2_manteo": 87, "np2_cabeceo": 28, "lat_centroide": -29.31, "lon_centroide": -68.74}}, {"type": "Feature", "geometry": {"type": "Point", "coordinates": [-72.19, -34.01]}, "properties": {"fecha": "2004/09/07", "hora": "12:33:56.2", "mw": 5.67, "mb": 5.7, "ms": 5.3, "prof_centroide_km": 14.2, "prof_hipocentro_km": 16.5, "lat_hipocentro": -34.01, "lon_hipocentro": -72.19, "banda_prof": "5-30", "region": "NEAR COAST OF CENTRAL CH", "beachball": "beachballs/bb_0156.png", "np1_rumbo": 6, "np1_manteo": 10, "np1_cabeceo": 102, "np2_rumbo": 174, "np2_manteo": 80, "np2_cabeceo": 88, "lat_centroide": -34.14, "lon_centroide": -72.52}}, {"type": "Feature", "geometry": {"type": "Point", "coordinates": [-71.24, -27.28]}, "properties": {"fecha": "2006/04/30", "hora": "20:12:19.0", "mw": 5.67, "mb": 5.2, "ms": 5.6, "prof_centroide_km": 22.2, "prof_hipocentro_km": 19.8, "lat_hipocentro": -27.28, "lon_hipocentro": -71.24, "banda_prof": "5-30", "region": "NEAR COAST OF NORTHERN C", "beachball": "beachballs/bb_0157.png", "np1_rumbo": 4, "np1_manteo": 23, "np1_cabeceo": 100, "np2_rumbo": 174, "np2_manteo": 68, "np2_cabeceo": 86, "lat_centroide": -27.28, "lon_centroide": -71.76}}, {"type": "Feature", "geometry": {"type": "Point", "coordinates": [-70.63, -20.75]}, "properties": {"fecha": "2014/01/08", "hora": "04:22:10.2", "mw": 5.67, "mb": 0.0, "ms": 5.7, "prof_centroide_km": 22.8, "prof_hipocentro_km": 20.0, "lat_hipocentro": -20.75, "lon_hipocentro": -70.63, "banda_prof": "5-30", "region": "NEAR COAST OF NORTHERN C", "beachball": "beachballs/bb_0158.png", "np1_rumbo": 355, "np1_manteo": 22, "np1_cabeceo": 92, "np2_rumbo": 173, "np2_manteo": 68, "np2_cabeceo": 89, "lat_centroide": -20.72, "lon_centroide": -70.97}}, {"type": "Feature", "geometry": {"type": "Point", "coordinates": [-70.88, -19.83]}, "properties": {"fecha": "2014/03/24", "hora": "11:40:43.5", "mw": 5.67, "mb": 0.0, "ms": 5.6, "prof_centroide_km": 27.4, "prof_hipocentro_km": 15.2, "lat_hipocentro": -19.83, "lon_hipocentro": -70.88, "banda_prof": "5-30", "region": "NEAR COAST OF NORTHERN C", "beachball": "beachballs/bb_0159.png", "np1_rumbo": 353, "np1_manteo": 20, "np1_cabeceo": 91, "np2_rumbo": 171, "np2_manteo": 70, "np2_cabeceo": 90, "lat_centroide": -19.8, "lon_centroide": -71.12}}, {"type": "Feature", "geometry": {"type": "Point", "coordinates": [-66.87, -33.64]}, "properties": {"fecha": "2019/11/19", "hora": "23:10:40.6", "mw": 5.67, "mb": 0.0, "ms": 5.7, "prof_centroide_km": 14.8, "prof_hipocentro_km": 10.0, "lat_hipocentro": -33.64, "lon_hipocentro": -66.87, "banda_prof": "5-30", "region": "SAN LUIS PROVINCE, ARGEN", "beachball": "beachballs/bb_0160.png", "np1_rumbo": 213, "np1_manteo": 47, "np1_cabeceo": 61, "np2_rumbo": 73, "np2_manteo": 50, "np2_cabeceo": 118, "lat_centroide": -33.79, "lon_centroide": -66.98}}, {"type": "Feature", "geometry": {"type": "Point", "coordinates": [-71.67, -32.19]}, "properties": {"fecha": "1994/09/17", "hora": "12:22:14.8", "mw": 5.66, "mb": 5.5, "ms": 5.3, "prof_centroide_km": 18.8, "prof_hipocentro_km": 28.0, "lat_hipocentro": -32.19, "lon_hipocentro": -71.67, "banda_prof": "5-30", "region": "NEAR COAST OF CENTRAL CH", "beachball": "beachballs/bb_0161.png", "np1_rumbo": 11, "np1_manteo": 26, "np1_cabeceo": 83, "np2_rumbo": 199, "np2_manteo": 64, "np2_cabeceo": 93, "lat_centroide": -32.48, "lon_centroide": -72.01}}, {"type": "Feature", "geometry": {"type": "Point", "coordinates": [-71.4, -27.87]}, "properties": {"fecha": "2020/09/01", "hora": "10:31:52.5", "mw": 5.66, "mb": 0.0, "ms": 5.7, "prof_centroide_km": 23.1, "prof_hipocentro_km": 22.0, "lat_hipocentro": -27.87, "lon_hipocentro": -71.4, "banda_prof": "5-30", "region": "NEAR COAST OF NORTHERN C", "beachball": "beachballs/bb_0162.png", "np1_rumbo": 7, "np1_manteo": 24, "np1_cabeceo": 104, "np2_rumbo": 172, "np2_manteo": 67, "np2_cabeceo": 84, "lat_centroide": -27.94, "lon_centroide": -71.53}}, {"type": "Feature", "geometry": {"type": "Point", "coordinates": [-71.22, -27.07]}, "properties": {"fecha": "2006/04/19", "hora": "17:49:04.6", "mw": 5.65, "mb": 5.2, "ms": 5.3, "prof_centroide_km": 19.6, "prof_hipocentro_km": 13.9, "lat_hipocentro": -27.07, "lon_hipocentro": -71.22, "banda_prof": "5-30", "region": "NEAR COAST OF NORTHERN C", "beachball": "beachballs/bb_0163.png", "np1_rumbo": 16, "np1_manteo": 18, "np1_cabeceo": 111, "np2_rumbo": 174, "np2_manteo": 73, "np2_cabeceo": 83, "lat_centroide": -27.08, "lon_centroide": -71.52}}, {"type": "Feature", "geometry": {"type": "Point", "coordinates": [-67.47, -31.58]}, "properties": {"fecha": "1980/11/10", "hora": "16:24:40.5", "mw": 5.64, "mb": 5.7, "ms": 5.4, "prof_centroide_km": 15.0, "prof_hipocentro_km": 21.0, "lat_hipocentro": -31.58, "lon_hipocentro": -67.47, "banda_prof": "5-30", "region": "SAN JUAN PROV, ARGENTINA", "beachball": "beachballs/bb_0164.png", "np1_rumbo": 133, "np1_manteo": 31, "np1_cabeceo": 49, "np2_rumbo": 358, "np2_manteo": 67, "np2_cabeceo": 111, "lat_centroide": -31.52, "lon_centroide": -67.55}}, {"type": "Feature", "geometry": {"type": "Point", "coordinates": [-71.98, -34.38]}, "properties": {"fecha": "2010/03/11", "hora": "20:11:20.4", "mw": 5.64, "mb": 5.7, "ms": 5.8, "prof_centroide_km": 19.3, "prof_hipocentro_km": 8.0, "lat_hipocentro": -34.38, "lon_hipocentro": -71.98, "banda_prof": "5-30", "region": "NEAR COAST OF CENTRAL CH", "beachball": "beachballs/bb_0165.png", "np1_rumbo": 3, "np1_manteo": 44, "np1_cabeceo": -61, "np2_rumbo": 146, "np2_manteo": 52, "np2_cabeceo": -115, "lat_centroide": -34.62, "lon_centroide": -72.08}}, {"type": "Feature", "geometry": {"type": "Point", "coordinates": [-72.15, -30.37]}, "properties": {"fecha": "2015/11/28", "hora": "05:44:40.1", "mw": 5.64, "mb": 0.0, "ms": 5.6, "prof_centroide_km": 12.0, "prof_hipocentro_km": 10.0, "lat_hipocentro": -30.37, "lon_hipocentro": -72.15, "banda_prof": "5-30", "region": "OFF COAST OF CENTRAL CHI", "beachball": "beachballs/bb_0166.png", "np1_rumbo": 0, "np1_manteo": 22, "np1_cabeceo": 95, "np2_rumbo": 175, "np2_manteo": 68, "np2_cabeceo": 88, "lat_centroide": -30.39, "lon_centroide": -72.26}}, {"type": "Feature", "geometry": {"type": "Point", "coordinates": [-74.15, -37.57]}, "properties": {"fecha": "2010/04/16", "hora": "22:41:32.0", "mw": 5.63, "mb": 5.4, "ms": 5.7, "prof_centroide_km": 12.0, "prof_hipocentro_km": 28.1, "lat_hipocentro": -37.57, "lon_hipocentro": -74.15, "banda_prof": "5-30", "region": "OFF COAST OF CENTRAL CHI", "beachball": "beachballs/bb_0167.png", "np1_rumbo": 360, "np1_manteo": 15, "np1_cabeceo": 90, "np2_rumbo": 180, "np2_manteo": 75, "np2_cabeceo": 90, "lat_centroide": -37.69, "lon_centroide": -74.25}}, {"type": "Feature", "geometry": {"type": "Point", "coordinates": [-73.28, -36.56]}, "properties": {"fecha": "2011/02/13", "hora": "13:44:36.4", "mw": 5.63, "mb": 5.4, "ms": 5.6, "prof_centroide_km": 17.8, "prof_hipocentro_km": 18.8, "lat_hipocentro": -36.56, "lon_hipocentro": -73.28, "banda_prof": "5-30", "region": "NEAR COAST OF CENTRAL CH", "beachball": "beachballs/bb_0168.png", "np1_rumbo": 9, "np1_manteo": 15, "np1_cabeceo": 95, "np2_rumbo": 184, "np2_manteo": 75, "np2_cabeceo": 89, "lat_centroide": -36.75, "lon_centroide": -73.74}}, {"type": "Feature", "geometry": {"type": "Point", "coordinates": [-73.88, -37.46]}, "properties": {"fecha": "2012/02/11", "hora": "02:58:17.0", "mw": 5.63, "mb": 5.6, "ms": 5.7, "prof_centroide_km": 24.4, "prof_hipocentro_km": 20.2, "lat_hipocentro": -37.46, "lon_hipocentro": -73.88, "banda_prof": "5-30", "region": "NEAR COAST OF CENTRAL CH", "beachball": "beachballs/bb_0169.png", "np1_rumbo": 3, "np1_manteo": 22, "np1_cabeceo": 93, "np2_rumbo": 180, "np2_manteo": 68, "np2_cabeceo": 89, "lat_centroide": -37.54, "lon_centroide": -73.68}}, {"type": "Feature", "geometry": {"type": "Point", "coordinates": [-71.85, -17.55]}, "properties": {"fecha": "1990/06/08", "hora": "13:49:22.6", "mw": 5.62, "mb": 5.5, "ms": 5.4, "prof_centroide_km": 15.0, "prof_hipocentro_km": 26.0, "lat_hipocentro": -17.55, "lon_hipocentro": -71.85, "banda_prof": "5-30", "region": "NEAR PERU COAST", "beachball": "beachballs/bb_0170.png", "np1_rumbo": 274, "np1_manteo": 48, "np1_cabeceo": 32, "np2_rumbo": 161, "np2_manteo": 66, "np2_cabeceo": 133, "lat_centroide": -18.33, "lon_centroide": -71.67}}, {"type": "Feature", "geometry": {"type": "Point", "coordinates": [-72.9, -35.41]}, "properties": {"fecha": "2010/03/28", "hora": "21:43:13.6", "mw": 5.62, "mb": 5.5, "ms": 5.8, "prof_centroide_km": 17.1, "prof_hipocentro_km": 21.5, "lat_hipocentro": -35.41, "lon_hipocentro": -72.9, "banda_prof": "5-30", "region": "NEAR COAST OF CENTRAL CH", "beachball": "beachballs/bb_0171.png", "np1_rumbo": 7, "np1_manteo": 16, "np1_cabeceo": 86, "np2_rumbo": 191, "np2_manteo": 74, "np2_cabeceo": 91, "lat_centroide": -35.45, "lon_centroide": -73.44}}, {"type": "Feature", "geometry": {"type": "Point", "coordinates": [-71.84, -31.59]}, "properties": {"fecha": "2007/03/29", "hora": "14:40:44.1", "mw": 5.61, "mb": 5.4, "ms": 5.6, "prof_centroide_km": 26.6, "prof_hipocentro_km": 25.1, "lat_hipocentro": -31.59, "lon_hipocentro": -71.84, "banda_prof": "5-30", "region": "NEAR COAST OF CENTRAL CH", "beachball": "beachballs/bb_0172.png", "np1_rumbo": 12, "np1_manteo": 19, "np1_cabeceo": 91, "np2_rumbo": 191, "np2_manteo": 71, "np2_cabeceo": 90, "lat_centroide": -31.63, "lon_centroide": -72.16}}, {"type": "Feature", "geometry": {"type": "Point", "coordinates": [-72.49, -35.04]}, "properties": {"fecha": "2010/03/01", "hora": "02:44:42.2", "mw": 5.61, "mb": 5.9, "ms": 5.7, "prof_centroide_km": 18.9, "prof_hipocentro_km": 22.9, "lat_hipocentro": -35.04, "lon_hipocentro": -72.49, "banda_prof": "5-30", "region": "NEAR COAST OF CENTRAL CH", "beachball": "beachballs/bb_0173.png", "np1_rumbo": 302, "np1_manteo": 29, "np1_cabeceo": 32, "np2_rumbo": 183, "np2_manteo": 75, "np2_cabeceo": 115, "lat_centroide": -35.22, "lon_centroide": -72.75}}, {"type": "Feature", "geometry": {"type": "Point", "coordinates": [-75.04, -37.91]}, "properties": {"fecha": "2010/06/28", "hora": "00:59:47.0", "mw": 5.61, "mb": 5.6, "ms": 5.8, "prof_centroide_km": 20.4, "prof_hipocentro_km": 28.2, "lat_hipocentro": -37.91, "lon_hipocentro": -75.04, "banda_prof": "5-30", "region": "OFF COAST OF CENTRAL CHI", "beachball": "beachballs/bb_0174.png", "np1_rumbo": 41, "np1_manteo": 39, "np1_cabeceo": -59, "np2_rumbo": 184, "np2_manteo": 57, "np2_cabeceo": -113, "lat_centroide": -37.91, "lon_centroide": -75.34}}, {"type": "Feature", "geometry": {"type": "Point", "coordinates": [-71.75, -30.81]}, "properties": {"fecha": "2015/12/08", "hora": "12:56:07.4", "mw": 5.61, "mb": 0.0, "ms": 5.6, "prof_centroide_km": 35.4, "prof_hipocentro_km": 25.0, "lat_hipocentro": -30.81, "lon_hipocentro": -71.75, "banda_prof": "5-30", "region": "NEAR COAST OF CENTRAL CH", "beachball": "beachballs/bb_0175.png", "np1_rumbo": 354, "np1_manteo": 24, "np1_cabeceo": 91, "np2_rumbo": 173, "np2_manteo": 66, "np2_cabeceo": 89, "lat_centroide": -30.92, "lon_centroide": -71.89}}, {"type": "Feature", "geometry": {"type": "Point", "coordinates": [-72.2, -30.53]}, "properties": {"fecha": "2015/09/19", "hora": "13:08:57.8", "mw": 5.6, "mb": 0.0, "ms": 5.6, "prof_centroide_km": 23.0, "prof_hipocentro_km": 10.0, "lat_hipocentro": -30.53, "lon_hipocentro": -72.2, "banda_prof": "5-30", "region": "OFF COAST OF CENTRAL CHI", "beachball": "beachballs/bb_0176.png", "np1_rumbo": 359, "np1_manteo": 26, "np1_cabeceo": 100, "np2_rumbo": 168, "np2_manteo": 65, "np2_cabeceo": 85, "lat_centroide": -30.71, "lon_centroide": -72.18}}, {"type": "Feature", "geometry": {"type": "Point", "coordinates": [-74.91, -37.58]}, "properties": {"fecha": "1993/03/17", "hora": "04:36:01.6", "mw": 5.59, "mb": 5.8, "ms": 0.0, "prof_centroide_km": 15.0, "prof_hipocentro_km": 30.0, "lat_hipocentro": -37.58, "lon_hipocentro": -74.91, "banda_prof": "5-30", "region": "OFF CENTRAL CHILE COAST", "beachball": "beachballs/bb_0177.png", "np1_rumbo": 224, "np1_manteo": 30, "np1_cabeceo": -37, "np2_rumbo": 348, "np2_manteo": 72, "np2_cabeceo": -115, "lat_centroide": -38.67, "lon_centroide": -75.37}}, {"type": "Feature", "geometry": {"type": "Point", "coordinates": [-69.46, -33.19]}, "properties": {"fecha": "1980/01/14", "hora": "21:51:01.8", "mw": 5.58, "mb": 5.6, "ms": 5.2, "prof_centroide_km": 15.0, "prof_hipocentro_km": 14.0, "lat_hipocentro": -33.19, "lon_hipocentro": -69.46, "banda_prof": "5-30", "region": "CHILE-ARGENTINA BORDER", "beachball": "beachballs/bb_0178.png", "np1_rumbo": 141, "np1_manteo": 69, "np1_cabeceo": 5, "np2_rumbo": 49, "np2_manteo": 85, "np2_cabeceo": 159, "lat_centroide": -33.27, "lon_centroide": -69.42}}, {"type": "Feature", "geometry": {"type": "Point", "coordinates": [-74.26, -36.25]}, "properties": {"fecha": "2010/09/30", "hora": "00:26:10.0", "mw": 5.58, "mb": 5.6, "ms": 5.8, "prof_centroide_km": 12.4, "prof_hipocentro_km": 20.2, "lat_hipocentro": -36.25, "lon_hipocentro": -74.26, "banda_prof": "5-30", "region": "OFF COAST OF CENTRAL CHI", "beachball": "beachballs/bb_0179.png", "np1_rumbo": 9, "np1_manteo": 17, "np1_cabeceo": 98, "np2_rumbo": 180, "np2_manteo": 73, "np2_cabeceo": 87, "lat_centroide": -36.51, "lon_centroide": -74.07}}, {"type": "Feature", "geometry": {"type": "Point", "coordinates": [-70.68, -24.94]}, "properties": {"fecha": "2009/10/10", "hora": "15:26:19.8", "mw": 5.57, "mb": 5.2, "ms": 0.0, "prof_centroide_km": 17.3, "prof_hipocentro_km": 20.2, "lat_hipocentro": -24.94, "lon_hipocentro": -70.68, "banda_prof": "5-30", "region": "NEAR COAST OF NORTHERN C", "beachball": "beachballs/bb_0180.png", "np1_rumbo": 2, "np1_manteo": 24, "np1_cabeceo": 106, "np2_rumbo": 165, "np2_manteo": 67, "np2_cabeceo": 83, "lat_centroide": -25.02, "lon_centroide": -71.22}}, {"type": "Feature", "geometry": {"type": "Point", "coordinates": [-73.75, -37.16]}, "properties": {"fecha": "2010/04/18", "hora": "01:49:38.5", "mw": 5.57, "mb": 5.1, "ms": 5.6, "prof_centroide_km": 14.9, "prof_hipocentro_km": 29.9, "lat_hipocentro": -37.16, "lon_hipocentro": -73.75, "banda_prof": "5-30", "region": "NEAR COAST OF CENTRAL CH", "beachball": "beachballs/bb_0181.png", "np1_rumbo": 4, "np1_manteo": 19, "np1_cabeceo": 93, "np2_rumbo": 180, "np2_manteo": 71, "np2_cabeceo": 89, "lat_centroide": -37.41, "lon_centroide": -74.19}}, {"type": "Feature", "geometry": {"type": "Point", "coordinates": [-70.92, -20.51]}, "properties": {"fecha": "2014/04/08", "hora": "10:14:31.6", "mw": 5.57, "mb": 0.0, "ms": 5.6, "prof_centroide_km": 12.4, "prof_hipocentro_km": 6.0, "lat_hipocentro": -20.51, "lon_hipocentro": -70.92, "banda_prof": "5-30", "region": "NEAR COAST OF NORTHERN C", "beachball": "beachballs/bb_0182.png", "np1_rumbo": 1, "np1_manteo": 18, "np1_cabeceo": 70, "np2_rumbo": 202, "np2_manteo": 73, "np2_cabeceo": 97, "lat_centroide": -20.62, "lon_centroide": -71.15}}, {"type": "Feature", "geometry": {"type": "Point", "coordinates": [-68.71, -33.13]}, "properties": {"fecha": "2006/08/05", "hora": "14:03:43.8", "mw": 5.56, "mb": 5.7, "ms": 5.6, "prof_centroide_km": 32.0, "prof_hipocentro_km": 22.0, "lat_hipocentro": -33.13, "lon_hipocentro": -68.71, "banda_prof": "5-30", "region": "MENDOZA PROVINCE, ARGENT", "beachball": "beachballs/bb_0183.png", "np1_rumbo": 137, "np1_manteo": 39, "np1_cabeceo": 44, "np2_rumbo": 10, "np2_manteo": 64, "np2_cabeceo": 120, "lat_centroide": -33.2, "lon_centroide": -68.86}}, {"type": "Feature", "geometry": {"type": "Point", "coordinates": [-70.95, -19.72]}, "properties": {"fecha": "2014/03/22", "hora": "13:29:58.4", "mw": 5.56, "mb": 0.0, "ms": 5.6, "prof_centroide_km": 22.8, "prof_hipocentro_km": 17.0, "lat_hipocentro": -19.72, "lon_hipocentro": -70.95, "banda_prof": "5-30", "region": "NEAR COAST OF NORTHERN C", "beachball": "beachballs/bb_0184.png", "np1_rumbo": 349, "np1_manteo": 26, "np1_cabeceo": 88, "np2_rumbo": 170, "np2_manteo": 64, "np2_cabeceo": 91, "lat_centroide": -19.67, "lon_centroide": -71.2}}, {"type": "Feature", "geometry": {"type": "Point", "coordinates": [-72.09, -33.0]}, "properties": {"fecha": "2017/04/23", "hora": "19:40:10.8", "mw": 5.56, "mb": 0.0, "ms": 5.6, "prof_centroide_km": 22.3, "prof_hipocentro_km": 20.0, "lat_hipocentro": -33.0, "lon_hipocentro": -72.09, "banda_prof": "5-30", "region": "OFF COAST OF CENTRAL CHI", "beachball": "beachballs/bb_0185.png", "np1_rumbo": 355, "np1_manteo": 24, "np1_cabeceo": 87, "np2_rumbo": 178, "np2_manteo": 66, "np2_cabeceo": 91, "lat_centroide": -33.16, "lon_centroide": -72.17}}, {"type": "Feature", "geometry": {"type": "Point", "coordinates": [-72.4, -33.92]}, "properties": {"fecha": "2018/12/01", "hora": "23:55:24.7", "mw": 5.56, "mb": 0.0, "ms": 5.4, "prof_centroide_km": 19.7, "prof_hipocentro_km": 10.0, "lat_hipocentro": -33.92, "lon_hipocentro": -72.4, "banda_prof": "5-30", "region": "OFF COAST OF CENTRAL CHI", "beachball": "beachballs/bb_0186.png", "np1_rumbo": 8, "np1_manteo": 20, "np1_cabeceo": 93, "np2_rumbo": 185, "np2_manteo": 70, "np2_cabeceo": 89, "lat_centroide": -33.95, "lon_centroide": -72.55}}, {"type": "Feature", "geometry": {"type": "Point", "coordinates": [-73.4, -37.43]}, "properties": {"fecha": "2013/09/29", "hora": "23:23:18.3", "mw": 5.55, "mb": 0.0, "ms": 5.0, "prof_centroide_km": 21.7, "prof_hipocentro_km": 27.1, "lat_hipocentro": -37.43, "lon_hipocentro": -73.4, "banda_prof": "5-30", "region": "NEAR COAST OF CENTRAL CH", "beachball": "beachballs/bb_0187.png", "np1_rumbo": 358, "np1_manteo": 20, "np1_cabeceo": 86, "np2_rumbo": 182, "np2_manteo": 70, "np2_cabeceo": 91, "lat_centroide": -37.57, "lon_centroide": -73.81}}, {"type": "Feature", "geometry": {"type": "Point", "coordinates": [-71.82, -31.18]}, "properties": {"fecha": "2015/10/12", "hora": "03:15:19.2", "mw": 5.55, "mb": 0.0, "ms": 5.6, "prof_centroide_km": 32.5, "prof_hipocentro_km": 21.0, "lat_hipocentro": -31.18, "lon_hipocentro": -71.82, "banda_prof": "5-30", "region": "NEAR COAST OF CENTRAL CH", "beachball": "beachballs/bb_0188.png", "np1_rumbo": 355, "np1_manteo": 28, "np1_cabeceo": 97, "np2_rumbo": 167, "np2_manteo": 62, "np2_cabeceo": 86, "lat_centroide": -31.28, "lon_centroide": -71.96}}, {"type": "Feature", "geometry": {"type": "Point", "coordinates": [-71.01, -25.9]}, "properties": {"fecha": "2019/04/26", "hora": "06:22:34.3", "mw": 5.55, "mb": 0.0, "ms": 5.5, "prof_centroide_km": 34.1, "prof_hipocentro_km": 29.0, "lat_hipocentro": -25.9, "lon_hipocentro": -71.01, "banda_prof": "5-30", "region": "OFF COAST OF NORTHERN CH", "beachball": "beachballs/bb_0189.png", "np1_rumbo": 10, "np1_manteo": 46, "np1_cabeceo": 74, "np2_rumbo": 213, "np2_manteo": 46, "np2_cabeceo": 106, "lat_centroide": -25.81, "lon_centroide": -71.1}}, {"type": "Feature", "geometry": {"type": "Point", "coordinates": [-71.46, -27.82]}, "properties": {"fecha": "2001/02/22", "hora": "07:55:51.5", "mw": 5.54, "mb": 5.0, "ms": 0.0, "prof_centroide_km": 27.3, "prof_hipocentro_km": 29.6, "lat_hipocentro": -27.82, "lon_hipocentro": -71.46, "banda_prof": "5-30", "region": "NEAR COAST OF NORTHERN C", "beachball": "beachballs/bb_0190.png", "np1_rumbo": 6, "np1_manteo": 12, "np1_cabeceo": 119, "np2_rumbo": 157, "np2_manteo": 80, "np2_cabeceo": 84, "lat_centroide": -27.47, "lon_centroide": -71.63}}, {"type": "Feature", "geometry": {"type": "Point", "coordinates": [-70.9, -19.99]}, "properties": {"fecha": "2014/05/17", "hora": "09:11:05.4", "mw": 5.54, "mb": 0.0, "ms": 5.6, "prof_centroide_km": 18.5, "prof_hipocentro_km": 5.6, "lat_hipocentro": -19.99, "lon_hipocentro": -70.9, "banda_prof": "5-30", "region": "NEAR COAST OF NORTHERN C", "beachball": "beachballs/bb_0191.png", "np1_rumbo": 344, "np1_manteo": 25, "np1_cabeceo": 86, "np2_rumbo": 169, "np2_manteo": 65, "np2_cabeceo": 92, "lat_centroide": -19.98, "lon_centroide": -71.15}}, {"type": "Feature", "geometry": {"type": "Point", "coordinates": [-70.92, -19.8]}, "properties": {"fecha": "2014/06/20", "hora": "19:53:31.9", "mw": 5.54, "mb": 0.0, "ms": 5.6, "prof_centroide_km": 20.7, "prof_hipocentro_km": 12.8, "lat_hipocentro": -19.8, "lon_hipocentro": -70.92, "banda_prof": "5-30", "region": "NEAR COAST OF NORTHERN C", "beachball": "beachballs/bb_0192.png", "np1_rumbo": 349, "np1_manteo": 24, "np1_cabeceo": 94, "np2_rumbo": 164, "np2_manteo": 66, "np2_cabeceo": 88, "lat_centroide": -19.75, "lon_centroide": -71.19}}, {"type": "Feature", "geometry": {"type": "Point", "coordinates": [-73.98, -37.44]}, "properties": {"fecha": "2018/02/08", "hora": "21:19:24.8", "mw": 5.54, "mb": 0.0, "ms": 5.6, "prof_centroide_km": 12.2, "prof_hipocentro_km": 4.3, "lat_hipocentro": -37.44, "lon_hipocentro": -73.98, "banda_prof": "0-5", "region": "NEAR COAST OF CENTRAL CH", "beachball": "beachballs/bb_0193.png", "np1_rumbo": 27, "np1_manteo": 17, "np1_cabeceo": 111, "np2_rumbo": 185, "np2_manteo": 74, "np2_cabeceo": 84, "lat_centroide": -37.58, "lon_centroide": -74.19}}, {"type": "Feature", "geometry": {"type": "Point", "coordinates": [-72.6, -33.68]}, "properties": {"fecha": "2019/03/02", "hora": "20:21:52.6", "mw": 5.54, "mb": 0.0, "ms": 5.5, "prof_centroide_km": 16.7, "prof_hipocentro_km": 10.4, "lat_hipocentro": -33.68, "lon_hipocentro": -72.6, "banda_prof": "5-30", "region": "OFF COAST OF CENTRAL CHI", "beachball": "beachballs/bb_0194.png", "np1_rumbo": 352, "np1_manteo": 17, "np1_cabeceo": 68, "np2_rumbo": 195, "np2_manteo": 74, "np2_cabeceo": 97, "lat_centroide": -33.67, "lon_centroide": -72.69}}, {"type": "Feature", "geometry": {"type": "Point", "coordinates": [-74.81, -39.08]}, "properties": {"fecha": "1981/09/19", "hora": "11:40:56.9", "mw": 5.53, "mb": 5.6, "ms": 4.8, "prof_centroide_km": 15.0, "prof_hipocentro_km": 30.0, "lat_hipocentro": -39.08, "lon_hipocentro": -74.81, "banda_prof": "5-30", "region": "OFF COAST OF CENT. CHILE", "beachball": "beachballs/bb_0195.png", "np1_rumbo": 206, "np1_manteo": 38, "np1_cabeceo": -53, "np2_rumbo": 342, "np2_manteo": 61, "np2_cabeceo": -116, "lat_centroide": -39.45, "lon_centroide": -74.94}}, {"type": "Feature", "geometry": {"type": "Point", "coordinates": [-74.65, -39.37]}, "properties": {"fecha": "1994/04/28", "hora": "16:44:54.0", "mw": 5.53, "mb": 5.7, "ms": 0.0, "prof_centroide_km": 15.0, "prof_hipocentro_km": 27.0, "lat_hipocentro": -39.37, "lon_hipocentro": -74.65, "banda_prof": "5-30", "region": "OFF COAST OF CENTRAL CHI", "beachball": "beachballs/bb_0196.png", "np1_rumbo": 225, "np1_manteo": 51, "np1_cabeceo": -44, "np2_rumbo": 346, "np2_manteo": 57, "np2_cabeceo": -132, "lat_centroide": -39.95, "lon_centroide": -75.72}}, {"type": "Feature", "geometry": {"type": "Point", "coordinates": [-74.85, -40.75]}, "properties": {"fecha": "1998/12/26", "hora": "11:20:22.1", "mw": 5.53, "mb": 5.2, "ms": 0.0, "prof_centroide_km": 15.4, "prof_hipocentro_km": 10.0, "lat_hipocentro": -40.75, "lon_hipocentro": -74.85, "banda_prof": "5-30", "region": "OFF COAST OF SOUTHERN CH", "beachball": "beachballs/bb_0197.png", "np1_rumbo": 187, "np1_manteo": 18, "np1_cabeceo": -89, "np2_rumbo": 6, "np2_manteo": 72, "np2_cabeceo": -90, "lat_centroide": -40.9, "lon_centroide": -75.74}}, {"type": "Feature", "geometry": {"type": "Point", "coordinates": [-74.87, -40.02]}, "properties": {"fecha": "2003/11/12", "hora": "01:54:24.3", "mw": 5.53, "mb": 5.5, "ms": 5.1, "prof_centroide_km": 21.8, "prof_hipocentro_km": 29.6, "lat_hipocentro": -40.02, "lon_hipocentro": -74.87, "banda_prof": "5-30", "region": "OFF COAST OF SOUTHERN CH", "beachball": "beachballs/bb_0198.png", "np1_rumbo": 216, "np1_manteo": 33, "np1_cabeceo": -83, "np2_rumbo": 27, "np2_manteo": 57, "np2_cabeceo": -95, "lat_centroide": -40.56, "lon_centroide": -75.52}}, {"type": "Feature", "geometry": {"type": "Point", "coordinates": [-71.11, -37.94]}, "properties": {"fecha": "2006/12/31", "hora": "14:55:02.5", "mw": 5.53, "mb": 5.5, "ms": 5.6, "prof_centroide_km": 17.7, "prof_hipocentro_km": 20.6, "lat_hipocentro": -37.94, "lon_hipocentro": -71.11, "banda_prof": "5-30", "region": "S. CHILE-ARGENTINA BORDE", "beachball": "beachballs/bb_0199.png", "np1_rumbo": 31, "np1_manteo": 86, "np1_cabeceo": 178, "np2_rumbo": 121, "np2_manteo": 88, "np2_cabeceo": 4, "lat_centroide": -38.04, "lon_centroide": -71.4}}, {"type": "Feature", "geometry": {"type": "Point", "coordinates": [-73.36, -37.74]}, "properties": {"fecha": "2010/10/23", "hora": "05:58:27.7", "mw": 5.53, "mb": 5.7, "ms": 5.5, "prof_centroide_km": 21.2, "prof_hipocentro_km": 15.0, "lat_hipocentro": -37.74, "lon_hipocentro": -73.36, "banda_prof": "5-30", "region": "NEAR COAST OF CENTRAL CH", "beachball": "beachballs/bb_0200.png", "np1_rumbo": 31, "np1_manteo": 16, "np1_cabeceo": 123, "np2_rumbo": 177, "np2_manteo": 76, "np2_cabeceo": 81, "lat_centroide": -37.91, "lon_centroide": -73.88}}, {"type": "Feature", "geometry": {"type": "Point", "coordinates": [-72.34, -33.91]}, "properties": {"fecha": "2011/06/29", "hora": "05:36:46.0", "mw": 5.53, "mb": 5.5, "ms": 5.5, "prof_centroide_km": 18.9, "prof_hipocentro_km": 19.7, "lat_hipocentro": -33.91, "lon_hipocentro": -72.34, "banda_prof": "5-30", "region": "OFF COAST OF CENTRAL CHI", "beachball": "beachballs/bb_0201.png", "np1_rumbo": 13, "np1_manteo": 18, "np1_cabeceo": 100, "np2_rumbo": 183, "np2_manteo": 72, "np2_cabeceo": 87, "lat_centroide": -33.98, "lon_centroide": -72.54}}, {"type": "Feature", "geometry": {"type": "Point", "coordinates": [-73.28, -35.88]}, "properties": {"fecha": "2015/12/10", "hora": "00:09:32.8", "mw": 5.53, "mb": 0.0, "ms": 5.5, "prof_centroide_km": 18.9, "prof_hipocentro_km": 10.0, "lat_hipocentro": -35.88, "lon_hipocentro": -73.28, "banda_prof": "5-30", "region": "OFF COAST OF CENTRAL CHI", "beachball": "beachballs/bb_0202.png", "np1_rumbo": 23, "np1_manteo": 13, "np1_cabeceo": 103, "np2_rumbo": 190, "np2_manteo": 77, "np2_cabeceo": 87, "lat_centroide": -35.97, "lon_centroide": -73.45}}, {"type": "Feature", "geometry": {"type": "Point", "coordinates": [-73.28, -37.84]}, "properties": {"fecha": "2010/06/29", "hora": "01:40:00.6", "mw": 5.52, "mb": 6.0, "ms": 6.1, "prof_centroide_km": 18.9, "prof_hipocentro_km": 17.0, "lat_hipocentro": -37.84, "lon_hipocentro": -73.28, "banda_prof": "5-30", "region": "NEAR COAST OF CENTRAL CH", "beachball": "beachballs/bb_0203.png", "np1_rumbo": 330, "np1_manteo": 27, "np1_cabeceo": 126, "np2_rumbo": 110, "np2_manteo": 69, "np2_cabeceo": 73, "lat_centroide": -37.91, "lon_centroide": -73.72}}, {"type": "Feature", "geometry": {"type": "Point", "coordinates": [-72.01, -33.24]}, "properties": {"fecha": "2017/04/28", "hora": "15:58:34.3", "mw": 5.52, "mb": 0.0, "ms": 5.4, "prof_centroide_km": 24.0, "prof_hipocentro_km": 22.5, "lat_hipocentro": -33.24, "lon_hipocentro": -72.01, "banda_prof": "5-30", "region": "OFF COAST OF CENTRAL CHI", "beachball": "beachballs/bb_0204.png", "np1_rumbo": 349, "np1_manteo": 18, "np1_cabeceo": 97, "np2_rumbo": 162, "np2_manteo": 72, "np2_cabeceo": 88, "lat_centroide": -33.35, "lon_centroide": -72.06}}, {"type": "Feature", "geometry": {"type": "Point", "coordinates": [-70.6, -22.84]}, "properties": {"fecha": "2007/11/16", "hora": "08:42:39.0", "mw": 5.51, "mb": 5.4, "ms": 5.1, "prof_centroide_km": 26.4, "prof_hipocentro_km": 14.8, "lat_hipocentro": -22.84, "lon_hipocentro": -70.6, "banda_prof": "5-30", "region": "NEAR COAST OF NORTHERN C", "beachball": "beachballs/bb_0205.png", "np1_rumbo": 7, "np1_manteo": 19, "np1_cabeceo": 111, "np2_rumbo": 165, "np2_manteo": 72, "np2_cabeceo": 83, "lat_centroide": -22.89, "lon_centroide": -70.79}}, {"type": "Feature", "geometry": {"type": "Point", "coordinates": [-70.14, -19.72]}, "properties": {"fecha": "2007/03/24", "hora": "19:13:50.6", "mw": 5.5, "mb": 5.8, "ms": 5.7, "prof_centroide_km": 32.8, "prof_hipocentro_km": 30.0, "lat_hipocentro": -19.72, "lon_hipocentro": -70.14, "banda_prof": "5-30", "region": "NEAR COAST OF NORTHERN C", "beachball": "beachballs/bb_0206.png", "np1_rumbo": 107, "np1_manteo": 41, "np1_cabeceo": 100, "np2_rumbo": 274, "np2_manteo": 50, "np2_cabeceo": 81, "lat_centroide": -19.85, "lon_centroide": -70.48}}, {"type": "Feature", "geometry": {"type": "Point", "coordinates": [-71.62, -31.7]}, "properties": {"fecha": "2015/08/12", "hora": "00:14:40.3", "mw": 5.5, "mb": 0.0, "ms": 5.5, "prof_centroide_km": 38.0, "prof_hipocentro_km": 30.0, "lat_hipocentro": -31.7, "lon_hipocentro": -71.62, "banda_prof": "5-30", "region": "NEAR COAST OF CENTRAL CH", "beachball": "beachballs/bb_0207.png", "np1_rumbo": 345, "np1_manteo": 27, "np1_cabeceo": 83, "np2_rumbo": 172, "np2_manteo": 63, "np2_cabeceo": 93, "lat_centroide": -31.84, "lon_centroide": -71.79}}, {"type": "Feature", "geometry": {"type": "Point", "coordinates": [-67.76, -31.15]}, "properties": {"fecha": "2002/07/02", "hora": "20:21:00.2", "mw": 5.49, "mb": 5.5, "ms": 5.0, "prof_centroide_km": 27.0, "prof_hipocentro_km": 27.0, "lat_hipocentro": -31.15, "lon_hipocentro": -67.76, "banda_prof": "5-30", "region": "SAN JUAN PROVINCE, ARGEN", "beachball": "beachballs/bb_0208.png", "np1_rumbo": 156, "np1_manteo": 40, "np1_cabeceo": 15, "np2_rumbo": 54, "np2_manteo": 81, "np2_cabeceo": 129, "lat_centroide": -31.43, "lon_centroide": -68.19}}, {"type": "Feature", "geometry": {"type": "Point", "coordinates": [-73.85, -37.95]}, "properties": {"fecha": "2011/09/28", "hora": "22:40:12.9", "mw": 5.48, "mb": 5.2, "ms": 5.6, "prof_centroide_km": 12.0, "prof_hipocentro_km": 10.0, "lat_hipocentro": -37.95, "lon_hipocentro": -73.85, "banda_prof": "5-30", "region": "NEAR COAST OF CENTRAL CH", "beachball": "beachballs/bb_0209.png", "np1_rumbo": 6, "np1_manteo": 15, "np1_cabeceo": 82, "np2_rumbo": 194, "np2_manteo": 75, "np2_cabeceo": 92, "lat_centroide": -38.05, "lon_centroide": -74.45}}, {"type": "Feature", "geometry": {"type": "Point", "coordinates": [-66.37, -28.34]}, "properties": {"fecha": "1989/06/24", "hora": "12:58:38.9", "mw": 5.47, "mb": 5.5, "ms": 0.0, "prof_centroide_km": 21.0, "prof_hipocentro_km": 21.0, "lat_hipocentro": -28.34, "lon_hipocentro": -66.37, "banda_prof": "5-30", "region": "CATAMARCA PROV ARGENTINA", "beachball": "beachballs/bb_0210.png", "np1_rumbo": 88, "np1_manteo": 77, "np1_cabeceo": -172, "np2_rumbo": 357, "np2_manteo": 82, "np2_cabeceo": -13, "lat_centroide": -28.53, "lon_centroide": -66.2}}, {"type": "Feature", "geometry": {"type": "Point", "coordinates": [-72.3, -50.37]}, "properties": {"fecha": "1992/07/30", "hora": "13:14:51.3", "mw": 5.47, "mb": 5.4, "ms": 5.5, "prof_centroide_km": 15.0, "prof_hipocentro_km": 10.0, "lat_hipocentro": -50.37, "lon_hipocentro": -72.3, "banda_prof": "5-30", "region": "S CHILE-ARGENTINA BORDER", "beachball": "beachballs/bb_0211.png", "np1_rumbo": 31, "np1_manteo": 25, "np1_cabeceo": 114, "np2_rumbo": 184, "np2_manteo": 67, "np2_cabeceo": 79, "lat_centroide": -51.12, "lon_centroide": -72.59}}, {"type": "Feature", "geometry": {"type": "Point", "coordinates": [-71.8, -31.02]}, "properties": {"fecha": "2015/09/21", "hora": "15:37:08.0", "mw": 5.47, "mb": 0.0, "ms": 5.4, "prof_centroide_km": 31.0, "prof_hipocentro_km": 24.9, "lat_hipocentro": -31.02, "lon_hipocentro": -71.8, "banda_prof": "5-30", "region": "NEAR COAST OF CENTRAL CH", "beachball": "beachballs/bb_0212.png", "np1_rumbo": 353, "np1_manteo": 24, "np1_cabeceo": 90, "np2_rumbo": 172, "np2_manteo": 66, "np2_cabeceo": 90, "lat_centroide": -31.17, "lon_centroide": -71.95}}, {"type": "Feature", "geometry": {"type": "Point", "coordinates": [-72.03, -33.14]}, "properties": {"fecha": "2017/04/25", "hora": "01:43:04.0", "mw": 5.47, "mb": 0.0, "ms": 5.2, "prof_centroide_km": 31.1, "prof_hipocentro_km": 21.5, "lat_hipocentro": -33.14, "lon_hipocentro": -72.03, "banda_prof": "5-30", "region": "OFF COAST OF CENTRAL CHI", "beachball": "beachballs/bb_0213.png", "np1_rumbo": 16, "np1_manteo": 24, "np1_cabeceo": 107, "np2_rumbo": 178, "np2_manteo": 67, "np2_cabeceo": 83, "lat_centroide": -33.35, "lon_centroide": -72.31}}, {"type": "Feature", "geometry": {"type": "Point", "coordinates": [-71.96, -33.29]}, "properties": {"fecha": "2017/04/28", "hora": "17:41:48.9", "mw": 5.47, "mb": 0.0, "ms": 5.3, "prof_centroide_km": 24.2, "prof_hipocentro_km": 17.6, "lat_hipocentro": -33.29, "lon_hipocentro": -71.96, "banda_prof": "5-30", "region": "NEAR COAST OF CENTRAL CH", "beachball": "beachballs/bb_0214.png", "np1_rumbo": 5, "np1_manteo": 18, "np1_cabeceo": 90, "np2_rumbo": 185, "np2_manteo": 72, "np2_cabeceo": 90, "lat_centroide": -33.27, "lon_centroide": -72.0}}, {"type": "Feature", "geometry": {"type": "Point", "coordinates": [-73.26, -35.39]}, "properties": {"fecha": "2017/07/12", "hora": "09:08:17.5", "mw": 5.47, "mb": 0.0, "ms": 5.6, "prof_centroide_km": 12.3, "prof_hipocentro_km": 10.0, "lat_hipocentro": -35.39, "lon_hipocentro": -73.26, "banda_prof": "5-30", "region": "OFF COAST OF CENTRAL CHI", "beachball": "beachballs/bb_0215.png", "np1_rumbo": 28, "np1_manteo": 16, "np1_cabeceo": 112, "np2_rumbo": 185, "np2_manteo": 75, "np2_cabeceo": 84, "lat_centroide": -35.5, "lon_centroide": -73.34}}, {"type": "Feature", "geometry": {"type": "Point", "coordinates": [-74.96, -39.04]}, "properties": {"fecha": "1992/10/01", "hora": "08:18:52.0", "mw": 5.46, "mb": 5.6, "ms": 4.9, "prof_centroide_km": 15.0, "prof_hipocentro_km": 29.0, "lat_hipocentro": -39.04, "lon_hipocentro": -74.96, "banda_prof": "5-30", "region": "OFF CENTRAL CHILE COAST", "beachball": "beachballs/bb_0216.png", "np1_rumbo": 35, "np1_manteo": 42, "np1_cabeceo": -51, "np2_rumbo": 167, "np2_manteo": 58, "np2_cabeceo": -120, "lat_centroide": -39.04, "lon_centroide": -74.96}}, {"type": "Feature", "geometry": {"type": "Point", "coordinates": [-73.47, -35.54]}, "properties": {"fecha": "2010/03/19", "hora": "08:54:44.0", "mw": 5.46, "mb": 5.4, "ms": 5.9, "prof_centroide_km": 15.0, "prof_hipocentro_km": 14.4, "lat_hipocentro": -35.54, "lon_hipocentro": -73.47, "banda_prof": "5-30", "region": "OFF COAST OF CENTRAL CHI", "beachball": "beachballs/bb_0217.png", "np1_rumbo": 27, "np1_manteo": 10, "np1_cabeceo": 118, "np2_rumbo": 178, "np2_manteo": 81, "np2_cabeceo": 85, "lat_centroide": -35.67, "lon_centroide": -73.33}}, {"type": "Feature", "geometry": {"type": "Point", "coordinates": [-71.52, -30.07]}, "properties": {"fecha": "2016/06/06", "hora": "13:21:59.2", "mw": 5.46, "mb": 0.0, "ms": 5.4, "prof_centroide_km": 39.6, "prof_hipocentro_km": 29.5, "lat_hipocentro": -30.07, "lon_hipocentro": -71.52, "banda_prof": "5-30", "region": "NEAR COAST OF CENTRAL CH", "beachball": "beachballs/bb_0218.png", "np1_rumbo": 1, "np1_manteo": 36, "np1_cabeceo": 91, "np2_rumbo": 179, "np2_manteo": 54, "np2_cabeceo": 89, "lat_centroide": -30.06, "lon_centroide": -71.66}}, {"type": "Feature", "geometry": {"type": "Point", "coordinates": [-70.47, -23.05]}, "properties": {"fecha": "2007/02/19", "hora": "19:24:10.6", "mw": 5.45, "mb": 5.5, "ms": 5.4, "prof_centroide_km": 17.6, "prof_hipocentro_km": 10.0, "lat_hipocentro": -23.05, "lon_hipocentro": -70.47, "banda_prof": "5-30", "region": "NEAR COAST OF NORTHERN C", "beachball": "beachballs/bb_0219.png", "np1_rumbo": 13, "np1_manteo": 16, "np1_cabeceo": 103, "np2_rumbo": 180, "np2_manteo": 74, "np2_cabeceo": 86, "lat_centroide": -23.03, "lon_centroide": -70.99}}, {"type": "Feature", "geometry": {"type": "Point", "coordinates": [-73.65, -38.5]}, "properties": {"fecha": "2010/03/14", "hora": "13:52:22.7", "mw": 5.45, "mb": 5.4, "ms": 5.7, "prof_centroide_km": 19.3, "prof_hipocentro_km": 23.2, "lat_hipocentro": -38.5, "lon_hipocentro": -73.65, "banda_prof": "5-30", "region": "NEAR COAST OF CENTRAL CH", "beachball": "beachballs/bb_0220.png", "np1_rumbo": 281, "np1_manteo": 25, "np1_cabeceo": -26, "np2_rumbo": 35, "np2_manteo": 79, "np2_cabeceo": -113, "lat_centroide": -38.71, "lon_centroide": -73.85}}, {"type": "Feature", "geometry": {"type": "Point", "coordinates": [-72.37, -32.23]}, "properties": {"fecha": "2015/09/18", "hora": "08:18:17.9", "mw": 5.45, "mb": 0.0, "ms": 5.6, "prof_centroide_km": 12.0, "prof_hipocentro_km": 6.0, "lat_hipocentro": -32.23, "lon_hipocentro": -72.37, "banda_prof": "5-30", "region": "OFF COAST OF CENTRAL CHI", "beachball": "beachballs/bb_0221.png", "np1_rumbo": 348, "np1_manteo": 20, "np1_cabeceo": 85, "np2_rumbo": 173, "np2_manteo": 70, "np2_cabeceo": 92, "lat_centroide": -32.32, "lon_centroide": -72.6}}, {"type": "Feature", "geometry": {"type": "Point", "coordinates": [-71.86, -32.22]}, "properties": {"fecha": "1994/09/22", "hora": "14:24:34.1", "mw": 5.44, "mb": 5.5, "ms": 5.1, "prof_centroide_km": 27.0, "prof_hipocentro_km": 27.0, "lat_hipocentro": -32.22, "lon_hipocentro": -71.86, "banda_prof": "5-30", "region": "NEAR COAST OF CENTRAL CH", "beachball": "beachballs/bb_0222.png", "np1_rumbo": 61, "np1_manteo": 36, "np1_cabeceo": 21, "np2_rumbo": 314, "np2_manteo": 78, "np2_cabeceo": 124, "lat_centroide": -32.07, "lon_centroide": -71.9}}, {"type": "Feature", "geometry": {"type": "Point", "coordinates": [-72.19, -41.96]}, "properties": {"fecha": "2008/05/24", "hora": "02:43:36.0", "mw": 5.44, "mb": 5.3, "ms": 5.3, "prof_centroide_km": 12.0, "prof_hipocentro_km": 9.4, "lat_hipocentro": -41.96, "lon_hipocentro": -72.19, "banda_prof": "5-30", "region": "SOUTHERN CHILE", "beachball": "beachballs/bb_0223.png", "np1_rumbo": 84, "np1_manteo": 57, "np1_cabeceo": -11, "np2_rumbo": 180, "np2_manteo": 81, "np2_cabeceo": -146, "lat_centroide": -42.17, "lon_centroide": -72.46}}, {"type": "Feature", "geometry": {"type": "Point", "coordinates": [-72.05, -33.95]}, "properties": {"fecha": "2013/02/18", "hora": "10:00:11.1", "mw": 5.44, "mb": 5.2, "ms": 5.4, "prof_centroide_km": 17.1, "prof_hipocentro_km": 25.4, "lat_hipocentro": -33.95, "lon_hipocentro": -72.05, "banda_prof": "5-30", "region": "OFF COAST OF CENTRAL CHI", "beachball": "beachballs/bb_0224.png", "np1_rumbo": 5, "np1_manteo": 18, "np1_cabeceo": 95, "np2_rumbo": 180, "np2_manteo": 72, "np2_cabeceo": 89, "lat_centroide": -34.05, "lon_centroide": -72.39}}, {"type": "Feature", "geometry": {"type": "Point", "coordinates": [-74.5, -43.35]}, "properties": {"fecha": "2017/01/03", "hora": "21:19:07.5", "mw": 5.44, "mb": 0.0, "ms": 5.5, "prof_centroide_km": 23.8, "prof_hipocentro_km": 10.3, "lat_hipocentro": -43.35, "lon_hipocentro": -74.5, "banda_prof": "5-30", "region": "SOUTHERN CHILE", "beachball": "beachballs/bb_0225.png", "np1_rumbo": 320, "np1_manteo": 26, "np1_cabeceo": 61, "np2_rumbo": 172, "np2_manteo": 68, "np2_cabeceo": 103, "lat_centroide": -43.33, "lon_centroide": -74.63}}, {"type": "Feature", "geometry": {"type": "Point", "coordinates": [-71.85, -34.55]}, "properties": {"fecha": "2010/03/05", "hora": "03:34:28.6", "mw": 5.43, "mb": 5.7, "ms": 5.3, "prof_centroide_km": 12.0, "prof_hipocentro_km": 8.5, "lat_hipocentro": -34.55, "lon_hipocentro": -71.85, "banda_prof": "5-30", "region": "NEAR COAST OF CENTRAL CH", "beachball": "beachballs/bb_0226.png", "np1_rumbo": 1, "np1_manteo": 38, "np1_cabeceo": -77, "np2_rumbo": 165, "np2_manteo": 53, "np2_cabeceo": -100, "lat_centroide": -34.67, "lon_centroide": -71.94}}, {"type": "Feature", "geometry": {"type": "Point", "coordinates": [-72.56, -34.9]}, "properties": {"fecha": "2016/08/30", "hora": "08:09:09.3", "mw": 5.43, "mb": 0.0, "ms": 5.4, "prof_centroide_km": 30.5, "prof_hipocentro_km": 14.2, "lat_hipocentro": -34.9, "lon_hipocentro": -72.56, "banda_prof": "5-30", "region": "NEAR COAST OF CENTRAL CH", "beachball": "beachballs/bb_0227.png", "np1_rumbo": 20, "np1_manteo": 20, "np1_cabeceo": 98, "np2_rumbo": 191, "np2_manteo": 70, "np2_cabeceo": 87, "lat_centroide": -34.91, "lon_centroide": -72.67}}, {"type": "Feature", "geometry": {"type": "Point", "coordinates": [-69.72, -33.09]}, "properties": {"fecha": "2017/02/03", "hora": "00:52:26.5", "mw": 5.43, "mb": 0.0, "ms": 5.4, "prof_centroide_km": 19.5, "prof_hipocentro_km": 10.0, "lat_hipocentro": -33.09, "lon_hipocentro": -69.72, "banda_prof": "5-30", "region": "CHILE-ARGENTINA BORDER R", "beachball": "beachballs/bb_0228.png", "np1_rumbo": 138, "np1_manteo": 46, "np1_cabeceo": -15, "np2_rumbo": 238, "np2_manteo": 79, "np2_cabeceo": -135, "lat_centroide": -33.07, "lon_centroide": -69.51}}, {"type": "Feature", "geometry": {"type": "Point", "coordinates": [-72.35, -30.24]}, "properties": {"fecha": "2020/01/28", "hora": "18:16:44.1", "mw": 5.43, "mb": 0.0, "ms": 5.5, "prof_centroide_km": 12.0, "prof_hipocentro_km": 7.4, "lat_hipocentro": -30.24, "lon_hipocentro": -72.35, "banda_prof": "5-30", "region": "OFF COAST OF CENTRAL CHI", "beachball": "beachballs/bb_0229.png", "np1_rumbo": 342, "np1_manteo": 23, "np1_cabeceo": 69, "np2_rumbo": 185, "np2_manteo": 69, "np2_cabeceo": 99, "lat_centroide": -30.35, "lon_centroide": -72.26}}, {"type": "Feature", "geometry": {"type": "Point", "coordinates": [-70.95, -27.22]}, "properties": {"fecha": "2006/05/01", "hora": "02:49:40.8", "mw": 5.42, "mb": 5.0, "ms": 5.0, "prof_centroide_km": 23.3, "prof_hipocentro_km": 23.7, "lat_hipocentro": -27.22, "lon_hipocentro": -70.95, "banda_prof": "5-30", "region": "NEAR COAST OF NORTHERN C", "beachball": "beachballs/bb_0230.png", "np1_rumbo": 3, "np1_manteo": 22, "np1_cabeceo": 108, "np2_rumbo": 164, "np2_manteo": 69, "np2_cabeceo": 83, "lat_centroide": -27.34, "lon_centroide": -71.61}}, {"type": "Feature", "geometry": {"type": "Point", "coordinates": [-72.61, -17.38]}, "properties": {"fecha": "2007/03/26", "hora": "02:46:58.6", "mw": 5.42, "mb": 5.2, "ms": 5.0, "prof_centroide_km": 15.0, "prof_hipocentro_km": 26.9, "lat_hipocentro": -17.38, "lon_hipocentro": -72.61, "banda_prof": "5-30", "region": "NEAR COAST OF PERU", "beachball": "beachballs/bb_0231.png", "np1_rumbo": 324, "np1_manteo": 11, "np1_cabeceo": 81, "np2_rumbo": 153, "np2_manteo": 79, "np2_cabeceo": 92, "lat_centroide": -17.6, "lon_centroide": -72.92}}, {"type": "Feature", "geometry": {"type": "Point", "coordinates": [-72.57, -43.84]}, "properties": {"fecha": "2010/03/17", "hora": "17:38:33.1", "mw": 5.42, "mb": 5.2, "ms": 5.4, "prof_centroide_km": 12.0, "prof_hipocentro_km": 10.0, "lat_hipocentro": -43.84, "lon_hipocentro": -72.57, "banda_prof": "5-30", "region": "SOUTHERN CHILE", "beachball": "beachballs/bb_0232.png", "np1_rumbo": 191, "np1_manteo": 68, "np1_cabeceo": -178, "np2_rumbo": 100, "np2_manteo": 88, "np2_cabeceo": -22, "lat_centroide": -44.36, "lon_centroide": -73.03}}, {"type": "Feature", "geometry": {"type": "Point", "coordinates": [-73.32, -37.43]}, "properties": {"fecha": "2010/08/05", "hora": "06:27:16.1", "mw": 5.42, "mb": 5.2, "ms": 0.0, "prof_centroide_km": 29.6, "prof_hipocentro_km": 23.7, "lat_hipocentro": -37.43, "lon_hipocentro": -73.32, "banda_prof": "5-30", "region": "NEAR COAST OF CENTRAL CH", "beachball": "beachballs/bb_0233.png", "np1_rumbo": 355, "np1_manteo": 30, "np1_cabeceo": 86, "np2_rumbo": 180, "np2_manteo": 60, "np2_cabeceo": 92, "lat_centroide": -37.57, "lon_centroide": -73.76}}, {"type": "Feature", "geometry": {"type": "Point", "coordinates": [-72.25, -33.92]}, "properties": {"fecha": "2012/11/20", "hora": "16:23:24.8", "mw": 5.42, "mb": 5.4, "ms": 5.2, "prof_centroide_km": 18.9, "prof_hipocentro_km": 15.7, "lat_hipocentro": -33.92, "lon_hipocentro": -72.25, "banda_prof": "5-30", "region": "OFF COAST OF CENTRAL CHI", "beachball": "beachballs/bb_0234.png", "np1_rumbo": 16, "np1_manteo": 20, "np1_cabeceo": 100, "np2_rumbo": 185, "np2_manteo": 71, "np2_cabeceo": 87, "lat_centroide": -33.99, "lon_centroide": -72.4}}, {"type": "Feature", "geometry": {"type": "Point", "coordinates": [-70.75, -20.57]}, "properties": {"fecha": "2014/04/13", "hora": "12:11:30.1", "mw": 5.42, "mb": 0.0, "ms": 5.5, "prof_centroide_km": 21.8, "prof_hipocentro_km": 13.4, "lat_hipocentro": -20.57, "lon_hipocentro": -70.75, "banda_prof": "5-30", "region": "NEAR COAST OF NORTHERN C", "beachball": "beachballs/bb_0235.png", "np1_rumbo": 350, "np1_manteo": 21, "np1_cabeceo": 97, "np2_rumbo": 162, "np2_manteo": 69, "np2_cabeceo": 87, "lat_centroide": -20.58, "lon_centroide": -71.01}}, {"type": "Feature", "geometry": {"type": "Point", "coordinates": [-70.78, -20.21]}, "properties": {"fecha": "2014/05/05", "hora": "11:21:17.4", "mw": 5.42, "mb": 0.0, "ms": 5.4, "prof_centroide_km": 24.3, "prof_hipocentro_km": 13.5, "lat_hipocentro": -20.21, "lon_hipocentro": -70.78, "banda_prof": "5-30", "region": "NEAR COAST OF NORTHERN C", "beachball": "beachballs/bb_0236.png", "np1_rumbo": 354, "np1_manteo": 30, "np1_cabeceo": 91, "np2_rumbo": 173, "np2_manteo": 60, "np2_cabeceo": 89, "lat_centroide": -20.19, "lon_centroide": -70.99}}, {"type": "Feature", "geometry": {"type": "Point", "coordinates": [-71.96, -33.21]}, "properties": {"fecha": "2017/04/29", "hora": "01:46:02.2", "mw": 5.42, "mb": 0.0, "ms": 5.1, "prof_centroide_km": 32.3, "prof_hipocentro_km": 18.3, "lat_hipocentro": -33.21, "lon_hipocentro": -71.96, "banda_prof": "5-30", "region": "NEAR COAST OF CENTRAL CH", "beachball": "beachballs/bb_0237.png", "np1_rumbo": 5, "np1_manteo": 33, "np1_cabeceo": 92, "np2_rumbo": 183, "np2_manteo": 57, "np2_cabeceo": 89, "lat_centroide": -33.42, "lon_centroide": -72.08}}, {"type": "Feature", "geometry": {"type": "Point", "coordinates": [-70.96, -20.0]}, "properties": {"fecha": "2020/10/25", "hora": "21:17:14.8", "mw": 5.42, "mb": 0.0, "ms": 5.3, "prof_centroide_km": 12.2, "prof_hipocentro_km": 10.0, "lat_hipocentro": -20.0, "lon_hipocentro": -70.96, "banda_prof": "5-30", "region": "NEAR COAST OF NORTHERN C", "beachball": "beachballs/bb_0238.png", "np1_rumbo": 351, "np1_manteo": 19, "np1_cabeceo": 94, "np2_rumbo": 167, "np2_manteo": 71, "np2_cabeceo": 89, "lat_centroide": -19.94, "lon_centroide": -71.1}}, {"type": "Feature", "geometry": {"type": "Point", "coordinates": [-72.06, -33.7]}, "properties": {"fecha": "1990/10/11", "hora": "04:25:24.2", "mw": 5.41, "mb": 5.2, "ms": 4.9, "prof_centroide_km": 15.0, "prof_hipocentro_km": 30.0, "lat_hipocentro": -33.7, "lon_hipocentro": -72.06, "banda_prof": "5-30", "region": "OFF CENTRAL CHILE COAST", "beachball": "beachballs/bb_0239.png", "np1_rumbo": 329, "np1_manteo": 11, "np1_cabeceo": 58, "np2_rumbo": 182, "np2_manteo": 81, "np2_cabeceo": 96, "lat_centroide": -34.17, "lon_centroide": -72.07}}, {"type": "Feature", "geometry": {"type": "Point", "coordinates": [-71.69, -31.43]}, "properties": {"fecha": "2005/03/01", "hora": "07:24:05.6", "mw": 5.41, "mb": 5.3, "ms": 5.0, "prof_centroide_km": 32.9, "prof_hipocentro_km": 25.2, "lat_hipocentro": -31.43, "lon_hipocentro": -71.69, "banda_prof": "5-30", "region": "NEAR COAST OF CENTRAL CH", "beachball": "beachballs/bb_0240.png", "np1_rumbo": 354, "np1_manteo": 25, "np1_cabeceo": 103, "np2_rumbo": 159, "np2_manteo": 66, "np2_cabeceo": 84, "lat_centroide": -31.59, "lon_centroide": -72.1}}, {"type": "Feature", "geometry": {"type": "Point", "coordinates": [-73.75, -36.37]}, "properties": {"fecha": "2015/06/20", "hora": "05:22:17.8", "mw": 5.41, "mb": 0.0, "ms": 5.5, "prof_centroide_km": 12.0, "prof_hipocentro_km": 4.6, "lat_hipocentro": -36.37, "lon_hipocentro": -73.75, "banda_prof": "0-5", "region": "NEAR COAST OF CENTRAL CH", "beachball": "beachballs/bb_0241.png", "np1_rumbo": 11, "np1_manteo": 18, "np1_cabeceo": 93, "np2_rumbo": 188, "np2_manteo": 72, "np2_cabeceo": 89, "lat_centroide": -36.47, "lon_centroide": -74.1}}, {"type": "Feature", "geometry": {"type": "Point", "coordinates": [-71.06, -19.71]}, "properties": {"fecha": "2017/12/11", "hora": "19:00:56.8", "mw": 5.41, "mb": 0.0, "ms": 5.5, "prof_centroide_km": 14.3, "prof_hipocentro_km": 12.0, "lat_hipocentro": -19.71, "lon_hipocentro": -71.06, "banda_prof": "5-30", "region": "OFF COAST OF NORTHERN CH", "beachball": "beachballs/bb_0242.png", "np1_rumbo": 342, "np1_manteo": 28, "np1_cabeceo": 91, "np2_rumbo": 161, "np2_manteo": 62, "np2_cabeceo": 89, "lat_centroide": -19.62, "lon_centroide": -71.3}}, {"type": "Feature", "geometry": {"type": "Point", "coordinates": [-72.3, -34.15]}, "properties": {"fecha": "2010/07/15", "hora": "00:36:02.0", "mw": 5.4, "mb": 5.2, "ms": 5.5, "prof_centroide_km": 23.4, "prof_hipocentro_km": 8.8, "lat_hipocentro": -34.15, "lon_hipocentro": -72.3, "banda_prof": "5-30", "region": "NEAR COAST OF CENTRAL CH", "beachball": "beachballs/bb_0243.png", "np1_rumbo": 18, "np1_manteo": 24, "np1_cabeceo": 121, "np2_rumbo": 164, "np2_manteo": 70, "np2_cabeceo": 77, "lat_centroide": -34.27, "lon_centroide": -72.35}}, {"type": "Feature", "geometry": {"type": "Point", "coordinates": [-72.73, -35.37]}, "properties": {"fecha": "2013/03/29", "hora": "07:30:56.9", "mw": 5.4, "mb": 5.4, "ms": 5.5, "prof_centroide_km": 13.9, "prof_hipocentro_km": 9.0, "lat_hipocentro": -35.37, "lon_hipocentro": -72.73, "banda_prof": "5-30", "region": "NEAR COAST OF CENTRAL CH", "beachball": "beachballs/bb_0244.png", "np1_rumbo": 23, "np1_manteo": 19, "np1_cabeceo": 111, "np2_rumbo": 181, "np2_manteo": 72, "np2_cabeceo": 83, "lat_centroide": -35.44, "lon_centroide": -73.28}}, {"type": "Feature", "geometry": {"type": "Point", "coordinates": [-73.64, -36.05]}, "properties": {"fecha": "2015/03/18", "hora": "19:07:49.1", "mw": 5.4, "mb": 0.0, "ms": 5.4, "prof_centroide_km": 14.7, "prof_hipocentro_km": 10.0, "lat_hipocentro": -36.05, "lon_hipocentro": -73.64, "banda_prof": "5-30", "region": "NEAR COAST OF CENTRAL CH", "beachball": "beachballs/bb_0245.png", "np1_rumbo": 2, "np1_manteo": 22, "np1_cabeceo": 82, "np2_rumbo": 190, "np2_manteo": 68, "np2_cabeceo": 93, "lat_centroide": -36.09, "lon_centroide": -74.06}}, {"type": "Feature", "geometry": {"type": "Point", "coordinates": [-71.75, -30.66]}, "properties": {"fecha": "2016/05/11", "hora": "13:11:34.0", "mw": 5.4, "mb": 0.0, "ms": 5.4, "prof_centroide_km": 30.1, "prof_hipocentro_km": 24.7, "lat_hipocentro": -30.66, "lon_hipocentro": -71.75, "banda_prof": "5-30", "region": "NEAR COAST OF CENTRAL CH", "beachball": "beachballs/bb_0246.png", "np1_rumbo": 3, "np1_manteo": 27, "np1_cabeceo": 101, "np2_rumbo": 171, "np2_manteo": 64, "np2_cabeceo": 85, "lat_centroide": -30.73, "lon_centroide": -71.95}}, {"type": "Feature", "geometry": {"type": "Point", "coordinates": [-71.46, -30.04]}, "properties": {"fecha": "2016/06/06", "hora": "13:16:02.2", "mw": 5.4, "mb": 0.0, "ms": 5.5, "prof_centroide_km": 39.1, "prof_hipocentro_km": 28.3, "lat_hipocentro": -30.04, "lon_hipocentro": -71.46, "banda_prof": "5-30", "region": "NEAR COAST OF CENTRAL CH", "beachball": "beachballs/bb_0247.png", "np1_rumbo": 13, "np1_manteo": 38, "np1_cabeceo": 116, "np2_rumbo": 161, "np2_manteo": 56, "np2_cabeceo": 71, "lat_centroide": -30.13, "lon_centroide": -71.8}}, {"type": "Feature", "geometry": {"type": "Point", "coordinates": [-72.2, -34.18]}, "properties": {"fecha": "2019/08/02", "hora": "00:55:16.7", "mw": 5.4, "mb": 0.0, "ms": 5.4, "prof_centroide_km": 23.9, "prof_hipocentro_km": 13.2, "lat_hipocentro": -34.18, "lon_hipocentro": -72.2, "banda_prof": "5-30", "region": "NEAR COAST OF CENTRAL CH", "beachball": "beachballs/bb_0248.png", "np1_rumbo": 350, "np1_manteo": 24, "np1_cabeceo": 69, "np2_rumbo": 193, "np2_manteo": 68, "np2_cabeceo": 99, "lat_centroide": -34.18, "lon_centroide": -72.3}}, {"type": "Feature", "geometry": {"type": "Point", "coordinates": [-72.02, -32.54]}, "properties": {"fecha": "2008/12/19", "hora": "07:30:06.0", "mw": 5.39, "mb": 5.2, "ms": 5.1, "prof_centroide_km": 22.0, "prof_hipocentro_km": 12.0, "lat_hipocentro": -32.54, "lon_hipocentro": -72.02, "banda_prof": "5-30", "region": "OFF COAST OF CENTRAL CHI", "beachball": "beachballs/bb_0249.png", "np1_rumbo": 359, "np1_manteo": 20, "np1_cabeceo": 90, "np2_rumbo": 179, "np2_manteo": 70, "np2_cabeceo": 90, "lat_centroide": -32.66, "lon_centroide": -72.24}}, {"type": "Feature", "geometry": {"type": "Point", "coordinates": [-71.73, -31.24]}, "properties": {"fecha": "2016/03/16", "hora": "03:49:32.8", "mw": 5.39, "mb": 0.0, "ms": 5.3, "prof_centroide_km": 30.6, "prof_hipocentro_km": 25.4, "lat_hipocentro": -31.24, "lon_hipocentro": -71.73, "banda_prof": "5-30", "region": "NEAR COAST OF CENTRAL CH", "beachball": "beachballs/bb_0250.png", "np1_rumbo": 353, "np1_manteo": 25, "np1_cabeceo": 85, "np2_rumbo": 178, "np2_manteo": 65, "np2_cabeceo": 92, "lat_centroide": -31.28, "lon_centroide": -72.03}}, {"type": "Feature", "geometry": {"type": "Point", "coordinates": [-70.87, -27.12]}, "properties": {"fecha": "1986/01/26", "hora": "07:48:22.9", "mw": 5.38, "mb": 5.7, "ms": 4.8, "prof_centroide_km": 30.0, "prof_hipocentro_km": 30.0, "lat_hipocentro": -27.12, "lon_hipocentro": -70.87, "banda_prof": "5-30", "region": "NEAR COAST NO. CHILE", "beachball": "beachballs/bb_0251.png", "np1_rumbo": 206, "np1_manteo": 34, "np1_cabeceo": 117, "np2_rumbo": 355, "np2_manteo": 60, "np2_cabeceo": 73, "lat_centroide": -26.99, "lon_centroide": -71.67}}, {"type": "Feature", "geometry": {"type": "Point", "coordinates": [-73.27, -37.27]}, "properties": {"fecha": "2012/12/26", "hora": "13:17:57.3", "mw": 5.38, "mb": 5.5, "ms": 5.4, "prof_centroide_km": 24.8, "prof_hipocentro_km": 29.0, "lat_hipocentro": -37.27, "lon_hipocentro": -73.27, "banda_prof": "5-30", "region": "NEAR COAST OF CENTRAL CH", "beachball": "beachballs/bb_0252.png", "np1_rumbo": 4, "np1_manteo": 17, "np1_cabeceo": 92, "np2_rumbo": 182, "np2_manteo": 73, "np2_cabeceo": 89, "lat_centroide": -37.41, "lon_centroide": -73.78}}, {"type": "Feature", "geometry": {"type": "Point", "coordinates": [-71.07, -20.0]}, "properties": {"fecha": "2014/11/29", "hora": "14:18:07.9", "mw": 5.38, "mb": 0.0, "ms": 5.3, "prof_centroide_km": 13.4, "prof_hipocentro_km": 6.1, "lat_hipocentro": -20.0, "lon_hipocentro": -71.07, "banda_prof": "5-30", "region": "OFF COAST OF NORTHERN CH", "beachball": "beachballs/bb_0253.png", "np1_rumbo": 339, "np1_manteo": 22, "np1_cabeceo": 78, "np2_rumbo": 172, "np2_manteo": 69, "np2_cabeceo": 95, "lat_centroide": -19.89, "lon_centroide": -71.26}}, {"type": "Feature", "geometry": {"type": "Point", "coordinates": [-72.23, -30.1]}, "properties": {"fecha": "2015/09/19", "hora": "08:31:24.6", "mw": 5.38, "mb": 0.0, "ms": 5.4, "prof_centroide_km": 13.5, "prof_hipocentro_km": 8.0, "lat_hipocentro": -30.1, "lon_hipocentro": -72.23, "banda_prof": "5-30", "region": "OFF COAST OF CENTRAL CHI", "beachball": "beachballs/bb_0254.png", "np1_rumbo": 0, "np1_manteo": 24, "np1_cabeceo": 91, "np2_rumbo": 180, "np2_manteo": 66, "np2_cabeceo": 90, "lat_centroide": -30.26, "lon_centroide": -72.3}}, {"type": "Feature", "geometry": {"type": "Point", "coordinates": [-72.1, -30.31]}, "properties": {"fecha": "2015/10/04", "hora": "03:49:49.5", "mw": 5.38, "mb": 0.0, "ms": 5.5, "prof_centroide_km": 12.2, "prof_hipocentro_km": 6.3, "lat_hipocentro": -30.31, "lon_hipocentro": -72.1, "banda_prof": "5-30", "region": "OFF COAST OF CENTRAL CHI", "beachball": "beachballs/bb_0255.png", "np1_rumbo": 358, "np1_manteo": 26, "np1_cabeceo": 94, "np2_rumbo": 173, "np2_manteo": 64, "np2_cabeceo": 88, "lat_centroide": -30.41, "lon_centroide": -72.26}}, {"type": "Feature", "geometry": {"type": "Point", "coordinates": [-71.77, -31.24]}, "properties": {"fecha": "2016/04/04", "hora": "12:32:45.0", "mw": 5.38, "mb": 0.0, "ms": 5.3, "prof_centroide_km": 28.8, "prof_hipocentro_km": 24.4, "lat_hipocentro": -31.24, "lon_hipocentro": -71.77, "banda_prof": "5-30", "region": "NEAR COAST OF CENTRAL CH", "beachball": "beachballs/bb_0256.png", "np1_rumbo": 1, "np1_manteo": 23, "np1_cabeceo": 99, "np2_rumbo": 171, "np2_manteo": 67, "np2_cabeceo": 86, "lat_centroide": -31.26, "lon_centroide": -72.0}}, {"type": "Feature", "geometry": {"type": "Point", "coordinates": [-72.52, -33.72]}, "properties": {"fecha": "2017/07/14", "hora": "12:00:29.8", "mw": 5.38, "mb": 0.0, "ms": 5.4, "prof_centroide_km": 14.2, "prof_hipocentro_km": 10.0, "lat_hipocentro": -33.72, "lon_hipocentro": -72.52, "banda_prof": "5-30", "region": "OFF COAST OF CENTRAL CHI", "beachball": "beachballs/bb_0257.png", "np1_rumbo": 16, "np1_manteo": 19, "np1_cabeceo": 97, "np2_rumbo": 189, "np2_manteo": 71, "np2_cabeceo": 88, "lat_centroide": -33.8, "lon_centroide": -72.7}}, {"type": "Feature", "geometry": {"type": "Point", "coordinates": [-70.94, -25.9]}, "properties": {"fecha": "2018/09/22", "hora": "13:13:59.2", "mw": 5.38, "mb": 0.0, "ms": 5.4, "prof_centroide_km": 34.2, "prof_hipocentro_km": 28.4, "lat_hipocentro": -25.9, "lon_hipocentro": -70.94, "banda_prof": "5-30", "region": "NEAR COAST OF NORTHERN C", "beachball": "beachballs/bb_0258.png", "np1_rumbo": 226, "np1_manteo": 45, "np1_cabeceo": 119, "np2_rumbo": 8, "np2_manteo": 52, "np2_cabeceo": 65, "lat_centroide": -25.8, "lon_centroide": -71.13}}, {"type": "Feature", "geometry": {"type": "Point", "coordinates": [-72.85, -33.14]}, "properties": {"fecha": "2005/04/13", "hora": "09:25:27.6", "mw": 5.37, "mb": 5.6, "ms": 4.7, "prof_centroide_km": 12.0, "prof_hipocentro_km": 30.0, "lat_hipocentro": -33.14, "lon_hipocentro": -72.85, "banda_prof": "5-30", "region": "OFF COAST OF CENTRAL CHI", "beachball": "beachballs/bb_0259.png", "np1_rumbo": 21, "np1_manteo": 38, "np1_cabeceo": -89, "np2_rumbo": 200, "np2_manteo": 52, "np2_cabeceo": -91, "lat_centroide": -33.27, "lon_centroide": -73.24}}, {"type": "Feature", "geometry": {"type": "Point", "coordinates": [-71.18, -27.26]}, "properties": {"fecha": "2006/05/01", "hora": "01:35:49.0", "mw": 5.37, "mb": 5.3, "ms": 5.5, "prof_centroide_km": 30.3, "prof_hipocentro_km": 16.0, "lat_hipocentro": -27.26, "lon_hipocentro": -71.18, "banda_prof": "5-30", "region": "NEAR COAST OF NORTHERN C", "beachball": "beachballs/bb_0260.png", "np1_rumbo": 21, "np1_manteo": 22, "np1_cabeceo": 115, "np2_rumbo": 174, "np2_manteo": 70, "np2_cabeceo": 80, "lat_centroide": -27.26, "lon_centroide": -71.67}}, {"type": "Feature", "geometry": {"type": "Point", "coordinates": [-70.39, -23.15]}, "properties": {"fecha": "2007/11/20", "hora": "16:44:28.9", "mw": 5.37, "mb": 5.3, "ms": 5.0, "prof_centroide_km": 32.3, "prof_hipocentro_km": 15.9, "lat_hipocentro": -23.15, "lon_hipocentro": -70.39, "banda_prof": "5-30", "region": "NEAR COAST OF NORTHERN C", "beachball": "beachballs/bb_0261.png", "np1_rumbo": 360, "np1_manteo": 24, "np1_cabeceo": 91, "np2_rumbo": 179, "np2_manteo": 66, "np2_cabeceo": 90, "lat_centroide": -23.11, "lon_centroide": -70.95}}, {"type": "Feature", "geometry": {"type": "Point", "coordinates": [-73.0, -35.74]}, "properties": {"fecha": "2011/01/07", "hora": "09:42:19.3", "mw": 5.37, "mb": 5.0, "ms": 5.6, "prof_centroide_km": 12.3, "prof_hipocentro_km": 10.0, "lat_hipocentro": -35.74, "lon_hipocentro": -73.0, "banda_prof": "5-30", "region": "OFF COAST OF CENTRAL CHI", "beachball": "beachballs/bb_0262.png", "np1_rumbo": 22, "np1_manteo": 21, "np1_cabeceo": 107, "np2_rumbo": 184, "np2_manteo": 70, "np2_cabeceo": 83, "lat_centroide": -35.87, "lon_centroide": -73.66}}, {"type": "Feature", "geometry": {"type": "Point", "coordinates": [-73.68, -37.49]}, "properties": {"fecha": "2011/06/01", "hora": "13:47:29.6", "mw": 5.37, "mb": 5.1, "ms": 0.0, "prof_centroide_km": 27.0, "prof_hipocentro_km": 28.5, "lat_hipocentro": -37.49, "lon_hipocentro": -73.68, "banda_prof": "5-30", "region": "NEAR COAST OF CENTRAL CH", "beachball": "beachballs/bb_0263.png", "np1_rumbo": 9, "np1_manteo": 23, "np1_cabeceo": 77, "np2_rumbo": 202, "np2_manteo": 68, "np2_cabeceo": 95, "lat_centroide": -37.37, "lon_centroide": -74.3}}, {"type": "Feature", "geometry": {"type": "Point", "coordinates": [-72.49, -17.28]}, "properties": {"fecha": "2004/09/16", "hora": "14:48:51.8", "mw": 5.36, "mb": 5.5, "ms": 5.1, "prof_centroide_km": 18.8, "prof_hipocentro_km": 28.3, "lat_hipocentro": -17.28, "lon_hipocentro": -72.49, "banda_prof": "5-30", "region": "NEAR COAST OF PERU", "beachball": "beachballs/bb_0264.png", "np1_rumbo": 314, "np1_manteo": 18, "np1_cabeceo": 64, "np2_rumbo": 161, "np2_manteo": 74, "np2_cabeceo": 98, "lat_centroide": -17.5, "lon_centroide": -72.82}}, {"type": "Feature", "geometry": {"type": "Point", "coordinates": [-71.78, -31.48]}, "properties": {"fecha": "2016/04/06", "hora": "17:35:38.7", "mw": 5.36, "mb": 0.0, "ms": 5.3, "prof_centroide_km": 34.2, "prof_hipocentro_km": 29.7, "lat_hipocentro": -31.48, "lon_hipocentro": -71.78, "banda_prof": "5-30", "region": "NEAR COAST OF CENTRAL CH", "beachball": "beachballs/bb_0265.png", "np1_rumbo": 5, "np1_manteo": 27, "np1_cabeceo": 95, "np2_rumbo": 178, "np2_manteo": 63, "np2_cabeceo": 87, "lat_centroide": -31.46, "lon_centroide": -71.82}}, {"type": "Feature", "geometry": {"type": "Point", "coordinates": [-70.76, -20.91]}, "properties": {"fecha": "2019/12/03", "hora": "07:29:30.5", "mw": 5.36, "mb": 0.0, "ms": 5.3, "prof_centroide_km": 14.1, "prof_hipocentro_km": 10.0, "lat_hipocentro": -20.91, "lon_hipocentro": -70.76, "banda_prof": "5-30", "region": "NEAR COAST OF NORTHERN C", "beachball": "beachballs/bb_0266.png", "np1_rumbo": 349, "np1_manteo": 18, "np1_cabeceo": 87, "np2_rumbo": 172, "np2_manteo": 72, "np2_cabeceo": 91, "lat_centroide": -20.84, "lon_centroide": -70.9}}, {"type": "Feature", "geometry": {"type": "Point", "coordinates": [-72.3, -33.27]}, "properties": {"fecha": "2011/08/28", "hora": "04:30:32.0", "mw": 5.35, "mb": 5.1, "ms": 5.1, "prof_centroide_km": 19.7, "prof_hipocentro_km": 25.1, "lat_hipocentro": -33.27, "lon_hipocentro": -72.3, "banda_prof": "5-30", "region": "OFF COAST OF CENTRAL CHI", "beachball": "beachballs/bb_0267.png", "np1_rumbo": 7, "np1_manteo": 23, "np1_cabeceo": 90, "np2_rumbo": 187, "np2_manteo": 67, "np2_cabeceo": 90, "lat_centroide": -33.2, "lon_centroide": -72.38}}, {"type": "Feature", "geometry": {"type": "Point", "coordinates": [-70.81, -19.79]}, "properties": {"fecha": "2014/03/24", "hora": "11:32:15.0", "mw": 5.35, "mb": 0.0, "ms": 5.2, "prof_centroide_km": 33.0, "prof_hipocentro_km": 17.8, "lat_hipocentro": -19.79, "lon_hipocentro": -70.81, "banda_prof": "5-30", "region": "NEAR COAST OF NORTHERN C", "beachball": "beachballs/bb_0268.png", "np1_rumbo": 351, "np1_manteo": 26, "np1_cabeceo": 92, "np2_rumbo": 169, "np2_manteo": 64, "np2_cabeceo": 89, "lat_centroide": -19.84, "lon_centroide": -71.25}}, {"type": "Feature", "geometry": {"type": "Point", "coordinates": [-70.85, -19.87]}, "properties": {"fecha": "2014/06/19", "hora": "19:59:42.9", "mw": 5.35, "mb": 0.0, "ms": 5.2, "prof_centroide_km": 28.4, "prof_hipocentro_km": 20.7, "lat_hipocentro": -19.87, "lon_hipocentro": -70.85, "banda_prof": "5-30", "region": "NEAR COAST OF NORTHERN C", "beachball": "beachballs/bb_0269.png", "np1_rumbo": 355, "np1_manteo": 28, "np1_cabeceo": 103, "np2_rumbo": 161, "np2_manteo": 63, "np2_cabeceo": 83, "lat_centroide": -19.9, "lon_centroide": -71.22}}, {"type": "Feature", "geometry": {"type": "Point", "coordinates": [-67.48, -31.65]}, "properties": {"fecha": "1980/04/09", "hora": "08:17:55.1", "mw": 5.34, "mb": 5.5, "ms": 4.3, "prof_centroide_km": 15.0, "prof_hipocentro_km": 10.0, "lat_hipocentro": -31.65, "lon_hipocentro": -67.48, "banda_prof": "5-30", "region": "SAN JUAN PROV. ARGENTINA", "beachball": "beachballs/bb_0270.png", "np1_rumbo": 340, "np1_manteo": 37, "np1_cabeceo": 136, "np2_rumbo": 108, "np2_manteo": 65, "np2_cabeceo": 61, "lat_centroide": -31.49, "lon_centroide": -67.42}}, {"type": "Feature", "geometry": {"type": "Point", "coordinates": [-67.43, -30.14]}, "properties": {"fecha": "2004/04/15", "hora": "21:39:19.2", "mw": 5.34, "mb": 5.6, "ms": 5.4, "prof_centroide_km": 37.1, "prof_hipocentro_km": 29.0, "lat_hipocentro": -30.14, "lon_hipocentro": -67.43, "banda_prof": "5-30", "region": "SAN JUAN PROVINCE, ARGEN", "beachball": "beachballs/bb_0271.png", "np1_rumbo": 185, "np1_manteo": 43, "np1_cabeceo": 114, "np2_rumbo": 334, "np2_manteo": 51, "np2_cabeceo": 69, "lat_centroide": -30.35, "lon_centroide": -67.55}}, {"type": "Feature", "geometry": {"type": "Point", "coordinates": [-71.27, -27.1]}, "properties": {"fecha": "2006/04/30", "hora": "11:13:56.6", "mw": 5.33, "mb": 5.2, "ms": 4.9, "prof_centroide_km": 18.2, "prof_hipocentro_km": 8.7, "lat_hipocentro": -27.1, "lon_hipocentro": -71.27, "banda_prof": "5-30", "region": "NEAR COAST OF NORTHERN C", "beachball": "beachballs/bb_0272.png", "np1_rumbo": 350, "np1_manteo": 20, "np1_cabeceo": 81, "np2_rumbo": 180, "np2_manteo": 71, "np2_cabeceo": 93, "lat_centroide": -27.07, "lon_centroide": -71.62}}, {"type": "Feature", "geometry": {"type": "Point", "coordinates": [-72.24, -45.24]}, "properties": {"fecha": "2007/02/03", "hora": "09:00:15.8", "mw": 5.33, "mb": 5.1, "ms": 0.0, "prof_centroide_km": 12.0, "prof_hipocentro_km": 10.0, "lat_hipocentro": -45.24, "lon_hipocentro": -72.24, "banda_prof": "5-30", "region": "SOUTHERN CHILE", "beachball": "beachballs/bb_0273.png", "np1_rumbo": 91, "np1_manteo": 84, "np1_cabeceo": -6, "np2_rumbo": 182, "np2_manteo": 84, "np2_cabeceo": -174, "lat_centroide": -45.51, "lon_centroide": -73.03}}, {"type": "Feature", "geometry": {"type": "Point", "coordinates": [-73.9, -37.9]}, "properties": {"fecha": "2011/04/22", "hora": "05:12:48.0", "mw": 5.33, "mb": 5.2, "ms": 5.6, "prof_centroide_km": 13.8, "prof_hipocentro_km": 19.2, "lat_hipocentro": -37.9, "lon_hipocentro": -73.9, "banda_prof": "5-30", "region": "NEAR COAST OF CENTRAL CH", "beachball": "beachballs/bb_0274.png", "np1_rumbo": 359, "np1_manteo": 19, "np1_cabeceo": 88, "np2_rumbo": 182, "np2_manteo": 71, "np2_cabeceo": 91, "lat_centroide": -38.1, "lon_centroide": -74.31}}, {"type": "Feature", "geometry": {"type": "Point", "coordinates": [-70.93, -22.31]}, "properties": {"fecha": "2015/02/02", "hora": "15:22:10.8", "mw": 5.33, "mb": 0.0, "ms": 5.0, "prof_centroide_km": 36.2, "prof_hipocentro_km": 26.0, "lat_hipocentro": -22.31, "lon_hipocentro": -70.93, "banda_prof": "5-30", "region": "NEAR COAST OF NORTHERN C", "beachball": "beachballs/bb_0275.png", "np1_rumbo": 60, "np1_manteo": 61, "np1_cabeceo": 165, "np2_rumbo": 158, "np2_manteo": 76, "np2_cabeceo": 29, "lat_centroide": -22.16, "lon_centroide": -71.11}}, {"type": "Feature", "geometry": {"type": "Point", "coordinates": [-70.01, -34.14]}, "properties": {"fecha": "2004/09/12", "hora": "14:24:37.0", "mw": 5.32, "mb": 5.4, "ms": 4.7, "prof_centroide_km": 12.0, "prof_hipocentro_km": 5.0, "lat_hipocentro": -34.14, "lon_hipocentro": -70.01, "banda_prof": "0-5", "region": "CHILE-ARGENTINA BORDER R", "beachball": "beachballs/bb_0276.png", "np1_rumbo": 162, "np1_manteo": 44, "np1_cabeceo": 114, "np2_rumbo": 310, "np2_manteo": 50, "np2_cabeceo": 68, "lat_centroide": -34.31, "lon_centroide": -70.15}}, {"type": "Feature", "geometry": {"type": "Point", "coordinates": [-70.71, -20.18]}, "properties": {"fecha": "2013/08/05", "hora": "05:40:56.0", "mw": 5.32, "mb": 5.5, "ms": 5.2, "prof_centroide_km": 22.8, "prof_hipocentro_km": 19.1, "lat_hipocentro": -20.18, "lon_hipocentro": -70.71, "banda_prof": "5-30", "region": "NEAR COAST OF NORTHERN C", "beachball": "beachballs/bb_0277.png", "np1_rumbo": 356, "np1_manteo": 27, "np1_cabeceo": 97, "np2_rumbo": 168, "np2_manteo": 63, "np2_cabeceo": 86, "lat_centroide": -20.14, "lon_centroide": -71.01}}, {"type": "Feature", "geometry": {"type": "Point", "coordinates": [-73.76, -37.39]}, "properties": {"fecha": "2013/09/29", "hora": "23:06:58.1", "mw": 5.32, "mb": 0.0, "ms": 5.2, "prof_centroide_km": 20.3, "prof_hipocentro_km": 9.8, "lat_hipocentro": -37.39, "lon_hipocentro": -73.76, "banda_prof": "5-30", "region": "NEAR COAST OF CENTRAL CH", "beachball": "beachballs/bb_0278.png", "np1_rumbo": 4, "np1_manteo": 20, "np1_cabeceo": 92, "np2_rumbo": 182, "np2_manteo": 70, "np2_cabeceo": 89, "lat_centroide": -37.53, "lon_centroide": -73.89}}, {"type": "Feature", "geometry": {"type": "Point", "coordinates": [-71.01, -20.41]}, "properties": {"fecha": "2014/04/06", "hora": "14:06:08.1", "mw": 5.32, "mb": 0.0, "ms": 5.2, "prof_centroide_km": 15.0, "prof_hipocentro_km": 10.0, "lat_hipocentro": -20.41, "lon_hipocentro": -71.01, "banda_prof": "5-30", "region": "OFF COAST OF NORTHERN CH", "beachball": "beachballs/bb_0279.png", "np1_rumbo": 81, "np1_manteo": 6, "np1_cabeceo": -167, "np2_rumbo": 338, "np2_manteo": 89, "np2_cabeceo": -84, "lat_centroide": -20.4, "lon_centroide": -71.16}}, {"type": "Feature", "geometry": {"type": "Point", "coordinates": [-73.22, -35.51]}, "properties": {"fecha": "2015/07/17", "hora": "11:11:22.8", "mw": 5.32, "mb": 0.0, "ms": 5.2, "prof_centroide_km": 21.5, "prof_hipocentro_km": 10.0, "lat_hipocentro": -35.51, "lon_hipocentro": -73.22, "banda_prof": "5-30", "region": "OFF COAST OF CENTRAL CHI", "beachball": "beachballs/bb_0280.png", "np1_rumbo": 24, "np1_manteo": 19, "np1_cabeceo": 109, "np2_rumbo": 184, "np2_manteo": 72, "np2_cabeceo": 83, "lat_centroide": -35.57, "lon_centroide": -73.42}}, {"type": "Feature", "geometry": {"type": "Point", "coordinates": [-67.77, -31.27]}, "properties": {"fecha": "1978/08/21", "hora": "00:28:22.7", "mw": 5.31, "mb": 5.6, "ms": 4.7, "prof_centroide_km": 25.0, "prof_hipocentro_km": 10.0, "lat_hipocentro": -31.27, "lon_hipocentro": -67.77, "banda_prof": "5-30", "region": "SAN JUAN PROV, ARGENTINA", "beachball": "beachballs/bb_0281.png", "np1_rumbo": 218, "np1_manteo": 9, "np1_cabeceo": 79, "np2_rumbo": 49, "np2_manteo": 81, "np2_cabeceo": 92, "lat_centroide": -31.79, "lon_centroide": -68.11}}, {"type": "Feature", "geometry": {"type": "Point", "coordinates": [-69.19, -31.89]}, "properties": {"fecha": "2009/03/11", "hora": "13:06:53.5", "mw": 5.31, "mb": 5.5, "ms": 5.5, "prof_centroide_km": 36.8, "prof_hipocentro_km": 28.0, "lat_hipocentro": -31.89, "lon_hipocentro": -69.19, "banda_prof": "5-30", "region": "SAN JUAN PROVINCE, ARGEN", "beachball": "beachballs/bb_0282.png", "np1_rumbo": 190, "np1_manteo": 44, "np1_cabeceo": 109, "np2_rumbo": 344, "np2_manteo": 49, "np2_cabeceo": 72, "lat_centroide": -31.98, "lon_centroide": -69.29}}, {"type": "Feature", "geometry": {"type": "Point", "coordinates": [-73.65, -37.71]}, "properties": {"fecha": "2010/03/11", "hora": "22:34:03.9", "mw": 5.31, "mb": 5.5, "ms": 5.3, "prof_centroide_km": 22.5, "prof_hipocentro_km": 24.5, "lat_hipocentro": -37.71, "lon_hipocentro": -73.65, "banda_prof": "5-30", "region": "NEAR COAST OF CENTRAL CH", "beachball": "beachballs/bb_0283.png", "np1_rumbo": 351, "np1_manteo": 20, "np1_cabeceo": 82, "np2_rumbo": 180, "np2_manteo": 70, "np2_cabeceo": 93, "lat_centroide": -37.85, "lon_centroide": -74.11}}, {"type": "Feature", "geometry": {"type": "Point", "coordinates": [-70.45, -20.35]}, "properties": {"fecha": "2014/04/02", "hora": "19:45:51.1", "mw": 5.31, "mb": 0.0, "ms": 5.3, "prof_centroide_km": 31.5, "prof_hipocentro_km": 26.9, "lat_hipocentro": -20.35, "lon_hipocentro": -70.45, "banda_prof": "5-30", "region": "NEAR COAST OF NORTHERN C", "beachball": "beachballs/bb_0284.png", "np1_rumbo": 1, "np1_manteo": 27, "np1_cabeceo": 98, "np2_rumbo": 173, "np2_manteo": 63, "np2_cabeceo": 86, "lat_centroide": -20.36, "lon_centroide": -70.87}}, {"type": "Feature", "geometry": {"type": "Point", "coordinates": [-72.26, -30.14]}, "properties": {"fecha": "2015/11/06", "hora": "08:44:07.5", "mw": 5.31, "mb": 0.0, "ms": 5.4, "prof_centroide_km": 12.5, "prof_hipocentro_km": 8.5, "lat_hipocentro": -30.14, "lon_hipocentro": -72.26, "banda_prof": "5-30", "region": "OFF COAST OF CENTRAL CHI", "beachball": "beachballs/bb_0285.png", "np1_rumbo": 6, "np1_manteo": 25, "np1_cabeceo": 97, "np2_rumbo": 178, "np2_manteo": 65, "np2_cabeceo": 87, "lat_centroide": -30.26, "lon_centroide": -72.28}}, {"type": "Feature", "geometry": {"type": "Point", "coordinates": [-72.61, -17.72]}, "properties": {"fecha": "2017/04/06", "hora": "17:15:21.3", "mw": 5.31, "mb": 0.0, "ms": 5.1, "prof_centroide_km": 19.0, "prof_hipocentro_km": 8.7, "lat_hipocentro": -17.72, "lon_hipocentro": -72.61, "banda_prof": "5-30", "region": "NEAR COAST OF PERU", "beachball": "beachballs/bb_0286.png", "np1_rumbo": 305, "np1_manteo": 14, "np1_cabeceo": 44, "np2_rumbo": 171, "np2_manteo": 80, "np2_cabeceo": 100, "lat_centroide": -17.71, "lon_centroide": -72.78}}, {"type": "Feature", "geometry": {"type": "Point", "coordinates": [-71.64, -32.6]}, "properties": {"fecha": "2010/03/08", "hora": "17:50:45.8", "mw": 5.3, "mb": 5.4, "ms": 4.9, "prof_centroide_km": 16.5, "prof_hipocentro_km": 23.8, "lat_hipocentro": -32.6, "lon_hipocentro": -71.64, "banda_prof": "5-30", "region": "NEAR COAST OF CENTRAL CH", "beachball": "beachballs/bb_0287.png", "np1_rumbo": 360, "np1_manteo": 28, "np1_cabeceo": 108, "np2_rumbo": 159, "np2_manteo": 63, "np2_cabeceo": 81, "lat_centroide": -32.88, "lon_centroide": -72.04}}, {"type": "Feature", "geometry": {"type": "Point", "coordinates": [-70.83, -19.79]}, "properties": {"fecha": "2014/03/25", "hora": "00:15:12.7", "mw": 5.3, "mb": 0.0, "ms": 5.2, "prof_centroide_km": 23.5, "prof_hipocentro_km": 15.4, "lat_hipocentro": -19.79, "lon_hipocentro": -70.83, "banda_prof": "5-30", "region": "NEAR COAST OF NORTHERN C", "beachball": "beachballs/bb_0288.png", "np1_rumbo": 338, "np1_manteo": 24, "np1_cabeceo": 90, "np2_rumbo": 158, "np2_manteo": 66, "np2_cabeceo": 90, "lat_centroide": -19.83, "lon_centroide": -71.01}}, {"type": "Feature", "geometry": {"type": "Point", "coordinates": [-70.84, -20.19]}, "properties": {"fecha": "2015/05/22", "hora": "19:39:33.8", "mw": 5.3, "mb": 0.0, "ms": 5.3, "prof_centroide_km": 21.5, "prof_hipocentro_km": 17.1, "lat_hipocentro": -20.19, "lon_hipocentro": -70.84, "banda_prof": "5-30", "region": "NEAR COAST OF NORTHERN C", "beachball": "beachballs/bb_0289.png", "np1_rumbo": 349, "np1_manteo": 26, "np1_cabeceo": 84, "np2_rumbo": 175, "np2_manteo": 64, "np2_cabeceo": 93, "lat_centroide": -20.13, "lon_centroide": -71.08}}, {"type": "Feature", "geometry": {"type": "Point", "coordinates": [-72.11, -30.17]}, "properties": {"fecha": "2017/02/16", "hora": "07:02:05.5", "mw": 5.3, "mb": 0.0, "ms": 5.4, "prof_centroide_km": 13.8, "prof_hipocentro_km": 9.8, "lat_hipocentro": -30.17, "lon_hipocentro": -72.11, "banda_prof": "5-30", "region": "OFF COAST OF CENTRAL CHI", "beachball": "beachballs/bb_0290.png", "np1_rumbo": 359, "np1_manteo": 27, "np1_cabeceo": 91, "np2_rumbo": 178, "np2_manteo": 63, "np2_cabeceo": 90, "lat_centroide": -30.26, "lon_centroide": -72.35}}, {"type": "Feature", "geometry": {"type": "Point", "coordinates": [-73.71, -38.25]}, "properties": {"fecha": "2018/06/02", "hora": "06:17:19.9", "mw": 5.3, "mb": 0.0, "ms": 5.2, "prof_centroide_km": 29.0, "prof_hipocentro_km": 26.2, "lat_hipocentro": -38.25, "lon_hipocentro": -73.71, "banda_prof": "5-30", "region": "NEAR COAST OF CENTRAL CH", "beachball": "beachballs/bb_0291.png", "np1_rumbo": 354, "np1_manteo": 19, "np1_cabeceo": 87, "np2_rumbo": 177, "np2_manteo": 72, "np2_cabeceo": 91, "lat_centroide": -38.35, "lon_centroide": -73.9}}, {"type": "Feature", "geometry": {"type": "Point", "coordinates": [-70.11, -24.03]}, "properties": {"fecha": "2008/10/30", "hora": "01:32:40.0", "mw": 5.29, "mb": 5.3, "ms": 5.7, "prof_centroide_km": 41.0, "prof_hipocentro_km": 18.0, "lat_hipocentro": -24.03, "lon_hipocentro": -70.11, "banda_prof": "5-30", "region": "NEAR COAST OF NORTHERN C", "beachball": "beachballs/bb_0292.png", "np1_rumbo": 10, "np1_manteo": 30, "np1_cabeceo": 85, "np2_rumbo": 196, "np2_manteo": 60, "np2_cabeceo": 93, "lat_centroide": -23.86, "lon_centroide": -70.89}}, {"type": "Feature", "geometry": {"type": "Point", "coordinates": [-73.61, -36.69]}, "properties": {"fecha": "2010/03/13", "hora": "03:15:01.4", "mw": 5.29, "mb": 5.1, "ms": 0.0, "prof_centroide_km": 31.4, "prof_hipocentro_km": 15.0, "lat_hipocentro": -36.69, "lon_hipocentro": -73.61, "banda_prof": "5-30", "region": "NEAR COAST OF CENTRAL CH", "beachball": "beachballs/bb_0293.png", "np1_rumbo": 2, "np1_manteo": 23, "np1_cabeceo": 88, "np2_rumbo": 183, "np2_manteo": 67, "np2_cabeceo": 91, "lat_centroide": -36.69, "lon_centroide": -74.02}}, {"type": "Feature", "geometry": {"type": "Point", "coordinates": [-69.19, -26.16]}, "properties": {"fecha": "2013/05/11", "hora": "15:39:21.0", "mw": 5.29, "mb": 5.4, "ms": 5.4, "prof_centroide_km": 15.2, "prof_hipocentro_km": 20.0, "lat_hipocentro": -26.16, "lon_hipocentro": -69.19, "banda_prof": "5-30", "region": "NORTHERN CHILE", "beachball": "beachballs/bb_0294.png", "np1_rumbo": 11, "np1_manteo": 48, "np1_cabeceo": 53, "np2_rumbo": 240, "np2_manteo": 54, "np2_cabeceo": 124, "lat_centroide": -26.2, "lon_centroide": -69.4}}, {"type": "Feature", "geometry": {"type": "Point", "coordinates": [-70.86, -19.88]}, "properties": {"fecha": "2014/03/23", "hora": "20:23:03.3", "mw": 5.29, "mb": 0.0, "ms": 5.1, "prof_centroide_km": 31.6, "prof_hipocentro_km": 16.6, "lat_hipocentro": -19.88, "lon_hipocentro": -70.86, "banda_prof": "5-30", "region": "NEAR COAST OF NORTHERN C", "beachball": "beachballs/bb_0295.png", "np1_rumbo": 5, "np1_manteo": 36, "np1_cabeceo": 122, "np2_rumbo": 147, "np2_manteo": 60, "np2_cabeceo": 69, "lat_centroide": -20.01, "lon_centroide": -71.11}}, {"type": "Feature", "geometry": {"type": "Point", "coordinates": [-70.75, -20.78]}, "properties": {"fecha": "2014/04/14", "hora": "05:56:17.2", "mw": 5.29, "mb": 0.0, "ms": 5.1, "prof_centroide_km": 18.9, "prof_hipocentro_km": 14.9, "lat_hipocentro": -20.78, "lon_hipocentro": -70.75, "banda_prof": "5-30", "region": "NEAR COAST OF NORTHERN C", "beachball": "beachballs/bb_0296.png", "np1_rumbo": 356, "np1_manteo": 21, "np1_cabeceo": 95, "np2_rumbo": 170, "np2_manteo": 69, "np2_cabeceo": 88, "lat_centroide": -20.73, "lon_centroide": -70.98}}, {"type": "Feature", "geometry": {"type": "Point", "coordinates": [-70.78, -20.2]}, "properties": {"fecha": "2014/04/15", "hora": "16:09:34.5", "mw": 5.29, "mb": 0.0, "ms": 5.3, "prof_centroide_km": 19.5, "prof_hipocentro_km": 17.6, "lat_hipocentro": -20.2, "lon_hipocentro": -70.78, "banda_prof": "5-30", "region": "NEAR COAST OF NORTHERN C", "beachball": "beachballs/bb_0297.png", "np1_rumbo": 343, "np1_manteo": 26, "np1_cabeceo": 81, "np2_rumbo": 173, "np2_manteo": 64, "np2_cabeceo": 95, "lat_centroide": -20.12, "lon_centroide": -70.99}}, {"type": "Feature", "geometry": {"type": "Point", "coordinates": [-71.54, -31.59]}, "properties": {"fecha": "1993/01/01", "hora": "09:56:27.4", "mw": 5.28, "mb": 5.3, "ms": 4.7, "prof_centroide_km": 22.2, "prof_hipocentro_km": 27.0, "lat_hipocentro": -31.59, "lon_hipocentro": -71.54, "banda_prof": "5-30", "region": "NEAR CENTRAL CHILE COAST", "beachball": "beachballs/bb_0298.png", "np1_rumbo": 356, "np1_manteo": 19, "np1_cabeceo": 92, "np2_rumbo": 174, "np2_manteo": 71, "np2_cabeceo": 89, "lat_centroide": -31.93, "lon_centroide": -71.66}}, {"type": "Feature", "geometry": {"type": "Point", "coordinates": [-70.89, -26.66]}, "properties": {"fecha": "1993/03/19", "hora": "16:01:10.2", "mw": 5.28, "mb": 5.3, "ms": 4.9, "prof_centroide_km": 15.0, "prof_hipocentro_km": 21.0, "lat_hipocentro": -26.66, "lon_hipocentro": -70.89, "banda_prof": "5-30", "region": "NR NORTHERN CHILE COAST", "beachball": "beachballs/bb_0299.png", "np1_rumbo": 339, "np1_manteo": 32, "np1_cabeceo": 72, "np2_rumbo": 181, "np2_manteo": 60, "np2_cabeceo": 101, "lat_centroide": -27.02, "lon_centroide": -71.56}}, {"type": "Feature", "geometry": {"type": "Point", "coordinates": [-70.78, -24.1]}, "properties": {"fecha": "1995/08/01", "hora": "15:44:30.5", "mw": 5.28, "mb": 5.2, "ms": 4.7, "prof_centroide_km": 15.0, "prof_hipocentro_km": 30.0, "lat_hipocentro": -24.1, "lon_hipocentro": -70.78, "banda_prof": "5-30", "region": "NEAR COAST OF NORTHERN C", "beachball": "beachballs/bb_0300.png", "np1_rumbo": 344, "np1_manteo": 25, "np1_cabeceo": 65, "np2_rumbo": 191, "np2_manteo": 68, "np2_cabeceo": 101, "lat_centroide": -24.26, "lon_centroide": -71.26}}, {"type": "Feature", "geometry": {"type": "Point", "coordinates": [-69.74, -33.3]}, "properties": {"fecha": "2001/10/12", "hora": "04:21:31.5", "mw": 5.28, "mb": 5.1, "ms": 5.6, "prof_centroide_km": 15.0, "prof_hipocentro_km": 3.8, "lat_hipocentro": -33.3, "lon_hipocentro": -69.74, "banda_prof": "0-5", "region": "CHILE-ARGENTINA BORDER R", "beachball": "beachballs/bb_0301.png", "np1_rumbo": 222, "np1_manteo": 78, "np1_cabeceo": 171, "np2_rumbo": 314, "np2_manteo": 81, "np2_cabeceo": 12, "lat_centroide": -33.16, "lon_centroide": -69.04}}, {"type": "Feature", "geometry": {"type": "Point", "coordinates": [-71.21, -28.71]}, "properties": {"fecha": "2002/10/06", "hora": "11:21:38.1", "mw": 5.28, "mb": 5.3, "ms": 4.8, "prof_centroide_km": 26.8, "prof_hipocentro_km": 27.2, "lat_hipocentro": -28.71, "lon_hipocentro": -71.21, "banda_prof": "5-30", "region": "NEAR COAST OF CENTRAL CH", "beachball": "beachballs/bb_0302.png", "np1_rumbo": 348, "np1_manteo": 27, "np1_cabeceo": 70, "np2_rumbo": 190, "np2_manteo": 65, "np2_cabeceo": 100, "lat_centroide": -28.87, "lon_centroide": -71.95}}, {"type": "Feature", "geometry": {"type": "Point", "coordinates": [-71.61, -31.42]}, "properties": {"fecha": "2006/10/13", "hora": "16:12:54.6", "mw": 5.28, "mb": 5.0, "ms": 0.0, "prof_centroide_km": 38.7, "prof_hipocentro_km": 29.9, "lat_hipocentro": -31.42, "lon_hipocentro": -71.61, "banda_prof": "5-30", "region": "NEAR COAST OF CENTRAL CH", "beachball": "beachballs/bb_0303.png", "np1_rumbo": 360, "np1_manteo": 26, "np1_cabeceo": 95, "np2_rumbo": 174, "np2_manteo": 64, "np2_cabeceo": 88, "lat_centroide": -31.55, "lon_centroide": -72.02}}, {"type": "Feature", "geometry": {"type": "Point", "coordinates": [-72.07, -31.57]}, "properties": {"fecha": "2007/03/29", "hora": "17:46:20.8", "mw": 5.28, "mb": 4.8, "ms": 5.2, "prof_centroide_km": 19.8, "prof_hipocentro_km": 4.0, "lat_hipocentro": -31.57, "lon_hipocentro": -72.07, "banda_prof": "0-5", "region": "OFF COAST OF CENTRAL CHI", "beachball": "beachballs/bb_0304.png", "np1_rumbo": 336, "np1_manteo": 15, "np1_cabeceo": 59, "np2_rumbo": 188, "np2_manteo": 78, "np2_cabeceo": 98, "lat_centroide": -31.69, "lon_centroide": -72.12}}, {"type": "Feature", "geometry": {"type": "Point", "coordinates": [-70.72, -25.02]}, "properties": {"fecha": "2009/10/10", "hora": "17:10:17.5", "mw": 5.28, "mb": 5.3, "ms": 0.0, "prof_centroide_km": 13.4, "prof_hipocentro_km": 4.6, "lat_hipocentro": -25.02, "lon_hipocentro": -70.72, "banda_prof": "0-5", "region": "NEAR COAST OF NORTHERN C", "beachball": "beachballs/bb_0305.png", "np1_rumbo": 358, "np1_manteo": 24, "np1_cabeceo": 98, "np2_rumbo": 169, "np2_manteo": 66, "np2_cabeceo": 86, "lat_centroide": -25.02, "lon_centroide": -71.2}}, {"type": "Feature", "geometry": {"type": "Point", "coordinates": [-71.95, -34.14]}, "properties": {"fecha": "2011/11/08", "hora": "17:18:11.7", "mw": 5.28, "mb": 5.3, "ms": 5.2, "prof_centroide_km": 28.9, "prof_hipocentro_km": 15.6, "lat_hipocentro": -34.14, "lon_hipocentro": -71.95, "banda_prof": "5-30", "region": "NEAR COAST OF CENTRAL CH", "beachball": "beachballs/bb_0306.png", "np1_rumbo": 6, "np1_manteo": 22, "np1_cabeceo": 108, "np2_rumbo": 166, "np2_manteo": 69, "np2_cabeceo": 83, "lat_centroide": -34.16, "lon_centroide": -72.45}}, {"type": "Feature", "geometry": {"type": "Point", "coordinates": [-71.04, -19.62]}, "properties": {"fecha": "2014/04/21", "hora": "13:39:05.2", "mw": 5.28, "mb": 0.0, "ms": 5.3, "prof_centroide_km": 20.9, "prof_hipocentro_km": 16.8, "lat_hipocentro": -19.62, "lon_hipocentro": -71.04, "banda_prof": "5-30", "region": "OFF COAST OF NORTHERN CH", "beachball": "beachballs/bb_0307.png", "np1_rumbo": 349, "np1_manteo": 24, "np1_cabeceo": 93, "np2_rumbo": 166, "np2_manteo": 66, "np2_cabeceo": 89, "lat_centroide": -19.69, "lon_centroide": -71.19}}, {"type": "Feature", "geometry": {"type": "Point", "coordinates": [-71.06, -19.71]}, "properties": {"fecha": "2014/05/14", "hora": "05:51:47.6", "mw": 5.28, "mb": 0.0, "ms": 5.2, "prof_centroide_km": 17.8, "prof_hipocentro_km": 10.0, "lat_hipocentro": -19.71, "lon_hipocentro": -71.06, "banda_prof": "5-30", "region": "OFF COAST OF NORTHERN CH", "beachball": "beachballs/bb_0308.png", "np1_rumbo": 332, "np1_manteo": 23, "np1_cabeceo": 78, "np2_rumbo": 164, "np2_manteo": 67, "np2_cabeceo": 95, "lat_centroide": -19.64, "lon_centroide": -71.26}}, {"type": "Feature", "geometry": {"type": "Point", "coordinates": [-73.56, -35.93]}, "properties": {"fecha": "2014/05/27", "hora": "09:04:05.4", "mw": 5.28, "mb": 0.0, "ms": 5.1, "prof_centroide_km": 15.0, "prof_hipocentro_km": 10.2, "lat_hipocentro": -35.93, "lon_hipocentro": -73.56, "banda_prof": "5-30", "region": "OFF COAST OF CENTRAL CHI", "beachball": "beachballs/bb_0309.png", "np1_rumbo": 19, "np1_manteo": 13, "np1_cabeceo": 98, "np2_rumbo": 191, "np2_manteo": 77, "np2_cabeceo": 88, "lat_centroide": -36.02, "lon_centroide": -74.0}}, {"type": "Feature", "geometry": {"type": "Point", "coordinates": [-73.22, -35.62]}, "properties": {"fecha": "2014/09/28", "hora": "08:46:34.0", "mw": 5.28, "mb": 0.0, "ms": 5.2, "prof_centroide_km": 20.3, "prof_hipocentro_km": 20.0, "lat_hipocentro": -35.62, "lon_hipocentro": -73.22, "banda_prof": "5-30", "region": "OFF COAST OF CENTRAL CHI", "beachball": "beachballs/bb_0310.png", "np1_rumbo": 21, "np1_manteo": 19, "np1_cabeceo": 106, "np2_rumbo": 185, "np2_manteo": 72, "np2_cabeceo": 85, "lat_centroide": -35.63, "lon_centroide": -73.38}}, {"type": "Feature", "geometry": {"type": "Point", "coordinates": [-71.26, -27.09]}, "properties": {"fecha": "2006/04/30", "hora": "10:31:19.3", "mw": 5.27, "mb": 5.0, "ms": 5.1, "prof_centroide_km": 17.6, "prof_hipocentro_km": 21.5, "lat_hipocentro": -27.09, "lon_hipocentro": -71.26, "banda_prof": "5-30", "region": "NEAR COAST OF NORTHERN C", "beachball": "beachballs/bb_0311.png", "np1_rumbo": 350, "np1_manteo": 18, "np1_cabeceo": 84, "np2_rumbo": 176, "np2_manteo": 72, "np2_cabeceo": 92, "lat_centroide": -27.1, "lon_centroide": -71.59}}, {"type": "Feature", "geometry": {"type": "Point", "coordinates": [-71.23, -27.51]}, "properties": {"fecha": "2006/05/02", "hora": "13:42:39.7", "mw": 5.27, "mb": 4.9, "ms": 5.0, "prof_centroide_km": 12.0, "prof_hipocentro_km": 22.2, "lat_hipocentro": -27.51, "lon_hipocentro": -71.23, "banda_prof": "5-30", "region": "NEAR COAST OF NORTHERN C", "beachball": "beachballs/bb_0312.png", "np1_rumbo": 359, "np1_manteo": 21, "np1_cabeceo": 92, "np2_rumbo": 177, "np2_manteo": 69, "np2_cabeceo": 89, "lat_centroide": -27.64, "lon_centroide": -71.85}}, {"type": "Feature", "geometry": {"type": "Point", "coordinates": [-71.61, -32.61]}, "properties": {"fecha": "2010/03/08", "hora": "18:08:01.8", "mw": 5.27, "mb": 5.3, "ms": 4.9, "prof_centroide_km": 16.0, "prof_hipocentro_km": 22.4, "lat_hipocentro": -32.61, "lon_hipocentro": -71.61, "banda_prof": "5-30", "region": "NEAR COAST OF CENTRAL CH", "beachball": "beachballs/bb_0313.png", "np1_rumbo": 353, "np1_manteo": 26, "np1_cabeceo": 89, "np2_rumbo": 175, "np2_manteo": 64, "np2_cabeceo": 91, "lat_centroide": -32.78, "lon_centroide": -72.11}}, {"type": "Feature", "geometry": {"type": "Point", "coordinates": [-71.86, -33.66]}, "properties": {"fecha": "2010/10/31", "hora": "07:10:40.6", "mw": 5.27, "mb": 5.3, "ms": 5.3, "prof_centroide_km": 21.4, "prof_hipocentro_km": 29.0, "lat_hipocentro": -33.66, "lon_hipocentro": -71.86, "banda_prof": "5-30", "region": "NEAR COAST OF CENTRAL CH", "beachball": "beachballs/bb_0314.png", "np1_rumbo": 4, "np1_manteo": 20, "np1_cabeceo": 94, "np2_rumbo": 180, "np2_manteo": 70, "np2_cabeceo": 89, "lat_centroide": -33.82, "lon_centroide": -72.39}}, {"type": "Feature", "geometry": {"type": "Point", "coordinates": [-70.56, -20.15]}, "properties": {"fecha": "2014/04/05", "hora": "05:44:56.4", "mw": 5.27, "mb": 0.0, "ms": 5.2, "prof_centroide_km": 29.5, "prof_hipocentro_km": 24.2, "lat_hipocentro": -20.15, "lon_hipocentro": -70.56, "banda_prof": "5-30", "region": "NEAR COAST OF NORTHERN C", "beachball": "beachballs/bb_0315.png", "np1_rumbo": 358, "np1_manteo": 28, "np1_cabeceo": 104, "np2_rumbo": 162, "np2_manteo": 63, "np2_cabeceo": 83, "lat_centroide": -20.13, "lon_centroide": -70.79}}, {"type": "Feature", "geometry": {"type": "Point", "coordinates": [-71.89, -29.96]}, "properties": {"fecha": "2015/09/17", "hora": "20:40:31.8", "mw": 5.27, "mb": 0.0, "ms": 5.5, "prof_centroide_km": 31.0, "prof_hipocentro_km": 5.7, "lat_hipocentro": -29.96, "lon_hipocentro": -71.89, "banda_prof": "5-30", "region": "NEAR COAST OF CENTRAL CH", "beachball": "beachballs/bb_0316.png", "np1_rumbo": 357, "np1_manteo": 30, "np1_cabeceo": 103, "np2_rumbo": 162, "np2_manteo": 61, "np2_cabeceo": 82, "lat_centroide": -30.08, "lon_centroide": -72.02}}, {"type": "Feature", "geometry": {"type": "Point", "coordinates": [-72.27, -34.27]}, "properties": {"fecha": "2018/05/06", "hora": "02:44:20.0", "mw": 5.27, "mb": 0.0, "ms": 5.2, "prof_centroide_km": 31.5, "prof_hipocentro_km": 12.1, "lat_hipocentro": -34.27, "lon_hipocentro": -72.27, "banda_prof": "5-30", "region": "NEAR COAST OF CENTRAL CH", "beachball": "beachballs/bb_0317.png", "np1_rumbo": 25, "np1_manteo": 24, "np1_cabeceo": 105, "np2_rumbo": 190, "np2_manteo": 67, "np2_cabeceo": 84, "lat_centroide": -34.23, "lon_centroide": -72.48}}, {"type": "Feature", "geometry": {"type": "Point", "coordinates": [-71.49, -27.84]}, "properties": {"fecha": "2020/04/25", "hora": "05:53:56.2", "mw": 5.27, "mb": 0.0, "ms": 4.9, "prof_centroide_km": 15.0, "prof_hipocentro_km": 12.9, "lat_hipocentro": -27.84, "lon_hipocentro": -71.49, "banda_prof": "5-30", "region": "NEAR COAST OF NORTHERN C", "beachball": "beachballs/bb_0318.png", "np1_rumbo": 318, "np1_manteo": 10, "np1_cabeceo": 29, "np2_rumbo": 199, "np2_manteo": 85, "np2_cabeceo": 99, "lat_centroide": -27.96, "lon_centroide": -71.02}}, {"type": "Feature", "geometry": {"type": "Point", "coordinates": [-71.87, -30.02]}, "properties": {"fecha": "1997/11/09", "hora": "20:23:40.5", "mw": 5.26, "mb": 5.2, "ms": 4.5, "prof_centroide_km": 32.1, "prof_hipocentro_km": 28.3, "lat_hipocentro": -30.02, "lon_hipocentro": -71.87, "banda_prof": "5-30", "region": "NEAR COAST OF CENTRAL CH", "beachball": "beachballs/bb_0319.png", "np1_rumbo": 325, "np1_manteo": 29, "np1_cabeceo": 32, "np2_rumbo": 206, "np2_manteo": 75, "np2_cabeceo": 115, "lat_centroide": -30.06, "lon_centroide": -72.18}}, {"type": "Feature", "geometry": {"type": "Point", "coordinates": [-70.72, -23.16]}, "properties": {"fecha": "2007/11/15", "hora": "11:14:50.2", "mw": 5.26, "mb": 5.0, "ms": 0.0, "prof_centroide_km": 19.8, "prof_hipocentro_km": 19.4, "lat_hipocentro": -23.16, "lon_hipocentro": -70.72, "banda_prof": "5-30", "region": "NEAR COAST OF NORTHERN C", "beachball": "beachballs/bb_0320.png", "np1_rumbo": 339, "np1_manteo": 22, "np1_cabeceo": 81, "np2_rumbo": 170, "np2_manteo": 68, "np2_cabeceo": 94, "lat_centroide": -23.03, "lon_centroide": -71.12}}, {"type": "Feature", "geometry": {"type": "Point", "coordinates": [-70.6, -22.9]}, "properties": {"fecha": "2007/11/19", "hora": "20:21:07.8", "mw": 5.26, "mb": 4.9, "ms": 0.0, "prof_centroide_km": 24.0, "prof_hipocentro_km": 13.1, "lat_hipocentro": -22.9, "lon_hipocentro": -70.6, "banda_prof": "5-30", "region": "NEAR COAST OF NORTHERN C", "beachball": "beachballs/bb_0321.png", "np1_rumbo": 357, "np1_manteo": 21, "np1_cabeceo": 97, "np2_rumbo": 170, "np2_manteo": 69, "np2_cabeceo": 87, "lat_centroide": -22.86, "lon_centroide": -70.91}}, {"type": "Feature", "geometry": {"type": "Point", "coordinates": [-73.83, -36.04]}, "properties": {"fecha": "2019/09/23", "hora": "08:24:39.0", "mw": 5.26, "mb": 0.0, "ms": 5.3, "prof_centroide_km": 12.7, "prof_hipocentro_km": 10.0, "lat_hipocentro": -36.04, "lon_hipocentro": -73.83, "banda_prof": "5-30", "region": "NEAR COAST OF CENTRAL CH", "beachball": "beachballs/bb_0322.png", "np1_rumbo": 4, "np1_manteo": 16, "np1_cabeceo": 81, "np2_rumbo": 194, "np2_manteo": 74, "np2_cabeceo": 93, "lat_centroide": -36.18, "lon_centroide": -73.96}}, {"type": "Feature", "geometry": {"type": "Point", "coordinates": [-73.64, -37.32]}, "properties": {"fecha": "2006/05/21", "hora": "05:11:38.9", "mw": 5.25, "mb": 5.1, "ms": 0.0, "prof_centroide_km": 15.4, "prof_hipocentro_km": 22.5, "lat_hipocentro": -37.32, "lon_hipocentro": -73.64, "banda_prof": "5-30", "region": "NEAR COAST OF CENTRAL CH", "beachball": "beachballs/bb_0323.png", "np1_rumbo": 27, "np1_manteo": 17, "np1_cabeceo": 120, "np2_rumbo": 176, "np2_manteo": 76, "np2_cabeceo": 82, "lat_centroide": -37.41, "lon_centroide": -74.14}}, {"type": "Feature", "geometry": {"type": "Point", "coordinates": [-73.6, -36.34]}, "properties": {"fecha": "2010/05/24", "hora": "23:57:31.0", "mw": 5.25, "mb": 5.0, "ms": 5.4, "prof_centroide_km": 20.6, "prof_hipocentro_km": 26.9, "lat_hipocentro": -36.34, "lon_hipocentro": -73.6, "banda_prof": "5-30", "region": "NEAR COAST OF CENTRAL CH", "beachball": "beachballs/bb_0324.png", "np1_rumbo": 19, "np1_manteo": 19, "np1_cabeceo": 111, "np2_rumbo": 177, "np2_manteo": 73, "np2_cabeceo": 83, "lat_centroide": -36.4, "lon_centroide": -73.71}}, {"type": "Feature", "geometry": {"type": "Point", "coordinates": [-72.11, -33.93]}, "properties": {"fecha": "2011/02/18", "hora": "17:00:58.7", "mw": 5.25, "mb": 5.2, "ms": 5.2, "prof_centroide_km": 27.3, "prof_hipocentro_km": 10.0, "lat_hipocentro": -33.93, "lon_hipocentro": -72.11, "banda_prof": "5-30", "region": "OFF COAST OF CENTRAL CHI", "beachball": "beachballs/bb_0325.png", "np1_rumbo": 14, "np1_manteo": 20, "np1_cabeceo": 105, "np2_rumbo": 178, "np2_manteo": 71, "np2_cabeceo": 85, "lat_centroide": -33.99, "lon_centroide": -72.37}}, {"type": "Feature", "geometry": {"type": "Point", "coordinates": [-71.03, -20.06]}, "properties": {"fecha": "2014/04/04", "hora": "09:38:55.0", "mw": 5.25, "mb": 0.0, "ms": 5.2, "prof_centroide_km": 18.9, "prof_hipocentro_km": 10.8, "lat_hipocentro": -20.06, "lon_hipocentro": -71.03, "banda_prof": "5-30", "region": "OFF COAST OF NORTHERN CH", "beachball": "beachballs/bb_0326.png", "np1_rumbo": 347, "np1_manteo": 24, "np1_cabeceo": 90, "np2_rumbo": 167, "np2_manteo": 66, "np2_cabeceo": 90, "lat_centroide": -20.03, "lon_centroide": -71.3}}, {"type": "Feature", "geometry": {"type": "Point", "coordinates": [-72.2, -33.78]}, "properties": {"fecha": "2014/08/08", "hora": "04:10:15.0", "mw": 5.25, "mb": 0.0, "ms": 5.2, "prof_centroide_km": 24.2, "prof_hipocentro_km": 16.5, "lat_hipocentro": -33.78, "lon_hipocentro": -72.2, "banda_prof": "5-30", "region": "OFF COAST OF CENTRAL CHI", "beachball": "beachballs/bb_0327.png", "np1_rumbo": 5, "np1_manteo": 27, "np1_cabeceo": 87, "np2_rumbo": 189, "np2_manteo": 63, "np2_cabeceo": 92, "lat_centroide": -33.64, "lon_centroide": -72.27}}, {"type": "Feature", "geometry": {"type": "Point", "coordinates": [-72.28, -33.99]}, "properties": {"fecha": "2014/10/23", "hora": "23:38:52.3", "mw": 5.25, "mb": 0.0, "ms": 5.0, "prof_centroide_km": 17.2, "prof_hipocentro_km": 17.3, "lat_hipocentro": -33.99, "lon_hipocentro": -72.28, "banda_prof": "5-30", "region": "OFF COAST OF CENTRAL CHI", "beachball": "beachballs/bb_0328.png", "np1_rumbo": 3, "np1_manteo": 13, "np1_cabeceo": 97, "np2_rumbo": 176, "np2_manteo": 77, "np2_cabeceo": 88, "lat_centroide": -34.02, "lon_centroide": -72.39}}, {"type": "Feature", "geometry": {"type": "Point", "coordinates": [-72.05, -32.93]}, "properties": {"fecha": "2017/05/13", "hora": "16:54:45.3", "mw": 5.25, "mb": 0.0, "ms": 5.2, "prof_centroide_km": 28.4, "prof_hipocentro_km": 10.2, "lat_hipocentro": -32.93, "lon_hipocentro": -72.05, "banda_prof": "5-30", "region": "OFF COAST OF CENTRAL CHI", "beachball": "beachballs/bb_0329.png", "np1_rumbo": 360, "np1_manteo": 20, "np1_cabeceo": 84, "np2_rumbo": 186, "np2_manteo": 70, "np2_cabeceo": 92, "lat_centroide": -32.9, "lon_centroide": -72.12}}, {"type": "Feature", "geometry": {"type": "Point", "coordinates": [-72.27, -42.77]}, "properties": {"fecha": "2008/05/02", "hora": "05:51:24.5", "mw": 5.24, "mb": 5.3, "ms": 4.9, "prof_centroide_km": 17.4, "prof_hipocentro_km": 10.0, "lat_hipocentro": -42.77, "lon_hipocentro": -72.27, "banda_prof": "5-30", "region": "SOUTHERN CHILE", "beachball": "beachballs/bb_0330.png", "np1_rumbo": 206, "np1_manteo": 77, "np1_cabeceo": -177, "np2_rumbo": 115, "np2_manteo": 87, "np2_cabeceo": -13, "lat_centroide": -42.93, "lon_centroide": -72.65}}, {"type": "Feature", "geometry": {"type": "Point", "coordinates": [-72.83, -44.18]}, "properties": {"fecha": "2010/03/18", "hora": "09:32:21.0", "mw": 5.24, "mb": 5.1, "ms": 4.4, "prof_centroide_km": 20.4, "prof_hipocentro_km": 4.4, "lat_hipocentro": -44.18, "lon_hipocentro": -72.83, "banda_prof": "0-5", "region": "SOUTHERN CHILE", "beachball": "beachballs/bb_0331.png", "np1_rumbo": 186, "np1_manteo": 72, "np1_cabeceo": 171, "np2_rumbo": 279, "np2_manteo": 81, "np2_cabeceo": 18, "lat_centroide": -44.43, "lon_centroide": -73.01}}, {"type": "Feature", "geometry": {"type": "Point", "coordinates": [-73.52, -37.22]}, "properties": {"fecha": "2010/09/14", "hora": "03:23:37.5", "mw": 5.24, "mb": 4.9, "ms": 5.3, "prof_centroide_km": 12.5, "prof_hipocentro_km": 26.4, "lat_hipocentro": -37.22, "lon_hipocentro": -73.52, "banda_prof": "5-30", "region": "NEAR COAST OF CENTRAL CH", "beachball": "beachballs/bb_0332.png", "np1_rumbo": 359, "np1_manteo": 19, "np1_cabeceo": 83, "np2_rumbo": 186, "np2_manteo": 71, "np2_cabeceo": 92, "lat_centroide": -37.32, "lon_centroide": -74.27}}, {"type": "Feature", "geometry": {"type": "Point", "coordinates": [-72.1, -33.93]}, "properties": {"fecha": "2012/11/21", "hora": "18:16:38.5", "mw": 5.24, "mb": 5.1, "ms": 5.1, "prof_centroide_km": 27.9, "prof_hipocentro_km": 19.3, "lat_hipocentro": -33.93, "lon_hipocentro": -72.1, "banda_prof": "5-30", "region": "OFF COAST OF CENTRAL CHI", "beachball": "beachballs/bb_0333.png", "np1_rumbo": 19, "np1_manteo": 24, "np1_cabeceo": 118, "np2_rumbo": 169, "np2_manteo": 69, "np2_cabeceo": 79, "lat_centroide": -33.93, "lon_centroide": -72.4}}, {"type": "Feature", "geometry": {"type": "Point", "coordinates": [-70.8, -20.6]}, "properties": {"fecha": "2014/04/09", "hora": "11:14:43.9", "mw": 5.24, "mb": 0.0, "ms": 5.2, "prof_centroide_km": 14.7, "prof_hipocentro_km": 9.9, "lat_hipocentro": -20.6, "lon_hipocentro": -70.8, "banda_prof": "5-30", "region": "NEAR COAST OF NORTHERN C", "beachball": "beachballs/bb_0334.png", "np1_rumbo": 350, "np1_manteo": 22, "np1_cabeceo": 91, "np2_rumbo": 169, "np2_manteo": 68, "np2_cabeceo": 90, "lat_centroide": -20.65, "lon_centroide": -71.11}}, {"type": "Feature", "geometry": {"type": "Point", "coordinates": [-70.99, -20.02]}, "properties": {"fecha": "2014/10/07", "hora": "12:33:22.8", "mw": 5.24, "mb": 0.0, "ms": 5.3, "prof_centroide_km": 20.2, "prof_hipocentro_km": 11.9, "lat_hipocentro": -20.02, "lon_hipocentro": -70.99, "banda_prof": "5-30", "region": "NEAR COAST OF NORTHERN C", "beachball": "beachballs/bb_0335.png", "np1_rumbo": 342, "np1_manteo": 27, "np1_cabeceo": 84, "np2_rumbo": 168, "np2_manteo": 64, "np2_cabeceo": 93, "lat_centroide": -19.98, "lon_centroide": -71.2}}, {"type": "Feature", "geometry": {"type": "Point", "coordinates": [-72.96, -35.59]}, "properties": {"fecha": "2019/01/28", "hora": "09:00:47.4", "mw": 5.24, "mb": 0.0, "ms": 5.2, "prof_centroide_km": 28.5, "prof_hipocentro_km": 21.0, "lat_hipocentro": -35.59, "lon_hipocentro": -72.96, "banda_prof": "5-30", "region": "NEAR COAST OF CENTRAL CH", "beachball": "beachballs/bb_0336.png", "np1_rumbo": 15, "np1_manteo": 17, "np1_cabeceo": 101, "np2_rumbo": 184, "np2_manteo": 73, "np2_cabeceo": 87, "lat_centroide": -35.61, "lon_centroide": -73.0}}, {"type": "Feature", "geometry": {"type": "Point", "coordinates": [-72.25, -34.0]}, "properties": {"fecha": "2019/11/15", "hora": "17:16:42.5", "mw": 5.24, "mb": 0.0, "ms": 5.2, "prof_centroide_km": 22.0, "prof_hipocentro_km": 13.7, "lat_hipocentro": -34.0, "lon_hipocentro": -72.25, "banda_prof": "5-30", "region": "NEAR COAST OF CENTRAL CH", "beachball": "beachballs/bb_0337.png", "np1_rumbo": 10, "np1_manteo": 23, "np1_cabeceo": 107, "np2_rumbo": 171, "np2_manteo": 68, "np2_cabeceo": 83, "lat_centroide": -34.01, "lon_centroide": -72.33}}, {"type": "Feature", "geometry": {"type": "Point", "coordinates": [-71.3, -28.88]}, "properties": {"fecha": "2003/10/04", "hora": "18:15:55.0", "mw": 5.23, "mb": 5.2, "ms": 0.0, "prof_centroide_km": 43.0, "prof_hipocentro_km": 29.2, "lat_hipocentro": -28.88, "lon_hipocentro": -71.3, "banda_prof": "5-30", "region": "NEAR COAST OF CENTRAL CH", "beachball": "beachballs/bb_0338.png", "np1_rumbo": 331, "np1_manteo": 48, "np1_cabeceo": 40, "np2_rumbo": 211, "np2_manteo": 62, "np2_cabeceo": 130, "lat_centroide": -29.31, "lon_centroide": -72.07}}, {"type": "Feature", "geometry": {"type": "Point", "coordinates": [-70.57, -25.85]}, "properties": {"fecha": "2007/10/02", "hora": "15:38:26.4", "mw": 5.23, "mb": 5.4, "ms": 4.7, "prof_centroide_km": 41.8, "prof_hipocentro_km": 28.6, "lat_hipocentro": -25.85, "lon_hipocentro": -70.57, "banda_prof": "5-30", "region": "NEAR COAST OF NORTHERN C", "beachball": "beachballs/bb_0339.png", "np1_rumbo": 23, "np1_manteo": 28, "np1_cabeceo": 121, "np2_rumbo": 169, "np2_manteo": 66, "np2_cabeceo": 75, "lat_centroide": -25.87, "lon_centroide": -71.28}}, {"type": "Feature", "geometry": {"type": "Point", "coordinates": [-70.62, -23.15]}, "properties": {"fecha": "2007/11/17", "hora": "18:13:12.6", "mw": 5.23, "mb": 5.2, "ms": 0.0, "prof_centroide_km": 23.6, "prof_hipocentro_km": 7.2, "lat_hipocentro": -23.15, "lon_hipocentro": -70.62, "banda_prof": "5-30", "region": "NEAR COAST OF NORTHERN C", "beachball": "beachballs/bb_0340.png", "np1_rumbo": 357, "np1_manteo": 28, "np1_cabeceo": 53, "np2_rumbo": 217, "np2_manteo": 68, "np2_cabeceo": 107, "lat_centroide": -23.03, "lon_centroide": -70.9}}, {"type": "Feature", "geometry": {"type": "Point", "coordinates": [-71.08, -36.82]}, "properties": {"fecha": "2010/08/15", "hora": "07:50:36.4", "mw": 5.23, "mb": 5.2, "ms": 5.5, "prof_centroide_km": 16.2, "prof_hipocentro_km": 10.0, "lat_hipocentro": -36.82, "lon_hipocentro": -71.08, "banda_prof": "5-30", "region": "CENTRAL CHILE", "beachball": "beachballs/bb_0341.png", "np1_rumbo": 290, "np1_manteo": 58, "np1_cabeceo": -9, "np2_rumbo": 25, "np2_manteo": 82, "np2_cabeceo": -148, "lat_centroide": -37.09, "lon_centroide": -71.47}}, {"type": "Feature", "geometry": {"type": "Point", "coordinates": [-72.23, -34.03]}, "properties": {"fecha": "2011/02/19", "hora": "06:26:31.0", "mw": 5.23, "mb": 5.2, "ms": 5.2, "prof_centroide_km": 20.8, "prof_hipocentro_km": 15.9, "lat_hipocentro": -34.03, "lon_hipocentro": -72.23, "banda_prof": "5-30", "region": "NEAR COAST OF CENTRAL CH", "beachball": "beachballs/bb_0342.png", "np1_rumbo": 360, "np1_manteo": 21, "np1_cabeceo": 94, "np2_rumbo": 176, "np2_manteo": 69, "np2_cabeceo": 89, "lat_centroide": -34.05, "lon_centroide": -72.33}}, {"type": "Feature", "geometry": {"type": "Point", "coordinates": [-73.77, -36.19]}, "properties": {"fecha": "2011/04/10", "hora": "20:24:22.0", "mw": 5.23, "mb": 5.2, "ms": 5.0, "prof_centroide_km": 18.0, "prof_hipocentro_km": 23.8, "lat_hipocentro": -36.19, "lon_hipocentro": -73.77, "banda_prof": "5-30", "region": "NEAR COAST OF CENTRAL CH", "beachball": "beachballs/bb_0343.png", "np1_rumbo": 357, "np1_manteo": 15, "np1_cabeceo": 83, "np2_rumbo": 184, "np2_manteo": 75, "np2_cabeceo": 92, "lat_centroide": -36.17, "lon_centroide": -73.96}}, {"type": "Feature", "geometry": {"type": "Point", "coordinates": [-71.59, -32.57]}, "properties": {"fecha": "2012/01/09", "hora": "21:30:51.0", "mw": 5.23, "mb": 5.2, "ms": 5.2, "prof_centroide_km": 35.5, "prof_hipocentro_km": 21.4, "lat_hipocentro": -32.57, "lon_hipocentro": -71.59, "banda_prof": "5-30", "region": "NEAR COAST OF CENTRAL CH", "beachball": "beachballs/bb_0344.png", "np1_rumbo": 11, "np1_manteo": 23, "np1_cabeceo": 100, "np2_rumbo": 180, "np2_manteo": 68, "np2_cabeceo": 86, "lat_centroide": -32.7, "lon_centroide": -71.93}}, {"type": "Feature", "geometry": {"type": "Point", "coordinates": [-70.36, -20.69]}, "properties": {"fecha": "2012/07/18", "hora": "18:24:08.7", "mw": 5.23, "mb": 5.1, "ms": 5.1, "prof_centroide_km": 29.4, "prof_hipocentro_km": 10.9, "lat_hipocentro": -20.69, "lon_hipocentro": -70.36, "banda_prof": "5-30", "region": "NEAR COAST OF NORTHERN C", "beachball": "beachballs/bb_0345.png", "np1_rumbo": 358, "np1_manteo": 22, "np1_cabeceo": 96, "np2_rumbo": 171, "np2_manteo": 68, "np2_cabeceo": 88, "lat_centroide": -20.79, "lon_centroide": -70.9}}, {"type": "Feature", "geometry": {"type": "Point", "coordinates": [-71.47, -28.67]}, "properties": {"fecha": "2015/05/14", "hora": "15:08:04.2", "mw": 5.23, "mb": 0.0, "ms": 5.1, "prof_centroide_km": 25.0, "prof_hipocentro_km": 18.4, "lat_hipocentro": -28.67, "lon_hipocentro": -71.47, "banda_prof": "5-30", "region": "NEAR COAST OF CENTRAL CH", "beachball": "beachballs/bb_0346.png", "np1_rumbo": 24, "np1_manteo": 12, "np1_cabeceo": 108, "np2_rumbo": 185, "np2_manteo": 78, "np2_cabeceo": 86, "lat_centroide": -28.78, "lon_centroide": -71.69}}, {"type": "Feature", "geometry": {"type": "Point", "coordinates": [-71.71, -30.63]}, "properties": {"fecha": "2018/11/09", "hora": "18:54:10.2", "mw": 5.23, "mb": 0.0, "ms": 5.2, "prof_centroide_km": 33.4, "prof_hipocentro_km": 25.8, "lat_hipocentro": -30.63, "lon_hipocentro": -71.71, "banda_prof": "5-30", "region": "NEAR COAST OF CENTRAL CH", "beachball": "beachballs/bb_0347.png", "np1_rumbo": 3, "np1_manteo": 31, "np1_cabeceo": 98, "np2_rumbo": 174, "np2_manteo": 59, "np2_cabeceo": 85, "lat_centroide": -30.64, "lon_centroide": -71.91}}, {"type": "Feature", "geometry": {"type": "Point", "coordinates": [-71.04, -19.89]}, "properties": {"fecha": "2019/02/06", "hora": "17:56:49.7", "mw": 5.23, "mb": 0.0, "ms": 5.2, "prof_centroide_km": 17.1, "prof_hipocentro_km": 13.0, "lat_hipocentro": -19.89, "lon_hipocentro": -71.04, "banda_prof": "5-30", "region": "OFF COAST OF NORTHERN CH", "beachball": "beachballs/bb_0348.png", "np1_rumbo": 347, "np1_manteo": 19, "np1_cabeceo": 87, "np2_rumbo": 170, "np2_manteo": 71, "np2_cabeceo": 91, "lat_centroide": -19.85, "lon_centroide": -71.15}}, {"type": "Feature", "geometry": {"type": "Point", "coordinates": [-73.2, -36.56]}, "properties": {"fecha": "1998/06/06", "hora": "12:16:18.8", "mw": 5.22, "mb": 5.0, "ms": 4.6, "prof_centroide_km": 15.0, "prof_hipocentro_km": 23.5, "lat_hipocentro": -36.56, "lon_hipocentro": -73.2, "banda_prof": "5-30", "region": "NEAR COAST OF CENTRAL CH", "beachball": "beachballs/bb_0349.png", "np1_rumbo": 341, "np1_manteo": 12, "np1_cabeceo": 65, "np2_rumbo": 186, "np2_manteo": 79, "np2_cabeceo": 95, "lat_centroide": -36.56, "lon_centroide": -73.2}}, {"type": "Feature", "geometry": {"type": "Point", "coordinates": [-70.63, -25.55]}, "properties": {"fecha": "2006/09/01", "hora": "15:52:36.2", "mw": 5.22, "mb": 5.0, "ms": 5.1, "prof_centroide_km": 27.0, "prof_hipocentro_km": 13.5, "lat_hipocentro": -25.55, "lon_hipocentro": -70.63, "banda_prof": "5-30", "region": "NEAR COAST OF NORTHERN C", "beachball": "beachballs/bb_0350.png", "np1_rumbo": 133, "np1_manteo": 60, "np1_cabeceo": 19, "np2_rumbo": 33, "np2_manteo": 73, "np2_cabeceo": 149, "lat_centroide": -25.57, "lon_centroide": -71.13}}, {"type": "Feature", "geometry": {"type": "Point", "coordinates": [-71.85, -32.58]}, "properties": {"fecha": "2008/12/19", "hora": "13:57:30.0", "mw": 5.22, "mb": 5.1, "ms": 5.1, "prof_centroide_km": 24.3, "prof_hipocentro_km": 13.8, "lat_hipocentro": -32.58, "lon_hipocentro": -71.85, "banda_prof": "5-30", "region": "NEAR COAST OF CENTRAL CH", "beachball": "beachballs/bb_0351.png", "np1_rumbo": 11, "np1_manteo": 19, "np1_cabeceo": 118, "np2_rumbo": 162, "np2_manteo": 74, "np2_cabeceo": 81, "lat_centroide": -32.68, "lon_centroide": -71.97}}, {"type": "Feature", "geometry": {"type": "Point", "coordinates": [-71.49, -29.04]}, "properties": {"fecha": "2012/12/24", "hora": "12:12:35.3", "mw": 5.22, "mb": 5.1, "ms": 5.4, "prof_centroide_km": 41.2, "prof_hipocentro_km": 19.7, "lat_hipocentro": -29.04, "lon_hipocentro": -71.49, "banda_prof": "5-30", "region": "NEAR COAST OF CENTRAL CH", "beachball": "beachballs/bb_0352.png", "np1_rumbo": 353, "np1_manteo": 41, "np1_cabeceo": 57, "np2_rumbo": 214, "np2_manteo": 57, "np2_cabeceo": 115, "lat_centroide": -29.01, "lon_centroide": -71.79}}, {"type": "Feature", "geometry": {"type": "Point", "coordinates": [-73.43, -17.86]}, "properties": {"fecha": "2014/07/14", "hora": "11:24:36.3", "mw": 5.22, "mb": 0.0, "ms": 5.2, "prof_centroide_km": 12.0, "prof_hipocentro_km": 10.0, "lat_hipocentro": -17.86, "lon_hipocentro": -73.43, "banda_prof": "5-30", "region": "OFF COAST OF PERU", "beachball": "beachballs/bb_0353.png", "np1_rumbo": 125, "np1_manteo": 42, "np1_cabeceo": -95, "np2_rumbo": 312, "np2_manteo": 48, "np2_cabeceo": -85, "lat_centroide": -17.89, "lon_centroide": -73.6}}, {"type": "Feature", "geometry": {"type": "Point", "coordinates": [-71.73, -29.82]}, "properties": {"fecha": "2015/10/03", "hora": "11:21:01.7", "mw": 5.22, "mb": 0.0, "ms": 5.1, "prof_centroide_km": 31.5, "prof_hipocentro_km": 28.5, "lat_hipocentro": -29.82, "lon_hipocentro": -71.73, "banda_prof": "5-30", "region": "NEAR COAST OF CENTRAL CH", "beachball": "beachballs/bb_0354.png", "np1_rumbo": 1, "np1_manteo": 28, "np1_cabeceo": 86, "np2_rumbo": 186, "np2_manteo": 62, "np2_cabeceo": 92, "lat_centroide": -29.95, "lon_centroide": -71.88}}, {"type": "Feature", "geometry": {"type": "Point", "coordinates": [-71.43, -17.93]}, "properties": {"fecha": "2002/06/20", "hora": "20:35:12.9", "mw": 5.21, "mb": 5.3, "ms": 4.5, "prof_centroide_km": 15.0, "prof_hipocentro_km": 25.2, "lat_hipocentro": -17.93, "lon_hipocentro": -71.43, "banda_prof": "5-30", "region": "NEAR COAST OF PERU", "beachball": "beachballs/bb_0355.png", "np1_rumbo": 285, "np1_manteo": 31, "np1_cabeceo": 20, "np2_rumbo": 178, "np2_manteo": 80, "np2_cabeceo": 120, "lat_centroide": -17.93, "lon_centroide": -71.43}}, {"type": "Feature", "geometry": {"type": "Point", "coordinates": [-71.68, -32.59]}, "properties": {"fecha": "2005/03/13", "hora": "20:38:59.7", "mw": 5.21, "mb": 5.3, "ms": 4.8, "prof_centroide_km": 35.7, "prof_hipocentro_km": 25.7, "lat_hipocentro": -32.59, "lon_hipocentro": -71.68, "banda_prof": "5-30", "region": "NEAR COAST OF CENTRAL CH", "beachball": "beachballs/bb_0356.png", "np1_rumbo": 9, "np1_manteo": 24, "np1_cabeceo": 103, "np2_rumbo": 175, "np2_manteo": 66, "np2_cabeceo": 84, "lat_centroide": -32.72, "lon_centroide": -72.02}}, {"type": "Feature", "geometry": {"type": "Point", "coordinates": [-71.21, -27.45]}, "properties": {"fecha": "2006/05/02", "hora": "04:11:19.9", "mw": 5.21, "mb": 4.7, "ms": 4.9, "prof_centroide_km": 16.0, "prof_hipocentro_km": 21.0, "lat_hipocentro": -27.45, "lon_hipocentro": -71.21, "banda_prof": "5-30", "region": "NEAR COAST OF NORTHERN C", "beachball": "beachballs/bb_0357.png", "np1_rumbo": 352, "np1_manteo": 20, "np1_cabeceo": 81, "np2_rumbo": 181, "np2_manteo": 71, "np2_cabeceo": 93, "lat_centroide": -27.58, "lon_centroide": -71.84}}, {"type": "Feature", "geometry": {"type": "Point", "coordinates": [-69.44, -26.16]}, "properties": {"fecha": "2013/05/12", "hora": "12:59:10.0", "mw": 5.21, "mb": 5.5, "ms": 5.4, "prof_centroide_km": 13.5, "prof_hipocentro_km": 10.0, "lat_hipocentro": -26.16, "lon_hipocentro": -69.44, "banda_prof": "5-30", "region": "NORTHERN CHILE", "beachball": "beachballs/bb_0358.png", "np1_rumbo": 21, "np1_manteo": 46, "np1_cabeceo": 61, "np2_rumbo": 240, "np2_manteo": 51, "np2_cabeceo": 117, "lat_centroide": -26.23, "lon_centroide": -69.34}}, {"type": "Feature", "geometry": {"type": "Point", "coordinates": [-71.75, -32.72]}, "properties": {"fecha": "2014/04/30", "hora": "18:00:55.0", "mw": 5.21, "mb": 0.0, "ms": 5.1, "prof_centroide_km": 39.8, "prof_hipocentro_km": 21.3, "lat_hipocentro": -32.72, "lon_hipocentro": -71.75, "banda_prof": "5-30", "region": "NEAR COAST OF CENTRAL CH", "beachball": "beachballs/bb_0359.png", "np1_rumbo": 358, "np1_manteo": 29, "np1_cabeceo": 88, "np2_rumbo": 180, "np2_manteo": 61, "np2_cabeceo": 91, "lat_centroide": -32.66, "lon_centroide": -71.93}}, {"type": "Feature", "geometry": {"type": "Point", "coordinates": [-71.95, -33.26]}, "properties": {"fecha": "2017/04/27", "hora": "05:09:23.0", "mw": 5.21, "mb": 0.0, "ms": 5.1, "prof_centroide_km": 25.0, "prof_hipocentro_km": 23.4, "lat_hipocentro": -33.26, "lon_hipocentro": -71.95, "banda_prof": "5-30", "region": "NEAR COAST OF CENTRAL CH", "beachball": "beachballs/bb_0360.png", "np1_rumbo": 350, "np1_manteo": 16, "np1_cabeceo": 79, "np2_rumbo": 181, "np2_manteo": 74, "np2_cabeceo": 93, "lat_centroide": -33.32, "lon_centroide": -71.89}}, {"type": "Feature", "geometry": {"type": "Point", "coordinates": [-74.06, -42.71]}, "properties": {"fecha": "2005/12/21", "hora": "22:19:46.2", "mw": 5.2, "mb": 4.9, "ms": 0.0, "prof_centroide_km": 30.0, "prof_hipocentro_km": 25.8, "lat_hipocentro": -42.71, "lon_hipocentro": -74.06, "banda_prof": "5-30", "region": "SOUTHERN CHILE", "beachball": "beachballs/bb_0361.png", "np1_rumbo": 333, "np1_manteo": 23, "np1_cabeceo": 60, "np2_rumbo": 185, "np2_manteo": 70, "np2_cabeceo": 102, "lat_centroide": -42.85, "lon_centroide": -74.43}}, {"type": "Feature", "geometry": {"type": "Point", "coordinates": [-73.22, -36.4]}, "properties": {"fecha": "2006/01/05", "hora": "22:51:15.9", "mw": 5.19, "mb": 5.4, "ms": 0.0, "prof_centroide_km": 20.0, "prof_hipocentro_km": 23.9, "lat_hipocentro": -36.4, "lon_hipocentro": -73.22, "banda_prof": "5-30", "region": "NEAR COAST OF CENTRAL CH", "beachball": "beachballs/bb_0362.png", "np1_rumbo": 19, "np1_manteo": 16, "np1_cabeceo": 104, "np2_rumbo": 184, "np2_manteo": 74, "np2_cabeceo": 86, "lat_centroide": -36.43, "lon_centroide": -73.52}}, {"type": "Feature", "geometry": {"type": "Point", "coordinates": [-72.25, -34.15]}, "properties": {"fecha": "2010/05/04", "hora": "13:55:06.5", "mw": 5.19, "mb": 4.9, "ms": 0.0, "prof_centroide_km": 23.2, "prof_hipocentro_km": 22.3, "lat_hipocentro": -34.15, "lon_hipocentro": -72.25, "banda_prof": "5-30", "region": "NEAR COAST OF CENTRAL CH", "beachball": "beachballs/bb_0363.png", "np1_rumbo": 25, "np1_manteo": 26, "np1_cabeceo": 107, "np2_rumbo": 187, "np2_manteo": 66, "np2_cabeceo": 82, "lat_centroide": -34.17, "lon_centroide": -72.48}}, {"type": "Feature", "geometry": {"type": "Point", "coordinates": [-73.08, -33.99]}, "properties": {"fecha": "2010/12/13", "hora": "18:51:05.3", "mw": 5.19, "mb": 5.4, "ms": 5.3, "prof_centroide_km": 12.0, "prof_hipocentro_km": 29.3, "lat_hipocentro": -33.99, "lon_hipocentro": -73.08, "banda_prof": "5-30", "region": "OFF COAST OF CENTRAL CHI", "beachball": "beachballs/bb_0364.png", "np1_rumbo": 38, "np1_manteo": 28, "np1_cabeceo": -89, "np2_rumbo": 217, "np2_manteo": 62, "np2_cabeceo": -90, "lat_centroide": -34.07, "lon_centroide": -73.51}}, {"type": "Feature", "geometry": {"type": "Point", "coordinates": [-73.86, -37.34]}, "properties": {"fecha": "2011/03/03", "hora": "07:58:53.0", "mw": 5.19, "mb": 5.1, "ms": 0.0, "prof_centroide_km": 23.3, "prof_hipocentro_km": 18.0, "lat_hipocentro": -37.34, "lon_hipocentro": -73.86, "banda_prof": "5-30", "region": "NEAR COAST OF CENTRAL CH", "beachball": "beachballs/bb_0365.png", "np1_rumbo": 1, "np1_manteo": 22, "np1_cabeceo": 97, "np2_rumbo": 173, "np2_manteo": 68, "np2_cabeceo": 87, "lat_centroide": -37.45, "lon_centroide": -73.83}}, {"type": "Feature", "geometry": {"type": "Point", "coordinates": [-70.93, -19.92]}, "properties": {"fecha": "2014/12/12", "hora": "12:35:30.6", "mw": 5.19, "mb": 0.0, "ms": 5.1, "prof_centroide_km": 20.8, "prof_hipocentro_km": 20.0, "lat_hipocentro": -19.92, "lon_hipocentro": -70.93, "banda_prof": "5-30", "region": "NEAR COAST OF NORTHERN C", "beachball": "beachballs/bb_0366.png", "np1_rumbo": 340, "np1_manteo": 24, "np1_cabeceo": 83, "np2_rumbo": 168, "np2_manteo": 66, "np2_cabeceo": 93, "lat_centroide": -19.83, "lon_centroide": -71.16}}, {"type": "Feature", "geometry": {"type": "Point", "coordinates": [-71.81, -29.5]}, "properties": {"fecha": "2015/07/16", "hora": "10:48:04.9", "mw": 5.19, "mb": 0.0, "ms": 5.0, "prof_centroide_km": 32.3, "prof_hipocentro_km": 7.7, "lat_hipocentro": -29.5, "lon_hipocentro": -71.81, "banda_prof": "5-30", "region": "NEAR COAST OF CENTRAL CH", "beachball": "beachballs/bb_0367.png", "np1_rumbo": 8, "np1_manteo": 45, "np1_cabeceo": -119, "np2_rumbo": 225, "np2_manteo": 52, "np2_cabeceo": -65, "lat_centroide": -29.4, "lon_centroide": -71.82}}, {"type": "Feature", "geometry": {"type": "Point", "coordinates": [-72.16, -31.68]}, "properties": {"fecha": "2015/09/20", "hora": "06:07:01.1", "mw": 5.19, "mb": 0.0, "ms": 5.1, "prof_centroide_km": 23.1, "prof_hipocentro_km": 13.1, "lat_hipocentro": -31.68, "lon_hipocentro": -72.16, "banda_prof": "5-30", "region": "OFF COAST OF CENTRAL CHI", "beachball": "beachballs/bb_0368.png", "np1_rumbo": 350, "np1_manteo": 27, "np1_cabeceo": 83, "np2_rumbo": 178, "np2_manteo": 63, "np2_cabeceo": 94, "lat_centroide": -31.79, "lon_centroide": -72.18}}, {"type": "Feature", "geometry": {"type": "Point", "coordinates": [-71.02, -20.03]}, "properties": {"fecha": "2017/08/12", "hora": "15:59:28.6", "mw": 5.19, "mb": 0.0, "ms": 5.2, "prof_centroide_km": 18.6, "prof_hipocentro_km": 10.0, "lat_hipocentro": -20.03, "lon_hipocentro": -71.02, "banda_prof": "5-30", "region": "OFF COAST OF NORTHERN CH", "beachball": "beachballs/bb_0369.png", "np1_rumbo": 339, "np1_manteo": 24, "np1_cabeceo": 78, "np2_rumbo": 172, "np2_manteo": 67, "np2_cabeceo": 95, "lat_centroide": -19.95, "lon_centroide": -71.28}}, {"type": "Feature", "geometry": {"type": "Point", "coordinates": [-70.91, -26.72]}, "properties": {"fecha": "1983/10/06", "hora": "15:01:48.4", "mw": 5.18, "mb": 5.5, "ms": 0.0, "prof_centroide_km": 15.0, "prof_hipocentro_km": 20.0, "lat_hipocentro": -26.72, "lon_hipocentro": -70.91, "banda_prof": "5-30", "region": "NEAR COAST OF N. CHILE", "beachball": "beachballs/bb_0370.png", "np1_rumbo": 274, "np1_manteo": 8, "np1_cabeceo": 24, "np2_rumbo": 161, "np2_manteo": 87, "np2_cabeceo": 97, "lat_centroide": -26.72, "lon_centroide": -70.91}}, {"type": "Feature", "geometry": {"type": "Point", "coordinates": [-70.62, -19.7]}, "properties": {"fecha": "2006/07/09", "hora": "16:37:08.0", "mw": 5.18, "mb": 4.8, "ms": 0.0, "prof_centroide_km": 21.9, "prof_hipocentro_km": 17.7, "lat_hipocentro": -19.7, "lon_hipocentro": -70.62, "banda_prof": "5-30", "region": "NEAR COAST OF NORTHERN C", "beachball": "beachballs/bb_0371.png", "np1_rumbo": 348, "np1_manteo": 22, "np1_cabeceo": 89, "np2_rumbo": 169, "np2_manteo": 68, "np2_cabeceo": 90, "lat_centroide": -19.76, "lon_centroide": -71.14}}, {"type": "Feature", "geometry": {"type": "Point", "coordinates": [-75.04, -40.12]}, "properties": {"fecha": "2006/11/20", "hora": "19:33:54.6", "mw": 5.18, "mb": 5.3, "ms": 0.0, "prof_centroide_km": 12.0, "prof_hipocentro_km": 15.7, "lat_hipocentro": -40.12, "lon_hipocentro": -75.04, "banda_prof": "5-30", "region": "OFF COAST OF SOUTHERN CH", "beachball": "beachballs/bb_0372.png", "np1_rumbo": 190, "np1_manteo": 42, "np1_cabeceo": -82, "np2_rumbo": 359, "np2_manteo": 48, "np2_cabeceo": -97, "lat_centroide": -40.24, "lon_centroide": -75.57}}, {"type": "Feature", "geometry": {"type": "Point", "coordinates": [-72.17, -33.53]}, "properties": {"fecha": "2010/03/19", "hora": "02:55:53.2", "mw": 5.18, "mb": 5.0, "ms": 4.8, "prof_centroide_km": 16.6, "prof_hipocentro_km": 26.9, "lat_hipocentro": -33.53, "lon_hipocentro": -72.17, "banda_prof": "5-30", "region": "OFF COAST OF CENTRAL CHI", "beachball": "beachballs/bb_0373.png", "np1_rumbo": 13, "np1_manteo": 18, "np1_cabeceo": 99, "np2_rumbo": 184, "np2_manteo": 72, "np2_cabeceo": 87, "lat_centroide": -33.63, "lon_centroide": -72.65}}, {"type": "Feature", "geometry": {"type": "Point", "coordinates": [-73.49, -35.83]}, "properties": {"fecha": "2011/07/28", "hora": "16:05:55.0", "mw": 5.18, "mb": 5.2, "ms": 0.0, "prof_centroide_km": 12.6, "prof_hipocentro_km": 20.1, "lat_hipocentro": -35.83, "lon_hipocentro": -73.49, "banda_prof": "5-30", "region": "OFF COAST OF CENTRAL CHI", "beachball": "beachballs/bb_0374.png", "np1_rumbo": 24, "np1_manteo": 19, "np1_cabeceo": 103, "np2_rumbo": 191, "np2_manteo": 71, "np2_cabeceo": 86, "lat_centroide": -35.91, "lon_centroide": -73.57}}, {"type": "Feature", "geometry": {"type": "Point", "coordinates": [-74.33, -37.26]}, "properties": {"fecha": "2013/11/07", "hora": "17:01:06.0", "mw": 5.18, "mb": 0.0, "ms": 5.0, "prof_centroide_km": 22.0, "prof_hipocentro_km": 21.6, "lat_hipocentro": -37.26, "lon_hipocentro": -74.33, "banda_prof": "5-30", "region": "OFF COAST OF CENTRAL CHI", "beachball": "beachballs/bb_0375.png", "np1_rumbo": 339, "np1_manteo": 30, "np1_cabeceo": 69, "np2_rumbo": 183, "np2_manteo": 62, "np2_cabeceo": 102, "lat_centroide": -37.6, "lon_centroide": -74.25}}, {"type": "Feature", "geometry": {"type": "Point", "coordinates": [-74.31, -43.13]}, "properties": {"fecha": "2019/08/24", "hora": "23:36:34.2", "mw": 5.18, "mb": 0.0, "ms": 5.1, "prof_centroide_km": 31.7, "prof_hipocentro_km": 20.0, "lat_hipocentro": -43.13, "lon_hipocentro": -74.31, "banda_prof": "5-30", "region": "SOUTHERN CHILE", "beachball": "beachballs/bb_0376.png", "np1_rumbo": 15, "np1_manteo": 27, "np1_cabeceo": 89, "np2_rumbo": 196, "np2_manteo": 63, "np2_cabeceo": 91, "lat_centroide": -43.14, "lon_centroide": -74.42}}, {"type": "Feature", "geometry": {"type": "Point", "coordinates": [-71.99, -32.61]}, "properties": {"fecha": "2008/12/19", "hora": "16:48:50.2", "mw": 5.17, "mb": 5.0, "ms": 4.9, "prof_centroide_km": 29.4, "prof_hipocentro_km": 12.6, "lat_hipocentro": -32.61, "lon_hipocentro": -71.99, "banda_prof": "5-30", "region": "NEAR COAST OF CENTRAL CH", "beachball": "beachballs/bb_0377.png", "np1_rumbo": 351, "np1_manteo": 23, "np1_cabeceo": 82, "np2_rumbo": 180, "np2_manteo": 67, "np2_cabeceo": 93, "lat_centroide": -32.6, "lon_centroide": -72.25}}, {"type": "Feature", "geometry": {"type": "Point", "coordinates": [-71.98, -34.11]}, "properties": {"fecha": "2010/03/07", "hora": "22:00:35.6", "mw": 5.17, "mb": 5.6, "ms": 5.1, "prof_centroide_km": 34.4, "prof_hipocentro_km": 9.7, "lat_hipocentro": -34.11, "lon_hipocentro": -71.98, "banda_prof": "5-30", "region": "NEAR COAST OF CENTRAL CH", "beachball": "beachballs/bb_0378.png", "np1_rumbo": 26, "np1_manteo": 42, "np1_cabeceo": 113, "np2_rumbo": 176, "np2_manteo": 52, "np2_cabeceo": 71, "lat_centroide": -34.01, "lon_centroide": -72.18}}, {"type": "Feature", "geometry": {"type": "Point", "coordinates": [-66.83, -26.96]}, "properties": {"fecha": "2013/07/13", "hora": "21:36:12.2", "mw": 5.17, "mb": 4.9, "ms": 0.0, "prof_centroide_km": 23.9, "prof_hipocentro_km": 9.9, "lat_hipocentro": -26.96, "lon_hipocentro": -66.83, "banda_prof": "5-30", "region": "CATAMARCA PROVINCE, ARGE", "beachball": "beachballs/bb_0379.png", "np1_rumbo": 123, "np1_manteo": 59, "np1_cabeceo": 0, "np2_rumbo": 33, "np2_manteo": 90, "np2_cabeceo": 149, "lat_centroide": -26.96, "lon_centroide": -67.02}}, {"type": "Feature", "geometry": {"type": "Point", "coordinates": [-70.89, -24.97]}, "properties": {"fecha": "2013/10/31", "hora": "15:39:40.2", "mw": 5.17, "mb": 0.0, "ms": 5.1, "prof_centroide_km": 21.3, "prof_hipocentro_km": 9.5, "lat_hipocentro": -24.97, "lon_hipocentro": -70.89, "banda_prof": "5-30", "region": "NEAR COAST OF NORTHERN C", "beachball": "beachballs/bb_0380.png", "np1_rumbo": 356, "np1_manteo": 24, "np1_cabeceo": 101, "np2_rumbo": 164, "np2_manteo": 67, "np2_cabeceo": 85, "lat_centroide": -24.95, "lon_centroide": -71.22}}, {"type": "Feature", "geometry": {"type": "Point", "coordinates": [-72.18, -31.75]}, "properties": {"fecha": "2015/12/26", "hora": "17:58:08.2", "mw": 5.17, "mb": 0.0, "ms": 5.0, "prof_centroide_km": 29.7, "prof_hipocentro_km": 11.7, "lat_hipocentro": -31.75, "lon_hipocentro": -72.18, "banda_prof": "5-30", "region": "OFF COAST OF CENTRAL CHI", "beachball": "beachballs/bb_0381.png", "np1_rumbo": 323, "np1_manteo": 29, "np1_cabeceo": 67, "np2_rumbo": 168, "np2_manteo": 63, "np2_cabeceo": 102, "lat_centroide": -31.8, "lon_centroide": -72.33}}, {"type": "Feature", "geometry": {"type": "Point", "coordinates": [-71.1, -19.76]}, "properties": {"fecha": "2016/08/16", "hora": "18:17:32.2", "mw": 5.17, "mb": 0.0, "ms": 5.1, "prof_centroide_km": 19.3, "prof_hipocentro_km": 17.6, "lat_hipocentro": -19.76, "lon_hipocentro": -71.1, "banda_prof": "5-30", "region": "OFF COAST OF NORTHERN CH", "beachball": "beachballs/bb_0382.png", "np1_rumbo": 335, "np1_manteo": 23, "np1_cabeceo": 75, "np2_rumbo": 172, "np2_manteo": 68, "np2_cabeceo": 96, "lat_centroide": -19.65, "lon_centroide": -71.21}}, {"type": "Feature", "geometry": {"type": "Point", "coordinates": [-72.28, -42.3]}, "properties": {"fecha": "2017/06/25", "hora": "22:08:28.0", "mw": 5.17, "mb": 0.0, "ms": 4.9, "prof_centroide_km": 12.0, "prof_hipocentro_km": 12.3, "lat_hipocentro": -42.3, "lon_hipocentro": -72.28, "banda_prof": "5-30", "region": "SOUTHERN CHILE", "beachball": "beachballs/bb_0383.png", "np1_rumbo": 172, "np1_manteo": 17, "np1_cabeceo": 118, "np2_rumbo": 322, "np2_manteo": 75, "np2_cabeceo": 82, "lat_centroide": -42.09, "lon_centroide": -71.66}}, {"type": "Feature", "geometry": {"type": "Point", "coordinates": [-72.11, -30.65]}, "properties": {"fecha": "2019/11/03", "hora": "08:06:10.4", "mw": 5.17, "mb": 0.0, "ms": 5.2, "prof_centroide_km": 19.7, "prof_hipocentro_km": 10.0, "lat_hipocentro": -30.65, "lon_hipocentro": -72.11, "banda_prof": "5-30", "region": "OFF COAST OF CENTRAL CHI", "beachball": "beachballs/bb_0384.png", "np1_rumbo": 1, "np1_manteo": 22, "np1_cabeceo": 92, "np2_rumbo": 179, "np2_manteo": 68, "np2_cabeceo": 89, "lat_centroide": -30.75, "lon_centroide": -72.13}}, {"type": "Feature", "geometry": {"type": "Point", "coordinates": [-73.68, -37.52]}, "properties": {"fecha": "2010/04/19", "hora": "07:32:48.9", "mw": 5.16, "mb": 5.0, "ms": 5.4, "prof_centroide_km": 18.5, "prof_hipocentro_km": 25.8, "lat_hipocentro": -37.52, "lon_hipocentro": -73.68, "banda_prof": "5-30", "region": "NEAR COAST OF CENTRAL CH", "beachball": "beachballs/bb_0385.png", "np1_rumbo": 353, "np1_manteo": 20, "np1_cabeceo": 93, "np2_rumbo": 170, "np2_manteo": 70, "np2_cabeceo": 89, "lat_centroide": -37.69, "lon_centroide": -74.24}}, {"type": "Feature", "geometry": {"type": "Point", "coordinates": [-72.17, -33.3]}, "properties": {"fecha": "2011/09/07", "hora": "11:21:50.0", "mw": 5.16, "mb": 4.8, "ms": 4.6, "prof_centroide_km": 18.9, "prof_hipocentro_km": 19.2, "lat_hipocentro": -33.3, "lon_hipocentro": -72.17, "banda_prof": "5-30", "region": "OFF COAST OF CENTRAL CHI", "beachball": "beachballs/bb_0386.png", "np1_rumbo": 338, "np1_manteo": 24, "np1_cabeceo": 78, "np2_rumbo": 171, "np2_manteo": 66, "np2_cabeceo": 95, "lat_centroide": -33.43, "lon_centroide": -72.55}}, {"type": "Feature", "geometry": {"type": "Point", "coordinates": [-73.4, -37.2]}, "properties": {"fecha": "2012/08/30", "hora": "08:04:40.0", "mw": 5.16, "mb": 5.0, "ms": 5.1, "prof_centroide_km": 26.2, "prof_hipocentro_km": 23.0, "lat_hipocentro": -37.2, "lon_hipocentro": -73.4, "banda_prof": "5-30", "region": "NEAR COAST OF CENTRAL CH", "beachball": "beachballs/bb_0387.png", "np1_rumbo": 352, "np1_manteo": 17, "np1_cabeceo": 79, "np2_rumbo": 183, "np2_manteo": 73, "np2_cabeceo": 93, "lat_centroide": -37.34, "lon_centroide": -74.04}}, {"type": "Feature", "geometry": {"type": "Point", "coordinates": [-72.41, -28.06]}, "properties": {"fecha": "2013/05/03", "hora": "09:18:15.5", "mw": 5.16, "mb": 5.3, "ms": 4.8, "prof_centroide_km": 12.0, "prof_hipocentro_km": 9.7, "lat_hipocentro": -28.06, "lon_hipocentro": -72.41, "banda_prof": "5-30", "region": "OFF COAST OF CENTRAL CHI", "beachball": "beachballs/bb_0388.png", "np1_rumbo": 359, "np1_manteo": 45, "np1_cabeceo": -108, "np2_rumbo": 204, "np2_manteo": 47, "np2_cabeceo": -73, "lat_centroide": -28.26, "lon_centroide": -72.71}}, {"type": "Feature", "geometry": {"type": "Point", "coordinates": [-70.65, -20.77]}, "properties": {"fecha": "2014/01/06", "hora": "03:59:02.0", "mw": 5.16, "mb": 0.0, "ms": 5.1, "prof_centroide_km": 26.8, "prof_hipocentro_km": 26.6, "lat_hipocentro": -20.77, "lon_hipocentro": -70.65, "banda_prof": "5-30", "region": "NEAR COAST OF NORTHERN C", "beachball": "beachballs/bb_0389.png", "np1_rumbo": 356, "np1_manteo": 22, "np1_cabeceo": 93, "np2_rumbo": 173, "np2_manteo": 69, "np2_cabeceo": 89, "lat_centroide": -20.75, "lon_centroide": -71.03}}, {"type": "Feature", "geometry": {"type": "Point", "coordinates": [-70.86, -19.96]}, "properties": {"fecha": "2014/03/17", "hora": "01:34:55.3", "mw": 5.16, "mb": 0.0, "ms": 5.2, "prof_centroide_km": 22.3, "prof_hipocentro_km": 10.0, "lat_hipocentro": -19.96, "lon_hipocentro": -70.86, "banda_prof": "5-30", "region": "NEAR COAST OF NORTHERN C", "beachball": "beachballs/bb_0390.png", "np1_rumbo": 352, "np1_manteo": 46, "np1_cabeceo": 56, "np2_rumbo": 216, "np2_manteo": 53, "np2_cabeceo": 120, "lat_centroide": -19.84, "lon_centroide": -71.01}}, {"type": "Feature", "geometry": {"type": "Point", "coordinates": [-71.7, -32.7]}, "properties": {"fecha": "2015/01/18", "hora": "03:59:59.0", "mw": 5.16, "mb": 0.0, "ms": 4.8, "prof_centroide_km": 25.0, "prof_hipocentro_km": 25.8, "lat_hipocentro": -32.7, "lon_hipocentro": -71.7, "banda_prof": "5-30", "region": "NEAR COAST OF CENTRAL CH", "beachball": "beachballs/bb_0391.png", "np1_rumbo": 18, "np1_manteo": 17, "np1_cabeceo": 128, "np2_rumbo": 158, "np2_manteo": 77, "np2_cabeceo": 80, "lat_centroide": -33.13, "lon_centroide": -71.9}}, {"type": "Feature", "geometry": {"type": "Point", "coordinates": [-68.28, -30.07]}, "properties": {"fecha": "2015/08/01", "hora": "11:30:21.4", "mw": 5.16, "mb": 0.0, "ms": 5.2, "prof_centroide_km": 22.9, "prof_hipocentro_km": 10.0, "lat_hipocentro": -30.07, "lon_hipocentro": -68.28, "banda_prof": "5-30", "region": "SAN JUAN PROVINCE, ARGEN", "beachball": "beachballs/bb_0392.png", "np1_rumbo": 166, "np1_manteo": 29, "np1_cabeceo": 102, "np2_rumbo": 332, "np2_manteo": 61, "np2_cabeceo": 83, "lat_centroide": -29.93, "lon_centroide": -68.44}}, {"type": "Feature", "geometry": {"type": "Point", "coordinates": [-72.08, -30.58]}, "properties": {"fecha": "2017/03/10", "hora": "06:22:20.8", "mw": 5.16, "mb": 0.0, "ms": 5.2, "prof_centroide_km": 20.5, "prof_hipocentro_km": 14.1, "lat_hipocentro": -30.58, "lon_hipocentro": -72.08, "banda_prof": "5-30", "region": "OFF COAST OF CENTRAL CHI", "beachball": "beachballs/bb_0393.png", "np1_rumbo": 2, "np1_manteo": 24, "np1_cabeceo": 93, "np2_rumbo": 179, "np2_manteo": 66, "np2_cabeceo": 89, "lat_centroide": -30.63, "lon_centroide": -72.14}}, {"type": "Feature", "geometry": {"type": "Point", "coordinates": [-74.01, -35.06]}, "properties": {"fecha": "2019/05/17", "hora": "05:27:28.2", "mw": 5.16, "mb": 0.0, "ms": 5.2, "prof_centroide_km": 12.0, "prof_hipocentro_km": 10.0, "lat_hipocentro": -35.06, "lon_hipocentro": -74.01, "banda_prof": "5-30", "region": "OFF COAST OF CENTRAL CHI", "beachball": "beachballs/bb_0394.png", "np1_rumbo": 25, "np1_manteo": 43, "np1_cabeceo": -88, "np2_rumbo": 203, "np2_manteo": 47, "np2_cabeceo": -92, "lat_centroide": -35.2, "lon_centroide": -74.15}}, {"type": "Feature", "geometry": {"type": "Point", "coordinates": [-70.83, -20.94]}, "properties": {"fecha": "2020/02/13", "hora": "05:50:38.2", "mw": 5.16, "mb": 0.0, "ms": 5.0, "prof_centroide_km": 15.4, "prof_hipocentro_km": 10.0, "lat_hipocentro": -20.94, "lon_hipocentro": -70.83, "banda_prof": "5-30", "region": "NEAR COAST OF NORTHERN C", "beachball": "beachballs/bb_0395.png", "np1_rumbo": 45, "np1_manteo": 7, "np1_cabeceo": 158, "np2_rumbo": 156, "np2_manteo": 87, "np2_cabeceo": 84, "lat_centroide": -20.92, "lon_centroide": -70.83}}, {"type": "Feature", "geometry": {"type": "Point", "coordinates": [-72.74, -17.42]}, "properties": {"fecha": "2007/04/08", "hora": "13:28:17.4", "mw": 5.15, "mb": 5.1, "ms": 0.0, "prof_centroide_km": 13.1, "prof_hipocentro_km": 29.8, "lat_hipocentro": -17.42, "lon_hipocentro": -72.74, "banda_prof": "5-30", "region": "NEAR COAST OF PERU", "beachball": "beachballs/bb_0396.png", "np1_rumbo": 312, "np1_manteo": 21, "np1_cabeceo": 65, "np2_rumbo": 159, "np2_manteo": 71, "np2_cabeceo": 99, "lat_centroide": -17.63, "lon_centroide": -73.11}}, {"type": "Feature", "geometry": {"type": "Point", "coordinates": [-72.15, -33.85]}, "properties": {"fecha": "2011/04/19", "hora": "05:50:45.4", "mw": 5.15, "mb": 5.3, "ms": 5.0, "prof_centroide_km": 21.4, "prof_hipocentro_km": 13.1, "lat_hipocentro": -33.85, "lon_hipocentro": -72.15, "banda_prof": "5-30", "region": "OFF COAST OF CENTRAL CHI", "beachball": "beachballs/bb_0397.png", "np1_rumbo": 23, "np1_manteo": 24, "np1_cabeceo": 108, "np2_rumbo": 184, "np2_manteo": 67, "np2_cabeceo": 82, "lat_centroide": -33.97, "lon_centroide": -72.65}}, {"type": "Feature", "geometry": {"type": "Point", "coordinates": [-70.79, -19.82]}, "properties": {"fecha": "2014/03/23", "hora": "22:04:26.3", "mw": 5.15, "mb": 0.0, "ms": 5.1, "prof_centroide_km": 31.1, "prof_hipocentro_km": 23.3, "lat_hipocentro": -19.82, "lon_hipocentro": -70.79, "banda_prof": "5-30", "region": "NEAR COAST OF NORTHERN C", "beachball": "beachballs/bb_0398.png", "np1_rumbo": 322, "np1_manteo": 20, "np1_cabeceo": 79, "np2_rumbo": 154, "np2_manteo": 71, "np2_cabeceo": 94, "lat_centroide": -19.76, "lon_centroide": -71.12}}, {"type": "Feature", "geometry": {"type": "Point", "coordinates": [-71.18, -19.68]}, "properties": {"fecha": "2014/04/03", "hora": "00:01:16.4", "mw": 5.15, "mb": 0.0, "ms": 5.0, "prof_centroide_km": 25.7, "prof_hipocentro_km": 25.5, "lat_hipocentro": -19.68, "lon_hipocentro": -71.18, "banda_prof": "5-30", "region": "OFF COAST OF NORTHERN CH", "beachball": "beachballs/bb_0399.png", "np1_rumbo": 354, "np1_manteo": 27, "np1_cabeceo": 102, "np2_rumbo": 160, "np2_manteo": 63, "np2_cabeceo": 84, "lat_centroide": -19.8, "lon_centroide": -71.21}}, {"type": "Feature", "geometry": {"type": "Point", "coordinates": [-70.97, -19.99]}, "properties": {"fecha": "2014/04/24", "hora": "10:26:47.2", "mw": 5.15, "mb": 0.0, "ms": 5.1, "prof_centroide_km": 20.2, "prof_hipocentro_km": 10.5, "lat_hipocentro": -19.99, "lon_hipocentro": -70.97, "banda_prof": "5-30", "region": "NEAR COAST OF NORTHERN C", "beachball": "beachballs/bb_0400.png", "np1_rumbo": 347, "np1_manteo": 28, "np1_cabeceo": 88, "np2_rumbo": 170, "np2_manteo": 62, "np2_cabeceo": 91, "lat_centroide": -19.83, "lon_centroide": -71.32}}, {"type": "Feature", "geometry": {"type": "Point", "coordinates": [-72.04, -31.75]}, "properties": {"fecha": "2015/09/18", "hora": "03:32:17.7", "mw": 5.15, "mb": 0.0, "ms": 4.9, "prof_centroide_km": 27.7, "prof_hipocentro_km": 10.5, "lat_hipocentro": -31.75, "lon_hipocentro": -72.04, "banda_prof": "5-30", "region": "OFF COAST OF CENTRAL CHI", "beachball": "beachballs/bb_0401.png", "np1_rumbo": 356, "np1_manteo": 22, "np1_cabeceo": 92, "np2_rumbo": 174, "np2_manteo": 68, "np2_cabeceo": 89, "lat_centroide": -31.85, "lon_centroide": -72.28}}, {"type": "Feature", "geometry": {"type": "Point", "coordinates": [-71.79, -30.75]}, "properties": {"fecha": "2016/07/18", "hora": "02:58:50.0", "mw": 5.15, "mb": 0.0, "ms": 5.2, "prof_centroide_km": 24.6, "prof_hipocentro_km": 24.0, "lat_hipocentro": -30.75, "lon_hipocentro": -71.79, "banda_prof": "5-30", "region": "NEAR COAST OF CENTRAL CH", "beachball": "beachballs/bb_0402.png", "np1_rumbo": 3, "np1_manteo": 13, "np1_cabeceo": 115, "np2_rumbo": 157, "np2_manteo": 78, "np2_cabeceo": 84, "lat_centroide": -30.86, "lon_centroide": -71.95}}, {"type": "Feature", "geometry": {"type": "Point", "coordinates": [-73.47, -16.93]}, "properties": {"fecha": "2017/05/06", "hora": "19:52:14.7", "mw": 5.15, "mb": 0.0, "ms": 5.1, "prof_centroide_km": 27.5, "prof_hipocentro_km": 13.9, "lat_hipocentro": -16.93, "lon_hipocentro": -73.47, "banda_prof": "5-30", "region": "NEAR COAST OF PERU", "beachball": "beachballs/bb_0403.png", "np1_rumbo": 320, "np1_manteo": 26, "np1_cabeceo": 85, "np2_rumbo": 145, "np2_manteo": 65, "np2_cabeceo": 92, "lat_centroide": -17.05, "lon_centroide": -73.74}}, {"type": "Feature", "geometry": {"type": "Point", "coordinates": [-71.37, -39.76]}, "properties": {"fecha": "2010/03/02", "hora": "02:09:35.5", "mw": 5.14, "mb": 5.3, "ms": 0.0, "prof_centroide_km": 15.6, "prof_hipocentro_km": 24.8, "lat_hipocentro": -39.76, "lon_hipocentro": -71.37, "banda_prof": "5-30", "region": "S. CHILE-ARGENTINA BORDE", "beachball": "beachballs/bb_0404.png", "np1_rumbo": 176, "np1_manteo": 65, "np1_cabeceo": -168, "np2_rumbo": 80, "np2_manteo": 79, "np2_cabeceo": -25, "lat_centroide": -39.86, "lon_centroide": -71.47}}, {"type": "Feature", "geometry": {"type": "Point", "coordinates": [-73.56, -37.15]}, "properties": {"fecha": "2010/03/24", "hora": "00:05:14.6", "mw": 5.14, "mb": 4.9, "ms": 0.0, "prof_centroide_km": 16.3, "prof_hipocentro_km": 19.1, "lat_hipocentro": -37.15, "lon_hipocentro": -73.56, "banda_prof": "5-30", "region": "NEAR COAST OF CENTRAL CH", "beachball": "beachballs/bb_0405.png", "np1_rumbo": 12, "np1_manteo": 14, "np1_cabeceo": 106, "np2_rumbo": 176, "np2_manteo": 77, "np2_cabeceo": 86, "lat_centroide": -37.28, "lon_centroide": -74.18}}, {"type": "Feature", "geometry": {"type": "Point", "coordinates": [-72.5, -33.95]}, "properties": {"fecha": "2011/04/27", "hora": "04:57:32.0", "mw": 5.14, "mb": 5.3, "ms": 5.1, "prof_centroide_km": 20.2, "prof_hipocentro_km": 24.2, "lat_hipocentro": -33.95, "lon_hipocentro": -72.5, "banda_prof": "5-30", "region": "OFF COAST OF CENTRAL CHI", "beachball": "beachballs/bb_0406.png", "np1_rumbo": 17, "np1_manteo": 21, "np1_cabeceo": 103, "np2_rumbo": 183, "np2_manteo": 70, "np2_cabeceo": 85, "lat_centroide": -34.01, "lon_centroide": -72.66}}, {"type": "Feature", "geometry": {"type": "Point", "coordinates": [-73.65, -37.17]}, "properties": {"fecha": "2012/02/17", "hora": "08:01:18.9", "mw": 5.14, "mb": 4.8, "ms": 4.7, "prof_centroide_km": 17.0, "prof_hipocentro_km": 14.2, "lat_hipocentro": -37.17, "lon_hipocentro": -73.65, "banda_prof": "5-30", "region": "NEAR COAST OF CENTRAL CH", "beachball": "beachballs/bb_0407.png", "np1_rumbo": 350, "np1_manteo": 25, "np1_cabeceo": 66, "np2_rumbo": 197, "np2_manteo": 67, "np2_cabeceo": 101, "lat_centroide": -37.27, "lon_centroide": -74.29}}, {"type": "Feature", "geometry": {"type": "Point", "coordinates": [-72.8, -35.75]}, "properties": {"fecha": "2012/03/03", "hora": "22:12:55.0", "mw": 5.14, "mb": 4.9, "ms": 5.0, "prof_centroide_km": 31.2, "prof_hipocentro_km": 13.1, "lat_hipocentro": -35.75, "lon_hipocentro": -72.8, "banda_prof": "5-30", "region": "NEAR COAST OF CENTRAL CH", "beachball": "beachballs/bb_0408.png", "np1_rumbo": 45, "np1_manteo": 30, "np1_cabeceo": 101, "np2_rumbo": 213, "np2_manteo": 61, "np2_cabeceo": 84, "lat_centroide": -35.77, "lon_centroide": -73.17}}, {"type": "Feature", "geometry": {"type": "Point", "coordinates": [-71.44, -31.7]}, "properties": {"fecha": "2013/01/23", "hora": "02:47:38.7", "mw": 5.14, "mb": 5.0, "ms": 5.2, "prof_centroide_km": 30.2, "prof_hipocentro_km": 28.8, "lat_hipocentro": -31.7, "lon_hipocentro": -71.44, "banda_prof": "5-30", "region": "NEAR COAST OF CENTRAL CH", "beachball": "beachballs/bb_0409.png", "np1_rumbo": 336, "np1_manteo": 25, "np1_cabeceo": 71, "np2_rumbo": 176, "np2_manteo": 66, "np2_cabeceo": 99, "lat_centroide": -31.82, "lon_centroide": -71.62}}, {"type": "Feature", "geometry": {"type": "Point", "coordinates": [-70.79, -20.68]}, "properties": {"fecha": "2015/03/24", "hora": "22:46:52.0", "mw": 5.14, "mb": 0.0, "ms": 5.2, "prof_centroide_km": 21.2, "prof_hipocentro_km": 15.5, "lat_hipocentro": -20.68, "lon_hipocentro": -70.79, "banda_prof": "5-30", "region": "NEAR COAST OF NORTHERN C", "beachball": "beachballs/bb_0410.png", "np1_rumbo": 346, "np1_manteo": 29, "np1_cabeceo": 84, "np2_rumbo": 173, "np2_manteo": 61, "np2_cabeceo": 93, "lat_centroide": -20.58, "lon_centroide": -70.94}}, {"type": "Feature", "geometry": {"type": "Point", "coordinates": [-71.69, -30.64]}, "properties": {"fecha": "2016/06/22", "hora": "03:54:40.6", "mw": 5.14, "mb": 0.0, "ms": 5.1, "prof_centroide_km": 35.4, "prof_hipocentro_km": 26.0, "lat_hipocentro": -30.64, "lon_hipocentro": -71.69, "banda_prof": "5-30", "region": "NEAR COAST OF CENTRAL CH", "beachball": "beachballs/bb_0411.png", "np1_rumbo": 1, "np1_manteo": 28, "np1_cabeceo": 97, "np2_rumbo": 173, "np2_manteo": 62, "np2_cabeceo": 86, "lat_centroide": -30.68, "lon_centroide": -72.01}}, {"type": "Feature", "geometry": {"type": "Point", "coordinates": [-71.07, -26.7]}, "properties": {"fecha": "2016/10/25", "hora": "07:18:20.1", "mw": 5.14, "mb": 0.0, "ms": 5.0, "prof_centroide_km": 30.5, "prof_hipocentro_km": 10.0, "lat_hipocentro": -26.7, "lon_hipocentro": -71.07, "banda_prof": "5-30", "region": "OFF COAST OF NORTHERN CH", "beachball": "beachballs/bb_0412.png", "np1_rumbo": 350, "np1_manteo": 26, "np1_cabeceo": 94, "np2_rumbo": 165, "np2_manteo": 64, "np2_cabeceo": 88, "lat_centroide": -26.76, "lon_centroide": -71.26}}, {"type": "Feature", "geometry": {"type": "Point", "coordinates": [-70.89, -24.91]}, "properties": {"fecha": "1995/08/01", "hora": "05:10:57.4", "mw": 5.13, "mb": 5.2, "ms": 4.5, "prof_centroide_km": 30.0, "prof_hipocentro_km": 30.0, "lat_hipocentro": -24.91, "lon_hipocentro": -70.89, "banda_prof": "5-30", "region": "NEAR COAST OF NORTHERN C", "beachball": "beachballs/bb_0413.png", "np1_rumbo": 299, "np1_manteo": 38, "np1_cabeceo": 64, "np2_rumbo": 151, "np2_manteo": 56, "np2_cabeceo": 109, "lat_centroide": -25.11, "lon_centroide": -71.32}}, {"type": "Feature", "geometry": {"type": "Point", "coordinates": [-73.19, -38.95]}, "properties": {"fecha": "2005/12/26", "hora": "00:56:10.6", "mw": 5.13, "mb": 5.2, "ms": 4.7, "prof_centroide_km": 41.0, "prof_hipocentro_km": 29.8, "lat_hipocentro": -38.95, "lon_hipocentro": -73.19, "banda_prof": "5-30", "region": "NEAR COAST OF CENTRAL CH", "beachball": "beachballs/bb_0414.png", "np1_rumbo": 4, "np1_manteo": 32, "np1_cabeceo": 89, "np2_rumbo": 185, "np2_manteo": 58, "np2_cabeceo": 91, "lat_centroide": -39.01, "lon_centroide": -73.74}}, {"type": "Feature", "geometry": {"type": "Point", "coordinates": [-71.79, -31.81]}, "properties": {"fecha": "2012/10/15", "hora": "21:04:20.6", "mw": 5.13, "mb": 5.2, "ms": 5.2, "prof_centroide_km": 21.9, "prof_hipocentro_km": 24.0, "lat_hipocentro": -31.81, "lon_hipocentro": -71.79, "banda_prof": "5-30", "region": "NEAR COAST OF CENTRAL CH", "beachball": "beachballs/bb_0415.png", "np1_rumbo": 348, "np1_manteo": 28, "np1_cabeceo": 77, "np2_rumbo": 183, "np2_manteo": 62, "np2_cabeceo": 97, "lat_centroide": -31.81, "lon_centroide": -72.29}}, {"type": "Feature", "geometry": {"type": "Point", "coordinates": [-70.81, -19.79]}, "properties": {"fecha": "2014/03/24", "hora": "12:32:50.4", "mw": 5.13, "mb": 0.0, "ms": 5.0, "prof_centroide_km": 33.5, "prof_hipocentro_km": 17.9, "lat_hipocentro": -19.79, "lon_hipocentro": -70.81, "banda_prof": "5-30", "region": "NEAR COAST OF NORTHERN C", "beachball": "beachballs/bb_0416.png", "np1_rumbo": 357, "np1_manteo": 29, "np1_cabeceo": 94, "np2_rumbo": 172, "np2_manteo": 61, "np2_cabeceo": 88, "lat_centroide": -19.72, "lon_centroide": -71.15}}, {"type": "Feature", "geometry": {"type": "Point", "coordinates": [-70.88, -23.35]}, "properties": {"fecha": "2015/01/20", "hora": "17:34:41.2", "mw": 5.13, "mb": 0.0, "ms": 5.2, "prof_centroide_km": 34.3, "prof_hipocentro_km": 20.6, "lat_hipocentro": -23.35, "lon_hipocentro": -70.88, "banda_prof": "5-30", "region": "NEAR COAST OF NORTHERN C", "beachball": "beachballs/bb_0417.png", "np1_rumbo": 22, "np1_manteo": 36, "np1_cabeceo": 103, "np2_rumbo": 187, "np2_manteo": 55, "np2_cabeceo": 81, "lat_centroide": -23.22, "lon_centroide": -71.01}}, {"type": "Feature", "geometry": {"type": "Point", "coordinates": [-71.95, -31.62]}, "properties": {"fecha": "2015/09/23", "hora": "11:32:40.2", "mw": 5.13, "mb": 0.0, "ms": 5.0, "prof_centroide_km": 29.4, "prof_hipocentro_km": 10.0, "lat_hipocentro": -31.62, "lon_hipocentro": -71.95, "banda_prof": "5-30", "region": "NEAR COAST OF CENTRAL CH", "beachball": "beachballs/bb_0418.png", "np1_rumbo": 356, "np1_manteo": 27, "np1_cabeceo": 84, "np2_rumbo": 182, "np2_manteo": 64, "np2_cabeceo": 93, "lat_centroide": -31.67, "lon_centroide": -72.03}}, {"type": "Feature", "geometry": {"type": "Point", "coordinates": [-70.95, -20.19]}, "properties": {"fecha": "2016/07/05", "hora": "02:29:03.2", "mw": 5.13, "mb": 0.0, "ms": 5.1, "prof_centroide_km": 18.5, "prof_hipocentro_km": 11.1, "lat_hipocentro": -20.19, "lon_hipocentro": -70.95, "banda_prof": "5-30", "region": "NEAR COAST OF NORTHERN C", "beachball": "beachballs/bb_0419.png", "np1_rumbo": 351, "np1_manteo": 26, "np1_cabeceo": 90, "np2_rumbo": 170, "np2_manteo": 64, "np2_cabeceo": 90, "lat_centroide": -20.11, "lon_centroide": -71.14}}, {"type": "Feature", "geometry": {"type": "Point", "coordinates": [-74.17, -42.56]}, "properties": {"fecha": "2018/04/05", "hora": "06:32:40.7", "mw": 5.13, "mb": 0.0, "ms": 4.9, "prof_centroide_km": 37.1, "prof_hipocentro_km": 26.6, "lat_hipocentro": -42.56, "lon_hipocentro": -74.17, "banda_prof": "5-30", "region": "SOUTHERN CHILE", "beachball": "beachballs/bb_0420.png", "np1_rumbo": 5, "np1_manteo": 25, "np1_cabeceo": 97, "np2_rumbo": 178, "np2_manteo": 66, "np2_cabeceo": 87, "lat_centroide": -42.6, "lon_centroide": -74.46}}, {"type": "Feature", "geometry": {"type": "Point", "coordinates": [-71.74, -30.55]}, "properties": {"fecha": "2019/03/01", "hora": "22:43:25.3", "mw": 5.13, "mb": 0.0, "ms": 5.0, "prof_centroide_km": 34.1, "prof_hipocentro_km": 12.0, "lat_hipocentro": -30.55, "lon_hipocentro": -71.74, "banda_prof": "5-30", "region": "NEAR COAST OF CENTRAL CH", "beachball": "beachballs/bb_0421.png", "np1_rumbo": 356, "np1_manteo": 29, "np1_cabeceo": 86, "np2_rumbo": 181, "np2_manteo": 61, "np2_cabeceo": 92, "lat_centroide": -30.65, "lon_centroide": -71.84}}, {"type": "Feature", "geometry": {"type": "Point", "coordinates": [-73.8, -36.08]}, "properties": {"fecha": "2019/09/05", "hora": "05:41:31.4", "mw": 5.13, "mb": 0.0, "ms": 5.1, "prof_centroide_km": 13.4, "prof_hipocentro_km": 10.0, "lat_hipocentro": -36.08, "lon_hipocentro": -73.8, "banda_prof": "5-30", "region": "NEAR COAST OF CENTRAL CH", "beachball": "beachballs/bb_0422.png", "np1_rumbo": 3, "np1_manteo": 21, "np1_cabeceo": 78, "np2_rumbo": 196, "np2_manteo": 70, "np2_cabeceo": 94, "lat_centroide": -36.18, "lon_centroide": -73.91}}, {"type": "Feature", "geometry": {"type": "Point", "coordinates": [-71.0, -20.54]}, "properties": {"fecha": "1992/08/04", "hora": "02:36:31.2", "mw": 5.12, "mb": 4.8, "ms": 0.0, "prof_centroide_km": 15.0, "prof_hipocentro_km": 22.0, "lat_hipocentro": -20.54, "lon_hipocentro": -71.0, "banda_prof": "5-30", "region": "OFF NORTHERN CHILE COAST", "beachball": "beachballs/bb_0423.png", "np1_rumbo": 48, "np1_manteo": 35, "np1_cabeceo": 140, "np2_rumbo": 173, "np2_manteo": 68, "np2_cabeceo": 62, "lat_centroide": -20.54, "lon_centroide": -71.0}}, {"type": "Feature", "geometry": {"type": "Point", "coordinates": [-71.82, -34.65]}, "properties": {"fecha": "2010/04/01", "hora": "12:53:07.6", "mw": 5.12, "mb": 5.2, "ms": 4.8, "prof_centroide_km": 12.0, "prof_hipocentro_km": 11.8, "lat_hipocentro": -34.65, "lon_hipocentro": -71.82, "banda_prof": "5-30", "region": "NEAR COAST OF CENTRAL CH", "beachball": "beachballs/bb_0424.png", "np1_rumbo": 195, "np1_manteo": 58, "np1_cabeceo": -142, "np2_rumbo": 82, "np2_manteo": 59, "np2_cabeceo": -39, "lat_centroide": -34.87, "lon_centroide": -72.22}}, {"type": "Feature", "geometry": {"type": "Point", "coordinates": [-66.74, -25.81]}, "properties": {"fecha": "2010/05/21", "hora": "13:02:21.7", "mw": 5.12, "mb": 4.6, "ms": 4.7, "prof_centroide_km": 17.1, "prof_hipocentro_km": 10.0, "lat_hipocentro": -25.81, "lon_hipocentro": -66.74, "banda_prof": "5-30", "region": "SALTA PROVINCE, ARGENTIN", "beachball": "beachballs/bb_0425.png", "np1_rumbo": 136, "np1_manteo": 46, "np1_cabeceo": -3, "np2_rumbo": 228, "np2_manteo": 88, "np2_cabeceo": -136, "lat_centroide": -25.9, "lon_centroide": -67.06}}, {"type": "Feature", "geometry": {"type": "Point", "coordinates": [-73.5, -36.82]}, "properties": {"fecha": "2010/06/01", "hora": "16:05:29.6", "mw": 5.12, "mb": 4.8, "ms": 5.7, "prof_centroide_km": 22.0, "prof_hipocentro_km": 14.6, "lat_hipocentro": -36.82, "lon_hipocentro": -73.5, "banda_prof": "5-30", "region": "NEAR COAST OF CENTRAL CH", "beachball": "beachballs/bb_0426.png", "np1_rumbo": 355, "np1_manteo": 21, "np1_cabeceo": 81, "np2_rumbo": 184, "np2_manteo": 70, "np2_cabeceo": 93, "lat_centroide": -36.93, "lon_centroide": -73.85}}, {"type": "Feature", "geometry": {"type": "Point", "coordinates": [-72.55, -17.28]}, "properties": {"fecha": "2010/06/08", "hora": "06:32:22.4", "mw": 5.12, "mb": 4.9, "ms": 0.0, "prof_centroide_km": 28.4, "prof_hipocentro_km": 24.1, "lat_hipocentro": -17.28, "lon_hipocentro": -72.55, "banda_prof": "5-30", "region": "NEAR COAST OF PERU", "beachball": "beachballs/bb_0427.png", "np1_rumbo": 326, "np1_manteo": 24, "np1_cabeceo": 77, "np2_rumbo": 161, "np2_manteo": 67, "np2_cabeceo": 96, "lat_centroide": -17.39, "lon_centroide": -73.11}}, {"type": "Feature", "geometry": {"type": "Point", "coordinates": [-72.43, -33.94]}, "properties": {"fecha": "2015/06/02", "hora": "10:32:45.7", "mw": 5.12, "mb": 0.0, "ms": 4.9, "prof_centroide_km": 22.0, "prof_hipocentro_km": 10.9, "lat_hipocentro": -33.94, "lon_hipocentro": -72.43, "banda_prof": "5-30", "region": "OFF COAST OF CENTRAL CHI", "beachball": "beachballs/bb_0428.png", "np1_rumbo": 27, "np1_manteo": 26, "np1_cabeceo": 107, "np2_rumbo": 188, "np2_manteo": 66, "np2_cabeceo": 82, "lat_centroide": -33.84, "lon_centroide": -72.6}}, {"type": "Feature", "geometry": {"type": "Point", "coordinates": [-72.59, -33.84]}, "properties": {"fecha": "2016/10/29", "hora": "22:01:39.3", "mw": 5.12, "mb": 0.0, "ms": 5.2, "prof_centroide_km": 14.4, "prof_hipocentro_km": 10.0, "lat_hipocentro": -33.84, "lon_hipocentro": -72.59, "banda_prof": "5-30", "region": "OFF COAST OF CENTRAL CHI", "beachball": "beachballs/bb_0429.png", "np1_rumbo": 14, "np1_manteo": 19, "np1_cabeceo": 100, "np2_rumbo": 183, "np2_manteo": 71, "np2_cabeceo": 86, "lat_centroide": -33.96, "lon_centroide": -72.71}}, {"type": "Feature", "geometry": {"type": "Point", "coordinates": [-72.16, -30.02]}, "properties": {"fecha": "2017/08/15", "hora": "19:03:21.9", "mw": 5.12, "mb": 0.0, "ms": 5.1, "prof_centroide_km": 18.4, "prof_hipocentro_km": 10.2, "lat_hipocentro": -30.02, "lon_hipocentro": -72.16, "banda_prof": "5-30", "region": "OFF COAST OF CENTRAL CHI", "beachball": "beachballs/bb_0430.png", "np1_rumbo": 352, "np1_manteo": 29, "np1_cabeceo": 78, "np2_rumbo": 186, "np2_manteo": 62, "np2_cabeceo": 97, "lat_centroide": -30.06, "lon_centroide": -72.25}}, {"type": "Feature", "geometry": {"type": "Point", "coordinates": [-70.8, -19.94]}, "properties": {"fecha": "2008/04/17", "hora": "07:57:18.1", "mw": 5.11, "mb": 4.9, "ms": 5.1, "prof_centroide_km": 23.0, "prof_hipocentro_km": 27.1, "lat_hipocentro": -19.94, "lon_hipocentro": -70.8, "banda_prof": "5-30", "region": "NEAR COAST OF NORTHERN C", "beachball": "beachballs/bb_0431.png", "np1_rumbo": 328, "np1_manteo": 33, "np1_cabeceo": 70, "np2_rumbo": 171, "np2_manteo": 59, "np2_cabeceo": 102, "lat_centroide": -19.9, "lon_centroide": -71.3}}, {"type": "Feature", "geometry": {"type": "Point", "coordinates": [-74.91, -38.09]}, "properties": {"fecha": "2010/03/10", "hora": "16:00:52.0", "mw": 5.11, "mb": 4.9, "ms": 0.0, "prof_centroide_km": 27.4, "prof_hipocentro_km": 22.9, "lat_hipocentro": -38.09, "lon_hipocentro": -74.91, "banda_prof": "5-30", "region": "OFF COAST OF CENTRAL CHI", "beachball": "beachballs/bb_0432.png", "np1_rumbo": 344, "np1_manteo": 55, "np1_cabeceo": -152, "np2_rumbo": 237, "np2_manteo": 67, "np2_cabeceo": -38, "lat_centroide": -38.25, "lon_centroide": -75.28}}, {"type": "Feature", "geometry": {"type": "Point", "coordinates": [-73.04, -35.44]}, "properties": {"fecha": "2010/03/17", "hora": "18:29:37.6", "mw": 5.11, "mb": 4.9, "ms": 0.0, "prof_centroide_km": 20.5, "prof_hipocentro_km": 22.1, "lat_hipocentro": -35.44, "lon_hipocentro": -73.04, "banda_prof": "5-30", "region": "OFF COAST OF CENTRAL CHI", "beachball": "beachballs/bb_0433.png", "np1_rumbo": 27, "np1_manteo": 24, "np1_cabeceo": 106, "np2_rumbo": 190, "np2_manteo": 67, "np2_cabeceo": 83, "lat_centroide": -35.47, "lon_centroide": -73.56}}, {"type": "Feature", "geometry": {"type": "Point", "coordinates": [-71.99, -33.92]}, "properties": {"fecha": "2012/11/21", "hora": "22:52:29.4", "mw": 5.11, "mb": 5.2, "ms": 5.2, "prof_centroide_km": 33.3, "prof_hipocentro_km": 16.0, "lat_hipocentro": -33.92, "lon_hipocentro": -71.99, "banda_prof": "5-30", "region": "NEAR COAST OF CENTRAL CH", "beachball": "beachballs/bb_0434.png", "np1_rumbo": 11, "np1_manteo": 32, "np1_cabeceo": 101, "np2_rumbo": 177, "np2_manteo": 58, "np2_cabeceo": 83, "lat_centroide": -34.04, "lon_centroide": -72.49}}, {"type": "Feature", "geometry": {"type": "Point", "coordinates": [-70.79, -20.19]}, "properties": {"fecha": "2014/03/18", "hora": "14:35:56.8", "mw": 5.11, "mb": 0.0, "ms": 5.0, "prof_centroide_km": 21.6, "prof_hipocentro_km": 14.0, "lat_hipocentro": -20.19, "lon_hipocentro": -70.79, "banda_prof": "5-30", "region": "NEAR COAST OF NORTHERN C", "beachball": "beachballs/bb_0435.png", "np1_rumbo": 349, "np1_manteo": 31, "np1_cabeceo": 88, "np2_rumbo": 172, "np2_manteo": 59, "np2_cabeceo": 91, "lat_centroide": -20.13, "lon_centroide": -71.1}}, {"type": "Feature", "geometry": {"type": "Point", "coordinates": [-71.01, -19.69]}, "properties": {"fecha": "2014/03/22", "hora": "22:14:58.0", "mw": 5.11, "mb": 0.0, "ms": 5.0, "prof_centroide_km": 27.3, "prof_hipocentro_km": 21.0, "lat_hipocentro": -19.69, "lon_hipocentro": -71.01, "banda_prof": "5-30", "region": "OFF COAST OF NORTHERN CH", "beachball": "beachballs/bb_0436.png", "np1_rumbo": 350, "np1_manteo": 27, "np1_cabeceo": 90, "np2_rumbo": 169, "np2_manteo": 63, "np2_cabeceo": 90, "lat_centroide": -19.7, "lon_centroide": -71.22}}, {"type": "Feature", "geometry": {"type": "Point", "coordinates": [-70.95, -20.02]}, "properties": {"fecha": "2014/04/10", "hora": "17:49:10.7", "mw": 5.11, "mb": 0.0, "ms": 5.0, "prof_centroide_km": 21.1, "prof_hipocentro_km": 13.3, "lat_hipocentro": -20.02, "lon_hipocentro": -70.95, "banda_prof": "5-30", "region": "NEAR COAST OF NORTHERN C", "beachball": "beachballs/bb_0437.png", "np1_rumbo": 327, "np1_manteo": 25, "np1_cabeceo": 65, "np2_rumbo": 175, "np2_manteo": 67, "np2_cabeceo": 101, "lat_centroide": -19.87, "lon_centroide": -71.31}}, {"type": "Feature", "geometry": {"type": "Point", "coordinates": [-70.8, -20.03]}, "properties": {"fecha": "2015/09/15", "hora": "21:21:20.9", "mw": 5.11, "mb": 0.0, "ms": 5.0, "prof_centroide_km": 20.4, "prof_hipocentro_km": 9.8, "lat_hipocentro": -20.03, "lon_hipocentro": -70.8, "banda_prof": "5-30", "region": "NEAR COAST OF NORTHERN C", "beachball": "beachballs/bb_0438.png", "np1_rumbo": 332, "np1_manteo": 27, "np1_cabeceo": 70, "np2_rumbo": 174, "np2_manteo": 65, "np2_cabeceo": 100, "lat_centroide": -19.88, "lon_centroide": -71.23}}, {"type": "Feature", "geometry": {"type": "Point", "coordinates": [-72.11, -30.37]}, "properties": {"fecha": "2015/09/18", "hora": "22:12:16.5", "mw": 5.11, "mb": 0.0, "ms": 4.9, "prof_centroide_km": 18.0, "prof_hipocentro_km": 10.5, "lat_hipocentro": -30.37, "lon_hipocentro": -72.11, "banda_prof": "5-30", "region": "OFF COAST OF CENTRAL CHI", "beachball": "beachballs/bb_0439.png", "np1_rumbo": 356, "np1_manteo": 24, "np1_cabeceo": 89, "np2_rumbo": 177, "np2_manteo": 66, "np2_cabeceo": 90, "lat_centroide": -30.45, "lon_centroide": -72.29}}, {"type": "Feature", "geometry": {"type": "Point", "coordinates": [-74.09, -41.67]}, "properties": {"fecha": "2016/01/07", "hora": "15:40:42.9", "mw": 5.11, "mb": 0.0, "ms": 5.0, "prof_centroide_km": 32.4, "prof_hipocentro_km": 22.6, "lat_hipocentro": -41.67, "lon_hipocentro": -74.09, "banda_prof": "5-30", "region": "OFF COAST OF SOUTHERN CH", "beachball": "beachballs/bb_0440.png", "np1_rumbo": 13, "np1_manteo": 24, "np1_cabeceo": 98, "np2_rumbo": 184, "np2_manteo": 66, "np2_cabeceo": 86, "lat_centroide": -41.65, "lon_centroide": -74.29}}, {"type": "Feature", "geometry": {"type": "Point", "coordinates": [-73.24, -35.6]}, "properties": {"fecha": "2020/02/18", "hora": "05:32:45.4", "mw": 5.11, "mb": 0.0, "ms": 5.0, "prof_centroide_km": 15.0, "prof_hipocentro_km": 10.0, "lat_hipocentro": -35.6, "lon_hipocentro": -73.24, "banda_prof": "5-30", "region": "OFF COAST OF CENTRAL CHI", "beachball": "beachballs/bb_0441.png", "np1_rumbo": 13, "np1_manteo": 13, "np1_cabeceo": 99, "np2_rumbo": 184, "np2_manteo": 78, "np2_cabeceo": 88, "lat_centroide": -35.63, "lon_centroide": -73.27}}, {"type": "Feature", "geometry": {"type": "Point", "coordinates": [-71.39, -27.88]}, "properties": {"fecha": "2020/09/01", "hora": "17:13:22.2", "mw": 5.11, "mb": 0.0, "ms": 5.0, "prof_centroide_km": 29.1, "prof_hipocentro_km": 16.2, "lat_hipocentro": -27.88, "lon_hipocentro": -71.39, "banda_prof": "5-30", "region": "NEAR COAST OF NORTHERN C", "beachball": "beachballs/bb_0442.png", "np1_rumbo": 7, "np1_manteo": 23, "np1_cabeceo": 104, "np2_rumbo": 172, "np2_manteo": 67, "np2_cabeceo": 84, "lat_centroide": -27.84, "lon_centroide": -71.61}}, {"type": "Feature", "geometry": {"type": "Point", "coordinates": [-70.2, -25.69]}, "properties": {"fecha": "2009/11/04", "hora": "01:35:44.7", "mw": 5.1, "mb": 4.9, "ms": 5.1, "prof_centroide_km": 55.9, "prof_hipocentro_km": 28.7, "lat_hipocentro": -25.69, "lon_hipocentro": -70.2, "banda_prof": "5-30", "region": "NEAR COAST OF NORTHERN C", "beachball": "beachballs/bb_0443.png", "np1_rumbo": 32, "np1_manteo": 38, "np1_cabeceo": 128, "np2_rumbo": 167, "np2_manteo": 61, "np2_cabeceo": 64, "lat_centroide": -25.75, "lon_centroide": -70.95}}, {"type": "Feature", "geometry": {"type": "Point", "coordinates": [-72.98, -34.05]}, "properties": {"fecha": "2010/03/09", "hora": "22:10:41.2", "mw": 5.1, "mb": 5.0, "ms": 0.0, "prof_centroide_km": 20.3, "prof_hipocentro_km": 21.0, "lat_hipocentro": -34.05, "lon_hipocentro": -72.98, "banda_prof": "5-30", "region": "NEAR COAST OF CENTRAL CH", "beachball": "beachballs/bb_0444.png", "np1_rumbo": 358, "np1_manteo": 22, "np1_cabeceo": 76, "np2_rumbo": 193, "np2_manteo": 69, "np2_cabeceo": 96, "lat_centroide": -33.88, "lon_centroide": -72.83}}, {"type": "Feature", "geometry": {"type": "Point", "coordinates": [-71.12, -27.23]}, "properties": {"fecha": "2012/09/01", "hora": "10:38:39.2", "mw": 5.1, "mb": 5.0, "ms": 5.0, "prof_centroide_km": 49.2, "prof_hipocentro_km": 27.7, "lat_hipocentro": -27.23, "lon_hipocentro": -71.12, "banda_prof": "5-30", "region": "NEAR COAST OF NORTHERN C", "beachball": "beachballs/bb_0445.png", "np1_rumbo": 298, "np1_manteo": 26, "np1_cabeceo": 10, "np2_rumbo": 199, "np2_manteo": 85, "np2_cabeceo": 116, "lat_centroide": -27.46, "lon_centroide": -71.57}}, {"type": "Feature", "geometry": {"type": "Point", "coordinates": [-70.67, -20.75]}, "properties": {"fecha": "2014/04/05", "hora": "04:05:03.3", "mw": 5.1, "mb": 0.0, "ms": 5.0, "prof_centroide_km": 29.9, "prof_hipocentro_km": 22.0, "lat_hipocentro": -20.75, "lon_hipocentro": -70.67, "banda_prof": "5-30", "region": "NEAR COAST OF NORTHERN C", "beachball": "beachballs/bb_0446.png", "np1_rumbo": 356, "np1_manteo": 26, "np1_cabeceo": 109, "np2_rumbo": 154, "np2_manteo": 66, "np2_cabeceo": 81, "lat_centroide": -20.75, "lon_centroide": -71.07}}, {"type": "Feature", "geometry": {"type": "Point", "coordinates": [-70.69, -20.15]}, "properties": {"fecha": "2014/04/15", "hora": "16:21:17.0", "mw": 5.1, "mb": 0.0, "ms": 5.1, "prof_centroide_km": 13.1, "prof_hipocentro_km": 15.4, "lat_hipocentro": -20.15, "lon_hipocentro": -70.69, "banda_prof": "5-30", "region": "NEAR COAST OF NORTHERN C", "beachball": "beachballs/bb_0447.png", "np1_rumbo": 76, "np1_manteo": 36, "np1_cabeceo": 73, "np2_rumbo": 276, "np2_manteo": 55, "np2_cabeceo": 102, "lat_centroide": -20.2, "lon_centroide": -70.78}}, {"type": "Feature", "geometry": {"type": "Point", "coordinates": [-72.25, -30.26]}, "properties": {"fecha": "2015/09/17", "hora": "22:08:03.8", "mw": 5.1, "mb": 0.0, "ms": 4.9, "prof_centroide_km": 21.4, "prof_hipocentro_km": 4.2, "lat_hipocentro": -30.26, "lon_hipocentro": -72.25, "banda_prof": "0-5", "region": "OFF COAST OF CENTRAL CHI", "beachball": "beachballs/bb_0448.png", "np1_rumbo": 358, "np1_manteo": 28, "np1_cabeceo": 86, "np2_rumbo": 183, "np2_manteo": 63, "np2_cabeceo": 92, "lat_centroide": -30.37, "lon_centroide": -72.27}}, {"type": "Feature", "geometry": {"type": "Point", "coordinates": [-74.1, -43.08]}, "properties": {"fecha": "2008/03/29", "hora": "01:34:35.5", "mw": 5.09, "mb": 4.8, "ms": 0.0, "prof_centroide_km": 42.0, "prof_hipocentro_km": 27.4, "lat_hipocentro": -43.08, "lon_hipocentro": -74.1, "banda_prof": "5-30", "region": "SOUTHERN CHILE", "beachball": "beachballs/bb_0449.png", "np1_rumbo": 5, "np1_manteo": 32, "np1_cabeceo": 90, "np2_rumbo": 184, "np2_manteo": 58, "np2_cabeceo": 90, "lat_centroide": -43.2, "lon_centroide": -74.58}}, {"type": "Feature", "geometry": {"type": "Point", "coordinates": [-73.13, -35.11]}, "properties": {"fecha": "2010/03/05", "hora": "07:36:42.6", "mw": 5.09, "mb": 4.8, "ms": 5.1, "prof_centroide_km": 36.2, "prof_hipocentro_km": 20.0, "lat_hipocentro": -35.11, "lon_hipocentro": -73.13, "banda_prof": "5-30", "region": "OFF COAST OF CENTRAL CHI", "beachball": "beachballs/bb_0450.png", "np1_rumbo": 266, "np1_manteo": 50, "np1_cabeceo": -3, "np2_rumbo": 358, "np2_manteo": 88, "np2_cabeceo": -140, "lat_centroide": -35.35, "lon_centroide": -73.41}}, {"type": "Feature", "geometry": {"type": "Point", "coordinates": [-72.06, -33.17]}, "properties": {"fecha": "2010/03/07", "hora": "04:46:31.7", "mw": 5.09, "mb": 5.1, "ms": 5.3, "prof_centroide_km": 29.1, "prof_hipocentro_km": 18.8, "lat_hipocentro": -33.17, "lon_hipocentro": -72.06, "banda_prof": "5-30", "region": "OFF COAST OF CENTRAL CHI", "beachball": "beachballs/bb_0451.png", "np1_rumbo": 7, "np1_manteo": 26, "np1_cabeceo": 92, "np2_rumbo": 185, "np2_manteo": 64, "np2_cabeceo": 89, "lat_centroide": -33.14, "lon_centroide": -72.18}}, {"type": "Feature", "geometry": {"type": "Point", "coordinates": [-74.39, -37.52]}, "properties": {"fecha": "2010/09/14", "hora": "03:37:05.0", "mw": 5.09, "mb": 4.8, "ms": 4.9, "prof_centroide_km": 16.0, "prof_hipocentro_km": 13.3, "lat_hipocentro": -37.52, "lon_hipocentro": -74.39, "banda_prof": "5-30", "region": "OFF COAST OF CENTRAL CHI", "beachball": "beachballs/bb_0452.png", "np1_rumbo": 352, "np1_manteo": 19, "np1_cabeceo": 76, "np2_rumbo": 187, "np2_manteo": 72, "np2_cabeceo": 95, "lat_centroide": -37.32, "lon_centroide": -74.35}}, {"type": "Feature", "geometry": {"type": "Point", "coordinates": [-70.76, -19.99]}, "properties": {"fecha": "2014/03/17", "hora": "08:32:35.8", "mw": 5.09, "mb": 0.0, "ms": 5.2, "prof_centroide_km": 23.3, "prof_hipocentro_km": 8.0, "lat_hipocentro": -19.99, "lon_hipocentro": -70.76, "banda_prof": "5-30", "region": "NEAR COAST OF NORTHERN C", "beachball": "beachballs/bb_0453.png", "np1_rumbo": 352, "np1_manteo": 38, "np1_cabeceo": -144, "np2_rumbo": 232, "np2_manteo": 69, "np2_cabeceo": -58, "lat_centroide": -20.02, "lon_centroide": -70.91}}, {"type": "Feature", "geometry": {"type": "Point", "coordinates": [-70.56, -20.13]}, "properties": {"fecha": "2014/04/05", "hora": "00:33:57.2", "mw": 5.09, "mb": 0.0, "ms": 4.9, "prof_centroide_km": 33.0, "prof_hipocentro_km": 30.0, "lat_hipocentro": -20.13, "lon_hipocentro": -70.56, "banda_prof": "5-30", "region": "NEAR COAST OF NORTHERN C", "beachball": "beachballs/bb_0454.png", "np1_rumbo": 355, "np1_manteo": 27, "np1_cabeceo": 95, "np2_rumbo": 169, "np2_manteo": 63, "np2_cabeceo": 88, "lat_centroide": -20.13, "lon_centroide": -70.84}}, {"type": "Feature", "geometry": {"type": "Point", "coordinates": [-70.85, -20.18]}, "properties": {"fecha": "2014/04/15", "hora": "18:59:40.4", "mw": 5.09, "mb": 0.0, "ms": 5.1, "prof_centroide_km": 21.2, "prof_hipocentro_km": 14.9, "lat_hipocentro": -20.18, "lon_hipocentro": -70.85, "banda_prof": "5-30", "region": "NEAR COAST OF NORTHERN C", "beachball": "beachballs/bb_0455.png", "np1_rumbo": 343, "np1_manteo": 30, "np1_cabeceo": 81, "np2_rumbo": 174, "np2_manteo": 60, "np2_cabeceo": 95, "lat_centroide": -20.05, "lon_centroide": -71.09}}, {"type": "Feature", "geometry": {"type": "Point", "coordinates": [-71.84, -32.59]}, "properties": {"fecha": "2016/01/26", "hora": "00:19:10.0", "mw": 5.09, "mb": 0.0, "ms": 4.8, "prof_centroide_km": 31.8, "prof_hipocentro_km": 7.8, "lat_hipocentro": -32.59, "lon_hipocentro": -71.84, "banda_prof": "5-30", "region": "NEAR COAST OF CENTRAL CH", "beachball": "beachballs/bb_0456.png", "np1_rumbo": 344, "np1_manteo": 39, "np1_cabeceo": 83, "np2_rumbo": 173, "np2_manteo": 51, "np2_cabeceo": 96, "lat_centroide": -32.66, "lon_centroide": -71.99}}, {"type": "Feature", "geometry": {"type": "Point", "coordinates": [-71.34, -27.87]}, "properties": {"fecha": "2017/02/12", "hora": "16:21:11.4", "mw": 5.09, "mb": 0.0, "ms": 5.1, "prof_centroide_km": 32.6, "prof_hipocentro_km": 16.2, "lat_hipocentro": -27.87, "lon_hipocentro": -71.34, "banda_prof": "5-30", "region": "NEAR COAST OF NORTHERN C", "beachball": "beachballs/bb_0457.png", "np1_rumbo": 2, "np1_manteo": 26, "np1_cabeceo": 101, "np2_rumbo": 170, "np2_manteo": 64, "np2_cabeceo": 85, "lat_centroide": -28.01, "lon_centroide": -71.58}}, {"type": "Feature", "geometry": {"type": "Point", "coordinates": [-70.95, -20.0]}, "properties": {"fecha": "2017/04/30", "hora": "09:36:02.0", "mw": 5.09, "mb": 0.0, "ms": 5.0, "prof_centroide_km": 21.9, "prof_hipocentro_km": 10.9, "lat_hipocentro": -20.0, "lon_hipocentro": -70.95, "banda_prof": "5-30", "region": "NEAR COAST OF NORTHERN C", "beachball": "beachballs/bb_0458.png", "np1_rumbo": 344, "np1_manteo": 27, "np1_cabeceo": 90, "np2_rumbo": 163, "np2_manteo": 63, "np2_cabeceo": 90, "lat_centroide": -19.96, "lon_centroide": -71.17}}, {"type": "Feature", "geometry": {"type": "Point", "coordinates": [-72.24, -33.73]}, "properties": {"fecha": "2017/07/07", "hora": "03:04:48.2", "mw": 5.09, "mb": 0.0, "ms": 4.9, "prof_centroide_km": 31.7, "prof_hipocentro_km": 13.0, "lat_hipocentro": -33.73, "lon_hipocentro": -72.24, "banda_prof": "5-30", "region": "OFF COAST OF CENTRAL CHI", "beachball": "beachballs/bb_0459.png", "np1_rumbo": 16, "np1_manteo": 28, "np1_cabeceo": 98, "np2_rumbo": 186, "np2_manteo": 63, "np2_cabeceo": 86, "lat_centroide": -33.65, "lon_centroide": -72.54}}, {"type": "Feature", "geometry": {"type": "Point", "coordinates": [-72.6, -29.25]}, "properties": {"fecha": "2018/02/07", "hora": "12:36:18.1", "mw": 5.09, "mb": 0.0, "ms": 5.1, "prof_centroide_km": 12.0, "prof_hipocentro_km": 10.0, "lat_hipocentro": -29.25, "lon_hipocentro": -72.6, "banda_prof": "5-30", "region": "OFF COAST OF CENTRAL CHI", "beachball": "beachballs/bb_0460.png", "np1_rumbo": 25, "np1_manteo": 41, "np1_cabeceo": -88, "np2_rumbo": 202, "np2_manteo": 49, "np2_cabeceo": -92, "lat_centroide": -29.33, "lon_centroide": -72.92}}, {"type": "Feature", "geometry": {"type": "Point", "coordinates": [-72.14, -50.69]}, "properties": {"fecha": "2004/08/30", "hora": "16:08:17.9", "mw": 5.08, "mb": 5.0, "ms": 4.5, "prof_centroide_km": 12.0, "prof_hipocentro_km": 24.7, "lat_hipocentro": -50.69, "lon_hipocentro": -72.14, "banda_prof": "5-30", "region": "S. CHILE-ARGENTINA BORDE", "beachball": "beachballs/bb_0461.png", "np1_rumbo": 355, "np1_manteo": 35, "np1_cabeceo": 73, "np2_rumbo": 196, "np2_manteo": 57, "np2_cabeceo": 102, "lat_centroide": -50.65, "lon_centroide": -72.1}}, {"type": "Feature", "geometry": {"type": "Point", "coordinates": [-72.17, -33.93]}, "properties": {"fecha": "2012/11/19", "hora": "16:45:50.4", "mw": 5.08, "mb": 5.1, "ms": 4.9, "prof_centroide_km": 20.9, "prof_hipocentro_km": 11.2, "lat_hipocentro": -33.93, "lon_hipocentro": -72.17, "banda_prof": "5-30", "region": "OFF COAST OF CENTRAL CHI", "beachball": "beachballs/bb_0462.png", "np1_rumbo": 351, "np1_manteo": 23, "np1_cabeceo": 78, "np2_rumbo": 184, "np2_manteo": 67, "np2_cabeceo": 95, "lat_centroide": -33.92, "lon_centroide": -72.42}}, {"type": "Feature", "geometry": {"type": "Point", "coordinates": [-70.67, -20.2]}, "properties": {"fecha": "2013/07/23", "hora": "17:27:16.0", "mw": 5.08, "mb": 4.7, "ms": 4.9, "prof_centroide_km": 24.3, "prof_hipocentro_km": 18.5, "lat_hipocentro": -20.2, "lon_hipocentro": -70.67, "banda_prof": "5-30", "region": "NEAR COAST OF NORTHERN C", "beachball": "beachballs/bb_0463.png", "np1_rumbo": 343, "np1_manteo": 32, "np1_cabeceo": 81, "np2_rumbo": 174, "np2_manteo": 59, "np2_cabeceo": 96, "lat_centroide": -20.19, "lon_centroide": -71.12}}, {"type": "Feature", "geometry": {"type": "Point", "coordinates": [-67.48, -32.66]}, "properties": {"fecha": "2013/11/15", "hora": "06:19:12.8", "mw": 5.08, "mb": 0.0, "ms": 4.9, "prof_centroide_km": 34.6, "prof_hipocentro_km": 22.3, "lat_hipocentro": -32.66, "lon_hipocentro": -67.48, "banda_prof": "5-30", "region": "MENDOZA PROVINCE, ARGENT", "beachball": "beachballs/bb_0464.png", "np1_rumbo": 208, "np1_manteo": 41, "np1_cabeceo": 103, "np2_rumbo": 10, "np2_manteo": 50, "np2_cabeceo": 79, "lat_centroide": -32.72, "lon_centroide": -67.54}}, {"type": "Feature", "geometry": {"type": "Point", "coordinates": [-70.98, -20.04]}, "properties": {"fecha": "2014/05/04", "hora": "04:46:46.6", "mw": 5.08, "mb": 0.0, "ms": 5.0, "prof_centroide_km": 19.3, "prof_hipocentro_km": 10.4, "lat_hipocentro": -20.04, "lon_hipocentro": -70.98, "banda_prof": "5-30", "region": "NEAR COAST OF NORTHERN C", "beachball": "beachballs/bb_0465.png", "np1_rumbo": 344, "np1_manteo": 24, "np1_cabeceo": 88, "np2_rumbo": 166, "np2_manteo": 66, "np2_cabeceo": 91, "lat_centroide": -20.02, "lon_centroide": -71.18}}, {"type": "Feature", "geometry": {"type": "Point", "coordinates": [-70.59, -20.14]}, "properties": {"fecha": "2014/07/21", "hora": "00:21:27.2", "mw": 5.08, "mb": 0.0, "ms": 5.0, "prof_centroide_km": 35.8, "prof_hipocentro_km": 25.6, "lat_hipocentro": -20.14, "lon_hipocentro": -70.59, "banda_prof": "5-30", "region": "NEAR COAST OF NORTHERN C", "beachball": "beachballs/bb_0466.png", "np1_rumbo": 11, "np1_manteo": 33, "np1_cabeceo": 103, "np2_rumbo": 175, "np2_manteo": 58, "np2_cabeceo": 81, "lat_centroide": -20.16, "lon_centroide": -70.95}}, {"type": "Feature", "geometry": {"type": "Point", "coordinates": [-71.13, -20.07]}, "properties": {"fecha": "2014/11/22", "hora": "06:50:53.6", "mw": 5.08, "mb": 0.0, "ms": 5.0, "prof_centroide_km": 21.1, "prof_hipocentro_km": 14.6, "lat_hipocentro": -20.07, "lon_hipocentro": -71.13, "banda_prof": "5-30", "region": "OFF COAST OF NORTHERN CH", "beachball": "beachballs/bb_0467.png", "np1_rumbo": 341, "np1_manteo": 27, "np1_cabeceo": 79, "np2_rumbo": 173, "np2_manteo": 63, "np2_cabeceo": 96, "lat_centroide": -19.98, "lon_centroide": -71.3}}, {"type": "Feature", "geometry": {"type": "Point", "coordinates": [-74.32, -35.67]}, "properties": {"fecha": "2015/07/20", "hora": "09:47:40.3", "mw": 5.08, "mb": 0.0, "ms": 4.9, "prof_centroide_km": 17.5, "prof_hipocentro_km": 10.0, "lat_hipocentro": -35.67, "lon_hipocentro": -74.32, "banda_prof": "5-30", "region": "OFF COAST OF CENTRAL CHI", "beachball": "beachballs/bb_0468.png", "np1_rumbo": 16, "np1_manteo": 43, "np1_cabeceo": -97, "np2_rumbo": 205, "np2_manteo": 47, "np2_cabeceo": -84, "lat_centroide": -35.81, "lon_centroide": -74.45}}, {"type": "Feature", "geometry": {"type": "Point", "coordinates": [-71.81, -31.03]}, "properties": {"fecha": "2015/09/17", "hora": "22:39:20.4", "mw": 5.08, "mb": 0.0, "ms": 5.2, "prof_centroide_km": 38.5, "prof_hipocentro_km": 23.2, "lat_hipocentro": -31.03, "lon_hipocentro": -71.81, "banda_prof": "5-30", "region": "NEAR COAST OF CENTRAL CH", "beachball": "beachballs/bb_0469.png", "np1_rumbo": 237, "np1_manteo": 23, "np1_cabeceo": -52, "np2_rumbo": 17, "np2_manteo": 72, "np2_cabeceo": -105, "lat_centroide": -31.12, "lon_centroide": -71.96}}, {"type": "Feature", "geometry": {"type": "Point", "coordinates": [-72.27, -30.24]}, "properties": {"fecha": "2015/09/20", "hora": "09:02:32.5", "mw": 5.08, "mb": 0.0, "ms": 5.1, "prof_centroide_km": 17.4, "prof_hipocentro_km": 8.6, "lat_hipocentro": -30.24, "lon_hipocentro": -72.27, "banda_prof": "5-30", "region": "OFF COAST OF CENTRAL CHI", "beachball": "beachballs/bb_0470.png", "np1_rumbo": 7, "np1_manteo": 22, "np1_cabeceo": 77, "np2_rumbo": 201, "np2_manteo": 69, "np2_cabeceo": 95, "lat_centroide": -30.36, "lon_centroide": -72.3}}, {"type": "Feature", "geometry": {"type": "Point", "coordinates": [-71.69, -30.61]}, "properties": {"fecha": "2016/05/22", "hora": "11:47:09.1", "mw": 5.08, "mb": 0.0, "ms": 5.1, "prof_centroide_km": 32.2, "prof_hipocentro_km": 25.8, "lat_hipocentro": -30.61, "lon_hipocentro": -71.69, "banda_prof": "5-30", "region": "NEAR COAST OF CENTRAL CH", "beachball": "beachballs/bb_0471.png", "np1_rumbo": 6, "np1_manteo": 33, "np1_cabeceo": 102, "np2_rumbo": 172, "np2_manteo": 58, "np2_cabeceo": 82, "lat_centroide": -30.54, "lon_centroide": -71.93}}, {"type": "Feature", "geometry": {"type": "Point", "coordinates": [-73.32, -35.53]}, "properties": {"fecha": "2018/07/16", "hora": "10:29:54.0", "mw": 5.08, "mb": 0.0, "ms": 4.8, "prof_centroide_km": 15.9, "prof_hipocentro_km": 10.3, "lat_hipocentro": -35.53, "lon_hipocentro": -73.32, "banda_prof": "5-30", "region": "OFF COAST OF CENTRAL CHI", "beachball": "beachballs/bb_0472.png", "np1_rumbo": 31, "np1_manteo": 17, "np1_cabeceo": 113, "np2_rumbo": 187, "np2_manteo": 74, "np2_cabeceo": 83, "lat_centroide": -35.65, "lon_centroide": -73.6}}, {"type": "Feature", "geometry": {"type": "Point", "coordinates": [-73.77, -37.97]}, "properties": {"fecha": "2020/04/16", "hora": "15:13:05.7", "mw": 5.08, "mb": 0.0, "ms": 5.1, "prof_centroide_km": 22.0, "prof_hipocentro_km": 11.2, "lat_hipocentro": -37.97, "lon_hipocentro": -73.77, "banda_prof": "5-30", "region": "NEAR COAST OF CENTRAL CH", "beachball": "beachballs/bb_0473.png", "np1_rumbo": 219, "np1_manteo": 46, "np1_cabeceo": -72, "np2_rumbo": 15, "np2_manteo": 47, "np2_cabeceo": -107, "lat_centroide": -38.06, "lon_centroide": -73.65}}, {"type": "Feature", "geometry": {"type": "Point", "coordinates": [-71.45, -27.88]}, "properties": {"fecha": "2020/09/02", "hora": "03:04:27.1", "mw": 5.08, "mb": 0.0, "ms": 4.8, "prof_centroide_km": 31.7, "prof_hipocentro_km": 15.3, "lat_hipocentro": -27.88, "lon_hipocentro": -71.45, "banda_prof": "5-30", "region": "NEAR COAST OF NORTHERN C", "beachball": "beachballs/bb_0474.png", "np1_rumbo": 352, "np1_manteo": 27, "np1_cabeceo": 89, "np2_rumbo": 173, "np2_manteo": 63, "np2_cabeceo": 90, "lat_centroide": -27.95, "lon_centroide": -71.68}}, {"type": "Feature", "geometry": {"type": "Point", "coordinates": [-66.0, -28.56]}, "properties": {"fecha": "2005/03/14", "hora": "12:43:44.5", "mw": 5.07, "mb": 5.3, "ms": 0.0, "prof_centroide_km": 27.3, "prof_hipocentro_km": 23.4, "lat_hipocentro": -28.56, "lon_hipocentro": -66.0, "banda_prof": "5-30", "region": "SANTIAGO DEL ESTERO PROV", "beachball": "beachballs/bb_0475.png", "np1_rumbo": 247, "np1_manteo": 54, "np1_cabeceo": 136, "np2_rumbo": 6, "np2_manteo": 56, "np2_cabeceo": 45, "lat_centroide": -28.86, "lon_centroide": -66.28}}, {"type": "Feature", "geometry": {"type": "Point", "coordinates": [-72.92, -36.67]}, "properties": {"fecha": "2009/12/29", "hora": "11:47:35.0", "mw": 5.07, "mb": 5.1, "ms": 5.3, "prof_centroide_km": 43.4, "prof_hipocentro_km": 28.5, "lat_hipocentro": -36.67, "lon_hipocentro": -72.92, "banda_prof": "5-30", "region": "NEAR COAST OF CENTRAL CH", "beachball": "beachballs/bb_0476.png", "np1_rumbo": 1, "np1_manteo": 21, "np1_cabeceo": 95, "np2_rumbo": 175, "np2_manteo": 69, "np2_cabeceo": 88, "lat_centroide": -36.78, "lon_centroide": -73.39}}, {"type": "Feature", "geometry": {"type": "Point", "coordinates": [-73.04, -36.16]}, "properties": {"fecha": "2010/03/07", "hora": "23:46:57.8", "mw": 5.07, "mb": 5.4, "ms": 0.0, "prof_centroide_km": 29.4, "prof_hipocentro_km": 24.9, "lat_hipocentro": -36.16, "lon_hipocentro": -73.04, "banda_prof": "5-30", "region": "NEAR COAST OF CENTRAL CH", "beachball": "beachballs/bb_0477.png", "np1_rumbo": 26, "np1_manteo": 21, "np1_cabeceo": -119, "np2_rumbo": 237, "np2_manteo": 72, "np2_cabeceo": -80, "lat_centroide": -36.17, "lon_centroide": -73.36}}, {"type": "Feature", "geometry": {"type": "Point", "coordinates": [-71.93, -34.39]}, "properties": {"fecha": "2010/03/13", "hora": "07:12:03.3", "mw": 5.07, "mb": 5.2, "ms": 5.2, "prof_centroide_km": 18.9, "prof_hipocentro_km": 3.9, "lat_hipocentro": -34.39, "lon_hipocentro": -71.93, "banda_prof": "0-5", "region": "NEAR COAST OF CENTRAL CH", "beachball": "beachballs/bb_0478.png", "np1_rumbo": 345, "np1_manteo": 45, "np1_cabeceo": -81, "np2_rumbo": 152, "np2_manteo": 46, "np2_cabeceo": -99, "lat_centroide": -34.65, "lon_centroide": -71.97}}, {"type": "Feature", "geometry": {"type": "Point", "coordinates": [-73.76, -37.17]}, "properties": {"fecha": "2010/04/18", "hora": "02:52:18.4", "mw": 5.07, "mb": 4.9, "ms": 5.0, "prof_centroide_km": 21.6, "prof_hipocentro_km": 19.6, "lat_hipocentro": -37.17, "lon_hipocentro": -73.76, "banda_prof": "5-30", "region": "NEAR COAST OF CENTRAL CH", "beachball": "beachballs/bb_0479.png", "np1_rumbo": 348, "np1_manteo": 33, "np1_cabeceo": 74, "np2_rumbo": 187, "np2_manteo": 59, "np2_cabeceo": 100, "lat_centroide": -37.28, "lon_centroide": -74.22}}, {"type": "Feature", "geometry": {"type": "Point", "coordinates": [-73.41, -36.78]}, "properties": {"fecha": "2010/10/23", "hora": "10:56:59.5", "mw": 5.07, "mb": 5.1, "ms": 5.4, "prof_centroide_km": 28.5, "prof_hipocentro_km": 28.9, "lat_hipocentro": -36.78, "lon_hipocentro": -73.41, "banda_prof": "5-30", "region": "NEAR COAST OF CENTRAL CH", "beachball": "beachballs/bb_0480.png", "np1_rumbo": 31, "np1_manteo": 29, "np1_cabeceo": 110, "np2_rumbo": 188, "np2_manteo": 63, "np2_cabeceo": 79, "lat_centroide": -36.77, "lon_centroide": -73.87}}, {"type": "Feature", "geometry": {"type": "Point", "coordinates": [-67.17, -22.41]}, "properties": {"fecha": "2016/07/23", "hora": "22:17:57.4", "mw": 5.07, "mb": 0.0, "ms": 5.0, "prof_centroide_km": 20.3, "prof_hipocentro_km": 27.5, "lat_hipocentro": -22.41, "lon_hipocentro": -67.17, "banda_prof": "5-30", "region": "CHILE-BOLIVIA BORDER REG", "beachball": "beachballs/bb_0481.png", "np1_rumbo": 346, "np1_manteo": 48, "np1_cabeceo": -62, "np2_rumbo": 128, "np2_manteo": 49, "np2_cabeceo": -117, "lat_centroide": -22.42, "lon_centroide": -67.18}}, {"type": "Feature", "geometry": {"type": "Point", "coordinates": [-72.15, -32.99]}, "properties": {"fecha": "2017/04/22", "hora": "22:46:42.9", "mw": 5.07, "mb": 0.0, "ms": 4.9, "prof_centroide_km": 29.1, "prof_hipocentro_km": 9.4, "lat_hipocentro": -32.99, "lon_hipocentro": -72.15, "banda_prof": "5-30", "region": "OFF COAST OF CENTRAL CHI", "beachball": "beachballs/bb_0482.png", "np1_rumbo": 1, "np1_manteo": 24, "np1_cabeceo": 84, "np2_rumbo": 188, "np2_manteo": 66, "np2_cabeceo": 93, "lat_centroide": -33.02, "lon_centroide": -72.26}}, {"type": "Feature", "geometry": {"type": "Point", "coordinates": [-71.86, -31.53]}, "properties": {"fecha": "2007/04/22", "hora": "06:05:28.5", "mw": 5.06, "mb": 4.9, "ms": 0.0, "prof_centroide_km": 27.8, "prof_hipocentro_km": 29.9, "lat_hipocentro": -31.53, "lon_hipocentro": -71.86, "banda_prof": "5-30", "region": "NEAR COAST OF CENTRAL CH", "beachball": "beachballs/bb_0483.png", "np1_rumbo": 348, "np1_manteo": 28, "np1_cabeceo": 61, "np2_rumbo": 201, "np2_manteo": 66, "np2_cabeceo": 105, "lat_centroide": -31.59, "lon_centroide": -72.34}}, {"type": "Feature", "geometry": {"type": "Point", "coordinates": [-70.74, -19.61]}, "properties": {"fecha": "2014/03/24", "hora": "18:43:12.2", "mw": 5.06, "mb": 0.0, "ms": 5.0, "prof_centroide_km": 31.3, "prof_hipocentro_km": 21.9, "lat_hipocentro": -19.61, "lon_hipocentro": -70.74, "banda_prof": "5-30", "region": "NEAR COAST OF NORTHERN C", "beachball": "beachballs/bb_0484.png", "np1_rumbo": 346, "np1_manteo": 27, "np1_cabeceo": 93, "np2_rumbo": 162, "np2_manteo": 63, "np2_cabeceo": 88, "lat_centroide": -19.66, "lon_centroide": -70.98}}, {"type": "Feature", "geometry": {"type": "Point", "coordinates": [-71.14, -20.0]}, "properties": {"fecha": "2014/05/01", "hora": "16:45:22.6", "mw": 5.06, "mb": 0.0, "ms": 4.8, "prof_centroide_km": 28.4, "prof_hipocentro_km": 6.3, "lat_hipocentro": -20.0, "lon_hipocentro": -71.14, "banda_prof": "5-30", "region": "OFF COAST OF NORTHERN CH", "beachball": "beachballs/bb_0485.png", "np1_rumbo": 318, "np1_manteo": 34, "np1_cabeceo": 70, "np2_rumbo": 162, "np2_manteo": 58, "np2_cabeceo": 103, "lat_centroide": -19.95, "lon_centroide": -71.47}}, {"type": "Feature", "geometry": {"type": "Point", "coordinates": [-71.7, -31.63]}, "properties": {"fecha": "2015/09/18", "hora": "04:29:05.6", "mw": 5.06, "mb": 0.0, "ms": 4.7, "prof_centroide_km": 34.6, "prof_hipocentro_km": 29.0, "lat_hipocentro": -31.63, "lon_hipocentro": -71.7, "banda_prof": "5-30", "region": "NEAR COAST OF CENTRAL CH", "beachball": "beachballs/bb_0486.png", "np1_rumbo": 5, "np1_manteo": 41, "np1_cabeceo": 90, "np2_rumbo": 185, "np2_manteo": 49, "np2_cabeceo": 90, "lat_centroide": -31.59, "lon_centroide": -71.99}}, {"type": "Feature", "geometry": {"type": "Point", "coordinates": [-71.63, -30.66]}, "properties": {"fecha": "2015/10/04", "hora": "10:11:56.0", "mw": 5.06, "mb": 0.0, "ms": 5.0, "prof_centroide_km": 30.5, "prof_hipocentro_km": 29.9, "lat_hipocentro": -30.66, "lon_hipocentro": -71.63, "banda_prof": "5-30", "region": "NEAR COAST OF CENTRAL CH", "beachball": "beachballs/bb_0487.png", "np1_rumbo": 5, "np1_manteo": 30, "np1_cabeceo": 103, "np2_rumbo": 169, "np2_manteo": 61, "np2_cabeceo": 83, "lat_centroide": -30.68, "lon_centroide": -71.88}}, {"type": "Feature", "geometry": {"type": "Point", "coordinates": [-73.56, -37.35]}, "properties": {"fecha": "2017/08/30", "hora": "03:15:36.5", "mw": 5.06, "mb": 0.0, "ms": 4.8, "prof_centroide_km": 29.2, "prof_hipocentro_km": 21.6, "lat_hipocentro": -37.35, "lon_hipocentro": -73.56, "banda_prof": "5-30", "region": "NEAR COAST OF CENTRAL CH", "beachball": "beachballs/bb_0488.png", "np1_rumbo": 10, "np1_manteo": 21, "np1_cabeceo": 96, "np2_rumbo": 183, "np2_manteo": 69, "np2_cabeceo": 88, "lat_centroide": -37.4, "lon_centroide": -73.75}}, {"type": "Feature", "geometry": {"type": "Point", "coordinates": [-68.91, -30.24]}, "properties": {"fecha": "2019/10/28", "hora": "03:55:07.2", "mw": 5.06, "mb": 0.0, "ms": 5.0, "prof_centroide_km": 39.0, "prof_hipocentro_km": 12.3, "lat_hipocentro": -30.24, "lon_hipocentro": -68.91, "banda_prof": "5-30", "region": "SAN JUAN PROVINCE, ARGEN", "beachball": "beachballs/bb_0489.png", "np1_rumbo": 59, "np1_manteo": 39, "np1_cabeceo": 145, "np2_rumbo": 178, "np2_manteo": 69, "np2_cabeceo": 57, "lat_centroide": -30.25, "lon_centroide": -68.97}}, {"type": "Feature", "geometry": {"type": "Point", "coordinates": [-71.63, -30.65]}, "properties": {"fecha": "2009/06/13", "hora": "21:22:06.7", "mw": 5.05, "mb": 4.9, "ms": 5.3, "prof_centroide_km": 33.9, "prof_hipocentro_km": 28.1, "lat_hipocentro": -30.65, "lon_hipocentro": -71.63, "banda_prof": "5-30", "region": "NEAR COAST OF CENTRAL CH", "beachball": "beachballs/bb_0490.png", "np1_rumbo": 352, "np1_manteo": 29, "np1_cabeceo": 88, "np2_rumbo": 175, "np2_manteo": 61, "np2_cabeceo": 91, "lat_centroide": -30.8, "lon_centroide": -71.99}}, {"type": "Feature", "geometry": {"type": "Point", "coordinates": [-72.04, -33.83]}, "properties": {"fecha": "2011/03/28", "hora": "23:57:47.5", "mw": 5.05, "mb": 5.1, "ms": 4.7, "prof_centroide_km": 32.8, "prof_hipocentro_km": 11.9, "lat_hipocentro": -33.83, "lon_hipocentro": -72.04, "banda_prof": "5-30", "region": "OFF COAST OF CENTRAL CHI", "beachball": "beachballs/bb_0491.png", "np1_rumbo": 2, "np1_manteo": 33, "np1_cabeceo": 96, "np2_rumbo": 175, "np2_manteo": 57, "np2_cabeceo": 86, "lat_centroide": -33.69, "lon_centroide": -72.36}}, {"type": "Feature", "geometry": {"type": "Point", "coordinates": [-68.08, -31.77]}, "properties": {"fecha": "2012/01/18", "hora": "11:35:50.5", "mw": 5.05, "mb": 5.0, "ms": 5.3, "prof_centroide_km": 13.7, "prof_hipocentro_km": 10.0, "lat_hipocentro": -31.77, "lon_hipocentro": -68.08, "banda_prof": "5-30", "region": "SAN JUAN PROVINCE, ARGEN", "beachball": "beachballs/bb_0492.png", "np1_rumbo": 215, "np1_manteo": 42, "np1_cabeceo": 130, "np2_rumbo": 346, "np2_manteo": 59, "np2_cabeceo": 60, "lat_centroide": -31.81, "lon_centroide": -68.24}}, {"type": "Feature", "geometry": {"type": "Point", "coordinates": [-72.14, -33.54]}, "properties": {"fecha": "2014/05/30", "hora": "22:06:19.4", "mw": 5.05, "mb": 0.0, "ms": 4.8, "prof_centroide_km": 31.2, "prof_hipocentro_km": 19.1, "lat_hipocentro": -33.54, "lon_hipocentro": -72.14, "banda_prof": "5-30", "region": "OFF COAST OF CENTRAL CHI", "beachball": "beachballs/bb_0493.png", "np1_rumbo": 359, "np1_manteo": 30, "np1_cabeceo": 84, "np2_rumbo": 186, "np2_manteo": 60, "np2_cabeceo": 93, "lat_centroide": -33.47, "lon_centroide": -72.42}}, {"type": "Feature", "geometry": {"type": "Point", "coordinates": [-70.87, -20.15]}, "properties": {"fecha": "2014/07/18", "hora": "05:24:10.4", "mw": 5.05, "mb": 0.0, "ms": 5.0, "prof_centroide_km": 22.4, "prof_hipocentro_km": 14.8, "lat_hipocentro": -20.15, "lon_hipocentro": -70.87, "banda_prof": "5-30", "region": "NEAR COAST OF NORTHERN C", "beachball": "beachballs/bb_0494.png", "np1_rumbo": 349, "np1_manteo": 30, "np1_cabeceo": 92, "np2_rumbo": 167, "np2_manteo": 60, "np2_cabeceo": 89, "lat_centroide": -20.14, "lon_centroide": -71.14}}, {"type": "Feature", "geometry": {"type": "Point", "coordinates": [-71.67, -31.07]}, "properties": {"fecha": "2016/02/05", "hora": "05:28:08.1", "mw": 5.05, "mb": 0.0, "ms": 5.1, "prof_centroide_km": 35.0, "prof_hipocentro_km": 23.7, "lat_hipocentro": -31.07, "lon_hipocentro": -71.67, "banda_prof": "5-30", "region": "NEAR COAST OF CENTRAL CH", "beachball": "beachballs/bb_0495.png", "np1_rumbo": 1, "np1_manteo": 33, "np1_cabeceo": 90, "np2_rumbo": 181, "np2_manteo": 57, "np2_cabeceo": 90, "lat_centroide": -31.0, "lon_centroide": -72.08}}, {"type": "Feature", "geometry": {"type": "Point", "coordinates": [-71.59, -30.59]}, "properties": {"fecha": "2016/02/19", "hora": "05:33:08.4", "mw": 5.05, "mb": 0.0, "ms": 4.9, "prof_centroide_km": 35.6, "prof_hipocentro_km": 23.6, "lat_hipocentro": -30.59, "lon_hipocentro": -71.59, "banda_prof": "5-30", "region": "NEAR COAST OF CENTRAL CH", "beachball": "beachballs/bb_0496.png", "np1_rumbo": 358, "np1_manteo": 31, "np1_cabeceo": 89, "np2_rumbo": 179, "np2_manteo": 59, "np2_cabeceo": 91, "lat_centroide": -30.62, "lon_centroide": -71.81}}, {"type": "Feature", "geometry": {"type": "Point", "coordinates": [-71.81, -29.77]}, "properties": {"fecha": "2019/02/25", "hora": "15:28:42.1", "mw": 5.05, "mb": 0.0, "ms": 5.3, "prof_centroide_km": 48.0, "prof_hipocentro_km": 10.0, "lat_hipocentro": -29.77, "lon_hipocentro": -71.81, "banda_prof": "5-30", "region": "NEAR COAST OF CENTRAL CH", "beachball": "beachballs/bb_0497.png", "np1_rumbo": 359, "np1_manteo": 47, "np1_cabeceo": 45, "np2_rumbo": 235, "np2_manteo": 58, "np2_cabeceo": 127, "lat_centroide": -29.7, "lon_centroide": -71.78}}, {"type": "Feature", "geometry": {"type": "Point", "coordinates": [-71.98, -32.43]}, "properties": {"fecha": "2006/05/18", "hora": "18:26:20.1", "mw": 5.04, "mb": 4.8, "ms": 4.9, "prof_centroide_km": 23.5, "prof_hipocentro_km": 10.0, "lat_hipocentro": -32.43, "lon_hipocentro": -71.98, "banda_prof": "5-30", "region": "NEAR COAST OF CENTRAL CH", "beachball": "beachballs/bb_0498.png", "np1_rumbo": 11, "np1_manteo": 24, "np1_cabeceo": 109, "np2_rumbo": 170, "np2_manteo": 68, "np2_cabeceo": 82, "lat_centroide": -32.34, "lon_centroide": -72.14}}, {"type": "Feature", "geometry": {"type": "Point", "coordinates": [-75.08, -40.32]}, "properties": {"fecha": "2008/02/29", "hora": "22:51:34.5", "mw": 5.04, "mb": 5.1, "ms": 0.0, "prof_centroide_km": 19.5, "prof_hipocentro_km": 10.0, "lat_hipocentro": -40.32, "lon_hipocentro": -75.08, "banda_prof": "5-30", "region": "OFF COAST OF SOUTHERN CH", "beachball": "beachballs/bb_0499.png", "np1_rumbo": 212, "np1_manteo": 46, "np1_cabeceo": -107, "np2_rumbo": 56, "np2_manteo": 47, "np2_cabeceo": -73, "lat_centroide": -40.56, "lon_centroide": -75.49}}, {"type": "Feature", "geometry": {"type": "Point", "coordinates": [-72.25, -42.78]}, "properties": {"fecha": "2008/05/03", "hora": "02:36:12.8", "mw": 5.04, "mb": 5.0, "ms": 4.5, "prof_centroide_km": 12.0, "prof_hipocentro_km": 10.0, "lat_hipocentro": -42.78, "lon_hipocentro": -72.25, "banda_prof": "5-30", "region": "SOUTHERN CHILE", "beachball": "beachballs/bb_0500.png", "np1_rumbo": 280, "np1_manteo": 52, "np1_cabeceo": -31, "np2_rumbo": 31, "np2_manteo": 66, "np2_cabeceo": -137, "lat_centroide": -42.82, "lon_centroide": -72.56}}, {"type": "Feature", "geometry": {"type": "Point", "coordinates": [-70.91, -19.94]}, "properties": {"fecha": "2014/03/17", "hora": "11:12:14.3", "mw": 5.04, "mb": 0.0, "ms": 4.9, "prof_centroide_km": 20.7, "prof_hipocentro_km": 12.6, "lat_hipocentro": -19.94, "lon_hipocentro": -70.91, "banda_prof": "5-30", "region": "NEAR COAST OF NORTHERN C", "beachball": "beachballs/bb_0501.png", "np1_rumbo": 348, "np1_manteo": 25, "np1_cabeceo": 89, "np2_rumbo": 169, "np2_manteo": 65, "np2_cabeceo": 90, "lat_centroide": -19.92, "lon_centroide": -71.03}}, {"type": "Feature", "geometry": {"type": "Point", "coordinates": [-70.39, -20.58]}, "properties": {"fecha": "2019/08/28", "hora": "15:53:02.0", "mw": 5.04, "mb": 0.0, "ms": 4.9, "prof_centroide_km": 35.2, "prof_hipocentro_km": 29.8, "lat_hipocentro": -20.58, "lon_hipocentro": -70.39, "banda_prof": "5-30", "region": "NEAR COAST OF NORTHERN C", "beachball": "beachballs/bb_0502.png", "np1_rumbo": 356, "np1_manteo": 21, "np1_cabeceo": 100, "np2_rumbo": 165, "np2_manteo": 69, "np2_cabeceo": 86, "lat_centroide": -20.49, "lon_centroide": -70.56}}, {"type": "Feature", "geometry": {"type": "Point", "coordinates": [-69.83, -17.52]}, "properties": {"fecha": "2020/07/26", "hora": "11:28:49.2", "mw": 5.04, "mb": 0.0, "ms": 4.8, "prof_centroide_km": 17.4, "prof_hipocentro_km": 16.8, "lat_hipocentro": -17.52, "lon_hipocentro": -69.83, "banda_prof": "5-30", "region": "PERU-BOLIVIA BORDER REGI", "beachball": "beachballs/bb_0503.png", "np1_rumbo": 21, "np1_manteo": 46, "np1_cabeceo": -37, "np2_rumbo": 138, "np2_manteo": 64, "np2_cabeceo": -130, "lat_centroide": -17.67, "lon_centroide": -69.92}}, {"type": "Feature", "geometry": {"type": "Point", "coordinates": [-67.56, -31.73]}, "properties": {"fecha": "2016/02/26", "hora": "08:52:48.3", "mw": 5.03, "mb": 0.0, "ms": 4.9, "prof_centroide_km": 35.0, "prof_hipocentro_km": 25.6, "lat_hipocentro": -31.73, "lon_hipocentro": -67.56, "banda_prof": "5-30", "region": "SAN JUAN PROVINCE, ARGEN", "beachball": "beachballs/bb_0504.png", "np1_rumbo": 231, "np1_manteo": 44, "np1_cabeceo": 151, "np2_rumbo": 343, "np2_manteo": 70, "np2_cabeceo": 50, "lat_centroide": -31.75, "lon_centroide": -67.54}}, {"type": "Feature", "geometry": {"type": "Point", "coordinates": [-70.59, -19.73]}, "properties": {"fecha": "2006/07/18", "hora": "00:31:21.0", "mw": 5.02, "mb": 4.7, "ms": 0.0, "prof_centroide_km": 34.6, "prof_hipocentro_km": 7.1, "lat_hipocentro": -19.73, "lon_hipocentro": -70.59, "banda_prof": "5-30", "region": "NEAR COAST OF NORTHERN C", "beachball": "beachballs/bb_0505.png", "np1_rumbo": 342, "np1_manteo": 29, "np1_cabeceo": 89, "np2_rumbo": 163, "np2_manteo": 61, "np2_cabeceo": 90, "lat_centroide": -19.68, "lon_centroide": -71.2}}, {"type": "Feature", "geometry": {"type": "Point", "coordinates": [-73.36, -36.44]}, "properties": {"fecha": "2010/11/10", "hora": "01:23:31.0", "mw": 5.02, "mb": 5.1, "ms": 4.7, "prof_centroide_km": 28.8, "prof_hipocentro_km": 7.0, "lat_hipocentro": -36.44, "lon_hipocentro": -73.36, "banda_prof": "5-30", "region": "NEAR COAST OF CENTRAL CH", "beachball": "beachballs/bb_0506.png", "np1_rumbo": 359, "np1_manteo": 33, "np1_cabeceo": 88, "np2_rumbo": 181, "np2_manteo": 57, "np2_cabeceo": 91, "lat_centroide": -36.52, "lon_centroide": -73.55}}, {"type": "Feature", "geometry": {"type": "Point", "coordinates": [-71.89, -40.51]}, "properties": {"fecha": "2011/06/04", "hora": "16:28:47.9", "mw": 5.02, "mb": 4.8, "ms": 0.0, "prof_centroide_km": 21.2, "prof_hipocentro_km": 10.1, "lat_hipocentro": -40.51, "lon_hipocentro": -71.89, "banda_prof": "5-30", "region": "S. CHILE-ARGENTINA BORDE", "beachball": "beachballs/bb_0507.png", "np1_rumbo": 162, "np1_manteo": 64, "np1_cabeceo": -165, "np2_rumbo": 65, "np2_manteo": 77, "np2_cabeceo": -27, "lat_centroide": -40.59, "lon_centroide": -72.22}}, {"type": "Feature", "geometry": {"type": "Point", "coordinates": [-70.68, -20.2]}, "properties": {"fecha": "2011/07/23", "hora": "22:45:21.0", "mw": 5.02, "mb": 5.0, "ms": 5.1, "prof_centroide_km": 28.1, "prof_hipocentro_km": 17.0, "lat_hipocentro": -20.2, "lon_hipocentro": -70.68, "banda_prof": "5-30", "region": "NEAR COAST OF NORTHERN C", "beachball": "beachballs/bb_0508.png", "np1_rumbo": 351, "np1_manteo": 27, "np1_cabeceo": 90, "np2_rumbo": 171, "np2_manteo": 63, "np2_cabeceo": 90, "lat_centroide": -20.12, "lon_centroide": -70.94}}, {"type": "Feature", "geometry": {"type": "Point", "coordinates": [-71.03, -19.93]}, "properties": {"fecha": "2014/04/09", "hora": "04:32:55.4", "mw": 5.02, "mb": 0.0, "ms": 4.9, "prof_centroide_km": 19.6, "prof_hipocentro_km": 9.0, "lat_hipocentro": -19.93, "lon_hipocentro": -71.03, "banda_prof": "5-30", "region": "OFF COAST OF NORTHERN CH", "beachball": "beachballs/bb_0509.png", "np1_rumbo": 340, "np1_manteo": 27, "np1_cabeceo": 79, "np2_rumbo": 172, "np2_manteo": 64, "np2_cabeceo": 96, "lat_centroide": -19.76, "lon_centroide": -71.31}}, {"type": "Feature", "geometry": {"type": "Point", "coordinates": [-73.82, -36.02]}, "properties": {"fecha": "2015/03/19", "hora": "08:34:17.0", "mw": 5.02, "mb": 0.0, "ms": 5.2, "prof_centroide_km": 14.2, "prof_hipocentro_km": 3.9, "lat_hipocentro": -36.02, "lon_hipocentro": -73.82, "banda_prof": "0-5", "region": "NEAR COAST OF CENTRAL CH", "beachball": "beachballs/bb_0510.png", "np1_rumbo": 359, "np1_manteo": 25, "np1_cabeceo": 83, "np2_rumbo": 187, "np2_manteo": 65, "np2_cabeceo": 93, "lat_centroide": -36.17, "lon_centroide": -74.01}}, {"type": "Feature", "geometry": {"type": "Point", "coordinates": [-70.91, -19.94]}, "properties": {"fecha": "2015/05/31", "hora": "16:08:27.7", "mw": 5.02, "mb": 0.0, "ms": 5.0, "prof_centroide_km": 28.2, "prof_hipocentro_km": 20.0, "lat_hipocentro": -19.94, "lon_hipocentro": -70.91, "banda_prof": "5-30", "region": "NEAR COAST OF NORTHERN C", "beachball": "beachballs/bb_0511.png", "np1_rumbo": 345, "np1_manteo": 27, "np1_cabeceo": 83, "np2_rumbo": 173, "np2_manteo": 64, "np2_cabeceo": 93, "lat_centroide": -19.85, "lon_centroide": -71.18}}, {"type": "Feature", "geometry": {"type": "Point", "coordinates": [-70.63, -20.19]}, "properties": {"fecha": "2020/06/27", "hora": "07:52:45.3", "mw": 5.02, "mb": 0.0, "ms": 4.9, "prof_centroide_km": 30.5, "prof_hipocentro_km": 18.1, "lat_hipocentro": -20.19, "lon_hipocentro": -70.63, "banda_prof": "5-30", "region": "NEAR COAST OF NORTHERN C", "beachball": "beachballs/bb_0512.png", "np1_rumbo": 356, "np1_manteo": 27, "np1_cabeceo": 96, "np2_rumbo": 169, "np2_manteo": 63, "np2_cabeceo": 87, "lat_centroide": -20.19, "lon_centroide": -70.85}}, {"type": "Feature", "geometry": {"type": "Point", "coordinates": [-66.5, -27.21]}, "properties": {"fecha": "2001/06/13", "hora": "04:10:46.3", "mw": 5.01, "mb": 5.2, "ms": 4.8, "prof_centroide_km": 38.1, "prof_hipocentro_km": 16.9, "lat_hipocentro": -27.21, "lon_hipocentro": -66.5, "banda_prof": "5-30", "region": "CATAMARCA PROVINCE, ARGE", "beachball": "beachballs/bb_0513.png", "np1_rumbo": 209, "np1_manteo": 30, "np1_cabeceo": 70, "np2_rumbo": 52, "np2_manteo": 62, "np2_cabeceo": 101, "lat_centroide": -27.69, "lon_centroide": -66.9}}, {"type": "Feature", "geometry": {"type": "Point", "coordinates": [-71.52, -28.99]}, "properties": {"fecha": "2005/12/31", "hora": "12:14:02.2", "mw": 5.01, "mb": 5.1, "ms": 0.0, "prof_centroide_km": 24.7, "prof_hipocentro_km": 25.0, "lat_hipocentro": -28.99, "lon_hipocentro": -71.52, "banda_prof": "5-30", "region": "NEAR COAST OF CENTRAL CH", "beachball": "beachballs/bb_0514.png", "np1_rumbo": 311, "np1_manteo": 18, "np1_cabeceo": 5, "np2_rumbo": 217, "np2_manteo": 88, "np2_cabeceo": 108, "lat_centroide": -29.21, "lon_centroide": -71.79}}, {"type": "Feature", "geometry": {"type": "Point", "coordinates": [-71.64, -21.61]}, "properties": {"fecha": "2011/12/03", "hora": "10:29:40.3", "mw": 5.01, "mb": 5.1, "ms": 4.9, "prof_centroide_km": 31.1, "prof_hipocentro_km": 10.0, "lat_hipocentro": -21.61, "lon_hipocentro": -71.64, "banda_prof": "5-30", "region": "OFF COAST OF NORTHERN CH", "beachball": "beachballs/bb_0515.png", "np1_rumbo": 3, "np1_manteo": 44, "np1_cabeceo": -126, "np2_rumbo": 229, "np2_manteo": 55, "np2_cabeceo": -60, "lat_centroide": -21.48, "lon_centroide": -71.75}}, {"type": "Feature", "geometry": {"type": "Point", "coordinates": [-70.86, -20.21]}, "properties": {"fecha": "2014/04/15", "hora": "17:12:18.8", "mw": 5.01, "mb": 0.0, "ms": 4.7, "prof_centroide_km": 28.9, "prof_hipocentro_km": 11.4, "lat_hipocentro": -20.21, "lon_hipocentro": -70.86, "banda_prof": "5-30", "region": "NEAR COAST OF NORTHERN C", "beachball": "beachballs/bb_0516.png", "np1_rumbo": 338, "np1_manteo": 30, "np1_cabeceo": 84, "np2_rumbo": 164, "np2_manteo": 60, "np2_cabeceo": 93, "lat_centroide": -20.2, "lon_centroide": -71.14}}, {"type": "Feature", "geometry": {"type": "Point", "coordinates": [-71.55, -27.27]}, "properties": {"fecha": "2015/03/01", "hora": "15:48:18.5", "mw": 5.01, "mb": 0.0, "ms": 4.9, "prof_centroide_km": 36.5, "prof_hipocentro_km": 11.1, "lat_hipocentro": -27.27, "lon_hipocentro": -71.55, "banda_prof": "5-30", "region": "NEAR COAST OF NORTHERN C", "beachball": "beachballs/bb_0517.png", "np1_rumbo": 7, "np1_manteo": 26, "np1_cabeceo": 102, "np2_rumbo": 173, "np2_manteo": 64, "np2_cabeceo": 84, "lat_centroide": -27.42, "lon_centroide": -71.75}}, {"type": "Feature", "geometry": {"type": "Point", "coordinates": [-70.84, -20.02]}, "properties": {"fecha": "2015/09/15", "hora": "22:03:33.9", "mw": 5.01, "mb": 0.0, "ms": 4.9, "prof_centroide_km": 27.0, "prof_hipocentro_km": 14.4, "lat_hipocentro": -20.02, "lon_hipocentro": -70.84, "banda_prof": "5-30", "region": "NEAR COAST OF NORTHERN C", "beachball": "beachballs/bb_0518.png", "np1_rumbo": 340, "np1_manteo": 26, "np1_cabeceo": 81, "np2_rumbo": 170, "np2_manteo": 64, "np2_cabeceo": 94, "lat_centroide": -19.9, "lon_centroide": -71.17}}, {"type": "Feature", "geometry": {"type": "Point", "coordinates": [-72.83, -31.0]}, "properties": {"fecha": "2015/10/02", "hora": "16:33:27.3", "mw": 5.01, "mb": 0.0, "ms": 4.9, "prof_centroide_km": 20.4, "prof_hipocentro_km": 10.0, "lat_hipocentro": -31.0, "lon_hipocentro": -72.83, "banda_prof": "5-30", "region": "OFF COAST OF CENTRAL CHI", "beachball": "beachballs/bb_0519.png", "np1_rumbo": 216, "np1_manteo": 52, "np1_cabeceo": -50, "np2_rumbo": 343, "np2_manteo": 53, "np2_cabeceo": -129, "lat_centroide": -31.08, "lon_centroide": -72.93}}, {"type": "Feature", "geometry": {"type": "Point", "coordinates": [-68.06, -30.97]}, "properties": {"fecha": "2016/12/12", "hora": "02:56:59.0", "mw": 5.01, "mb": 0.0, "ms": 5.0, "prof_centroide_km": 21.7, "prof_hipocentro_km": 10.0, "lat_hipocentro": -30.97, "lon_hipocentro": -68.06, "banda_prof": "5-30", "region": "SAN JUAN PROVINCE, ARGEN", "beachball": "beachballs/bb_0520.png", "np1_rumbo": 8, "np1_manteo": 51, "np1_cabeceo": 132, "np2_rumbo": 134, "np2_manteo": 55, "np2_cabeceo": 51, "lat_centroide": -31.31, "lon_centroide": -68.11}}, {"type": "Feature", "geometry": {"type": "Point", "coordinates": [-67.45, -30.21]}, "properties": {"fecha": "2018/11/02", "hora": "08:20:22.9", "mw": 5.01, "mb": 0.0, "ms": 4.7, "prof_centroide_km": 36.5, "prof_hipocentro_km": 27.5, "lat_hipocentro": -30.21, "lon_hipocentro": -67.45, "banda_prof": "5-30", "region": "SAN JUAN PROVINCE, ARGEN", "beachball": "beachballs/bb_0521.png", "np1_rumbo": 99, "np1_manteo": 49, "np1_cabeceo": 47, "np2_rumbo": 334, "np2_manteo": 57, "np2_cabeceo": 128, "lat_centroide": -30.18, "lon_centroide": -67.6}}, {"type": "Feature", "geometry": {"type": "Point", "coordinates": [-71.16, -18.63]}, "properties": {"fecha": "2019/10/04", "hora": "04:02:26.3", "mw": 5.01, "mb": 0.0, "ms": 4.8, "prof_centroide_km": 39.3, "prof_hipocentro_km": 18.4, "lat_hipocentro": -18.63, "lon_hipocentro": -71.16, "banda_prof": "5-30", "region": "OFF COAST OF NORTHERN CH", "beachball": "beachballs/bb_0522.png", "np1_rumbo": 337, "np1_manteo": 31, "np1_cabeceo": 78, "np2_rumbo": 171, "np2_manteo": 59, "np2_cabeceo": 97, "lat_centroide": -18.81, "lon_centroide": -71.41}}, {"type": "Feature", "geometry": {"type": "Point", "coordinates": [-71.89, -30.6]}, "properties": {"fecha": "2020/03/24", "hora": "06:52:18.0", "mw": 5.01, "mb": 0.0, "ms": 4.7, "prof_centroide_km": 35.7, "prof_hipocentro_km": 26.9, "lat_hipocentro": -30.6, "lon_hipocentro": -71.89, "banda_prof": "5-30", "region": "NEAR COAST OF CENTRAL CH", "beachball": "beachballs/bb_0523.png", "np1_rumbo": 6, "np1_manteo": 35, "np1_cabeceo": 99, "np2_rumbo": 176, "np2_manteo": 56, "np2_cabeceo": 84, "lat_centroide": -30.5, "lon_centroide": -71.89}}, {"type": "Feature", "geometry": {"type": "Point", "coordinates": [-71.11, -26.14]}, "properties": {"fecha": "2020/10/13", "hora": "17:16:15.8", "mw": 5.01, "mb": 0.0, "ms": 4.9, "prof_centroide_km": 26.1, "prof_hipocentro_km": 10.0, "lat_hipocentro": -26.14, "lon_hipocentro": -71.11, "banda_prof": "5-30", "region": "OFF COAST OF NORTHERN CH", "beachball": "beachballs/bb_0524.png", "np1_rumbo": 328, "np1_manteo": 18, "np1_cabeceo": 63, "np2_rumbo": 176, "np2_manteo": 74, "np2_cabeceo": 99, "lat_centroide": -26.25, "lon_centroide": -71.19}}, {"type": "Feature", "geometry": {"type": "Point", "coordinates": [-71.9, -31.58]}, "properties": {"fecha": "2007/03/29", "hora": "18:31:58.2", "mw": 5.0, "mb": 4.9, "ms": 5.1, "prof_centroide_km": 32.0, "prof_hipocentro_km": 29.1, "lat_hipocentro": -31.58, "lon_hipocentro": -71.9, "banda_prof": "5-30", "region": "NEAR COAST OF CENTRAL CH", "beachball": "beachballs/bb_0525.png", "np1_rumbo": 347, "np1_manteo": 31, "np1_cabeceo": 85, "np2_rumbo": 172, "np2_manteo": 59, "np2_cabeceo": 93, "lat_centroide": -31.72, "lon_centroide": -72.23}}, {"type": "Feature", "geometry": {"type": "Point", "coordinates": [-70.47, -20.09]}, "properties": {"fecha": "2011/07/24", "hora": "01:54:21.2", "mw": 5.0, "mb": 5.0, "ms": 0.0, "prof_centroide_km": 23.4, "prof_hipocentro_km": 22.0, "lat_hipocentro": -20.09, "lon_hipocentro": -70.47, "banda_prof": "5-30", "region": "NEAR COAST OF NORTHERN C", "beachball": "beachballs/bb_0526.png", "np1_rumbo": 344, "np1_manteo": 27, "np1_cabeceo": 90, "np2_rumbo": 163, "np2_manteo": 63, "np2_cabeceo": 90, "lat_centroide": -20.22, "lon_centroide": -70.95}}, {"type": "Feature", "geometry": {"type": "Point", "coordinates": [-72.32, -34.16]}, "properties": {"fecha": "2011/09/10", "hora": "03:17:05.0", "mw": 5.0, "mb": 5.0, "ms": 5.1, "prof_centroide_km": 28.6, "prof_hipocentro_km": 23.2, "lat_hipocentro": -34.16, "lon_hipocentro": -72.32, "banda_prof": "5-30", "region": "NEAR COAST OF CENTRAL CH", "beachball": "beachballs/bb_0527.png", "np1_rumbo": 27, "np1_manteo": 25, "np1_cabeceo": 112, "np2_rumbo": 184, "np2_manteo": 67, "np2_cabeceo": 80, "lat_centroide": -34.1, "lon_centroide": -72.47}}, {"type": "Feature", "geometry": {"type": "Point", "coordinates": [-68.5, -33.01]}, "properties": {"fecha": "2012/06/18", "hora": "08:29:04.4", "mw": 5.0, "mb": 5.3, "ms": 5.0, "prof_centroide_km": 28.9, "prof_hipocentro_km": 22.8, "lat_hipocentro": -33.01, "lon_hipocentro": -68.5, "banda_prof": "5-30", "region": "MENDOZA PROVINCE, ARGENT", "beachball": "beachballs/bb_0528.png", "np1_rumbo": 166, "np1_manteo": 25, "np1_cabeceo": 82, "np2_rumbo": 355, "np2_manteo": 65, "np2_cabeceo": 94, "lat_centroide": -33.01, "lon_centroide": -68.6}}, {"type": "Feature", "geometry": {"type": "Point", "coordinates": [-75.1, -37.81]}, "properties": {"fecha": "2013/10/21", "hora": "18:17:22.0", "mw": 5.0, "mb": 0.0, "ms": 5.0, "prof_centroide_km": 13.3, "prof_hipocentro_km": 25.1, "lat_hipocentro": -37.81, "lon_hipocentro": -75.1, "banda_prof": "5-30", "region": "OFF COAST OF CENTRAL CHI", "beachball": "beachballs/bb_0529.png", "np1_rumbo": 201, "np1_manteo": 38, "np1_cabeceo": -61, "np2_rumbo": 346, "np2_manteo": 57, "np2_cabeceo": -111, "lat_centroide": -38.04, "lon_centroide": -75.48}}, {"type": "Feature", "geometry": {"type": "Point", "coordinates": [-72.3, -34.01]}, "properties": {"fecha": "2014/10/25", "hora": "17:05:17.1", "mw": 5.0, "mb": 0.0, "ms": 4.7, "prof_centroide_km": 30.4, "prof_hipocentro_km": 18.3, "lat_hipocentro": -34.01, "lon_hipocentro": -72.3, "banda_prof": "5-30", "region": "NEAR COAST OF CENTRAL CH", "beachball": "beachballs/bb_0530.png", "np1_rumbo": 29, "np1_manteo": 27, "np1_cabeceo": 112, "np2_rumbo": 184, "np2_manteo": 65, "np2_cabeceo": 79, "lat_centroide": -33.89, "lon_centroide": -72.58}}, {"type": "Feature", "geometry": {"type": "Point", "coordinates": [-70.88, -19.95]}, "properties": {"fecha": "2015/09/16", "hora": "18:56:09.8", "mw": 5.0, "mb": 0.0, "ms": 4.9, "prof_centroide_km": 24.2, "prof_hipocentro_km": 9.0, "lat_hipocentro": -19.95, "lon_hipocentro": -70.88, "banda_prof": "5-30", "region": "NEAR COAST OF NORTHERN C", "beachball": "beachballs/bb_0531.png", "np1_rumbo": 344, "np1_manteo": 34, "np1_cabeceo": 80, "np2_rumbo": 176, "np2_manteo": 56, "np2_cabeceo": 97, "lat_centroide": -19.8, "lon_centroide": -71.12}}, {"type": "Feature", "geometry": {"type": "Point", "coordinates": [-72.09, -30.59]}, "properties": {"fecha": "2015/09/25", "hora": "20:30:58.2", "mw": 5.0, "mb": 0.0, "ms": 4.7, "prof_centroide_km": 28.5, "prof_hipocentro_km": 11.1, "lat_hipocentro": -30.59, "lon_hipocentro": -72.09, "banda_prof": "5-30", "region": "OFF COAST OF CENTRAL CHI", "beachball": "beachballs/bb_0532.png", "np1_rumbo": 344, "np1_manteo": 30, "np1_cabeceo": 75, "np2_rumbo": 181, "np2_manteo": 62, "np2_cabeceo": 98, "lat_centroide": -30.58, "lon_centroide": -72.27}}, {"type": "Feature", "geometry": {"type": "Point", "coordinates": [-72.05, -29.62]}, "properties": {"fecha": "2016/10/01", "hora": "10:25:57.3", "mw": 5.0, "mb": 0.0, "ms": 4.8, "prof_centroide_km": 30.0, "prof_hipocentro_km": 10.0, "lat_hipocentro": -29.62, "lon_hipocentro": -72.05, "banda_prof": "5-30", "region": "OFF COAST OF CENTRAL CHI", "beachball": "beachballs/bb_0533.png", "np1_rumbo": 349, "np1_manteo": 36, "np1_cabeceo": 86, "np2_rumbo": 173, "np2_manteo": 54, "np2_cabeceo": 93, "lat_centroide": -29.79, "lon_centroide": -72.29}}, {"type": "Feature", "geometry": {"type": "Point", "coordinates": [-73.98, -37.45]}, "properties": {"fecha": "2018/01/26", "hora": "13:27:06.8", "mw": 5.0, "mb": 0.0, "ms": 5.0, "prof_centroide_km": 22.7, "prof_hipocentro_km": 10.0, "lat_hipocentro": -37.45, "lon_hipocentro": -73.98, "banda_prof": "5-30", "region": "NEAR COAST OF CENTRAL CH", "beachball": "beachballs/bb_0534.png", "np1_rumbo": 7, "np1_manteo": 28, "np1_cabeceo": 94, "np2_rumbo": 182, "np2_manteo": 62, "np2_cabeceo": 88, "lat_centroide": -37.63, "lon_centroide": -74.27}}, {"type": "Feature", "geometry": {"type": "Point", "coordinates": [-71.76, -32.74]}, "properties": {"fecha": "2009/10/28", "hora": "06:20:02.8", "mw": 4.99, "mb": 5.2, "ms": 0.0, "prof_centroide_km": 19.0, "prof_hipocentro_km": 10.0, "lat_hipocentro": -32.74, "lon_hipocentro": -71.76, "banda_prof": "5-30", "region": "NEAR COAST OF CENTRAL CH", "beachball": "beachballs/bb_0535.png", "np1_rumbo": 164, "np1_manteo": 43, "np1_cabeceo": 86, "np2_rumbo": 349, "np2_manteo": 47, "np2_cabeceo": 94, "lat_centroide": -32.84, "lon_centroide": -72.05}}, {"type": "Feature", "geometry": {"type": "Point", "coordinates": [-72.27, -33.38]}, "properties": {"fecha": "2013/11/29", "hora": "05:21:29.4", "mw": 4.99, "mb": 0.0, "ms": 4.9, "prof_centroide_km": 24.1, "prof_hipocentro_km": 8.1, "lat_hipocentro": -33.38, "lon_hipocentro": -72.27, "banda_prof": "5-30", "region": "OFF COAST OF CENTRAL CHI", "beachball": "beachballs/bb_0536.png", "np1_rumbo": 16, "np1_manteo": 28, "np1_cabeceo": 91, "np2_rumbo": 195, "np2_manteo": 62, "np2_cabeceo": 90, "lat_centroide": -33.33, "lon_centroide": -72.44}}, {"type": "Feature", "geometry": {"type": "Point", "coordinates": [-70.93, -19.93]}, "properties": {"fecha": "2014/04/04", "hora": "15:20:59.4", "mw": 4.99, "mb": 0.0, "ms": 4.8, "prof_centroide_km": 32.0, "prof_hipocentro_km": 10.0, "lat_hipocentro": -19.93, "lon_hipocentro": -70.93, "banda_prof": "5-30", "region": "NEAR COAST OF NORTHERN C", "beachball": "beachballs/bb_0537.png", "np1_rumbo": 338, "np1_manteo": 31, "np1_cabeceo": 85, "np2_rumbo": 164, "np2_manteo": 59, "np2_cabeceo": 93, "lat_centroide": -19.88, "lon_centroide": -71.23}}, {"type": "Feature", "geometry": {"type": "Point", "coordinates": [-70.81, -20.19]}, "properties": {"fecha": "2015/05/23", "hora": "13:09:46.0", "mw": 4.99, "mb": 0.0, "ms": 4.8, "prof_centroide_km": 31.4, "prof_hipocentro_km": 27.4, "lat_hipocentro": -20.19, "lon_hipocentro": -70.81, "banda_prof": "5-30", "region": "NEAR COAST OF NORTHERN C", "beachball": "beachballs/bb_0538.png", "np1_rumbo": 360, "np1_manteo": 27, "np1_cabeceo": 98, "np2_rumbo": 170, "np2_manteo": 63, "np2_cabeceo": 86, "lat_centroide": -20.2, "lon_centroide": -71.15}}, {"type": "Feature", "geometry": {"type": "Point", "coordinates": [-72.19, -30.15]}, "properties": {"fecha": "2017/01/08", "hora": "00:33:48.3", "mw": 4.99, "mb": 0.0, "ms": 4.8, "prof_centroide_km": 20.6, "prof_hipocentro_km": 10.0, "lat_hipocentro": -30.15, "lon_hipocentro": -72.19, "banda_prof": "5-30", "region": "OFF COAST OF CENTRAL CHI", "beachball": "beachballs/bb_0539.png", "np1_rumbo": 339, "np1_manteo": 25, "np1_cabeceo": 73, "np2_rumbo": 178, "np2_manteo": 66, "np2_cabeceo": 98, "lat_centroide": -30.23, "lon_centroide": -72.42}}, {"type": "Feature", "geometry": {"type": "Point", "coordinates": [-71.53, -28.01]}, "properties": {"fecha": "2019/02/19", "hora": "05:09:43.0", "mw": 4.99, "mb": 0.0, "ms": 4.8, "prof_centroide_km": 32.2, "prof_hipocentro_km": 21.5, "lat_hipocentro": -28.01, "lon_hipocentro": -71.53, "banda_prof": "5-30", "region": "NEAR COAST OF CENTRAL CH", "beachball": "beachballs/bb_0540.png", "np1_rumbo": 328, "np1_manteo": 41, "np1_cabeceo": 72, "np2_rumbo": 172, "np2_manteo": 51, "np2_cabeceo": 105, "lat_centroide": -28.18, "lon_centroide": -71.53}}, {"type": "Feature", "geometry": {"type": "Point", "coordinates": [-70.87, -20.15]}, "properties": {"fecha": "2014/04/16", "hora": "03:14:09.8", "mw": 4.98, "mb": 0.0, "ms": 4.9, "prof_centroide_km": 14.2, "prof_hipocentro_km": 11.0, "lat_hipocentro": -20.15, "lon_hipocentro": -70.87, "banda_prof": "5-30", "region": "NEAR COAST OF NORTHERN C", "beachball": "beachballs/bb_0541.png", "np1_rumbo": 300, "np1_manteo": 45, "np1_cabeceo": 121, "np2_rumbo": 79, "np2_manteo": 52, "np2_cabeceo": 62, "lat_centroide": -20.18, "lon_centroide": -70.84}}, {"type": "Feature", "geometry": {"type": "Point", "coordinates": [-73.63, -36.85]}, "properties": {"fecha": "2015/01/27", "hora": "05:27:46.0", "mw": 4.98, "mb": 0.0, "ms": 4.7, "prof_centroide_km": 28.8, "prof_hipocentro_km": 10.9, "lat_hipocentro": -36.85, "lon_hipocentro": -73.63, "banda_prof": "5-30", "region": "NEAR COAST OF CENTRAL CH", "beachball": "beachballs/bb_0542.png", "np1_rumbo": 10, "np1_manteo": 21, "np1_cabeceo": 90, "np2_rumbo": 190, "np2_manteo": 69, "np2_cabeceo": 90, "lat_centroide": -36.84, "lon_centroide": -73.83}}, {"type": "Feature", "geometry": {"type": "Point", "coordinates": [-71.59, -27.94]}, "properties": {"fecha": "2020/09/05", "hora": "06:39:42.0", "mw": 4.98, "mb": 0.0, "ms": 4.8, "prof_centroide_km": 18.4, "prof_hipocentro_km": 10.9, "lat_hipocentro": -27.94, "lon_hipocentro": -71.59, "banda_prof": "5-30", "region": "NEAR COAST OF NORTHERN C", "beachball": "beachballs/bb_0543.png", "np1_rumbo": 359, "np1_manteo": 20, "np1_cabeceo": 86, "np2_rumbo": 184, "np2_manteo": 71, "np2_cabeceo": 91, "lat_centroide": -28.09, "lon_centroide": -71.73}}, {"type": "Feature", "geometry": {"type": "Point", "coordinates": [-70.87, -20.36]}, "properties": {"fecha": "2014/04/05", "hora": "14:04:49.5", "mw": 4.97, "mb": 0.0, "ms": 4.8, "prof_centroide_km": 18.7, "prof_hipocentro_km": 10.0, "lat_hipocentro": -20.36, "lon_hipocentro": -70.87, "banda_prof": "5-30", "region": "NEAR COAST OF NORTHERN C", "beachball": "beachballs/bb_0544.png", "np1_rumbo": 158, "np1_manteo": 43, "np1_cabeceo": 107, "np2_rumbo": 315, "np2_manteo": 49, "np2_cabeceo": 74, "lat_centroide": -20.24, "lon_centroide": -71.05}}, {"type": "Feature", "geometry": {"type": "Point", "coordinates": [-72.28, -30.35]}, "properties": {"fecha": "2014/07/26", "hora": "07:31:44.3", "mw": 4.97, "mb": 0.0, "ms": 4.9, "prof_centroide_km": 14.6, "prof_hipocentro_km": 11.8, "lat_hipocentro": -30.35, "lon_hipocentro": -72.28, "banda_prof": "5-30", "region": "OFF COAST OF CENTRAL CHI", "beachball": "beachballs/bb_0545.png", "np1_rumbo": 357, "np1_manteo": 28, "np1_cabeceo": 97, "np2_rumbo": 168, "np2_manteo": 62, "np2_cabeceo": 86, "lat_centroide": -30.54, "lon_centroide": -72.42}}, {"type": "Feature", "geometry": {"type": "Point", "coordinates": [-71.92, -31.32]}, "properties": {"fecha": "2015/09/19", "hora": "18:13:14.7", "mw": 4.97, "mb": 0.0, "ms": 4.9, "prof_centroide_km": 38.2, "prof_hipocentro_km": 17.6, "lat_hipocentro": -31.32, "lon_hipocentro": -71.92, "banda_prof": "5-30", "region": "NEAR COAST OF CENTRAL CH", "beachball": "beachballs/bb_0546.png", "np1_rumbo": 6, "np1_manteo": 31, "np1_cabeceo": 97, "np2_rumbo": 179, "np2_manteo": 59, "np2_cabeceo": 86, "lat_centroide": -31.41, "lon_centroide": -72.14}}, {"type": "Feature", "geometry": {"type": "Point", "coordinates": [-72.1, -30.25]}, "properties": {"fecha": "2015/10/06", "hora": "04:51:45.8", "mw": 4.97, "mb": 0.0, "ms": 4.7, "prof_centroide_km": 24.0, "prof_hipocentro_km": 12.2, "lat_hipocentro": -30.25, "lon_hipocentro": -72.1, "banda_prof": "5-30", "region": "OFF COAST OF CENTRAL CHI", "beachball": "beachballs/bb_0547.png", "np1_rumbo": 342, "np1_manteo": 34, "np1_cabeceo": 75, "np2_rumbo": 181, "np2_manteo": 57, "np2_cabeceo": 100, "lat_centroide": -30.26, "lon_centroide": -72.52}}, {"type": "Feature", "geometry": {"type": "Point", "coordinates": [-69.31, -18.33]}, "properties": {"fecha": "2018/01/25", "hora": "11:53:47.9", "mw": 4.97, "mb": 0.0, "ms": 4.9, "prof_centroide_km": 22.8, "prof_hipocentro_km": 10.0, "lat_hipocentro": -18.33, "lon_hipocentro": -69.31, "banda_prof": "5-30", "region": "NORTHERN CHILE", "beachball": "beachballs/bb_0548.png", "np1_rumbo": 189, "np1_manteo": 25, "np1_cabeceo": -73, "np2_rumbo": 351, "np2_manteo": 66, "np2_cabeceo": -98, "lat_centroide": -18.36, "lon_centroide": -69.15}}, {"type": "Feature", "geometry": {"type": "Point", "coordinates": [-74.12, -37.44]}, "properties": {"fecha": "2018/01/26", "hora": "15:26:21.0", "mw": 4.97, "mb": 0.0, "ms": 4.8, "prof_centroide_km": 19.5, "prof_hipocentro_km": 10.0, "lat_hipocentro": -37.44, "lon_hipocentro": -74.12, "banda_prof": "5-30", "region": "OFF COAST OF CENTRAL CHI", "beachball": "beachballs/bb_0549.png", "np1_rumbo": 14, "np1_manteo": 26, "np1_cabeceo": 104, "np2_rumbo": 178, "np2_manteo": 65, "np2_cabeceo": 83, "lat_centroide": -37.64, "lon_centroide": -74.27}}, {"type": "Feature", "geometry": {"type": "Point", "coordinates": [-69.89, -17.48]}, "properties": {"fecha": "2020/07/25", "hora": "16:31:15.8", "mw": 4.97, "mb": 0.0, "ms": 4.9, "prof_centroide_km": 16.6, "prof_hipocentro_km": 10.0, "lat_hipocentro": -17.48, "lon_hipocentro": -69.89, "banda_prof": "5-30", "region": "PERU-BOLIVIA BORDER REGI", "beachball": "beachballs/bb_0550.png", "np1_rumbo": 13, "np1_manteo": 32, "np1_cabeceo": -30, "np2_rumbo": 129, "np2_manteo": 74, "np2_cabeceo": -119, "lat_centroide": -17.44, "lon_centroide": -69.82}}, {"type": "Feature", "geometry": {"type": "Point", "coordinates": [-71.38, -27.12]}, "properties": {"fecha": "2006/04/25", "hora": "05:23:31.4", "mw": 4.96, "mb": 4.8, "ms": 4.7, "prof_centroide_km": 23.1, "prof_hipocentro_km": 5.0, "lat_hipocentro": -27.12, "lon_hipocentro": -71.38, "banda_prof": "0-5", "region": "NEAR COAST OF NORTHERN C", "beachball": "beachballs/bb_0551.png", "np1_rumbo": 360, "np1_manteo": 23, "np1_cabeceo": 92, "np2_rumbo": 177, "np2_manteo": 67, "np2_cabeceo": 89, "lat_centroide": -27.15, "lon_centroide": -71.71}}, {"type": "Feature", "geometry": {"type": "Point", "coordinates": [-72.24, -33.97]}, "properties": {"fecha": "2011/01/21", "hora": "15:36:09.0", "mw": 4.96, "mb": 5.0, "ms": 4.7, "prof_centroide_km": 27.6, "prof_hipocentro_km": 11.6, "lat_hipocentro": -33.97, "lon_hipocentro": -72.24, "banda_prof": "5-30", "region": "OFF COAST OF CENTRAL CHI", "beachball": "beachballs/bb_0552.png", "np1_rumbo": 347, "np1_manteo": 25, "np1_cabeceo": 69, "np2_rumbo": 190, "np2_manteo": 66, "np2_cabeceo": 99, "lat_centroide": -34.03, "lon_centroide": -72.48}}, {"type": "Feature", "geometry": {"type": "Point", "coordinates": [-70.76, -20.21]}, "properties": {"fecha": "2013/07/24", "hora": "13:29:53.6", "mw": 4.96, "mb": 4.8, "ms": 0.0, "prof_centroide_km": 22.3, "prof_hipocentro_km": 18.1, "lat_hipocentro": -20.21, "lon_hipocentro": -70.76, "banda_prof": "5-30", "region": "NEAR COAST OF NORTHERN C", "beachball": "beachballs/bb_0553.png", "np1_rumbo": 348, "np1_manteo": 30, "np1_cabeceo": 85, "np2_rumbo": 174, "np2_manteo": 60, "np2_cabeceo": 93, "lat_centroide": -20.11, "lon_centroide": -71.15}}, {"type": "Feature", "geometry": {"type": "Point", "coordinates": [-70.85, -19.9]}, "properties": {"fecha": "2014/04/08", "hora": "05:20:21.7", "mw": 4.96, "mb": 0.0, "ms": 4.8, "prof_centroide_km": 28.0, "prof_hipocentro_km": 17.7, "lat_hipocentro": -19.9, "lon_hipocentro": -70.85, "banda_prof": "5-30", "region": "NEAR COAST OF NORTHERN C", "beachball": "beachballs/bb_0554.png", "np1_rumbo": 344, "np1_manteo": 28, "np1_cabeceo": 90, "np2_rumbo": 164, "np2_manteo": 62, "np2_cabeceo": 90, "lat_centroide": -19.8, "lon_centroide": -71.14}}, {"type": "Feature", "geometry": {"type": "Point", "coordinates": [-73.04, -44.55]}, "properties": {"fecha": "2015/03/13", "hora": "19:16:06.7", "mw": 4.96, "mb": 0.0, "ms": 5.0, "prof_centroide_km": 25.4, "prof_hipocentro_km": 10.8, "lat_hipocentro": -44.55, "lon_hipocentro": -73.04, "banda_prof": "5-30", "region": "SOUTHERN CHILE", "beachball": "beachballs/bb_0555.png", "np1_rumbo": 99, "np1_manteo": 61, "np1_cabeceo": 4, "np2_rumbo": 7, "np2_manteo": 86, "np2_cabeceo": 151, "lat_centroide": -44.79, "lon_centroide": -73.51}}, {"type": "Feature", "geometry": {"type": "Point", "coordinates": [-70.94, -19.97]}, "properties": {"fecha": "2015/09/16", "hora": "18:24:21.3", "mw": 4.96, "mb": 0.0, "ms": 4.9, "prof_centroide_km": 23.9, "prof_hipocentro_km": 12.8, "lat_hipocentro": -19.97, "lon_hipocentro": -70.94, "banda_prof": "5-30", "region": "NEAR COAST OF NORTHERN C", "beachball": "beachballs/bb_0556.png", "np1_rumbo": 343, "np1_manteo": 33, "np1_cabeceo": 89, "np2_rumbo": 165, "np2_manteo": 57, "np2_cabeceo": 91, "lat_centroide": -19.95, "lon_centroide": -71.14}}, {"type": "Feature", "geometry": {"type": "Point", "coordinates": [-74.16, -35.36]}, "properties": {"fecha": "2017/10/16", "hora": "19:29:35.0", "mw": 4.96, "mb": 0.0, "ms": 4.9, "prof_centroide_km": 19.5, "prof_hipocentro_km": 6.6, "lat_hipocentro": -35.36, "lon_hipocentro": -74.16, "banda_prof": "5-30", "region": "OFF COAST OF CENTRAL CHI", "beachball": "beachballs/bb_0557.png", "np1_rumbo": 27, "np1_manteo": 38, "np1_cabeceo": -88, "np2_rumbo": 205, "np2_manteo": 52, "np2_cabeceo": -91, "lat_centroide": -35.5, "lon_centroide": -74.36}}, {"type": "Feature", "geometry": {"type": "Point", "coordinates": [-70.89, -18.26]}, "properties": {"fecha": "2004/02/03", "hora": "04:21:12.5", "mw": 4.95, "mb": 4.9, "ms": 0.0, "prof_centroide_km": 29.0, "prof_hipocentro_km": 24.9, "lat_hipocentro": -18.26, "lon_hipocentro": -70.89, "banda_prof": "5-30", "region": "NEAR COAST OF NORTHERN C", "beachball": "beachballs/bb_0558.png", "np1_rumbo": 349, "np1_manteo": 26, "np1_cabeceo": 96, "np2_rumbo": 163, "np2_manteo": 64, "np2_cabeceo": 87, "lat_centroide": -18.54, "lon_centroide": -71.59}}, {"type": "Feature", "geometry": {"type": "Point", "coordinates": [-71.93, -32.8]}, "properties": {"fecha": "2009/10/30", "hora": "02:53:39.7", "mw": 4.95, "mb": 5.1, "ms": 4.7, "prof_centroide_km": 13.2, "prof_hipocentro_km": 19.8, "lat_hipocentro": -32.8, "lon_hipocentro": -71.93, "banda_prof": "5-30", "region": "NEAR COAST OF CENTRAL CH", "beachball": "beachballs/bb_0559.png", "np1_rumbo": 358, "np1_manteo": 46, "np1_cabeceo": 110, "np2_rumbo": 151, "np2_manteo": 47, "np2_cabeceo": 71, "lat_centroide": -32.96, "lon_centroide": -71.99}}, {"type": "Feature", "geometry": {"type": "Point", "coordinates": [-70.98, -19.94]}, "properties": {"fecha": "2014/11/04", "hora": "22:31:35.5", "mw": 4.95, "mb": 0.0, "ms": 4.9, "prof_centroide_km": 28.0, "prof_hipocentro_km": 14.6, "lat_hipocentro": -19.94, "lon_hipocentro": -70.98, "banda_prof": "5-30", "region": "NEAR COAST OF NORTHERN C", "beachball": "beachballs/bb_0560.png", "np1_rumbo": 348, "np1_manteo": 30, "np1_cabeceo": 87, "np2_rumbo": 172, "np2_manteo": 60, "np2_cabeceo": 92, "lat_centroide": -19.75, "lon_centroide": -71.39}}, {"type": "Feature", "geometry": {"type": "Point", "coordinates": [-71.89, -31.5]}, "properties": {"fecha": "2015/09/19", "hora": "02:49:40.8", "mw": 4.95, "mb": 0.0, "ms": 4.7, "prof_centroide_km": 33.6, "prof_hipocentro_km": 25.1, "lat_hipocentro": -31.5, "lon_hipocentro": -71.89, "banda_prof": "5-30", "region": "NEAR COAST OF CENTRAL CH", "beachball": "beachballs/bb_0561.png", "np1_rumbo": 351, "np1_manteo": 30, "np1_cabeceo": 99, "np2_rumbo": 160, "np2_manteo": 60, "np2_cabeceo": 85, "lat_centroide": -31.6, "lon_centroide": -71.87}}, {"type": "Feature", "geometry": {"type": "Point", "coordinates": [-71.84, -32.63]}, "properties": {"fecha": "2016/07/26", "hora": "23:00:21.7", "mw": 4.95, "mb": 0.0, "ms": 4.8, "prof_centroide_km": 31.9, "prof_hipocentro_km": 16.4, "lat_hipocentro": -32.63, "lon_hipocentro": -71.84, "banda_prof": "5-30", "region": "NEAR COAST OF CENTRAL CH", "beachball": "beachballs/bb_0562.png", "np1_rumbo": 159, "np1_manteo": 39, "np1_cabeceo": 69, "np2_rumbo": 5, "np2_manteo": 54, "np2_cabeceo": 106, "lat_centroide": -32.59, "lon_centroide": -71.88}}, {"type": "Feature", "geometry": {"type": "Point", "coordinates": [-71.65, -31.59]}, "properties": {"fecha": "2016/08/08", "hora": "12:24:32.8", "mw": 4.95, "mb": 0.0, "ms": 5.0, "prof_centroide_km": 30.4, "prof_hipocentro_km": 30.0, "lat_hipocentro": -31.59, "lon_hipocentro": -71.65, "banda_prof": "5-30", "region": "NEAR COAST OF CENTRAL CH", "beachball": "beachballs/bb_0563.png", "np1_rumbo": 6, "np1_manteo": 43, "np1_cabeceo": 134, "np2_rumbo": 133, "np2_manteo": 60, "np2_cabeceo": 57, "lat_centroide": -31.71, "lon_centroide": -71.74}}, {"type": "Feature", "geometry": {"type": "Point", "coordinates": [-72.12, -29.91]}, "properties": {"fecha": "2019/08/15", "hora": "14:23:40.4", "mw": 4.95, "mb": 0.0, "ms": 4.9, "prof_centroide_km": 23.8, "prof_hipocentro_km": 10.0, "lat_hipocentro": -29.91, "lon_hipocentro": -72.12, "banda_prof": "5-30", "region": "OFF COAST OF CENTRAL CHI", "beachball": "beachballs/bb_0564.png", "np1_rumbo": 7, "np1_manteo": 28, "np1_cabeceo": 98, "np2_rumbo": 177, "np2_manteo": 62, "np2_cabeceo": 86, "lat_centroide": -30.01, "lon_centroide": -72.11}}, {"type": "Feature", "geometry": {"type": "Point", "coordinates": [-73.78, -37.87]}, "properties": {"fecha": "2005/02/04", "hora": "09:15:36.0", "mw": 4.94, "mb": 5.1, "ms": 0.0, "prof_centroide_km": 17.3, "prof_hipocentro_km": 22.8, "lat_hipocentro": -37.87, "lon_hipocentro": -73.78, "banda_prof": "5-30", "region": "NEAR COAST OF CENTRAL CH", "beachball": "beachballs/bb_0565.png", "np1_rumbo": 356, "np1_manteo": 42, "np1_cabeceo": 11, "np2_rumbo": 258, "np2_manteo": 83, "np2_cabeceo": 131, "lat_centroide": -37.84, "lon_centroide": -73.53}}, {"type": "Feature", "geometry": {"type": "Point", "coordinates": [-71.08, -27.12]}, "properties": {"fecha": "2006/12/02", "hora": "09:33:01.9", "mw": 4.94, "mb": 4.8, "ms": 0.0, "prof_centroide_km": 23.2, "prof_hipocentro_km": 24.6, "lat_hipocentro": -27.12, "lon_hipocentro": -71.08, "banda_prof": "5-30", "region": "NEAR COAST OF NORTHERN C", "beachball": "beachballs/bb_0566.png", "np1_rumbo": 30, "np1_manteo": 24, "np1_cabeceo": 124, "np2_rumbo": 174, "np2_manteo": 71, "np2_cabeceo": 76, "lat_centroide": -27.09, "lon_centroide": -71.7}}, {"type": "Feature", "geometry": {"type": "Point", "coordinates": [-73.52, -34.4]}, "properties": {"fecha": "2014/09/24", "hora": "06:34:36.5", "mw": 4.94, "mb": 0.0, "ms": 5.0, "prof_centroide_km": 20.5, "prof_hipocentro_km": 10.0, "lat_hipocentro": -34.4, "lon_hipocentro": -73.52, "banda_prof": "5-30", "region": "OFF COAST OF CENTRAL CHI", "beachball": "beachballs/bb_0567.png", "np1_rumbo": 359, "np1_manteo": 39, "np1_cabeceo": -99, "np2_rumbo": 190, "np2_manteo": 52, "np2_cabeceo": -83, "lat_centroide": -34.36, "lon_centroide": -73.76}}, {"type": "Feature", "geometry": {"type": "Point", "coordinates": [-70.94, -20.07]}, "properties": {"fecha": "2014/10/07", "hora": "13:05:51.7", "mw": 4.94, "mb": 0.0, "ms": 4.9, "prof_centroide_km": 20.8, "prof_hipocentro_km": 15.6, "lat_hipocentro": -20.07, "lon_hipocentro": -70.94, "banda_prof": "5-30", "region": "NEAR COAST OF NORTHERN C", "beachball": "beachballs/bb_0568.png", "np1_rumbo": 333, "np1_manteo": 34, "np1_cabeceo": 70, "np2_rumbo": 177, "np2_manteo": 58, "np2_cabeceo": 103, "lat_centroide": -19.87, "lon_centroide": -71.21}}, {"type": "Feature", "geometry": {"type": "Point", "coordinates": [-72.64, -30.26]}, "properties": {"fecha": "2015/09/18", "hora": "22:35:21.1", "mw": 4.94, "mb": 0.0, "ms": 4.7, "prof_centroide_km": 12.3, "prof_hipocentro_km": 10.0, "lat_hipocentro": -30.26, "lon_hipocentro": -72.64, "banda_prof": "5-30", "region": "OFF COAST OF CENTRAL CHI", "beachball": "beachballs/bb_0569.png", "np1_rumbo": 203, "np1_manteo": 41, "np1_cabeceo": -72, "np2_rumbo": 360, "np2_manteo": 51, "np2_cabeceo": -105, "lat_centroide": -30.33, "lon_centroide": -72.95}}, {"type": "Feature", "geometry": {"type": "Point", "coordinates": [-71.68, -30.63]}, "properties": {"fecha": "2015/09/30", "hora": "02:00:04.7", "mw": 4.94, "mb": 0.0, "ms": 4.6, "prof_centroide_km": 35.7, "prof_hipocentro_km": 27.4, "lat_hipocentro": -30.63, "lon_hipocentro": -71.68, "banda_prof": "5-30", "region": "NEAR COAST OF CENTRAL CH", "beachball": "beachballs/bb_0570.png", "np1_rumbo": 354, "np1_manteo": 28, "np1_cabeceo": 89, "np2_rumbo": 176, "np2_manteo": 62, "np2_cabeceo": 91, "lat_centroide": -30.77, "lon_centroide": -72.04}}, {"type": "Feature", "geometry": {"type": "Point", "coordinates": [-67.92, -28.46]}, "properties": {"fecha": "2016/01/15", "hora": "20:32:55.1", "mw": 4.94, "mb": 0.0, "ms": 4.9, "prof_centroide_km": 19.5, "prof_hipocentro_km": 25.7, "lat_hipocentro": -28.46, "lon_hipocentro": -67.92, "banda_prof": "5-30", "region": "LA RIOJA PROVINCE, ARGEN", "beachball": "beachballs/bb_0571.png", "np1_rumbo": 98, "np1_manteo": 35, "np1_cabeceo": 38, "np2_rumbo": 335, "np2_manteo": 69, "np2_cabeceo": 119, "lat_centroide": -28.58, "lon_centroide": -67.69}}, {"type": "Feature", "geometry": {"type": "Point", "coordinates": [-72.09, -30.18]}, "properties": {"fecha": "2018/04/01", "hora": "01:14:42.3", "mw": 4.94, "mb": 0.0, "ms": 4.7, "prof_centroide_km": 23.1, "prof_hipocentro_km": 10.0, "lat_hipocentro": -30.18, "lon_hipocentro": -72.09, "banda_prof": "5-30", "region": "OFF COAST OF CENTRAL CHI", "beachball": "beachballs/bb_0572.png", "np1_rumbo": 353, "np1_manteo": 29, "np1_cabeceo": 85, "np2_rumbo": 178, "np2_manteo": 61, "np2_cabeceo": 93, "lat_centroide": -30.3, "lon_centroide": -72.44}}, {"type": "Feature", "geometry": {"type": "Point", "coordinates": [-66.69, -26.03]}, "properties": {"fecha": "2020/05/20", "hora": "10:42:07.7", "mw": 4.94, "mb": 0.0, "ms": 5.1, "prof_centroide_km": 18.3, "prof_hipocentro_km": 16.0, "lat_hipocentro": -26.03, "lon_hipocentro": -66.69, "banda_prof": "5-30", "region": "CATAMARCA PROVINCE, ARGE", "beachball": "beachballs/bb_0573.png", "np1_rumbo": 42, "np1_manteo": 74, "np1_cabeceo": 176, "np2_rumbo": 133, "np2_manteo": 86, "np2_cabeceo": 16, "lat_centroide": -26.15, "lon_centroide": -66.88}}, {"type": "Feature", "geometry": {"type": "Point", "coordinates": [-75.08, -38.36]}, "properties": {"fecha": "2020/10/06", "hora": "05:06:41.8", "mw": 4.94, "mb": 0.0, "ms": 4.9, "prof_centroide_km": 20.3, "prof_hipocentro_km": 14.0, "lat_hipocentro": -38.36, "lon_hipocentro": -75.08, "banda_prof": "5-30", "region": "OFF COAST OF CENTRAL CHI", "beachball": "beachballs/bb_0574.png", "np1_rumbo": 27, "np1_manteo": 39, "np1_cabeceo": -89, "np2_rumbo": 205, "np2_manteo": 51, "np2_cabeceo": -91, "lat_centroide": -38.55, "lon_centroide": -75.45}}, {"type": "Feature", "geometry": {"type": "Point", "coordinates": [-72.54, -34.41]}, "properties": {"fecha": "2014/04/24", "hora": "10:07:04.0", "mw": 4.93, "mb": 0.0, "ms": 5.0, "prof_centroide_km": 21.7, "prof_hipocentro_km": 10.0, "lat_hipocentro": -34.41, "lon_hipocentro": -72.54, "banda_prof": "5-30", "region": "NEAR COAST OF CENTRAL CH", "beachball": "beachballs/bb_0575.png", "np1_rumbo": 48, "np1_manteo": 36, "np1_cabeceo": -73, "np2_rumbo": 207, "np2_manteo": 55, "np2_cabeceo": -102, "lat_centroide": -34.67, "lon_centroide": -72.92}}, {"type": "Feature", "geometry": {"type": "Point", "coordinates": [-70.95, -19.34]}, "properties": {"fecha": "2014/05/05", "hora": "09:02:55.8", "mw": 4.93, "mb": 0.0, "ms": 4.8, "prof_centroide_km": 29.7, "prof_hipocentro_km": 23.6, "lat_hipocentro": -19.34, "lon_hipocentro": -70.95, "banda_prof": "5-30", "region": "NEAR COAST OF NORTHERN C", "beachball": "beachballs/bb_0576.png", "np1_rumbo": 39, "np1_manteo": 48, "np1_cabeceo": -141, "np2_rumbo": 281, "np2_manteo": 62, "np2_cabeceo": -49, "lat_centroide": -19.28, "lon_centroide": -71.19}}, {"type": "Feature", "geometry": {"type": "Point", "coordinates": [-75.36, -37.92]}, "properties": {"fecha": "2015/09/05", "hora": "18:15:17.6", "mw": 4.93, "mb": 0.0, "ms": 4.9, "prof_centroide_km": 19.2, "prof_hipocentro_km": 10.0, "lat_hipocentro": -37.92, "lon_hipocentro": -75.36, "banda_prof": "5-30", "region": "OFF COAST OF CENTRAL CHI", "beachball": "beachballs/bb_0577.png", "np1_rumbo": 187, "np1_manteo": 44, "np1_cabeceo": -88, "np2_rumbo": 4, "np2_manteo": 46, "np2_cabeceo": -92, "lat_centroide": -38.04, "lon_centroide": -75.56}}, {"type": "Feature", "geometry": {"type": "Point", "coordinates": [-72.04, -29.76]}, "properties": {"fecha": "2016/04/30", "hora": "02:49:06.8", "mw": 4.93, "mb": 0.0, "ms": 4.8, "prof_centroide_km": 28.5, "prof_hipocentro_km": 10.0, "lat_hipocentro": -29.76, "lon_hipocentro": -72.04, "banda_prof": "5-30", "region": "OFF COAST OF CENTRAL CHI", "beachball": "beachballs/bb_0578.png", "np1_rumbo": 10, "np1_manteo": 37, "np1_cabeceo": 100, "np2_rumbo": 178, "np2_manteo": 54, "np2_cabeceo": 83, "lat_centroide": -29.96, "lon_centroide": -72.22}}, {"type": "Feature", "geometry": {"type": "Point", "coordinates": [-70.76, -20.02]}, "properties": {"fecha": "2014/03/17", "hora": "19:05:26.8", "mw": 4.92, "mb": 0.0, "ms": 4.8, "prof_centroide_km": 14.6, "prof_hipocentro_km": 8.0, "lat_hipocentro": -20.02, "lon_hipocentro": -70.76, "banda_prof": "5-30", "region": "NEAR COAST OF NORTHERN C", "beachball": "beachballs/bb_0579.png", "np1_rumbo": 317, "np1_manteo": 35, "np1_cabeceo": 71, "np2_rumbo": 160, "np2_manteo": 58, "np2_cabeceo": 102, "lat_centroide": -19.97, "lon_centroide": -71.03}}, {"type": "Feature", "geometry": {"type": "Point", "coordinates": [-70.6, -20.58]}, "properties": {"fecha": "2014/04/08", "hora": "05:43:56.8", "mw": 4.92, "mb": 0.0, "ms": 4.8, "prof_centroide_km": 20.7, "prof_hipocentro_km": 19.6, "lat_hipocentro": -20.58, "lon_hipocentro": -70.6, "banda_prof": "5-30", "region": "NEAR COAST OF NORTHERN C", "beachball": "beachballs/bb_0580.png", "np1_rumbo": 339, "np1_manteo": 37, "np1_cabeceo": 92, "np2_rumbo": 157, "np2_manteo": 53, "np2_cabeceo": 89, "lat_centroide": -20.43, "lon_centroide": -70.99}}, {"type": "Feature", "geometry": {"type": "Point", "coordinates": [-73.83, -41.23]}, "properties": {"fecha": "2014/11/04", "hora": "11:44:51.0", "mw": 4.92, "mb": 0.0, "ms": 4.6, "prof_centroide_km": 40.4, "prof_hipocentro_km": 25.4, "lat_hipocentro": -41.23, "lon_hipocentro": -73.83, "banda_prof": "5-30", "region": "SOUTHERN CHILE", "beachball": "beachballs/bb_0581.png", "np1_rumbo": 122, "np1_manteo": 39, "np1_cabeceo": 110, "np2_rumbo": 277, "np2_manteo": 54, "np2_cabeceo": 75, "lat_centroide": -41.25, "lon_centroide": -74.11}}, {"type": "Feature", "geometry": {"type": "Point", "coordinates": [-72.31, -31.77]}, "properties": {"fecha": "2015/09/28", "hora": "06:05:43.7", "mw": 4.92, "mb": 0.0, "ms": 4.8, "prof_centroide_km": 22.7, "prof_hipocentro_km": 10.9, "lat_hipocentro": -31.77, "lon_hipocentro": -72.31, "banda_prof": "5-30", "region": "OFF COAST OF CENTRAL CHI", "beachball": "beachballs/bb_0582.png", "np1_rumbo": 354, "np1_manteo": 29, "np1_cabeceo": 84, "np2_rumbo": 181, "np2_manteo": 61, "np2_cabeceo": 94, "lat_centroide": -31.77, "lon_centroide": -72.4}}, {"type": "Feature", "geometry": {"type": "Point", "coordinates": [-72.25, -30.3]}, "properties": {"fecha": "2020/03/11", "hora": "17:04:25.5", "mw": 4.92, "mb": 0.0, "ms": 4.6, "prof_centroide_km": 32.2, "prof_hipocentro_km": 6.8, "lat_hipocentro": -30.3, "lon_hipocentro": -72.25, "banda_prof": "5-30", "region": "OFF COAST OF CENTRAL CHI", "beachball": "beachballs/bb_0583.png", "np1_rumbo": 2, "np1_manteo": 28, "np1_cabeceo": 91, "np2_rumbo": 181, "np2_manteo": 62, "np2_cabeceo": 90, "lat_centroide": -30.31, "lon_centroide": -72.52}}, {"type": "Feature", "geometry": {"type": "Point", "coordinates": [-70.17, -33.22]}, "properties": {"fecha": "2020/08/15", "hora": "11:11:58.6", "mw": 4.92, "mb": 0.0, "ms": 4.9, "prof_centroide_km": 12.0, "prof_hipocentro_km": 10.0, "lat_hipocentro": -33.22, "lon_hipocentro": -70.17, "banda_prof": "5-30", "region": "CHILE-ARGENTINA BORDER R", "beachball": "beachballs/bb_0584.png", "np1_rumbo": 234, "np1_manteo": 72, "np1_cabeceo": -172, "np2_rumbo": 141, "np2_manteo": 82, "np2_cabeceo": -18, "lat_centroide": -33.2, "lon_centroide": -70.14}}, {"type": "Feature", "geometry": {"type": "Point", "coordinates": [-75.91, -46.08]}, "properties": {"fecha": "2020/12/26", "hora": "02:19:26.7", "mw": 4.92, "mb": 0.0, "ms": 4.7, "prof_centroide_km": 18.4, "prof_hipocentro_km": 10.0, "lat_hipocentro": -46.08, "lon_hipocentro": -75.91, "banda_prof": "5-30", "region": "SOUTHERN CHILE", "beachball": "beachballs/bb_0585.png", "np1_rumbo": 350, "np1_manteo": 66, "np1_cabeceo": -22, "np2_rumbo": 90, "np2_manteo": 70, "np2_cabeceo": -154, "lat_centroide": -46.29, "lon_centroide": -75.91}}, {"type": "Feature", "geometry": {"type": "Point", "coordinates": [-70.82, -19.93]}, "properties": {"fecha": "2014/04/05", "hora": "07:54:19.4", "mw": 4.91, "mb": 0.0, "ms": 4.6, "prof_centroide_km": 29.0, "prof_hipocentro_km": 13.9, "lat_hipocentro": -19.93, "lon_hipocentro": -70.82, "banda_prof": "5-30", "region": "NEAR COAST OF NORTHERN C", "beachball": "beachballs/bb_0586.png", "np1_rumbo": 351, "np1_manteo": 36, "np1_cabeceo": 90, "np2_rumbo": 172, "np2_manteo": 54, "np2_cabeceo": 90, "lat_centroide": -19.84, "lon_centroide": -71.15}}, {"type": "Feature", "geometry": {"type": "Point", "coordinates": [-72.24, -34.0]}, "properties": {"fecha": "2014/10/24", "hora": "07:16:41.0", "mw": 4.91, "mb": 0.0, "ms": 4.9, "prof_centroide_km": 23.1, "prof_hipocentro_km": 25.3, "lat_hipocentro": -34.0, "lon_hipocentro": -72.24, "banda_prof": "5-30", "region": "OFF COAST OF CENTRAL CHI", "beachball": "beachballs/bb_0587.png", "np1_rumbo": 6, "np1_manteo": 21, "np1_cabeceo": 100, "np2_rumbo": 175, "np2_manteo": 69, "np2_cabeceo": 86, "lat_centroide": -34.14, "lon_centroide": -72.5}}, {"type": "Feature", "geometry": {"type": "Point", "coordinates": [-74.12, -50.63]}, "properties": {"fecha": "2018/12/12", "hora": "00:31:03.7", "mw": 4.91, "mb": 0.0, "ms": 4.7, "prof_centroide_km": 21.5, "prof_hipocentro_km": 17.2, "lat_hipocentro": -50.63, "lon_hipocentro": -74.12, "banda_prof": "5-30", "region": "SOUTHERN CHILE", "beachball": "beachballs/bb_0588.png", "np1_rumbo": 217, "np1_manteo": 83, "np1_cabeceo": 177, "np2_rumbo": 307, "np2_manteo": 87, "np2_cabeceo": 7, "lat_centroide": -50.79, "lon_centroide": -74.64}}, {"type": "Feature", "geometry": {"type": "Point", "coordinates": [-71.81, -31.37]}, "properties": {"fecha": "2019/02/03", "hora": "02:56:43.1", "mw": 4.91, "mb": 0.0, "ms": 4.8, "prof_centroide_km": 33.2, "prof_hipocentro_km": 27.3, "lat_hipocentro": -31.37, "lon_hipocentro": -71.81, "banda_prof": "5-30", "region": "NEAR COAST OF CENTRAL CH", "beachball": "beachballs/bb_0589.png", "np1_rumbo": 355, "np1_manteo": 50, "np1_cabeceo": 125, "np2_rumbo": 129, "np2_manteo": 51, "np2_cabeceo": 56, "lat_centroide": -31.49, "lon_centroide": -71.77}}, {"type": "Feature", "geometry": {"type": "Point", "coordinates": [-71.04, -20.01]}, "properties": {"fecha": "2014/08/16", "hora": "10:10:48.1", "mw": 4.9, "mb": 0.0, "ms": 4.8, "prof_centroide_km": 20.0, "prof_hipocentro_km": 10.0, "lat_hipocentro": -20.01, "lon_hipocentro": -71.04, "banda_prof": "5-30", "region": "OFF COAST OF NORTHERN CH", "beachball": "beachballs/bb_0590.png", "np1_rumbo": 334, "np1_manteo": 25, "np1_cabeceo": 73, "np2_rumbo": 173, "np2_manteo": 66, "np2_cabeceo": 98, "lat_centroide": -20.01, "lon_centroide": -71.31}}, {"type": "Feature", "geometry": {"type": "Point", "coordinates": [-72.75, -30.38]}, "properties": {"fecha": "2015/09/19", "hora": "04:33:48.2", "mw": 4.9, "mb": 0.0, "ms": 5.0, "prof_centroide_km": 19.1, "prof_hipocentro_km": 10.0, "lat_hipocentro": -30.38, "lon_hipocentro": -72.75, "banda_prof": "5-30", "region": "OFF COAST OF CENTRAL CHI", "beachball": "beachballs/bb_0591.png", "np1_rumbo": 355, "np1_manteo": 38, "np1_cabeceo": -106, "np2_rumbo": 195, "np2_manteo": 54, "np2_cabeceo": -78, "lat_centroide": -30.48, "lon_centroide": -72.96}}, {"type": "Feature", "geometry": {"type": "Point", "coordinates": [-72.11, -30.39]}, "properties": {"fecha": "2015/12/02", "hora": "09:38:28.0", "mw": 4.9, "mb": 0.0, "ms": 4.8, "prof_centroide_km": 19.2, "prof_hipocentro_km": 10.0, "lat_hipocentro": -30.39, "lon_hipocentro": -72.11, "banda_prof": "5-30", "region": "OFF COAST OF CENTRAL CHI", "beachball": "beachballs/bb_0592.png", "np1_rumbo": 1, "np1_manteo": 25, "np1_cabeceo": 99, "np2_rumbo": 171, "np2_manteo": 65, "np2_cabeceo": 86, "lat_centroide": -30.52, "lon_centroide": -72.31}}, {"type": "Feature", "geometry": {"type": "Point", "coordinates": [-70.97, -19.99]}, "properties": {"fecha": "2014/12/03", "hora": "02:29:00.5", "mw": 4.89, "mb": 0.0, "ms": 4.9, "prof_centroide_km": 23.1, "prof_hipocentro_km": 11.9, "lat_hipocentro": -19.99, "lon_hipocentro": -70.97, "banda_prof": "5-30", "region": "NEAR COAST OF NORTHERN C", "beachball": "beachballs/bb_0593.png", "np1_rumbo": 333, "np1_manteo": 33, "np1_cabeceo": 74, "np2_rumbo": 171, "np2_manteo": 58, "np2_cabeceo": 100, "lat_centroide": -19.85, "lon_centroide": -71.36}}, {"type": "Feature", "geometry": {"type": "Point", "coordinates": [-67.6, -30.06]}, "properties": {"fecha": "2002/12/04", "hora": "21:03:03.3", "mw": 4.88, "mb": 5.1, "ms": 4.5, "prof_centroide_km": 56.6, "prof_hipocentro_km": 29.5, "lat_hipocentro": -30.06, "lon_hipocentro": -67.6, "banda_prof": "5-30", "region": "SAN JUAN PROVINCE, ARGEN", "beachball": "beachballs/bb_0594.png", "np1_rumbo": 285, "np1_manteo": 28, "np1_cabeceo": 62, "np2_rumbo": 135, "np2_manteo": 65, "np2_cabeceo": 104, "lat_centroide": -30.4, "lon_centroide": -68.0}}, {"type": "Feature", "geometry": {"type": "Point", "coordinates": [-72.07, -50.67]}, "properties": {"fecha": "2005/07/05", "hora": "11:12:15.3", "mw": 4.88, "mb": 5.1, "ms": 4.4, "prof_centroide_km": 12.0, "prof_hipocentro_km": 22.4, "lat_hipocentro": -50.67, "lon_hipocentro": -72.07, "banda_prof": "5-30", "region": "S. CHILE-ARGENTINA BORDE", "beachball": "beachballs/bb_0595.png", "np1_rumbo": 181, "np1_manteo": 22, "np1_cabeceo": 121, "np2_rumbo": 328, "np2_manteo": 71, "np2_cabeceo": 78, "lat_centroide": -51.08, "lon_centroide": -72.13}}, {"type": "Feature", "geometry": {"type": "Point", "coordinates": [-70.66, -26.47]}, "properties": {"fecha": "2006/09/11", "hora": "01:27:31.4", "mw": 4.88, "mb": 4.9, "ms": 5.0, "prof_centroide_km": 45.0, "prof_hipocentro_km": 29.7, "lat_hipocentro": -26.47, "lon_hipocentro": -70.66, "banda_prof": "5-30", "region": "NEAR COAST OF NORTHERN C", "beachball": "beachballs/bb_0596.png", "np1_rumbo": 24, "np1_manteo": 32, "np1_cabeceo": 112, "np2_rumbo": 178, "np2_manteo": 60, "np2_cabeceo": 77, "lat_centroide": -26.42, "lon_centroide": -71.33}}, {"type": "Feature", "geometry": {"type": "Point", "coordinates": [-73.47, -34.35]}, "properties": {"fecha": "2015/03/09", "hora": "07:53:37.0", "mw": 4.88, "mb": 0.0, "ms": 4.8, "prof_centroide_km": 14.8, "prof_hipocentro_km": 15.4, "lat_hipocentro": -34.35, "lon_hipocentro": -73.47, "banda_prof": "5-30", "region": "OFF COAST OF CENTRAL CHI", "beachball": "beachballs/bb_0597.png", "np1_rumbo": 41, "np1_manteo": 42, "np1_cabeceo": -69, "np2_rumbo": 193, "np2_manteo": 51, "np2_cabeceo": -108, "lat_centroide": -34.48, "lon_centroide": -73.79}}, {"type": "Feature", "geometry": {"type": "Point", "coordinates": [-74.16, -37.49]}, "properties": {"fecha": "2018/02/01", "hora": "00:12:55.0", "mw": 4.88, "mb": 0.0, "ms": 4.8, "prof_centroide_km": 22.2, "prof_hipocentro_km": 4.2, "lat_hipocentro": -37.49, "lon_hipocentro": -74.16, "banda_prof": "0-5", "region": "OFF COAST OF CENTRAL CHI", "beachball": "beachballs/bb_0598.png", "np1_rumbo": 4, "np1_manteo": 28, "np1_cabeceo": 86, "np2_rumbo": 188, "np2_manteo": 62, "np2_cabeceo": 92, "lat_centroide": -37.52, "lon_centroide": -74.17}}, {"type": "Feature", "geometry": {"type": "Point", "coordinates": [-72.24, -50.69]}, "properties": {"fecha": "2004/09/07", "hora": "16:18:54.6", "mw": 4.87, "mb": 5.0, "ms": 0.0, "prof_centroide_km": 14.1, "prof_hipocentro_km": 25.9, "lat_hipocentro": -50.69, "lon_hipocentro": -72.24, "banda_prof": "5-30", "region": "S. CHILE-ARGENTINA BORDE", "beachball": "beachballs/bb_0599.png", "np1_rumbo": 32, "np1_manteo": 34, "np1_cabeceo": 130, "np2_rumbo": 166, "np2_manteo": 65, "np2_cabeceo": 66, "lat_centroide": -51.05, "lon_centroide": -72.53}}, {"type": "Feature", "geometry": {"type": "Point", "coordinates": [-71.26, -27.86]}, "properties": {"fecha": "2005/03/19", "hora": "14:23:29.6", "mw": 4.87, "mb": 5.0, "ms": 0.0, "prof_centroide_km": 29.2, "prof_hipocentro_km": 24.7, "lat_hipocentro": -27.86, "lon_hipocentro": -71.26, "banda_prof": "5-30", "region": "NEAR COAST OF NORTHERN C", "beachball": "beachballs/bb_0600.png", "np1_rumbo": 357, "np1_manteo": 28, "np1_cabeceo": 93, "np2_rumbo": 174, "np2_manteo": 62, "np2_cabeceo": 89, "lat_centroide": -27.93, "lon_centroide": -71.87}}, {"type": "Feature", "geometry": {"type": "Point", "coordinates": [-71.46, -27.48]}, "properties": {"fecha": "2006/05/11", "hora": "19:07:10.8", "mw": 4.87, "mb": 4.7, "ms": 5.1, "prof_centroide_km": 18.1, "prof_hipocentro_km": 6.2, "lat_hipocentro": -27.48, "lon_hipocentro": -71.46, "banda_prof": "5-30", "region": "NEAR COAST OF NORTHERN C", "beachball": "beachballs/bb_0601.png", "np1_rumbo": 339, "np1_manteo": 35, "np1_cabeceo": 77, "np2_rumbo": 175, "np2_manteo": 56, "np2_cabeceo": 99, "lat_centroide": -27.55, "lon_centroide": -71.9}}, {"type": "Feature", "geometry": {"type": "Point", "coordinates": [-71.09, -27.03]}, "properties": {"fecha": "2006/05/23", "hora": "02:40:31.4", "mw": 4.87, "mb": 4.7, "ms": 5.0, "prof_centroide_km": 29.0, "prof_hipocentro_km": 29.5, "lat_hipocentro": -27.03, "lon_hipocentro": -71.09, "banda_prof": "5-30", "region": "NEAR COAST OF NORTHERN C", "beachball": "beachballs/bb_0602.png", "np1_rumbo": 9, "np1_manteo": 23, "np1_cabeceo": 96, "np2_rumbo": 182, "np2_manteo": 67, "np2_cabeceo": 87, "lat_centroide": -27.04, "lon_centroide": -71.72}}, {"type": "Feature", "geometry": {"type": "Point", "coordinates": [-70.77, -24.6]}, "properties": {"fecha": "2006/06/23", "hora": "20:56:02.2", "mw": 4.87, "mb": 5.0, "ms": 4.7, "prof_centroide_km": 34.5, "prof_hipocentro_km": 27.3, "lat_hipocentro": -24.6, "lon_hipocentro": -70.77, "banda_prof": "5-30", "region": "NEAR COAST OF NORTHERN C", "beachball": "beachballs/bb_0603.png", "np1_rumbo": 339, "np1_manteo": 33, "np1_cabeceo": 69, "np2_rumbo": 184, "np2_manteo": 59, "np2_cabeceo": 103, "lat_centroide": -24.59, "lon_centroide": -71.27}}, {"type": "Feature", "geometry": {"type": "Point", "coordinates": [-71.35, -17.58]}, "properties": {"fecha": "2005/04/20", "hora": "10:40:47.3", "mw": 4.86, "mb": 5.2, "ms": 0.0, "prof_centroide_km": 44.2, "prof_hipocentro_km": 28.1, "lat_hipocentro": -17.58, "lon_hipocentro": -71.35, "banda_prof": "5-30", "region": "NEAR COAST OF PERU", "beachball": "beachballs/bb_0604.png", "np1_rumbo": 172, "np1_manteo": 54, "np1_cabeceo": -165, "np2_rumbo": 73, "np2_manteo": 78, "np2_cabeceo": -37, "lat_centroide": -17.86, "lon_centroide": -71.42}}, {"type": "Feature", "geometry": {"type": "Point", "coordinates": [-70.91, -20.49]}, "properties": {"fecha": "2014/04/04", "hora": "16:02:41.1", "mw": 4.86, "mb": 0.0, "ms": 4.8, "prof_centroide_km": 13.2, "prof_hipocentro_km": 10.0, "lat_hipocentro": -20.49, "lon_hipocentro": -70.91, "banda_prof": "5-30", "region": "NEAR COAST OF NORTHERN C", "beachball": "beachballs/bb_0605.png", "np1_rumbo": 96, "np1_manteo": 34, "np1_cabeceo": 72, "np2_rumbo": 297, "np2_manteo": 58, "np2_cabeceo": 101, "lat_centroide": -20.42, "lon_centroide": -70.74}}, {"type": "Feature", "geometry": {"type": "Point", "coordinates": [-71.86, -29.86]}, "properties": {"fecha": "2004/11/13", "hora": "19:29:25.2", "mw": 4.85, "mb": 4.9, "ms": 0.0, "prof_centroide_km": 17.3, "prof_hipocentro_km": 4.2, "lat_hipocentro": -29.86, "lon_hipocentro": -71.86, "banda_prof": "0-5", "region": "NEAR COAST OF CENTRAL CH", "beachball": "beachballs/bb_0606.png", "np1_rumbo": 335, "np1_manteo": 35, "np1_cabeceo": 68, "np2_rumbo": 181, "np2_manteo": 58, "np2_cabeceo": 105, "lat_centroide": -29.84, "lon_centroide": -72.43}}, {"type": "Feature", "geometry": {"type": "Point", "coordinates": [-70.89, -20.68]}, "properties": {"fecha": "2014/04/07", "hora": "06:24:23.6", "mw": 4.85, "mb": 0.0, "ms": 4.6, "prof_centroide_km": 21.8, "prof_hipocentro_km": 17.0, "lat_hipocentro": -20.68, "lon_hipocentro": -70.89, "banda_prof": "5-30", "region": "NEAR COAST OF NORTHERN C", "beachball": "beachballs/bb_0607.png", "np1_rumbo": 341, "np1_manteo": 33, "np1_cabeceo": 79, "np2_rumbo": 173, "np2_manteo": 58, "np2_cabeceo": 97, "lat_centroide": -20.66, "lon_centroide": -71.05}}, {"type": "Feature", "geometry": {"type": "Point", "coordinates": [-73.35, -33.97]}, "properties": {"fecha": "2019/09/14", "hora": "12:22:44.1", "mw": 4.85, "mb": 0.0, "ms": 4.9, "prof_centroide_km": 21.5, "prof_hipocentro_km": 10.0, "lat_hipocentro": -33.97, "lon_hipocentro": -73.35, "banda_prof": "5-30", "region": "OFF COAST OF CENTRAL CHI", "beachball": "beachballs/bb_0608.png", "np1_rumbo": 36, "np1_manteo": 43, "np1_cabeceo": -87, "np2_rumbo": 212, "np2_manteo": 47, "np2_cabeceo": -93, "lat_centroide": -34.03, "lon_centroide": -73.55}}, {"type": "Feature", "geometry": {"type": "Point", "coordinates": [-67.23, -30.56]}, "properties": {"fecha": "2004/10/29", "hora": "08:55:40.0", "mw": 4.84, "mb": 4.9, "ms": 0.0, "prof_centroide_km": 38.3, "prof_hipocentro_km": 24.6, "lat_hipocentro": -30.56, "lon_hipocentro": -67.23, "banda_prof": "5-30", "region": "SAN JUAN PROVINCE, ARGEN", "beachball": "beachballs/bb_0609.png", "np1_rumbo": 6, "np1_manteo": 33, "np1_cabeceo": 87, "np2_rumbo": 189, "np2_manteo": 57, "np2_cabeceo": 92, "lat_centroide": -30.81, "lon_centroide": -67.56}}, {"type": "Feature", "geometry": {"type": "Point", "coordinates": [-68.77, -32.81]}, "properties": {"fecha": "2005/08/23", "hora": "19:14:07.0", "mw": 4.84, "mb": 4.9, "ms": 0.0, "prof_centroide_km": 19.5, "prof_hipocentro_km": 10.0, "lat_hipocentro": -32.81, "lon_hipocentro": -68.77, "banda_prof": "5-30", "region": "MENDOZA PROVINCE, ARGENT", "beachball": "beachballs/bb_0610.png", "np1_rumbo": 95, "np1_manteo": 40, "np1_cabeceo": 24, "np2_rumbo": 346, "np2_manteo": 75, "np2_cabeceo": 127, "lat_centroide": -32.93, "lon_centroide": -69.14}}, {"type": "Feature", "geometry": {"type": "Point", "coordinates": [-74.19, -35.28]}, "properties": {"fecha": "2018/02/06", "hora": "04:48:45.5", "mw": 4.84, "mb": 0.0, "ms": 4.5, "prof_centroide_km": 19.2, "prof_hipocentro_km": 10.0, "lat_hipocentro": -35.28, "lon_hipocentro": -74.19, "banda_prof": "5-30", "region": "OFF COAST OF CENTRAL CHI", "beachball": "beachballs/bb_0611.png", "np1_rumbo": 37, "np1_manteo": 43, "np1_cabeceo": -94, "np2_rumbo": 222, "np2_manteo": 47, "np2_cabeceo": -87, "lat_centroide": -35.37, "lon_centroide": -74.3}}, {"type": "Feature", "geometry": {"type": "Point", "coordinates": [-69.07, -46.4]}, "properties": {"fecha": "2019/10/17", "hora": "16:58:28.6", "mw": 4.84, "mb": 0.0, "ms": 4.4, "prof_centroide_km": 12.0, "prof_hipocentro_km": 10.0, "lat_hipocentro": -46.4, "lon_hipocentro": -69.07, "banda_prof": "5-30", "region": "SOUTHERN ARGENTINA", "beachball": "beachballs/bb_0612.png", "np1_rumbo": 308, "np1_manteo": 60, "np1_cabeceo": -24, "np2_rumbo": 51, "np2_manteo": 69, "np2_cabeceo": -148, "lat_centroide": -46.51, "lon_centroide": -68.89}}, {"type": "Feature", "geometry": {"type": "Point", "coordinates": [-73.15, -30.98]}, "properties": {"fecha": "2015/09/21", "hora": "12:49:21.7", "mw": 4.83, "mb": 0.0, "ms": 4.6, "prof_centroide_km": 12.0, "prof_hipocentro_km": 10.0, "lat_hipocentro": -30.98, "lon_hipocentro": -73.15, "banda_prof": "5-30", "region": "OFF COAST OF CENTRAL CHI", "beachball": "beachballs/bb_0613.png", "np1_rumbo": 177, "np1_manteo": 39, "np1_cabeceo": -91, "np2_rumbo": 359, "np2_manteo": 51, "np2_cabeceo": -89, "lat_centroide": -31.17, "lon_centroide": -72.85}}, {"type": "Feature", "geometry": {"type": "Point", "coordinates": [-68.86, -38.52]}, "properties": {"fecha": "2019/03/07", "hora": "05:10:37.1", "mw": 4.83, "mb": 0.0, "ms": 5.0, "prof_centroide_km": 12.0, "prof_hipocentro_km": 13.8, "lat_hipocentro": -38.52, "lon_hipocentro": -68.86, "banda_prof": "5-30", "region": "SOUTHERN ARGENTINA", "beachball": "beachballs/bb_0614.png", "np1_rumbo": 167, "np1_manteo": 48, "np1_cabeceo": 28, "np2_rumbo": 57, "np2_manteo": 70, "np2_cabeceo": 134, "lat_centroide": -38.58, "lon_centroide": -68.93}}, {"type": "Feature", "geometry": {"type": "Point", "coordinates": [-72.84, -32.24]}, "properties": {"fecha": "2017/10/15", "hora": "10:59:14.8", "mw": 4.81, "mb": 0.0, "ms": 4.7, "prof_centroide_km": 22.4, "prof_hipocentro_km": 10.0, "lat_hipocentro": -32.24, "lon_hipocentro": -72.84, "banda_prof": "5-30", "region": "OFF COAST OF CENTRAL CHI", "beachball": "beachballs/bb_0615.png", "np1_rumbo": 52, "np1_manteo": 39, "np1_cabeceo": -96, "np2_rumbo": 240, "np2_manteo": 52, "np2_cabeceo": -85, "lat_centroide": -32.26, "lon_centroide": -72.92}}, {"type": "Feature", "geometry": {"type": "Point", "coordinates": [-75.75, -46.75]}, "properties": {"fecha": "2020/12/26", "hora": "01:47:04.0", "mw": 4.81, "mb": 0.0, "ms": 4.8, "prof_centroide_km": 19.9, "prof_hipocentro_km": 10.0, "lat_hipocentro": -46.75, "lon_hipocentro": -75.75, "banda_prof": "5-30", "region": "SOUTHERN CHILE", "beachball": "beachballs/bb_0616.png", "np1_rumbo": 352, "np1_manteo": 68, "np1_cabeceo": -18, "np2_rumbo": 90, "np2_manteo": 73, "np2_cabeceo": -156, "lat_centroide": -46.25, "lon_centroide": -75.98}}, {"type": "Feature", "geometry": {"type": "Point", "coordinates": [-75.31, -37.95]}, "properties": {"fecha": "2016/01/16", "hora": "09:42:33.4", "mw": 4.8, "mb": 0.0, "ms": 4.5, "prof_centroide_km": 18.4, "prof_hipocentro_km": 10.0, "lat_hipocentro": -37.95, "lon_hipocentro": -75.31, "banda_prof": "5-30", "region": "OFF COAST OF CENTRAL CHI", "beachball": "beachballs/bb_0617.png", "np1_rumbo": 176, "np1_manteo": 45, "np1_cabeceo": -95, "np2_rumbo": 3, "np2_manteo": 46, "np2_cabeceo": -85, "lat_centroide": -38.11, "lon_centroide": -75.62}}, {"type": "Feature", "geometry": {"type": "Point", "coordinates": [-74.89, -40.28]}, "properties": {"fecha": "2004/10/24", "hora": "03:49:54.8", "mw": 4.77, "mb": 4.9, "ms": 0.0, "prof_centroide_km": 16.8, "prof_hipocentro_km": 27.2, "lat_hipocentro": -40.28, "lon_hipocentro": -74.89, "banda_prof": "5-30", "region": "OFF COAST OF SOUTHERN CH", "beachball": "beachballs/bb_0618.png", "np1_rumbo": 2, "np1_manteo": 40, "np1_cabeceo": -74, "np2_rumbo": 162, "np2_manteo": 52, "np2_cabeceo": -103, "lat_centroide": -40.47, "lon_centroide": -75.32}}]}