<?xml version="1.0" encoding="utf-8" ?>
<kml xmlns="http://www.opengis.net/kml/2.2">
<Document id="root_doc">
<Schema name="centrales_solares" id="centrales_solares">
	<SimpleField name="OBJECTID" type="string"></SimpleField>
	<SimpleField name="ID_GE_SOLA" type="string"></SimpleField>
	<SimpleField name="NOMBRE" type="string"></SimpleField>
	<SimpleField name="PROPIEDAD" type="string"></SimpleField>
	<SimpleField name="TIPO" type="string"></SimpleField>
	<SimpleField name="MEDIO_GENE" type="string"></SimpleField>
	<SimpleField name="COMBUSTIBL" type="string"></SimpleField>
	<SimpleField name="POTENCIAMW" type="float"></SimpleField>
	<SimpleField name="UNIDADES" type="string"></SimpleField>
	<SimpleField name="RCA" type="string"></SimpleField>
	<SimpleField name="SIST_ELECT" type="string"></SimpleField>
	<SimpleField name="ESTADO" type="string"></SimpleField>
	<SimpleField name="F_OPERACIO" type="string"></SimpleField>
	<SimpleField name="COORD_ESTE" type="string"></SimpleField>
	<SimpleField name="COORD_NORT" type="string"></SimpleField>
	<SimpleField name="HUSO" type="string"></SimpleField>
	<SimpleField name="DATUM" type="string"></SimpleField>
	<SimpleField name="REGION" type="string"></SimpleField>
	<SimpleField name="PROVINCIA" type="string"></SimpleField>
	<SimpleField name="COMUNA" type="string"></SimpleField>
	<SimpleField name="FUENTE_BAS" type="string"></SimpleField>
	<SimpleField name="FECH_CREA" type="string"></SimpleField>
	<SimpleField name="FECH_ACT" type="string"></SimpleField>
</Schema>
<Folder><name>centrales_solares</name>
  <Placemark id="centrales_solares.1">
	<name>PEPA SOLAR</name>
	<ExtendedData><SchemaData schemaUrl="#centrales_solares">
		<SimpleData name="OBJECTID">1</SimpleData>
		<SimpleData name="ID_GE_SOLA">504</SimpleData>
		<SimpleData name="NOMBRE">PEPA SOLAR</SimpleData>
		<SimpleData name="PROPIEDAD">PEPA SOLAR SPA</SimpleData>
		<SimpleData name="TIPO">FOTOVOLTAICO</SimpleData>
		<SimpleData name="MEDIO_GENE">PMGD</SimpleData>
		<SimpleData name="COMBUSTIBL">NO APLICA</SimpleData>
		<SimpleData name="POTENCIAMW">9</SimpleData>
		<SimpleData name="UNIDADES">0</SimpleData>
		<SimpleData name="RCA">525/2018</SimpleData>
		<SimpleData name="SIST_ELECT">SEN</SimpleData>
		<SimpleData name="ESTADO">OPERATIVA</SimpleData>
		<SimpleData name="F_OPERACIO">1597190400000</SimpleData>
		<SimpleData name="COORD_ESTE">330476</SimpleData>
		<SimpleData name="COORD_NORT">6263568</SimpleData>
		<SimpleData name="HUSO">19 SUR</SimpleData>
		<SimpleData name="DATUM">WGS 1984</SimpleData>
		<SimpleData name="REGION">13</SimpleData>
		<SimpleData name="PROVINCIA">136</SimpleData>
		<SimpleData name="COMUNA">13603</SimpleData>
		<SimpleData name="FUENTE_BAS">CNE</SimpleData>
		<SimpleData name="FECH_CREA">1561852800000</SimpleData>
		<SimpleData name="FECH_ACT">1688083200000</SimpleData>
	</SchemaData></ExtendedData>
      <Point><coordinates>-70.8303409609999,-33.7544206169999</coordinates></Point>
  </Placemark>
  <Placemark id="centrales_solares.2">
	<name>MONTT SOLAR</name>
	<ExtendedData><SchemaData schemaUrl="#centrales_solares">
		<SimpleData name="OBJECTID">2</SimpleData>
		<SimpleData name="ID_GE_SOLA">473</SimpleData>
		<SimpleData name="NOMBRE">MONTT SOLAR</SimpleData>
		<SimpleData name="PROPIEDAD">CANENCIA ENERGIA SPA</SimpleData>
		<SimpleData name="TIPO">FOTOVOLTAICO</SimpleData>
		<SimpleData name="MEDIO_GENE">PMGD</SimpleData>
		<SimpleData name="COMBUSTIBL">NO APLICA</SimpleData>
		<SimpleData name="POTENCIAMW">3</SimpleData>
		<SimpleData name="UNIDADES">0</SimpleData>
		<SimpleData name="RCA">NO APLICA</SimpleData>
		<SimpleData name="SIST_ELECT">SEN</SimpleData>
		<SimpleData name="ESTADO">OPERATIVA</SimpleData>
		<SimpleData name="F_OPERACIO">1563494400000</SimpleData>
		<SimpleData name="COORD_ESTE">305251</SimpleData>
		<SimpleData name="COORD_NORT">6421728</SimpleData>
		<SimpleData name="HUSO">19 SUR</SimpleData>
		<SimpleData name="DATUM">WGS 1984</SimpleData>
		<SimpleData name="REGION">05</SimpleData>
		<SimpleData name="PROVINCIA">054</SimpleData>
		<SimpleData name="COMUNA">05404</SimpleData>
		<SimpleData name="FUENTE_BAS">CNE</SimpleData>
		<SimpleData name="FECH_CREA">1553990400000</SimpleData>
		<SimpleData name="FECH_ACT">1688083200000</SimpleData>
	</SchemaData></ExtendedData>
      <Point><coordinates>-71.068933973,-32.324377049</coordinates></Point>
  </Placemark>
  <Placemark id="centrales_solares.3">
	<name>FLORENCIA SOLAR</name>
	<ExtendedData><SchemaData schemaUrl="#centrales_solares">
		<SimpleData name="OBJECTID">3</SimpleData>
		<SimpleData name="ID_GE_SOLA">55</SimpleData>
		<SimpleData name="NOMBRE">FLORENCIA SOLAR</SimpleData>
		<SimpleData name="PROPIEDAD">GENERADORA SOL SOLIV SPA</SimpleData>
		<SimpleData name="TIPO">FOTOVOLTAICO</SimpleData>
		<SimpleData name="MEDIO_GENE">PMGD</SimpleData>
		<SimpleData name="COMBUSTIBL">NO APLICA</SimpleData>
		<SimpleData name="POTENCIAMW">9</SimpleData>
		<SimpleData name="UNIDADES">0</SimpleData>
		<SimpleData name="RCA">084/2014</SimpleData>
		<SimpleData name="SIST_ELECT">SEN</SimpleData>
		<SimpleData name="ESTADO">OPERATIVA</SimpleData>
		<SimpleData name="F_OPERACIO">1654732800000</SimpleData>
		<SimpleData name="COORD_ESTE">269728</SimpleData>
		<SimpleData name="COORD_NORT">6470447</SimpleData>
		<SimpleData name="HUSO">19 SUR</SimpleData>
		<SimpleData name="DATUM">WGS 1984</SimpleData>
		<SimpleData name="REGION">04</SimpleData>
		<SimpleData name="PROVINCIA">042</SimpleData>
		<SimpleData name="COMUNA">04203</SimpleData>
		<SimpleData name="FUENTE_BAS">CNE</SimpleData>
		<SimpleData name="FECH_CREA">1593475200000</SimpleData>
		<SimpleData name="FECH_ACT">1688083200000</SimpleData>
	</SchemaData></ExtendedData>
      <Point><coordinates>-71.4343612929999,-31.87850083</coordinates></Point>
  </Placemark>
  <Placemark id="centrales_solares.4">
	<name>PFV CARRERA PINTO</name>
	<ExtendedData><SchemaData schemaUrl="#centrales_solares">
		<SimpleData name="OBJECTID">4</SimpleData>
		<SimpleData name="ID_GE_SOLA">845</SimpleData>
		<SimpleData name="NOMBRE">PFV CARRERA PINTO</SimpleData>
		<SimpleData name="PROPIEDAD">ENEL GREEN POWER CHILE</SimpleData>
		<SimpleData name="TIPO">FOTOVOLTAICO</SimpleData>
		<SimpleData name="COMBUSTIBL">NO APLICA</SimpleData>
		<SimpleData name="POTENCIAMW">90.675</SimpleData>
		<SimpleData name="UNIDADES">0</SimpleData>
		<SimpleData name="RCA">189/2013</SimpleData>
		<SimpleData name="SIST_ELECT">SEN</SimpleData>
		<SimpleData name="ESTADO">OPERATIVA</SimpleData>
		<SimpleData name="F_OPERACIO">1462233600000</SimpleData>
		<SimpleData name="COORD_ESTE">413978</SimpleData>
		<SimpleData name="COORD_NORT">7012800</SimpleData>
		<SimpleData name="HUSO">19 SUR</SimpleData>
		<SimpleData name="DATUM">WGS 1984</SimpleData>
		<SimpleData name="REGION">03</SimpleData>
		<SimpleData name="PROVINCIA">031</SimpleData>
		<SimpleData name="COMUNA">03101</SimpleData>
		<SimpleData name="FUENTE_BAS">CNE</SimpleData>
		<SimpleData name="FECH_CREA">1483142400000</SimpleData>
		<SimpleData name="FECH_ACT">1688083200000</SimpleData>
	</SchemaData></ExtendedData>
      <Point><coordinates>-69.867037416,-27.004236313</coordinates></Point>
  </Placemark>
  <Placemark id="centrales_solares.5">
	<name>DONIHUE</name>
	<ExtendedData><SchemaData schemaUrl="#centrales_solares">
		<SimpleData name="OBJECTID">5</SimpleData>
		<SimpleData name="ID_GE_SOLA">114</SimpleData>
		<SimpleData name="NOMBRE">DONIHUE</SimpleData>
		<SimpleData name="PROPIEDAD">GR BELLOTO SPA</SimpleData>
		<SimpleData name="TIPO">FOTOVOLTAICO</SimpleData>
		<SimpleData name="MEDIO_GENE">PMGD</SimpleData>
		<SimpleData name="COMBUSTIBL">NO APLICA</SimpleData>
		<SimpleData name="POTENCIAMW">7.5</SimpleData>
		<SimpleData name="UNIDADES">0</SimpleData>
		<SimpleData name="RCA">013/2018</SimpleData>
		<SimpleData name="SIST_ELECT">SEN</SimpleData>
		<SimpleData name="ESTADO">OPERATIVA</SimpleData>
		<SimpleData name="F_OPERACIO">1566864000000</SimpleData>
		<SimpleData name="COORD_ESTE">320054</SimpleData>
		<SimpleData name="COORD_NORT">6204738</SimpleData>
		<SimpleData name="HUSO">19 SUR</SimpleData>
		<SimpleData name="DATUM">WGS 1984</SimpleData>
		<SimpleData name="REGION">06</SimpleData>
		<SimpleData name="PROVINCIA">061</SimpleData>
		<SimpleData name="COMUNA">06103</SimpleData>
		<SimpleData name="FUENTE_BAS">CNE</SimpleData>
		<SimpleData name="FECH_CREA">1506729600000</SimpleData>
		<SimpleData name="FECH_ACT">1688083200000</SimpleData>
	</SchemaData></ExtendedData>
      <Point><coordinates>-70.9549346479999,-34.282974872</coordinates></Point>
  </Placemark>
  <Placemark id="centrales_solares.6">
	<name>NAZARINO DEL VERANO</name>
	<ExtendedData><SchemaData schemaUrl="#centrales_solares">
		<SimpleData name="OBJECTID">6</SimpleData>
		<SimpleData name="ID_GE_SOLA">870</SimpleData>
		<SimpleData name="NOMBRE">NAZARINO DEL VERANO</SimpleData>
		<SimpleData name="PROPIEDAD">SOCOMPA DE VERANO SPA</SimpleData>
		<SimpleData name="TIPO">FOTOVOLTAICO</SimpleData>
		<SimpleData name="MEDIO_GENE">PMGD</SimpleData>
		<SimpleData name="COMBUSTIBL">NO APLICA</SimpleData>
		<SimpleData name="POTENCIAMW">3</SimpleData>
		<SimpleData name="UNIDADES">0</SimpleData>
		<SimpleData name="RCA">NO APLICA</SimpleData>
		<SimpleData name="SIST_ELECT">SEN</SimpleData>
		<SimpleData name="ESTADO">OPERATIVA</SimpleData>
		<SimpleData name="F_OPERACIO">1640736000000</SimpleData>
		<SimpleData name="COORD_ESTE">308946</SimpleData>
		<SimpleData name="COORD_NORT">6267649</SimpleData>
		<SimpleData name="HUSO">19 SUR</SimpleData>
		<SimpleData name="DATUM">WGS 1984</SimpleData>
		<SimpleData name="REGION">13</SimpleData>
		<SimpleData name="PROVINCIA">136</SimpleData>
		<SimpleData name="COMUNA">13602</SimpleData>
		<SimpleData name="FUENTE_BAS">CNE</SimpleData>
		<SimpleData name="FECH_CREA">1609372800000</SimpleData>
		<SimpleData name="FECH_ACT">1688083200000</SimpleData>
	</SchemaData></ExtendedData>
      <Point><coordinates>-71.061794482,-33.713972042</coordinates></Point>
  </Placemark>
  <Placemark id="centrales_solares.7">
	<name>SUNHUNTER</name>
	<ExtendedData><SchemaData schemaUrl="#centrales_solares">
		<SimpleData name="OBJECTID">7</SimpleData>
		<SimpleData name="ID_GE_SOLA">422</SimpleData>
		<SimpleData name="NOMBRE">SUNHUNTER</SimpleData>
		<SimpleData name="PROPIEDAD">SUNHUNTER SPA</SimpleData>
		<SimpleData name="TIPO">FOTOVOLTAICO</SimpleData>
		<SimpleData name="MEDIO_GENE">PMGD</SimpleData>
		<SimpleData name="COMBUSTIBL">NO APLICA</SimpleData>
		<SimpleData name="POTENCIAMW">9</SimpleData>
		<SimpleData name="UNIDADES">0</SimpleData>
		<SimpleData name="RCA">075/2018</SimpleData>
		<SimpleData name="SIST_ELECT">SEN</SimpleData>
		<SimpleData name="ESTADO">OPERATIVA</SimpleData>
		<SimpleData name="F_OPERACIO">1660089600000</SimpleData>
		<SimpleData name="COORD_ESTE">287226</SimpleData>
		<SimpleData name="COORD_NORT">6619091</SimpleData>
		<SimpleData name="HUSO">19 SUR</SimpleData>
		<SimpleData name="DATUM">WGS 1984</SimpleData>
		<SimpleData name="REGION">04</SimpleData>
		<SimpleData name="PROVINCIA">043</SimpleData>
		<SimpleData name="COMUNA">04301</SimpleData>
		<SimpleData name="FUENTE_BAS">CNE</SimpleData>
		<SimpleData name="FECH_CREA">1514678400000</SimpleData>
		<SimpleData name="FECH_ACT">1688083200000</SimpleData>
	</SchemaData></ExtendedData>
      <Point><coordinates>-71.217985078,-30.5417266339999</coordinates></Point>
  </Placemark>
  <Placemark id="centrales_solares.8">
	<name>AYLA SOLAR</name>
	<ExtendedData><SchemaData schemaUrl="#centrales_solares">
		<SimpleData name="OBJECTID">8</SimpleData>
		<SimpleData name="ID_GE_SOLA">938</SimpleData>
		<SimpleData name="NOMBRE">AYLA SOLAR</SimpleData>
		<SimpleData name="PROPIEDAD">PFV AYLA SOLAR SPA</SimpleData>
		<SimpleData name="TIPO">FOTOVOLTAICO</SimpleData>
		<SimpleData name="MEDIO_GENE">PMGD</SimpleData>
		<SimpleData name="COMBUSTIBL">NO APLICA</SimpleData>
		<SimpleData name="POTENCIAMW">9</SimpleData>
		<SimpleData name="UNIDADES">0</SimpleData>
		<SimpleData name="RCA">20210600138/2021</SimpleData>
		<SimpleData name="SIST_ELECT">SEN</SimpleData>
		<SimpleData name="ESTADO">OPERATIVA</SimpleData>
		<SimpleData name="F_OPERACIO">1681344000000</SimpleData>
		<SimpleData name="COORD_ESTE">338996</SimpleData>
		<SimpleData name="COORD_NORT">6222613</SimpleData>
		<SimpleData name="HUSO">19 SUR</SimpleData>
		<SimpleData name="DATUM">WGS 1984</SimpleData>
		<SimpleData name="REGION">06</SimpleData>
		<SimpleData name="PROVINCIA">061</SimpleData>
		<SimpleData name="COMUNA">06101</SimpleData>
		<SimpleData name="FUENTE_BAS">CNE</SimpleData>
		<SimpleData name="FECH_CREA">1609372800000</SimpleData>
		<SimpleData name="FECH_ACT">1688083200000</SimpleData>
	</SchemaData></ExtendedData>
      <Point><coordinates>-70.745911583,-34.1249523339999</coordinates></Point>
  </Placemark>
  <Placemark id="centrales_solares.9">
	<name>EL SAUCE</name>
	<ExtendedData><SchemaData schemaUrl="#centrales_solares">
		<SimpleData name="OBJECTID">9</SimpleData>
		<SimpleData name="ID_GE_SOLA">152</SimpleData>
		<SimpleData name="NOMBRE">EL SAUCE</SimpleData>
		<SimpleData name="PROPIEDAD">CHESTER SOLAR V SPA</SimpleData>
		<SimpleData name="TIPO">FOTOVOLTAICO</SimpleData>
		<SimpleData name="MEDIO_GENE">PMGD</SimpleData>
		<SimpleData name="COMBUSTIBL">NO APLICA</SimpleData>
		<SimpleData name="POTENCIAMW">2.94</SimpleData>
		<SimpleData name="UNIDADES">0</SimpleData>
		<SimpleData name="RCA">NO APLICA</SimpleData>
		<SimpleData name="SIST_ELECT">SEN</SimpleData>
		<SimpleData name="ESTADO">OPERATIVA</SimpleData>
		<SimpleData name="F_OPERACIO">1522108800000</SimpleData>
		<SimpleData name="COORD_ESTE">281058</SimpleData>
		<SimpleData name="COORD_NORT">6226445</SimpleData>
		<SimpleData name="HUSO">19 SUR</SimpleData>
		<SimpleData name="DATUM">WGS 1984</SimpleData>
		<SimpleData name="REGION">06</SimpleData>
		<SimpleData name="PROVINCIA">061</SimpleData>
		<SimpleData name="COMUNA">06107</SimpleData>
		<SimpleData name="FUENTE_BAS">CNE</SimpleData>
		<SimpleData name="FECH_CREA">1530316800000</SimpleData>
		<SimpleData name="FECH_ACT">1688083200000</SimpleData>
	</SchemaData></ExtendedData>
      <Point><coordinates>-71.372810117,-34.0798870909999</coordinates></Point>
  </Placemark>
  <Placemark id="centrales_solares.10">
	<name>ALTOS DEL PAICO</name>
	<ExtendedData><SchemaData schemaUrl="#centrales_solares">
		<SimpleData name="OBJECTID">10</SimpleData>
		<SimpleData name="ID_GE_SOLA">393</SimpleData>
		<SimpleData name="NOMBRE">ALTOS DEL PAICO</SimpleData>
		<SimpleData name="PROPIEDAD">SUN ENERGREEN SA</SimpleData>
		<SimpleData name="TIPO">FOTOVOLTAICO</SimpleData>
		<SimpleData name="MEDIO_GENE">PMGD</SimpleData>
		<SimpleData name="COMBUSTIBL">NO APLICA</SimpleData>
		<SimpleData name="POTENCIAMW">2.05</SimpleData>
		<SimpleData name="UNIDADES">0</SimpleData>
		<SimpleData name="RCA">NO APLICA</SimpleData>
		<SimpleData name="SIST_ELECT">SEN</SimpleData>
		<SimpleData name="ESTADO">OPERATIVA</SimpleData>
		<SimpleData name="F_OPERACIO">1483228800000</SimpleData>
		<SimpleData name="COORD_ESTE">309536</SimpleData>
		<SimpleData name="COORD_NORT">6274484</SimpleData>
		<SimpleData name="HUSO">19 SUR</SimpleData>
		<SimpleData name="DATUM">WGS 1984</SimpleData>
		<SimpleData name="REGION">13</SimpleData>
		<SimpleData name="PROVINCIA">136</SimpleData>
		<SimpleData name="COMUNA">13602</SimpleData>
		<SimpleData name="FUENTE_BAS">CNE</SimpleData>
		<SimpleData name="FECH_CREA">1483142400000</SimpleData>
		<SimpleData name="FECH_ACT">1688083200000</SimpleData>
	</SchemaData></ExtendedData>
      <Point><coordinates>-71.0539646719999,-33.6524704129999</coordinates></Point>
  </Placemark>
  <Placemark id="centrales_solares.11">
	<name>SAN EMILIO SOLAR I</name>
	<ExtendedData><SchemaData schemaUrl="#centrales_solares">
		<SimpleData name="OBJECTID">11</SimpleData>
		<SimpleData name="ID_GE_SOLA">1149</SimpleData>
		<SimpleData name="NOMBRE">SAN EMILIO SOLAR I</SimpleData>
		<SimpleData name="PROPIEDAD">SAN EMILIO SOLAR SPA</SimpleData>
		<SimpleData name="TIPO">FOTOVOLTAICO</SimpleData>
		<SimpleData name="MEDIO_GENE">PMGD</SimpleData>
		<SimpleData name="COMBUSTIBL">NO APLICA</SimpleData>
		<SimpleData name="POTENCIAMW">3</SimpleData>
		<SimpleData name="UNIDADES">0</SimpleData>
		<SimpleData name="RCA">NO APLICA</SimpleData>
		<SimpleData name="SIST_ELECT">SEN</SimpleData>
		<SimpleData name="ESTADO">OPERATIVA</SimpleData>
		<SimpleData name="F_OPERACIO">1651795200000</SimpleData>
		<SimpleData name="COORD_ESTE">298513</SimpleData>
		<SimpleData name="COORD_NORT">6124159</SimpleData>
		<SimpleData name="HUSO">19 SUR</SimpleData>
		<SimpleData name="DATUM">WGS 1984</SimpleData>
		<SimpleData name="REGION">07</SimpleData>
		<SimpleData name="PROVINCIA">073</SimpleData>
		<SimpleData name="COMUNA">07301</SimpleData>
		<SimpleData name="FUENTE_BAS">CNE</SimpleData>
		<SimpleData name="FECH_CREA">1640908800000</SimpleData>
		<SimpleData name="FECH_ACT">1688083200000</SimpleData>
	</SchemaData></ExtendedData>
      <Point><coordinates>-71.2079864039999,-35.00514169</coordinates></Point>
  </Placemark>
  <Placemark id="centrales_solares.12">
	<name>LA HUELLA</name>
	<ExtendedData><SchemaData schemaUrl="#centrales_solares">
		<SimpleData name="OBJECTID">12</SimpleData>
		<SimpleData name="ID_GE_SOLA">203</SimpleData>
		<SimpleData name="NOMBRE">LA HUELLA</SimpleData>
		<SimpleData name="PROPIEDAD">AUSTRIANSOLAR CHILE SEIS SPA</SimpleData>
		<SimpleData name="TIPO">FOTOVOLTAICO</SimpleData>
		<SimpleData name="COMBUSTIBL">NO APLICA</SimpleData>
		<SimpleData name="POTENCIAMW">84</SimpleData>
		<SimpleData name="UNIDADES">0</SimpleData>
		<SimpleData name="RCA">097/2016</SimpleData>
		<SimpleData name="SIST_ELECT">SEN</SimpleData>
		<SimpleData name="ESTADO">OPERATIVA</SimpleData>
		<SimpleData name="F_OPERACIO">1626998400000</SimpleData>
		<SimpleData name="COORD_ESTE">315926</SimpleData>
		<SimpleData name="COORD_NORT">6774890</SimpleData>
		<SimpleData name="HUSO">19 SUR</SimpleData>
		<SimpleData name="DATUM">WGS 1984</SimpleData>
		<SimpleData name="REGION">04</SimpleData>
		<SimpleData name="PROVINCIA">041</SimpleData>
		<SimpleData name="COMUNA">04104</SimpleData>
		<SimpleData name="FUENTE_BAS">CNE</SimpleData>
		<SimpleData name="FECH_CREA">1469577600000</SimpleData>
		<SimpleData name="FECH_ACT">1688083200000</SimpleData>
	</SchemaData></ExtendedData>
      <Point><coordinates>-70.8922735529999,-29.1411993359999</coordinates></Point>
  </Placemark>
  <Placemark id="centrales_solares.13">
	<name>LUNA DEL NORTE</name>
	<ExtendedData><SchemaData schemaUrl="#centrales_solares">
		<SimpleData name="OBJECTID">13</SimpleData>
		<SimpleData name="ID_GE_SOLA">261</SimpleData>
		<SimpleData name="NOMBRE">LUNA DEL NORTE</SimpleData>
		<SimpleData name="PROPIEDAD">SOLAR E SPA</SimpleData>
		<SimpleData name="TIPO">FOTOVOLTAICO</SimpleData>
		<SimpleData name="MEDIO_GENE">PMGD</SimpleData>
		<SimpleData name="COMBUSTIBL">NO APLICA</SimpleData>
		<SimpleData name="POTENCIAMW">2.93928</SimpleData>
		<SimpleData name="UNIDADES">0</SimpleData>
		<SimpleData name="RCA">NO APLICA</SimpleData>
		<SimpleData name="SIST_ELECT">SEN</SimpleData>
		<SimpleData name="ESTADO">OPERATIVA</SimpleData>
		<SimpleData name="F_OPERACIO">1442361600000</SimpleData>
		<SimpleData name="COORD_ESTE">338021</SimpleData>
		<SimpleData name="COORD_NORT">6675572</SimpleData>
		<SimpleData name="HUSO">19 SUR</SimpleData>
		<SimpleData name="DATUM">WGS 1984</SimpleData>
		<SimpleData name="REGION">04</SimpleData>
		<SimpleData name="PROVINCIA">041</SimpleData>
		<SimpleData name="COMUNA">04106</SimpleData>
		<SimpleData name="FUENTE_BAS">CNE</SimpleData>
		<SimpleData name="FECH_CREA">1451520000000</SimpleData>
		<SimpleData name="FECH_ACT">1688083200000</SimpleData>
	</SchemaData></ExtendedData>
      <Point><coordinates>-70.680005783,-30.040192045</coordinates></Point>
  </Placemark>
  <Placemark id="centrales_solares.14">
	<name>EL PICURIO</name>
	<ExtendedData><SchemaData schemaUrl="#centrales_solares">
		<SimpleData name="OBJECTID">14</SimpleData>
		<SimpleData name="ID_GE_SOLA">302</SimpleData>
		<SimpleData name="NOMBRE">EL PICURIO</SimpleData>
		<SimpleData name="PROPIEDAD">PV EL PICURIO SPA</SimpleData>
		<SimpleData name="TIPO">FOTOVOLTAICO</SimpleData>
		<SimpleData name="MEDIO_GENE">PMGD</SimpleData>
		<SimpleData name="COMBUSTIBL">NO APLICA</SimpleData>
		<SimpleData name="POTENCIAMW">3</SimpleData>
		<SimpleData name="UNIDADES">0</SimpleData>
		<SimpleData name="RCA">NO APLICA</SimpleData>
		<SimpleData name="SIST_ELECT">SEN</SimpleData>
		<SimpleData name="ESTADO">OPERATIVA</SimpleData>
		<SimpleData name="F_OPERACIO">1536019200000</SimpleData>
		<SimpleData name="COORD_ESTE">311383</SimpleData>
		<SimpleData name="COORD_NORT">6147297</SimpleData>
		<SimpleData name="HUSO">19 SUR</SimpleData>
		<SimpleData name="DATUM">WGS 1984</SimpleData>
		<SimpleData name="REGION">06</SimpleData>
		<SimpleData name="PROVINCIA">063</SimpleData>
		<SimpleData name="COMUNA">06303</SimpleData>
		<SimpleData name="FUENTE_BAS">CNE</SimpleData>
		<SimpleData name="FECH_CREA">1530316800000</SimpleData>
		<SimpleData name="FECH_ACT">1688083200000</SimpleData>
	</SchemaData></ExtendedData>
      <Point><coordinates>-71.061814977,-34.799111813</coordinates></Point>
  </Placemark>
  <Placemark id="centrales_solares.15">
	<name>SANTA CAROLINA</name>
	<ExtendedData><SchemaData schemaUrl="#centrales_solares">
		<SimpleData name="OBJECTID">15</SimpleData>
		<SimpleData name="ID_GE_SOLA">876</SimpleData>
		<SimpleData name="NOMBRE">SANTA CAROLINA</SimpleData>
		<SimpleData name="PROPIEDAD">GR ROBLE SPA</SimpleData>
		<SimpleData name="TIPO">FOTOVOLTAICO</SimpleData>
		<SimpleData name="MEDIO_GENE">PMGD</SimpleData>
		<SimpleData name="COMBUSTIBL">NO APLICA</SimpleData>
		<SimpleData name="POTENCIAMW">3</SimpleData>
		<SimpleData name="UNIDADES">0</SimpleData>
		<SimpleData name="RCA">NO APLICA</SimpleData>
		<SimpleData name="SIST_ELECT">SEN</SimpleData>
		<SimpleData name="ESTADO">OPERATIVA</SimpleData>
		<SimpleData name="F_OPERACIO">1609372800000</SimpleData>
		<SimpleData name="COORD_ESTE">326071</SimpleData>
		<SimpleData name="COORD_NORT">6160440</SimpleData>
		<SimpleData name="HUSO">19 SUR</SimpleData>
		<SimpleData name="DATUM">WGS 1984</SimpleData>
		<SimpleData name="REGION">06</SimpleData>
		<SimpleData name="PROVINCIA">063</SimpleData>
		<SimpleData name="COMUNA">06303</SimpleData>
		<SimpleData name="FUENTE_BAS">CNE</SimpleData>
		<SimpleData name="FECH_CREA">1609372800000</SimpleData>
		<SimpleData name="FECH_ACT">1688083200000</SimpleData>
	</SchemaData></ExtendedData>
      <Point><coordinates>-70.8986258259999,-34.683269789</coordinates></Point>
  </Placemark>
  <Placemark id="centrales_solares.16">
	<name>PAMA</name>
	<ExtendedData><SchemaData schemaUrl="#centrales_solares">
		<SimpleData name="OBJECTID">16</SimpleData>
		<SimpleData name="ID_GE_SOLA">412</SimpleData>
		<SimpleData name="NOMBRE">PAMA</SimpleData>
		<SimpleData name="PROPIEDAD">PSF PAMA S.A.</SimpleData>
		<SimpleData name="TIPO">FOTOVOLTAICO</SimpleData>
		<SimpleData name="MEDIO_GENE">PMGD</SimpleData>
		<SimpleData name="COMBUSTIBL">NO APLICA</SimpleData>
		<SimpleData name="POTENCIAMW">1.99</SimpleData>
		<SimpleData name="UNIDADES">0</SimpleData>
		<SimpleData name="RCA">NO APLICA</SimpleData>
		<SimpleData name="SIST_ELECT">SEN</SimpleData>
		<SimpleData name="ESTADO">OPERATIVA</SimpleData>
		<SimpleData name="F_OPERACIO">1403136000000</SimpleData>
		<SimpleData name="COORD_ESTE">306502</SimpleData>
		<SimpleData name="COORD_NORT">6547012</SimpleData>
		<SimpleData name="HUSO">19 SUR</SimpleData>
		<SimpleData name="DATUM">WGS 1984</SimpleData>
		<SimpleData name="REGION">04</SimpleData>
		<SimpleData name="PROVINCIA">043</SimpleData>
		<SimpleData name="COMUNA">04302</SimpleData>
		<SimpleData name="FUENTE_BAS">CNE</SimpleData>
		<SimpleData name="FECH_CREA">1418169600000</SimpleData>
		<SimpleData name="FECH_ACT">1688083200000</SimpleData>
	</SchemaData></ExtendedData>
      <Point><coordinates>-71.0308231229999,-31.194983798</coordinates></Point>
  </Placemark>
  <Placemark id="centrales_solares.17">
	<name>PILPILEN</name>
	<ExtendedData><SchemaData schemaUrl="#centrales_solares">
		<SimpleData name="OBJECTID">17</SimpleData>
		<SimpleData name="ID_GE_SOLA">550</SimpleData>
		<SimpleData name="NOMBRE">PILPILEN</SimpleData>
		<SimpleData name="PROPIEDAD">PILPILEN SPA</SimpleData>
		<SimpleData name="TIPO">FOTOVOLTAICO</SimpleData>
		<SimpleData name="MEDIO_GENE">PMGD</SimpleData>
		<SimpleData name="COMBUSTIBL">NO APLICA</SimpleData>
		<SimpleData name="POTENCIAMW">2.75</SimpleData>
		<SimpleData name="UNIDADES">0</SimpleData>
		<SimpleData name="RCA">NO APLICA</SimpleData>
		<SimpleData name="SIST_ELECT">SEN</SimpleData>
		<SimpleData name="ESTADO">OPERATIVA</SimpleData>
		<SimpleData name="F_OPERACIO">1575331200000</SimpleData>
		<SimpleData name="COORD_ESTE">246010</SimpleData>
		<SimpleData name="COORD_NORT">6217460</SimpleData>
		<SimpleData name="HUSO">19 SUR</SimpleData>
		<SimpleData name="DATUM">WGS 1984</SimpleData>
		<SimpleData name="REGION">06</SimpleData>
		<SimpleData name="PROVINCIA">062</SimpleData>
		<SimpleData name="COMUNA">06203</SimpleData>
		<SimpleData name="FUENTE_BAS">CNE</SimpleData>
		<SimpleData name="FECH_CREA">1577750400000</SimpleData>
		<SimpleData name="FECH_ACT">1688083200000</SimpleData>
	</SchemaData></ExtendedData>
      <Point><coordinates>-71.754913555,-34.152908415</coordinates></Point>
  </Placemark>
  <Placemark id="centrales_solares.18">
	<name>NIHUE</name>
	<ExtendedData><SchemaData schemaUrl="#centrales_solares">
		<SimpleData name="OBJECTID">18</SimpleData>
		<SimpleData name="ID_GE_SOLA">957</SimpleData>
		<SimpleData name="NOMBRE">NIHUE</SimpleData>
		<SimpleData name="PROPIEDAD">ECOINVERSOL CHILE SPA</SimpleData>
		<SimpleData name="TIPO">FOTOVOLTAICO</SimpleData>
		<SimpleData name="MEDIO_GENE">PMGD</SimpleData>
		<SimpleData name="COMBUSTIBL">NO APLICA</SimpleData>
		<SimpleData name="POTENCIAMW">2.9</SimpleData>
		<SimpleData name="UNIDADES">0</SimpleData>
		<SimpleData name="RCA">NO APLICA</SimpleData>
		<SimpleData name="SIST_ELECT">SEN</SimpleData>
		<SimpleData name="ESTADO">OPERATIVA</SimpleData>
		<SimpleData name="F_OPERACIO">1659484800000</SimpleData>
		<SimpleData name="COORD_ESTE">262960</SimpleData>
		<SimpleData name="COORD_NORT">6239066</SimpleData>
		<SimpleData name="HUSO">19 SUR</SimpleData>
		<SimpleData name="DATUM">WGS 1984</SimpleData>
		<SimpleData name="REGION">13</SimpleData>
		<SimpleData name="PROVINCIA">135</SimpleData>
		<SimpleData name="COMUNA">13505</SimpleData>
		<SimpleData name="FUENTE_BAS">CNE</SimpleData>
		<SimpleData name="FECH_CREA">1622419200000</SimpleData>
		<SimpleData name="FECH_ACT">1688083200000</SimpleData>
	</SchemaData></ExtendedData>
      <Point><coordinates>-71.565357461,-33.9622315139999</coordinates></Point>
  </Placemark>
  <Placemark id="centrales_solares.19">
	<name>PV SALVADOR</name>
	<ExtendedData><SchemaData schemaUrl="#centrales_solares">
		<SimpleData name="OBJECTID">19</SimpleData>
		<SimpleData name="ID_GE_SOLA">337</SimpleData>
		<SimpleData name="NOMBRE">PV SALVADOR</SimpleData>
		<SimpleData name="PROPIEDAD">PV SALVADOR SPA</SimpleData>
		<SimpleData name="TIPO">FOTOVOLTAICO</SimpleData>
		<SimpleData name="COMBUSTIBL">NO APLICA</SimpleData>
		<SimpleData name="POTENCIAMW">67.796</SimpleData>
		<SimpleData name="UNIDADES">0</SimpleData>
		<SimpleData name="RCA">240/2012</SimpleData>
		<SimpleData name="SIST_ELECT">SEN</SimpleData>
		<SimpleData name="ESTADO">OPERATIVA</SimpleData>
		<SimpleData name="F_OPERACIO">1436227200000</SimpleData>
		<SimpleData name="COORD_ESTE">413604</SimpleData>
		<SimpleData name="COORD_NORT">7089620</SimpleData>
		<SimpleData name="HUSO">19 SUR</SimpleData>
		<SimpleData name="DATUM">WGS 1984</SimpleData>
		<SimpleData name="REGION">03</SimpleData>
		<SimpleData name="PROVINCIA">032</SimpleData>
		<SimpleData name="COMUNA">03202</SimpleData>
		<SimpleData name="FUENTE_BAS">CNE</SimpleData>
		<SimpleData name="FECH_CREA">1443571200000</SimpleData>
		<SimpleData name="FECH_ACT">1688083200000</SimpleData>
	</SchemaData></ExtendedData>
      <Point><coordinates>-69.865558869,-26.3106827889999</coordinates></Point>
  </Placemark>
  <Placemark id="centrales_solares.20">
	<name>EL RESPLANDOR</name>
	<ExtendedData><SchemaData schemaUrl="#centrales_solares">
		<SimpleData name="OBJECTID">20</SimpleData>
		<SimpleData name="ID_GE_SOLA">851</SimpleData>
		<SimpleData name="NOMBRE">EL RESPLANDOR</SimpleData>
		<SimpleData name="PROPIEDAD">IMPULSO SOLAR EL RESPLANDOR SPA</SimpleData>
		<SimpleData name="TIPO">FOTOVOLTAICO</SimpleData>
		<SimpleData name="MEDIO_GENE">PMGD</SimpleData>
		<SimpleData name="COMBUSTIBL">NO APLICA</SimpleData>
		<SimpleData name="POTENCIAMW">2.627</SimpleData>
		<SimpleData name="UNIDADES">0</SimpleData>
		<SimpleData name="RCA">NO APLICA</SimpleData>
		<SimpleData name="SIST_ELECT">SEN</SimpleData>
		<SimpleData name="ESTADO">OPERATIVA</SimpleData>
		<SimpleData name="F_OPERACIO">1589846400000</SimpleData>
		<SimpleData name="COORD_ESTE">199080</SimpleData>
		<SimpleData name="COORD_NORT">5895421</SimpleData>
		<SimpleData name="HUSO">19 SUR</SimpleData>
		<SimpleData name="DATUM">WGS 1984</SimpleData>
		<SimpleData name="REGION">08</SimpleData>
		<SimpleData name="PROVINCIA">083</SimpleData>
		<SimpleData name="COMUNA">08303</SimpleData>
		<SimpleData name="FUENTE_BAS">CNE</SimpleData>
		<SimpleData name="FECH_CREA">1609372800000</SimpleData>
		<SimpleData name="FECH_ACT">1688083200000</SimpleData>
	</SchemaData></ExtendedData>
      <Point><coordinates>-72.3832280299999,-37.0392254339999</coordinates></Point>
  </Placemark>
  <Placemark id="centrales_solares.21">
	<name>SAN ISIDRO</name>
	<ExtendedData><SchemaData schemaUrl="#centrales_solares">
		<SimpleData name="OBJECTID">21</SimpleData>
		<SimpleData name="ID_GE_SOLA">467</SimpleData>
		<SimpleData name="NOMBRE">SAN ISIDRO</SimpleData>
		<SimpleData name="PROPIEDAD">FOTOVOLTAICA SAN ISIDRO SPA</SimpleData>
		<SimpleData name="TIPO">FOTOVOLTAICO</SimpleData>
		<SimpleData name="MEDIO_GENE">PMGD</SimpleData>
		<SimpleData name="COMBUSTIBL">NO APLICA</SimpleData>
		<SimpleData name="POTENCIAMW">2.7226</SimpleData>
		<SimpleData name="UNIDADES">0</SimpleData>
		<SimpleData name="RCA">NO APLICA</SimpleData>
		<SimpleData name="SIST_ELECT">SEN</SimpleData>
		<SimpleData name="ESTADO">OPERATIVA</SimpleData>
		<SimpleData name="F_OPERACIO">1570838400000</SimpleData>
		<SimpleData name="COORD_ESTE">334457</SimpleData>
		<SimpleData name="COORD_NORT">6205316</SimpleData>
		<SimpleData name="HUSO">19 SUR</SimpleData>
		<SimpleData name="DATUM">WGS 1984</SimpleData>
		<SimpleData name="REGION">06</SimpleData>
		<SimpleData name="PROVINCIA">061</SimpleData>
		<SimpleData name="COMUNA">06116</SimpleData>
		<SimpleData name="FUENTE_BAS">CNE</SimpleData>
		<SimpleData name="FECH_CREA">1553990400000</SimpleData>
		<SimpleData name="FECH_ACT">1688083200000</SimpleData>
	</SchemaData></ExtendedData>
      <Point><coordinates>-70.798420151,-34.280160983</coordinates></Point>
  </Placemark>
  <Placemark id="centrales_solares.22">
	<name>CHANCON</name>
	<ExtendedData><SchemaData schemaUrl="#centrales_solares">
		<SimpleData name="OBJECTID">22</SimpleData>
		<SimpleData name="ID_GE_SOLA">74</SimpleData>
		<SimpleData name="NOMBRE">CHANCON</SimpleData>
		<SimpleData name="PROPIEDAD">GR AVELLANO SPA</SimpleData>
		<SimpleData name="TIPO">FOTOVOLTAICO</SimpleData>
		<SimpleData name="MEDIO_GENE">PMGD</SimpleData>
		<SimpleData name="COMBUSTIBL">NO APLICA</SimpleData>
		<SimpleData name="POTENCIAMW">3</SimpleData>
		<SimpleData name="UNIDADES">0</SimpleData>
		<SimpleData name="RCA">NO APLICA</SimpleData>
		<SimpleData name="SIST_ELECT">SEN</SimpleData>
		<SimpleData name="ESTADO">OPERATIVA</SimpleData>
		<SimpleData name="F_OPERACIO">1521590400000</SimpleData>
		<SimpleData name="COORD_ESTE">331892</SimpleData>
		<SimpleData name="COORD_NORT">6226225</SimpleData>
		<SimpleData name="HUSO">19 SUR</SimpleData>
		<SimpleData name="DATUM">WGS 1984</SimpleData>
		<SimpleData name="REGION">06</SimpleData>
		<SimpleData name="PROVINCIA">061</SimpleData>
		<SimpleData name="COMUNA">06101</SimpleData>
		<SimpleData name="FUENTE_BAS">CNE</SimpleData>
		<SimpleData name="FECH_CREA">1530316800000</SimpleData>
		<SimpleData name="FECH_ACT">1688083200000</SimpleData>
	</SchemaData></ExtendedData>
      <Point><coordinates>-70.8222146959999,-34.091273896</coordinates></Point>
  </Placemark>
  <Placemark id="centrales_solares.23">
	<name>GUADALAO</name>
	<ExtendedData><SchemaData schemaUrl="#centrales_solares">
		<SimpleData name="OBJECTID">23</SimpleData>
		<SimpleData name="ID_GE_SOLA">545</SimpleData>
		<SimpleData name="NOMBRE">GUADALAO</SimpleData>
		<SimpleData name="PROPIEDAD">FOTOVOLTAICA MANIO SPA</SimpleData>
		<SimpleData name="TIPO">FOTOVOLTAICO</SimpleData>
		<SimpleData name="MEDIO_GENE">PMGD</SimpleData>
		<SimpleData name="COMBUSTIBL">NO APLICA</SimpleData>
		<SimpleData name="POTENCIAMW">2.99</SimpleData>
		<SimpleData name="UNIDADES">0</SimpleData>
		<SimpleData name="RCA">028/2020</SimpleData>
		<SimpleData name="SIST_ELECT">SEN</SimpleData>
		<SimpleData name="ESTADO">OPERATIVA</SimpleData>
		<SimpleData name="F_OPERACIO">1581638400000</SimpleData>
		<SimpleData name="COORD_ESTE">263160</SimpleData>
		<SimpleData name="COORD_NORT">6206840</SimpleData>
		<SimpleData name="HUSO">19 SUR</SimpleData>
		<SimpleData name="DATUM">WGS 1984</SimpleData>
		<SimpleData name="REGION">06</SimpleData>
		<SimpleData name="PROVINCIA">062</SimpleData>
		<SimpleData name="COMUNA">06202</SimpleData>
		<SimpleData name="FUENTE_BAS">CNE</SimpleData>
		<SimpleData name="FECH_CREA">1577750400000</SimpleData>
		<SimpleData name="FECH_ACT">1688083200000</SimpleData>
	</SchemaData></ExtendedData>
      <Point><coordinates>-71.5719720119999,-34.252622532</coordinates></Point>
  </Placemark>
  <Placemark id="centrales_solares.24">
	<name>MARIA PINTO</name>
	<ExtendedData><SchemaData schemaUrl="#centrales_solares">
		<SimpleData name="OBJECTID">24</SimpleData>
		<SimpleData name="ID_GE_SOLA">638</SimpleData>
		<SimpleData name="NOMBRE">MARIA PINTO</SimpleData>
		<SimpleData name="PROPIEDAD">PFV MARIA PINTO SPA</SimpleData>
		<SimpleData name="TIPO">FOTOVOLTAICO</SimpleData>
		<SimpleData name="MEDIO_GENE">PMGD</SimpleData>
		<SimpleData name="COMBUSTIBL">NO APLICA</SimpleData>
		<SimpleData name="POTENCIAMW">2.99</SimpleData>
		<SimpleData name="UNIDADES">0</SimpleData>
		<SimpleData name="RCA">NO APLICA</SimpleData>
		<SimpleData name="SIST_ELECT">SEN</SimpleData>
		<SimpleData name="ESTADO">OPERATIVA</SimpleData>
		<SimpleData name="F_OPERACIO">1598572800000</SimpleData>
		<SimpleData name="COORD_ESTE">295437</SimpleData>
		<SimpleData name="COORD_NORT">6289812</SimpleData>
		<SimpleData name="HUSO">19 SUR</SimpleData>
		<SimpleData name="DATUM">WGS 1984</SimpleData>
		<SimpleData name="REGION">13</SimpleData>
		<SimpleData name="PROVINCIA">135</SimpleData>
		<SimpleData name="COMUNA">13504</SimpleData>
		<SimpleData name="FUENTE_BAS">CNE</SimpleData>
		<SimpleData name="FECH_CREA">1593475200000</SimpleData>
		<SimpleData name="FECH_ACT">1688083200000</SimpleData>
	</SchemaData></ExtendedData>
      <Point><coordinates>-71.2023995719999,-33.511702655</coordinates></Point>
  </Placemark>
  <Placemark id="centrales_solares.25">
	<name>PLAYERON</name>
	<ExtendedData><SchemaData schemaUrl="#centrales_solares">
		<SimpleData name="OBJECTID">25</SimpleData>
		<SimpleData name="ID_GE_SOLA">1135</SimpleData>
		<SimpleData name="NOMBRE">PLAYERON</SimpleData>
		<SimpleData name="PROPIEDAD">PLAYERO SPA</SimpleData>
		<SimpleData name="TIPO">FOTOVOLTAICO</SimpleData>
		<SimpleData name="MEDIO_GENE">PMGD</SimpleData>
		<SimpleData name="COMBUSTIBL">NO APLICA</SimpleData>
		<SimpleData name="POTENCIAMW">3</SimpleData>
		<SimpleData name="UNIDADES">0</SimpleData>
		<SimpleData name="RCA">NO APLICA</SimpleData>
		<SimpleData name="SIST_ELECT">SEN</SimpleData>
		<SimpleData name="ESTADO">OPERATIVA</SimpleData>
		<SimpleData name="F_OPERACIO">1654128000000</SimpleData>
		<SimpleData name="COORD_ESTE">188482</SimpleData>
		<SimpleData name="COORD_NORT">6024413</SimpleData>
		<SimpleData name="HUSO">19 SUR</SimpleData>
		<SimpleData name="DATUM">WGS 1984</SimpleData>
		<SimpleData name="REGION">07</SimpleData>
		<SimpleData name="PROVINCIA">072</SimpleData>
		<SimpleData name="COMUNA">07202</SimpleData>
		<SimpleData name="FUENTE_BAS">CNE</SimpleData>
		<SimpleData name="FECH_CREA">1640908800000</SimpleData>
		<SimpleData name="FECH_ACT">1688083200000</SimpleData>
	</SchemaData></ExtendedData>
      <Point><coordinates>-72.45031448,-35.875019503</coordinates></Point>
  </Placemark>
  <Placemark id="centrales_solares.26">
	<name>CANTERA</name>
	<ExtendedData><SchemaData schemaUrl="#centrales_solares">
		<SimpleData name="OBJECTID">26</SimpleData>
		<SimpleData name="ID_GE_SOLA">975</SimpleData>
		<SimpleData name="NOMBRE">CANTERA</SimpleData>
		<SimpleData name="PROPIEDAD">CANTERA SOLAR II SPA</SimpleData>
		<SimpleData name="TIPO">FOTOVOLTAICO</SimpleData>
		<SimpleData name="MEDIO_GENE">PMGD</SimpleData>
		<SimpleData name="COMBUSTIBL">NO APLICA</SimpleData>
		<SimpleData name="POTENCIAMW">2.9</SimpleData>
		<SimpleData name="UNIDADES">0</SimpleData>
		<SimpleData name="RCA">NO APLICA</SimpleData>
		<SimpleData name="SIST_ELECT">SEN</SimpleData>
		<SimpleData name="ESTADO">OPERATIVA</SimpleData>
		<SimpleData name="F_OPERACIO">1655424000000</SimpleData>
		<SimpleData name="COORD_ESTE">267182</SimpleData>
		<SimpleData name="COORD_NORT">6245703</SimpleData>
		<SimpleData name="HUSO">19 SUR</SimpleData>
		<SimpleData name="DATUM">WGS 1984</SimpleData>
		<SimpleData name="REGION">13</SimpleData>
		<SimpleData name="PROVINCIA">135</SimpleData>
		<SimpleData name="COMUNA">13505</SimpleData>
		<SimpleData name="FUENTE_BAS">CNE</SimpleData>
		<SimpleData name="FECH_CREA">1625011200000</SimpleData>
		<SimpleData name="FECH_ACT">1688083200000</SimpleData>
	</SchemaData></ExtendedData>
      <Point><coordinates>-71.517942315,-33.903373979</coordinates></Point>
  </Placemark>
  <Placemark id="centrales_solares.27">
	<name>RANGUIL</name>
	<ExtendedData><SchemaData schemaUrl="#centrales_solares">
		<SimpleData name="OBJECTID">27</SimpleData>
		<SimpleData name="ID_GE_SOLA">352</SimpleData>
		<SimpleData name="NOMBRE">RANGUIL</SimpleData>
		<SimpleData name="PROPIEDAD">RANGUIL SUR SPA</SimpleData>
		<SimpleData name="TIPO">FOTOVOLTAICO</SimpleData>
		<SimpleData name="MEDIO_GENE">PMGD</SimpleData>
		<SimpleData name="COMBUSTIBL">NO APLICA</SimpleData>
		<SimpleData name="POTENCIAMW">2.95</SimpleData>
		<SimpleData name="UNIDADES">0</SimpleData>
		<SimpleData name="RCA">NO APLICA</SimpleData>
		<SimpleData name="SIST_ELECT">SEN</SimpleData>
		<SimpleData name="ESTADO">OPERATIVA</SimpleData>
		<SimpleData name="F_OPERACIO">1563494400000</SimpleData>
		<SimpleData name="COORD_ESTE">247266</SimpleData>
		<SimpleData name="COORD_NORT">6144897</SimpleData>
		<SimpleData name="HUSO">19 SUR</SimpleData>
		<SimpleData name="DATUM">WGS 1984</SimpleData>
		<SimpleData name="REGION">06</SimpleData>
		<SimpleData name="PROVINCIA">063</SimpleData>
		<SimpleData name="COMUNA">06304</SimpleData>
		<SimpleData name="FUENTE_BAS">CNE</SimpleData>
		<SimpleData name="FECH_CREA">1538265600000</SimpleData>
		<SimpleData name="FECH_ACT">1688083200000</SimpleData>
	</SchemaData></ExtendedData>
      <Point><coordinates>-71.7627839949999,-34.8068448339999</coordinates></Point>
  </Placemark>
  <Placemark id="centrales_solares.28">
	<name>VICTORIA</name>
	<ExtendedData><SchemaData schemaUrl="#centrales_solares">
		<SimpleData name="OBJECTID">28</SimpleData>
		<SimpleData name="ID_GE_SOLA">364</SimpleData>
		<SimpleData name="NOMBRE">VICTORIA</SimpleData>
		<SimpleData name="PROPIEDAD">VICTORIA SOLAR SPA</SimpleData>
		<SimpleData name="TIPO">FOTOVOLTAICO</SimpleData>
		<SimpleData name="MEDIO_GENE">PMGD</SimpleData>
		<SimpleData name="COMBUSTIBL">NO APLICA</SimpleData>
		<SimpleData name="POTENCIAMW">9</SimpleData>
		<SimpleData name="UNIDADES">0</SimpleData>
		<SimpleData name="RCA">049/2019</SimpleData>
		<SimpleData name="SIST_ELECT">SEN</SimpleData>
		<SimpleData name="ESTADO">OPERATIVA</SimpleData>
		<SimpleData name="F_OPERACIO">1591833600000</SimpleData>
		<SimpleData name="COORD_ESTE">502528</SimpleData>
		<SimpleData name="COORD_NORT">7514133</SimpleData>
		<SimpleData name="HUSO">19 SUR</SimpleData>
		<SimpleData name="DATUM">WGS 1984</SimpleData>
		<SimpleData name="REGION">02</SimpleData>
		<SimpleData name="PROVINCIA">022</SimpleData>
		<SimpleData name="COMUNA">02201</SimpleData>
		<SimpleData name="FUENTE_BAS">CNE</SimpleData>
		<SimpleData name="FECH_CREA">1530316800000</SimpleData>
		<SimpleData name="FECH_ACT">1688083200000</SimpleData>
	</SchemaData></ExtendedData>
      <Point><coordinates>-68.975425409,-22.479177917</coordinates></Point>
  </Placemark>
  <Placemark id="centrales_solares.29">
	<name>SANTA INES SOLAR</name>
	<ExtendedData><SchemaData schemaUrl="#centrales_solares">
		<SimpleData name="OBJECTID">29</SimpleData>
		<SimpleData name="ID_GE_SOLA">647</SimpleData>
		<SimpleData name="NOMBRE">SANTA INES SOLAR</SimpleData>
		<SimpleData name="PROPIEDAD">CVE PROYECTO SEIS SPA</SimpleData>
		<SimpleData name="TIPO">FOTOVOLTAICO</SimpleData>
		<SimpleData name="MEDIO_GENE">PMGD</SimpleData>
		<SimpleData name="COMBUSTIBL">NO APLICA</SimpleData>
		<SimpleData name="POTENCIAMW">2.95</SimpleData>
		<SimpleData name="UNIDADES">0</SimpleData>
		<SimpleData name="RCA">NO APLICA</SimpleData>
		<SimpleData name="SIST_ELECT">SEN</SimpleData>
		<SimpleData name="ESTADO">OPERATIVA</SimpleData>
		<SimpleData name="F_OPERACIO">1605312000000</SimpleData>
		<SimpleData name="COORD_ESTE">325990</SimpleData>
		<SimpleData name="COORD_NORT">6333267</SimpleData>
		<SimpleData name="HUSO">19 SUR</SimpleData>
		<SimpleData name="DATUM">WGS 1984</SimpleData>
		<SimpleData name="REGION">13</SimpleData>
		<SimpleData name="PROVINCIA">133</SimpleData>
		<SimpleData name="COMUNA">13303</SimpleData>
		<SimpleData name="FUENTE_BAS">CNE</SimpleData>
		<SimpleData name="FECH_CREA">1593475200000</SimpleData>
		<SimpleData name="FECH_ACT">1688083200000</SimpleData>
	</SchemaData></ExtendedData>
      <Point><coordinates>-70.865255054,-33.125362842</coordinates></Point>
  </Placemark>
  <Placemark id="centrales_solares.30">
	<name>URIBE SOLAR</name>
	<ExtendedData><SchemaData schemaUrl="#centrales_solares">
		<SimpleData name="OBJECTID">30</SimpleData>
		<SimpleData name="ID_GE_SOLA">450</SimpleData>
		<SimpleData name="NOMBRE">URIBE SOLAR</SimpleData>
		<SimpleData name="PROPIEDAD">FOTOVOLTAICA NORTE GRANDE 5 SPA</SimpleData>
		<SimpleData name="TIPO">FOTOVOLTAICO</SimpleData>
		<SimpleData name="COMBUSTIBL">NO APLICA</SimpleData>
		<SimpleData name="POTENCIAMW">52.75</SimpleData>
		<SimpleData name="UNIDADES">0</SimpleData>
		<SimpleData name="RCA">261/2014</SimpleData>
		<SimpleData name="SIST_ELECT">SEN</SimpleData>
		<SimpleData name="ESTADO">OPERATIVA</SimpleData>
		<SimpleData name="F_OPERACIO">1490832000000</SimpleData>
		<SimpleData name="COORD_ESTE">375836</SimpleData>
		<SimpleData name="COORD_NORT">7393762</SimpleData>
		<SimpleData name="HUSO">19 SUR</SimpleData>
		<SimpleData name="DATUM">WGS 1984</SimpleData>
		<SimpleData name="REGION">02</SimpleData>
		<SimpleData name="PROVINCIA">021</SimpleData>
		<SimpleData name="COMUNA">02101</SimpleData>
		<SimpleData name="FUENTE_BAS">CNE</SimpleData>
		<SimpleData name="FECH_CREA">1490918400000</SimpleData>
		<SimpleData name="FECH_ACT">1688083200000</SimpleData>
	</SchemaData></ExtendedData>
      <Point><coordinates>-70.2166050179999,-23.561781196</coordinates></Point>
  </Placemark>
  <Placemark id="centrales_solares.31">
	<name>FV DEL DESIERTO</name>
	<ExtendedData><SchemaData schemaUrl="#centrales_solares">
		<SimpleData name="OBJECTID">31</SimpleData>
		<SimpleData name="ID_GE_SOLA">170</SimpleData>
		<SimpleData name="NOMBRE">FV DEL DESIERTO</SimpleData>
		<SimpleData name="PROPIEDAD">FOTOVOLTAICA DEL DESIERTO SPA</SimpleData>
		<SimpleData name="TIPO">FOTOVOLTAICO</SimpleData>
		<SimpleData name="MEDIO_GENE">PMG</SimpleData>
		<SimpleData name="COMBUSTIBL">NO APLICA</SimpleData>
		<SimpleData name="POTENCIAMW">8.35</SimpleData>
		<SimpleData name="UNIDADES">0</SimpleData>
		<SimpleData name="RCA">152/2018</SimpleData>
		<SimpleData name="SIST_ELECT">SEN</SimpleData>
		<SimpleData name="ESTADO">OPERATIVA</SimpleData>
		<SimpleData name="F_OPERACIO">1651449600000</SimpleData>
		<SimpleData name="COORD_ESTE">540779</SimpleData>
		<SimpleData name="COORD_NORT">7343742</SimpleData>
		<SimpleData name="HUSO">19 SUR</SimpleData>
		<SimpleData name="DATUM">WGS 1984</SimpleData>
		<SimpleData name="REGION">02</SimpleData>
		<SimpleData name="PROVINCIA">021</SimpleData>
		<SimpleData name="COMUNA">02101</SimpleData>
		<SimpleData name="FUENTE_BAS">CNE</SimpleData>
		<SimpleData name="FECH_CREA">1506729600000</SimpleData>
		<SimpleData name="FECH_ACT">1688083200000</SimpleData>
	</SchemaData></ExtendedData>
      <Point><coordinates>-68.599017163,-24.0178241259999</coordinates></Point>
  </Placemark>
  <Placemark id="centrales_solares.32">
	<name>SANTA EMILIA</name>
	<ExtendedData><SchemaData schemaUrl="#centrales_solares">
		<SimpleData name="OBJECTID">32</SimpleData>
		<SimpleData name="ID_GE_SOLA">772</SimpleData>
		<SimpleData name="NOMBRE">SANTA EMILIA</SimpleData>
		<SimpleData name="PROPIEDAD">GR PATAGONIA SPA</SimpleData>
		<SimpleData name="TIPO">FOTOVOLTAICO</SimpleData>
		<SimpleData name="MEDIO_GENE">PMGD</SimpleData>
		<SimpleData name="COMBUSTIBL">NO APLICA</SimpleData>
		<SimpleData name="POTENCIAMW">9</SimpleData>
		<SimpleData name="UNIDADES">0</SimpleData>
		<SimpleData name="RCA">012/2021</SimpleData>
		<SimpleData name="SIST_ELECT">SEN</SimpleData>
		<SimpleData name="ESTADO">OPERATIVA</SimpleData>
		<SimpleData name="F_OPERACIO">1659052800000</SimpleData>
		<SimpleData name="COORD_ESTE">335467</SimpleData>
		<SimpleData name="COORD_NORT">6222904</SimpleData>
		<SimpleData name="HUSO">19 SUR</SimpleData>
		<SimpleData name="DATUM">WGS 1984</SimpleData>
		<SimpleData name="REGION">06</SimpleData>
		<SimpleData name="PROVINCIA">061</SimpleData>
		<SimpleData name="COMUNA">06101</SimpleData>
		<SimpleData name="FUENTE_BAS">CNE</SimpleData>
		<SimpleData name="FECH_CREA">1593475200000</SimpleData>
		<SimpleData name="FECH_ACT">1688083200000</SimpleData>
	</SchemaData></ExtendedData>
      <Point><coordinates>-70.784108471,-34.1217792109999</coordinates></Point>
  </Placemark>
  <Placemark id="centrales_solares.33">
	<name>HORNITOS</name>
	<ExtendedData><SchemaData schemaUrl="#centrales_solares">
		<SimpleData name="OBJECTID">33</SimpleData>
		<SimpleData name="ID_GE_SOLA">403</SimpleData>
		<SimpleData name="NOMBRE">HORNITOS</SimpleData>
		<SimpleData name="PROPIEDAD">DON ALFONSO SPA</SimpleData>
		<SimpleData name="TIPO">FOTOVOLTAICO</SimpleData>
		<SimpleData name="MEDIO_GENE">PMGD</SimpleData>
		<SimpleData name="COMBUSTIBL">NO APLICA</SimpleData>
		<SimpleData name="POTENCIAMW">0.3214</SimpleData>
		<SimpleData name="UNIDADES">0</SimpleData>
		<SimpleData name="RCA">NO APLICA</SimpleData>
		<SimpleData name="SIST_ELECT">SEN</SimpleData>
		<SimpleData name="ESTADO">OPERATIVA</SimpleData>
		<SimpleData name="F_OPERACIO">1370822400000</SimpleData>
		<SimpleData name="COORD_ESTE">382588</SimpleData>
		<SimpleData name="COORD_NORT">6931619</SimpleData>
		<SimpleData name="HUSO">19 SUR</SimpleData>
		<SimpleData name="DATUM">WGS 1984</SimpleData>
		<SimpleData name="REGION">03</SimpleData>
		<SimpleData name="PROVINCIA">031</SimpleData>
		<SimpleData name="COMUNA">03103</SimpleData>
		<SimpleData name="FUENTE_BAS">CNE</SimpleData>
		<SimpleData name="FECH_CREA">1430352000000</SimpleData>
		<SimpleData name="FECH_ACT">1688083200000</SimpleData>
	</SchemaData></ExtendedData>
      <Point><coordinates>-70.191197728,-27.734687801</coordinates></Point>
  </Placemark>
  <Placemark id="centrales_solares.34">
	<name>PARQUE SOLAR CUZ CUZ</name>
	<ExtendedData><SchemaData schemaUrl="#centrales_solares">
		<SimpleData name="OBJECTID">34</SimpleData>
		<SimpleData name="ID_GE_SOLA">292</SimpleData>
		<SimpleData name="NOMBRE">PARQUE SOLAR CUZ CUZ</SimpleData>
		<SimpleData name="PROPIEDAD">PARQUE SOLAR CUZ CUZ SPA</SimpleData>
		<SimpleData name="TIPO">FOTOVOLTAICO</SimpleData>
		<SimpleData name="MEDIO_GENE">PMGD</SimpleData>
		<SimpleData name="COMBUSTIBL">NO APLICA</SimpleData>
		<SimpleData name="POTENCIAMW">2.97</SimpleData>
		<SimpleData name="UNIDADES">0</SimpleData>
		<SimpleData name="RCA">NO APLICA</SimpleData>
		<SimpleData name="SIST_ELECT">SEN</SimpleData>
		<SimpleData name="ESTADO">OPERATIVA</SimpleData>
		<SimpleData name="F_OPERACIO">1488412800000</SimpleData>
		<SimpleData name="COORD_ESTE">289975</SimpleData>
		<SimpleData name="COORD_NORT">6494778</SimpleData>
		<SimpleData name="HUSO">19 SUR</SimpleData>
		<SimpleData name="DATUM">WGS 1984</SimpleData>
		<SimpleData name="REGION">04</SimpleData>
		<SimpleData name="PROVINCIA">042</SimpleData>
		<SimpleData name="COMUNA">04201</SimpleData>
		<SimpleData name="FUENTE_BAS">CNE</SimpleData>
		<SimpleData name="FECH_CREA">1530316800000</SimpleData>
		<SimpleData name="FECH_ACT">1688083200000</SimpleData>
	</SchemaData></ExtendedData>
      <Point><coordinates>-71.215224473,-31.6630661199999</coordinates></Point>
  </Placemark>
  <Placemark id="centrales_solares.35">
	<name>HELIOS</name>
	<ExtendedData><SchemaData schemaUrl="#centrales_solares">
		<SimpleData name="OBJECTID">35</SimpleData>
		<SimpleData name="ID_GE_SOLA">1160</SimpleData>
		<SimpleData name="NOMBRE">HELIOS</SimpleData>
		<SimpleData name="PROPIEDAD">PARSOSY HELIOS SPA</SimpleData>
		<SimpleData name="TIPO">FOTOVOLTAICO</SimpleData>
		<SimpleData name="MEDIO_GENE">PMGD</SimpleData>
		<SimpleData name="COMBUSTIBL">NO APLICA</SimpleData>
		<SimpleData name="POTENCIAMW">3</SimpleData>
		<SimpleData name="UNIDADES">0</SimpleData>
		<SimpleData name="RCA">NO APLICA</SimpleData>
		<SimpleData name="SIST_ELECT">SEN</SimpleData>
		<SimpleData name="ESTADO">OPERATIVA</SimpleData>
		<SimpleData name="F_OPERACIO">1653350400000</SimpleData>
		<SimpleData name="COORD_ESTE">315230</SimpleData>
		<SimpleData name="COORD_NORT">6364389</SimpleData>
		<SimpleData name="HUSO">19 SUR</SimpleData>
		<SimpleData name="DATUM">WGS 1984</SimpleData>
		<SimpleData name="REGION">05</SimpleData>
		<SimpleData name="PROVINCIA">057</SimpleData>
		<SimpleData name="COMUNA">05703</SimpleData>
		<SimpleData name="FUENTE_BAS">CNE</SimpleData>
		<SimpleData name="FECH_CREA">1640908800000</SimpleData>
		<SimpleData name="FECH_ACT">1688083200000</SimpleData>
	</SchemaData></ExtendedData>
      <Point><coordinates>-70.9742789869999,-32.84301794</coordinates></Point>
  </Placemark>
  <Placemark id="centrales_solares.36">
	<name>CABILSOL</name>
	<ExtendedData><SchemaData schemaUrl="#centrales_solares">
		<SimpleData name="OBJECTID">36</SimpleData>
		<SimpleData name="ID_GE_SOLA">44</SimpleData>
		<SimpleData name="NOMBRE">CABILSOL</SimpleData>
		<SimpleData name="PROPIEDAD">GR GUAYACAN SPA</SimpleData>
		<SimpleData name="TIPO">FOTOVOLTAICO</SimpleData>
		<SimpleData name="MEDIO_GENE">PMGD</SimpleData>
		<SimpleData name="COMBUSTIBL">NO APLICA</SimpleData>
		<SimpleData name="POTENCIAMW">3</SimpleData>
		<SimpleData name="UNIDADES">0</SimpleData>
		<SimpleData name="RCA">342/2016</SimpleData>
		<SimpleData name="SIST_ELECT">SEN</SimpleData>
		<SimpleData name="ESTADO">OPERATIVA</SimpleData>
		<SimpleData name="F_OPERACIO">1501200000000</SimpleData>
		<SimpleData name="COORD_ESTE">302337</SimpleData>
		<SimpleData name="COORD_NORT">6405912</SimpleData>
		<SimpleData name="HUSO">19 SUR</SimpleData>
		<SimpleData name="DATUM">WGS 1984</SimpleData>
		<SimpleData name="REGION">05</SimpleData>
		<SimpleData name="PROVINCIA">054</SimpleData>
		<SimpleData name="COMUNA">05402</SimpleData>
		<SimpleData name="FUENTE_BAS">CNE</SimpleData>
		<SimpleData name="FECH_CREA">1530316800000</SimpleData>
		<SimpleData name="FECH_ACT">1688083200000</SimpleData>
	</SchemaData></ExtendedData>
      <Point><coordinates>-71.103177301,-32.4664495759999</coordinates></Point>
  </Placemark>
  <Placemark id="centrales_solares.37">
	<name>ARIZTIA</name>
	<ExtendedData><SchemaData schemaUrl="#centrales_solares">
		<SimpleData name="OBJECTID">37</SimpleData>
		<SimpleData name="ID_GE_SOLA">24</SimpleData>
		<SimpleData name="NOMBRE">ARIZTIA</SimpleData>
		<SimpleData name="PROPIEDAD">FOTOVOLTAICA ARIZTIA SPA</SimpleData>
		<SimpleData name="TIPO">FOTOVOLTAICO</SimpleData>
		<SimpleData name="MEDIO_GENE">PMGD</SimpleData>
		<SimpleData name="COMBUSTIBL">NO APLICA</SimpleData>
		<SimpleData name="POTENCIAMW">2.7</SimpleData>
		<SimpleData name="UNIDADES">0</SimpleData>
		<SimpleData name="RCA">NO APLICA</SimpleData>
		<SimpleData name="SIST_ELECT">SEN</SimpleData>
		<SimpleData name="ESTADO">OPERATIVA</SimpleData>
		<SimpleData name="F_OPERACIO">1566259200000</SimpleData>
		<SimpleData name="COORD_ESTE">286045</SimpleData>
		<SimpleData name="COORD_NORT">6421999</SimpleData>
		<SimpleData name="HUSO">19 SUR</SimpleData>
		<SimpleData name="DATUM">WGS 1984</SimpleData>
		<SimpleData name="REGION">05</SimpleData>
		<SimpleData name="PROVINCIA">054</SimpleData>
		<SimpleData name="COMUNA">05401</SimpleData>
		<SimpleData name="FUENTE_BAS">CNE</SimpleData>
		<SimpleData name="FECH_CREA">1538265600000</SimpleData>
		<SimpleData name="FECH_ACT">1688083200000</SimpleData>
	</SchemaData></ExtendedData>
      <Point><coordinates>-71.2727778409999,-32.318424899</coordinates></Point>
  </Placemark>
  <Placemark id="centrales_solares.38">
	<name>SANTA ISABEL ETAPA I</name>
	<ExtendedData><SchemaData schemaUrl="#centrales_solares">
		<SimpleData name="OBJECTID">38</SimpleData>
		<SimpleData name="ID_GE_SOLA">372</SimpleData>
		<SimpleData name="NOMBRE">SANTA ISABEL ETAPA I</SimpleData>
		<SimpleData name="PROPIEDAD">TSGF SPA.</SimpleData>
		<SimpleData name="TIPO">FOTOVOLTAICO</SimpleData>
		<SimpleData name="COMBUSTIBL">NO APLICA</SimpleData>
		<SimpleData name="POTENCIAMW">165.79</SimpleData>
		<SimpleData name="UNIDADES">0</SimpleData>
		<SimpleData name="RCA">336/2017</SimpleData>
		<SimpleData name="SIST_ELECT">SEN</SimpleData>
		<SimpleData name="ESTADO">OPERATIVA</SimpleData>
		<SimpleData name="F_OPERACIO">1629072000000</SimpleData>
		<SimpleData name="COORD_ESTE">438816</SimpleData>
		<SimpleData name="COORD_NORT">7560916</SimpleData>
		<SimpleData name="HUSO">19 SUR</SimpleData>
		<SimpleData name="DATUM">WGS 1984</SimpleData>
		<SimpleData name="REGION">02</SimpleData>
		<SimpleData name="PROVINCIA">023</SimpleData>
		<SimpleData name="COMUNA">02302</SimpleData>
		<SimpleData name="FUENTE_BAS">CNE</SimpleData>
		<SimpleData name="FECH_CREA">1483142400000</SimpleData>
		<SimpleData name="FECH_ACT">1688083200000</SimpleData>
	</SchemaData></ExtendedData>
      <Point><coordinates>-69.5929716639999,-22.0554553699999</coordinates></Point>
  </Placemark>
  <Placemark id="centrales_solares.39">
	<name>CHACABUCO</name>
	<ExtendedData><SchemaData schemaUrl="#centrales_solares">
		<SimpleData name="OBJECTID">39</SimpleData>
		<SimpleData name="ID_GE_SOLA">250</SimpleData>
		<SimpleData name="NOMBRE">CHACABUCO</SimpleData>
		<SimpleData name="PROPIEDAD">INVERSIONES LOS SAUCES SPA</SimpleData>
		<SimpleData name="TIPO">FOTOVOLTAICO</SimpleData>
		<SimpleData name="MEDIO_GENE">PMGD</SimpleData>
		<SimpleData name="COMBUSTIBL">NO APLICA</SimpleData>
		<SimpleData name="POTENCIAMW">8.999</SimpleData>
		<SimpleData name="UNIDADES">0</SimpleData>
		<SimpleData name="RCA">025/2018</SimpleData>
		<SimpleData name="SIST_ELECT">SEN</SimpleData>
		<SimpleData name="ESTADO">OPERATIVA</SimpleData>
		<SimpleData name="F_OPERACIO">1582675200000</SimpleData>
		<SimpleData name="COORD_ESTE">340158</SimpleData>
		<SimpleData name="COORD_NORT">6352558</SimpleData>
		<SimpleData name="HUSO">19 SUR</SimpleData>
		<SimpleData name="DATUM">WGS 1984</SimpleData>
		<SimpleData name="REGION">05</SimpleData>
		<SimpleData name="PROVINCIA">053</SimpleData>
		<SimpleData name="COMUNA">05303</SimpleData>
		<SimpleData name="FUENTE_BAS">CNE</SimpleData>
		<SimpleData name="FECH_CREA">1501459200000</SimpleData>
		<SimpleData name="FECH_ACT">1688083200000</SimpleData>
	</SchemaData></ExtendedData>
      <Point><coordinates>-70.7100815049999,-32.953610533</coordinates></Point>
  </Placemark>
  <Placemark id="centrales_solares.40">
	<name>PUERTO SECO SOLAR</name>
	<ExtendedData><SchemaData schemaUrl="#centrales_solares">
		<SimpleData name="OBJECTID">40</SimpleData>
		<SimpleData name="ID_GE_SOLA">332</SimpleData>
		<SimpleData name="NOMBRE">PUERTO SECO SOLAR</SimpleData>
		<SimpleData name="PROPIEDAD">PUERTO SECO SOLAR</SimpleData>
		<SimpleData name="TIPO">FOTOVOLTAICO</SimpleData>
		<SimpleData name="MEDIO_GENE">PMG</SimpleData>
		<SimpleData name="COMBUSTIBL">NO APLICA</SimpleData>
		<SimpleData name="POTENCIAMW">8.959</SimpleData>
		<SimpleData name="UNIDADES">0</SimpleData>
		<SimpleData name="RCA">234/2010</SimpleData>
		<SimpleData name="SIST_ELECT">SEN</SimpleData>
		<SimpleData name="ESTADO">OPERATIVA</SimpleData>
		<SimpleData name="F_OPERACIO">1504224000000</SimpleData>
		<SimpleData name="COORD_ESTE">513364</SimpleData>
		<SimpleData name="COORD_NORT">7517366</SimpleData>
		<SimpleData name="HUSO">19 SUR</SimpleData>
		<SimpleData name="DATUM">WGS 1984</SimpleData>
		<SimpleData name="REGION">02</SimpleData>
		<SimpleData name="PROVINCIA">022</SimpleData>
		<SimpleData name="COMUNA">02201</SimpleData>
		<SimpleData name="FUENTE_BAS">CNE</SimpleData>
		<SimpleData name="FECH_CREA">1514678400000</SimpleData>
		<SimpleData name="FECH_ACT">1688083200000</SimpleData>
	</SchemaData></ExtendedData>
      <Point><coordinates>-68.870116415,-22.449920442</coordinates></Point>
  </Placemark>
  <Placemark id="centrales_solares.41">
	<name>PAINE (NUEVO HORIZONTE)</name>
	<ExtendedData><SchemaData schemaUrl="#centrales_solares">
		<SimpleData name="OBJECTID">41</SimpleData>
		<SimpleData name="ID_GE_SOLA">750</SimpleData>
		<SimpleData name="NOMBRE">PAINE (NUEVO HORIZONTE)</SimpleData>
		<SimpleData name="PROPIEDAD">PSF PAINE SPA</SimpleData>
		<SimpleData name="TIPO">FOTOVOLTAICO</SimpleData>
		<SimpleData name="MEDIO_GENE">PMGD</SimpleData>
		<SimpleData name="COMBUSTIBL">NO APLICA</SimpleData>
		<SimpleData name="POTENCIAMW">6</SimpleData>
		<SimpleData name="UNIDADES">0</SimpleData>
		<SimpleData name="RCA">490/2021</SimpleData>
		<SimpleData name="SIST_ELECT">SEN</SimpleData>
		<SimpleData name="ESTADO">OPERATIVA</SimpleData>
		<SimpleData name="F_OPERACIO">1664409600000</SimpleData>
		<SimpleData name="COORD_ESTE">339491</SimpleData>
		<SimpleData name="COORD_NORT">6254027</SimpleData>
		<SimpleData name="HUSO">19 SUR</SimpleData>
		<SimpleData name="DATUM">WGS 1984</SimpleData>
		<SimpleData name="REGION">13</SimpleData>
		<SimpleData name="PROVINCIA">134</SimpleData>
		<SimpleData name="COMUNA">13404</SimpleData>
		<SimpleData name="FUENTE_BAS">CNE</SimpleData>
		<SimpleData name="FECH_CREA">1593475200000</SimpleData>
		<SimpleData name="FECH_ACT">1688083200000</SimpleData>
	</SchemaData></ExtendedData>
      <Point><coordinates>-70.734781476,-33.8418380969999</coordinates></Point>
  </Placemark>
  <Placemark id="centrales_solares.42">
	<name>LA CHAPEANA</name>
	<ExtendedData><SchemaData schemaUrl="#centrales_solares">
		<SimpleData name="OBJECTID">42</SimpleData>
		<SimpleData name="ID_GE_SOLA">196</SimpleData>
		<SimpleData name="NOMBRE">LA CHAPEANA</SimpleData>
		<SimpleData name="PROPIEDAD">LA CHAPEANA SPA</SimpleData>
		<SimpleData name="TIPO">FOTOVOLTAICO</SimpleData>
		<SimpleData name="MEDIO_GENE">PMGD</SimpleData>
		<SimpleData name="COMBUSTIBL">NO APLICA</SimpleData>
		<SimpleData name="POTENCIAMW">2.905</SimpleData>
		<SimpleData name="UNIDADES">0</SimpleData>
		<SimpleData name="RCA">NO APLICA</SimpleData>
		<SimpleData name="SIST_ELECT">SEN</SimpleData>
		<SimpleData name="ESTADO">OPERATIVA</SimpleData>
		<SimpleData name="F_OPERACIO">1452816000000</SimpleData>
		<SimpleData name="COORD_ESTE">297327</SimpleData>
		<SimpleData name="COORD_NORT">6622083</SimpleData>
		<SimpleData name="HUSO">19 SUR</SimpleData>
		<SimpleData name="DATUM">WGS 1984</SimpleData>
		<SimpleData name="REGION">04</SimpleData>
		<SimpleData name="PROVINCIA">043</SimpleData>
		<SimpleData name="COMUNA">04301</SimpleData>
		<SimpleData name="FUENTE_BAS">CNE</SimpleData>
		<SimpleData name="FECH_CREA">1483142400000</SimpleData>
		<SimpleData name="FECH_ACT">1688083200000</SimpleData>
	</SchemaData></ExtendedData>
      <Point><coordinates>-71.1121685909999,-30.516495773</coordinates></Point>
  </Placemark>
  <Placemark id="centrales_solares.43">
	<name>NAHUEN</name>
	<ExtendedData><SchemaData schemaUrl="#centrales_solares">
		<SimpleData name="OBJECTID">43</SimpleData>
		<SimpleData name="ID_GE_SOLA">483</SimpleData>
		<SimpleData name="NOMBRE">NAHUEN</SimpleData>
		<SimpleData name="PROPIEDAD">GR PILO SPA</SimpleData>
		<SimpleData name="TIPO">FOTOVOLTAICO</SimpleData>
		<SimpleData name="MEDIO_GENE">PMGD</SimpleData>
		<SimpleData name="COMBUSTIBL">NO APLICA</SimpleData>
		<SimpleData name="POTENCIAMW">9</SimpleData>
		<SimpleData name="UNIDADES">0</SimpleData>
		<SimpleData name="RCA">030/2020</SimpleData>
		<SimpleData name="SIST_ELECT">SEN</SimpleData>
		<SimpleData name="ESTADO">OPERATIVA</SimpleData>
		<SimpleData name="F_OPERACIO">1618444800000</SimpleData>
		<SimpleData name="COORD_ESTE">297364</SimpleData>
		<SimpleData name="COORD_NORT">6263314</SimpleData>
		<SimpleData name="HUSO">19 SUR</SimpleData>
		<SimpleData name="DATUM">WGS 1984</SimpleData>
		<SimpleData name="REGION">13</SimpleData>
		<SimpleData name="PROVINCIA">135</SimpleData>
		<SimpleData name="COMUNA">13501</SimpleData>
		<SimpleData name="FUENTE_BAS">CNE</SimpleData>
		<SimpleData name="FECH_CREA">1553990400000</SimpleData>
		<SimpleData name="FECH_ACT">1688083200000</SimpleData>
	</SchemaData></ExtendedData>
      <Point><coordinates>-71.187698193,-33.750893071</coordinates></Point>
  </Placemark>
  <Placemark id="centrales_solares.44">
	<name>SOLAR DIEGO DE ALMAGRO</name>
	<ExtendedData><SchemaData schemaUrl="#centrales_solares">
		<SimpleData name="OBJECTID">44</SimpleData>
		<SimpleData name="ID_GE_SOLA">396</SimpleData>
		<SimpleData name="NOMBRE">SOLAR DIEGO DE ALMAGRO</SimpleData>
		<SimpleData name="PROPIEDAD">ENEL GREEN POWER CHILE</SimpleData>
		<SimpleData name="TIPO">FOTOVOLTAICO</SimpleData>
		<SimpleData name="COMBUSTIBL">NO APLICA</SimpleData>
		<SimpleData name="POTENCIAMW">31.914</SimpleData>
		<SimpleData name="UNIDADES">0</SimpleData>
		<SimpleData name="RCA">127/2013</SimpleData>
		<SimpleData name="SIST_ELECT">SEN</SimpleData>
		<SimpleData name="ESTADO">OPERATIVA</SimpleData>
		<SimpleData name="F_OPERACIO">1418256000000</SimpleData>
		<SimpleData name="COORD_ESTE">398241</SimpleData>
		<SimpleData name="COORD_NORT">7081948</SimpleData>
		<SimpleData name="HUSO">19 SUR</SimpleData>
		<SimpleData name="DATUM">WGS 1984</SimpleData>
		<SimpleData name="REGION">03</SimpleData>
		<SimpleData name="PROVINCIA">032</SimpleData>
		<SimpleData name="COMUNA">03202</SimpleData>
		<SimpleData name="FUENTE_BAS">CNE</SimpleData>
		<SimpleData name="FECH_CREA">1418169600000</SimpleData>
		<SimpleData name="FECH_ACT">1688083200000</SimpleData>
	</SchemaData></ExtendedData>
      <Point><coordinates>-70.020062377,-26.378934177</coordinates></Point>
  </Placemark>
  <Placemark id="centrales_solares.45">
	<name>SANTA ESTER</name>
	<ExtendedData><SchemaData schemaUrl="#centrales_solares">
		<SimpleData name="OBJECTID">45</SimpleData>
		<SimpleData name="ID_GE_SOLA">879</SimpleData>
		<SimpleData name="NOMBRE">SANTA ESTER</SimpleData>
		<SimpleData name="PROPIEDAD">IMPULSO SOLAR SAN JOSE SPA</SimpleData>
		<SimpleData name="TIPO">FOTOVOLTAICO</SimpleData>
		<SimpleData name="MEDIO_GENE">PMGD</SimpleData>
		<SimpleData name="COMBUSTIBL">NO APLICA</SimpleData>
		<SimpleData name="POTENCIAMW">2.99</SimpleData>
		<SimpleData name="UNIDADES">0</SimpleData>
		<SimpleData name="RCA">NO APLICA</SimpleData>
		<SimpleData name="SIST_ELECT">SEN</SimpleData>
		<SimpleData name="ESTADO">OPERATIVA</SimpleData>
		<SimpleData name="F_OPERACIO">1624665600000</SimpleData>
		<SimpleData name="COORD_ESTE">232402</SimpleData>
		<SimpleData name="COORD_NORT">5957822</SimpleData>
		<SimpleData name="HUSO">19 SUR</SimpleData>
		<SimpleData name="DATUM">WGS 1984</SimpleData>
		<SimpleData name="REGION">16</SimpleData>
		<SimpleData name="PROVINCIA">163</SimpleData>
		<SimpleData name="COMUNA">16301</SimpleData>
		<SimpleData name="FUENTE_BAS">CNE</SimpleData>
		<SimpleData name="FECH_CREA">1609372800000</SimpleData>
		<SimpleData name="FECH_ACT">1688083200000</SimpleData>
	</SchemaData></ExtendedData>
      <Point><coordinates>-71.9871990239999,-36.487555357</coordinates></Point>
  </Placemark>
  <Placemark id="centrales_solares.46">
	<name>PARQUE ALHUE</name>
	<ExtendedData><SchemaData schemaUrl="#centrales_solares">
		<SimpleData name="OBJECTID">46</SimpleData>
		<SimpleData name="ID_GE_SOLA">596</SimpleData>
		<SimpleData name="NOMBRE">PARQUE ALHUE</SimpleData>
		<SimpleData name="PROPIEDAD">MEMBRILLO SOLAR SPA</SimpleData>
		<SimpleData name="TIPO">FOTOVOLTAICO</SimpleData>
		<SimpleData name="MEDIO_GENE">PMGD</SimpleData>
		<SimpleData name="COMBUSTIBL">NO APLICA</SimpleData>
		<SimpleData name="POTENCIAMW">6</SimpleData>
		<SimpleData name="UNIDADES">0</SimpleData>
		<SimpleData name="RCA">388/2020</SimpleData>
		<SimpleData name="SIST_ELECT">SEN</SimpleData>
		<SimpleData name="ESTADO">OPERATIVA</SimpleData>
		<SimpleData name="F_OPERACIO">1640736000000</SimpleData>
		<SimpleData name="COORD_ESTE">289400</SimpleData>
		<SimpleData name="COORD_NORT">6235200</SimpleData>
		<SimpleData name="HUSO">19 SUR</SimpleData>
		<SimpleData name="DATUM">WGS 1984</SimpleData>
		<SimpleData name="REGION">13</SimpleData>
		<SimpleData name="PROVINCIA">135</SimpleData>
		<SimpleData name="COMUNA">13505</SimpleData>
		<SimpleData name="FUENTE_BAS">CNE</SimpleData>
		<SimpleData name="FECH_CREA">1577750400000</SimpleData>
		<SimpleData name="FECH_ACT">1688083200000</SimpleData>
	</SchemaData></ExtendedData>
      <Point><coordinates>-71.2803532199999,-34.002701998</coordinates></Point>
  </Placemark>
  <Placemark id="centrales_solares.47">
	<name>TRICA-DOS</name>
	<ExtendedData><SchemaData schemaUrl="#centrales_solares">
		<SimpleData name="OBJECTID">47</SimpleData>
		<SimpleData name="ID_GE_SOLA">495</SimpleData>
		<SimpleData name="NOMBRE">TRICA-DOS</SimpleData>
		<SimpleData name="PROPIEDAD">TRICAHUE SPA</SimpleData>
		<SimpleData name="TIPO">FOTOVOLTAICO</SimpleData>
		<SimpleData name="MEDIO_GENE">PMGD</SimpleData>
		<SimpleData name="COMBUSTIBL">NO APLICA</SimpleData>
		<SimpleData name="POTENCIAMW">2.8</SimpleData>
		<SimpleData name="UNIDADES">0</SimpleData>
		<SimpleData name="RCA">NO APLICA</SimpleData>
		<SimpleData name="SIST_ELECT">SEN</SimpleData>
		<SimpleData name="ESTADO">OPERATIVA</SimpleData>
		<SimpleData name="F_OPERACIO">1580947200000</SimpleData>
		<SimpleData name="COORD_ESTE">266375</SimpleData>
		<SimpleData name="COORD_NORT">6057393</SimpleData>
		<SimpleData name="HUSO">19 SUR</SimpleData>
		<SimpleData name="DATUM">WGS 1984</SimpleData>
		<SimpleData name="REGION">07</SimpleData>
		<SimpleData name="PROVINCIA">074</SimpleData>
		<SimpleData name="COMUNA">07408</SimpleData>
		<SimpleData name="FUENTE_BAS">CNE</SimpleData>
		<SimpleData name="FECH_CREA">1561852800000</SimpleData>
		<SimpleData name="FECH_ACT">1688083200000</SimpleData>
	</SchemaData></ExtendedData>
      <Point><coordinates>-71.5789015889999,-35.599648902</coordinates></Point>
  </Placemark>
  <Placemark id="centrales_solares.48">
	<name>ALTO SOLAR</name>
	<ExtendedData><SchemaData schemaUrl="#centrales_solares">
		<SimpleData name="OBJECTID">48</SimpleData>
		<SimpleData name="ID_GE_SOLA">10</SimpleData>
		<SimpleData name="NOMBRE">ALTO SOLAR</SimpleData>
		<SimpleData name="PROPIEDAD">ALTOS DE LA MANGA ENERGY SPA</SimpleData>
		<SimpleData name="TIPO">FOTOVOLTAICO</SimpleData>
		<SimpleData name="MEDIO_GENE">PMGD</SimpleData>
		<SimpleData name="COMBUSTIBL">NO APLICA</SimpleData>
		<SimpleData name="POTENCIAMW">2.956</SimpleData>
		<SimpleData name="UNIDADES">0</SimpleData>
		<SimpleData name="RCA">NO APLICA</SimpleData>
		<SimpleData name="SIST_ELECT">SEN</SimpleData>
		<SimpleData name="ESTADO">OPERATIVA</SimpleData>
		<SimpleData name="F_OPERACIO">1544745600000</SimpleData>
		<SimpleData name="COORD_ESTE">259382</SimpleData>
		<SimpleData name="COORD_NORT">6245890</SimpleData>
		<SimpleData name="HUSO">19 SUR</SimpleData>
		<SimpleData name="DATUM">WGS 1984</SimpleData>
		<SimpleData name="REGION">13</SimpleData>
		<SimpleData name="PROVINCIA">135</SimpleData>
		<SimpleData name="COMUNA">13505</SimpleData>
		<SimpleData name="FUENTE_BAS">CNE</SimpleData>
		<SimpleData name="FECH_CREA">1538265600000</SimpleData>
		<SimpleData name="FECH_ACT">1688083200000</SimpleData>
	</SchemaData></ExtendedData>
      <Point><coordinates>-71.602173621,-33.8999364539999</coordinates></Point>
  </Placemark>
  <Placemark id="centrales_solares.49">
	<name>PILAR LOS AMARILLOS</name>
	<ExtendedData><SchemaData schemaUrl="#centrales_solares">
		<SimpleData name="OBJECTID">49</SimpleData>
		<SimpleData name="ID_GE_SOLA">312</SimpleData>
		<SimpleData name="NOMBRE">PILAR LOS AMARILLOS</SimpleData>
		<SimpleData name="PROPIEDAD">RTS ENERGY</SimpleData>
		<SimpleData name="TIPO">FOTOVOLTAICO</SimpleData>
		<SimpleData name="MEDIO_GENE">PMG</SimpleData>
		<SimpleData name="COMBUSTIBL">NO APLICA</SimpleData>
		<SimpleData name="POTENCIAMW">3</SimpleData>
		<SimpleData name="UNIDADES">0</SimpleData>
		<SimpleData name="RCA">NO APLICA</SimpleData>
		<SimpleData name="SIST_ELECT">SEN</SimpleData>
		<SimpleData name="ESTADO">OPERATIVA</SimpleData>
		<SimpleData name="F_OPERACIO">1639958400000</SimpleData>
		<SimpleData name="COORD_ESTE">425317</SimpleData>
		<SimpleData name="COORD_NORT">7089077</SimpleData>
		<SimpleData name="HUSO">19 SUR</SimpleData>
		<SimpleData name="DATUM">WGS 1984</SimpleData>
		<SimpleData name="REGION">03</SimpleData>
		<SimpleData name="PROVINCIA">032</SimpleData>
		<SimpleData name="COMUNA">03202</SimpleData>
		<SimpleData name="FUENTE_BAS">CNE</SimpleData>
		<SimpleData name="FECH_CREA">1438560000000</SimpleData>
		<SimpleData name="FECH_ACT">1688083200000</SimpleData>
	</SchemaData></ExtendedData>
      <Point><coordinates>-69.748252236,-26.316245532</coordinates></Point>
  </Placemark>
  <Placemark id="centrales_solares.50">
	<name>PFV PICA</name>
	<ExtendedData><SchemaData schemaUrl="#centrales_solares">
		<SimpleData name="OBJECTID">50</SimpleData>
		<SimpleData name="ID_GE_SOLA">325</SimpleData>
		<SimpleData name="NOMBRE">PFV PICA</SimpleData>
		<SimpleData name="PROPIEDAD">PMGD PICA PILOT</SimpleData>
		<SimpleData name="TIPO">FOTOVOLTAICO</SimpleData>
		<SimpleData name="MEDIO_GENE">PMGD</SimpleData>
		<SimpleData name="COMBUSTIBL">NO APLICA</SimpleData>
		<SimpleData name="POTENCIAMW">0.6</SimpleData>
		<SimpleData name="UNIDADES">0</SimpleData>
		<SimpleData name="RCA">NO APLICA</SimpleData>
		<SimpleData name="SIST_ELECT">SEN</SimpleData>
		<SimpleData name="ESTADO">OPERATIVA</SimpleData>
		<SimpleData name="F_OPERACIO">1452211200000</SimpleData>
		<SimpleData name="COORD_ESTE">453180</SimpleData>
		<SimpleData name="COORD_NORT">7733210</SimpleData>
		<SimpleData name="HUSO">19 SUR</SimpleData>
		<SimpleData name="DATUM">WGS 1984</SimpleData>
		<SimpleData name="REGION">01</SimpleData>
		<SimpleData name="PROVINCIA">014</SimpleData>
		<SimpleData name="COMUNA">01405</SimpleData>
		<SimpleData name="FUENTE_BAS">CNE</SimpleData>
		<SimpleData name="FECH_CREA">1451520000000</SimpleData>
		<SimpleData name="FECH_ACT">1688083200000</SimpleData>
	</SchemaData></ExtendedData>
      <Point><coordinates>-69.4490165719999,-20.49921269</coordinates></Point>
  </Placemark>
  <Placemark id="centrales_solares.51">
	<name>EL CHINCOL</name>
	<ExtendedData><SchemaData schemaUrl="#centrales_solares">
		<SimpleData name="OBJECTID">51</SimpleData>
		<SimpleData name="ID_GE_SOLA">127</SimpleData>
		<SimpleData name="NOMBRE">EL CHINCOL</SimpleData>
		<SimpleData name="PROPIEDAD">PV EL CHINCOL SPA</SimpleData>
		<SimpleData name="TIPO">FOTOVOLTAICO</SimpleData>
		<SimpleData name="MEDIO_GENE">PMGD</SimpleData>
		<SimpleData name="COMBUSTIBL">NO APLICA</SimpleData>
		<SimpleData name="POTENCIAMW">2.99</SimpleData>
		<SimpleData name="UNIDADES">0</SimpleData>
		<SimpleData name="RCA">NO APLICA</SimpleData>
		<SimpleData name="SIST_ELECT">SEN</SimpleData>
		<SimpleData name="ESTADO">OPERATIVA</SimpleData>
		<SimpleData name="F_OPERACIO">1536278400000</SimpleData>
		<SimpleData name="COORD_ESTE">243081</SimpleData>
		<SimpleData name="COORD_NORT">5980709</SimpleData>
		<SimpleData name="HUSO">19 SUR</SimpleData>
		<SimpleData name="DATUM">WGS 1984</SimpleData>
		<SimpleData name="REGION">16</SimpleData>
		<SimpleData name="PROVINCIA">163</SimpleData>
		<SimpleData name="COMUNA">16303</SimpleData>
		<SimpleData name="FUENTE_BAS">CNE</SimpleData>
		<SimpleData name="FECH_CREA">1530316800000</SimpleData>
		<SimpleData name="FECH_ACT">1688083200000</SimpleData>
	</SchemaData></ExtendedData>
      <Point><coordinates>-71.86056181,-36.284403443</coordinates></Point>
  </Placemark>
  <Placemark id="centrales_solares.52">
	<name>LOS TORDOS</name>
	<ExtendedData><SchemaData schemaUrl="#centrales_solares">
		<SimpleData name="OBJECTID">52</SimpleData>
		<SimpleData name="ID_GE_SOLA">572</SimpleData>
		<SimpleData name="NOMBRE">LOS TORDOS</SimpleData>
		<SimpleData name="PROPIEDAD">PFV LOS TORDOS SPA</SimpleData>
		<SimpleData name="TIPO">FOTOVOLTAICO</SimpleData>
		<SimpleData name="MEDIO_GENE">PMGD</SimpleData>
		<SimpleData name="COMBUSTIBL">NO APLICA</SimpleData>
		<SimpleData name="POTENCIAMW">5</SimpleData>
		<SimpleData name="UNIDADES">0</SimpleData>
		<SimpleData name="RCA">126/2020</SimpleData>
		<SimpleData name="SIST_ELECT">SEN</SimpleData>
		<SimpleData name="ESTADO">OPERATIVA</SimpleData>
		<SimpleData name="F_OPERACIO">1649808000000</SimpleData>
		<SimpleData name="COORD_ESTE">265805</SimpleData>
		<SimpleData name="COORD_NORT">6070747</SimpleData>
		<SimpleData name="HUSO">19 SUR</SimpleData>
		<SimpleData name="DATUM">WGS 1984</SimpleData>
		<SimpleData name="REGION">07</SimpleData>
		<SimpleData name="PROVINCIA">071</SimpleData>
		<SimpleData name="COMUNA">07101</SimpleData>
		<SimpleData name="FUENTE_BAS">CNE</SimpleData>
		<SimpleData name="FECH_CREA">1577750400000</SimpleData>
		<SimpleData name="FECH_ACT">1688083200000</SimpleData>
	</SchemaData></ExtendedData>
      <Point><coordinates>-71.581328481,-35.4792286859999</coordinates></Point>
  </Placemark>
  <Placemark id="centrales_solares.53">
	<name>LOS JOTES</name>
	<ExtendedData><SchemaData schemaUrl="#centrales_solares">
		<SimpleData name="OBJECTID">53</SimpleData>
		<SimpleData name="ID_GE_SOLA">1221</SimpleData>
		<SimpleData name="NOMBRE">LOS JOTES</SimpleData>
		<SimpleData name="PROPIEDAD">PFV LOS JOTES SPA</SimpleData>
		<SimpleData name="TIPO">FOTOVOLTAICO</SimpleData>
		<SimpleData name="MEDIO_GENE">PMGD</SimpleData>
		<SimpleData name="COMBUSTIBL">NO APLICA</SimpleData>
		<SimpleData name="POTENCIAMW">3</SimpleData>
		<SimpleData name="UNIDADES">0</SimpleData>
		<SimpleData name="RCA">NO APLICA</SimpleData>
		<SimpleData name="SIST_ELECT">SEN</SimpleData>
		<SimpleData name="ESTADO">OPERATIVA</SimpleData>
		<SimpleData name="F_OPERACIO">1678060800000</SimpleData>
		<SimpleData name="COORD_ESTE">303023</SimpleData>
		<SimpleData name="COORD_NORT">6406562</SimpleData>
		<SimpleData name="HUSO">19 SUR</SimpleData>
		<SimpleData name="DATUM">WGS 1984</SimpleData>
		<SimpleData name="REGION">05</SimpleData>
		<SimpleData name="PROVINCIA">054</SimpleData>
		<SimpleData name="COMUNA">05402</SimpleData>
		<SimpleData name="FUENTE_BAS">CNE</SimpleData>
		<SimpleData name="FECH_CREA">1656547200000</SimpleData>
		<SimpleData name="FECH_ACT">1688083200000</SimpleData>
	</SchemaData></ExtendedData>
      <Point><coordinates>-71.095746553,-32.4607114679999</coordinates></Point>
  </Placemark>
  <Placemark id="centrales_solares.54">
	<name>LOICA</name>
	<ExtendedData><SchemaData schemaUrl="#centrales_solares">
		<SimpleData name="OBJECTID">54</SimpleData>
		<SimpleData name="ID_GE_SOLA">1144</SimpleData>
		<SimpleData name="NOMBRE">LOICA</SimpleData>
		<SimpleData name="PROPIEDAD">LOICA SPA</SimpleData>
		<SimpleData name="TIPO">FOTOVOLTAICO</SimpleData>
		<SimpleData name="MEDIO_GENE">PMGD</SimpleData>
		<SimpleData name="COMBUSTIBL">NO APLICA</SimpleData>
		<SimpleData name="POTENCIAMW">3</SimpleData>
		<SimpleData name="UNIDADES">0</SimpleData>
		<SimpleData name="RCA">NO APLICA</SimpleData>
		<SimpleData name="SIST_ELECT">SEN</SimpleData>
		<SimpleData name="ESTADO">OPERATIVA</SimpleData>
		<SimpleData name="F_OPERACIO">1660608000000</SimpleData>
		<SimpleData name="COORD_ESTE">247480</SimpleData>
		<SimpleData name="COORD_NORT">6055503</SimpleData>
		<SimpleData name="HUSO">19 SUR</SimpleData>
		<SimpleData name="DATUM">WGS 1984</SimpleData>
		<SimpleData name="REGION">07</SimpleData>
		<SimpleData name="PROVINCIA">074</SimpleData>
		<SimpleData name="COMUNA">07406</SimpleData>
		<SimpleData name="FUENTE_BAS">CNE</SimpleData>
		<SimpleData name="FECH_CREA">1640908800000</SimpleData>
		<SimpleData name="FECH_ACT">1688083200000</SimpleData>
	</SchemaData></ExtendedData>
      <Point><coordinates>-71.787854908,-35.612027692</coordinates></Point>
  </Placemark>
  <Placemark id="centrales_solares.55">
	<name>LA QUINTA SOLAR</name>
	<ExtendedData><SchemaData schemaUrl="#centrales_solares">
		<SimpleData name="OBJECTID">55</SimpleData>
		<SimpleData name="ID_GE_SOLA">206</SimpleData>
		<SimpleData name="NOMBRE">LA QUINTA SOLAR</SimpleData>
		<SimpleData name="PROPIEDAD">CVE CHILE SPA</SimpleData>
		<SimpleData name="TIPO">FOTOVOLTAICO</SimpleData>
		<SimpleData name="MEDIO_GENE">PMGD</SimpleData>
		<SimpleData name="COMBUSTIBL">NO APLICA</SimpleData>
		<SimpleData name="POTENCIAMW">2.995</SimpleData>
		<SimpleData name="UNIDADES">0</SimpleData>
		<SimpleData name="RCA">NO APLICA</SimpleData>
		<SimpleData name="SIST_ELECT">SEN</SimpleData>
		<SimpleData name="ESTADO">OPERATIVA</SimpleData>
		<SimpleData name="F_OPERACIO">1510099200000</SimpleData>
		<SimpleData name="COORD_ESTE">340142</SimpleData>
		<SimpleData name="COORD_NORT">6344205</SimpleData>
		<SimpleData name="HUSO">19 SUR</SimpleData>
		<SimpleData name="DATUM">WGS 1984</SimpleData>
		<SimpleData name="REGION">13</SimpleData>
		<SimpleData name="PROVINCIA">133</SimpleData>
		<SimpleData name="COMUNA">13301</SimpleData>
		<SimpleData name="FUENTE_BAS">CNE</SimpleData>
		<SimpleData name="FECH_CREA">1514678400000</SimpleData>
		<SimpleData name="FECH_ACT">1688083200000</SimpleData>
	</SchemaData></ExtendedData>
      <Point><coordinates>-70.7117062139999,-33.028921811</coordinates></Point>
  </Placemark>
  <Placemark id="centrales_solares.56">
	<name>LA MURALLA</name>
	<ExtendedData><SchemaData schemaUrl="#centrales_solares">
		<SimpleData name="OBJECTID">56</SimpleData>
		<SimpleData name="ID_GE_SOLA">954</SimpleData>
		<SimpleData name="NOMBRE">LA MURALLA</SimpleData>
		<SimpleData name="PROPIEDAD">PARQUE SOLAR LA MURALLA SPA</SimpleData>
		<SimpleData name="TIPO">FOTOVOLTAICO</SimpleData>
		<SimpleData name="MEDIO_GENE">PMGD</SimpleData>
		<SimpleData name="COMBUSTIBL">NO APLICA</SimpleData>
		<SimpleData name="POTENCIAMW">2.99</SimpleData>
		<SimpleData name="UNIDADES">0</SimpleData>
		<SimpleData name="RCA">NO APLICA</SimpleData>
		<SimpleData name="SIST_ELECT">SEN</SimpleData>
		<SimpleData name="ESTADO">OPERATIVA</SimpleData>
		<SimpleData name="F_OPERACIO">1627516800000</SimpleData>
		<SimpleData name="COORD_ESTE">305971</SimpleData>
		<SimpleData name="COORD_NORT">6185923</SimpleData>
		<SimpleData name="HUSO">19 SUR</SimpleData>
		<SimpleData name="DATUM">WGS 1984</SimpleData>
		<SimpleData name="REGION">06</SimpleData>
		<SimpleData name="PROVINCIA">061</SimpleData>
		<SimpleData name="COMUNA">06117</SimpleData>
		<SimpleData name="FUENTE_BAS">CNE</SimpleData>
		<SimpleData name="FECH_CREA">1622419200000</SimpleData>
		<SimpleData name="FECH_ACT">1688083200000</SimpleData>
	</SchemaData></ExtendedData>
      <Point><coordinates>-71.1120971239999,-34.450004501</coordinates></Point>
  </Placemark>
  <Placemark id="centrales_solares.57">
	<name>FRANCISCO</name>
	<ExtendedData><SchemaData schemaUrl="#centrales_solares">
		<SimpleData name="OBJECTID">57</SimpleData>
		<SimpleData name="ID_GE_SOLA">165</SimpleData>
		<SimpleData name="NOMBRE">FRANCISCO</SimpleData>
		<SimpleData name="PROPIEDAD">GR BOLDO S.P.A</SimpleData>
		<SimpleData name="TIPO">FOTOVOLTAICO</SimpleData>
		<SimpleData name="MEDIO_GENE">PMGD</SimpleData>
		<SimpleData name="COMBUSTIBL">NO APLICA</SimpleData>
		<SimpleData name="POTENCIAMW">3</SimpleData>
		<SimpleData name="UNIDADES">0</SimpleData>
		<SimpleData name="RCA">NO APLICA</SimpleData>
		<SimpleData name="SIST_ELECT">SEN</SimpleData>
		<SimpleData name="ESTADO">OPERATIVA</SimpleData>
		<SimpleData name="F_OPERACIO">1507680000000</SimpleData>
		<SimpleData name="COORD_ESTE">349380</SimpleData>
		<SimpleData name="COORD_NORT">6236618</SimpleData>
		<SimpleData name="HUSO">19 SUR</SimpleData>
		<SimpleData name="DATUM">WGS 1984</SimpleData>
		<SimpleData name="REGION">06</SimpleData>
		<SimpleData name="PROVINCIA">061</SimpleData>
		<SimpleData name="COMUNA">06110</SimpleData>
		<SimpleData name="FUENTE_BAS">CNE</SimpleData>
		<SimpleData name="FECH_CREA">1514678400000</SimpleData>
		<SimpleData name="FECH_ACT">1688083200000</SimpleData>
	</SchemaData></ExtendedData>
      <Point><coordinates>-70.6309289,-34.000244198</coordinates></Point>
  </Placemark>
  <Placemark id="centrales_solares.58">
	<name>SOL DE SEPTIEMBRE</name>
	<ExtendedData><SchemaData schemaUrl="#centrales_solares">
		<SimpleData name="OBJECTID">58</SimpleData>
		<SimpleData name="ID_GE_SOLA">384</SimpleData>
		<SimpleData name="NOMBRE">SOL DE SEPTIEMBRE</SimpleData>
		<SimpleData name="PROPIEDAD">SOL DE SEPTIEMBRE SPA</SimpleData>
		<SimpleData name="TIPO">FOTOVOLTAICO</SimpleData>
		<SimpleData name="MEDIO_GENE">PMGD</SimpleData>
		<SimpleData name="COMBUSTIBL">NO APLICA</SimpleData>
		<SimpleData name="POTENCIAMW">8.97</SimpleData>
		<SimpleData name="UNIDADES">0</SimpleData>
		<SimpleData name="RCA">247/2019</SimpleData>
		<SimpleData name="SIST_ELECT">SEN</SimpleData>
		<SimpleData name="ESTADO">OPERATIVA</SimpleData>
		<SimpleData name="F_OPERACIO">1594339200000</SimpleData>
		<SimpleData name="COORD_ESTE">326502</SimpleData>
		<SimpleData name="COORD_NORT">6313873</SimpleData>
		<SimpleData name="HUSO">19 SUR</SimpleData>
		<SimpleData name="DATUM">WGS 1984</SimpleData>
		<SimpleData name="REGION">13</SimpleData>
		<SimpleData name="PROVINCIA">133</SimpleData>
		<SimpleData name="COMUNA">13302</SimpleData>
		<SimpleData name="FUENTE_BAS">CNE</SimpleData>
		<SimpleData name="FECH_CREA">1530316800000</SimpleData>
		<SimpleData name="FECH_ACT">1688083200000</SimpleData>
	</SchemaData></ExtendedData>
      <Point><coordinates>-70.86347246,-33.3002874659999</coordinates></Point>
  </Placemark>
  <Placemark id="centrales_solares.59">
	<name>SAMO BAJO</name>
	<ExtendedData><SchemaData schemaUrl="#centrales_solares">
		<SimpleData name="OBJECTID">59</SimpleData>
		<SimpleData name="ID_GE_SOLA">1265</SimpleData>
		<SimpleData name="NOMBRE">SAMO BAJO</SimpleData>
		<SimpleData name="PROPIEDAD">SAMO BAJO SPA</SimpleData>
		<SimpleData name="TIPO">FOTOVOLTAICO</SimpleData>
		<SimpleData name="MEDIO_GENE">PMGD</SimpleData>
		<SimpleData name="COMBUSTIBL">NO APLICA</SimpleData>
		<SimpleData name="POTENCIAMW">2.78</SimpleData>
		<SimpleData name="UNIDADES">0</SimpleData>
		<SimpleData name="RCA">NO APLICA</SimpleData>
		<SimpleData name="SIST_ELECT">SEN</SimpleData>
		<SimpleData name="ESTADO">OPERATIVA</SimpleData>
		<SimpleData name="F_OPERACIO">1673481600000</SimpleData>
		<SimpleData name="COORD_ESTE">294089</SimpleData>
		<SimpleData name="COORD_NORT">6617976</SimpleData>
		<SimpleData name="HUSO">19 SUR</SimpleData>
		<SimpleData name="DATUM">WGS 1984</SimpleData>
		<SimpleData name="REGION">04</SimpleData>
		<SimpleData name="PROVINCIA">043</SimpleData>
		<SimpleData name="COMUNA">04301</SimpleData>
		<SimpleData name="FUENTE_BAS">CNE</SimpleData>
		<SimpleData name="FECH_CREA">1656547200000</SimpleData>
		<SimpleData name="FECH_ACT">1688083200000</SimpleData>
	</SchemaData></ExtendedData>
      <Point><coordinates>-71.1467084879999,-30.5529795259999</coordinates></Point>
  </Placemark>
  <Placemark id="centrales_solares.60">
	<name>MALGARIDA</name>
	<ExtendedData><SchemaData schemaUrl="#centrales_solares">
		<SimpleData name="OBJECTID">60</SimpleData>
		<SimpleData name="ID_GE_SOLA">266</SimpleData>
		<SimpleData name="NOMBRE">MALGARIDA</SimpleData>
		<SimpleData name="PROPIEDAD">ACCIONA ENERGIA CHILE S.A.</SimpleData>
		<SimpleData name="TIPO">FOTOVOLTAICO</SimpleData>
		<SimpleData name="COMBUSTIBL">NO APLICA</SimpleData>
		<SimpleData name="POTENCIAMW">200.68</SimpleData>
		<SimpleData name="UNIDADES">0</SimpleData>
		<SimpleData name="RCA">135/2014</SimpleData>
		<SimpleData name="SIST_ELECT">SEN</SimpleData>
		<SimpleData name="ESTADO">OPERATIVA</SimpleData>
		<SimpleData name="F_OPERACIO">1624060800000</SimpleData>
		<SimpleData name="COORD_ESTE">405593</SimpleData>
		<SimpleData name="COORD_NORT">7093903</SimpleData>
		<SimpleData name="HUSO">19 SUR</SimpleData>
		<SimpleData name="DATUM">WGS 1984</SimpleData>
		<SimpleData name="REGION">03</SimpleData>
		<SimpleData name="PROVINCIA">032</SimpleData>
		<SimpleData name="COMUNA">03202</SimpleData>
		<SimpleData name="FUENTE_BAS">CNE</SimpleData>
		<SimpleData name="FECH_CREA">1388448000000</SimpleData>
		<SimpleData name="FECH_ACT">1688083200000</SimpleData>
	</SchemaData></ExtendedData>
      <Point><coordinates>-69.945495116,-26.271507968</coordinates></Point>
  </Placemark>
  <Placemark id="centrales_solares.61">
	<name>LAS CHACRAS</name>
	<ExtendedData><SchemaData schemaUrl="#centrales_solares">
		<SimpleData name="OBJECTID">61</SimpleData>
		<SimpleData name="ID_GE_SOLA">501</SimpleData>
		<SimpleData name="NOMBRE">LAS CHACRAS</SimpleData>
		<SimpleData name="PROPIEDAD">LAS CHACRAS ENERGY SPA</SimpleData>
		<SimpleData name="TIPO">FOTOVOLTAICO</SimpleData>
		<SimpleData name="MEDIO_GENE">PMGD</SimpleData>
		<SimpleData name="COMBUSTIBL">NO APLICA</SimpleData>
		<SimpleData name="POTENCIAMW">2.97</SimpleData>
		<SimpleData name="UNIDADES">0</SimpleData>
		<SimpleData name="RCA">NO APLICA</SimpleData>
		<SimpleData name="SIST_ELECT">SEN</SimpleData>
		<SimpleData name="ESTADO">OPERATIVA</SimpleData>
		<SimpleData name="F_OPERACIO">1582329600000</SimpleData>
		<SimpleData name="COORD_ESTE">268032</SimpleData>
		<SimpleData name="COORD_NORT">6203861</SimpleData>
		<SimpleData name="HUSO">19 SUR</SimpleData>
		<SimpleData name="DATUM">WGS 1984</SimpleData>
		<SimpleData name="REGION">06</SimpleData>
		<SimpleData name="PROVINCIA">062</SimpleData>
		<SimpleData name="COMUNA">06202</SimpleData>
		<SimpleData name="FUENTE_BAS">CNE</SimpleData>
		<SimpleData name="FECH_CREA">1561852800000</SimpleData>
		<SimpleData name="FECH_ACT">1688083200000</SimpleData>
	</SchemaData></ExtendedData>
      <Point><coordinates>-71.5199107999999,-34.2805610519999</coordinates></Point>
  </Placemark>
  <Placemark id="centrales_solares.62">
	<name>LA COLONIA</name>
	<ExtendedData><SchemaData schemaUrl="#centrales_solares">
		<SimpleData name="OBJECTID">62</SimpleData>
		<SimpleData name="ID_GE_SOLA">714</SimpleData>
		<SimpleData name="NOMBRE">LA COLONIA</SimpleData>
		<SimpleData name="PROPIEDAD">FOTOVOLTAICA BOLDO SPA</SimpleData>
		<SimpleData name="TIPO">FOTOVOLTAICO</SimpleData>
		<SimpleData name="MEDIO_GENE">PMGD</SimpleData>
		<SimpleData name="COMBUSTIBL">NO APLICA</SimpleData>
		<SimpleData name="POTENCIAMW">9</SimpleData>
		<SimpleData name="UNIDADES">0</SimpleData>
		<SimpleData name="RCA">119/2021</SimpleData>
		<SimpleData name="SIST_ELECT">SEN</SimpleData>
		<SimpleData name="ESTADO">OPERATIVA</SimpleData>
		<SimpleData name="F_OPERACIO">1666051200000</SimpleData>
		<SimpleData name="COORD_ESTE">335030</SimpleData>
		<SimpleData name="COORD_NORT">6256343</SimpleData>
		<SimpleData name="HUSO">19 SUR</SimpleData>
		<SimpleData name="DATUM">WGS 1984</SimpleData>
		<SimpleData name="REGION">13</SimpleData>
		<SimpleData name="PROVINCIA">134</SimpleData>
		<SimpleData name="COMUNA">13402</SimpleData>
		<SimpleData name="FUENTE_BAS">CNE</SimpleData>
		<SimpleData name="FECH_CREA">1593475200000</SimpleData>
		<SimpleData name="FECH_ACT">1688083200000</SimpleData>
	</SchemaData></ExtendedData>
      <Point><coordinates>-70.7825422879999,-33.820272115</coordinates></Point>
  </Placemark>
  <Placemark id="centrales_solares.63">
	<name>EL ROMERAL</name>
	<ExtendedData><SchemaData schemaUrl="#centrales_solares">
		<SimpleData name="OBJECTID">63</SimpleData>
		<SimpleData name="ID_GE_SOLA">515</SimpleData>
		<SimpleData name="NOMBRE">EL ROMERAL</SimpleData>
		<SimpleData name="PROPIEDAD">GR ULMO SPA</SimpleData>
		<SimpleData name="TIPO">FOTOVOLTAICO</SimpleData>
		<SimpleData name="MEDIO_GENE">PMGD</SimpleData>
		<SimpleData name="COMBUSTIBL">NO APLICA</SimpleData>
		<SimpleData name="POTENCIAMW">8</SimpleData>
		<SimpleData name="UNIDADES">0</SimpleData>
		<SimpleData name="RCA">024/2019</SimpleData>
		<SimpleData name="SIST_ELECT">SEN</SimpleData>
		<SimpleData name="ESTADO">OPERATIVA</SimpleData>
		<SimpleData name="F_OPERACIO">1609200000000</SimpleData>
		<SimpleData name="COORD_ESTE">313960</SimpleData>
		<SimpleData name="COORD_NORT">6154877</SimpleData>
		<SimpleData name="HUSO">19 SUR</SimpleData>
		<SimpleData name="DATUM">WGS 1984</SimpleData>
		<SimpleData name="REGION">06</SimpleData>
		<SimpleData name="PROVINCIA">063</SimpleData>
		<SimpleData name="COMUNA">06303</SimpleData>
		<SimpleData name="FUENTE_BAS">CNE</SimpleData>
		<SimpleData name="FECH_CREA">1561852800000</SimpleData>
		<SimpleData name="FECH_ACT">1688083200000</SimpleData>
	</SchemaData></ExtendedData>
      <Point><coordinates>-71.031985622,-34.7312740089999</coordinates></Point>
  </Placemark>
  <Placemark id="centrales_solares.64">
	<name>ANTONIA SOLAR (O'HIGGINS)</name>
	<ExtendedData><SchemaData schemaUrl="#centrales_solares">
		<SimpleData name="OBJECTID">64</SimpleData>
		<SimpleData name="ID_GE_SOLA">548</SimpleData>
		<SimpleData name="NOMBRE">ANTONIA SOLAR (O'HIGGINS)</SimpleData>
		<SimpleData name="PROPIEDAD">FOTOVOLTAICA DELTA SPA</SimpleData>
		<SimpleData name="TIPO">FOTOVOLTAICO</SimpleData>
		<SimpleData name="MEDIO_GENE">PMGD</SimpleData>
		<SimpleData name="COMBUSTIBL">NO APLICA</SimpleData>
		<SimpleData name="POTENCIAMW">2.9825</SimpleData>
		<SimpleData name="UNIDADES">0</SimpleData>
		<SimpleData name="RCA">NO APLICA</SimpleData>
		<SimpleData name="SIST_ELECT">SEN</SimpleData>
		<SimpleData name="ESTADO">OPERATIVA</SimpleData>
		<SimpleData name="F_OPERACIO">1587168000000</SimpleData>
		<SimpleData name="COORD_ESTE">320254</SimpleData>
		<SimpleData name="COORD_NORT">6192264</SimpleData>
		<SimpleData name="HUSO">19 SUR</SimpleData>
		<SimpleData name="DATUM">WGS 1984</SimpleData>
		<SimpleData name="REGION">06</SimpleData>
		<SimpleData name="PROVINCIA">061</SimpleData>
		<SimpleData name="COMUNA">06115</SimpleData>
		<SimpleData name="FUENTE_BAS">CNE</SimpleData>
		<SimpleData name="FECH_CREA">1577750400000</SimpleData>
		<SimpleData name="FECH_ACT">1688083200000</SimpleData>
	</SchemaData></ExtendedData>
      <Point><coordinates>-70.955371511,-34.395439671</coordinates></Point>
  </Placemark>
  <Placemark id="centrales_solares.65">
	<name>HUAPE</name>
	<ExtendedData><SchemaData schemaUrl="#centrales_solares">
		<SimpleData name="OBJECTID">65</SimpleData>
		<SimpleData name="ID_GE_SOLA">873</SimpleData>
		<SimpleData name="NOMBRE">HUAPE</SimpleData>
		<SimpleData name="PROPIEDAD">FARMDO ENERGY CHILE SPA</SimpleData>
		<SimpleData name="TIPO">FOTOVOLTAICO</SimpleData>
		<SimpleData name="MEDIO_GENE">PMGD</SimpleData>
		<SimpleData name="COMBUSTIBL">NO APLICA</SimpleData>
		<SimpleData name="POTENCIAMW">2.967</SimpleData>
		<SimpleData name="UNIDADES">0</SimpleData>
		<SimpleData name="RCA">NO APLICA</SimpleData>
		<SimpleData name="SIST_ELECT">SEN</SimpleData>
		<SimpleData name="ESTADO">OPERATIVA</SimpleData>
		<SimpleData name="F_OPERACIO">1622851200000</SimpleData>
		<SimpleData name="COORD_ESTE">209172</SimpleData>
		<SimpleData name="COORD_NORT">5944140</SimpleData>
		<SimpleData name="HUSO">19 SUR</SimpleData>
		<SimpleData name="DATUM">WGS 1984</SimpleData>
		<SimpleData name="REGION">16</SimpleData>
		<SimpleData name="PROVINCIA">161</SimpleData>
		<SimpleData name="COMUNA">16101</SimpleData>
		<SimpleData name="FUENTE_BAS">CNE</SimpleData>
		<SimpleData name="FECH_CREA">1609372800000</SimpleData>
		<SimpleData name="FECH_ACT">1688083200000</SimpleData>
	</SchemaData></ExtendedData>
      <Point><coordinates>-72.25131236,-36.603931213</coordinates></Point>
  </Placemark>
  <Placemark id="centrales_solares.66">
	<name>SANTA CECILIA</name>
	<ExtendedData><SchemaData schemaUrl="#centrales_solares">
		<SimpleData name="OBJECTID">66</SimpleData>
		<SimpleData name="ID_GE_SOLA">416</SimpleData>
		<SimpleData name="NOMBRE">SANTA CECILIA</SimpleData>
		<SimpleData name="PROPIEDAD">COMMONPLACE ENERGY S.A.</SimpleData>
		<SimpleData name="TIPO">FOTOVOLTAICO</SimpleData>
		<SimpleData name="MEDIO_GENE">PMGD</SimpleData>
		<SimpleData name="COMBUSTIBL">NO APLICA</SimpleData>
		<SimpleData name="POTENCIAMW">2.9452</SimpleData>
		<SimpleData name="UNIDADES">0</SimpleData>
		<SimpleData name="RCA">NO APLICA</SimpleData>
		<SimpleData name="SIST_ELECT">SEN</SimpleData>
		<SimpleData name="ESTADO">OPERATIVA</SimpleData>
		<SimpleData name="F_OPERACIO">1387065600000</SimpleData>
		<SimpleData name="COORD_ESTE">313828</SimpleData>
		<SimpleData name="COORD_NORT">6777519</SimpleData>
		<SimpleData name="HUSO">19 SUR</SimpleData>
		<SimpleData name="DATUM">WGS 1984</SimpleData>
		<SimpleData name="REGION">03</SimpleData>
		<SimpleData name="PROVINCIA">033</SimpleData>
		<SimpleData name="COMUNA">03301</SimpleData>
		<SimpleData name="FUENTE_BAS">CNE</SimpleData>
		<SimpleData name="FECH_CREA">1418169600000</SimpleData>
		<SimpleData name="FECH_ACT">1688083200000</SimpleData>
	</SchemaData></ExtendedData>
      <Point><coordinates>-70.9133917189999,-29.117177586</coordinates></Point>
  </Placemark>
  <Placemark id="centrales_solares.67">
	<name>LAS PERDICES</name>
	<ExtendedData><SchemaData schemaUrl="#centrales_solares">
		<SimpleData name="OBJECTID">67</SimpleData>
		<SimpleData name="ID_GE_SOLA">470</SimpleData>
		<SimpleData name="NOMBRE">LAS PERDICES</SimpleData>
		<SimpleData name="PROPIEDAD">PFV LAS PERDICES SPA</SimpleData>
		<SimpleData name="TIPO">FOTOVOLTAICO</SimpleData>
		<SimpleData name="MEDIO_GENE">PMGD</SimpleData>
		<SimpleData name="COMBUSTIBL">NO APLICA</SimpleData>
		<SimpleData name="POTENCIAMW">2.966</SimpleData>
		<SimpleData name="UNIDADES">0</SimpleData>
		<SimpleData name="RCA">NO APLICA</SimpleData>
		<SimpleData name="SIST_ELECT">SEN</SimpleData>
		<SimpleData name="ESTADO">OPERATIVA</SimpleData>
		<SimpleData name="F_OPERACIO">1566345600000</SimpleData>
		<SimpleData name="COORD_ESTE">264937</SimpleData>
		<SimpleData name="COORD_NORT">6084221</SimpleData>
		<SimpleData name="HUSO">19 SUR</SimpleData>
		<SimpleData name="DATUM">WGS 1984</SimpleData>
		<SimpleData name="REGION">07</SimpleData>
		<SimpleData name="PROVINCIA">071</SimpleData>
		<SimpleData name="COMUNA">07101</SimpleData>
		<SimpleData name="FUENTE_BAS">CNE</SimpleData>
		<SimpleData name="FECH_CREA">1553990400000</SimpleData>
		<SimpleData name="FECH_ACT">1688083200000</SimpleData>
	</SchemaData></ExtendedData>
      <Point><coordinates>-71.5870016929999,-35.357655499</coordinates></Point>
  </Placemark>
  <Placemark id="centrales_solares.68">
	<name>TREBAL SOLAR</name>
	<ExtendedData><SchemaData schemaUrl="#centrales_solares">
		<SimpleData name="OBJECTID">68</SimpleData>
		<SimpleData name="ID_GE_SOLA">848</SimpleData>
		<SimpleData name="NOMBRE">TREBAL SOLAR</SimpleData>
		<SimpleData name="PROPIEDAD">EL ROBLE SOLAR SPA</SimpleData>
		<SimpleData name="TIPO">FOTOVOLTAICO</SimpleData>
		<SimpleData name="MEDIO_GENE">PMGD</SimpleData>
		<SimpleData name="COMBUSTIBL">NO APLICA</SimpleData>
		<SimpleData name="POTENCIAMW">2.999</SimpleData>
		<SimpleData name="UNIDADES">0</SimpleData>
		<SimpleData name="RCA">NO APLICA</SimpleData>
		<SimpleData name="SIST_ELECT">SEN</SimpleData>
		<SimpleData name="ESTADO">OPERATIVA</SimpleData>
		<SimpleData name="F_OPERACIO">1593216000000</SimpleData>
		<SimpleData name="COORD_ESTE">327402</SimpleData>
		<SimpleData name="COORD_NORT">6290649</SimpleData>
		<SimpleData name="HUSO">19 SUR</SimpleData>
		<SimpleData name="DATUM">WGS 1984</SimpleData>
		<SimpleData name="REGION">13</SimpleData>
		<SimpleData name="PROVINCIA">131</SimpleData>
		<SimpleData name="COMUNA">13119</SimpleData>
		<SimpleData name="FUENTE_BAS">CNE</SimpleData>
		<SimpleData name="FECH_CREA">1609372800000</SimpleData>
		<SimpleData name="FECH_ACT">1688083200000</SimpleData>
	</SchemaData></ExtendedData>
      <Point><coordinates>-70.8582638899999,-33.509797372</coordinates></Point>
  </Placemark>
  <Placemark id="centrales_solares.69">
	<name>RODEO</name>
	<ExtendedData><SchemaData schemaUrl="#centrales_solares">
		<SimpleData name="OBJECTID">69</SimpleData>
		<SimpleData name="ID_GE_SOLA">357</SimpleData>
		<SimpleData name="NOMBRE">RODEO</SimpleData>
		<SimpleData name="PROPIEDAD">PV RODEO SPA</SimpleData>
		<SimpleData name="TIPO">FOTOVOLTAICO</SimpleData>
		<SimpleData name="MEDIO_GENE">PMGD</SimpleData>
		<SimpleData name="COMBUSTIBL">NO APLICA</SimpleData>
		<SimpleData name="POTENCIAMW">2.96</SimpleData>
		<SimpleData name="UNIDADES">0</SimpleData>
		<SimpleData name="RCA">NO APLICA</SimpleData>
		<SimpleData name="SIST_ELECT">SEN</SimpleData>
		<SimpleData name="ESTADO">OPERATIVA</SimpleData>
		<SimpleData name="F_OPERACIO">1542412800000</SimpleData>
		<SimpleData name="COORD_ESTE">316200</SimpleData>
		<SimpleData name="COORD_NORT">6372519</SimpleData>
		<SimpleData name="HUSO">19 SUR</SimpleData>
		<SimpleData name="DATUM">WGS 1984</SimpleData>
		<SimpleData name="REGION">05</SimpleData>
		<SimpleData name="PROVINCIA">057</SimpleData>
		<SimpleData name="COMUNA">05702</SimpleData>
		<SimpleData name="FUENTE_BAS">CNE</SimpleData>
		<SimpleData name="FECH_CREA">1530316800000</SimpleData>
		<SimpleData name="FECH_ACT">1688083200000</SimpleData>
	</SchemaData></ExtendedData>
      <Point><coordinates>-70.962307973,-32.769886237</coordinates></Point>
  </Placemark>
  <Placemark id="centrales_solares.70">
	<name>TREBO</name>
	<ExtendedData><SchemaData schemaUrl="#centrales_solares">
		<SimpleData name="OBJECTID">70</SimpleData>
		<SimpleData name="ID_GE_SOLA">981</SimpleData>
		<SimpleData name="NOMBRE">TREBO</SimpleData>
		<SimpleData name="PROPIEDAD">SOLAR TI DIECISIETE SPA</SimpleData>
		<SimpleData name="TIPO">FOTOVOLTAICO</SimpleData>
		<SimpleData name="MEDIO_GENE">PMGD</SimpleData>
		<SimpleData name="COMBUSTIBL">NO APLICA</SimpleData>
		<SimpleData name="POTENCIAMW">2.97</SimpleData>
		<SimpleData name="UNIDADES">0</SimpleData>
		<SimpleData name="RCA">NO APLICA</SimpleData>
		<SimpleData name="SIST_ELECT">SEN</SimpleData>
		<SimpleData name="ESTADO">OPERATIVA</SimpleData>
		<SimpleData name="F_OPERACIO">1646179200000</SimpleData>
		<SimpleData name="COORD_ESTE">281052</SimpleData>
		<SimpleData name="COORD_NORT">6273091</SimpleData>
		<SimpleData name="HUSO">19 SUR</SimpleData>
		<SimpleData name="DATUM">WGS 1984</SimpleData>
		<SimpleData name="REGION">13</SimpleData>
		<SimpleData name="PROVINCIA">135</SimpleData>
		<SimpleData name="COMUNA">13501</SimpleData>
		<SimpleData name="FUENTE_BAS">CNE</SimpleData>
		<SimpleData name="FECH_CREA">1625011200000</SimpleData>
		<SimpleData name="FECH_ACT">1688083200000</SimpleData>
	</SchemaData></ExtendedData>
      <Point><coordinates>-71.3612662629999,-33.6595404879999</coordinates></Point>
  </Placemark>
  <Placemark id="centrales_solares.71">
	<name>GRANADA</name>
	<ExtendedData><SchemaData schemaUrl="#centrales_solares">
		<SimpleData name="OBJECTID">71</SimpleData>
		<SimpleData name="ID_GE_SOLA">178</SimpleData>
		<SimpleData name="NOMBRE">GRANADA</SimpleData>
		<SimpleData name="PROPIEDAD">GRANADA SPA</SimpleData>
		<SimpleData name="TIPO">FOTOVOLTAICO</SimpleData>
		<SimpleData name="MEDIO_GENE">PMGD</SimpleData>
		<SimpleData name="COMBUSTIBL">NO APLICA</SimpleData>
		<SimpleData name="POTENCIAMW">9</SimpleData>
		<SimpleData name="UNIDADES">0</SimpleData>
		<SimpleData name="RCA">174/2018</SimpleData>
		<SimpleData name="SIST_ELECT">SEN</SimpleData>
		<SimpleData name="ESTADO">OPERATIVA</SimpleData>
		<SimpleData name="F_OPERACIO">1594425600000</SimpleData>
		<SimpleData name="COORD_ESTE">262026</SimpleData>
		<SimpleData name="COORD_NORT">6033928</SimpleData>
		<SimpleData name="HUSO">19 SUR</SimpleData>
		<SimpleData name="DATUM">WGS 1984</SimpleData>
		<SimpleData name="REGION">07</SimpleData>
		<SimpleData name="PROVINCIA">074</SimpleData>
		<SimpleData name="COMUNA">07401</SimpleData>
		<SimpleData name="FUENTE_BAS">CNE</SimpleData>
		<SimpleData name="FECH_CREA">1506729600000</SimpleData>
		<SimpleData name="FECH_ACT">1688083200000</SimpleData>
	</SchemaData></ExtendedData>
      <Point><coordinates>-71.633811022,-35.809958288</coordinates></Point>
  </Placemark>
  <Placemark id="centrales_solares.72">
	<name>EL QUEULE</name>
	<ExtendedData><SchemaData schemaUrl="#centrales_solares">
		<SimpleData name="OBJECTID">72</SimpleData>
		<SimpleData name="ID_GE_SOLA">148</SimpleData>
		<SimpleData name="NOMBRE">EL QUEULE</SimpleData>
		<SimpleData name="PROPIEDAD">EL QUEULE SPA</SimpleData>
		<SimpleData name="TIPO">FOTOVOLTAICO</SimpleData>
		<SimpleData name="MEDIO_GENE">PMGD</SimpleData>
		<SimpleData name="COMBUSTIBL">NO APLICA</SimpleData>
		<SimpleData name="POTENCIAMW">6.87</SimpleData>
		<SimpleData name="UNIDADES">0</SimpleData>
		<SimpleData name="RCA">227/2016</SimpleData>
		<SimpleData name="SIST_ELECT">SEN</SimpleData>
		<SimpleData name="ESTADO">OPERATIVA</SimpleData>
		<SimpleData name="F_OPERACIO">1547856000000</SimpleData>
		<SimpleData name="COORD_ESTE">279275</SimpleData>
		<SimpleData name="COORD_NORT">6210657</SimpleData>
		<SimpleData name="HUSO">19 SUR</SimpleData>
		<SimpleData name="DATUM">WGS 1984</SimpleData>
		<SimpleData name="REGION">06</SimpleData>
		<SimpleData name="PROVINCIA">061</SimpleData>
		<SimpleData name="COMUNA">06107</SimpleData>
		<SimpleData name="FUENTE_BAS">CNE</SimpleData>
		<SimpleData name="FECH_CREA">1469577600000</SimpleData>
		<SimpleData name="FECH_ACT">1688083200000</SimpleData>
	</SchemaData></ExtendedData>
      <Point><coordinates>-71.396135094,-34.221775056</coordinates></Point>
  </Placemark>
  <Placemark id="centrales_solares.73">
	<name>CASTILLA</name>
	<ExtendedData><SchemaData schemaUrl="#centrales_solares">
		<SimpleData name="OBJECTID">73</SimpleData>
		<SimpleData name="ID_GE_SOLA">962</SimpleData>
		<SimpleData name="NOMBRE">CASTILLA</SimpleData>
		<SimpleData name="PROPIEDAD">SANTA ESTER SOLAR SPA</SimpleData>
		<SimpleData name="TIPO">FOTOVOLTAICO</SimpleData>
		<SimpleData name="MEDIO_GENE">PMG</SimpleData>
		<SimpleData name="COMBUSTIBL">NO APLICA</SimpleData>
		<SimpleData name="POTENCIAMW">2.75</SimpleData>
		<SimpleData name="UNIDADES">0</SimpleData>
		<SimpleData name="RCA">NO APLICA</SimpleData>
		<SimpleData name="SIST_ELECT">SEN</SimpleData>
		<SimpleData name="ESTADO">OPERATIVA</SimpleData>
		<SimpleData name="F_OPERACIO">1671408000000</SimpleData>
		<SimpleData name="COORD_ESTE">347936</SimpleData>
		<SimpleData name="COORD_NORT">6913187</SimpleData>
		<SimpleData name="HUSO">19 SUR</SimpleData>
		<SimpleData name="DATUM">WGS 1984</SimpleData>
		<SimpleData name="REGION">03</SimpleData>
		<SimpleData name="PROVINCIA">031</SimpleData>
		<SimpleData name="COMUNA">03101</SimpleData>
		<SimpleData name="FUENTE_BAS">CNE</SimpleData>
		<SimpleData name="FECH_CREA">1622419200000</SimpleData>
		<SimpleData name="FECH_ACT">1688083200000</SimpleData>
	</SchemaData></ExtendedData>
      <Point><coordinates>-70.545018681,-27.897550076</coordinates></Point>
  </Placemark>
  <Placemark id="centrales_solares.74">
	<name>SOLARPACK VILLA ALEMANA</name>
	<ExtendedData><SchemaData schemaUrl="#centrales_solares">
		<SimpleData name="OBJECTID">74</SimpleData>
		<SimpleData name="ID_GE_SOLA">867</SimpleData>
		<SimpleData name="NOMBRE">SOLARPACK VILLA ALEMANA</SimpleData>
		<SimpleData name="PROPIEDAD">ANUMAR ENERGIA DEL SOL 1 SPA</SimpleData>
		<SimpleData name="TIPO">FOTOVOLTAICO</SimpleData>
		<SimpleData name="MEDIO_GENE">PMGD</SimpleData>
		<SimpleData name="COMBUSTIBL">NO APLICA</SimpleData>
		<SimpleData name="POTENCIAMW">2.7</SimpleData>
		<SimpleData name="UNIDADES">0</SimpleData>
		<SimpleData name="RCA">NO APLICA</SimpleData>
		<SimpleData name="SIST_ELECT">SEN</SimpleData>
		<SimpleData name="ESTADO">OPERATIVA</SimpleData>
		<SimpleData name="F_OPERACIO">1638230400000</SimpleData>
		<SimpleData name="COORD_ESTE">285801</SimpleData>
		<SimpleData name="COORD_NORT">6341163</SimpleData>
		<SimpleData name="HUSO">19 SUR</SimpleData>
		<SimpleData name="DATUM">WGS 1984</SimpleData>
		<SimpleData name="REGION">05</SimpleData>
		<SimpleData name="PROVINCIA">058</SimpleData>
		<SimpleData name="COMUNA">05804</SimpleData>
		<SimpleData name="FUENTE_BAS">CNE</SimpleData>
		<SimpleData name="FECH_CREA">1609372800000</SimpleData>
		<SimpleData name="FECH_ACT">1688083200000</SimpleData>
	</SchemaData></ExtendedData>
      <Point><coordinates>-71.293929417,-33.0470049149999</coordinates></Point>
  </Placemark>
  <Placemark id="centrales_solares.75">
	<name>TAMBO REAL</name>
	<ExtendedData><SchemaData schemaUrl="#centrales_solares">
		<SimpleData name="OBJECTID">75</SimpleData>
		<SimpleData name="ID_GE_SOLA">439</SimpleData>
		<SimpleData name="NOMBRE">TAMBO REAL</SimpleData>
		<SimpleData name="PROPIEDAD">GENERADORA ELECTRICA KALTEMP LTDA.</SimpleData>
		<SimpleData name="TIPO">FOTOVOLTAICO</SimpleData>
		<SimpleData name="MEDIO_GENE">PMGD</SimpleData>
		<SimpleData name="COMBUSTIBL">NO APLICA</SimpleData>
		<SimpleData name="POTENCIAMW">2.9264</SimpleData>
		<SimpleData name="UNIDADES">0</SimpleData>
		<SimpleData name="RCA">NO APLICA</SimpleData>
		<SimpleData name="SIST_ELECT">SEN</SimpleData>
		<SimpleData name="ESTADO">OPERATIVA</SimpleData>
		<SimpleData name="F_OPERACIO">1354752000000</SimpleData>
		<SimpleData name="COORD_ESTE">329339</SimpleData>
		<SimpleData name="COORD_NORT">6674517</SimpleData>
		<SimpleData name="HUSO">19 SUR</SimpleData>
		<SimpleData name="DATUM">WGS 1984</SimpleData>
		<SimpleData name="REGION">04</SimpleData>
		<SimpleData name="PROVINCIA">041</SimpleData>
		<SimpleData name="COMUNA">04106</SimpleData>
		<SimpleData name="FUENTE_BAS">CNE</SimpleData>
		<SimpleData name="FECH_CREA">1418169600000</SimpleData>
		<SimpleData name="FECH_ACT">1688083200000</SimpleData>
	</SchemaData></ExtendedData>
      <Point><coordinates>-70.770187542,-30.048527685</coordinates></Point>
  </Placemark>
  <Placemark id="centrales_solares.76">
	<name>PEGASUS SOLAR</name>
	<ExtendedData><SchemaData schemaUrl="#centrales_solares">
		<SimpleData name="OBJECTID">76</SimpleData>
		<SimpleData name="ID_GE_SOLA">854</SimpleData>
		<SimpleData name="NOMBRE">PEGASUS SOLAR</SimpleData>
		<SimpleData name="PROPIEDAD">PEGASUS SOLAR SPA</SimpleData>
		<SimpleData name="TIPO">FOTOVOLTAICO</SimpleData>
		<SimpleData name="MEDIO_GENE">PMGD</SimpleData>
		<SimpleData name="COMBUSTIBL">NO APLICA</SimpleData>
		<SimpleData name="POTENCIAMW">2.98</SimpleData>
		<SimpleData name="UNIDADES">0</SimpleData>
		<SimpleData name="RCA">NO APLICA</SimpleData>
		<SimpleData name="SIST_ELECT">SEN</SimpleData>
		<SimpleData name="ESTADO">OPERATIVA</SimpleData>
		<SimpleData name="F_OPERACIO">1627430400000</SimpleData>
		<SimpleData name="COORD_ESTE">229868</SimpleData>
		<SimpleData name="COORD_NORT">5944806</SimpleData>
		<SimpleData name="HUSO">19 SUR</SimpleData>
		<SimpleData name="DATUM">WGS 1984</SimpleData>
		<SimpleData name="REGION">16</SimpleData>
		<SimpleData name="PROVINCIA">163</SimpleData>
		<SimpleData name="COMUNA">16302</SimpleData>
		<SimpleData name="FUENTE_BAS">CNE</SimpleData>
		<SimpleData name="FECH_CREA">1609372800000</SimpleData>
		<SimpleData name="FECH_ACT">1688083200000</SimpleData>
	</SchemaData></ExtendedData>
      <Point><coordinates>-72.020009644,-36.604021721</coordinates></Point>
  </Placemark>
  <Placemark id="centrales_solares.77">
	<name>VILLA PRAT</name>
	<ExtendedData><SchemaData schemaUrl="#centrales_solares">
		<SimpleData name="OBJECTID">77</SimpleData>
		<SimpleData name="ID_GE_SOLA">461</SimpleData>
		<SimpleData name="NOMBRE">VILLA PRAT</SimpleData>
		<SimpleData name="PROPIEDAD">VILLA PRAT ENERGY SPA</SimpleData>
		<SimpleData name="TIPO">FOTOVOLTAICO</SimpleData>
		<SimpleData name="MEDIO_GENE">PMGD</SimpleData>
		<SimpleData name="COMBUSTIBL">NO APLICA</SimpleData>
		<SimpleData name="POTENCIAMW">2.96</SimpleData>
		<SimpleData name="UNIDADES">0</SimpleData>
		<SimpleData name="RCA">NO APLICA</SimpleData>
		<SimpleData name="SIST_ELECT">SEN</SimpleData>
		<SimpleData name="ESTADO">OPERATIVA</SimpleData>
		<SimpleData name="F_OPERACIO">1534896000000</SimpleData>
		<SimpleData name="COORD_ESTE">260592</SimpleData>
		<SimpleData name="COORD_NORT">6111255</SimpleData>
		<SimpleData name="HUSO">19 SUR</SimpleData>
		<SimpleData name="DATUM">WGS 1984</SimpleData>
		<SimpleData name="REGION">07</SimpleData>
		<SimpleData name="PROVINCIA">073</SimpleData>
		<SimpleData name="COMUNA">07307</SimpleData>
		<SimpleData name="FUENTE_BAS">CNE</SimpleData>
		<SimpleData name="FECH_CREA">1522454400000</SimpleData>
		<SimpleData name="FECH_ACT">1688083200000</SimpleData>
	</SchemaData></ExtendedData>
      <Point><coordinates>-71.6269082709999,-35.1131123929999</coordinates></Point>
  </Placemark>
  <Placemark id="centrales_solares.78">
	<name>CINTAC</name>
	<ExtendedData><SchemaData schemaUrl="#centrales_solares">
		<SimpleData name="OBJECTID">78</SimpleData>
		<SimpleData name="ID_GE_SOLA">79</SimpleData>
		<SimpleData name="NOMBRE">CINTAC</SimpleData>
		<SimpleData name="PROPIEDAD">IMELSA ENERGIA SPA</SimpleData>
		<SimpleData name="TIPO">FOTOVOLTAICO</SimpleData>
		<SimpleData name="MEDIO_GENE">PMGD</SimpleData>
		<SimpleData name="COMBUSTIBL">NO APLICA</SimpleData>
		<SimpleData name="POTENCIAMW">2.77</SimpleData>
		<SimpleData name="UNIDADES">0</SimpleData>
		<SimpleData name="RCA">NO APLICA</SimpleData>
		<SimpleData name="SIST_ELECT">SEN</SimpleData>
		<SimpleData name="ESTADO">OPERATIVA</SimpleData>
		<SimpleData name="F_OPERACIO">1483228800000</SimpleData>
		<SimpleData name="COORD_ESTE">339830</SimpleData>
		<SimpleData name="COORD_NORT">6290423</SimpleData>
		<SimpleData name="HUSO">19 SUR</SimpleData>
		<SimpleData name="DATUM">WGS 1984</SimpleData>
		<SimpleData name="REGION">13</SimpleData>
		<SimpleData name="PROVINCIA">131</SimpleData>
		<SimpleData name="COMUNA">13119</SimpleData>
		<SimpleData name="FUENTE_BAS">CNE</SimpleData>
		<SimpleData name="FECH_CREA">1483142400000</SimpleData>
		<SimpleData name="FECH_ACT">1688083200000</SimpleData>
	</SchemaData></ExtendedData>
      <Point><coordinates>-70.724554063,-33.5137695239999</coordinates></Point>
  </Placemark>
  <Placemark id="centrales_solares.79">
	<name>COCINILLAS</name>
	<ExtendedData><SchemaData schemaUrl="#centrales_solares">
		<SimpleData name="OBJECTID">79</SimpleData>
		<SimpleData name="ID_GE_SOLA">650</SimpleData>
		<SimpleData name="NOMBRE">COCINILLAS</SimpleData>
		<SimpleData name="PROPIEDAD">AGRO SOLAR IV SPA</SimpleData>
		<SimpleData name="TIPO">FOTOVOLTAICO</SimpleData>
		<SimpleData name="MEDIO_GENE">PMGD</SimpleData>
		<SimpleData name="COMBUSTIBL">NO APLICA</SimpleData>
		<SimpleData name="POTENCIAMW">2.779</SimpleData>
		<SimpleData name="UNIDADES">0</SimpleData>
		<SimpleData name="RCA">NO APLICA</SimpleData>
		<SimpleData name="SIST_ELECT">SEN</SimpleData>
		<SimpleData name="ESTADO">OPERATIVA</SimpleData>
		<SimpleData name="F_OPERACIO">1605052800000</SimpleData>
		<SimpleData name="COORD_ESTE">297800</SimpleData>
		<SimpleData name="COORD_NORT">6498500</SimpleData>
		<SimpleData name="HUSO">19 SUR</SimpleData>
		<SimpleData name="DATUM">WGS 1984</SimpleData>
		<SimpleData name="REGION">04</SimpleData>
		<SimpleData name="PROVINCIA">042</SimpleData>
		<SimpleData name="COMUNA">04201</SimpleData>
		<SimpleData name="FUENTE_BAS">CNE</SimpleData>
		<SimpleData name="FECH_CREA">1593475200000</SimpleData>
		<SimpleData name="FECH_ACT">1688083200000</SimpleData>
	</SchemaData></ExtendedData>
      <Point><coordinates>-71.131974134,-31.6309142429999</coordinates></Point>
  </Placemark>
  <Placemark id="centrales_solares.80">
	<name>COCHARCAS</name>
	<ExtendedData><SchemaData schemaUrl="#centrales_solares">
		<SimpleData name="OBJECTID">80</SimpleData>
		<SimpleData name="ID_GE_SOLA">641</SimpleData>
		<SimpleData name="NOMBRE">COCHARCAS</SimpleData>
		<SimpleData name="PROPIEDAD">FOTOVOLTAICA ALFA SPA</SimpleData>
		<SimpleData name="TIPO">FOTOVOLTAICO</SimpleData>
		<SimpleData name="MEDIO_GENE">PMGD</SimpleData>
		<SimpleData name="COMBUSTIBL">NO APLICA</SimpleData>
		<SimpleData name="POTENCIAMW">2.8</SimpleData>
		<SimpleData name="UNIDADES">0</SimpleData>
		<SimpleData name="RCA">NO APLICA</SimpleData>
		<SimpleData name="SIST_ELECT">SEN</SimpleData>
		<SimpleData name="ESTADO">OPERATIVA</SimpleData>
		<SimpleData name="F_OPERACIO">1594080000000</SimpleData>
		<SimpleData name="COORD_ESTE">222916</SimpleData>
		<SimpleData name="COORD_NORT">5953216</SimpleData>
		<SimpleData name="HUSO">19 SUR</SimpleData>
		<SimpleData name="DATUM">WGS 1984</SimpleData>
		<SimpleData name="REGION">16</SimpleData>
		<SimpleData name="PROVINCIA">163</SimpleData>
		<SimpleData name="COMUNA">16305</SimpleData>
		<SimpleData name="FUENTE_BAS">CNE</SimpleData>
		<SimpleData name="FECH_CREA">1593475200000</SimpleData>
		<SimpleData name="FECH_ACT">1688083200000</SimpleData>
	</SchemaData></ExtendedData>
      <Point><coordinates>-72.094605654,-36.5263216869999</coordinates></Point>
  </Placemark>
  <Placemark id="centrales_solares.81">
	<name>LOS PALTOS</name>
	<ExtendedData><SchemaData schemaUrl="#centrales_solares">
		<SimpleData name="OBJECTID">81</SimpleData>
		<SimpleData name="ID_GE_SOLA">542</SimpleData>
		<SimpleData name="NOMBRE">LOS PALTOS</SimpleData>
		<SimpleData name="PROPIEDAD">PARQUE SOLAR LOS PALTOS SPA</SimpleData>
		<SimpleData name="TIPO">FOTOVOLTAICO</SimpleData>
		<SimpleData name="MEDIO_GENE">PMGD</SimpleData>
		<SimpleData name="COMBUSTIBL">NO APLICA</SimpleData>
		<SimpleData name="POTENCIAMW">2.695</SimpleData>
		<SimpleData name="UNIDADES">0</SimpleData>
		<SimpleData name="RCA">NO APLICA</SimpleData>
		<SimpleData name="SIST_ELECT">SEN</SimpleData>
		<SimpleData name="ESTADO">OPERATIVA</SimpleData>
		<SimpleData name="F_OPERACIO">1578960000000</SimpleData>
		<SimpleData name="COORD_ESTE">308980</SimpleData>
		<SimpleData name="COORD_NORT">6413630</SimpleData>
		<SimpleData name="HUSO">19 SUR</SimpleData>
		<SimpleData name="DATUM">WGS 1984</SimpleData>
		<SimpleData name="REGION">05</SimpleData>
		<SimpleData name="PROVINCIA">054</SimpleData>
		<SimpleData name="COMUNA">05402</SimpleData>
		<SimpleData name="FUENTE_BAS">CNE</SimpleData>
		<SimpleData name="FECH_CREA">1577750400000</SimpleData>
		<SimpleData name="FECH_ACT">1688083200000</SimpleData>
	</SchemaData></ExtendedData>
      <Point><coordinates>-71.030972273,-32.398028702</coordinates></Point>
  </Placemark>
  <Placemark id="centrales_solares.82">
	<name>LOS TILOS</name>
	<ExtendedData><SchemaData schemaUrl="#centrales_solares">
		<SimpleData name="OBJECTID">82</SimpleData>
		<SimpleData name="ID_GE_SOLA">282</SimpleData>
		<SimpleData name="NOMBRE">LOS TILOS</SimpleData>
		<SimpleData name="PROPIEDAD">PARQUE FOTOVOLTAICO OCOA II SPA</SimpleData>
		<SimpleData name="TIPO">FOTOVOLTAICO</SimpleData>
		<SimpleData name="MEDIO_GENE">PMGD</SimpleData>
		<SimpleData name="COMBUSTIBL">NO APLICA</SimpleData>
		<SimpleData name="POTENCIAMW">3.5</SimpleData>
		<SimpleData name="UNIDADES">0</SimpleData>
		<SimpleData name="RCA">004/2019</SimpleData>
		<SimpleData name="SIST_ELECT">SEN</SimpleData>
		<SimpleData name="ESTADO">OPERATIVA</SimpleData>
		<SimpleData name="F_OPERACIO">1602288000000</SimpleData>
		<SimpleData name="COORD_ESTE">307152</SimpleData>
		<SimpleData name="COORD_NORT">6369740</SimpleData>
		<SimpleData name="HUSO">19 SUR</SimpleData>
		<SimpleData name="DATUM">WGS 1984</SimpleData>
		<SimpleData name="REGION">05</SimpleData>
		<SimpleData name="PROVINCIA">055</SimpleData>
		<SimpleData name="COMUNA">05503</SimpleData>
		<SimpleData name="FUENTE_BAS">CNE</SimpleData>
		<SimpleData name="FECH_CREA">1530316800000</SimpleData>
		<SimpleData name="FECH_ACT">1688083200000</SimpleData>
	</SchemaData></ExtendedData>
      <Point><coordinates>-71.059432011,-32.7933885969999</coordinates></Point>
  </Placemark>
  <Placemark id="centrales_solares.83">
	<name>EL CHUCAO</name>
	<ExtendedData><SchemaData schemaUrl="#centrales_solares">
		<SimpleData name="OBJECTID">83</SimpleData>
		<SimpleData name="ID_GE_SOLA">539</SimpleData>
		<SimpleData name="NOMBRE">EL CHUCAO</SimpleData>
		<SimpleData name="PROPIEDAD">PFV EL CHUCAO SPA</SimpleData>
		<SimpleData name="TIPO">FOTOVOLTAICO</SimpleData>
		<SimpleData name="MEDIO_GENE">PMGD</SimpleData>
		<SimpleData name="COMBUSTIBL">NO APLICA</SimpleData>
		<SimpleData name="POTENCIAMW">3</SimpleData>
		<SimpleData name="UNIDADES">0</SimpleData>
		<SimpleData name="RCA">NO APLICA</SimpleData>
		<SimpleData name="SIST_ELECT">SEN</SimpleData>
		<SimpleData name="ESTADO">OPERATIVA</SimpleData>
		<SimpleData name="F_OPERACIO">1599868800000</SimpleData>
		<SimpleData name="COORD_ESTE">236010</SimpleData>
		<SimpleData name="COORD_NORT">6009939</SimpleData>
		<SimpleData name="HUSO">19 SUR</SimpleData>
		<SimpleData name="DATUM">WGS 1984</SimpleData>
		<SimpleData name="REGION">07</SimpleData>
		<SimpleData name="PROVINCIA">074</SimpleData>
		<SimpleData name="COMUNA">07405</SimpleData>
		<SimpleData name="FUENTE_BAS">CNE</SimpleData>
		<SimpleData name="FECH_CREA">1577750400000</SimpleData>
		<SimpleData name="FECH_ACT">1688083200000</SimpleData>
	</SchemaData></ExtendedData>
      <Point><coordinates>-71.929386272,-36.019311987</coordinates></Point>
  </Placemark>
  <Placemark id="centrales_solares.84">
	<name>CATAN SOLAR</name>
	<ExtendedData><SchemaData schemaUrl="#centrales_solares">
		<SimpleData name="OBJECTID">84</SimpleData>
		<SimpleData name="ID_GE_SOLA">63</SimpleData>
		<SimpleData name="NOMBRE">CATAN SOLAR</SimpleData>
		<SimpleData name="PROPIEDAD">PLANETA INVESTMENTS SPA</SimpleData>
		<SimpleData name="TIPO">FOTOVOLTAICO</SimpleData>
		<SimpleData name="MEDIO_GENE">PMGD</SimpleData>
		<SimpleData name="COMBUSTIBL">NO APLICA</SimpleData>
		<SimpleData name="POTENCIAMW">2.995</SimpleData>
		<SimpleData name="UNIDADES">0</SimpleData>
		<SimpleData name="RCA">NO APLICA</SimpleData>
		<SimpleData name="SIST_ELECT">SEN</SimpleData>
		<SimpleData name="ESTADO">OPERATIVA</SimpleData>
		<SimpleData name="F_OPERACIO">1540252800000</SimpleData>
		<SimpleData name="COORD_ESTE">349749</SimpleData>
		<SimpleData name="COORD_NORT">6377650</SimpleData>
		<SimpleData name="HUSO">19 SUR</SimpleData>
		<SimpleData name="DATUM">WGS 1984</SimpleData>
		<SimpleData name="REGION">05</SimpleData>
		<SimpleData name="PROVINCIA">053</SimpleData>
		<SimpleData name="COMUNA">05304</SimpleData>
		<SimpleData name="FUENTE_BAS">CNE</SimpleData>
		<SimpleData name="FECH_CREA">1514678400000</SimpleData>
		<SimpleData name="FECH_ACT">1688083200000</SimpleData>
	</SchemaData></ExtendedData>
      <Point><coordinates>-70.603433552,-32.728716929</coordinates></Point>
  </Placemark>
  <Placemark id="centrales_solares.85">
	<name>LINGUE</name>
	<ExtendedData><SchemaData schemaUrl="#centrales_solares">
		<SimpleData name="OBJECTID">85</SimpleData>
		<SimpleData name="ID_GE_SOLA">644</SimpleData>
		<SimpleData name="NOMBRE">LINGUE</SimpleData>
		<SimpleData name="PROPIEDAD">LINGUE SPA</SimpleData>
		<SimpleData name="TIPO">FOTOVOLTAICO</SimpleData>
		<SimpleData name="MEDIO_GENE">PMGD</SimpleData>
		<SimpleData name="COMBUSTIBL">NO APLICA</SimpleData>
		<SimpleData name="POTENCIAMW">3</SimpleData>
		<SimpleData name="UNIDADES">0</SimpleData>
		<SimpleData name="RCA">NO APLICA</SimpleData>
		<SimpleData name="SIST_ELECT">SEN</SimpleData>
		<SimpleData name="ESTADO">OPERATIVA</SimpleData>
		<SimpleData name="F_OPERACIO">1611878400000</SimpleData>
		<SimpleData name="COORD_ESTE">277424</SimpleData>
		<SimpleData name="COORD_NORT">6303723</SimpleData>
		<SimpleData name="HUSO">19 SUR</SimpleData>
		<SimpleData name="DATUM">WGS 1984</SimpleData>
		<SimpleData name="REGION">05</SimpleData>
		<SimpleData name="PROVINCIA">051</SimpleData>
		<SimpleData name="COMUNA">05102</SimpleData>
		<SimpleData name="FUENTE_BAS">CNE</SimpleData>
		<SimpleData name="FECH_CREA">1593475200000</SimpleData>
		<SimpleData name="FECH_ACT">1688083200000</SimpleData>
	</SchemaData></ExtendedData>
      <Point><coordinates>-71.392745769,-33.3827404689999</coordinates></Point>
  </Placemark>
  <Placemark id="centrales_solares.86">
	<name>SANTA ADRIANA</name>
	<ExtendedData><SchemaData schemaUrl="#centrales_solares">
		<SimpleData name="OBJECTID">86</SimpleData>
		<SimpleData name="ID_GE_SOLA">369</SimpleData>
		<SimpleData name="NOMBRE">SANTA ADRIANA</SimpleData>
		<SimpleData name="PROPIEDAD">PARQUE FOTOVOLTAICO SANTA ADRIANA SPA</SimpleData>
		<SimpleData name="TIPO">FOTOVOLTAICO</SimpleData>
		<SimpleData name="MEDIO_GENE">PMGD</SimpleData>
		<SimpleData name="COMBUSTIBL">NO APLICA</SimpleData>
		<SimpleData name="POTENCIAMW">3</SimpleData>
		<SimpleData name="UNIDADES">0</SimpleData>
		<SimpleData name="RCA">NO APLICA</SimpleData>
		<SimpleData name="SIST_ELECT">SEN</SimpleData>
		<SimpleData name="ESTADO">OPERATIVA</SimpleData>
		<SimpleData name="F_OPERACIO">1565049600000</SimpleData>
		<SimpleData name="COORD_ESTE">317280</SimpleData>
		<SimpleData name="COORD_NORT">6270160</SimpleData>
		<SimpleData name="HUSO">19 SUR</SimpleData>
		<SimpleData name="DATUM">WGS 1984</SimpleData>
		<SimpleData name="REGION">13</SimpleData>
		<SimpleData name="PROVINCIA">136</SimpleData>
		<SimpleData name="COMUNA">13601</SimpleData>
		<SimpleData name="FUENTE_BAS">CNE</SimpleData>
		<SimpleData name="FECH_CREA">1546214400000</SimpleData>
		<SimpleData name="FECH_ACT">1688083200000</SimpleData>
	</SchemaData></ExtendedData>
      <Point><coordinates>-70.9713868869999,-33.692806242</coordinates></Point>
  </Placemark>
  <Placemark id="centrales_solares.87">
	<name>AZABACHE</name>
	<ExtendedData><SchemaData schemaUrl="#centrales_solares">
		<SimpleData name="OBJECTID">87</SimpleData>
		<SimpleData name="ID_GE_SOLA">29</SimpleData>
		<SimpleData name="NOMBRE">AZABACHE</SimpleData>
		<SimpleData name="PROPIEDAD">ENEL GENERACION</SimpleData>
		<SimpleData name="TIPO">FOTOVOLTAICO</SimpleData>
		<SimpleData name="COMBUSTIBL">NO APLICA</SimpleData>
		<SimpleData name="POTENCIAMW">58.07</SimpleData>
		<SimpleData name="UNIDADES">0</SimpleData>
		<SimpleData name="RCA">432/2014</SimpleData>
		<SimpleData name="SIST_ELECT">SEN</SimpleData>
		<SimpleData name="ESTADO">OPERATIVA</SimpleData>
		<SimpleData name="F_OPERACIO">1660003200000</SimpleData>
		<SimpleData name="COORD_ESTE">518386</SimpleData>
		<SimpleData name="COORD_NORT">7513412</SimpleData>
		<SimpleData name="HUSO">19 SUR</SimpleData>
		<SimpleData name="DATUM">WGS 1984</SimpleData>
		<SimpleData name="REGION">02</SimpleData>
		<SimpleData name="PROVINCIA">022</SimpleData>
		<SimpleData name="COMUNA">02201</SimpleData>
		<SimpleData name="FUENTE_BAS">CNE</SimpleData>
		<SimpleData name="FECH_CREA">1438560000000</SimpleData>
		<SimpleData name="FECH_ACT">1688083200000</SimpleData>
	</SchemaData></ExtendedData>
      <Point><coordinates>-68.821262366,-22.4855942409999</coordinates></Point>
  </Placemark>
  <Placemark id="centrales_solares.88">
	<name>BERRUECO</name>
	<ExtendedData><SchemaData schemaUrl="#centrales_solares">
		<SimpleData name="OBJECTID">88</SimpleData>
		<SimpleData name="ID_GE_SOLA">858</SimpleData>
		<SimpleData name="NOMBRE">BERRUECO</SimpleData>
		<SimpleData name="PROPIEDAD">BERRUECO ENERGIA SPA</SimpleData>
		<SimpleData name="TIPO">FOTOVOLTAICO</SimpleData>
		<SimpleData name="MEDIO_GENE">PMGD</SimpleData>
		<SimpleData name="COMBUSTIBL">NO APLICA</SimpleData>
		<SimpleData name="POTENCIAMW">8.98</SimpleData>
		<SimpleData name="UNIDADES">0</SimpleData>
		<SimpleData name="RCA">026/2019</SimpleData>
		<SimpleData name="SIST_ELECT">SEN</SimpleData>
		<SimpleData name="ESTADO">OPERATIVA</SimpleData>
		<SimpleData name="F_OPERACIO">1612569600000</SimpleData>
		<SimpleData name="COORD_ESTE">219025</SimpleData>
		<SimpleData name="COORD_NORT">5937041</SimpleData>
		<SimpleData name="HUSO">19 SUR</SimpleData>
		<SimpleData name="DATUM">WGS 1984</SimpleData>
		<SimpleData name="REGION">16</SimpleData>
		<SimpleData name="PROVINCIA">161</SimpleData>
		<SimpleData name="COMUNA">16103</SimpleData>
		<SimpleData name="FUENTE_BAS">CNE</SimpleData>
		<SimpleData name="FECH_CREA">1609372800000</SimpleData>
		<SimpleData name="FECH_ACT">1688083200000</SimpleData>
	</SchemaData></ExtendedData>
      <Point><coordinates>-72.143911284,-36.6707853139999</coordinates></Point>
  </Placemark>
  <Placemark id="centrales_solares.89">
	<name>CORDILLERILLA SOLAR</name>
	<ExtendedData><SchemaData schemaUrl="#centrales_solares">
		<SimpleData name="OBJECTID">89</SimpleData>
		<SimpleData name="ID_GE_SOLA">87</SimpleData>
		<SimpleData name="NOMBRE">CORDILLERILLA SOLAR</SimpleData>
		<SimpleData name="PROPIEDAD">TEATINOS ENERGIA S.A.</SimpleData>
		<SimpleData name="TIPO">FOTOVOLTAICO</SimpleData>
		<SimpleData name="MEDIO_GENE">PMGD</SimpleData>
		<SimpleData name="COMBUSTIBL">NO APLICA</SimpleData>
		<SimpleData name="POTENCIAMW">1.3196</SimpleData>
		<SimpleData name="UNIDADES">0</SimpleData>
		<SimpleData name="RCA">NO APLICA</SimpleData>
		<SimpleData name="SIST_ELECT">SEN</SimpleData>
		<SimpleData name="ESTADO">OPERATIVA</SimpleData>
		<SimpleData name="F_OPERACIO">1490572800000</SimpleData>
		<SimpleData name="COORD_ESTE">305793</SimpleData>
		<SimpleData name="COORD_NORT">6106832</SimpleData>
		<SimpleData name="HUSO">19 SUR</SimpleData>
		<SimpleData name="DATUM">WGS 1984</SimpleData>
		<SimpleData name="REGION">07</SimpleData>
		<SimpleData name="PROVINCIA">073</SimpleData>
		<SimpleData name="COMUNA">07301</SimpleData>
		<SimpleData name="FUENTE_BAS">CNE</SimpleData>
		<SimpleData name="FECH_CREA">1498780800000</SimpleData>
		<SimpleData name="FECH_ACT">1688083200000</SimpleData>
	</SchemaData></ExtendedData>
      <Point><coordinates>-71.13231983,-35.162701123</coordinates></Point>
  </Placemark>
  <Placemark id="centrales_solares.90">
	<name>CONDOR PELVIN</name>
	<ExtendedData><SchemaData schemaUrl="#centrales_solares">
		<SimpleData name="OBJECTID">90</SimpleData>
		<SimpleData name="ID_GE_SOLA">883</SimpleData>
		<SimpleData name="NOMBRE">CONDOR PELVIN</SimpleData>
		<SimpleData name="PROPIEDAD">PARQUE FOTOVOLTAICO PENAFLOR SPA</SimpleData>
		<SimpleData name="TIPO">FOTOVOLTAICO</SimpleData>
		<SimpleData name="MEDIO_GENE">PMGD</SimpleData>
		<SimpleData name="COMBUSTIBL">NO APLICA</SimpleData>
		<SimpleData name="POTENCIAMW">3</SimpleData>
		<SimpleData name="UNIDADES">0</SimpleData>
		<SimpleData name="RCA">NO APLICA</SimpleData>
		<SimpleData name="SIST_ELECT">SEN</SimpleData>
		<SimpleData name="ESTADO">OPERATIVA</SimpleData>
		<SimpleData name="F_OPERACIO">1647561600000</SimpleData>
		<SimpleData name="COORD_ESTE">321186</SimpleData>
		<SimpleData name="COORD_NORT">6278160</SimpleData>
		<SimpleData name="HUSO">19 SUR</SimpleData>
		<SimpleData name="DATUM">WGS 1984</SimpleData>
		<SimpleData name="REGION">13</SimpleData>
		<SimpleData name="PROVINCIA">136</SimpleData>
		<SimpleData name="COMUNA">13604</SimpleData>
		<SimpleData name="FUENTE_BAS">CNE</SimpleData>
		<SimpleData name="FECH_CREA">1609372800000</SimpleData>
		<SimpleData name="FECH_ACT">1688083200000</SimpleData>
	</SchemaData></ExtendedData>
      <Point><coordinates>-70.92765646,-33.6213569879999</coordinates></Point>
  </Placemark>
  <Placemark id="centrales_solares.91">
	<name>PAMPA TIGRE</name>
	<ExtendedData><SchemaData schemaUrl="#centrales_solares">
		<SimpleData name="OBJECTID">91</SimpleData>
		<SimpleData name="ID_GE_SOLA">288</SimpleData>
		<SimpleData name="NOMBRE">PAMPA TIGRE</SimpleData>
		<SimpleData name="PROPIEDAD">AR PAMPA SPA</SimpleData>
		<SimpleData name="TIPO">FOTOVOLTAICO</SimpleData>
		<SimpleData name="COMBUSTIBL">NO APLICA</SimpleData>
		<SimpleData name="POTENCIAMW">101.892</SimpleData>
		<SimpleData name="UNIDADES">0</SimpleData>
		<SimpleData name="RCA">048/2019</SimpleData>
		<SimpleData name="SIST_ELECT">SEN</SimpleData>
		<SimpleData name="ESTADO">OPERATIVA</SimpleData>
		<SimpleData name="F_OPERACIO">1661990400000</SimpleData>
		<SimpleData name="COORD_ESTE">418920</SimpleData>
		<SimpleData name="COORD_NORT">7361595</SimpleData>
		<SimpleData name="HUSO">19 SUR</SimpleData>
		<SimpleData name="DATUM">WGS 1984</SimpleData>
		<SimpleData name="REGION">02</SimpleData>
		<SimpleData name="PROVINCIA">021</SimpleData>
		<SimpleData name="COMUNA">02101</SimpleData>
		<SimpleData name="FUENTE_BAS">CNE</SimpleData>
		<SimpleData name="FECH_CREA">1530316800000</SimpleData>
		<SimpleData name="FECH_ACT">1688083200000</SimpleData>
	</SchemaData></ExtendedData>
      <Point><coordinates>-69.796253216,-23.85503584</coordinates></Point>
  </Placemark>
  <Placemark id="centrales_solares.92">
	<name>LLAY LLAY</name>
	<ExtendedData><SchemaData schemaUrl="#centrales_solares">
		<SimpleData name="OBJECTID">92</SimpleData>
		<SimpleData name="ID_GE_SOLA">243</SimpleData>
		<SimpleData name="NOMBRE">LLAY LLAY</SimpleData>
		<SimpleData name="PROPIEDAD">XUE SOLAR SPA</SimpleData>
		<SimpleData name="TIPO">FOTOVOLTAICO</SimpleData>
		<SimpleData name="MEDIO_GENE">PMGD</SimpleData>
		<SimpleData name="COMBUSTIBL">NO APLICA</SimpleData>
		<SimpleData name="POTENCIAMW">9</SimpleData>
		<SimpleData name="UNIDADES">0</SimpleData>
		<SimpleData name="RCA">191/2017</SimpleData>
		<SimpleData name="SIST_ELECT">SEN</SimpleData>
		<SimpleData name="ESTADO">OPERATIVA</SimpleData>
		<SimpleData name="F_OPERACIO">1618617600000</SimpleData>
		<SimpleData name="COORD_ESTE">316733</SimpleData>
		<SimpleData name="COORD_NORT">6363436</SimpleData>
		<SimpleData name="HUSO">19 SUR</SimpleData>
		<SimpleData name="DATUM">WGS 1984</SimpleData>
		<SimpleData name="REGION">05</SimpleData>
		<SimpleData name="PROVINCIA">057</SimpleData>
		<SimpleData name="COMUNA">05703</SimpleData>
		<SimpleData name="FUENTE_BAS">CNE</SimpleData>
		<SimpleData name="FECH_CREA">1469577600000</SimpleData>
		<SimpleData name="FECH_ACT">1688083200000</SimpleData>
	</SchemaData></ExtendedData>
      <Point><coordinates>-70.9584162529999,-32.851861823</coordinates></Point>
  </Placemark>
  <Placemark id="centrales_solares.93">
	<name>PMGD PFV PAS1</name>
	<ExtendedData><SchemaData schemaUrl="#centrales_solares">
		<SimpleData name="OBJECTID">93</SimpleData>
		<SimpleData name="ID_GE_SOLA">328</SimpleData>
		<SimpleData name="NOMBRE">PMGD PFV PAS1</SimpleData>
		<SimpleData name="PROPIEDAD">POZO ALMONTE SOLAR 1 S.A.</SimpleData>
		<SimpleData name="TIPO">FOTOVOLTAICO</SimpleData>
		<SimpleData name="MEDIO_GENE">PMGD</SimpleData>
		<SimpleData name="COMBUSTIBL">NO APLICA</SimpleData>
		<SimpleData name="POTENCIAMW">8.97</SimpleData>
		<SimpleData name="UNIDADES">0</SimpleData>
		<SimpleData name="RCA">061/2011</SimpleData>
		<SimpleData name="SIST_ELECT">SEN</SimpleData>
		<SimpleData name="ESTADO">OPERATIVA</SimpleData>
		<SimpleData name="F_OPERACIO">1446595200000</SimpleData>
		<SimpleData name="COORD_ESTE">421448</SimpleData>
		<SimpleData name="COORD_NORT">7758618</SimpleData>
		<SimpleData name="HUSO">19 SUR</SimpleData>
		<SimpleData name="DATUM">WGS 1984</SimpleData>
		<SimpleData name="REGION">01</SimpleData>
		<SimpleData name="PROVINCIA">014</SimpleData>
		<SimpleData name="COMUNA">01401</SimpleData>
		<SimpleData name="FUENTE_BAS">CNE</SimpleData>
		<SimpleData name="FECH_CREA">1451520000000</SimpleData>
		<SimpleData name="FECH_ACT">1688083200000</SimpleData>
	</SchemaData></ExtendedData>
      <Point><coordinates>-69.752205144,-20.268584904</coordinates></Point>
  </Placemark>
  <Placemark id="centrales_solares.94">
	<name>JAHUEL</name>
	<ExtendedData><SchemaData schemaUrl="#centrales_solares">
		<SimpleData name="OBJECTID">94</SimpleData>
		<SimpleData name="ID_GE_SOLA">193</SimpleData>
		<SimpleData name="NOMBRE">JAHUEL</SimpleData>
		<SimpleData name="PROPIEDAD">CHESTER SOLAR I SPA</SimpleData>
		<SimpleData name="TIPO">FOTOVOLTAICO</SimpleData>
		<SimpleData name="MEDIO_GENE">PMGD</SimpleData>
		<SimpleData name="COMBUSTIBL">NO APLICA</SimpleData>
		<SimpleData name="POTENCIAMW">5.6</SimpleData>
		<SimpleData name="UNIDADES">0</SimpleData>
		<SimpleData name="RCA">378/2017</SimpleData>
		<SimpleData name="SIST_ELECT">SEN</SimpleData>
		<SimpleData name="ESTADO">OPERATIVA</SimpleData>
		<SimpleData name="F_OPERACIO">1587168000000</SimpleData>
		<SimpleData name="COORD_ESTE">348024</SimpleData>
		<SimpleData name="COORD_NORT">6382693</SimpleData>
		<SimpleData name="HUSO">19 SUR</SimpleData>
		<SimpleData name="DATUM">WGS 1984</SimpleData>
		<SimpleData name="REGION">05</SimpleData>
		<SimpleData name="PROVINCIA">057</SimpleData>
		<SimpleData name="COMUNA">05706</SimpleData>
		<SimpleData name="FUENTE_BAS">CNE</SimpleData>
		<SimpleData name="FECH_CREA">1469577600000</SimpleData>
		<SimpleData name="FECH_ACT">1688083200000</SimpleData>
	</SchemaData></ExtendedData>
      <Point><coordinates>-70.621013266,-32.683006532</coordinates></Point>
  </Placemark>
  <Placemark id="centrales_solares.95">
	<name>PAMPA CAMARONES</name>
	<ExtendedData><SchemaData schemaUrl="#centrales_solares">
		<SimpleData name="OBJECTID">95</SimpleData>
		<SimpleData name="ID_GE_SOLA">295</SimpleData>
		<SimpleData name="NOMBRE">PAMPA CAMARONES</SimpleData>
		<SimpleData name="PROPIEDAD">ENGIE</SimpleData>
		<SimpleData name="TIPO">FOTOVOLTAICO</SimpleData>
		<SimpleData name="MEDIO_GENE">PMG</SimpleData>
		<SimpleData name="COMBUSTIBL">NO APLICA</SimpleData>
		<SimpleData name="POTENCIAMW">6.153</SimpleData>
		<SimpleData name="UNIDADES">0</SimpleData>
		<SimpleData name="RCA">009/2014</SimpleData>
		<SimpleData name="SIST_ELECT">SEN</SimpleData>
		<SimpleData name="ESTADO">OPERATIVA</SimpleData>
		<SimpleData name="F_OPERACIO">1473379200000</SimpleData>
		<SimpleData name="COORD_ESTE">382816</SimpleData>
		<SimpleData name="COORD_NORT">7911442</SimpleData>
		<SimpleData name="HUSO">19 SUR</SimpleData>
		<SimpleData name="DATUM">WGS 1984</SimpleData>
		<SimpleData name="REGION">15</SimpleData>
		<SimpleData name="PROVINCIA">151</SimpleData>
		<SimpleData name="COMUNA">15101</SimpleData>
		<SimpleData name="FUENTE_BAS">CNE</SimpleData>
		<SimpleData name="FECH_CREA">1483142400000</SimpleData>
		<SimpleData name="FECH_ACT">1688083200000</SimpleData>
	</SchemaData></ExtendedData>
      <Point><coordinates>-70.112575729,-18.8857832539999</coordinates></Point>
  </Placemark>
  <Placemark id="centrales_solares.96">
	<name>EL PITIO</name>
	<ExtendedData><SchemaData schemaUrl="#centrales_solares">
		<SimpleData name="OBJECTID">96</SimpleData>
		<SimpleData name="ID_GE_SOLA">145</SimpleData>
		<SimpleData name="NOMBRE">EL PITIO</SimpleData>
		<SimpleData name="PROPIEDAD">PV EL PITIO SPA</SimpleData>
		<SimpleData name="TIPO">FOTOVOLTAICO</SimpleData>
		<SimpleData name="MEDIO_GENE">PMGD</SimpleData>
		<SimpleData name="COMBUSTIBL">NO APLICA</SimpleData>
		<SimpleData name="POTENCIAMW">2.9901</SimpleData>
		<SimpleData name="UNIDADES">0</SimpleData>
		<SimpleData name="RCA">NO APLICA</SimpleData>
		<SimpleData name="SIST_ELECT">SEN</SimpleData>
		<SimpleData name="ESTADO">OPERATIVA</SimpleData>
		<SimpleData name="F_OPERACIO">1520899200000</SimpleData>
		<SimpleData name="COORD_ESTE">256945</SimpleData>
		<SimpleData name="COORD_NORT">6015376</SimpleData>
		<SimpleData name="HUSO">19 SUR</SimpleData>
		<SimpleData name="DATUM">WGS 1984</SimpleData>
		<SimpleData name="REGION">07</SimpleData>
		<SimpleData name="PROVINCIA">074</SimpleData>
		<SimpleData name="COMUNA">07403</SimpleData>
		<SimpleData name="FUENTE_BAS">CNE</SimpleData>
		<SimpleData name="FECH_CREA">1530316800000</SimpleData>
		<SimpleData name="FECH_ACT">1688083200000</SimpleData>
	</SchemaData></ExtendedData>
      <Point><coordinates>-71.695652611,-35.975795024</coordinates></Point>
  </Placemark>
  <Placemark id="centrales_solares.97">
	<name>LOS PERALES</name>
	<ExtendedData><SchemaData schemaUrl="#centrales_solares">
		<SimpleData name="OBJECTID">97</SimpleData>
		<SimpleData name="ID_GE_SOLA">254</SimpleData>
		<SimpleData name="NOMBRE">LOS PERALES</SimpleData>
		<SimpleData name="PROPIEDAD">PMGD SOLAR LOS PERALES I SPA</SimpleData>
		<SimpleData name="TIPO">FOTOVOLTAICO</SimpleData>
		<SimpleData name="MEDIO_GENE">PMGD</SimpleData>
		<SimpleData name="COMBUSTIBL">NO APLICA</SimpleData>
		<SimpleData name="POTENCIAMW">3</SimpleData>
		<SimpleData name="UNIDADES">0</SimpleData>
		<SimpleData name="RCA">NO APLICA</SimpleData>
		<SimpleData name="SIST_ELECT">SEN</SimpleData>
		<SimpleData name="ESTADO">OPERATIVA</SimpleData>
		<SimpleData name="F_OPERACIO">1596067200000</SimpleData>
		<SimpleData name="COORD_ESTE">285470</SimpleData>
		<SimpleData name="COORD_NORT">6330070</SimpleData>
		<SimpleData name="HUSO">19 SUR</SimpleData>
		<SimpleData name="DATUM">WGS 1984</SimpleData>
		<SimpleData name="REGION">05</SimpleData>
		<SimpleData name="PROVINCIA">058</SimpleData>
		<SimpleData name="COMUNA">05801</SimpleData>
		<SimpleData name="FUENTE_BAS">CNE</SimpleData>
		<SimpleData name="FECH_CREA">1546214400000</SimpleData>
		<SimpleData name="FECH_ACT">1688083200000</SimpleData>
	</SchemaData></ExtendedData>
      <Point><coordinates>-71.300075497,-33.146920402</coordinates></Point>
  </Placemark>
  <Placemark id="centrales_solares.98">
	<name>TUCUQUERE</name>
	<ExtendedData><SchemaData schemaUrl="#centrales_solares">
		<SimpleData name="OBJECTID">98</SimpleData>
		<SimpleData name="ID_GE_SOLA">498</SimpleData>
		<SimpleData name="NOMBRE">TUCUQUERE</SimpleData>
		<SimpleData name="PROPIEDAD">TUCUQUERE SPA</SimpleData>
		<SimpleData name="TIPO">FOTOVOLTAICO</SimpleData>
		<SimpleData name="MEDIO_GENE">PMGD</SimpleData>
		<SimpleData name="COMBUSTIBL">NO APLICA</SimpleData>
		<SimpleData name="POTENCIAMW">2.975</SimpleData>
		<SimpleData name="UNIDADES">0</SimpleData>
		<SimpleData name="RCA">NO APLICA</SimpleData>
		<SimpleData name="SIST_ELECT">SEN</SimpleData>
		<SimpleData name="ESTADO">OPERATIVA</SimpleData>
		<SimpleData name="F_OPERACIO">1566518400000</SimpleData>
		<SimpleData name="COORD_ESTE">315380</SimpleData>
		<SimpleData name="COORD_NORT">6370890</SimpleData>
		<SimpleData name="HUSO">19 SUR</SimpleData>
		<SimpleData name="DATUM">WGS 1984</SimpleData>
		<SimpleData name="REGION">05</SimpleData>
		<SimpleData name="PROVINCIA">057</SimpleData>
		<SimpleData name="COMUNA">05702</SimpleData>
		<SimpleData name="FUENTE_BAS">CNE</SimpleData>
		<SimpleData name="FECH_CREA">1561852800000</SimpleData>
		<SimpleData name="FECH_ACT">1688083200000</SimpleData>
	</SchemaData></ExtendedData>
      <Point><coordinates>-70.971382009,-32.7844348309999</coordinates></Point>
  </Placemark>
  <Placemark id="centrales_solares.99">
	<name>AMPARO DEL SOL</name>
	<ExtendedData><SchemaData schemaUrl="#centrales_solares">
		<SimpleData name="OBJECTID">99</SimpleData>
		<SimpleData name="ID_GE_SOLA">14</SimpleData>
		<SimpleData name="NOMBRE">AMPARO DEL SOL</SimpleData>
		<SimpleData name="PROPIEDAD">PARQUE SOLAR AMPARO DEL SOL SPA</SimpleData>
		<SimpleData name="TIPO">FOTOVOLTAICO</SimpleData>
		<SimpleData name="MEDIO_GENE">PMGD</SimpleData>
		<SimpleData name="COMBUSTIBL">NO APLICA</SimpleData>
		<SimpleData name="POTENCIAMW">2.955</SimpleData>
		<SimpleData name="UNIDADES">0</SimpleData>
		<SimpleData name="RCA">NO APLICA</SimpleData>
		<SimpleData name="SIST_ELECT">SEN</SimpleData>
		<SimpleData name="ESTADO">OPERATIVA</SimpleData>
		<SimpleData name="F_OPERACIO">1527811200000</SimpleData>
		<SimpleData name="COORD_ESTE">276781</SimpleData>
		<SimpleData name="COORD_NORT">6611064</SimpleData>
		<SimpleData name="HUSO">19 SUR</SimpleData>
		<SimpleData name="DATUM">WGS 1984</SimpleData>
		<SimpleData name="REGION">04</SimpleData>
		<SimpleData name="PROVINCIA">043</SimpleData>
		<SimpleData name="COMUNA">04301</SimpleData>
		<SimpleData name="FUENTE_BAS">CNE</SimpleData>
		<SimpleData name="FECH_CREA">1514678400000</SimpleData>
		<SimpleData name="FECH_ACT">1688083200000</SimpleData>
	</SchemaData></ExtendedData>
      <Point><coordinates>-71.3285209169999,-30.612201746</coordinates></Point>
  </Placemark>
  <Placemark id="centrales_solares.100">
	<name>CANONES SUNLIGHT</name>
	<ExtendedData><SchemaData schemaUrl="#centrales_solares">
		<SimpleData name="OBJECTID">100</SimpleData>
		<SimpleData name="ID_GE_SOLA">916</SimpleData>
		<SimpleData name="NOMBRE">CANONES SUNLIGHT</SimpleData>
		<SimpleData name="PROPIEDAD">LOS CANONES SUNLIGHT SPA</SimpleData>
		<SimpleData name="TIPO">FOTOVOLTAICO</SimpleData>
		<SimpleData name="MEDIO_GENE">PMGD</SimpleData>
		<SimpleData name="COMBUSTIBL">NO APLICA</SimpleData>
		<SimpleData name="POTENCIAMW">9</SimpleData>
		<SimpleData name="UNIDADES">0</SimpleData>
		<SimpleData name="RCA">20210500172/2021</SimpleData>
		<SimpleData name="SIST_ELECT">SEN</SimpleData>
		<SimpleData name="ESTADO">OPERATIVA</SimpleData>
		<SimpleData name="F_OPERACIO">1671062400000</SimpleData>
		<SimpleData name="COORD_ESTE">295897</SimpleData>
		<SimpleData name="COORD_NORT">6372969</SimpleData>
		<SimpleData name="HUSO">19 SUR</SimpleData>
		<SimpleData name="DATUM">WGS 1984</SimpleData>
		<SimpleData name="REGION">05</SimpleData>
		<SimpleData name="PROVINCIA">055</SimpleData>
		<SimpleData name="COMUNA">05506</SimpleData>
		<SimpleData name="FUENTE_BAS">CNE</SimpleData>
		<SimpleData name="FECH_CREA">1609372800000</SimpleData>
		<SimpleData name="FECH_ACT">1688083200000</SimpleData>
	</SchemaData></ExtendedData>
      <Point><coordinates>-71.178841754,-32.7622482629999</coordinates></Point>
  </Placemark>
  <Placemark id="centrales_solares.101">
	<name>DUQUECO SOLAR</name>
	<ExtendedData><SchemaData schemaUrl="#centrales_solares">
		<SimpleData name="OBJECTID">101</SimpleData>
		<SimpleData name="ID_GE_SOLA">612</SimpleData>
		<SimpleData name="NOMBRE">DUQUECO SOLAR</SimpleData>
		<SimpleData name="PROPIEDAD">COCHARCAS SOLAR SPA</SimpleData>
		<SimpleData name="TIPO">FOTOVOLTAICO</SimpleData>
		<SimpleData name="MEDIO_GENE">PMGD</SimpleData>
		<SimpleData name="COMBUSTIBL">NO APLICA</SimpleData>
		<SimpleData name="POTENCIAMW">9</SimpleData>
		<SimpleData name="UNIDADES">0</SimpleData>
		<SimpleData name="RCA">149/2020</SimpleData>
		<SimpleData name="SIST_ELECT">SEN</SimpleData>
		<SimpleData name="ESTADO">OPERATIVA</SimpleData>
		<SimpleData name="F_OPERACIO">1660608000000</SimpleData>
		<SimpleData name="COORD_ESTE">208200</SimpleData>
		<SimpleData name="COORD_NORT">5840180</SimpleData>
		<SimpleData name="HUSO">19 SUR</SimpleData>
		<SimpleData name="DATUM">WGS 1984</SimpleData>
		<SimpleData name="REGION">08</SimpleData>
		<SimpleData name="PROVINCIA">083</SimpleData>
		<SimpleData name="COMUNA">08301</SimpleData>
		<SimpleData name="FUENTE_BAS">CNE</SimpleData>
		<SimpleData name="FECH_CREA">1577750400000</SimpleData>
		<SimpleData name="FECH_ACT">1688083200000</SimpleData>
	</SchemaData></ExtendedData>
      <Point><coordinates>-72.302528975,-37.539221706</coordinates></Point>
  </Placemark>
  <Placemark id="centrales_solares.102">
	<name>LAS TENCAS</name>
	<ExtendedData><SchemaData schemaUrl="#centrales_solares">
		<SimpleData name="OBJECTID">102</SimpleData>
		<SimpleData name="ID_GE_SOLA">567</SimpleData>
		<SimpleData name="NOMBRE">LAS TENCAS</SimpleData>
		<SimpleData name="PROPIEDAD">PFV LAS TENCAS SPA</SimpleData>
		<SimpleData name="TIPO">FOTOVOLTAICO</SimpleData>
		<SimpleData name="MEDIO_GENE">PMGD</SimpleData>
		<SimpleData name="COMBUSTIBL">NO APLICA</SimpleData>
		<SimpleData name="POTENCIAMW">9</SimpleData>
		<SimpleData name="UNIDADES">0</SimpleData>
		<SimpleData name="RCA">015/2020</SimpleData>
		<SimpleData name="SIST_ELECT">SEN</SimpleData>
		<SimpleData name="ESTADO">OPERATIVA</SimpleData>
		<SimpleData name="F_OPERACIO">1640131200000</SimpleData>
		<SimpleData name="COORD_ESTE">307630</SimpleData>
		<SimpleData name="COORD_NORT">6189369</SimpleData>
		<SimpleData name="HUSO">19 SUR</SimpleData>
		<SimpleData name="DATUM">WGS 1984</SimpleData>
		<SimpleData name="REGION">06</SimpleData>
		<SimpleData name="PROVINCIA">061</SimpleData>
		<SimpleData name="COMUNA">06117</SimpleData>
		<SimpleData name="FUENTE_BAS">CNE</SimpleData>
		<SimpleData name="FECH_CREA">1577750400000</SimpleData>
		<SimpleData name="FECH_ACT">1688083200000</SimpleData>
	</SchemaData></ExtendedData>
      <Point><coordinates>-71.093273965,-34.4192589049999</coordinates></Point>
  </Placemark>
  <Placemark id="centrales_solares.103">
	<name>DON EUGENIO</name>
	<ExtendedData><SchemaData schemaUrl="#centrales_solares">
		<SimpleData name="OBJECTID">103</SimpleData>
		<SimpleData name="ID_GE_SOLA">109</SimpleData>
		<SimpleData name="NOMBRE">DON EUGENIO</SimpleData>
		<SimpleData name="PROPIEDAD">GR TIACA SPA</SimpleData>
		<SimpleData name="TIPO">FOTOVOLTAICO</SimpleData>
		<SimpleData name="MEDIO_GENE">PMGD</SimpleData>
		<SimpleData name="COMBUSTIBL">NO APLICA</SimpleData>
		<SimpleData name="POTENCIAMW">2.9499</SimpleData>
		<SimpleData name="UNIDADES">0</SimpleData>
		<SimpleData name="RCA">NO APLICA</SimpleData>
		<SimpleData name="SIST_ELECT">SEN</SimpleData>
		<SimpleData name="ESTADO">OPERATIVA</SimpleData>
		<SimpleData name="F_OPERACIO">1506384000000</SimpleData>
		<SimpleData name="COORD_ESTE">280308</SimpleData>
		<SimpleData name="COORD_NORT">6205882</SimpleData>
		<SimpleData name="HUSO">19 SUR</SimpleData>
		<SimpleData name="DATUM">WGS 1984</SimpleData>
		<SimpleData name="REGION">06</SimpleData>
		<SimpleData name="PROVINCIA">061</SimpleData>
		<SimpleData name="COMUNA">06107</SimpleData>
		<SimpleData name="FUENTE_BAS">CNE</SimpleData>
		<SimpleData name="FECH_CREA">1514678400000</SimpleData>
		<SimpleData name="FECH_ACT">1688083200000</SimpleData>
	</SchemaData></ExtendedData>
      <Point><coordinates>-71.386144224,-34.265019792</coordinates></Point>
  </Placemark>
  <Placemark id="centrales_solares.104">
	<name>EL LAUREL</name>
	<ExtendedData><SchemaData schemaUrl="#centrales_solares">
		<SimpleData name="OBJECTID">104</SimpleData>
		<SimpleData name="ID_GE_SOLA">130</SimpleData>
		<SimpleData name="NOMBRE">EL LAUREL</SimpleData>
		<SimpleData name="PROPIEDAD">LAUREL SPA</SimpleData>
		<SimpleData name="TIPO">FOTOVOLTAICO</SimpleData>
		<SimpleData name="MEDIO_GENE">PMGD</SimpleData>
		<SimpleData name="COMBUSTIBL">NO APLICA</SimpleData>
		<SimpleData name="POTENCIAMW">7.31</SimpleData>
		<SimpleData name="UNIDADES">0</SimpleData>
		<SimpleData name="RCA">435/2017</SimpleData>
		<SimpleData name="SIST_ELECT">SEN</SimpleData>
		<SimpleData name="ESTADO">OPERATIVA</SimpleData>
		<SimpleData name="F_OPERACIO">1559088000000</SimpleData>
		<SimpleData name="COORD_ESTE">312613</SimpleData>
		<SimpleData name="COORD_NORT">6271732</SimpleData>
		<SimpleData name="HUSO">19 SUR</SimpleData>
		<SimpleData name="DATUM">WGS 1984</SimpleData>
		<SimpleData name="REGION">13</SimpleData>
		<SimpleData name="PROVINCIA">136</SimpleData>
		<SimpleData name="COMUNA">13602</SimpleData>
		<SimpleData name="FUENTE_BAS">CNE</SimpleData>
		<SimpleData name="FECH_CREA">1469577600000</SimpleData>
		<SimpleData name="FECH_ACT">1688083200000</SimpleData>
	</SchemaData></ExtendedData>
      <Point><coordinates>-71.021380805,-33.677823104</coordinates></Point>
  </Placemark>
  <Placemark id="centrales_solares.105">
	<name>SAN ALFONSO</name>
	<ExtendedData><SchemaData schemaUrl="#centrales_solares">
		<SimpleData name="OBJECTID">105</SimpleData>
		<SimpleData name="ID_GE_SOLA">478</SimpleData>
		<SimpleData name="NOMBRE">SAN ALFONSO</SimpleData>
		<SimpleData name="PROPIEDAD">SAN ALFONSO SOLAR SPA</SimpleData>
		<SimpleData name="TIPO">FOTOVOLTAICO</SimpleData>
		<SimpleData name="MEDIO_GENE">PMGD</SimpleData>
		<SimpleData name="COMBUSTIBL">NO APLICA</SimpleData>
		<SimpleData name="POTENCIAMW">7.5</SimpleData>
		<SimpleData name="UNIDADES">0</SimpleData>
		<SimpleData name="RCA">031/2019</SimpleData>
		<SimpleData name="SIST_ELECT">SEN</SimpleData>
		<SimpleData name="ESTADO">OPERATIVA</SimpleData>
		<SimpleData name="F_OPERACIO">1668988800000</SimpleData>
		<SimpleData name="COORD_ESTE">287867</SimpleData>
		<SimpleData name="COORD_NORT">6342564</SimpleData>
		<SimpleData name="HUSO">19 SUR</SimpleData>
		<SimpleData name="DATUM">WGS 1984</SimpleData>
		<SimpleData name="REGION">05</SimpleData>
		<SimpleData name="PROVINCIA">058</SimpleData>
		<SimpleData name="COMUNA">05802</SimpleData>
		<SimpleData name="FUENTE_BAS">CNE</SimpleData>
		<SimpleData name="FECH_CREA">1553990400000</SimpleData>
		<SimpleData name="FECH_ACT">1688083200000</SimpleData>
	</SchemaData></ExtendedData>
      <Point><coordinates>-71.271494805,-33.034782228</coordinates></Point>
  </Placemark>
  <Placemark id="centrales_solares.106">
	<name>NANCAGUA</name>
	<ExtendedData><SchemaData schemaUrl="#centrales_solares">
		<SimpleData name="OBJECTID">106</SimpleData>
		<SimpleData name="ID_GE_SOLA">761</SimpleData>
		<SimpleData name="NOMBRE">NANCAGUA</SimpleData>
		<SimpleData name="PROPIEDAD">PARQUE SOLAR LA MURALLA DOS SPA</SimpleData>
		<SimpleData name="TIPO">FOTOVOLTAICO</SimpleData>
		<SimpleData name="MEDIO_GENE">PMGD</SimpleData>
		<SimpleData name="COMBUSTIBL">NO APLICA</SimpleData>
		<SimpleData name="POTENCIAMW">6</SimpleData>
		<SimpleData name="UNIDADES">0</SimpleData>
		<SimpleData name="RCA">032/2020</SimpleData>
		<SimpleData name="SIST_ELECT">SEN</SimpleData>
		<SimpleData name="ESTADO">OPERATIVA</SimpleData>
		<SimpleData name="F_OPERACIO">1677369600000</SimpleData>
		<SimpleData name="COORD_ESTE">295686</SimpleData>
		<SimpleData name="COORD_NORT">6161999</SimpleData>
		<SimpleData name="HUSO">19 SUR</SimpleData>
		<SimpleData name="DATUM">WGS 1984</SimpleData>
		<SimpleData name="REGION">06</SimpleData>
		<SimpleData name="PROVINCIA">063</SimpleData>
		<SimpleData name="COMUNA">06305</SimpleData>
		<SimpleData name="FUENTE_BAS">CNE</SimpleData>
		<SimpleData name="FECH_CREA">1593475200000</SimpleData>
		<SimpleData name="FECH_ACT">1688083200000</SimpleData>
	</SchemaData></ExtendedData>
      <Point><coordinates>-71.229729054,-34.663605231</coordinates></Point>
  </Placemark>
  <Placemark id="centrales_solares.107">
	<name>EL GUANACO SOLAR</name>
	<ExtendedData><SchemaData schemaUrl="#centrales_solares">
		<SimpleData name="OBJECTID">107</SimpleData>
		<SimpleData name="ID_GE_SOLA">813</SimpleData>
		<SimpleData name="NOMBRE">EL GUANACO SOLAR</SimpleData>
		<SimpleData name="PROPIEDAD">INCAHUASI ENERGY SPA</SimpleData>
		<SimpleData name="TIPO">FOTOVOLTAICO</SimpleData>
		<SimpleData name="MEDIO_GENE">PMGD</SimpleData>
		<SimpleData name="COMBUSTIBL">NO APLICA</SimpleData>
		<SimpleData name="POTENCIAMW">9</SimpleData>
		<SimpleData name="UNIDADES">0</SimpleData>
		<SimpleData name="RCA">NO APLICA</SimpleData>
		<SimpleData name="SIST_ELECT">SEN</SimpleData>
		<SimpleData name="ESTADO">OPERATIVA</SimpleData>
		<SimpleData name="F_OPERACIO">1599609600000</SimpleData>
		<SimpleData name="COORD_ESTE">327142</SimpleData>
		<SimpleData name="COORD_NORT">6284783</SimpleData>
		<SimpleData name="HUSO">19 SUR</SimpleData>
		<SimpleData name="DATUM">WGS 1984</SimpleData>
		<SimpleData name="REGION">13</SimpleData>
		<SimpleData name="PROVINCIA">136</SimpleData>
		<SimpleData name="COMUNA">13604</SimpleData>
		<SimpleData name="FUENTE_BAS">CNE</SimpleData>
		<SimpleData name="FECH_CREA">1593475200000</SimpleData>
		<SimpleData name="FECH_ACT">1688083200000</SimpleData>
	</SchemaData></ExtendedData>
      <Point><coordinates>-70.8621957729999,-33.56263631</coordinates></Point>
  </Placemark>
  <Placemark id="centrales_solares.108">
	<name>LAS MOLLACAS</name>
	<ExtendedData><SchemaData schemaUrl="#centrales_solares">
		<SimpleData name="OBJECTID">108</SimpleData>
		<SimpleData name="ID_GE_SOLA">220</SimpleData>
		<SimpleData name="NOMBRE">LAS MOLLACAS</SimpleData>
		<SimpleData name="PROPIEDAD">LAS MOLLACAS SPA</SimpleData>
		<SimpleData name="TIPO">FOTOVOLTAICO</SimpleData>
		<SimpleData name="MEDIO_GENE">PMGD</SimpleData>
		<SimpleData name="COMBUSTIBL">NO APLICA</SimpleData>
		<SimpleData name="POTENCIAMW">2.905</SimpleData>
		<SimpleData name="UNIDADES">0</SimpleData>
		<SimpleData name="RCA">NO APLICA</SimpleData>
		<SimpleData name="SIST_ELECT">SEN</SimpleData>
		<SimpleData name="ESTADO">OPERATIVA</SimpleData>
		<SimpleData name="F_OPERACIO">1452729600000</SimpleData>
		<SimpleData name="COORD_ESTE">286794</SimpleData>
		<SimpleData name="COORD_NORT">6604155</SimpleData>
		<SimpleData name="HUSO">19 SUR</SimpleData>
		<SimpleData name="DATUM">WGS 1984</SimpleData>
		<SimpleData name="REGION">04</SimpleData>
		<SimpleData name="PROVINCIA">043</SimpleData>
		<SimpleData name="COMUNA">04301</SimpleData>
		<SimpleData name="FUENTE_BAS">CNE</SimpleData>
		<SimpleData name="FECH_CREA">1483142400000</SimpleData>
		<SimpleData name="FECH_ACT">1688083200000</SimpleData>
	</SchemaData></ExtendedData>
      <Point><coordinates>-71.2255644209999,-30.676327022</coordinates></Point>
  </Placemark>
  <Placemark id="centrales_solares.109">
	<name>AROMO DEL VERANO</name>
	<ExtendedData><SchemaData schemaUrl="#centrales_solares">
		<SimpleData name="OBJECTID">109</SimpleData>
		<SimpleData name="ID_GE_SOLA">1217</SimpleData>
		<SimpleData name="NOMBRE">AROMO DEL VERANO</SimpleData>
		<SimpleData name="PROPIEDAD">MISCANTI DE VERANO SPA</SimpleData>
		<SimpleData name="TIPO">FOTOVOLTAICO</SimpleData>
		<SimpleData name="MEDIO_GENE">PMGD</SimpleData>
		<SimpleData name="COMBUSTIBL">NO APLICA</SimpleData>
		<SimpleData name="POTENCIAMW">3</SimpleData>
		<SimpleData name="UNIDADES">0</SimpleData>
		<SimpleData name="RCA">NO APLICA</SimpleData>
		<SimpleData name="SIST_ELECT">SEN</SimpleData>
		<SimpleData name="ESTADO">OPERATIVA</SimpleData>
		<SimpleData name="F_OPERACIO">1667520000000</SimpleData>
		<SimpleData name="COORD_ESTE">327395</SimpleData>
		<SimpleData name="COORD_NORT">6212957</SimpleData>
		<SimpleData name="HUSO">19 SUR</SimpleData>
		<SimpleData name="DATUM">WGS 1984</SimpleData>
		<SimpleData name="REGION">06</SimpleData>
		<SimpleData name="PROVINCIA">061</SimpleData>
		<SimpleData name="COMUNA">06105</SimpleData>
		<SimpleData name="FUENTE_BAS">CNE</SimpleData>
		<SimpleData name="FECH_CREA">1656547200000</SimpleData>
		<SimpleData name="FECH_ACT">1688083200000</SimpleData>
	</SchemaData></ExtendedData>
      <Point><coordinates>-70.873577343,-34.2101373899999</coordinates></Point>
  </Placemark>
  <Placemark id="centrales_solares.110">
	<name>LO CHACON</name>
	<ExtendedData><SchemaData schemaUrl="#centrales_solares">
		<SimpleData name="OBJECTID">110</SimpleData>
		<SimpleData name="ID_GE_SOLA">1254</SimpleData>
		<SimpleData name="NOMBRE">LO CHACON</SimpleData>
		<SimpleData name="PROPIEDAD">PFV LO CHACON SPA</SimpleData>
		<SimpleData name="TIPO">FOTOVOLTAICO</SimpleData>
		<SimpleData name="MEDIO_GENE">PMGD</SimpleData>
		<SimpleData name="COMBUSTIBL">NO APLICA</SimpleData>
		<SimpleData name="POTENCIAMW">3</SimpleData>
		<SimpleData name="UNIDADES">0</SimpleData>
		<SimpleData name="RCA">NO APLICA</SimpleData>
		<SimpleData name="SIST_ELECT">SEN</SimpleData>
		<SimpleData name="ESTADO">OPERATIVA</SimpleData>
		<SimpleData name="F_OPERACIO">1668470400000</SimpleData>
		<SimpleData name="COORD_ESTE">286150</SimpleData>
		<SimpleData name="COORD_NORT">6237007</SimpleData>
		<SimpleData name="HUSO">19 SUR</SimpleData>
		<SimpleData name="DATUM">WGS 1984</SimpleData>
		<SimpleData name="REGION">13</SimpleData>
		<SimpleData name="PROVINCIA">135</SimpleData>
		<SimpleData name="COMUNA">13505</SimpleData>
		<SimpleData name="FUENTE_BAS">CNE</SimpleData>
		<SimpleData name="FECH_CREA">1656547200000</SimpleData>
		<SimpleData name="FECH_ACT">1688083200000</SimpleData>
	</SchemaData></ExtendedData>
      <Point><coordinates>-71.315076899,-33.985760897</coordinates></Point>
  </Placemark>
  <Placemark id="centrales_solares.111">
	<name>MACHICURA</name>
	<ExtendedData><SchemaData schemaUrl="#centrales_solares">
		<SimpleData name="OBJECTID">111</SimpleData>
		<SimpleData name="ID_GE_SOLA">577</SimpleData>
		<SimpleData name="NOMBRE">MACHICURA</SimpleData>
		<SimpleData name="PROPIEDAD">COLBUN S.A.</SimpleData>
		<SimpleData name="TIPO">FOTOVOLTAICO</SimpleData>
		<SimpleData name="MEDIO_GENE">PMG</SimpleData>
		<SimpleData name="COMBUSTIBL">NO APLICA</SimpleData>
		<SimpleData name="POTENCIAMW">9</SimpleData>
		<SimpleData name="UNIDADES">0</SimpleData>
		<SimpleData name="RCA">140/2020</SimpleData>
		<SimpleData name="SIST_ELECT">SEN</SimpleData>
		<SimpleData name="ESTADO">OPERATIVA</SimpleData>
		<SimpleData name="F_OPERACIO">1671494400000</SimpleData>
		<SimpleData name="COORD_ESTE">282370</SimpleData>
		<SimpleData name="COORD_NORT">6043210</SimpleData>
		<SimpleData name="HUSO">19 SUR</SimpleData>
		<SimpleData name="DATUM">WGS 1984</SimpleData>
		<SimpleData name="REGION">07</SimpleData>
		<SimpleData name="PROVINCIA">074</SimpleData>
		<SimpleData name="COMUNA">07402</SimpleData>
		<SimpleData name="FUENTE_BAS">CNE</SimpleData>
		<SimpleData name="FECH_CREA">1577750400000</SimpleData>
		<SimpleData name="FECH_ACT">1688083200000</SimpleData>
	</SchemaData></ExtendedData>
      <Point><coordinates>-71.4063158979999,-35.731064741</coordinates></Point>
  </Placemark>
  <Placemark id="centrales_solares.112">
	<name>EL CASTANO</name>
	<ExtendedData><SchemaData schemaUrl="#centrales_solares">
		<SimpleData name="OBJECTID">112</SimpleData>
		<SimpleData name="ID_GE_SOLA">122</SimpleData>
		<SimpleData name="NOMBRE">EL CASTANO</SimpleData>
		<SimpleData name="PROPIEDAD">EL CASTANO SPA</SimpleData>
		<SimpleData name="TIPO">FOTOVOLTAICO</SimpleData>
		<SimpleData name="MEDIO_GENE">PMGD</SimpleData>
		<SimpleData name="COMBUSTIBL">NO APLICA</SimpleData>
		<SimpleData name="POTENCIAMW">8.6</SimpleData>
		<SimpleData name="UNIDADES">0</SimpleData>
		<SimpleData name="RCA">281/2016</SimpleData>
		<SimpleData name="SIST_ELECT">SEN</SimpleData>
		<SimpleData name="ESTADO">OPERATIVA</SimpleData>
		<SimpleData name="F_OPERACIO">1630627200000</SimpleData>
		<SimpleData name="COORD_ESTE">288985</SimpleData>
		<SimpleData name="COORD_NORT">6202627</SimpleData>
		<SimpleData name="HUSO">19 SUR</SimpleData>
		<SimpleData name="DATUM">WGS 1984</SimpleData>
		<SimpleData name="REGION">06</SimpleData>
		<SimpleData name="PROVINCIA">061</SimpleData>
		<SimpleData name="COMUNA">06112</SimpleData>
		<SimpleData name="FUENTE_BAS">CNE</SimpleData>
		<SimpleData name="FECH_CREA">1459382400000</SimpleData>
		<SimpleData name="FECH_ACT">1688083200000</SimpleData>
	</SchemaData></ExtendedData>
      <Point><coordinates>-71.2927650569999,-34.2961496679999</coordinates></Point>
  </Placemark>
  <Placemark id="centrales_solares.113">
	<name>PLACILLA SOLAR</name>
	<ExtendedData><SchemaData schemaUrl="#centrales_solares">
		<SimpleData name="OBJECTID">113</SimpleData>
		<SimpleData name="ID_GE_SOLA">318</SimpleData>
		<SimpleData name="NOMBRE">PLACILLA SOLAR</SimpleData>
		<SimpleData name="PROPIEDAD">GR LILEN SPA</SimpleData>
		<SimpleData name="TIPO">FOTOVOLTAICO</SimpleData>
		<SimpleData name="MEDIO_GENE">PMGD</SimpleData>
		<SimpleData name="COMBUSTIBL">NO APLICA</SimpleData>
		<SimpleData name="POTENCIAMW">9</SimpleData>
		<SimpleData name="UNIDADES">0</SimpleData>
		<SimpleData name="RCA">015/2018</SimpleData>
		<SimpleData name="SIST_ELECT">SEN</SimpleData>
		<SimpleData name="ESTADO">OPERATIVA</SimpleData>
		<SimpleData name="F_OPERACIO">1567728000000</SimpleData>
		<SimpleData name="COORD_ESTE">307839</SimpleData>
		<SimpleData name="COORD_NORT">6168491</SimpleData>
		<SimpleData name="HUSO">19 SUR</SimpleData>
		<SimpleData name="DATUM">WGS 1984</SimpleData>
		<SimpleData name="REGION">06</SimpleData>
		<SimpleData name="PROVINCIA">063</SimpleData>
		<SimpleData name="COMUNA">06308</SimpleData>
		<SimpleData name="FUENTE_BAS">CNE</SimpleData>
		<SimpleData name="FECH_CREA">1506729600000</SimpleData>
		<SimpleData name="FECH_ACT">1688083200000</SimpleData>
	</SchemaData></ExtendedData>
      <Point><coordinates>-71.09570868,-34.607452978</coordinates></Point>
  </Placemark>
  <Placemark id="centrales_solares.114">
	<name>ESPERANZA</name>
	<ExtendedData><SchemaData schemaUrl="#centrales_solares">
		<SimpleData name="OBJECTID">114</SimpleData>
		<SimpleData name="ID_GE_SOLA">400</SimpleData>
		<SimpleData name="NOMBRE">ESPERANZA</SimpleData>
		<SimpleData name="PROPIEDAD">RTS ENERGY</SimpleData>
		<SimpleData name="TIPO">FOTOVOLTAICO</SimpleData>
		<SimpleData name="MEDIO_GENE">PMG</SimpleData>
		<SimpleData name="COMBUSTIBL">NO APLICA</SimpleData>
		<SimpleData name="POTENCIAMW">2.8656</SimpleData>
		<SimpleData name="UNIDADES">0</SimpleData>
		<SimpleData name="RCA">NO APLICA</SimpleData>
		<SimpleData name="SIST_ELECT">SEN</SimpleData>
		<SimpleData name="ESTADO">OPERATIVA</SimpleData>
		<SimpleData name="F_OPERACIO">1387497600000</SimpleData>
		<SimpleData name="COORD_ESTE">437354</SimpleData>
		<SimpleData name="COORD_NORT">7091674</SimpleData>
		<SimpleData name="HUSO">19 SUR</SimpleData>
		<SimpleData name="DATUM">WGS 1984</SimpleData>
		<SimpleData name="REGION">03</SimpleData>
		<SimpleData name="PROVINCIA">032</SimpleData>
		<SimpleData name="COMUNA">03202</SimpleData>
		<SimpleData name="FUENTE_BAS">CNE</SimpleData>
		<SimpleData name="FECH_CREA">1418169600000</SimpleData>
		<SimpleData name="FECH_ACT">1688083200000</SimpleData>
	</SchemaData></ExtendedData>
      <Point><coordinates>-69.627533069,-26.2933759319999</coordinates></Point>
  </Placemark>
  <Placemark id="centrales_solares.115">
	<name>SOL DEL DESIERTO</name>
	<ExtendedData><SchemaData schemaUrl="#centrales_solares">
		<SimpleData name="OBJECTID">115</SimpleData>
		<SimpleData name="ID_GE_SOLA">388</SimpleData>
		<SimpleData name="NOMBRE">SOL DEL DESIERTO</SimpleData>
		<SimpleData name="PROPIEDAD">PARQUE SOLAR FOTOVOLTAICO SOL DEL DESIERTO SPA</SimpleData>
		<SimpleData name="TIPO">FOTOVOLTAICO</SimpleData>
		<SimpleData name="COMBUSTIBL">NO APLICA</SimpleData>
		<SimpleData name="POTENCIAMW">225.51</SimpleData>
		<SimpleData name="UNIDADES">0</SimpleData>
		<SimpleData name="RCA">167/2015</SimpleData>
		<SimpleData name="SIST_ELECT">SEN</SimpleData>
		<SimpleData name="ESTADO">OPERATIVA</SimpleData>
		<SimpleData name="F_OPERACIO">1643328000000</SimpleData>
		<SimpleData name="COORD_ESTE">442061</SimpleData>
		<SimpleData name="COORD_NORT">7544862</SimpleData>
		<SimpleData name="HUSO">19 SUR</SimpleData>
		<SimpleData name="DATUM">WGS 1984</SimpleData>
		<SimpleData name="REGION">02</SimpleData>
		<SimpleData name="PROVINCIA">023</SimpleData>
		<SimpleData name="COMUNA">02302</SimpleData>
		<SimpleData name="FUENTE_BAS">CNE</SimpleData>
		<SimpleData name="FECH_CREA">1438560000000</SimpleData>
		<SimpleData name="FECH_ACT">1688083200000</SimpleData>
	</SchemaData></ExtendedData>
      <Point><coordinates>-69.5620985269999,-22.2005979539999</coordinates></Point>
  </Placemark>
  <Placemark id="centrales_solares.116">
	<name>TECHOS ALTAMIRA</name>
	<ExtendedData><SchemaData schemaUrl="#centrales_solares">
		<SimpleData name="OBJECTID">116</SimpleData>
		<SimpleData name="ID_GE_SOLA">419</SimpleData>
		<SimpleData name="NOMBRE">TECHOS ALTAMIRA</SimpleData>
		<SimpleData name="PROPIEDAD">EERM ENERGIAS DEL FUTURO S.A.</SimpleData>
		<SimpleData name="TIPO">FOTOVOLTAICO</SimpleData>
		<SimpleData name="MEDIO_GENE">PMGD</SimpleData>
		<SimpleData name="COMBUSTIBL">NO APLICA</SimpleData>
		<SimpleData name="POTENCIAMW">0.15</SimpleData>
		<SimpleData name="UNIDADES">0</SimpleData>
		<SimpleData name="RCA">NO APLICA</SimpleData>
		<SimpleData name="SIST_ELECT">SEN</SimpleData>
		<SimpleData name="ESTADO">OPERATIVA</SimpleData>
		<SimpleData name="F_OPERACIO">1395964800000</SimpleData>
		<SimpleData name="COORD_ESTE">357100</SimpleData>
		<SimpleData name="COORD_NORT">6294539</SimpleData>
		<SimpleData name="HUSO">19 SUR</SimpleData>
		<SimpleData name="DATUM">WGS 1984</SimpleData>
		<SimpleData name="REGION">13</SimpleData>
		<SimpleData name="PROVINCIA">131</SimpleData>
		<SimpleData name="COMUNA">13122</SimpleData>
		<SimpleData name="FUENTE_BAS">CNE</SimpleData>
		<SimpleData name="FECH_CREA">1418169600000</SimpleData>
		<SimpleData name="FECH_ACT">1688083200000</SimpleData>
	</SchemaData></ExtendedData>
      <Point><coordinates>-70.538013049,-33.4791069889999</coordinates></Point>
  </Placemark>
  <Placemark id="centrales_solares.117">
	<name>MOSTAZAL</name>
	<ExtendedData><SchemaData schemaUrl="#centrales_solares">
		<SimpleData name="OBJECTID">117</SimpleData>
		<SimpleData name="ID_GE_SOLA">308</SimpleData>
		<SimpleData name="NOMBRE">MOSTAZAL</SimpleData>
		<SimpleData name="PROPIEDAD">GR LITRE SPA</SimpleData>
		<SimpleData name="TIPO">FOTOVOLTAICO</SimpleData>
		<SimpleData name="MEDIO_GENE">PMGD</SimpleData>
		<SimpleData name="COMBUSTIBL">NO APLICA</SimpleData>
		<SimpleData name="POTENCIAMW">9</SimpleData>
		<SimpleData name="UNIDADES">0</SimpleData>
		<SimpleData name="RCA">278/2016</SimpleData>
		<SimpleData name="SIST_ELECT">SEN</SimpleData>
		<SimpleData name="ESTADO">OPERATIVA</SimpleData>
		<SimpleData name="F_OPERACIO">1527292800000</SimpleData>
		<SimpleData name="COORD_ESTE">345440</SimpleData>
		<SimpleData name="COORD_NORT">6238313</SimpleData>
		<SimpleData name="HUSO">19 SUR</SimpleData>
		<SimpleData name="DATUM">WGS 1984</SimpleData>
		<SimpleData name="REGION">06</SimpleData>
		<SimpleData name="PROVINCIA">061</SimpleData>
		<SimpleData name="COMUNA">06110</SimpleData>
		<SimpleData name="FUENTE_BAS">CNE</SimpleData>
		<SimpleData name="FECH_CREA">1530316800000</SimpleData>
		<SimpleData name="FECH_ACT">1688083200000</SimpleData>
	</SchemaData></ExtendedData>
      <Point><coordinates>-70.673276226,-33.984390713</coordinates></Point>
  </Placemark>
  <Placemark id="centrales_solares.118">
	<name>QUINANTU SOLAR</name>
	<ExtendedData><SchemaData schemaUrl="#centrales_solares">
		<SimpleData name="OBJECTID">118</SimpleData>
		<SimpleData name="ID_GE_SOLA">350</SimpleData>
		<SimpleData name="NOMBRE">QUINANTU SOLAR</SimpleData>
		<SimpleData name="PROPIEDAD">TALTAL SOLAR S.A.</SimpleData>
		<SimpleData name="TIPO">FOTOVOLTAICO</SimpleData>
		<SimpleData name="MEDIO_GENE">PMGD</SimpleData>
		<SimpleData name="COMBUSTIBL">NO APLICA</SimpleData>
		<SimpleData name="POTENCIAMW">9</SimpleData>
		<SimpleData name="UNIDADES">0</SimpleData>
		<SimpleData name="RCA">129/2019</SimpleData>
		<SimpleData name="SIST_ELECT">SEN</SimpleData>
		<SimpleData name="ESTADO">OPERATIVA</SimpleData>
		<SimpleData name="F_OPERACIO">1610668800000</SimpleData>
		<SimpleData name="COORD_ESTE">265817</SimpleData>
		<SimpleData name="COORD_NORT">6068432</SimpleData>
		<SimpleData name="HUSO">19 SUR</SimpleData>
		<SimpleData name="DATUM">WGS 1984</SimpleData>
		<SimpleData name="REGION">07</SimpleData>
		<SimpleData name="PROVINCIA">071</SimpleData>
		<SimpleData name="COMUNA">07101</SimpleData>
		<SimpleData name="FUENTE_BAS">CNE</SimpleData>
		<SimpleData name="FECH_CREA">1530316800000</SimpleData>
		<SimpleData name="FECH_ACT">1688083200000</SimpleData>
	</SchemaData></ExtendedData>
      <Point><coordinates>-71.581863716,-35.5000839529999</coordinates></Point>
  </Placemark>
  <Placemark id="centrales_solares.119">
	<name>BICENTENARIO</name>
	<ExtendedData><SchemaData schemaUrl="#centrales_solares">
		<SimpleData name="OBJECTID">119</SimpleData>
		<SimpleData name="ID_GE_SOLA">849</SimpleData>
		<SimpleData name="NOMBRE">BICENTENARIO</SimpleData>
		<SimpleData name="PROPIEDAD">FOTOVOLTAICA SOLAR LAUREL SPA</SimpleData>
		<SimpleData name="TIPO">FOTOVOLTAICO</SimpleData>
		<SimpleData name="MEDIO_GENE">PMGD</SimpleData>
		<SimpleData name="COMBUSTIBL">NO APLICA</SimpleData>
		<SimpleData name="POTENCIAMW">2.8</SimpleData>
		<SimpleData name="UNIDADES">0</SimpleData>
		<SimpleData name="RCA">NO APLICA</SimpleData>
		<SimpleData name="SIST_ELECT">SEN</SimpleData>
		<SimpleData name="ESTADO">OPERATIVA</SimpleData>
		<SimpleData name="F_OPERACIO">1601164800000</SimpleData>
		<SimpleData name="COORD_ESTE">243701</SimpleData>
		<SimpleData name="COORD_NORT">5996716</SimpleData>
		<SimpleData name="HUSO">19 SUR</SimpleData>
		<SimpleData name="DATUM">WGS 1984</SimpleData>
		<SimpleData name="REGION">07</SimpleData>
		<SimpleData name="PROVINCIA">074</SimpleData>
		<SimpleData name="COMUNA">07404</SimpleData>
		<SimpleData name="FUENTE_BAS">CNE</SimpleData>
		<SimpleData name="FECH_CREA">1609372800000</SimpleData>
		<SimpleData name="FECH_ACT">1688083200000</SimpleData>
	</SchemaData></ExtendedData>
      <Point><coordinates>-71.848433367,-36.140434376</coordinates></Point>
  </Placemark>
  <Placemark id="centrales_solares.120">
	<name>PENAFLOR SOLAR</name>
	<ExtendedData><SchemaData schemaUrl="#centrales_solares">
		<SimpleData name="OBJECTID">120</SimpleData>
		<SimpleData name="ID_GE_SOLA">842</SimpleData>
		<SimpleData name="NOMBRE">PENAFLOR SOLAR</SimpleData>
		<SimpleData name="PROPIEDAD">PETEROA ENERGY SPA</SimpleData>
		<SimpleData name="TIPO">FOTOVOLTAICO</SimpleData>
		<SimpleData name="MEDIO_GENE">PMGD</SimpleData>
		<SimpleData name="COMBUSTIBL">NO APLICA</SimpleData>
		<SimpleData name="POTENCIAMW">9</SimpleData>
		<SimpleData name="UNIDADES">0</SimpleData>
		<SimpleData name="RCA">401/2019</SimpleData>
		<SimpleData name="SIST_ELECT">SEN</SimpleData>
		<SimpleData name="ESTADO">OPERATIVA</SimpleData>
		<SimpleData name="F_OPERACIO">1646784000000</SimpleData>
		<SimpleData name="COORD_ESTE">322933</SimpleData>
		<SimpleData name="COORD_NORT">6284378</SimpleData>
		<SimpleData name="HUSO">19 SUR</SimpleData>
		<SimpleData name="DATUM">WGS 1984</SimpleData>
		<SimpleData name="REGION">13</SimpleData>
		<SimpleData name="PROVINCIA">136</SimpleData>
		<SimpleData name="COMUNA">13604</SimpleData>
		<SimpleData name="FUENTE_BAS">CNE</SimpleData>
		<SimpleData name="FECH_CREA">1593475200000</SimpleData>
		<SimpleData name="FECH_ACT">1688083200000</SimpleData>
	</SchemaData></ExtendedData>
      <Point><coordinates>-70.907597879,-33.5655968899999</coordinates></Point>
  </Placemark>
  <Placemark id="centrales_solares.121">
	<name>EL PIUQUEN</name>
	<ExtendedData><SchemaData schemaUrl="#centrales_solares">
		<SimpleData name="OBJECTID">121</SimpleData>
		<SimpleData name="ID_GE_SOLA">653</SimpleData>
		<SimpleData name="NOMBRE">EL PIUQUEN</SimpleData>
		<SimpleData name="PROPIEDAD">PFV EL PIUQUEN SPA</SimpleData>
		<SimpleData name="TIPO">FOTOVOLTAICO</SimpleData>
		<SimpleData name="MEDIO_GENE">PMGD</SimpleData>
		<SimpleData name="COMBUSTIBL">NO APLICA</SimpleData>
		<SimpleData name="POTENCIAMW">3</SimpleData>
		<SimpleData name="UNIDADES">0</SimpleData>
		<SimpleData name="RCA">NO APLICA</SimpleData>
		<SimpleData name="SIST_ELECT">SEN</SimpleData>
		<SimpleData name="ESTADO">OPERATIVA</SimpleData>
		<SimpleData name="F_OPERACIO">1625270400000</SimpleData>
		<SimpleData name="COORD_ESTE">212228</SimpleData>
		<SimpleData name="COORD_NORT">5925453</SimpleData>
		<SimpleData name="HUSO">19 SUR</SimpleData>
		<SimpleData name="DATUM">WGS 1984</SimpleData>
		<SimpleData name="REGION">16</SimpleData>
		<SimpleData name="PROVINCIA">161</SimpleData>
		<SimpleData name="COMUNA">16102</SimpleData>
		<SimpleData name="FUENTE_BAS">CNE</SimpleData>
		<SimpleData name="FECH_CREA">1593475200000</SimpleData>
		<SimpleData name="FECH_ACT">1688083200000</SimpleData>
	</SchemaData></ExtendedData>
      <Point><coordinates>-72.2242182689999,-36.773052701</coordinates></Point>
  </Placemark>
  <Placemark id="centrales_solares.122">
	<name>SAN JOSE</name>
	<ExtendedData><SchemaData schemaUrl="#centrales_solares">
		<SimpleData name="OBJECTID">122</SimpleData>
		<SimpleData name="ID_GE_SOLA">1301</SimpleData>
		<SimpleData name="NOMBRE">SAN JOSE</SimpleData>
		<SimpleData name="PROPIEDAD">IMPULSO SOLAR SAN JOSE II SPA</SimpleData>
		<SimpleData name="TIPO">FOTOVOLTAICO</SimpleData>
		<SimpleData name="MEDIO_GENE">PMGD</SimpleData>
		<SimpleData name="COMBUSTIBL">NO APLICA</SimpleData>
		<SimpleData name="POTENCIAMW">3</SimpleData>
		<SimpleData name="UNIDADES">0</SimpleData>
		<SimpleData name="RCA">20211600129/2022</SimpleData>
		<SimpleData name="SIST_ELECT">SEN</SimpleData>
		<SimpleData name="ESTADO">OPERATIVA</SimpleData>
		<SimpleData name="F_OPERACIO">1653004800000</SimpleData>
		<SimpleData name="COORD_ESTE">232752</SimpleData>
		<SimpleData name="COORD_NORT">5957559</SimpleData>
		<SimpleData name="HUSO">19 SUR</SimpleData>
		<SimpleData name="DATUM">WGS 1984</SimpleData>
		<SimpleData name="REGION">16</SimpleData>
		<SimpleData name="PROVINCIA">163</SimpleData>
		<SimpleData name="COMUNA">16301</SimpleData>
		<SimpleData name="FUENTE_BAS">CNE</SimpleData>
		<SimpleData name="FECH_CREA">1656547200000</SimpleData>
		<SimpleData name="FECH_ACT">1688083200000</SimpleData>
	</SchemaData></ExtendedData>
      <Point><coordinates>-71.983387642,-36.49002085</coordinates></Point>
  </Placemark>
  <Placemark id="centrales_solares.123">
	<name>JAVIERA CARRERA</name>
	<ExtendedData><SchemaData schemaUrl="#centrales_solares">
		<SimpleData name="OBJECTID">123</SimpleData>
		<SimpleData name="ID_GE_SOLA">743</SimpleData>
		<SimpleData name="NOMBRE">JAVIERA CARRERA</SimpleData>
		<SimpleData name="PROPIEDAD">GR TORRES DEL PAINE SPA</SimpleData>
		<SimpleData name="TIPO">FOTOVOLTAICO</SimpleData>
		<SimpleData name="MEDIO_GENE">PMGD</SimpleData>
		<SimpleData name="COMBUSTIBL">NO APLICA</SimpleData>
		<SimpleData name="POTENCIAMW">9</SimpleData>
		<SimpleData name="UNIDADES">0</SimpleData>
		<SimpleData name="RCA">227/2021</SimpleData>
		<SimpleData name="SIST_ELECT">SEN</SimpleData>
		<SimpleData name="ESTADO">OPERATIVA</SimpleData>
		<SimpleData name="F_OPERACIO">1670889600000</SimpleData>
		<SimpleData name="COORD_ESTE">339965</SimpleData>
		<SimpleData name="COORD_NORT">6264042</SimpleData>
		<SimpleData name="HUSO">19 SUR</SimpleData>
		<SimpleData name="DATUM">WGS 1984</SimpleData>
		<SimpleData name="REGION">13</SimpleData>
		<SimpleData name="PROVINCIA">134</SimpleData>
		<SimpleData name="COMUNA">13402</SimpleData>
		<SimpleData name="FUENTE_BAS">CNE</SimpleData>
		<SimpleData name="FECH_CREA">1593475200000</SimpleData>
		<SimpleData name="FECH_ACT">1688083200000</SimpleData>
	</SchemaData></ExtendedData>
      <Point><coordinates>-70.727844981,-33.7516238379999</coordinates></Point>
  </Placemark>
  <Placemark id="centrales_solares.124">
	<name>NEWENTUN</name>
	<ExtendedData><SchemaData schemaUrl="#centrales_solares">
		<SimpleData name="OBJECTID">124</SimpleData>
		<SimpleData name="ID_GE_SOLA">623</SimpleData>
		<SimpleData name="NOMBRE">NEWENTUN</SimpleData>
		<SimpleData name="PROPIEDAD">NEWENTUN SPA</SimpleData>
		<SimpleData name="TIPO">FOTOVOLTAICO</SimpleData>
		<SimpleData name="MEDIO_GENE">PMGD</SimpleData>
		<SimpleData name="COMBUSTIBL">NO APLICA</SimpleData>
		<SimpleData name="POTENCIAMW">6</SimpleData>
		<SimpleData name="UNIDADES">0</SimpleData>
		<SimpleData name="RCA">029/2019</SimpleData>
		<SimpleData name="SIST_ELECT">SEN</SimpleData>
		<SimpleData name="ESTADO">OPERATIVA</SimpleData>
		<SimpleData name="F_OPERACIO">1678924800000</SimpleData>
		<SimpleData name="COORD_ESTE">274990</SimpleData>
		<SimpleData name="COORD_NORT">6180454</SimpleData>
		<SimpleData name="HUSO">19 SUR</SimpleData>
		<SimpleData name="DATUM">WGS 1984</SimpleData>
		<SimpleData name="REGION">06</SimpleData>
		<SimpleData name="PROVINCIA">063</SimpleData>
		<SimpleData name="COMUNA">06307</SimpleData>
		<SimpleData name="FUENTE_BAS">CNE</SimpleData>
		<SimpleData name="FECH_CREA">1577750400000</SimpleData>
		<SimpleData name="FECH_ACT">1688083200000</SimpleData>
	</SchemaData></ExtendedData>
      <Point><coordinates>-71.450527456,-34.492991123</coordinates></Point>
  </Placemark>
  <Placemark id="centrales_solares.125">
	<name>JAURURO SOLAR</name>
	<ExtendedData><SchemaData schemaUrl="#centrales_solares">
		<SimpleData name="OBJECTID">125</SimpleData>
		<SimpleData name="ID_GE_SOLA">471</SimpleData>
		<SimpleData name="NOMBRE">JAURURO SOLAR</SimpleData>
		<SimpleData name="PROPIEDAD">FOTOVOLTAICA JAURURO SPA</SimpleData>
		<SimpleData name="TIPO">FOTOVOLTAICO</SimpleData>
		<SimpleData name="MEDIO_GENE">PMGD</SimpleData>
		<SimpleData name="COMBUSTIBL">NO APLICA</SimpleData>
		<SimpleData name="POTENCIAMW">2.7226</SimpleData>
		<SimpleData name="UNIDADES">0</SimpleData>
		<SimpleData name="RCA">NO APLICA</SimpleData>
		<SimpleData name="SIST_ELECT">SEN</SimpleData>
		<SimpleData name="ESTADO">OPERATIVA</SimpleData>
		<SimpleData name="F_OPERACIO">1565827200000</SimpleData>
		<SimpleData name="COORD_ESTE">286515</SimpleData>
		<SimpleData name="COORD_NORT">6406994</SimpleData>
		<SimpleData name="HUSO">19 SUR</SimpleData>
		<SimpleData name="DATUM">WGS 1984</SimpleData>
		<SimpleData name="REGION">05</SimpleData>
		<SimpleData name="PROVINCIA">054</SimpleData>
		<SimpleData name="COMUNA">05401</SimpleData>
		<SimpleData name="FUENTE_BAS">CNE</SimpleData>
		<SimpleData name="FECH_CREA">1553990400000</SimpleData>
		<SimpleData name="FECH_ACT">1688083200000</SimpleData>
	</SchemaData></ExtendedData>
      <Point><coordinates>-71.2711722569999,-32.453772198</coordinates></Point>
  </Placemark>
  <Placemark id="centrales_solares.126">
	<name>ICB</name>
	<ExtendedData><SchemaData schemaUrl="#centrales_solares">
		<SimpleData name="OBJECTID">126</SimpleData>
		<SimpleData name="ID_GE_SOLA">955</SimpleData>
		<SimpleData name="NOMBRE">ICB</SimpleData>
		<SimpleData name="PROPIEDAD">ICB INMOBILIARIA S.A.</SimpleData>
		<SimpleData name="TIPO">FOTOVOLTAICO</SimpleData>
		<SimpleData name="MEDIO_GENE">PMGD</SimpleData>
		<SimpleData name="COMBUSTIBL">NO APLICA</SimpleData>
		<SimpleData name="POTENCIAMW">0.3</SimpleData>
		<SimpleData name="UNIDADES">0</SimpleData>
		<SimpleData name="RCA">NO APLICA</SimpleData>
		<SimpleData name="SIST_ELECT">SEN</SimpleData>
		<SimpleData name="ESTADO">OPERATIVA</SimpleData>
		<SimpleData name="F_OPERACIO">1655078400000</SimpleData>
		<SimpleData name="COORD_ESTE">341941</SimpleData>
		<SimpleData name="COORD_NORT">6309279</SimpleData>
		<SimpleData name="HUSO">19 SUR</SimpleData>
		<SimpleData name="DATUM">WGS 1984</SimpleData>
		<SimpleData name="REGION">13</SimpleData>
		<SimpleData name="PROVINCIA">131</SimpleData>
		<SimpleData name="COMUNA">13125</SimpleData>
		<SimpleData name="FUENTE_BAS">CNE</SimpleData>
		<SimpleData name="FECH_CREA">1622419200000</SimpleData>
		<SimpleData name="FECH_ACT">1688083200000</SimpleData>
	</SchemaData></ExtendedData>
      <Point><coordinates>-70.6985182999999,-33.344082436</coordinates></Point>
  </Placemark>
  <Placemark id="centrales_solares.127">
	<name>MALINKE</name>
	<ExtendedData><SchemaData schemaUrl="#centrales_solares">
		<SimpleData name="OBJECTID">127</SimpleData>
		<SimpleData name="ID_GE_SOLA">874</SimpleData>
		<SimpleData name="NOMBRE">MALINKE</SimpleData>
		<SimpleData name="PROPIEDAD">MALINKE SOLAR SPA</SimpleData>
		<SimpleData name="TIPO">FOTOVOLTAICO</SimpleData>
		<SimpleData name="MEDIO_GENE">PMGD</SimpleData>
		<SimpleData name="COMBUSTIBL">NO APLICA</SimpleData>
		<SimpleData name="POTENCIAMW">3</SimpleData>
		<SimpleData name="UNIDADES">0</SimpleData>
		<SimpleData name="RCA">NO APLICA</SimpleData>
		<SimpleData name="SIST_ELECT">SEN</SimpleData>
		<SimpleData name="ESTADO">OPERATIVA</SimpleData>
		<SimpleData name="F_OPERACIO">1620345600000</SimpleData>
		<SimpleData name="COORD_ESTE">288183</SimpleData>
		<SimpleData name="COORD_NORT">6260550</SimpleData>
		<SimpleData name="HUSO">19 SUR</SimpleData>
		<SimpleData name="DATUM">WGS 1984</SimpleData>
		<SimpleData name="REGION">13</SimpleData>
		<SimpleData name="PROVINCIA">135</SimpleData>
		<SimpleData name="COMUNA">13501</SimpleData>
		<SimpleData name="FUENTE_BAS">CNE</SimpleData>
		<SimpleData name="FECH_CREA">1609372800000</SimpleData>
		<SimpleData name="FECH_ACT">1688083200000</SimpleData>
	</SchemaData></ExtendedData>
      <Point><coordinates>-71.287412468,-33.774006524</coordinates></Point>
  </Placemark>
  <Placemark id="centrales_solares.128">
	<name>DON MARIANO</name>
	<ExtendedData><SchemaData schemaUrl="#centrales_solares">
		<SimpleData name="OBJECTID">128</SimpleData>
		<SimpleData name="ID_GE_SOLA">502</SimpleData>
		<SimpleData name="NOMBRE">DON MARIANO</SimpleData>
		<SimpleData name="PROPIEDAD">DON MARIANO ENERGY SPA</SimpleData>
		<SimpleData name="TIPO">FOTOVOLTAICO</SimpleData>
		<SimpleData name="MEDIO_GENE">PMGD</SimpleData>
		<SimpleData name="COMBUSTIBL">NO APLICA</SimpleData>
		<SimpleData name="POTENCIAMW">2.98488</SimpleData>
		<SimpleData name="UNIDADES">0</SimpleData>
		<SimpleData name="RCA">NO APLICA</SimpleData>
		<SimpleData name="SIST_ELECT">SEN</SimpleData>
		<SimpleData name="ESTADO">OPERATIVA</SimpleData>
		<SimpleData name="F_OPERACIO">1587686400000</SimpleData>
		<SimpleData name="COORD_ESTE">332610</SimpleData>
		<SimpleData name="COORD_NORT">6181550</SimpleData>
		<SimpleData name="HUSO">19 SUR</SimpleData>
		<SimpleData name="DATUM">WGS 1984</SimpleData>
		<SimpleData name="REGION">06</SimpleData>
		<SimpleData name="PROVINCIA">061</SimpleData>
		<SimpleData name="COMUNA">06109</SimpleData>
		<SimpleData name="FUENTE_BAS">CNE</SimpleData>
		<SimpleData name="FECH_CREA">1561852800000</SimpleData>
		<SimpleData name="FECH_ACT">1688083200000</SimpleData>
	</SchemaData></ExtendedData>
      <Point><coordinates>-70.8231160459999,-34.4940864669999</coordinates></Point>
  </Placemark>
  <Placemark id="centrales_solares.129">
	<name>SANTIAGO SOLAR</name>
	<ExtendedData><SchemaData schemaUrl="#centrales_solares">
		<SimpleData name="OBJECTID">129</SimpleData>
		<SimpleData name="ID_GE_SOLA">377</SimpleData>
		<SimpleData name="NOMBRE">SANTIAGO SOLAR</SimpleData>
		<SimpleData name="PROPIEDAD">SANTIAGO SOLAR S.A.</SimpleData>
		<SimpleData name="TIPO">FOTOVOLTAICO</SimpleData>
		<SimpleData name="COMBUSTIBL">NO APLICA</SimpleData>
		<SimpleData name="POTENCIAMW">90.83</SimpleData>
		<SimpleData name="UNIDADES">0</SimpleData>
		<SimpleData name="RCA">310/2016</SimpleData>
		<SimpleData name="SIST_ELECT">SEN</SimpleData>
		<SimpleData name="ESTADO">OPERATIVA</SimpleData>
		<SimpleData name="F_OPERACIO">1517356800000</SimpleData>
		<SimpleData name="COORD_ESTE">326226</SimpleData>
		<SimpleData name="COORD_NORT">6338536</SimpleData>
		<SimpleData name="HUSO">19 SUR</SimpleData>
		<SimpleData name="DATUM">WGS 1984</SimpleData>
		<SimpleData name="REGION">13</SimpleData>
		<SimpleData name="PROVINCIA">133</SimpleData>
		<SimpleData name="COMUNA">13303</SimpleData>
		<SimpleData name="FUENTE_BAS">CNE</SimpleData>
		<SimpleData name="FECH_CREA">1522454400000</SimpleData>
		<SimpleData name="FECH_ACT">1688083200000</SimpleData>
	</SchemaData></ExtendedData>
      <Point><coordinates>-70.861724323,-33.077898268</coordinates></Point>
  </Placemark>
  <Placemark id="centrales_solares.130">
	<name>LOCKMA</name>
	<ExtendedData><SchemaData schemaUrl="#centrales_solares">
		<SimpleData name="OBJECTID">130</SimpleData>
		<SimpleData name="ID_GE_SOLA">518</SimpleData>
		<SimpleData name="NOMBRE">LOCKMA</SimpleData>
		<SimpleData name="PROPIEDAD">CE CENTINELA SOLAR SPA</SimpleData>
		<SimpleData name="TIPO">FOTOVOLTAICO</SimpleData>
		<SimpleData name="MEDIO_GENE">PMGD</SimpleData>
		<SimpleData name="COMBUSTIBL">NO APLICA</SimpleData>
		<SimpleData name="POTENCIAMW">9</SimpleData>
		<SimpleData name="UNIDADES">0</SimpleData>
		<SimpleData name="RCA">069/2020</SimpleData>
		<SimpleData name="SIST_ELECT">SEN</SimpleData>
		<SimpleData name="ESTADO">OPERATIVA</SimpleData>
		<SimpleData name="F_OPERACIO">1681516800000</SimpleData>
		<SimpleData name="COORD_ESTE">371590</SimpleData>
		<SimpleData name="COORD_NORT">7389349</SimpleData>
		<SimpleData name="HUSO">19 SUR</SimpleData>
		<SimpleData name="DATUM">WGS 1984</SimpleData>
		<SimpleData name="REGION">02</SimpleData>
		<SimpleData name="PROVINCIA">021</SimpleData>
		<SimpleData name="COMUNA">02101</SimpleData>
		<SimpleData name="FUENTE_BAS">CNE</SimpleData>
		<SimpleData name="FECH_CREA">1561852800000</SimpleData>
		<SimpleData name="FECH_ACT">1688083200000</SimpleData>
	</SchemaData></ExtendedData>
      <Point><coordinates>-70.2585812139999,-23.601302108</coordinates></Point>
  </Placemark>
  <Placemark id="centrales_solares.131">
	<name>LOS PUQUIOS</name>
	<ExtendedData><SchemaData schemaUrl="#centrales_solares">
		<SimpleData name="OBJECTID">131</SimpleData>
		<SimpleData name="ID_GE_SOLA">256</SimpleData>
		<SimpleData name="NOMBRE">LOS PUQUIOS</SimpleData>
		<SimpleData name="PROPIEDAD">PARQUE SOLAR LOS PUQUIOS SPA</SimpleData>
		<SimpleData name="TIPO">FOTOVOLTAICO</SimpleData>
		<SimpleData name="MEDIO_GENE">PMGD</SimpleData>
		<SimpleData name="COMBUSTIBL">NO APLICA</SimpleData>
		<SimpleData name="POTENCIAMW">3</SimpleData>
		<SimpleData name="UNIDADES">0</SimpleData>
		<SimpleData name="RCA">NO APLICA</SimpleData>
		<SimpleData name="SIST_ELECT">SEN</SimpleData>
		<SimpleData name="ESTADO">OPERATIVA</SimpleData>
		<SimpleData name="F_OPERACIO">1439251200000</SimpleData>
		<SimpleData name="COORD_ESTE">443089</SimpleData>
		<SimpleData name="COORD_NORT">7740030</SimpleData>
		<SimpleData name="HUSO">19 SUR</SimpleData>
		<SimpleData name="DATUM">WGS 1984</SimpleData>
		<SimpleData name="REGION">01</SimpleData>
		<SimpleData name="PROVINCIA">014</SimpleData>
		<SimpleData name="COMUNA">01401</SimpleData>
		<SimpleData name="FUENTE_BAS">CNE</SimpleData>
		<SimpleData name="FECH_CREA">1451520000000</SimpleData>
		<SimpleData name="FECH_ACT">1688083200000</SimpleData>
	</SchemaData></ExtendedData>
      <Point><coordinates>-69.5455712259999,-20.437311361</coordinates></Point>
  </Placemark>
  <Placemark id="centrales_solares.132">
	<name>EL BLANCO</name>
	<ExtendedData><SchemaData schemaUrl="#centrales_solares">
		<SimpleData name="OBJECTID">132</SimpleData>
		<SimpleData name="ID_GE_SOLA">988</SimpleData>
		<SimpleData name="NOMBRE">EL BLANCO</SimpleData>
		<SimpleData name="PROPIEDAD">EMPRESA ELECTRICA DE AYSEN S.A.</SimpleData>
		<SimpleData name="TIPO">FOTOVOLTAICO</SimpleData>
		<SimpleData name="COMBUSTIBL">NO APLICA</SimpleData>
		<SimpleData name="POTENCIAMW">2.96</SimpleData>
		<SimpleData name="UNIDADES">0</SimpleData>
		<SimpleData name="RCA">NO APLICA</SimpleData>
		<SimpleData name="SIST_ELECT">SEA</SimpleData>
		<SimpleData name="ESTADO">OPERATIVA</SimpleData>
		<SimpleData name="F_OPERACIO">1669852800000</SimpleData>
		<SimpleData name="COORD_ESTE">271769</SimpleData>
		<SimpleData name="COORD_NORT">4925656</SimpleData>
		<SimpleData name="HUSO">19 SUR</SimpleData>
		<SimpleData name="DATUM">WGS 1984</SimpleData>
		<SimpleData name="REGION">11</SimpleData>
		<SimpleData name="PROVINCIA">111</SimpleData>
		<SimpleData name="COMUNA">11101</SimpleData>
		<SimpleData name="FUENTE_BAS">CNE</SimpleData>
		<SimpleData name="FECH_CREA">1625011200000</SimpleData>
		<SimpleData name="FECH_ACT">1688083200000</SimpleData>
	</SchemaData></ExtendedData>
      <Point><coordinates>-71.936168357,-45.784917494</coordinates></Point>
  </Placemark>
  <Placemark id="centrales_solares.133">
	<name>VITUCO 2B</name>
	<ExtendedData><SchemaData schemaUrl="#centrales_solares">
		<SimpleData name="OBJECTID">133</SimpleData>
		<SimpleData name="ID_GE_SOLA">462</SimpleData>
		<SimpleData name="NOMBRE">VITUCO 2B</SimpleData>
		<SimpleData name="PROPIEDAD">VITUCO 2B SPA</SimpleData>
		<SimpleData name="TIPO">FOTOVOLTAICO</SimpleData>
		<SimpleData name="MEDIO_GENE">PMGD</SimpleData>
		<SimpleData name="COMBUSTIBL">NO APLICA</SimpleData>
		<SimpleData name="POTENCIAMW">2.95</SimpleData>
		<SimpleData name="UNIDADES">0</SimpleData>
		<SimpleData name="RCA">NO APLICA</SimpleData>
		<SimpleData name="SIST_ELECT">SEN</SimpleData>
		<SimpleData name="ESTADO">OPERATIVA</SimpleData>
		<SimpleData name="F_OPERACIO">1565740800000</SimpleData>
		<SimpleData name="COORD_ESTE">258424</SimpleData>
		<SimpleData name="COORD_NORT">6202452</SimpleData>
		<SimpleData name="HUSO">19 SUR</SimpleData>
		<SimpleData name="DATUM">WGS 1984</SimpleData>
		<SimpleData name="REGION">06</SimpleData>
		<SimpleData name="PROVINCIA">062</SimpleData>
		<SimpleData name="COMUNA">06204</SimpleData>
		<SimpleData name="FUENTE_BAS">CNE</SimpleData>
		<SimpleData name="FECH_CREA">1538265600000</SimpleData>
		<SimpleData name="FECH_ACT">1688083200000</SimpleData>
	</SchemaData></ExtendedData>
      <Point><coordinates>-71.6245846689999,-34.291064642</coordinates></Point>
  </Placemark>
  <Placemark id="centrales_solares.134">
	<name>QUELTEHUE SOLAR</name>
	<ExtendedData><SchemaData schemaUrl="#centrales_solares">
		<SimpleData name="OBJECTID">134</SimpleData>
		<SimpleData name="ID_GE_SOLA">636</SimpleData>
		<SimpleData name="NOMBRE">QUELTEHUE SOLAR</SimpleData>
		<SimpleData name="PROPIEDAD">FOTOVOLTAICA EL MANZANAR SPA</SimpleData>
		<SimpleData name="TIPO">FOTOVOLTAICO</SimpleData>
		<SimpleData name="MEDIO_GENE">PMGD</SimpleData>
		<SimpleData name="COMBUSTIBL">NO APLICA</SimpleData>
		<SimpleData name="POTENCIAMW">2.987</SimpleData>
		<SimpleData name="UNIDADES">0</SimpleData>
		<SimpleData name="RCA">NO APLICA</SimpleData>
		<SimpleData name="SIST_ELECT">SEN</SimpleData>
		<SimpleData name="ESTADO">OPERATIVA</SimpleData>
		<SimpleData name="F_OPERACIO">1588204800000</SimpleData>
		<SimpleData name="COORD_ESTE">320413</SimpleData>
		<SimpleData name="COORD_NORT">6193171</SimpleData>
		<SimpleData name="HUSO">19 SUR</SimpleData>
		<SimpleData name="DATUM">WGS 1984</SimpleData>
		<SimpleData name="REGION">06</SimpleData>
		<SimpleData name="PROVINCIA">061</SimpleData>
		<SimpleData name="COMUNA">06115</SimpleData>
		<SimpleData name="FUENTE_BAS">CNE</SimpleData>
		<SimpleData name="FECH_CREA">1593475200000</SimpleData>
		<SimpleData name="FECH_ACT">1688083200000</SimpleData>
	</SchemaData></ExtendedData>
      <Point><coordinates>-70.953452721,-34.387292429</coordinates></Point>
  </Placemark>
  <Placemark id="centrales_solares.135">
	<name>EL ROBLE</name>
	<ExtendedData><SchemaData schemaUrl="#centrales_solares">
		<SimpleData name="OBJECTID">135</SimpleData>
		<SimpleData name="ID_GE_SOLA">149</SimpleData>
		<SimpleData name="NOMBRE">EL ROBLE</SimpleData>
		<SimpleData name="PROPIEDAD">CHESTER SOLAR IV SPA</SimpleData>
		<SimpleData name="TIPO">FOTOVOLTAICO</SimpleData>
		<SimpleData name="MEDIO_GENE">PMGD</SimpleData>
		<SimpleData name="COMBUSTIBL">NO APLICA</SimpleData>
		<SimpleData name="POTENCIAMW">8.88</SimpleData>
		<SimpleData name="UNIDADES">0</SimpleData>
		<SimpleData name="RCA">652/2016</SimpleData>
		<SimpleData name="SIST_ELECT">SEN</SimpleData>
		<SimpleData name="ESTADO">OPERATIVA</SimpleData>
		<SimpleData name="F_OPERACIO">1508371200000</SimpleData>
		<SimpleData name="COORD_ESTE">279542</SimpleData>
		<SimpleData name="COORD_NORT">6231299</SimpleData>
		<SimpleData name="HUSO">19 SUR</SimpleData>
		<SimpleData name="DATUM">WGS 1984</SimpleData>
		<SimpleData name="REGION">13</SimpleData>
		<SimpleData name="PROVINCIA">135</SimpleData>
		<SimpleData name="COMUNA">13505</SimpleData>
		<SimpleData name="FUENTE_BAS">CNE</SimpleData>
		<SimpleData name="FECH_CREA">1514678400000</SimpleData>
		<SimpleData name="FECH_ACT">1688083200000</SimpleData>
	</SchemaData></ExtendedData>
      <Point><coordinates>-71.387999796,-34.035829533</coordinates></Point>
  </Placemark>
  <Placemark id="centrales_solares.136">
	<name>SANTA MARGARITA</name>
	<ExtendedData><SchemaData schemaUrl="#centrales_solares">
		<SimpleData name="OBJECTID">136</SimpleData>
		<SimpleData name="ID_GE_SOLA">868</SimpleData>
		<SimpleData name="NOMBRE">SANTA MARGARITA</SimpleData>
		<SimpleData name="PROPIEDAD">FOTOVOLTAICA PEUMO SPA</SimpleData>
		<SimpleData name="TIPO">FOTOVOLTAICO</SimpleData>
		<SimpleData name="MEDIO_GENE">PMGD</SimpleData>
		<SimpleData name="COMBUSTIBL">NO APLICA</SimpleData>
		<SimpleData name="POTENCIAMW">3</SimpleData>
		<SimpleData name="UNIDADES">0</SimpleData>
		<SimpleData name="RCA">NO APLICA</SimpleData>
		<SimpleData name="SIST_ELECT">SEN</SimpleData>
		<SimpleData name="ESTADO">OPERATIVA</SimpleData>
		<SimpleData name="F_OPERACIO">1631232000000</SimpleData>
		<SimpleData name="COORD_ESTE">268374</SimpleData>
		<SimpleData name="COORD_NORT">6184128</SimpleData>
		<SimpleData name="HUSO">19 SUR</SimpleData>
		<SimpleData name="DATUM">WGS 1984</SimpleData>
		<SimpleData name="REGION">06</SimpleData>
		<SimpleData name="PROVINCIA">063</SimpleData>
		<SimpleData name="COMUNA">06307</SimpleData>
		<SimpleData name="FUENTE_BAS">CNE</SimpleData>
		<SimpleData name="FECH_CREA">1609372800000</SimpleData>
		<SimpleData name="FECH_ACT">1688083200000</SimpleData>
	</SchemaData></ExtendedData>
      <Point><coordinates>-71.521523373,-34.4584245139999</coordinates></Point>
  </Placemark>
  <Placemark id="centrales_solares.137">
	<name>CANDELARIA SOLAR</name>
	<ExtendedData><SchemaData schemaUrl="#centrales_solares">
		<SimpleData name="OBJECTID">137</SimpleData>
		<SimpleData name="ID_GE_SOLA">543</SimpleData>
		<SimpleData name="NOMBRE">CANDELARIA SOLAR</SimpleData>
		<SimpleData name="PROPIEDAD">CANDELARIA SOLAR SPA</SimpleData>
		<SimpleData name="TIPO">FOTOVOLTAICO</SimpleData>
		<SimpleData name="MEDIO_GENE">PMGD</SimpleData>
		<SimpleData name="COMBUSTIBL">NO APLICA</SimpleData>
		<SimpleData name="POTENCIAMW">2.75</SimpleData>
		<SimpleData name="UNIDADES">0</SimpleData>
		<SimpleData name="RCA">NO APLICA</SimpleData>
		<SimpleData name="SIST_ELECT">SEN</SimpleData>
		<SimpleData name="ESTADO">OPERATIVA</SimpleData>
		<SimpleData name="F_OPERACIO">1601424000000</SimpleData>
		<SimpleData name="COORD_ESTE">349635</SimpleData>
		<SimpleData name="COORD_NORT">6234480</SimpleData>
		<SimpleData name="HUSO">19 SUR</SimpleData>
		<SimpleData name="DATUM">WGS 1984</SimpleData>
		<SimpleData name="REGION">06</SimpleData>
		<SimpleData name="PROVINCIA">061</SimpleData>
		<SimpleData name="COMUNA">06110</SimpleData>
		<SimpleData name="FUENTE_BAS">CNE</SimpleData>
		<SimpleData name="FECH_CREA">1577750400000</SimpleData>
		<SimpleData name="FECH_ACT">1688083200000</SimpleData>
	</SchemaData></ExtendedData>
      <Point><coordinates>-70.628536733,-34.0195553789999</coordinates></Point>
  </Placemark>
  <Placemark id="centrales_solares.138">
	<name>CANESA SOLAR</name>
	<ExtendedData><SchemaData schemaUrl="#centrales_solares">
		<SimpleData name="OBJECTID">138</SimpleData>
		<SimpleData name="ID_GE_SOLA">52</SimpleData>
		<SimpleData name="NOMBRE">CANESA SOLAR</SimpleData>
		<SimpleData name="PROPIEDAD">ANGELA SOLAR SPA</SimpleData>
		<SimpleData name="TIPO">FOTOVOLTAICO</SimpleData>
		<SimpleData name="MEDIO_GENE">PMGD</SimpleData>
		<SimpleData name="COMBUSTIBL">NO APLICA</SimpleData>
		<SimpleData name="POTENCIAMW">2.966</SimpleData>
		<SimpleData name="UNIDADES">0</SimpleData>
		<SimpleData name="RCA">NO APLICA</SimpleData>
		<SimpleData name="SIST_ELECT">SEN</SimpleData>
		<SimpleData name="ESTADO">OPERATIVA</SimpleData>
		<SimpleData name="F_OPERACIO">1565654400000</SimpleData>
		<SimpleData name="COORD_ESTE">298254</SimpleData>
		<SimpleData name="COORD_NORT">6488579</SimpleData>
		<SimpleData name="HUSO">19 SUR</SimpleData>
		<SimpleData name="DATUM">WGS 1984</SimpleData>
		<SimpleData name="REGION">04</SimpleData>
		<SimpleData name="PROVINCIA">042</SimpleData>
		<SimpleData name="COMUNA">04201</SimpleData>
		<SimpleData name="FUENTE_BAS">CNE</SimpleData>
		<SimpleData name="FECH_CREA">1546214400000</SimpleData>
		<SimpleData name="FECH_ACT">1688083200000</SimpleData>
	</SchemaData></ExtendedData>
      <Point><coordinates>-71.129231078,-31.720442094</coordinates></Point>
  </Placemark>
  <Placemark id="centrales_solares.139">
	<name>CSP CERRO DOMINADOR</name>
	<ExtendedData><SchemaData schemaUrl="#centrales_solares">
		<SimpleData name="OBJECTID">139</SimpleData>
		<SimpleData name="ID_GE_SOLA">69</SimpleData>
		<SimpleData name="NOMBRE">CSP CERRO DOMINADOR</SimpleData>
		<SimpleData name="PROPIEDAD">CERRO DOMINADOR CSP</SimpleData>
		<SimpleData name="TIPO">CSP</SimpleData>
		<SimpleData name="COMBUSTIBL">NO APLICA</SimpleData>
		<SimpleData name="POTENCIAMW">108.27</SimpleData>
		<SimpleData name="UNIDADES">0</SimpleData>
		<SimpleData name="RCA">231/2014</SimpleData>
		<SimpleData name="SIST_ELECT">SEN</SimpleData>
		<SimpleData name="ESTADO">OPERATIVA</SimpleData>
		<SimpleData name="F_OPERACIO">1632960000000</SimpleData>
		<SimpleData name="COORD_ESTE">450672</SimpleData>
		<SimpleData name="COORD_NORT">7481162</SimpleData>
		<SimpleData name="HUSO">19 SUR</SimpleData>
		<SimpleData name="DATUM">WGS 1984</SimpleData>
		<SimpleData name="REGION">02</SimpleData>
		<SimpleData name="PROVINCIA">023</SimpleData>
		<SimpleData name="COMUNA">02302</SimpleData>
		<SimpleData name="FUENTE_BAS">CNE</SimpleData>
		<SimpleData name="FECH_CREA">1438560000000</SimpleData>
		<SimpleData name="FECH_ACT">1688083200000</SimpleData>
	</SchemaData></ExtendedData>
      <Point><coordinates>-69.480543376,-22.7763120139999</coordinates></Point>
  </Placemark>
  <Placemark id="centrales_solares.140">
	<name>PACHIRA</name>
	<ExtendedData><SchemaData schemaUrl="#centrales_solares">
		<SimpleData name="OBJECTID">140</SimpleData>
		<SimpleData name="ID_GE_SOLA">283</SimpleData>
		<SimpleData name="NOMBRE">PACHIRA</SimpleData>
		<SimpleData name="PROPIEDAD">EL NARANJAL SPA</SimpleData>
		<SimpleData name="TIPO">FOTOVOLTAICO</SimpleData>
		<SimpleData name="MEDIO_GENE">PMGD</SimpleData>
		<SimpleData name="COMBUSTIBL">NO APLICA</SimpleData>
		<SimpleData name="POTENCIAMW">9</SimpleData>
		<SimpleData name="UNIDADES">0</SimpleData>
		<SimpleData name="RCA">062/2019</SimpleData>
		<SimpleData name="SIST_ELECT">SEN</SimpleData>
		<SimpleData name="ESTADO">OPERATIVA</SimpleData>
		<SimpleData name="F_OPERACIO">1633651200000</SimpleData>
		<SimpleData name="COORD_ESTE">262992</SimpleData>
		<SimpleData name="COORD_NORT">6028822</SimpleData>
		<SimpleData name="HUSO">19 SUR</SimpleData>
		<SimpleData name="DATUM">WGS 1984</SimpleData>
		<SimpleData name="REGION">07</SimpleData>
		<SimpleData name="PROVINCIA">074</SimpleData>
		<SimpleData name="COMUNA">07401</SimpleData>
		<SimpleData name="FUENTE_BAS">CNE</SimpleData>
		<SimpleData name="FECH_CREA">1530316800000</SimpleData>
		<SimpleData name="FECH_ACT">1688083200000</SimpleData>
	</SchemaData></ExtendedData>
      <Point><coordinates>-71.624644901,-35.856180276</coordinates></Point>
  </Placemark>
  <Placemark id="centrales_solares.141">
	<name>MELI</name>
	<ExtendedData><SchemaData schemaUrl="#centrales_solares">
		<SimpleData name="OBJECTID">141</SimpleData>
		<SimpleData name="ID_GE_SOLA">272</SimpleData>
		<SimpleData name="NOMBRE">MELI</SimpleData>
		<SimpleData name="PROPIEDAD">MELI SPA</SimpleData>
		<SimpleData name="TIPO">FOTOVOLTAICO</SimpleData>
		<SimpleData name="MEDIO_GENE">PMGD</SimpleData>
		<SimpleData name="COMBUSTIBL">NO APLICA</SimpleData>
		<SimpleData name="POTENCIAMW">9</SimpleData>
		<SimpleData name="UNIDADES">0</SimpleData>
		<SimpleData name="RCA">002/2019</SimpleData>
		<SimpleData name="SIST_ELECT">SEN</SimpleData>
		<SimpleData name="ESTADO">OPERATIVA</SimpleData>
		<SimpleData name="F_OPERACIO">1661904000000</SimpleData>
		<SimpleData name="COORD_ESTE">337032</SimpleData>
		<SimpleData name="COORD_NORT">6230714</SimpleData>
		<SimpleData name="HUSO">19 SUR</SimpleData>
		<SimpleData name="DATUM">WGS 1984</SimpleData>
		<SimpleData name="REGION">06</SimpleData>
		<SimpleData name="PROVINCIA">061</SimpleData>
		<SimpleData name="COMUNA">06106</SimpleData>
		<SimpleData name="FUENTE_BAS">CNE</SimpleData>
		<SimpleData name="FECH_CREA">1530316800000</SimpleData>
		<SimpleData name="FECH_ACT">1688083200000</SimpleData>
	</SchemaData></ExtendedData>
      <Point><coordinates>-70.765683038,-34.0516213459999</coordinates></Point>
  </Placemark>
  <Placemark id="centrales_solares.142">
	<name>TORCAZAS</name>
	<ExtendedData><SchemaData schemaUrl="#centrales_solares">
		<SimpleData name="OBJECTID">142</SimpleData>
		<SimpleData name="ID_GE_SOLA">645</SimpleData>
		<SimpleData name="NOMBRE">TORCAZAS</SimpleData>
		<SimpleData name="PROPIEDAD">PFV LAS TORCAZAS SPA</SimpleData>
		<SimpleData name="TIPO">FOTOVOLTAICO</SimpleData>
		<SimpleData name="MEDIO_GENE">PMGD</SimpleData>
		<SimpleData name="COMBUSTIBL">NO APLICA</SimpleData>
		<SimpleData name="POTENCIAMW">3</SimpleData>
		<SimpleData name="UNIDADES">0</SimpleData>
		<SimpleData name="RCA">NO APLICA</SimpleData>
		<SimpleData name="SIST_ELECT">SEN</SimpleData>
		<SimpleData name="ESTADO">OPERATIVA</SimpleData>
		<SimpleData name="F_OPERACIO">1619222400000</SimpleData>
		<SimpleData name="COORD_ESTE">259322</SimpleData>
		<SimpleData name="COORD_NORT">6196395</SimpleData>
		<SimpleData name="HUSO">19 SUR</SimpleData>
		<SimpleData name="DATUM">WGS 1984</SimpleData>
		<SimpleData name="REGION">06</SimpleData>
		<SimpleData name="PROVINCIA">062</SimpleData>
		<SimpleData name="COMUNA">06204</SimpleData>
		<SimpleData name="FUENTE_BAS">CNE</SimpleData>
		<SimpleData name="FECH_CREA">1593475200000</SimpleData>
		<SimpleData name="FECH_ACT">1688083200000</SimpleData>
	</SchemaData></ExtendedData>
      <Point><coordinates>-71.616531304,-34.345840859</coordinates></Point>
  </Placemark>
  <Placemark id="centrales_solares.143">
	<name>LOS MAGNOLIOS SOLAR</name>
	<ExtendedData><SchemaData schemaUrl="#centrales_solares">
		<SimpleData name="OBJECTID">143</SimpleData>
		<SimpleData name="ID_GE_SOLA">642</SimpleData>
		<SimpleData name="NOMBRE">LOS MAGNOLIOS SOLAR</SimpleData>
		<SimpleData name="PROPIEDAD">LITRE SPA</SimpleData>
		<SimpleData name="TIPO">FOTOVOLTAICO</SimpleData>
		<SimpleData name="MEDIO_GENE">PMGD</SimpleData>
		<SimpleData name="COMBUSTIBL">NO APLICA</SimpleData>
		<SimpleData name="POTENCIAMW">2.99</SimpleData>
		<SimpleData name="UNIDADES">0</SimpleData>
		<SimpleData name="RCA">NO APLICA</SimpleData>
		<SimpleData name="SIST_ELECT">SEN</SimpleData>
		<SimpleData name="ESTADO">OPERATIVA</SimpleData>
		<SimpleData name="F_OPERACIO">1630540800000</SimpleData>
		<SimpleData name="COORD_ESTE">272922</SimpleData>
		<SimpleData name="COORD_NORT">6302658</SimpleData>
		<SimpleData name="HUSO">19 SUR</SimpleData>
		<SimpleData name="DATUM">WGS 1984</SimpleData>
		<SimpleData name="REGION">05</SimpleData>
		<SimpleData name="PROVINCIA">051</SimpleData>
		<SimpleData name="COMUNA">05102</SimpleData>
		<SimpleData name="FUENTE_BAS">CNE</SimpleData>
		<SimpleData name="FECH_CREA">1593475200000</SimpleData>
		<SimpleData name="FECH_ACT">1688083200000</SimpleData>
	</SchemaData></ExtendedData>
      <Point><coordinates>-71.44137389,-33.3913956019999</coordinates></Point>
  </Placemark>
  <Placemark id="centrales_solares.144">
	<name>ORION SOLAR</name>
	<ExtendedData><SchemaData schemaUrl="#centrales_solares">
		<SimpleData name="OBJECTID">144</SimpleData>
		<SimpleData name="ID_GE_SOLA">861</SimpleData>
		<SimpleData name="NOMBRE">ORION SOLAR</SimpleData>
		<SimpleData name="PROPIEDAD">ORION SOLAR SPA</SimpleData>
		<SimpleData name="TIPO">FOTOVOLTAICO</SimpleData>
		<SimpleData name="MEDIO_GENE">PMGD</SimpleData>
		<SimpleData name="COMBUSTIBL">NO APLICA</SimpleData>
		<SimpleData name="POTENCIAMW">2.98</SimpleData>
		<SimpleData name="UNIDADES">0</SimpleData>
		<SimpleData name="RCA">NO APLICA</SimpleData>
		<SimpleData name="SIST_ELECT">SEN</SimpleData>
		<SimpleData name="ESTADO">OPERATIVA</SimpleData>
		<SimpleData name="F_OPERACIO">1623196800000</SimpleData>
		<SimpleData name="COORD_ESTE">228791</SimpleData>
		<SimpleData name="COORD_NORT">5945639</SimpleData>
		<SimpleData name="HUSO">19 SUR</SimpleData>
		<SimpleData name="DATUM">WGS 1984</SimpleData>
		<SimpleData name="REGION">16</SimpleData>
		<SimpleData name="PROVINCIA">161</SimpleData>
		<SimpleData name="COMUNA">16101</SimpleData>
		<SimpleData name="FUENTE_BAS">CNE</SimpleData>
		<SimpleData name="FECH_CREA">1609372800000</SimpleData>
		<SimpleData name="FECH_ACT">1688083200000</SimpleData>
	</SchemaData></ExtendedData>
      <Point><coordinates>-72.031741298,-36.5962171149999</coordinates></Point>
  </Placemark>
  <Placemark id="centrales_solares.145">
	<name>ROVIAN</name>
	<ExtendedData><SchemaData schemaUrl="#centrales_solares">
		<SimpleData name="OBJECTID">145</SimpleData>
		<SimpleData name="ID_GE_SOLA">358</SimpleData>
		<SimpleData name="NOMBRE">ROVIAN</SimpleData>
		<SimpleData name="PROPIEDAD">GR MOLLE SPA</SimpleData>
		<SimpleData name="TIPO">FOTOVOLTAICO</SimpleData>
		<SimpleData name="MEDIO_GENE">PMGD</SimpleData>
		<SimpleData name="COMBUSTIBL">NO APLICA</SimpleData>
		<SimpleData name="POTENCIAMW">6.985</SimpleData>
		<SimpleData name="UNIDADES">0</SimpleData>
		<SimpleData name="RCA">010/2018</SimpleData>
		<SimpleData name="SIST_ELECT">SEN</SimpleData>
		<SimpleData name="ESTADO">OPERATIVA</SimpleData>
		<SimpleData name="F_OPERACIO">1560470400000</SimpleData>
		<SimpleData name="COORD_ESTE">296074</SimpleData>
		<SimpleData name="COORD_NORT">6163550</SimpleData>
		<SimpleData name="HUSO">19 SUR</SimpleData>
		<SimpleData name="DATUM">WGS 1984</SimpleData>
		<SimpleData name="REGION">06</SimpleData>
		<SimpleData name="PROVINCIA">063</SimpleData>
		<SimpleData name="COMUNA">06305</SimpleData>
		<SimpleData name="FUENTE_BAS">CNE</SimpleData>
		<SimpleData name="FECH_CREA">1506729600000</SimpleData>
		<SimpleData name="FECH_ACT">1688083200000</SimpleData>
	</SchemaData></ExtendedData>
      <Point><coordinates>-71.225123794,-34.6497063219999</coordinates></Point>
  </Placemark>
  <Placemark id="centrales_solares.146">
	<name>LO MIRANDA</name>
	<ExtendedData><SchemaData schemaUrl="#centrales_solares">
		<SimpleData name="OBJECTID">146</SimpleData>
		<SimpleData name="ID_GE_SOLA">244</SimpleData>
		<SimpleData name="NOMBRE">LO MIRANDA</SimpleData>
		<SimpleData name="PROPIEDAD">SPV P4 SPA</SimpleData>
		<SimpleData name="TIPO">FOTOVOLTAICO</SimpleData>
		<SimpleData name="MEDIO_GENE">PMGD</SimpleData>
		<SimpleData name="COMBUSTIBL">NO APLICA</SimpleData>
		<SimpleData name="POTENCIAMW">5.955</SimpleData>
		<SimpleData name="UNIDADES">0</SimpleData>
		<SimpleData name="RCA">016/2018</SimpleData>
		<SimpleData name="SIST_ELECT">SEN</SimpleData>
		<SimpleData name="ESTADO">OPERATIVA</SimpleData>
		<SimpleData name="F_OPERACIO">1572480000000</SimpleData>
		<SimpleData name="COORD_ESTE">326622</SimpleData>
		<SimpleData name="COORD_NORT">6214186</SimpleData>
		<SimpleData name="HUSO">19 SUR</SimpleData>
		<SimpleData name="DATUM">WGS 1984</SimpleData>
		<SimpleData name="REGION">06</SimpleData>
		<SimpleData name="PROVINCIA">061</SimpleData>
		<SimpleData name="COMUNA">06105</SimpleData>
		<SimpleData name="FUENTE_BAS">CNE</SimpleData>
		<SimpleData name="FECH_CREA">1506729600000</SimpleData>
		<SimpleData name="FECH_ACT">1688083200000</SimpleData>
	</SchemaData></ExtendedData>
      <Point><coordinates>-70.881717797,-34.1989310709999</coordinates></Point>
  </Placemark>
  <Placemark id="centrales_solares.147">
	<name>LAS ROJAS</name>
	<ExtendedData><SchemaData schemaUrl="#centrales_solares">
		<SimpleData name="OBJECTID">147</SimpleData>
		<SimpleData name="ID_GE_SOLA">540</SimpleData>
		<SimpleData name="NOMBRE">LAS ROJAS</SimpleData>
		<SimpleData name="PROPIEDAD">MARQUESA SOLAR SPA</SimpleData>
		<SimpleData name="TIPO">FOTOVOLTAICO</SimpleData>
		<SimpleData name="MEDIO_GENE">PMGD</SimpleData>
		<SimpleData name="COMBUSTIBL">NO APLICA</SimpleData>
		<SimpleData name="POTENCIAMW">2.995</SimpleData>
		<SimpleData name="UNIDADES">0</SimpleData>
		<SimpleData name="RCA">NO APLICA</SimpleData>
		<SimpleData name="SIST_ELECT">SEN</SimpleData>
		<SimpleData name="ESTADO">OPERATIVA</SimpleData>
		<SimpleData name="F_OPERACIO">1577750400000</SimpleData>
		<SimpleData name="COORD_ESTE">296320</SimpleData>
		<SimpleData name="COORD_NORT">6696710</SimpleData>
		<SimpleData name="HUSO">19 SUR</SimpleData>
		<SimpleData name="DATUM">WGS 1984</SimpleData>
		<SimpleData name="REGION">04</SimpleData>
		<SimpleData name="PROVINCIA">041</SimpleData>
		<SimpleData name="COMUNA">04101</SimpleData>
		<SimpleData name="FUENTE_BAS">CNE</SimpleData>
		<SimpleData name="FECH_CREA">1577750400000</SimpleData>
		<SimpleData name="FECH_ACT">1688083200000</SimpleData>
	</SchemaData></ExtendedData>
      <Point><coordinates>-71.1082722849999,-29.843324832</coordinates></Point>
  </Placemark>
  <Placemark id="centrales_solares.148">
	<name>LUCE SOLAR</name>
	<ExtendedData><SchemaData schemaUrl="#centrales_solares">
		<SimpleData name="OBJECTID">148</SimpleData>
		<SimpleData name="ID_GE_SOLA">492</SimpleData>
		<SimpleData name="NOMBRE">LUCE SOLAR</SimpleData>
		<SimpleData name="PROPIEDAD">LUCE SOLAR SPA</SimpleData>
		<SimpleData name="TIPO">FOTOVOLTAICO</SimpleData>
		<SimpleData name="MEDIO_GENE">PMGD</SimpleData>
		<SimpleData name="COMBUSTIBL">NO APLICA</SimpleData>
		<SimpleData name="POTENCIAMW">2.696</SimpleData>
		<SimpleData name="UNIDADES">0</SimpleData>
		<SimpleData name="RCA">NO APLICA</SimpleData>
		<SimpleData name="SIST_ELECT">SEN</SimpleData>
		<SimpleData name="ESTADO">OPERATIVA</SimpleData>
		<SimpleData name="F_OPERACIO">1573084800000</SimpleData>
		<SimpleData name="COORD_ESTE">260730</SimpleData>
		<SimpleData name="COORD_NORT">6244480</SimpleData>
		<SimpleData name="HUSO">19 SUR</SimpleData>
		<SimpleData name="DATUM">WGS 1984</SimpleData>
		<SimpleData name="REGION">13</SimpleData>
		<SimpleData name="PROVINCIA">135</SimpleData>
		<SimpleData name="COMUNA">13505</SimpleData>
		<SimpleData name="FUENTE_BAS">CNE</SimpleData>
		<SimpleData name="FECH_CREA">1561852800000</SimpleData>
		<SimpleData name="FECH_ACT">1688083200000</SimpleData>
	</SchemaData></ExtendedData>
      <Point><coordinates>-71.5879928209999,-33.9129473149999</coordinates></Point>
  </Placemark>
  <Placemark id="centrales_solares.149">
	<name>SAN JAVIER</name>
	<ExtendedData><SchemaData schemaUrl="#centrales_solares">
		<SimpleData name="OBJECTID">149</SimpleData>
		<SimpleData name="ID_GE_SOLA">139</SimpleData>
		<SimpleData name="NOMBRE">SAN JAVIER</SimpleData>
		<SimpleData name="PROPIEDAD">PARQUE SOLAR EL PASO</SimpleData>
		<SimpleData name="TIPO">FOTOVOLTAICO</SimpleData>
		<SimpleData name="MEDIO_GENE">PMGD</SimpleData>
		<SimpleData name="COMBUSTIBL">NO APLICA</SimpleData>
		<SimpleData name="POTENCIAMW">6</SimpleData>
		<SimpleData name="UNIDADES">0</SimpleData>
		<SimpleData name="RCA">121/2019</SimpleData>
		<SimpleData name="SIST_ELECT">SEN</SimpleData>
		<SimpleData name="ESTADO">OPERATIVA</SimpleData>
		<SimpleData name="F_OPERACIO">1613001600000</SimpleData>
		<SimpleData name="COORD_ESTE">256670</SimpleData>
		<SimpleData name="COORD_NORT">6057927</SimpleData>
		<SimpleData name="HUSO">19 SUR</SimpleData>
		<SimpleData name="DATUM">WGS 1984</SimpleData>
		<SimpleData name="REGION">07</SimpleData>
		<SimpleData name="PROVINCIA">074</SimpleData>
		<SimpleData name="COMUNA">07406</SimpleData>
		<SimpleData name="FUENTE_BAS">CNE</SimpleData>
		<SimpleData name="FECH_CREA">1538265600000</SimpleData>
		<SimpleData name="FECH_ACT">1688083200000</SimpleData>
	</SchemaData></ExtendedData>
      <Point><coordinates>-71.685767579,-35.5924999119999</coordinates></Point>
  </Placemark>
  <Placemark id="centrales_solares.150">
	<name>POZO ALMONTE SOLAR II</name>
	<ExtendedData><SchemaData schemaUrl="#centrales_solares">
		<SimpleData name="OBJECTID">150</SimpleData>
		<SimpleData name="ID_GE_SOLA">329</SimpleData>
		<SimpleData name="NOMBRE">POZO ALMONTE SOLAR II</SimpleData>
		<SimpleData name="PROPIEDAD">POZO ALMONTE SOLAR 2 S.A.</SimpleData>
		<SimpleData name="TIPO">FOTOVOLTAICO</SimpleData>
		<SimpleData name="MEDIO_GENE">PMG</SimpleData>
		<SimpleData name="COMBUSTIBL">NO APLICA</SimpleData>
		<SimpleData name="POTENCIAMW">7.496</SimpleData>
		<SimpleData name="UNIDADES">0</SimpleData>
		<SimpleData name="RCA">042/2011</SimpleData>
		<SimpleData name="SIST_ELECT">SEN</SimpleData>
		<SimpleData name="ESTADO">OPERATIVA</SimpleData>
		<SimpleData name="F_OPERACIO">1396051200000</SimpleData>
		<SimpleData name="COORD_ESTE">421467</SimpleData>
		<SimpleData name="COORD_NORT">7758012</SimpleData>
		<SimpleData name="HUSO">19 SUR</SimpleData>
		<SimpleData name="DATUM">WGS 1984</SimpleData>
		<SimpleData name="REGION">01</SimpleData>
		<SimpleData name="PROVINCIA">014</SimpleData>
		<SimpleData name="COMUNA">01401</SimpleData>
		<SimpleData name="FUENTE_BAS">CNE</SimpleData>
		<SimpleData name="FECH_CREA">1418169600000</SimpleData>
		<SimpleData name="FECH_ACT">1688083200000</SimpleData>
	</SchemaData></ExtendedData>
      <Point><coordinates>-69.752049603,-20.274061275</coordinates></Point>
  </Placemark>
  <Placemark id="centrales_solares.151">
	<name>BULNES LOS BARONES</name>
	<ExtendedData><SchemaData schemaUrl="#centrales_solares">
		<SimpleData name="OBJECTID">151</SimpleData>
		<SimpleData name="ID_GE_SOLA">967</SimpleData>
		<SimpleData name="NOMBRE">BULNES LOS BARONES</SimpleData>
		<SimpleData name="PROPIEDAD">MERCURIO SOLAR SPA</SimpleData>
		<SimpleData name="TIPO">FOTOVOLTAICO</SimpleData>
		<SimpleData name="MEDIO_GENE">PMGD</SimpleData>
		<SimpleData name="COMBUSTIBL">NO APLICA</SimpleData>
		<SimpleData name="POTENCIAMW">2.9</SimpleData>
		<SimpleData name="UNIDADES">0</SimpleData>
		<SimpleData name="RCA">NO APLICA</SimpleData>
		<SimpleData name="SIST_ELECT">SEN</SimpleData>
		<SimpleData name="ESTADO">OPERATIVA</SimpleData>
		<SimpleData name="F_OPERACIO">1666915200000</SimpleData>
		<SimpleData name="COORD_ESTE">214552</SimpleData>
		<SimpleData name="COORD_NORT">5919969</SimpleData>
		<SimpleData name="HUSO">19 SUR</SimpleData>
		<SimpleData name="DATUM">WGS 1984</SimpleData>
		<SimpleData name="REGION">16</SimpleData>
		<SimpleData name="PROVINCIA">161</SimpleData>
		<SimpleData name="COMUNA">16102</SimpleData>
		<SimpleData name="FUENTE_BAS">CNE</SimpleData>
		<SimpleData name="FECH_CREA">1622419200000</SimpleData>
		<SimpleData name="FECH_ACT">1688083200000</SimpleData>
	</SchemaData></ExtendedData>
      <Point><coordinates>-72.200271962,-36.8231148199999</coordinates></Point>
  </Placemark>
  <Placemark id="centrales_solares.152">
	<name>GUADALUPE</name>
	<ExtendedData><SchemaData schemaUrl="#centrales_solares">
		<SimpleData name="OBJECTID">152</SimpleData>
		<SimpleData name="ID_GE_SOLA">181</SimpleData>
		<SimpleData name="NOMBRE">GUADALUPE</SimpleData>
		<SimpleData name="PROPIEDAD">GUADALUPE SOLAR SPA</SimpleData>
		<SimpleData name="TIPO">FOTOVOLTAICO</SimpleData>
		<SimpleData name="MEDIO_GENE">PMGD</SimpleData>
		<SimpleData name="COMBUSTIBL">NO APLICA</SimpleData>
		<SimpleData name="POTENCIAMW">5.6</SimpleData>
		<SimpleData name="UNIDADES">0</SimpleData>
		<SimpleData name="RCA">416/2017</SimpleData>
		<SimpleData name="SIST_ELECT">SEN</SimpleData>
		<SimpleData name="ESTADO">OPERATIVA</SimpleData>
		<SimpleData name="F_OPERACIO">1636070400000</SimpleData>
		<SimpleData name="COORD_ESTE">356784</SimpleData>
		<SimpleData name="COORD_NORT">6364211</SimpleData>
		<SimpleData name="HUSO">19 SUR</SimpleData>
		<SimpleData name="DATUM">WGS 1984</SimpleData>
		<SimpleData name="REGION">05</SimpleData>
		<SimpleData name="PROVINCIA">053</SimpleData>
		<SimpleData name="COMUNA">05301</SimpleData>
		<SimpleData name="FUENTE_BAS">CNE</SimpleData>
		<SimpleData name="FECH_CREA">1501459200000</SimpleData>
		<SimpleData name="FECH_ACT">1688083200000</SimpleData>
	</SchemaData></ExtendedData>
      <Point><coordinates>-70.530456347,-32.850840158</coordinates></Point>
  </Placemark>
  <Placemark id="centrales_solares.153">
	<name>PANQUEHUE II</name>
	<ExtendedData><SchemaData schemaUrl="#centrales_solares">
		<SimpleData name="OBJECTID">153</SimpleData>
		<SimpleData name="ID_GE_SOLA">290</SimpleData>
		<SimpleData name="NOMBRE">PANQUEHUE II</SimpleData>
		<SimpleData name="PROPIEDAD">GR LINGUE SPA</SimpleData>
		<SimpleData name="TIPO">FOTOVOLTAICO</SimpleData>
		<SimpleData name="MEDIO_GENE">PMGD</SimpleData>
		<SimpleData name="COMBUSTIBL">NO APLICA</SimpleData>
		<SimpleData name="POTENCIAMW">6</SimpleData>
		<SimpleData name="UNIDADES">0</SimpleData>
		<SimpleData name="RCA">344/2016</SimpleData>
		<SimpleData name="SIST_ELECT">SEN</SimpleData>
		<SimpleData name="ESTADO">OPERATIVA</SimpleData>
		<SimpleData name="F_OPERACIO">1508284800000</SimpleData>
		<SimpleData name="COORD_ESTE">330185</SimpleData>
		<SimpleData name="COORD_NORT">6371915</SimpleData>
		<SimpleData name="HUSO">19 SUR</SimpleData>
		<SimpleData name="DATUM">WGS 1984</SimpleData>
		<SimpleData name="REGION">05</SimpleData>
		<SimpleData name="PROVINCIA">057</SimpleData>
		<SimpleData name="COMUNA">05704</SimpleData>
		<SimpleData name="FUENTE_BAS">CNE</SimpleData>
		<SimpleData name="FECH_CREA">1522454400000</SimpleData>
		<SimpleData name="FECH_ACT">1688083200000</SimpleData>
	</SchemaData></ExtendedData>
      <Point><coordinates>-70.8131773389999,-32.7775813559999</coordinates></Point>
  </Placemark>
  <Placemark id="centrales_solares.154">
	<name>EL SHARON</name>
	<ExtendedData><SchemaData schemaUrl="#centrales_solares">
		<SimpleData name="OBJECTID">154</SimpleData>
		<SimpleData name="ID_GE_SOLA">1158</SimpleData>
		<SimpleData name="NOMBRE">EL SHARON</SimpleData>
		<SimpleData name="PROPIEDAD">EL SHARON SPA</SimpleData>
		<SimpleData name="TIPO">FOTOVOLTAICO</SimpleData>
		<SimpleData name="MEDIO_GENE">PMGD</SimpleData>
		<SimpleData name="COMBUSTIBL">NO APLICA</SimpleData>
		<SimpleData name="POTENCIAMW">3</SimpleData>
		<SimpleData name="UNIDADES">0</SimpleData>
		<SimpleData name="RCA">NO APLICA</SimpleData>
		<SimpleData name="SIST_ELECT">SEN</SimpleData>
		<SimpleData name="ESTADO">OPERATIVA</SimpleData>
		<SimpleData name="F_OPERACIO">1652140800000</SimpleData>
		<SimpleData name="COORD_ESTE">284764</SimpleData>
		<SimpleData name="COORD_NORT">6227609</SimpleData>
		<SimpleData name="HUSO">19 SUR</SimpleData>
		<SimpleData name="DATUM">WGS 1984</SimpleData>
		<SimpleData name="REGION">06</SimpleData>
		<SimpleData name="PROVINCIA">061</SimpleData>
		<SimpleData name="COMUNA">06107</SimpleData>
		<SimpleData name="FUENTE_BAS">CNE</SimpleData>
		<SimpleData name="FECH_CREA">1640908800000</SimpleData>
		<SimpleData name="FECH_ACT">1688083200000</SimpleData>
	</SchemaData></ExtendedData>
      <Point><coordinates>-71.3323877029999,-34.0701667829999</coordinates></Point>
  </Placemark>
  <Placemark id="centrales_solares.155">
	<name>EL QUELTEHUE</name>
	<ExtendedData><SchemaData schemaUrl="#centrales_solares">
		<SimpleData name="OBJECTID">155</SimpleData>
		<SimpleData name="ID_GE_SOLA">146</SimpleData>
		<SimpleData name="NOMBRE">EL QUELTEHUE</SimpleData>
		<SimpleData name="PROPIEDAD">PV EL QUELTEHUE SPA</SimpleData>
		<SimpleData name="TIPO">FOTOVOLTAICO</SimpleData>
		<SimpleData name="MEDIO_GENE">PMGD</SimpleData>
		<SimpleData name="COMBUSTIBL">NO APLICA</SimpleData>
		<SimpleData name="POTENCIAMW">2.9952</SimpleData>
		<SimpleData name="UNIDADES">0</SimpleData>
		<SimpleData name="RCA">NO APLICA</SimpleData>
		<SimpleData name="SIST_ELECT">SEN</SimpleData>
		<SimpleData name="ESTADO">OPERATIVA</SimpleData>
		<SimpleData name="F_OPERACIO">1505260800000</SimpleData>
		<SimpleData name="COORD_ESTE">294418</SimpleData>
		<SimpleData name="COORD_NORT">6284360</SimpleData>
		<SimpleData name="HUSO">19 SUR</SimpleData>
		<SimpleData name="DATUM">WGS 1984</SimpleData>
		<SimpleData name="REGION">13</SimpleData>
		<SimpleData name="PROVINCIA">135</SimpleData>
		<SimpleData name="COMUNA">13501</SimpleData>
		<SimpleData name="FUENTE_BAS">CNE</SimpleData>
		<SimpleData name="FECH_CREA">1514678400000</SimpleData>
		<SimpleData name="FECH_ACT">1688083200000</SimpleData>
	</SchemaData></ExtendedData>
      <Point><coordinates>-71.214616624,-33.560645189</coordinates></Point>
  </Placemark>
  <Placemark id="centrales_solares.156">
	<name>LA ACACIA</name>
	<ExtendedData><SchemaData schemaUrl="#centrales_solares">
		<SimpleData name="OBJECTID">156</SimpleData>
		<SimpleData name="ID_GE_SOLA">194</SimpleData>
		<SimpleData name="NOMBRE">LA ACACIA</SimpleData>
		<SimpleData name="PROPIEDAD">LA ACACIA SPA</SimpleData>
		<SimpleData name="TIPO">FOTOVOLTAICO</SimpleData>
		<SimpleData name="MEDIO_GENE">PMGD</SimpleData>
		<SimpleData name="COMBUSTIBL">NO APLICA</SimpleData>
		<SimpleData name="POTENCIAMW">8.4397</SimpleData>
		<SimpleData name="UNIDADES">0</SimpleData>
		<SimpleData name="RCA">026/2017</SimpleData>
		<SimpleData name="SIST_ELECT">SEN</SimpleData>
		<SimpleData name="ESTADO">OPERATIVA</SimpleData>
		<SimpleData name="F_OPERACIO">1532736000000</SimpleData>
		<SimpleData name="COORD_ESTE">308668</SimpleData>
		<SimpleData name="COORD_NORT">6182041</SimpleData>
		<SimpleData name="HUSO">19 SUR</SimpleData>
		<SimpleData name="DATUM">WGS 1984</SimpleData>
		<SimpleData name="REGION">06</SimpleData>
		<SimpleData name="PROVINCIA">061</SimpleData>
		<SimpleData name="COMUNA">06117</SimpleData>
		<SimpleData name="FUENTE_BAS">CNE</SimpleData>
		<SimpleData name="FECH_CREA">1469577600000</SimpleData>
		<SimpleData name="FECH_ACT">1688083200000</SimpleData>
	</SchemaData></ExtendedData>
      <Point><coordinates>-71.083625835,-34.485493623</coordinates></Point>
  </Placemark>
  <Placemark id="centrales_solares.157">
	<name>CRUZ SOLAR</name>
	<ExtendedData><SchemaData schemaUrl="#centrales_solares">
		<SimpleData name="OBJECTID">157</SimpleData>
		<SimpleData name="ID_GE_SOLA">91</SimpleData>
		<SimpleData name="NOMBRE">CRUZ SOLAR</SimpleData>
		<SimpleData name="PROPIEDAD">PMGD CRUZ SPA</SimpleData>
		<SimpleData name="TIPO">FOTOVOLTAICO</SimpleData>
		<SimpleData name="MEDIO_GENE">PMGD</SimpleData>
		<SimpleData name="COMBUSTIBL">NO APLICA</SimpleData>
		<SimpleData name="POTENCIAMW">3</SimpleData>
		<SimpleData name="UNIDADES">0</SimpleData>
		<SimpleData name="RCA">NO APLICA</SimpleData>
		<SimpleData name="SIST_ELECT">SEN</SimpleData>
		<SimpleData name="ESTADO">OPERATIVA</SimpleData>
		<SimpleData name="F_OPERACIO">1563494400000</SimpleData>
		<SimpleData name="COORD_ESTE">325270</SimpleData>
		<SimpleData name="COORD_NORT">6370010</SimpleData>
		<SimpleData name="HUSO">19 SUR</SimpleData>
		<SimpleData name="DATUM">WGS 1984</SimpleData>
		<SimpleData name="REGION">05</SimpleData>
		<SimpleData name="PROVINCIA">057</SimpleData>
		<SimpleData name="COMUNA">05704</SimpleData>
		<SimpleData name="FUENTE_BAS">CNE</SimpleData>
		<SimpleData name="FECH_CREA">1546214400000</SimpleData>
		<SimpleData name="FECH_ACT">1688083200000</SimpleData>
	</SchemaData></ExtendedData>
      <Point><coordinates>-70.8659915649999,-32.793986181</coordinates></Point>
  </Placemark>
  <Placemark id="centrales_solares.158">
	<name>LEMU</name>
	<ExtendedData><SchemaData schemaUrl="#centrales_solares">
		<SimpleData name="OBJECTID">158</SimpleData>
		<SimpleData name="ID_GE_SOLA">226</SimpleData>
		<SimpleData name="NOMBRE">LEMU</SimpleData>
		<SimpleData name="PROPIEDAD">GR ALERCE SPA</SimpleData>
		<SimpleData name="TIPO">FOTOVOLTAICO</SimpleData>
		<SimpleData name="MEDIO_GENE">PMGD</SimpleData>
		<SimpleData name="COMBUSTIBL">NO APLICA</SimpleData>
		<SimpleData name="POTENCIAMW">4.97</SimpleData>
		<SimpleData name="UNIDADES">0</SimpleData>
		<SimpleData name="RCA">180/2018</SimpleData>
		<SimpleData name="SIST_ELECT">SEN</SimpleData>
		<SimpleData name="ESTADO">OPERATIVA</SimpleData>
		<SimpleData name="F_OPERACIO">1588291200000</SimpleData>
		<SimpleData name="COORD_ESTE">246993</SimpleData>
		<SimpleData name="COORD_NORT">6055183</SimpleData>
		<SimpleData name="HUSO">19 SUR</SimpleData>
		<SimpleData name="DATUM">WGS 1984</SimpleData>
		<SimpleData name="REGION">07</SimpleData>
		<SimpleData name="PROVINCIA">074</SimpleData>
		<SimpleData name="COMUNA">07406</SimpleData>
		<SimpleData name="FUENTE_BAS">CNE</SimpleData>
		<SimpleData name="FECH_CREA">1522454400000</SimpleData>
		<SimpleData name="FECH_ACT">1688083200000</SimpleData>
	</SchemaData></ExtendedData>
      <Point><coordinates>-71.793326012,-35.61478506</coordinates></Point>
  </Placemark>
  <Placemark id="centrales_solares.159">
	<name>DON ANDRONICO</name>
	<ExtendedData><SchemaData schemaUrl="#centrales_solares">
		<SimpleData name="OBJECTID">159</SimpleData>
		<SimpleData name="ID_GE_SOLA">839</SimpleData>
		<SimpleData name="NOMBRE">DON ANDRONICO</SimpleData>
		<SimpleData name="PROPIEDAD">PARQUE SOLAR CANCHA SPA</SimpleData>
		<SimpleData name="TIPO">FOTOVOLTAICO</SimpleData>
		<SimpleData name="MEDIO_GENE">PMGD</SimpleData>
		<SimpleData name="COMBUSTIBL">NO APLICA</SimpleData>
		<SimpleData name="POTENCIAMW">2.703</SimpleData>
		<SimpleData name="UNIDADES">0</SimpleData>
		<SimpleData name="RCA">NO APLICA</SimpleData>
		<SimpleData name="SIST_ELECT">SEN</SimpleData>
		<SimpleData name="ESTADO">OPERATIVA</SimpleData>
		<SimpleData name="F_OPERACIO">1614124800000</SimpleData>
		<SimpleData name="COORD_ESTE">285516</SimpleData>
		<SimpleData name="COORD_NORT">6236685</SimpleData>
		<SimpleData name="HUSO">19 SUR</SimpleData>
		<SimpleData name="DATUM">WGS 1984</SimpleData>
		<SimpleData name="REGION">13</SimpleData>
		<SimpleData name="PROVINCIA">135</SimpleData>
		<SimpleData name="COMUNA">13505</SimpleData>
		<SimpleData name="FUENTE_BAS">CNE</SimpleData>
		<SimpleData name="FECH_CREA">1593475200000</SimpleData>
		<SimpleData name="FECH_ACT">1688083200000</SimpleData>
	</SchemaData></ExtendedData>
      <Point><coordinates>-71.322014418,-33.988533299</coordinates></Point>
  </Placemark>
  <Placemark id="centrales_solares.160">
	<name>KONDA</name>
	<ExtendedData><SchemaData schemaUrl="#centrales_solares">
		<SimpleData name="OBJECTID">160</SimpleData>
		<SimpleData name="ID_GE_SOLA">499</SimpleData>
		<SimpleData name="NOMBRE">KONDA</SimpleData>
		<SimpleData name="PROPIEDAD">MONCURI ENERGY SPA</SimpleData>
		<SimpleData name="TIPO">FOTOVOLTAICO</SimpleData>
		<SimpleData name="MEDIO_GENE">PMGD</SimpleData>
		<SimpleData name="COMBUSTIBL">NO APLICA</SimpleData>
		<SimpleData name="POTENCIAMW">2.995</SimpleData>
		<SimpleData name="UNIDADES">0</SimpleData>
		<SimpleData name="RCA">NO APLICA</SimpleData>
		<SimpleData name="SIST_ELECT">SEN</SimpleData>
		<SimpleData name="ESTADO">OPERATIVA</SimpleData>
		<SimpleData name="F_OPERACIO">1578096000000</SimpleData>
		<SimpleData name="COORD_ESTE">339420</SimpleData>
		<SimpleData name="COORD_NORT">6371470</SimpleData>
		<SimpleData name="HUSO">19 SUR</SimpleData>
		<SimpleData name="DATUM">WGS 1984</SimpleData>
		<SimpleData name="REGION">05</SimpleData>
		<SimpleData name="PROVINCIA">057</SimpleData>
		<SimpleData name="COMUNA">05701</SimpleData>
		<SimpleData name="FUENTE_BAS">CNE</SimpleData>
		<SimpleData name="FECH_CREA">1561852800000</SimpleData>
		<SimpleData name="FECH_ACT">1688083200000</SimpleData>
	</SchemaData></ExtendedData>
      <Point><coordinates>-70.714688084,-32.7829820159999</coordinates></Point>
  </Placemark>
  <Placemark id="centrales_solares.161">
	<name>LOMA LOS COLORADOS</name>
	<ExtendedData><SchemaData schemaUrl="#centrales_solares">
		<SimpleData name="OBJECTID">161</SimpleData>
		<SimpleData name="ID_GE_SOLA">410</SimpleData>
		<SimpleData name="NOMBRE">LOMA LOS COLORADOS</SimpleData>
		<SimpleData name="PROPIEDAD">KDM ENERGIA S.A.</SimpleData>
		<SimpleData name="TIPO">FOTOVOLTAICO</SimpleData>
		<SimpleData name="MEDIO_GENE">PMG</SimpleData>
		<SimpleData name="COMBUSTIBL">NO APLICA</SimpleData>
		<SimpleData name="POTENCIAMW">0.764</SimpleData>
		<SimpleData name="UNIDADES">0</SimpleData>
		<SimpleData name="RCA">NO APLICA</SimpleData>
		<SimpleData name="SIST_ELECT">SEN</SimpleData>
		<SimpleData name="ESTADO">OPERATIVA</SimpleData>
		<SimpleData name="F_OPERACIO">1264550400000</SimpleData>
		<SimpleData name="COORD_ESTE">331787</SimpleData>
		<SimpleData name="COORD_NORT">6352618</SimpleData>
		<SimpleData name="HUSO">19 SUR</SimpleData>
		<SimpleData name="DATUM">WGS 1984</SimpleData>
		<SimpleData name="REGION">13</SimpleData>
		<SimpleData name="PROVINCIA">133</SimpleData>
		<SimpleData name="COMUNA">13303</SimpleData>
		<SimpleData name="FUENTE_BAS">CNE</SimpleData>
		<SimpleData name="FECH_CREA">1438560000000</SimpleData>
		<SimpleData name="FECH_ACT">1688083200000</SimpleData>
	</SchemaData></ExtendedData>
      <Point><coordinates>-70.799590993,-32.9518117699999</coordinates></Point>
  </Placemark>
  <Placemark id="centrales_solares.162">
	<name>AVEL SOLAR (MODIFICACION)</name>
	<ExtendedData><SchemaData schemaUrl="#centrales_solares">
		<SimpleData name="OBJECTID">162</SimpleData>
		<SimpleData name="ID_GE_SOLA">917</SimpleData>
		<SimpleData name="NOMBRE">AVEL SOLAR (MODIFICACION)</SimpleData>
		<SimpleData name="PROPIEDAD">SANTA LAURA ENERGY SPA</SimpleData>
		<SimpleData name="TIPO">FOTOVOLTAICO</SimpleData>
		<SimpleData name="MEDIO_GENE">PMGD</SimpleData>
		<SimpleData name="COMBUSTIBL">NO APLICA</SimpleData>
		<SimpleData name="POTENCIAMW">9</SimpleData>
		<SimpleData name="UNIDADES">0</SimpleData>
		<SimpleData name="RCA">121/2021</SimpleData>
		<SimpleData name="SIST_ELECT">SEN</SimpleData>
		<SimpleData name="ESTADO">OPERATIVA</SimpleData>
		<SimpleData name="F_OPERACIO">1656892800000</SimpleData>
		<SimpleData name="COORD_ESTE">204747</SimpleData>
		<SimpleData name="COORD_NORT">5855334</SimpleData>
		<SimpleData name="HUSO">19 SUR</SimpleData>
		<SimpleData name="DATUM">WGS 1984</SimpleData>
		<SimpleData name="REGION">08</SimpleData>
		<SimpleData name="PROVINCIA">083</SimpleData>
		<SimpleData name="COMUNA">08301</SimpleData>
		<SimpleData name="FUENTE_BAS">CNE</SimpleData>
		<SimpleData name="FECH_CREA">1609372800000</SimpleData>
		<SimpleData name="FECH_ACT">1688083200000</SimpleData>
	</SchemaData></ExtendedData>
      <Point><coordinates>-72.3354773889999,-37.40176142</coordinates></Point>
  </Placemark>
  <Placemark id="centrales_solares.163">
	<name>LAS MAJADAS</name>
	<ExtendedData><SchemaData schemaUrl="#centrales_solares">
		<SimpleData name="OBJECTID">163</SimpleData>
		<SimpleData name="ID_GE_SOLA">110</SimpleData>
		<SimpleData name="NOMBRE">LAS MAJADAS</SimpleData>
		<SimpleData name="PROPIEDAD">DON PEDRO SPA</SimpleData>
		<SimpleData name="TIPO">FOTOVOLTAICO</SimpleData>
		<SimpleData name="MEDIO_GENE">PMGD</SimpleData>
		<SimpleData name="COMBUSTIBL">NO APLICA</SimpleData>
		<SimpleData name="POTENCIAMW">9</SimpleData>
		<SimpleData name="UNIDADES">0</SimpleData>
		<SimpleData name="RCA">055/2019</SimpleData>
		<SimpleData name="SIST_ELECT">SEN</SimpleData>
		<SimpleData name="ESTADO">OPERATIVA</SimpleData>
		<SimpleData name="F_OPERACIO">1622160000000</SimpleData>
		<SimpleData name="COORD_ESTE">314413</SimpleData>
		<SimpleData name="COORD_NORT">6605395</SimpleData>
		<SimpleData name="HUSO">19 SUR</SimpleData>
		<SimpleData name="DATUM">WGS 1984</SimpleData>
		<SimpleData name="REGION">04</SimpleData>
		<SimpleData name="PROVINCIA">043</SimpleData>
		<SimpleData name="COMUNA">04303</SimpleData>
		<SimpleData name="FUENTE_BAS">CNE</SimpleData>
		<SimpleData name="FECH_CREA">1546214400000</SimpleData>
		<SimpleData name="FECH_ACT">1688083200000</SimpleData>
	</SchemaData></ExtendedData>
      <Point><coordinates>-70.9371876879999,-30.669762657</coordinates></Point>
  </Placemark>
  <Placemark id="centrales_solares.164">
	<name>ANAKENA</name>
	<ExtendedData><SchemaData schemaUrl="#centrales_solares">
		<SimpleData name="OBJECTID">164</SimpleData>
		<SimpleData name="ID_GE_SOLA">16</SimpleData>
		<SimpleData name="NOMBRE">ANAKENA</SimpleData>
		<SimpleData name="PROPIEDAD">ANAKENA SPA</SimpleData>
		<SimpleData name="TIPO">FOTOVOLTAICO</SimpleData>
		<SimpleData name="MEDIO_GENE">PMGD</SimpleData>
		<SimpleData name="COMBUSTIBL">NO APLICA</SimpleData>
		<SimpleData name="POTENCIAMW">9</SimpleData>
		<SimpleData name="UNIDADES">0</SimpleData>
		<SimpleData name="RCA">069/2018</SimpleData>
		<SimpleData name="SIST_ELECT">SEN</SimpleData>
		<SimpleData name="ESTADO">OPERATIVA</SimpleData>
		<SimpleData name="F_OPERACIO">1652140800000</SimpleData>
		<SimpleData name="COORD_ESTE">294172</SimpleData>
		<SimpleData name="COORD_NORT">6610211</SimpleData>
		<SimpleData name="HUSO">19 SUR</SimpleData>
		<SimpleData name="DATUM">WGS 1984</SimpleData>
		<SimpleData name="REGION">04</SimpleData>
		<SimpleData name="PROVINCIA">043</SimpleData>
		<SimpleData name="COMUNA">04301</SimpleData>
		<SimpleData name="FUENTE_BAS">CNE</SimpleData>
		<SimpleData name="FECH_CREA">1514678400000</SimpleData>
		<SimpleData name="FECH_ACT">1688083200000</SimpleData>
	</SchemaData></ExtendedData>
      <Point><coordinates>-71.1473874179999,-30.623014234</coordinates></Point>
  </Placemark>
  <Placemark id="centrales_solares.165">
	<name>VILLA MOSCOSO</name>
	<ExtendedData><SchemaData schemaUrl="#centrales_solares">
		<SimpleData name="OBJECTID">165</SimpleData>
		<SimpleData name="ID_GE_SOLA">1218</SimpleData>
		<SimpleData name="NOMBRE">VILLA MOSCOSO</SimpleData>
		<SimpleData name="PROPIEDAD">CFT VILLA ALEMANA SPA</SimpleData>
		<SimpleData name="TIPO">FOTOVOLTAICO</SimpleData>
		<SimpleData name="MEDIO_GENE">PMGD</SimpleData>
		<SimpleData name="COMBUSTIBL">NO APLICA</SimpleData>
		<SimpleData name="POTENCIAMW">3</SimpleData>
		<SimpleData name="UNIDADES">0</SimpleData>
		<SimpleData name="RCA">NO APLICA</SimpleData>
		<SimpleData name="SIST_ELECT">SEN</SimpleData>
		<SimpleData name="ESTADO">OPERATIVA</SimpleData>
		<SimpleData name="F_OPERACIO">1668470400000</SimpleData>
		<SimpleData name="COORD_ESTE">279258</SimpleData>
		<SimpleData name="COORD_NORT">6336067</SimpleData>
		<SimpleData name="HUSO">19 SUR</SimpleData>
		<SimpleData name="DATUM">WGS 1984</SimpleData>
		<SimpleData name="REGION">05</SimpleData>
		<SimpleData name="PROVINCIA">058</SimpleData>
		<SimpleData name="COMUNA">05804</SimpleData>
		<SimpleData name="FUENTE_BAS">CNE</SimpleData>
		<SimpleData name="FECH_CREA">1656547200000</SimpleData>
		<SimpleData name="FECH_ACT">1688083200000</SimpleData>
	</SchemaData></ExtendedData>
      <Point><coordinates>-71.3651786889999,-33.0916251149999</coordinates></Point>
  </Placemark>
  <Placemark id="centrales_solares.166">
	<name>ANTAY</name>
	<ExtendedData><SchemaData schemaUrl="#centrales_solares">
		<SimpleData name="OBJECTID">166</SimpleData>
		<SimpleData name="ID_GE_SOLA">394</SimpleData>
		<SimpleData name="NOMBRE">ANTAY</SimpleData>
		<SimpleData name="PROPIEDAD">GENPAC</SimpleData>
		<SimpleData name="TIPO">FOTOVOLTAICO</SimpleData>
		<SimpleData name="MEDIO_GENE">PMG</SimpleData>
		<SimpleData name="COMBUSTIBL">NO APLICA</SimpleData>
		<SimpleData name="POTENCIAMW">9</SimpleData>
		<SimpleData name="UNIDADES">0</SimpleData>
		<SimpleData name="RCA">106/2013</SimpleData>
		<SimpleData name="SIST_ELECT">SEN</SimpleData>
		<SimpleData name="ESTADO">OPERATIVA</SimpleData>
		<SimpleData name="F_OPERACIO">1509667200000</SimpleData>
		<SimpleData name="COORD_ESTE">363631</SimpleData>
		<SimpleData name="COORD_NORT">6958058</SimpleData>
		<SimpleData name="HUSO">19 SUR</SimpleData>
		<SimpleData name="DATUM">WGS 1984</SimpleData>
		<SimpleData name="REGION">03</SimpleData>
		<SimpleData name="PROVINCIA">031</SimpleData>
		<SimpleData name="COMUNA">03101</SimpleData>
		<SimpleData name="FUENTE_BAS">CNE</SimpleData>
		<SimpleData name="FECH_CREA">1530316800000</SimpleData>
		<SimpleData name="FECH_ACT">1688083200000</SimpleData>
	</SchemaData></ExtendedData>
      <Point><coordinates>-70.380487219,-27.494282186</coordinates></Point>
  </Placemark>
  <Placemark id="centrales_solares.167">
	<name>ALCALDESA</name>
	<ExtendedData><SchemaData schemaUrl="#centrales_solares">
		<SimpleData name="OBJECTID">167</SimpleData>
		<SimpleData name="ID_GE_SOLA">580</SimpleData>
		<SimpleData name="NOMBRE">ALCALDESA</SimpleData>
		<SimpleData name="PROPIEDAD">PARQUE SOLAR ALCALDESA SPA</SimpleData>
		<SimpleData name="TIPO">FOTOVOLTAICO</SimpleData>
		<SimpleData name="MEDIO_GENE">PMGD</SimpleData>
		<SimpleData name="COMBUSTIBL">NO APLICA</SimpleData>
		<SimpleData name="POTENCIAMW">6</SimpleData>
		<SimpleData name="UNIDADES">0</SimpleData>
		<SimpleData name="RCA">064/2020</SimpleData>
		<SimpleData name="SIST_ELECT">SEN</SimpleData>
		<SimpleData name="ESTADO">OPERATIVA</SimpleData>
		<SimpleData name="F_OPERACIO">1673136000000</SimpleData>
		<SimpleData name="COORD_ESTE">180840</SimpleData>
		<SimpleData name="COORD_NORT">5983170</SimpleData>
		<SimpleData name="HUSO">19 SUR</SimpleData>
		<SimpleData name="DATUM">WGS 1984</SimpleData>
		<SimpleData name="REGION">16</SimpleData>
		<SimpleData name="PROVINCIA">162</SimpleData>
		<SimpleData name="COMUNA">16201</SimpleData>
		<SimpleData name="FUENTE_BAS">CNE</SimpleData>
		<SimpleData name="FECH_CREA">1577750400000</SimpleData>
		<SimpleData name="FECH_ACT">1688083200000</SimpleData>
	</SchemaData></ExtendedData>
      <Point><coordinates>-72.551471211,-36.243687985</coordinates></Point>
  </Placemark>
  <Placemark id="centrales_solares.168">
	<name>LAS CATITAS</name>
	<ExtendedData><SchemaData schemaUrl="#centrales_solares">
		<SimpleData name="OBJECTID">168</SimpleData>
		<SimpleData name="ID_GE_SOLA">569</SimpleData>
		<SimpleData name="NOMBRE">LAS CATITAS</SimpleData>
		<SimpleData name="PROPIEDAD">PFV LAS CATITAS SPA</SimpleData>
		<SimpleData name="TIPO">FOTOVOLTAICO</SimpleData>
		<SimpleData name="MEDIO_GENE">PMGD</SimpleData>
		<SimpleData name="COMBUSTIBL">NO APLICA</SimpleData>
		<SimpleData name="POTENCIAMW">9</SimpleData>
		<SimpleData name="UNIDADES">0</SimpleData>
		<SimpleData name="RCA">127/2020</SimpleData>
		<SimpleData name="SIST_ELECT">SEN</SimpleData>
		<SimpleData name="ESTADO">OPERATIVA</SimpleData>
		<SimpleData name="F_OPERACIO">1654646400000</SimpleData>
		<SimpleData name="COORD_ESTE">262248</SimpleData>
		<SimpleData name="COORD_NORT">6034762</SimpleData>
		<SimpleData name="HUSO">19 SUR</SimpleData>
		<SimpleData name="DATUM">WGS 1984</SimpleData>
		<SimpleData name="REGION">07</SimpleData>
		<SimpleData name="PROVINCIA">074</SimpleData>
		<SimpleData name="COMUNA">07401</SimpleData>
		<SimpleData name="FUENTE_BAS">CNE</SimpleData>
		<SimpleData name="FECH_CREA">1577750400000</SimpleData>
		<SimpleData name="FECH_ACT">1688083200000</SimpleData>
	</SchemaData></ExtendedData>
      <Point><coordinates>-71.631108403,-35.8025004899999</coordinates></Point>
  </Placemark>
  <Placemark id="centrales_solares.169">
	<name>PUANGUE</name>
	<ExtendedData><SchemaData schemaUrl="#centrales_solares">
		<SimpleData name="OBJECTID">169</SimpleData>
		<SimpleData name="ID_GE_SOLA">769</SimpleData>
		<SimpleData name="NOMBRE">PUANGUE</SimpleData>
		<SimpleData name="PROPIEDAD">PSF PUANGUE SPA</SimpleData>
		<SimpleData name="TIPO">FOTOVOLTAICO</SimpleData>
		<SimpleData name="MEDIO_GENE">PMGD</SimpleData>
		<SimpleData name="COMBUSTIBL">NO APLICA</SimpleData>
		<SimpleData name="POTENCIAMW">4</SimpleData>
		<SimpleData name="UNIDADES">0</SimpleData>
		<SimpleData name="RCA">358/2021</SimpleData>
		<SimpleData name="SIST_ELECT">SEN</SimpleData>
		<SimpleData name="ESTADO">OPERATIVA</SimpleData>
		<SimpleData name="F_OPERACIO">1663113600000</SimpleData>
		<SimpleData name="COORD_ESTE">284183</SimpleData>
		<SimpleData name="COORD_NORT">6273643</SimpleData>
		<SimpleData name="HUSO">19 SUR</SimpleData>
		<SimpleData name="DATUM">WGS 1984</SimpleData>
		<SimpleData name="REGION">13</SimpleData>
		<SimpleData name="PROVINCIA">135</SimpleData>
		<SimpleData name="COMUNA">13501</SimpleData>
		<SimpleData name="FUENTE_BAS">CNE</SimpleData>
		<SimpleData name="FECH_CREA">1593475200000</SimpleData>
		<SimpleData name="FECH_ACT">1688083200000</SimpleData>
	</SchemaData></ExtendedData>
      <Point><coordinates>-71.3273902,-33.65520616</coordinates></Point>
  </Placemark>
  <Placemark id="centrales_solares.170">
	<name>LOS LIBERTADORES</name>
	<ExtendedData><SchemaData schemaUrl="#centrales_solares">
		<SimpleData name="OBJECTID">170</SimpleData>
		<SimpleData name="ID_GE_SOLA">319</SimpleData>
		<SimpleData name="NOMBRE">LOS LIBERTADORES</SimpleData>
		<SimpleData name="PROPIEDAD">PV LIBERTADORES SPA</SimpleData>
		<SimpleData name="TIPO">FOTOVOLTAICO</SimpleData>
		<SimpleData name="MEDIO_GENE">PMGD</SimpleData>
		<SimpleData name="COMBUSTIBL">NO APLICA</SimpleData>
		<SimpleData name="POTENCIAMW">7.98</SimpleData>
		<SimpleData name="UNIDADES">0</SimpleData>
		<SimpleData name="RCA">007/2017</SimpleData>
		<SimpleData name="SIST_ELECT">SEN</SimpleData>
		<SimpleData name="ESTADO">OPERATIVA</SimpleData>
		<SimpleData name="F_OPERACIO">1533686400000</SimpleData>
		<SimpleData name="COORD_ESTE">335533</SimpleData>
		<SimpleData name="COORD_NORT">6226361</SimpleData>
		<SimpleData name="HUSO">19 SUR</SimpleData>
		<SimpleData name="DATUM">WGS 1984</SimpleData>
		<SimpleData name="REGION">06</SimpleData>
		<SimpleData name="PROVINCIA">061</SimpleData>
		<SimpleData name="COMUNA">06106</SimpleData>
		<SimpleData name="FUENTE_BAS">CNE</SimpleData>
		<SimpleData name="FECH_CREA">1483142400000</SimpleData>
		<SimpleData name="FECH_ACT">1688083200000</SimpleData>
	</SchemaData></ExtendedData>
      <Point><coordinates>-70.7827391599999,-34.0906268809999</coordinates></Point>
  </Placemark>
  <Placemark id="centrales_solares.171">
	<name>CABILDO SUNLIGHT</name>
	<ExtendedData><SchemaData schemaUrl="#centrales_solares">
		<SimpleData name="OBJECTID">171</SimpleData>
		<SimpleData name="ID_GE_SOLA">890</SimpleData>
		<SimpleData name="NOMBRE">CABILDO SUNLIGHT</SimpleData>
		<SimpleData name="PROPIEDAD">CABILDO SUNLIGHT SPA</SimpleData>
		<SimpleData name="TIPO">FOTOVOLTAICO</SimpleData>
		<SimpleData name="MEDIO_GENE">PMGD</SimpleData>
		<SimpleData name="COMBUSTIBL">NO APLICA</SimpleData>
		<SimpleData name="POTENCIAMW">9</SimpleData>
		<SimpleData name="UNIDADES">0</SimpleData>
		<SimpleData name="RCA">022/2021</SimpleData>
		<SimpleData name="SIST_ELECT">SEN</SimpleData>
		<SimpleData name="ESTADO">OPERATIVA</SimpleData>
		<SimpleData name="F_OPERACIO">1653004800000</SimpleData>
		<SimpleData name="COORD_ESTE">302553</SimpleData>
		<SimpleData name="COORD_NORT">6407546</SimpleData>
		<SimpleData name="HUSO">19 SUR</SimpleData>
		<SimpleData name="DATUM">WGS 1984</SimpleData>
		<SimpleData name="REGION">05</SimpleData>
		<SimpleData name="PROVINCIA">054</SimpleData>
		<SimpleData name="COMUNA">05402</SimpleData>
		<SimpleData name="FUENTE_BAS">CNE</SimpleData>
		<SimpleData name="FECH_CREA">1609372800000</SimpleData>
		<SimpleData name="FECH_ACT">1688083200000</SimpleData>
	</SchemaData></ExtendedData>
      <Point><coordinates>-71.1005382989999,-32.4517573109999</coordinates></Point>
  </Placemark>
  <Placemark id="centrales_solares.172">
	<name>EL CERNICALO</name>
	<ExtendedData><SchemaData schemaUrl="#centrales_solares">
		<SimpleData name="OBJECTID">172</SimpleData>
		<SimpleData name="ID_GE_SOLA">124</SimpleData>
		<SimpleData name="NOMBRE">EL CERNICALO</SimpleData>
		<SimpleData name="PROPIEDAD">PV EL CERNICALO SPA</SimpleData>
		<SimpleData name="TIPO">FOTOVOLTAICO</SimpleData>
		<SimpleData name="MEDIO_GENE">PMGD</SimpleData>
		<SimpleData name="COMBUSTIBL">NO APLICA</SimpleData>
		<SimpleData name="POTENCIAMW">1.5</SimpleData>
		<SimpleData name="UNIDADES">0</SimpleData>
		<SimpleData name="RCA">NO APLICA</SimpleData>
		<SimpleData name="SIST_ELECT">SEN</SimpleData>
		<SimpleData name="ESTADO">OPERATIVA</SimpleData>
		<SimpleData name="F_OPERACIO">1513814400000</SimpleData>
		<SimpleData name="COORD_ESTE">197608</SimpleData>
		<SimpleData name="COORD_NORT">5963243</SimpleData>
		<SimpleData name="HUSO">19 SUR</SimpleData>
		<SimpleData name="DATUM">WGS 1984</SimpleData>
		<SimpleData name="REGION">16</SimpleData>
		<SimpleData name="PROVINCIA">162</SimpleData>
		<SimpleData name="COMUNA">16204</SimpleData>
		<SimpleData name="FUENTE_BAS">CNE</SimpleData>
		<SimpleData name="FECH_CREA">1522454400000</SimpleData>
		<SimpleData name="FECH_ACT">1688083200000</SimpleData>
	</SchemaData></ExtendedData>
      <Point><coordinates>-72.372915042,-36.4284189599999</coordinates></Point>
  </Placemark>
  <Placemark id="centrales_solares.173">
	<name>ALICAHUE</name>
	<ExtendedData><SchemaData schemaUrl="#centrales_solares">
		<SimpleData name="OBJECTID">173</SimpleData>
		<SimpleData name="ID_GE_SOLA">7</SimpleData>
		<SimpleData name="NOMBRE">ALICAHUE</SimpleData>
		<SimpleData name="PROPIEDAD">PARQUE FOTOVOLTAICO ALICAHUE SOLAR SPA</SimpleData>
		<SimpleData name="TIPO">FOTOVOLTAICO</SimpleData>
		<SimpleData name="MEDIO_GENE">PMGD</SimpleData>
		<SimpleData name="COMBUSTIBL">NO APLICA</SimpleData>
		<SimpleData name="POTENCIAMW">2.998</SimpleData>
		<SimpleData name="UNIDADES">0</SimpleData>
		<SimpleData name="RCA">NO APLICA</SimpleData>
		<SimpleData name="SIST_ELECT">SEN</SimpleData>
		<SimpleData name="ESTADO">OPERATIVA</SimpleData>
		<SimpleData name="F_OPERACIO">1547856000000</SimpleData>
		<SimpleData name="COORD_ESTE">321436</SimpleData>
		<SimpleData name="COORD_NORT">6411744</SimpleData>
		<SimpleData name="HUSO">19 SUR</SimpleData>
		<SimpleData name="DATUM">WGS 1984</SimpleData>
		<SimpleData name="REGION">05</SimpleData>
		<SimpleData name="PROVINCIA">054</SimpleData>
		<SimpleData name="COMUNA">05402</SimpleData>
		<SimpleData name="FUENTE_BAS">CNE</SimpleData>
		<SimpleData name="FECH_CREA">1530316800000</SimpleData>
		<SimpleData name="FECH_ACT">1688083200000</SimpleData>
	</SchemaData></ExtendedData>
      <Point><coordinates>-70.8989578819999,-32.4170976409999</coordinates></Point>
  </Placemark>
  <Placemark id="centrales_solares.174">
	<name>MERCURIO SUR</name>
	<ExtendedData><SchemaData schemaUrl="#centrales_solares">
		<SimpleData name="OBJECTID">174</SimpleData>
		<SimpleData name="ID_GE_SOLA">846</SimpleData>
		<SimpleData name="NOMBRE">MERCURIO SUR</SimpleData>
		<SimpleData name="PROPIEDAD">LOS LIBERTADORES SOLAR SPA</SimpleData>
		<SimpleData name="TIPO">FOTOVOLTAICO</SimpleData>
		<SimpleData name="MEDIO_GENE">PMGD</SimpleData>
		<SimpleData name="COMBUSTIBL">NO APLICA</SimpleData>
		<SimpleData name="POTENCIAMW">3</SimpleData>
		<SimpleData name="UNIDADES">0</SimpleData>
		<SimpleData name="RCA">039/2019</SimpleData>
		<SimpleData name="SIST_ELECT">SEN</SimpleData>
		<SimpleData name="ESTADO">OPERATIVA</SimpleData>
		<SimpleData name="F_OPERACIO">1617926400000</SimpleData>
		<SimpleData name="COORD_ESTE">282663</SimpleData>
		<SimpleData name="COORD_NORT">6041167</SimpleData>
		<SimpleData name="HUSO">19 SUR</SimpleData>
		<SimpleData name="DATUM">WGS 1984</SimpleData>
		<SimpleData name="REGION">07</SimpleData>
		<SimpleData name="PROVINCIA">074</SimpleData>
		<SimpleData name="COMUNA">07402</SimpleData>
		<SimpleData name="FUENTE_BAS">CNE</SimpleData>
		<SimpleData name="FECH_CREA">1609372800000</SimpleData>
		<SimpleData name="FECH_ACT">1688083200000</SimpleData>
	</SchemaData></ExtendedData>
      <Point><coordinates>-71.403632203,-35.749533593</coordinates></Point>
  </Placemark>
  <Placemark id="centrales_solares.175">
	<name>CASABERMEJA</name>
	<ExtendedData><SchemaData schemaUrl="#centrales_solares">
		<SimpleData name="OBJECTID">175</SimpleData>
		<SimpleData name="ID_GE_SOLA">61</SimpleData>
		<SimpleData name="NOMBRE">CASABERMEJA</SimpleData>
		<SimpleData name="PROPIEDAD">CASA BERMEJA SPA</SimpleData>
		<SimpleData name="TIPO">FOTOVOLTAICO</SimpleData>
		<SimpleData name="MEDIO_GENE">PMGD</SimpleData>
		<SimpleData name="COMBUSTIBL">NO APLICA</SimpleData>
		<SimpleData name="POTENCIAMW">6.87</SimpleData>
		<SimpleData name="UNIDADES">0</SimpleData>
		<SimpleData name="RCA">089/2019</SimpleData>
		<SimpleData name="SIST_ELECT">SEN</SimpleData>
		<SimpleData name="ESTADO">OPERATIVA</SimpleData>
		<SimpleData name="F_OPERACIO">1611792000000</SimpleData>
		<SimpleData name="COORD_ESTE">317220</SimpleData>
		<SimpleData name="COORD_NORT">6289804</SimpleData>
		<SimpleData name="HUSO">19 SUR</SimpleData>
		<SimpleData name="DATUM">WGS 1984</SimpleData>
		<SimpleData name="REGION">13</SimpleData>
		<SimpleData name="PROVINCIA">135</SimpleData>
		<SimpleData name="COMUNA">13503</SimpleData>
		<SimpleData name="FUENTE_BAS">CNE</SimpleData>
		<SimpleData name="FECH_CREA">1530316800000</SimpleData>
		<SimpleData name="FECH_ACT">1688083200000</SimpleData>
	</SchemaData></ExtendedData>
      <Point><coordinates>-70.968005347,-33.5157219189999</coordinates></Point>
  </Placemark>
  <Placemark id="centrales_solares.176">
	<name>ECLIPSE SOLAR</name>
	<ExtendedData><SchemaData schemaUrl="#centrales_solares">
		<SimpleData name="OBJECTID">176</SimpleData>
		<SimpleData name="ID_GE_SOLA">116</SimpleData>
		<SimpleData name="NOMBRE">ECLIPSE SOLAR</SimpleData>
		<SimpleData name="PROPIEDAD">ECLIPSE SOLAR SPA</SimpleData>
		<SimpleData name="TIPO">FOTOVOLTAICO</SimpleData>
		<SimpleData name="MEDIO_GENE">PMGD</SimpleData>
		<SimpleData name="COMBUSTIBL">NO APLICA</SimpleData>
		<SimpleData name="POTENCIAMW">8.99</SimpleData>
		<SimpleData name="UNIDADES">0</SimpleData>
		<SimpleData name="RCA">092/2017</SimpleData>
		<SimpleData name="SIST_ELECT">SEN</SimpleData>
		<SimpleData name="ESTADO">OPERATIVA</SimpleData>
		<SimpleData name="F_OPERACIO">1578614400000</SimpleData>
		<SimpleData name="COORD_ESTE">275656</SimpleData>
		<SimpleData name="COORD_NORT">6245575</SimpleData>
		<SimpleData name="HUSO">19 SUR</SimpleData>
		<SimpleData name="DATUM">WGS 1984</SimpleData>
		<SimpleData name="REGION">13</SimpleData>
		<SimpleData name="PROVINCIA">135</SimpleData>
		<SimpleData name="COMUNA">13505</SimpleData>
		<SimpleData name="FUENTE_BAS">CNE</SimpleData>
		<SimpleData name="FECH_CREA">1469577600000</SimpleData>
		<SimpleData name="FECH_ACT">1688083200000</SimpleData>
	</SchemaData></ExtendedData>
      <Point><coordinates>-71.4264014999999,-33.906366261</coordinates></Point>
  </Placemark>
  <Placemark id="centrales_solares.177">
	<name>GABARDO DEL VERANO SOLAR</name>
	<ExtendedData><SchemaData schemaUrl="#centrales_solares">
		<SimpleData name="OBJECTID">177</SimpleData>
		<SimpleData name="ID_GE_SOLA">871</SimpleData>
		<SimpleData name="NOMBRE">GABARDO DEL VERANO SOLAR</SimpleData>
		<SimpleData name="PROPIEDAD">SALADO ENERGY SPA</SimpleData>
		<SimpleData name="TIPO">FOTOVOLTAICO</SimpleData>
		<SimpleData name="MEDIO_GENE">PMGD</SimpleData>
		<SimpleData name="COMBUSTIBL">NO APLICA</SimpleData>
		<SimpleData name="POTENCIAMW">3</SimpleData>
		<SimpleData name="UNIDADES">0</SimpleData>
		<SimpleData name="RCA">NO APLICA</SimpleData>
		<SimpleData name="SIST_ELECT">SEN</SimpleData>
		<SimpleData name="ESTADO">OPERATIVA</SimpleData>
		<SimpleData name="F_OPERACIO">1646092800000</SimpleData>
		<SimpleData name="COORD_ESTE">351457</SimpleData>
		<SimpleData name="COORD_NORT">6256191</SimpleData>
		<SimpleData name="HUSO">19 SUR</SimpleData>
		<SimpleData name="DATUM">WGS 1984</SimpleData>
		<SimpleData name="REGION">13</SimpleData>
		<SimpleData name="PROVINCIA">134</SimpleData>
		<SimpleData name="COMUNA">13404</SimpleData>
		<SimpleData name="FUENTE_BAS">CNE</SimpleData>
		<SimpleData name="FECH_CREA">1609372800000</SimpleData>
		<SimpleData name="FECH_ACT">1688083200000</SimpleData>
	</SchemaData></ExtendedData>
      <Point><coordinates>-70.605134377,-33.824080065</coordinates></Point>
  </Placemark>
  <Placemark id="centrales_solares.178">
	<name>PMG TENO SOLAR</name>
	<ExtendedData><SchemaData schemaUrl="#centrales_solares">
		<SimpleData name="OBJECTID">178</SimpleData>
		<SimpleData name="ID_GE_SOLA">949</SimpleData>
		<SimpleData name="NOMBRE">PMG TENO SOLAR</SimpleData>
		<SimpleData name="PROPIEDAD">ENLASA GENERACION CHILE S.A.</SimpleData>
		<SimpleData name="TIPO">FOTOVOLTAICO</SimpleData>
		<SimpleData name="MEDIO_GENE">PMG</SimpleData>
		<SimpleData name="COMBUSTIBL">NO APLICA</SimpleData>
		<SimpleData name="POTENCIAMW">7.238</SimpleData>
		<SimpleData name="UNIDADES">0</SimpleData>
		<SimpleData name="RCA">NO APLICA</SimpleData>
		<SimpleData name="SIST_ELECT">SEN</SimpleData>
		<SimpleData name="ESTADO">OPERATIVA</SimpleData>
		<SimpleData name="F_OPERACIO">1674000000000</SimpleData>
		<SimpleData name="COORD_ESTE">304440</SimpleData>
		<SimpleData name="COORD_NORT">6139237</SimpleData>
		<SimpleData name="HUSO">19 SUR</SimpleData>
		<SimpleData name="DATUM">WGS 1984</SimpleData>
		<SimpleData name="REGION">07</SimpleData>
		<SimpleData name="PROVINCIA">073</SimpleData>
		<SimpleData name="COMUNA">07308</SimpleData>
		<SimpleData name="FUENTE_BAS">CNE</SimpleData>
		<SimpleData name="FECH_CREA">1622419200000</SimpleData>
		<SimpleData name="FECH_ACT">1688083200000</SimpleData>
	</SchemaData></ExtendedData>
      <Point><coordinates>-71.1395434789999,-34.8704344399999</coordinates></Point>
  </Placemark>
  <Placemark id="centrales_solares.179">
	<name>ENCON SOLAR</name>
	<ExtendedData><SchemaData schemaUrl="#centrales_solares">
		<SimpleData name="OBJECTID">179</SimpleData>
		<SimpleData name="ID_GE_SOLA">157</SimpleData>
		<SimpleData name="NOMBRE">ENCON SOLAR</SimpleData>
		<SimpleData name="PROPIEDAD">LOA SOLAR SPA</SimpleData>
		<SimpleData name="TIPO">FOTOVOLTAICO</SimpleData>
		<SimpleData name="MEDIO_GENE">PMGD</SimpleData>
		<SimpleData name="COMBUSTIBL">NO APLICA</SimpleData>
		<SimpleData name="POTENCIAMW">8.494</SimpleData>
		<SimpleData name="UNIDADES">0</SimpleData>
		<SimpleData name="RCA">383/2016</SimpleData>
		<SimpleData name="SIST_ELECT">SEN</SimpleData>
		<SimpleData name="ESTADO">OPERATIVA</SimpleData>
		<SimpleData name="F_OPERACIO">1555977600000</SimpleData>
		<SimpleData name="COORD_ESTE">336194</SimpleData>
		<SimpleData name="COORD_NORT">6377321</SimpleData>
		<SimpleData name="HUSO">19 SUR</SimpleData>
		<SimpleData name="DATUM">WGS 1984</SimpleData>
		<SimpleData name="REGION">05</SimpleData>
		<SimpleData name="PROVINCIA">057</SimpleData>
		<SimpleData name="COMUNA">05701</SimpleData>
		<SimpleData name="FUENTE_BAS">CNE</SimpleData>
		<SimpleData name="FECH_CREA">1469577600000</SimpleData>
		<SimpleData name="FECH_ACT">1688083200000</SimpleData>
	</SchemaData></ExtendedData>
      <Point><coordinates>-70.748090603,-32.729750168</coordinates></Point>
  </Placemark>
  <Placemark id="centrales_solares.180">
	<name>CHALINGA SOLAR</name>
	<ExtendedData><SchemaData schemaUrl="#centrales_solares">
		<SimpleData name="OBJECTID">180</SimpleData>
		<SimpleData name="ID_GE_SOLA">474</SimpleData>
		<SimpleData name="NOMBRE">CHALINGA SOLAR</SimpleData>
		<SimpleData name="PROPIEDAD">JOAQUIN SOLAR SPA</SimpleData>
		<SimpleData name="TIPO">FOTOVOLTAICO</SimpleData>
		<SimpleData name="MEDIO_GENE">PMGD</SimpleData>
		<SimpleData name="COMBUSTIBL">NO APLICA</SimpleData>
		<SimpleData name="POTENCIAMW">2.996</SimpleData>
		<SimpleData name="UNIDADES">0</SimpleData>
		<SimpleData name="RCA">NO APLICA</SimpleData>
		<SimpleData name="SIST_ELECT">SEN</SimpleData>
		<SimpleData name="ESTADO">OPERATIVA</SimpleData>
		<SimpleData name="F_OPERACIO">1563494400000</SimpleData>
		<SimpleData name="COORD_ESTE">313200</SimpleData>
		<SimpleData name="COORD_NORT">6484355</SimpleData>
		<SimpleData name="HUSO">19 SUR</SimpleData>
		<SimpleData name="DATUM">WGS 1984</SimpleData>
		<SimpleData name="REGION">04</SimpleData>
		<SimpleData name="PROVINCIA">042</SimpleData>
		<SimpleData name="COMUNA">04202</SimpleData>
		<SimpleData name="FUENTE_BAS">CNE</SimpleData>
		<SimpleData name="FECH_CREA">1553990400000</SimpleData>
		<SimpleData name="FECH_ACT">1688083200000</SimpleData>
	</SchemaData></ExtendedData>
      <Point><coordinates>-70.9723809119999,-31.761065889</coordinates></Point>
  </Placemark>
  <Placemark id="centrales_solares.181">
	<name>LOS LOROS</name>
	<ExtendedData><SchemaData schemaUrl="#centrales_solares">
		<SimpleData name="OBJECTID">181</SimpleData>
		<SimpleData name="ID_GE_SOLA">305</SimpleData>
		<SimpleData name="NOMBRE">LOS LOROS</SimpleData>
		<SimpleData name="PROPIEDAD">PARQUE SOLAR LOS LOROS</SimpleData>
		<SimpleData name="TIPO">FOTOVOLTAICO</SimpleData>
		<SimpleData name="COMBUSTIBL">NO APLICA</SimpleData>
		<SimpleData name="POTENCIAMW">45.8467</SimpleData>
		<SimpleData name="UNIDADES">0</SimpleData>
		<SimpleData name="RCA">084/2014</SimpleData>
		<SimpleData name="SIST_ELECT">SEN</SimpleData>
		<SimpleData name="ESTADO">OPERATIVA</SimpleData>
		<SimpleData name="F_OPERACIO">1471392000000</SimpleData>
		<SimpleData name="COORD_ESTE">384950</SimpleData>
		<SimpleData name="COORD_NORT">6918713</SimpleData>
		<SimpleData name="HUSO">19 SUR</SimpleData>
		<SimpleData name="DATUM">WGS 1984</SimpleData>
		<SimpleData name="REGION">03</SimpleData>
		<SimpleData name="PROVINCIA">031</SimpleData>
		<SimpleData name="COMUNA">03103</SimpleData>
		<SimpleData name="FUENTE_BAS">CNE</SimpleData>
		<SimpleData name="FECH_CREA">1483142400000</SimpleData>
		<SimpleData name="FECH_ACT">1688083200000</SimpleData>
	</SchemaData></ExtendedData>
      <Point><coordinates>-70.168483346,-27.851377522</coordinates></Point>
  </Placemark>
  <Placemark id="centrales_solares.182">
	<name>LA LAJUELA</name>
	<ExtendedData><SchemaData schemaUrl="#centrales_solares">
		<SimpleData name="OBJECTID">182</SimpleData>
		<SimpleData name="ID_GE_SOLA">204</SimpleData>
		<SimpleData name="NOMBRE">LA LAJUELA</SimpleData>
		<SimpleData name="PROPIEDAD">RIGEL SPA</SimpleData>
		<SimpleData name="TIPO">FOTOVOLTAICO</SimpleData>
		<SimpleData name="MEDIO_GENE">PMGD</SimpleData>
		<SimpleData name="COMBUSTIBL">NO APLICA</SimpleData>
		<SimpleData name="POTENCIAMW">6.88</SimpleData>
		<SimpleData name="UNIDADES">0</SimpleData>
		<SimpleData name="RCA">001/2017</SimpleData>
		<SimpleData name="SIST_ELECT">SEN</SimpleData>
		<SimpleData name="ESTADO">OPERATIVA</SimpleData>
		<SimpleData name="F_OPERACIO">1560816000000</SimpleData>
		<SimpleData name="COORD_ESTE">280948</SimpleData>
		<SimpleData name="COORD_NORT">6163389</SimpleData>
		<SimpleData name="HUSO">19 SUR</SimpleData>
		<SimpleData name="DATUM">WGS 1984</SimpleData>
		<SimpleData name="REGION">06</SimpleData>
		<SimpleData name="PROVINCIA">063</SimpleData>
		<SimpleData name="COMUNA">06310</SimpleData>
		<SimpleData name="FUENTE_BAS">CNE</SimpleData>
		<SimpleData name="FECH_CREA">1469577600000</SimpleData>
		<SimpleData name="FECH_ACT">1688083200000</SimpleData>
	</SchemaData></ExtendedData>
      <Point><coordinates>-71.390089111,-34.648034399</coordinates></Point>
  </Placemark>
  <Placemark id="centrales_solares.183">
	<name>MILAN A</name>
	<ExtendedData><SchemaData schemaUrl="#centrales_solares">
		<SimpleData name="OBJECTID">183</SimpleData>
		<SimpleData name="ID_GE_SOLA">1137</SimpleData>
		<SimpleData name="NOMBRE">MILAN A</SimpleData>
		<SimpleData name="PROPIEDAD">GPG GENERACION DISTRIBUIDA SPA</SimpleData>
		<SimpleData name="TIPO">FOTOVOLTAICO</SimpleData>
		<SimpleData name="MEDIO_GENE">PMGD</SimpleData>
		<SimpleData name="COMBUSTIBL">NO APLICA</SimpleData>
		<SimpleData name="POTENCIAMW">3</SimpleData>
		<SimpleData name="UNIDADES">0</SimpleData>
		<SimpleData name="RCA">089/2020</SimpleData>
		<SimpleData name="SIST_ELECT">SEN</SimpleData>
		<SimpleData name="ESTADO">OPERATIVA</SimpleData>
		<SimpleData name="F_OPERACIO">1660867200000</SimpleData>
		<SimpleData name="COORD_ESTE">305860</SimpleData>
		<SimpleData name="COORD_NORT">6142060</SimpleData>
		<SimpleData name="HUSO">19 SUR</SimpleData>
		<SimpleData name="DATUM">WGS 1984</SimpleData>
		<SimpleData name="REGION">07</SimpleData>
		<SimpleData name="PROVINCIA">073</SimpleData>
		<SimpleData name="COMUNA">07308</SimpleData>
		<SimpleData name="FUENTE_BAS">CNE</SimpleData>
		<SimpleData name="FECH_CREA">1640908800000</SimpleData>
		<SimpleData name="FECH_ACT">1688083200000</SimpleData>
	</SchemaData></ExtendedData>
      <Point><coordinates>-71.123363231,-34.84526747</coordinates></Point>
  </Placemark>
  <Placemark id="centrales_solares.184">
	<name>TALHUEN</name>
	<ExtendedData><SchemaData schemaUrl="#centrales_solares">
		<SimpleData name="OBJECTID">184</SimpleData>
		<SimpleData name="ID_GE_SOLA">424</SimpleData>
		<SimpleData name="NOMBRE">TALHUEN</SimpleData>
		<SimpleData name="PROPIEDAD">REDEN TALHUEN SOLAR SPA</SimpleData>
		<SimpleData name="TIPO">FOTOVOLTAICO</SimpleData>
		<SimpleData name="MEDIO_GENE">PMGD</SimpleData>
		<SimpleData name="COMBUSTIBL">NO APLICA</SimpleData>
		<SimpleData name="POTENCIAMW">3</SimpleData>
		<SimpleData name="UNIDADES">0</SimpleData>
		<SimpleData name="RCA">NO APLICA</SimpleData>
		<SimpleData name="SIST_ELECT">SEN</SimpleData>
		<SimpleData name="ESTADO">OPERATIVA</SimpleData>
		<SimpleData name="F_OPERACIO">1533081600000</SimpleData>
		<SimpleData name="COORD_ESTE">283899</SimpleData>
		<SimpleData name="COORD_NORT">6616982</SimpleData>
		<SimpleData name="HUSO">19 SUR</SimpleData>
		<SimpleData name="DATUM">WGS 1984</SimpleData>
		<SimpleData name="REGION">04</SimpleData>
		<SimpleData name="PROVINCIA">043</SimpleData>
		<SimpleData name="COMUNA">04301</SimpleData>
		<SimpleData name="FUENTE_BAS">CNE</SimpleData>
		<SimpleData name="FECH_CREA">1522454400000</SimpleData>
		<SimpleData name="FECH_ACT">1688083200000</SimpleData>
	</SchemaData></ExtendedData>
      <Point><coordinates>-71.253083171,-30.5601481209999</coordinates></Point>
  </Placemark>
  <Placemark id="centrales_solares.185">
	<name>SOL DE LILA</name>
	<ExtendedData><SchemaData schemaUrl="#centrales_solares">
		<SimpleData name="OBJECTID">185</SimpleData>
		<SimpleData name="ID_GE_SOLA">382</SimpleData>
		<SimpleData name="NOMBRE">SOL DE LILA</SimpleData>
		<SimpleData name="PROPIEDAD">ENEL GREEN POWER DEL SUR SPA</SimpleData>
		<SimpleData name="TIPO">FOTOVOLTAICO</SimpleData>
		<SimpleData name="COMBUSTIBL">NO APLICA</SimpleData>
		<SimpleData name="POTENCIAMW">149.23</SimpleData>
		<SimpleData name="UNIDADES">0</SimpleData>
		<SimpleData name="RCA">143/2013</SimpleData>
		<SimpleData name="SIST_ELECT">SEN</SimpleData>
		<SimpleData name="ESTADO">OPERATIVA</SimpleData>
		<SimpleData name="F_OPERACIO">1661990400000</SimpleData>
		<SimpleData name="COORD_ESTE">543207</SimpleData>
		<SimpleData name="COORD_NORT">7342036</SimpleData>
		<SimpleData name="HUSO">19 SUR</SimpleData>
		<SimpleData name="DATUM">WGS 1984</SimpleData>
		<SimpleData name="REGION">02</SimpleData>
		<SimpleData name="PROVINCIA">021</SimpleData>
		<SimpleData name="COMUNA">02101</SimpleData>
		<SimpleData name="FUENTE_BAS">CNE</SimpleData>
		<SimpleData name="FECH_CREA">1438560000000</SimpleData>
		<SimpleData name="FECH_ACT">1688083200000</SimpleData>
	</SchemaData></ExtendedData>
      <Point><coordinates>-68.575092312,-24.033168404</coordinates></Point>
  </Placemark>
  <Placemark id="centrales_solares.186">
	<name>MANDINGA</name>
	<ExtendedData><SchemaData schemaUrl="#centrales_solares">
		<SimpleData name="OBJECTID">186</SimpleData>
		<SimpleData name="ID_GE_SOLA">559</SimpleData>
		<SimpleData name="NOMBRE">MANDINGA</SimpleData>
		<SimpleData name="PROPIEDAD">MANDINGA SOLAR SPA</SimpleData>
		<SimpleData name="TIPO">FOTOVOLTAICO</SimpleData>
		<SimpleData name="MEDIO_GENE">PMGD</SimpleData>
		<SimpleData name="COMBUSTIBL">NO APLICA</SimpleData>
		<SimpleData name="POTENCIAMW">9</SimpleData>
		<SimpleData name="UNIDADES">0</SimpleData>
		<SimpleData name="RCA">151/2020</SimpleData>
		<SimpleData name="SIST_ELECT">SEN</SimpleData>
		<SimpleData name="ESTADO">OPERATIVA</SimpleData>
		<SimpleData name="F_OPERACIO">1664496000000</SimpleData>
		<SimpleData name="COORD_ESTE">290051</SimpleData>
		<SimpleData name="COORD_NORT">6257549</SimpleData>
		<SimpleData name="HUSO">19 SUR</SimpleData>
		<SimpleData name="DATUM">WGS 1984</SimpleData>
		<SimpleData name="REGION">13</SimpleData>
		<SimpleData name="PROVINCIA">135</SimpleData>
		<SimpleData name="COMUNA">13501</SimpleData>
		<SimpleData name="FUENTE_BAS">CNE</SimpleData>
		<SimpleData name="FECH_CREA">1577750400000</SimpleData>
		<SimpleData name="FECH_ACT">1688083200000</SimpleData>
	</SchemaData></ExtendedData>
      <Point><coordinates>-71.267967099,-33.801424153</coordinates></Point>
  </Placemark>
  <Placemark id="centrales_solares.187">
	<name>QUETENA</name>
	<ExtendedData><SchemaData schemaUrl="#centrales_solares">
		<SimpleData name="OBJECTID">187</SimpleData>
		<SimpleData name="ID_GE_SOLA">344</SimpleData>
		<SimpleData name="NOMBRE">QUETENA</SimpleData>
		<SimpleData name="PROPIEDAD">PARQUE SOLAR QUETENA S.A.</SimpleData>
		<SimpleData name="TIPO">FOTOVOLTAICO</SimpleData>
		<SimpleData name="MEDIO_GENE">PMGD</SimpleData>
		<SimpleData name="COMBUSTIBL">NO APLICA</SimpleData>
		<SimpleData name="POTENCIAMW">9</SimpleData>
		<SimpleData name="UNIDADES">0</SimpleData>
		<SimpleData name="RCA">122/2019</SimpleData>
		<SimpleData name="SIST_ELECT">SEN</SimpleData>
		<SimpleData name="ESTADO">OPERATIVA</SimpleData>
		<SimpleData name="F_OPERACIO">1632355200000</SimpleData>
		<SimpleData name="COORD_ESTE">503949</SimpleData>
		<SimpleData name="COORD_NORT">7516735</SimpleData>
		<SimpleData name="HUSO">19 SUR</SimpleData>
		<SimpleData name="DATUM">WGS 1984</SimpleData>
		<SimpleData name="REGION">02</SimpleData>
		<SimpleData name="PROVINCIA">022</SimpleData>
		<SimpleData name="COMUNA">02201</SimpleData>
		<SimpleData name="FUENTE_BAS">CNE</SimpleData>
		<SimpleData name="FECH_CREA">1530316800000</SimpleData>
		<SimpleData name="FECH_ACT">1688083200000</SimpleData>
	</SchemaData></ExtendedData>
      <Point><coordinates>-68.9616184,-22.4556686299999</coordinates></Point>
  </Placemark>
  <Placemark id="centrales_solares.188">
	<name>PLAYERO</name>
	<ExtendedData><SchemaData schemaUrl="#centrales_solares">
		<SimpleData name="OBJECTID">188</SimpleData>
		<SimpleData name="ID_GE_SOLA">632</SimpleData>
		<SimpleData name="NOMBRE">PLAYERO</SimpleData>
		<SimpleData name="PROPIEDAD">PLAYERO SPA</SimpleData>
		<SimpleData name="TIPO">FOTOVOLTAICO</SimpleData>
		<SimpleData name="MEDIO_GENE">PMGD</SimpleData>
		<SimpleData name="COMBUSTIBL">NO APLICA</SimpleData>
		<SimpleData name="POTENCIAMW">3</SimpleData>
		<SimpleData name="UNIDADES">0</SimpleData>
		<SimpleData name="RCA">201/2019</SimpleData>
		<SimpleData name="SIST_ELECT">SEN</SimpleData>
		<SimpleData name="ESTADO">OPERATIVA</SimpleData>
		<SimpleData name="F_OPERACIO">1601424000000</SimpleData>
		<SimpleData name="COORD_ESTE">188540</SimpleData>
		<SimpleData name="COORD_NORT">6024286</SimpleData>
		<SimpleData name="HUSO">19 SUR</SimpleData>
		<SimpleData name="DATUM">WGS 1984</SimpleData>
		<SimpleData name="REGION">07</SimpleData>
		<SimpleData name="PROVINCIA">072</SimpleData>
		<SimpleData name="COMUNA">07202</SimpleData>
		<SimpleData name="FUENTE_BAS">CNE</SimpleData>
		<SimpleData name="FECH_CREA">1593475200000</SimpleData>
		<SimpleData name="FECH_ACT">1688083200000</SimpleData>
	</SchemaData></ExtendedData>
      <Point><coordinates>-72.449722739,-35.8761809119999</coordinates></Point>
  </Placemark>
  <Placemark id="centrales_solares.189">
	<name>LAS CODORNICES</name>
	<ExtendedData><SchemaData schemaUrl="#centrales_solares">
		<SimpleData name="OBJECTID">189</SimpleData>
		<SimpleData name="ID_GE_SOLA">468</SimpleData>
		<SimpleData name="NOMBRE">LAS CODORNICES</SimpleData>
		<SimpleData name="PROPIEDAD">PFV LAS CODORNICES SPA</SimpleData>
		<SimpleData name="TIPO">FOTOVOLTAICO</SimpleData>
		<SimpleData name="MEDIO_GENE">PMGD</SimpleData>
		<SimpleData name="COMBUSTIBL">NO APLICA</SimpleData>
		<SimpleData name="POTENCIAMW">2.98</SimpleData>
		<SimpleData name="UNIDADES">0</SimpleData>
		<SimpleData name="RCA">NO APLICA</SimpleData>
		<SimpleData name="SIST_ELECT">SEN</SimpleData>
		<SimpleData name="ESTADO">OPERATIVA</SimpleData>
		<SimpleData name="F_OPERACIO">1563494400000</SimpleData>
		<SimpleData name="COORD_ESTE">229506</SimpleData>
		<SimpleData name="COORD_NORT">5961701</SimpleData>
		<SimpleData name="HUSO">19 SUR</SimpleData>
		<SimpleData name="DATUM">WGS 1984</SimpleData>
		<SimpleData name="REGION">16</SimpleData>
		<SimpleData name="PROVINCIA">163</SimpleData>
		<SimpleData name="COMUNA">16301</SimpleData>
		<SimpleData name="FUENTE_BAS">CNE</SimpleData>
		<SimpleData name="FECH_CREA">1553990400000</SimpleData>
		<SimpleData name="FECH_ACT">1688083200000</SimpleData>
	</SchemaData></ExtendedData>
      <Point><coordinates>-72.0181313959999,-36.451820502</coordinates></Point>
  </Placemark>
  <Placemark id="centrales_solares.190">
	<name>VENTISQUERO SOLAR</name>
	<ExtendedData><SchemaData schemaUrl="#centrales_solares">
		<SimpleData name="OBJECTID">190</SimpleData>
		<SimpleData name="ID_GE_SOLA">670</SimpleData>
		<SimpleData name="NOMBRE">VENTISQUERO SOLAR</SimpleData>
		<SimpleData name="PROPIEDAD">CHIMBARONGO SOLAR SPA</SimpleData>
		<SimpleData name="TIPO">FOTOVOLTAICO</SimpleData>
		<SimpleData name="MEDIO_GENE">PMGD</SimpleData>
		<SimpleData name="COMBUSTIBL">NO APLICA</SimpleData>
		<SimpleData name="POTENCIAMW">9</SimpleData>
		<SimpleData name="UNIDADES">0</SimpleData>
		<SimpleData name="RCA">027/2020</SimpleData>
		<SimpleData name="SIST_ELECT">SEN</SimpleData>
		<SimpleData name="ESTADO">OPERATIVA</SimpleData>
		<SimpleData name="F_OPERACIO">1651708800000</SimpleData>
		<SimpleData name="COORD_ESTE">314306</SimpleData>
		<SimpleData name="COORD_NORT">6153291</SimpleData>
		<SimpleData name="HUSO">19 SUR</SimpleData>
		<SimpleData name="DATUM">WGS 1984</SimpleData>
		<SimpleData name="REGION">06</SimpleData>
		<SimpleData name="PROVINCIA">063</SimpleData>
		<SimpleData name="COMUNA">06303</SimpleData>
		<SimpleData name="FUENTE_BAS">CNE</SimpleData>
		<SimpleData name="FECH_CREA">1593475200000</SimpleData>
		<SimpleData name="FECH_ACT">1688083200000</SimpleData>
	</SchemaData></ExtendedData>
      <Point><coordinates>-71.028558042,-34.745630271</coordinates></Point>
  </Placemark>
  <Placemark id="centrales_solares.191">
	<name>PELUMPEN SOLAR</name>
	<ExtendedData><SchemaData schemaUrl="#centrales_solares">
		<SimpleData name="OBJECTID">191</SimpleData>
		<SimpleData name="ID_GE_SOLA">1327</SimpleData>
		<SimpleData name="NOMBRE">PELUMPEN SOLAR</SimpleData>
		<SimpleData name="PROPIEDAD">CVE PROYECTO DIECIOCHO SPA</SimpleData>
		<SimpleData name="TIPO">FOTOVOLTAICO</SimpleData>
		<SimpleData name="MEDIO_GENE">PMGD</SimpleData>
		<SimpleData name="COMBUSTIBL">NO APLICA</SimpleData>
		<SimpleData name="POTENCIAMW">2.9</SimpleData>
		<SimpleData name="UNIDADES">0</SimpleData>
		<SimpleData name="RCA">NO APLICA</SimpleData>
		<SimpleData name="SIST_ELECT">SEN</SimpleData>
		<SimpleData name="ESTADO">OPERATIVA</SimpleData>
		<SimpleData name="F_OPERACIO">1678233600000</SimpleData>
		<SimpleData name="COORD_ESTE">298952</SimpleData>
		<SimpleData name="COORD_NORT">6342799</SimpleData>
		<SimpleData name="HUSO">19 SUR</SimpleData>
		<SimpleData name="DATUM">WGS 1984</SimpleData>
		<SimpleData name="REGION">05</SimpleData>
		<SimpleData name="PROVINCIA">058</SimpleData>
		<SimpleData name="COMUNA">05803</SimpleData>
		<SimpleData name="FUENTE_BAS">CNE</SimpleData>
		<SimpleData name="FECH_CREA">1672444800000</SimpleData>
		<SimpleData name="FECH_ACT">1688083200000</SimpleData>
	</SchemaData></ExtendedData>
      <Point><coordinates>-71.152821062,-33.0347681009999</coordinates></Point>
  </Placemark>
  <Placemark id="centrales_solares.192">
	<name>LOMAS COLORADAS</name>
	<ExtendedData><SchemaData schemaUrl="#centrales_solares">
		<SimpleData name="OBJECTID">192</SimpleData>
		<SimpleData name="ID_GE_SOLA">413</SimpleData>
		<SimpleData name="NOMBRE">LOMAS COLORADAS</SimpleData>
		<SimpleData name="PROPIEDAD">PSF LOMAS COLORADAS S.A.</SimpleData>
		<SimpleData name="TIPO">FOTOVOLTAICO</SimpleData>
		<SimpleData name="MEDIO_GENE">PMGD</SimpleData>
		<SimpleData name="COMBUSTIBL">NO APLICA</SimpleData>
		<SimpleData name="POTENCIAMW">1.99</SimpleData>
		<SimpleData name="UNIDADES">0</SimpleData>
		<SimpleData name="RCA">NO APLICA</SimpleData>
		<SimpleData name="SIST_ELECT">SEN</SimpleData>
		<SimpleData name="ESTADO">OPERATIVA</SimpleData>
		<SimpleData name="F_OPERACIO">1403136000000</SimpleData>
		<SimpleData name="COORD_ESTE">307273</SimpleData>
		<SimpleData name="COORD_NORT">6547980</SimpleData>
		<SimpleData name="HUSO">19 SUR</SimpleData>
		<SimpleData name="DATUM">WGS 1984</SimpleData>
		<SimpleData name="REGION">04</SimpleData>
		<SimpleData name="PROVINCIA">043</SimpleData>
		<SimpleData name="COMUNA">04302</SimpleData>
		<SimpleData name="FUENTE_BAS">CNE</SimpleData>
		<SimpleData name="FECH_CREA">1418169600000</SimpleData>
		<SimpleData name="FECH_ACT">1688083200000</SimpleData>
	</SchemaData></ExtendedData>
      <Point><coordinates>-71.022549805,-31.1863824709999</coordinates></Point>
  </Placemark>
  <Placemark id="centrales_solares.193">
	<name>CATEMU</name>
	<ExtendedData><SchemaData schemaUrl="#centrales_solares">
		<SimpleData name="OBJECTID">193</SimpleData>
		<SimpleData name="ID_GE_SOLA">546</SimpleData>
		<SimpleData name="NOMBRE">CATEMU</SimpleData>
		<SimpleData name="PROPIEDAD">PARQUE SOLAR CATEMU SPA</SimpleData>
		<SimpleData name="TIPO">FOTOVOLTAICO</SimpleData>
		<SimpleData name="MEDIO_GENE">PMGD</SimpleData>
		<SimpleData name="COMBUSTIBL">NO APLICA</SimpleData>
		<SimpleData name="POTENCIAMW">1.99</SimpleData>
		<SimpleData name="UNIDADES">0</SimpleData>
		<SimpleData name="RCA">NO APLICA</SimpleData>
		<SimpleData name="SIST_ELECT">SEN</SimpleData>
		<SimpleData name="ESTADO">OPERATIVA</SimpleData>
		<SimpleData name="F_OPERACIO">1589932800000</SimpleData>
		<SimpleData name="COORD_ESTE">315940</SimpleData>
		<SimpleData name="COORD_NORT">6376523</SimpleData>
		<SimpleData name="HUSO">19 SUR</SimpleData>
		<SimpleData name="DATUM">WGS 1984</SimpleData>
		<SimpleData name="REGION">05</SimpleData>
		<SimpleData name="PROVINCIA">057</SimpleData>
		<SimpleData name="COMUNA">05701</SimpleData>
		<SimpleData name="FUENTE_BAS">CNE</SimpleData>
		<SimpleData name="FECH_CREA">1577750400000</SimpleData>
		<SimpleData name="FECH_ACT">1688083200000</SimpleData>
	</SchemaData></ExtendedData>
      <Point><coordinates>-70.9642896359999,-32.7337450109999</coordinates></Point>
  </Placemark>
  <Placemark id="centrales_solares.194">
	<name>CALLE LARGA</name>
	<ExtendedData><SchemaData schemaUrl="#centrales_solares">
		<SimpleData name="OBJECTID">194</SimpleData>
		<SimpleData name="ID_GE_SOLA">48</SimpleData>
		<SimpleData name="NOMBRE">CALLE LARGA</SimpleData>
		<SimpleData name="PROPIEDAD">PMGD CALLE LARGA SPA</SimpleData>
		<SimpleData name="TIPO">FOTOVOLTAICO</SimpleData>
		<SimpleData name="MEDIO_GENE">PMGD</SimpleData>
		<SimpleData name="COMBUSTIBL">NO APLICA</SimpleData>
		<SimpleData name="POTENCIAMW">2.97</SimpleData>
		<SimpleData name="UNIDADES">0</SimpleData>
		<SimpleData name="RCA">NO APLICA</SimpleData>
		<SimpleData name="SIST_ELECT">SEN</SimpleData>
		<SimpleData name="ESTADO">OPERATIVA</SimpleData>
		<SimpleData name="F_OPERACIO">1550534400000</SimpleData>
		<SimpleData name="COORD_ESTE">349250</SimpleData>
		<SimpleData name="COORD_NORT">6360516</SimpleData>
		<SimpleData name="HUSO">19 SUR</SimpleData>
		<SimpleData name="DATUM">WGS 1984</SimpleData>
		<SimpleData name="REGION">05</SimpleData>
		<SimpleData name="PROVINCIA">053</SimpleData>
		<SimpleData name="COMUNA">05302</SimpleData>
		<SimpleData name="FUENTE_BAS">CNE</SimpleData>
		<SimpleData name="FECH_CREA">1538265600000</SimpleData>
		<SimpleData name="FECH_ACT">1688083200000</SimpleData>
	</SchemaData></ExtendedData>
      <Point><coordinates>-70.611543125,-32.883147451</coordinates></Point>
  </Placemark>
  <Placemark id="centrales_solares.195">
	<name>CHANARES</name>
	<ExtendedData><SchemaData schemaUrl="#centrales_solares">
		<SimpleData name="OBJECTID">195</SimpleData>
		<SimpleData name="ID_GE_SOLA">75</SimpleData>
		<SimpleData name="NOMBRE">CHANARES</SimpleData>
		<SimpleData name="PROPIEDAD">ENEL GREEN POWER CHILE</SimpleData>
		<SimpleData name="TIPO">FOTOVOLTAICO</SimpleData>
		<SimpleData name="COMBUSTIBL">NO APLICA</SimpleData>
		<SimpleData name="POTENCIAMW">35.892</SimpleData>
		<SimpleData name="UNIDADES">0</SimpleData>
		<SimpleData name="RCA">223/2013</SimpleData>
		<SimpleData name="SIST_ELECT">SEN</SimpleData>
		<SimpleData name="ESTADO">OPERATIVA</SimpleData>
		<SimpleData name="F_OPERACIO">1432771200000</SimpleData>
		<SimpleData name="COORD_ESTE">392243</SimpleData>
		<SimpleData name="COORD_NORT">7082550</SimpleData>
		<SimpleData name="HUSO">19 SUR</SimpleData>
		<SimpleData name="DATUM">WGS 1984</SimpleData>
		<SimpleData name="REGION">03</SimpleData>
		<SimpleData name="PROVINCIA">032</SimpleData>
		<SimpleData name="COMUNA">03202</SimpleData>
		<SimpleData name="FUENTE_BAS">CNE</SimpleData>
		<SimpleData name="FECH_CREA">1443571200000</SimpleData>
		<SimpleData name="FECH_ACT">1688083200000</SimpleData>
	</SchemaData></ExtendedData>
      <Point><coordinates>-70.080129245,-26.373058457</coordinates></Point>
  </Placemark>
  <Placemark id="centrales_solares.196">
	<name>TAMARUGO</name>
	<ExtendedData><SchemaData schemaUrl="#centrales_solares">
		<SimpleData name="OBJECTID">196</SimpleData>
		<SimpleData name="ID_GE_SOLA">852</SimpleData>
		<SimpleData name="NOMBRE">TAMARUGO</SimpleData>
		<SimpleData name="PROPIEDAD">BAOBAB INGENIERIA Y ENERGIAS
RENOVABLES SPA</SimpleData>
		<SimpleData name="TIPO">FOTOVOLTAICO</SimpleData>
		<SimpleData name="MEDIO_GENE">PMGD</SimpleData>
		<SimpleData name="COMBUSTIBL">NO APLICA</SimpleData>
		<SimpleData name="POTENCIAMW">2.95</SimpleData>
		<SimpleData name="UNIDADES">0</SimpleData>
		<SimpleData name="RCA">NO APLICA</SimpleData>
		<SimpleData name="SIST_ELECT">SEN</SimpleData>
		<SimpleData name="ESTADO">OPERATIVA</SimpleData>
		<SimpleData name="F_OPERACIO">1625011200000</SimpleData>
		<SimpleData name="COORD_ESTE">432877</SimpleData>
		<SimpleData name="COORD_NORT">7747639</SimpleData>
		<SimpleData name="HUSO">19 SUR</SimpleData>
		<SimpleData name="DATUM">WGS 1984</SimpleData>
		<SimpleData name="REGION">01</SimpleData>
		<SimpleData name="PROVINCIA">014</SimpleData>
		<SimpleData name="COMUNA">01401</SimpleData>
		<SimpleData name="FUENTE_BAS">CNE</SimpleData>
		<SimpleData name="FECH_CREA">1609372800000</SimpleData>
		<SimpleData name="FECH_ACT">1688083200000</SimpleData>
	</SchemaData></ExtendedData>
      <Point><coordinates>-69.643177737,-20.368224367</coordinates></Point>
  </Placemark>
  <Placemark id="centrales_solares.197">
	<name>SALERNO</name>
	<ExtendedData><SchemaData schemaUrl="#centrales_solares">
		<SimpleData name="OBJECTID">197</SimpleData>
		<SimpleData name="ID_GE_SOLA">864</SimpleData>
		<SimpleData name="NOMBRE">SALERNO</SimpleData>
		<SimpleData name="PROPIEDAD">PMGD SALERNO SPA</SimpleData>
		<SimpleData name="TIPO">FOTOVOLTAICO</SimpleData>
		<SimpleData name="MEDIO_GENE">PMGD</SimpleData>
		<SimpleData name="COMBUSTIBL">NO APLICA</SimpleData>
		<SimpleData name="POTENCIAMW">2.8</SimpleData>
		<SimpleData name="UNIDADES">0</SimpleData>
		<SimpleData name="RCA">NO APLICA</SimpleData>
		<SimpleData name="SIST_ELECT">SEN</SimpleData>
		<SimpleData name="ESTADO">OPERATIVA</SimpleData>
		<SimpleData name="F_OPERACIO">1642032000000</SimpleData>
		<SimpleData name="COORD_ESTE">275133</SimpleData>
		<SimpleData name="COORD_NORT">6246113</SimpleData>
		<SimpleData name="HUSO">19 SUR</SimpleData>
		<SimpleData name="DATUM">WGS 1984</SimpleData>
		<SimpleData name="REGION">13</SimpleData>
		<SimpleData name="PROVINCIA">135</SimpleData>
		<SimpleData name="COMUNA">13505</SimpleData>
		<SimpleData name="FUENTE_BAS">CNE</SimpleData>
		<SimpleData name="FECH_CREA">1609372800000</SimpleData>
		<SimpleData name="FECH_ACT">1688083200000</SimpleData>
	</SchemaData></ExtendedData>
      <Point><coordinates>-71.4319158289999,-33.9014068619999</coordinates></Point>
  </Placemark>
  <Placemark id="centrales_solares.198">
	<name>PUENTE SOLAR</name>
	<ExtendedData><SchemaData schemaUrl="#centrales_solares">
		<SimpleData name="OBJECTID">198</SimpleData>
		<SimpleData name="ID_GE_SOLA">639</SimpleData>
		<SimpleData name="NOMBRE">PUENTE SOLAR</SimpleData>
		<SimpleData name="PROPIEDAD">PMGD PUENTE SPA</SimpleData>
		<SimpleData name="TIPO">FOTOVOLTAICO</SimpleData>
		<SimpleData name="MEDIO_GENE">PMGD</SimpleData>
		<SimpleData name="COMBUSTIBL">NO APLICA</SimpleData>
		<SimpleData name="POTENCIAMW">3</SimpleData>
		<SimpleData name="UNIDADES">0</SimpleData>
		<SimpleData name="RCA">NO APLICA</SimpleData>
		<SimpleData name="SIST_ELECT">SEN</SimpleData>
		<SimpleData name="ESTADO">OPERATIVA</SimpleData>
		<SimpleData name="F_OPERACIO">1603497600000</SimpleData>
		<SimpleData name="COORD_ESTE">328870</SimpleData>
		<SimpleData name="COORD_NORT">6286248</SimpleData>
		<SimpleData name="HUSO">19 SUR</SimpleData>
		<SimpleData name="DATUM">WGS 1984</SimpleData>
		<SimpleData name="REGION">13</SimpleData>
		<SimpleData name="PROVINCIA">136</SimpleData>
		<SimpleData name="COMUNA">13604</SimpleData>
		<SimpleData name="FUENTE_BAS">CNE</SimpleData>
		<SimpleData name="FECH_CREA">1593475200000</SimpleData>
		<SimpleData name="FECH_ACT">1688083200000</SimpleData>
	</SchemaData></ExtendedData>
      <Point><coordinates>-70.843307881,-33.549708107</coordinates></Point>
  </Placemark>
  <Placemark id="centrales_solares.199">
	<name>LA LIGUA</name>
	<ExtendedData><SchemaData schemaUrl="#centrales_solares">
		<SimpleData name="OBJECTID">199</SimpleData>
		<SimpleData name="ID_GE_SOLA">535</SimpleData>
		<SimpleData name="NOMBRE">LA LIGUA</SimpleData>
		<SimpleData name="PROPIEDAD">ILLALOLEN S.A.</SimpleData>
		<SimpleData name="TIPO">FOTOVOLTAICO</SimpleData>
		<SimpleData name="MEDIO_GENE">PMGD</SimpleData>
		<SimpleData name="COMBUSTIBL">NO APLICA</SimpleData>
		<SimpleData name="POTENCIAMW">2.99</SimpleData>
		<SimpleData name="UNIDADES">0</SimpleData>
		<SimpleData name="RCA">NO APLICA</SimpleData>
		<SimpleData name="SIST_ELECT">SEN</SimpleData>
		<SimpleData name="ESTADO">OPERATIVA</SimpleData>
		<SimpleData name="F_OPERACIO">1568764800000</SimpleData>
		<SimpleData name="COORD_ESTE">290190</SimpleData>
		<SimpleData name="COORD_NORT">6409750</SimpleData>
		<SimpleData name="HUSO">19 SUR</SimpleData>
		<SimpleData name="DATUM">WGS 1984</SimpleData>
		<SimpleData name="REGION">05</SimpleData>
		<SimpleData name="PROVINCIA">054</SimpleData>
		<SimpleData name="COMUNA">05401</SimpleData>
		<SimpleData name="FUENTE_BAS">CNE</SimpleData>
		<SimpleData name="FECH_CREA">1577750400000</SimpleData>
		<SimpleData name="FECH_ACT">1688083200000</SimpleData>
	</SchemaData></ExtendedData>
      <Point><coordinates>-71.231488831,-32.4296277079999</coordinates></Point>
  </Placemark>
  <Placemark id="centrales_solares.200">
	<name>RAUQUEN</name>
	<ExtendedData><SchemaData schemaUrl="#centrales_solares">
		<SimpleData name="OBJECTID">200</SimpleData>
		<SimpleData name="ID_GE_SOLA">353</SimpleData>
		<SimpleData name="NOMBRE">RAUQUEN</SimpleData>
		<SimpleData name="PROPIEDAD">GR PALMA SPA</SimpleData>
		<SimpleData name="TIPO">FOTOVOLTAICO</SimpleData>
		<SimpleData name="MEDIO_GENE">PMGD</SimpleData>
		<SimpleData name="COMBUSTIBL">NO APLICA</SimpleData>
		<SimpleData name="POTENCIAMW">9</SimpleData>
		<SimpleData name="UNIDADES">0</SimpleData>
		<SimpleData name="RCA">182/2018</SimpleData>
		<SimpleData name="SIST_ELECT">SEN</SimpleData>
		<SimpleData name="ESTADO">OPERATIVA</SimpleData>
		<SimpleData name="F_OPERACIO">1483228800000</SimpleData>
		<SimpleData name="COORD_ESTE">304083</SimpleData>
		<SimpleData name="COORD_NORT">6134362</SimpleData>
		<SimpleData name="HUSO">19 SUR</SimpleData>
		<SimpleData name="DATUM">WGS 1984</SimpleData>
		<SimpleData name="REGION">07</SimpleData>
		<SimpleData name="PROVINCIA">073</SimpleData>
		<SimpleData name="COMUNA">07306</SimpleData>
		<SimpleData name="FUENTE_BAS">CNE</SimpleData>
		<SimpleData name="FECH_CREA">1522454400000</SimpleData>
		<SimpleData name="FECH_ACT">1688083200000</SimpleData>
	</SchemaData></ExtendedData>
      <Point><coordinates>-71.144588664,-34.914295604</coordinates></Point>
  </Placemark>
  <Placemark id="centrales_solares.201">
	<name>PFV PAINE</name>
	<ExtendedData><SchemaData schemaUrl="#centrales_solares">
		<SimpleData name="OBJECTID">201</SimpleData>
		<SimpleData name="ID_GE_SOLA">365</SimpleData>
		<SimpleData name="NOMBRE">PFV PAINE</SimpleData>
		<SimpleData name="PROPIEDAD">PAINE ENERGY SPA</SimpleData>
		<SimpleData name="TIPO">FOTOVOLTAICO</SimpleData>
		<SimpleData name="MEDIO_GENE">PMGD</SimpleData>
		<SimpleData name="COMBUSTIBL">NO APLICA</SimpleData>
		<SimpleData name="POTENCIAMW">9</SimpleData>
		<SimpleData name="UNIDADES">0</SimpleData>
		<SimpleData name="RCA">096/2019</SimpleData>
		<SimpleData name="SIST_ELECT">SEN</SimpleData>
		<SimpleData name="ESTADO">OPERATIVA</SimpleData>
		<SimpleData name="F_OPERACIO">1624579200000</SimpleData>
		<SimpleData name="COORD_ESTE">502799</SimpleData>
		<SimpleData name="COORD_NORT">7513902</SimpleData>
		<SimpleData name="HUSO">19 SUR</SimpleData>
		<SimpleData name="DATUM">WGS 1984</SimpleData>
		<SimpleData name="REGION">02</SimpleData>
		<SimpleData name="PROVINCIA">022</SimpleData>
		<SimpleData name="COMUNA">02201</SimpleData>
		<SimpleData name="FUENTE_BAS">CNE</SimpleData>
		<SimpleData name="FECH_CREA">1530316800000</SimpleData>
		<SimpleData name="FECH_ACT">1688083200000</SimpleData>
	</SchemaData></ExtendedData>
      <Point><coordinates>-68.9727906209999,-22.481264355</coordinates></Point>
  </Placemark>
  <Placemark id="centrales_solares.202">
	<name>VALLE DEL SOL (MODIFICACION)</name>
	<ExtendedData><SchemaData schemaUrl="#centrales_solares">
		<SimpleData name="OBJECTID">202</SimpleData>
		<SimpleData name="ID_GE_SOLA">453</SimpleData>
		<SimpleData name="NOMBRE">VALLE DEL SOL (MODIFICACION)</SimpleData>
		<SimpleData name="PROPIEDAD">ENEL GREEN POWER CHILE LIMITADA</SimpleData>
		<SimpleData name="TIPO">FOTOVOLTAICO</SimpleData>
		<SimpleData name="COMBUSTIBL">NO APLICA</SimpleData>
		<SimpleData name="POTENCIAMW">149.619</SimpleData>
		<SimpleData name="UNIDADES">0</SimpleData>
		<SimpleData name="RCA">220/2020</SimpleData>
		<SimpleData name="SIST_ELECT">SEN</SimpleData>
		<SimpleData name="ESTADO">OPERATIVA</SimpleData>
		<SimpleData name="F_OPERACIO">1681689600000</SimpleData>
		<SimpleData name="COORD_ESTE">440463</SimpleData>
		<SimpleData name="COORD_NORT">7530177</SimpleData>
		<SimpleData name="HUSO">19 SUR</SimpleData>
		<SimpleData name="DATUM">WGS 1984</SimpleData>
		<SimpleData name="REGION">02</SimpleData>
		<SimpleData name="PROVINCIA">023</SimpleData>
		<SimpleData name="COMUNA">02302</SimpleData>
		<SimpleData name="FUENTE_BAS">CNE</SimpleData>
		<SimpleData name="FECH_CREA">1438560000000</SimpleData>
		<SimpleData name="FECH_ACT">1688083200000</SimpleData>
	</SchemaData></ExtendedData>
      <Point><coordinates>-69.578145745,-22.3332052119999</coordinates></Point>
  </Placemark>
  <Placemark id="centrales_solares.203">
	<name>MUTUPIN</name>
	<ExtendedData><SchemaData schemaUrl="#centrales_solares">
		<SimpleData name="OBJECTID">203</SimpleData>
		<SimpleData name="ID_GE_SOLA">278</SimpleData>
		<SimpleData name="NOMBRE">MUTUPIN</SimpleData>
		<SimpleData name="PROPIEDAD">MONTEJO ENERGIA SPA</SimpleData>
		<SimpleData name="TIPO">FOTOVOLTAICO</SimpleData>
		<SimpleData name="MEDIO_GENE">PMGD</SimpleData>
		<SimpleData name="COMBUSTIBL">NO APLICA</SimpleData>
		<SimpleData name="POTENCIAMW">9</SimpleData>
		<SimpleData name="UNIDADES">0</SimpleData>
		<SimpleData name="RCA">063/2019</SimpleData>
		<SimpleData name="SIST_ELECT">SEN</SimpleData>
		<SimpleData name="ESTADO">OPERATIVA</SimpleData>
		<SimpleData name="F_OPERACIO">1625702400000</SimpleData>
		<SimpleData name="COORD_ESTE">242335</SimpleData>
		<SimpleData name="COORD_NORT">5963845</SimpleData>
		<SimpleData name="HUSO">19 SUR</SimpleData>
		<SimpleData name="DATUM">WGS 1984</SimpleData>
		<SimpleData name="REGION">16</SimpleData>
		<SimpleData name="PROVINCIA">163</SimpleData>
		<SimpleData name="COMUNA">16301</SimpleData>
		<SimpleData name="FUENTE_BAS">CNE</SimpleData>
		<SimpleData name="FECH_CREA">1546214400000</SimpleData>
		<SimpleData name="FECH_ACT">1688083200000</SimpleData>
	</SchemaData></ExtendedData>
      <Point><coordinates>-71.8744415039999,-36.4360487829999</coordinates></Point>
  </Placemark>
  <Placemark id="centrales_solares.204">
	<name>FARAMALLA</name>
	<ExtendedData><SchemaData schemaUrl="#centrales_solares">
		<SimpleData name="OBJECTID">204</SimpleData>
		<SimpleData name="ID_GE_SOLA">976</SimpleData>
		<SimpleData name="NOMBRE">FARAMALLA</SimpleData>
		<SimpleData name="PROPIEDAD">PARQUE FOTOVOLTAICO FARAMALLA SPA</SimpleData>
		<SimpleData name="TIPO">FOTOVOLTAICO</SimpleData>
		<SimpleData name="MEDIO_GENE">PMGD</SimpleData>
		<SimpleData name="COMBUSTIBL">NO APLICA</SimpleData>
		<SimpleData name="POTENCIAMW">3</SimpleData>
		<SimpleData name="UNIDADES">0</SimpleData>
		<SimpleData name="RCA">NO APLICA</SimpleData>
		<SimpleData name="SIST_ELECT">SEN</SimpleData>
		<SimpleData name="ESTADO">OPERATIVA</SimpleData>
		<SimpleData name="F_OPERACIO">1646956800000</SimpleData>
		<SimpleData name="COORD_ESTE">308924</SimpleData>
		<SimpleData name="COORD_NORT">6231104</SimpleData>
		<SimpleData name="HUSO">19 SUR</SimpleData>
		<SimpleData name="DATUM">WGS 1984</SimpleData>
		<SimpleData name="REGION">13</SimpleData>
		<SimpleData name="PROVINCIA">135</SimpleData>
		<SimpleData name="COMUNA">13502</SimpleData>
		<SimpleData name="FUENTE_BAS">CNE</SimpleData>
		<SimpleData name="FECH_CREA">1625011200000</SimpleData>
		<SimpleData name="FECH_ACT">1688083200000</SimpleData>
	</SchemaData></ExtendedData>
      <Point><coordinates>-71.069973152,-34.043356086</coordinates></Point>
  </Placemark>
  <Placemark id="centrales_solares.205">
	<name>LIQUIDAMBAR</name>
	<ExtendedData><SchemaData schemaUrl="#centrales_solares">
		<SimpleData name="OBJECTID">205</SimpleData>
		<SimpleData name="ID_GE_SOLA">1163</SimpleData>
		<SimpleData name="NOMBRE">LIQUIDAMBAR</SimpleData>
		<SimpleData name="PROPIEDAD">CVE PROYECTO SIETE SPA</SimpleData>
		<SimpleData name="TIPO">FOTOVOLTAICO</SimpleData>
		<SimpleData name="MEDIO_GENE">PMGD</SimpleData>
		<SimpleData name="COMBUSTIBL">NO APLICA</SimpleData>
		<SimpleData name="POTENCIAMW">9</SimpleData>
		<SimpleData name="UNIDADES">0</SimpleData>
		<SimpleData name="RCA">NO APLICA</SimpleData>
		<SimpleData name="SIST_ELECT">SEN</SimpleData>
		<SimpleData name="ESTADO">OPERATIVA</SimpleData>
		<SimpleData name="F_OPERACIO">1671408000000</SimpleData>
		<SimpleData name="COORD_ESTE">355969</SimpleData>
		<SimpleData name="COORD_NORT">6367125</SimpleData>
		<SimpleData name="HUSO">19 SUR</SimpleData>
		<SimpleData name="DATUM">WGS 1984</SimpleData>
		<SimpleData name="REGION">05</SimpleData>
		<SimpleData name="PROVINCIA">053</SimpleData>
		<SimpleData name="COMUNA">05304</SimpleData>
		<SimpleData name="FUENTE_BAS">CNE</SimpleData>
		<SimpleData name="FECH_CREA">1640908800000</SimpleData>
		<SimpleData name="FECH_ACT">1688083200000</SimpleData>
	</SchemaData></ExtendedData>
      <Point><coordinates>-70.538709562,-32.824456788</coordinates></Point>
  </Placemark>
  <Placemark id="centrales_solares.206">
	<name>PIDUCO</name>
	<ExtendedData><SchemaData schemaUrl="#centrales_solares">
		<SimpleData name="OBJECTID">206</SimpleData>
		<SimpleData name="ID_GE_SOLA">973</SimpleData>
		<SimpleData name="NOMBRE">PIDUCO</SimpleData>
		<SimpleData name="PROPIEDAD">FOTOVOLTAICA PATAGUA SPA</SimpleData>
		<SimpleData name="TIPO">FOTOVOLTAICO</SimpleData>
		<SimpleData name="MEDIO_GENE">PMGD</SimpleData>
		<SimpleData name="COMBUSTIBL">NO APLICA</SimpleData>
		<SimpleData name="POTENCIAMW">3</SimpleData>
		<SimpleData name="UNIDADES">0</SimpleData>
		<SimpleData name="RCA">NO APLICA</SimpleData>
		<SimpleData name="SIST_ELECT">SEN</SimpleData>
		<SimpleData name="ESTADO">OPERATIVA</SimpleData>
		<SimpleData name="F_OPERACIO">1660780800000</SimpleData>
		<SimpleData name="COORD_ESTE">253822</SimpleData>
		<SimpleData name="COORD_NORT">6076404</SimpleData>
		<SimpleData name="HUSO">19 SUR</SimpleData>
		<SimpleData name="DATUM">WGS 1984</SimpleData>
		<SimpleData name="REGION">07</SimpleData>
		<SimpleData name="PROVINCIA">071</SimpleData>
		<SimpleData name="COMUNA">07107</SimpleData>
		<SimpleData name="FUENTE_BAS">CNE</SimpleData>
		<SimpleData name="FECH_CREA">1625011200000</SimpleData>
		<SimpleData name="FECH_ACT">1688083200000</SimpleData>
	</SchemaData></ExtendedData>
      <Point><coordinates>-71.711566627,-35.42538173</coordinates></Point>
  </Placemark>
  <Placemark id="centrales_solares.207">
	<name>SOL DEL NORTE</name>
	<ExtendedData><SchemaData schemaUrl="#centrales_solares">
		<SimpleData name="OBJECTID">207</SimpleData>
		<SimpleData name="ID_GE_SOLA">186</SimpleData>
		<SimpleData name="NOMBRE">SOL DEL NORTE</SimpleData>
		<SimpleData name="PROPIEDAD">FOTOVOLTAICA SOL DEL NORTE SPA</SimpleData>
		<SimpleData name="TIPO">FOTOVOLTAICO</SimpleData>
		<SimpleData name="MEDIO_GENE">PMG</SimpleData>
		<SimpleData name="COMBUSTIBL">NO APLICA</SimpleData>
		<SimpleData name="POTENCIAMW">7.42</SimpleData>
		<SimpleData name="UNIDADES">0</SimpleData>
		<SimpleData name="RCA">193/2011</SimpleData>
		<SimpleData name="SIST_ELECT">SEN</SimpleData>
		<SimpleData name="ESTADO">OPERATIVA</SimpleData>
		<SimpleData name="F_OPERACIO">1651449600000</SimpleData>
		<SimpleData name="COORD_ESTE">541241</SimpleData>
		<SimpleData name="COORD_NORT">7343886</SimpleData>
		<SimpleData name="HUSO">19 SUR</SimpleData>
		<SimpleData name="DATUM">WGS 1984</SimpleData>
		<SimpleData name="REGION">02</SimpleData>
		<SimpleData name="PROVINCIA">021</SimpleData>
		<SimpleData name="COMUNA">02101</SimpleData>
		<SimpleData name="FUENTE_BAS">CNE</SimpleData>
		<SimpleData name="FECH_CREA">1438560000000</SimpleData>
		<SimpleData name="FECH_ACT">1688083200000</SimpleData>
	</SchemaData></ExtendedData>
      <Point><coordinates>-68.594478451,-24.0165115579999</coordinates></Point>
  </Placemark>
  <Placemark id="centrales_solares.208">
	<name>POBLACION</name>
	<ExtendedData><SchemaData schemaUrl="#centrales_solares">
		<SimpleData name="OBJECTID">208</SimpleData>
		<SimpleData name="ID_GE_SOLA">326</SimpleData>
		<SimpleData name="NOMBRE">POBLACION</SimpleData>
		<SimpleData name="PROPIEDAD">POBLACION SOLAR SPA</SimpleData>
		<SimpleData name="TIPO">FOTOVOLTAICO</SimpleData>
		<SimpleData name="MEDIO_GENE">PMGD</SimpleData>
		<SimpleData name="COMBUSTIBL">NO APLICA</SimpleData>
		<SimpleData name="POTENCIAMW">2.95</SimpleData>
		<SimpleData name="UNIDADES">0</SimpleData>
		<SimpleData name="RCA">NO APLICA</SimpleData>
		<SimpleData name="SIST_ELECT">SEN</SimpleData>
		<SimpleData name="ESTADO">OPERATIVA</SimpleData>
		<SimpleData name="F_OPERACIO">1567123200000</SimpleData>
		<SimpleData name="COORD_ESTE">265164</SimpleData>
		<SimpleData name="COORD_NORT">6184168</SimpleData>
		<SimpleData name="HUSO">19 SUR</SimpleData>
		<SimpleData name="DATUM">WGS 1984</SimpleData>
		<SimpleData name="REGION">06</SimpleData>
		<SimpleData name="PROVINCIA">063</SimpleData>
		<SimpleData name="COMUNA">06307</SimpleData>
		<SimpleData name="FUENTE_BAS">CNE</SimpleData>
		<SimpleData name="FECH_CREA">1538265600000</SimpleData>
		<SimpleData name="FECH_ACT">1688083200000</SimpleData>
	</SchemaData></ExtendedData>
      <Point><coordinates>-71.556426559,-34.4573385589999</coordinates></Point>
  </Placemark>
  <Placemark id="centrales_solares.209">
	<name>VALLE SOLAR OESTE II</name>
	<ExtendedData><SchemaData schemaUrl="#centrales_solares">
		<SimpleData name="OBJECTID">209</SimpleData>
		<SimpleData name="ID_GE_SOLA">457</SimpleData>
		<SimpleData name="NOMBRE">VALLE SOLAR OESTE II</SimpleData>
		<SimpleData name="PROPIEDAD">SOLAR BROTHERS SPA</SimpleData>
		<SimpleData name="TIPO">FOTOVOLTAICO</SimpleData>
		<SimpleData name="MEDIO_GENE">PMGD</SimpleData>
		<SimpleData name="COMBUSTIBL">NO APLICA</SimpleData>
		<SimpleData name="POTENCIAMW">8.992</SimpleData>
		<SimpleData name="UNIDADES">0</SimpleData>
		<SimpleData name="RCA">204/2015</SimpleData>
		<SimpleData name="SIST_ELECT">SEN</SimpleData>
		<SimpleData name="ESTADO">OPERATIVA</SimpleData>
		<SimpleData name="F_OPERACIO">1550016000000</SimpleData>
		<SimpleData name="COORD_ESTE">362149</SimpleData>
		<SimpleData name="COORD_NORT">6973930</SimpleData>
		<SimpleData name="HUSO">19 SUR</SimpleData>
		<SimpleData name="DATUM">WGS 1984</SimpleData>
		<SimpleData name="REGION">03</SimpleData>
		<SimpleData name="PROVINCIA">031</SimpleData>
		<SimpleData name="COMUNA">03101</SimpleData>
		<SimpleData name="FUENTE_BAS">CNE</SimpleData>
		<SimpleData name="FECH_CREA">1469577600000</SimpleData>
		<SimpleData name="FECH_ACT">1688083200000</SimpleData>
	</SchemaData></ExtendedData>
      <Point><coordinates>-70.393686276,-27.350881967</coordinates></Point>
  </Placemark>
  <Placemark id="centrales_solares.210">
	<name>SOLAR LA SILLA</name>
	<ExtendedData><SchemaData schemaUrl="#centrales_solares">
		<SimpleData name="OBJECTID">210</SimpleData>
		<SimpleData name="ID_GE_SOLA">407</SimpleData>
		<SimpleData name="NOMBRE">SOLAR LA SILLA</SimpleData>
		<SimpleData name="PROPIEDAD">ENEL GREEN POWER CHILE</SimpleData>
		<SimpleData name="TIPO">FOTOVOLTAICO</SimpleData>
		<SimpleData name="MEDIO_GENE">PMG</SimpleData>
		<SimpleData name="COMBUSTIBL">NO APLICA</SimpleData>
		<SimpleData name="POTENCIAMW">1.53</SimpleData>
		<SimpleData name="UNIDADES">0</SimpleData>
		<SimpleData name="RCA">NO APLICA</SimpleData>
		<SimpleData name="SIST_ELECT">SEN</SimpleData>
		<SimpleData name="ESTADO">OPERATIVA</SimpleData>
		<SimpleData name="F_OPERACIO">1470960000000</SimpleData>
		<SimpleData name="COORD_ESTE">330494</SimpleData>
		<SimpleData name="COORD_NORT">6767337</SimpleData>
		<SimpleData name="HUSO">19 SUR</SimpleData>
		<SimpleData name="DATUM">WGS 1984</SimpleData>
		<SimpleData name="REGION">04</SimpleData>
		<SimpleData name="PROVINCIA">041</SimpleData>
		<SimpleData name="COMUNA">04104</SimpleData>
		<SimpleData name="FUENTE_BAS">CNE</SimpleData>
		<SimpleData name="FECH_CREA">1483142400000</SimpleData>
		<SimpleData name="FECH_ACT">1688083200000</SimpleData>
	</SchemaData></ExtendedData>
      <Point><coordinates>-70.7437268099999,-29.211369756</coordinates></Point>
  </Placemark>
  <Placemark id="centrales_solares.211">
	<name>LOS MOLINOS</name>
	<ExtendedData><SchemaData schemaUrl="#centrales_solares">
		<SimpleData name="OBJECTID">211</SimpleData>
		<SimpleData name="ID_GE_SOLA">252</SimpleData>
		<SimpleData name="NOMBRE">LOS MOLINOS</SimpleData>
		<SimpleData name="PROPIEDAD">LOS MOLINOS SPA</SimpleData>
		<SimpleData name="TIPO">FOTOVOLTAICO</SimpleData>
		<SimpleData name="MEDIO_GENE">PMGD</SimpleData>
		<SimpleData name="COMBUSTIBL">NO APLICA</SimpleData>
		<SimpleData name="POTENCIAMW">9</SimpleData>
		<SimpleData name="UNIDADES">0</SimpleData>
		<SimpleData name="RCA">210/2019</SimpleData>
		<SimpleData name="SIST_ELECT">SEN</SimpleData>
		<SimpleData name="ESTADO">OPERATIVA</SimpleData>
		<SimpleData name="F_OPERACIO">1628035200000</SimpleData>
		<SimpleData name="COORD_ESTE">289764</SimpleData>
		<SimpleData name="COORD_NORT">6282964</SimpleData>
		<SimpleData name="HUSO">19 SUR</SimpleData>
		<SimpleData name="DATUM">WGS 1984</SimpleData>
		<SimpleData name="REGION">13</SimpleData>
		<SimpleData name="PROVINCIA">135</SimpleData>
		<SimpleData name="COMUNA">13504</SimpleData>
		<SimpleData name="FUENTE_BAS">CNE</SimpleData>
		<SimpleData name="FECH_CREA">1530316800000</SimpleData>
		<SimpleData name="FECH_ACT">1688083200000</SimpleData>
	</SchemaData></ExtendedData>
      <Point><coordinates>-71.265046335,-33.572319759</coordinates></Point>
  </Placemark>
  <Placemark id="centrales_solares.212">
	<name>ASTILLAS</name>
	<ExtendedData><SchemaData schemaUrl="#centrales_solares">
		<SimpleData name="OBJECTID">212</SimpleData>
		<SimpleData name="ID_GE_SOLA">25</SimpleData>
		<SimpleData name="NOMBRE">ASTILLAS</SimpleData>
		<SimpleData name="PROPIEDAD">GR CARZA SPA</SimpleData>
		<SimpleData name="TIPO">FOTOVOLTAICO</SimpleData>
		<SimpleData name="MEDIO_GENE">PMGD</SimpleData>
		<SimpleData name="COMBUSTIBL">NO APLICA</SimpleData>
		<SimpleData name="POTENCIAMW">9</SimpleData>
		<SimpleData name="UNIDADES">0</SimpleData>
		<SimpleData name="RCA">069/2019</SimpleData>
		<SimpleData name="SIST_ELECT">SEN</SimpleData>
		<SimpleData name="ESTADO">OPERATIVA</SimpleData>
		<SimpleData name="F_OPERACIO">1668038400000</SimpleData>
		<SimpleData name="COORD_ESTE">315248</SimpleData>
		<SimpleData name="COORD_NORT">6839406</SimpleData>
		<SimpleData name="HUSO">19 SUR</SimpleData>
		<SimpleData name="DATUM">WGS 1984</SimpleData>
		<SimpleData name="REGION">03</SimpleData>
		<SimpleData name="PROVINCIA">033</SimpleData>
		<SimpleData name="COMUNA">03301</SimpleData>
		<SimpleData name="FUENTE_BAS">CNE</SimpleData>
		<SimpleData name="FECH_CREA">1538265600000</SimpleData>
		<SimpleData name="FECH_ACT">1688083200000</SimpleData>
	</SchemaData></ExtendedData>
      <Point><coordinates>-70.8886921019999,-28.5590877829999</coordinates></Point>
  </Placemark>
  <Placemark id="centrales_solares.213">
	<name>PARQUE SOLAR FINIS TERRAE</name>
	<ExtendedData><SchemaData schemaUrl="#centrales_solares">
		<SimpleData name="OBJECTID">213</SimpleData>
		<SimpleData name="ID_GE_SOLA">293</SimpleData>
		<SimpleData name="NOMBRE">PARQUE SOLAR FINIS TERRAE</SimpleData>
		<SimpleData name="PROPIEDAD">ENEL GREEN POWER CHILE</SimpleData>
		<SimpleData name="TIPO">FOTOVOLTAICO</SimpleData>
		<SimpleData name="COMBUSTIBL">NO APLICA</SimpleData>
		<SimpleData name="POTENCIAMW">137.31</SimpleData>
		<SimpleData name="UNIDADES">0</SimpleData>
		<SimpleData name="RCA">235/2012</SimpleData>
		<SimpleData name="SIST_ELECT">SEN</SimpleData>
		<SimpleData name="ESTADO">OPERATIVA</SimpleData>
		<SimpleData name="F_OPERACIO">1492473600000</SimpleData>
		<SimpleData name="COORD_ESTE">446205</SimpleData>
		<SimpleData name="COORD_NORT">7528932</SimpleData>
		<SimpleData name="HUSO">19 SUR</SimpleData>
		<SimpleData name="DATUM">WGS 1984</SimpleData>
		<SimpleData name="REGION">02</SimpleData>
		<SimpleData name="PROVINCIA">023</SimpleData>
		<SimpleData name="COMUNA">02302</SimpleData>
		<SimpleData name="FUENTE_BAS">CNE</SimpleData>
		<SimpleData name="FECH_CREA">1506729600000</SimpleData>
		<SimpleData name="FECH_ACT">1688083200000</SimpleData>
	</SchemaData></ExtendedData>
      <Point><coordinates>-69.522430695,-22.344641622</coordinates></Point>
  </Placemark>
  <Placemark id="centrales_solares.214">
	<name>EL PILPEN</name>
	<ExtendedData><SchemaData schemaUrl="#centrales_solares">
		<SimpleData name="OBJECTID">214</SimpleData>
		<SimpleData name="ID_GE_SOLA">142</SimpleData>
		<SimpleData name="NOMBRE">EL PILPEN</SimpleData>
		<SimpleData name="PROPIEDAD">PV EL PILPEN SPA</SimpleData>
		<SimpleData name="TIPO">FOTOVOLTAICO</SimpleData>
		<SimpleData name="MEDIO_GENE">PMGD</SimpleData>
		<SimpleData name="COMBUSTIBL">NO APLICA</SimpleData>
		<SimpleData name="POTENCIAMW">2.9901</SimpleData>
		<SimpleData name="UNIDADES">0</SimpleData>
		<SimpleData name="RCA">NO APLICA</SimpleData>
		<SimpleData name="SIST_ELECT">SEN</SimpleData>
		<SimpleData name="ESTADO">OPERATIVA</SimpleData>
		<SimpleData name="F_OPERACIO">1509580800000</SimpleData>
		<SimpleData name="COORD_ESTE">291800</SimpleData>
		<SimpleData name="COORD_NORT">6284500</SimpleData>
		<SimpleData name="HUSO">19 SUR</SimpleData>
		<SimpleData name="DATUM">WGS 1984</SimpleData>
		<SimpleData name="REGION">13</SimpleData>
		<SimpleData name="PROVINCIA">135</SimpleData>
		<SimpleData name="COMUNA">13504</SimpleData>
		<SimpleData name="FUENTE_BAS">CNE</SimpleData>
		<SimpleData name="FECH_CREA">1514678400000</SimpleData>
		<SimpleData name="FECH_ACT">1688083200000</SimpleData>
	</SchemaData></ExtendedData>
      <Point><coordinates>-71.242767468,-33.5588757789999</coordinates></Point>
  </Placemark>
  <Placemark id="centrales_solares.215">
	<name>EL TIUQUE</name>
	<ExtendedData><SchemaData schemaUrl="#centrales_solares">
		<SimpleData name="OBJECTID">215</SimpleData>
		<SimpleData name="ID_GE_SOLA">1225</SimpleData>
		<SimpleData name="NOMBRE">EL TIUQUE</SimpleData>
		<SimpleData name="PROPIEDAD">PFV EL TIUQUE SPA</SimpleData>
		<SimpleData name="TIPO">FOTOVOLTAICO</SimpleData>
		<SimpleData name="MEDIO_GENE">PMGD</SimpleData>
		<SimpleData name="COMBUSTIBL">NO APLICA</SimpleData>
		<SimpleData name="POTENCIAMW">1.5</SimpleData>
		<SimpleData name="UNIDADES">0</SimpleData>
		<SimpleData name="RCA">NO APLICA</SimpleData>
		<SimpleData name="SIST_ELECT">SEN</SimpleData>
		<SimpleData name="ESTADO">OPERATIVA</SimpleData>
		<SimpleData name="F_OPERACIO">1659052800000</SimpleData>
		<SimpleData name="COORD_ESTE">256483</SimpleData>
		<SimpleData name="COORD_NORT">6055704</SimpleData>
		<SimpleData name="HUSO">19 SUR</SimpleData>
		<SimpleData name="DATUM">WGS 1984</SimpleData>
		<SimpleData name="REGION">07</SimpleData>
		<SimpleData name="PROVINCIA">074</SimpleData>
		<SimpleData name="COMUNA">07406</SimpleData>
		<SimpleData name="FUENTE_BAS">CNE</SimpleData>
		<SimpleData name="FECH_CREA">1656547200000</SimpleData>
		<SimpleData name="FECH_ACT">1688083200000</SimpleData>
	</SchemaData></ExtendedData>
      <Point><coordinates>-71.688499662,-35.6124755609999</coordinates></Point>
  </Placemark>
  <Placemark id="centrales_solares.216">
	<name>MAIKONO</name>
	<ExtendedData><SchemaData schemaUrl="#centrales_solares">
		<SimpleData name="OBJECTID">216</SimpleData>
		<SimpleData name="ID_GE_SOLA">1153</SimpleData>
		<SimpleData name="NOMBRE">MAIKONO</SimpleData>
		<SimpleData name="PROPIEDAD">TORTOLA SPA</SimpleData>
		<SimpleData name="TIPO">FOTOVOLTAICO</SimpleData>
		<SimpleData name="MEDIO_GENE">PMGD</SimpleData>
		<SimpleData name="COMBUSTIBL">NO APLICA</SimpleData>
		<SimpleData name="POTENCIAMW">3</SimpleData>
		<SimpleData name="UNIDADES">0</SimpleData>
		<SimpleData name="RCA">NO APLICA</SimpleData>
		<SimpleData name="SIST_ELECT">SEN</SimpleData>
		<SimpleData name="ESTADO">OPERATIVA</SimpleData>
		<SimpleData name="F_OPERACIO">1673568000000</SimpleData>
		<SimpleData name="COORD_ESTE">271562</SimpleData>
		<SimpleData name="COORD_NORT">6366399</SimpleData>
		<SimpleData name="HUSO">19 SUR</SimpleData>
		<SimpleData name="DATUM">WGS 1984</SimpleData>
		<SimpleData name="REGION">05</SimpleData>
		<SimpleData name="PROVINCIA">051</SimpleData>
		<SimpleData name="COMUNA">05107</SimpleData>
		<SimpleData name="FUENTE_BAS">CNE</SimpleData>
		<SimpleData name="FECH_CREA">1640908800000</SimpleData>
		<SimpleData name="FECH_ACT">1688083200000</SimpleData>
	</SchemaData></ExtendedData>
      <Point><coordinates>-71.440047479,-32.816675279</coordinates></Point>
  </Placemark>
  <Placemark id="centrales_solares.217">
	<name>EL AGUILA</name>
	<ExtendedData><SchemaData schemaUrl="#centrales_solares">
		<SimpleData name="OBJECTID">217</SimpleData>
		<SimpleData name="ID_GE_SOLA">398</SimpleData>
		<SimpleData name="NOMBRE">EL AGUILA</SimpleData>
		<SimpleData name="PROPIEDAD">ENGIE</SimpleData>
		<SimpleData name="TIPO">FOTOVOLTAICO</SimpleData>
		<SimpleData name="MEDIO_GENE">PMG</SimpleData>
		<SimpleData name="COMBUSTIBL">NO APLICA</SimpleData>
		<SimpleData name="POTENCIAMW">2</SimpleData>
		<SimpleData name="UNIDADES">0</SimpleData>
		<SimpleData name="RCA">NO APLICA</SimpleData>
		<SimpleData name="SIST_ELECT">SEN</SimpleData>
		<SimpleData name="ESTADO">OPERATIVA</SimpleData>
		<SimpleData name="F_OPERACIO">1538611200000</SimpleData>
		<SimpleData name="COORD_ESTE">406365</SimpleData>
		<SimpleData name="COORD_NORT">7960300</SimpleData>
		<SimpleData name="HUSO">19 SUR</SimpleData>
		<SimpleData name="DATUM">WGS 1984</SimpleData>
		<SimpleData name="REGION">15</SimpleData>
		<SimpleData name="PROVINCIA">151</SimpleData>
		<SimpleData name="COMUNA">15101</SimpleData>
		<SimpleData name="FUENTE_BAS">CNE</SimpleData>
		<SimpleData name="FECH_CREA">1438560000000</SimpleData>
		<SimpleData name="FECH_ACT">1688083200000</SimpleData>
	</SchemaData></ExtendedData>
      <Point><coordinates>-69.8867200609999,-18.4454608139999</coordinates></Point>
  </Placemark>
  <Placemark id="centrales_solares.218">
	<name>DOMEYKO</name>
	<ExtendedData><SchemaData schemaUrl="#centrales_solares">
		<SimpleData name="OBJECTID">218</SimpleData>
		<SimpleData name="ID_GE_SOLA">105</SimpleData>
		<SimpleData name="NOMBRE">DOMEYKO</SimpleData>
		<SimpleData name="PROPIEDAD">ENEL GREEN POWER DEL SUR SPA</SimpleData>
		<SimpleData name="TIPO">FOTOVOLTAICO</SimpleData>
		<SimpleData name="COMBUSTIBL">NO APLICA</SimpleData>
		<SimpleData name="POTENCIAMW">201.61</SimpleData>
		<SimpleData name="UNIDADES">0</SimpleData>
		<SimpleData name="RCA">200/2012</SimpleData>
		<SimpleData name="SIST_ELECT">SEN</SimpleData>
		<SimpleData name="ESTADO">OPERATIVA</SimpleData>
		<SimpleData name="F_OPERACIO">1672272000000</SimpleData>
		<SimpleData name="COORD_ESTE">441295</SimpleData>
		<SimpleData name="COORD_NORT">7338784</SimpleData>
		<SimpleData name="HUSO">19 SUR</SimpleData>
		<SimpleData name="DATUM">WGS 1984</SimpleData>
		<SimpleData name="REGION">02</SimpleData>
		<SimpleData name="PROVINCIA">021</SimpleData>
		<SimpleData name="COMUNA">02101</SimpleData>
		<SimpleData name="FUENTE_BAS">CNE</SimpleData>
		<SimpleData name="FECH_CREA">1438560000000</SimpleData>
		<SimpleData name="FECH_ACT">1688083200000</SimpleData>
	</SchemaData></ExtendedData>
      <Point><coordinates>-69.577444723,-24.062041128</coordinates></Point>
  </Placemark>
  <Placemark id="centrales_solares.219">
	<name>LA CRUZ SOLAR</name>
	<ExtendedData><SchemaData schemaUrl="#centrales_solares">
		<SimpleData name="OBJECTID">219</SimpleData>
		<SimpleData name="ID_GE_SOLA">198</SimpleData>
		<SimpleData name="NOMBRE">LA CRUZ SOLAR</SimpleData>
		<SimpleData name="PROPIEDAD">FOTOVOLTAICA NORTE GRANDE 1 SPA</SimpleData>
		<SimpleData name="TIPO">FOTOVOLTAICO</SimpleData>
		<SimpleData name="COMBUSTIBL">NO APLICA</SimpleData>
		<SimpleData name="POTENCIAMW">52.0201</SimpleData>
		<SimpleData name="UNIDADES">0</SimpleData>
		<SimpleData name="RCA">021/2020</SimpleData>
		<SimpleData name="SIST_ELECT">SEN</SimpleData>
		<SimpleData name="ESTADO">OPERATIVA</SimpleData>
		<SimpleData name="F_OPERACIO">1649289600000</SimpleData>
		<SimpleData name="COORD_ESTE">436928</SimpleData>
		<SimpleData name="COORD_NORT">7538580</SimpleData>
		<SimpleData name="HUSO">19 SUR</SimpleData>
		<SimpleData name="DATUM">WGS 1984</SimpleData>
		<SimpleData name="REGION">02</SimpleData>
		<SimpleData name="PROVINCIA">023</SimpleData>
		<SimpleData name="COMUNA">02302</SimpleData>
		<SimpleData name="FUENTE_BAS">CNE</SimpleData>
		<SimpleData name="FECH_CREA">1577750400000</SimpleData>
		<SimpleData name="FECH_ACT">1688083200000</SimpleData>
	</SchemaData></ExtendedData>
      <Point><coordinates>-69.6121408609999,-22.257168755</coordinates></Point>
  </Placemark>
  <Placemark id="centrales_solares.220">
	<name>VILLA CRUZ</name>
	<ExtendedData><SchemaData schemaUrl="#centrales_solares">
		<SimpleData name="OBJECTID">220</SimpleData>
		<SimpleData name="ID_GE_SOLA">496</SimpleData>
		<SimpleData name="NOMBRE">VILLA CRUZ</SimpleData>
		<SimpleData name="PROPIEDAD">VILLA CRUZ SPA</SimpleData>
		<SimpleData name="TIPO">FOTOVOLTAICO</SimpleData>
		<SimpleData name="MEDIO_GENE">PMGD</SimpleData>
		<SimpleData name="COMBUSTIBL">NO APLICA</SimpleData>
		<SimpleData name="POTENCIAMW">2.9325</SimpleData>
		<SimpleData name="UNIDADES">0</SimpleData>
		<SimpleData name="RCA">NO APLICA</SimpleData>
		<SimpleData name="SIST_ELECT">SEN</SimpleData>
		<SimpleData name="ESTADO">OPERATIVA</SimpleData>
		<SimpleData name="F_OPERACIO">1582243200000</SimpleData>
		<SimpleData name="COORD_ESTE">238810</SimpleData>
		<SimpleData name="COORD_NORT">6057500</SimpleData>
		<SimpleData name="HUSO">19 SUR</SimpleData>
		<SimpleData name="DATUM">WGS 1984</SimpleData>
		<SimpleData name="REGION">07</SimpleData>
		<SimpleData name="PROVINCIA">074</SimpleData>
		<SimpleData name="COMUNA">07406</SimpleData>
		<SimpleData name="FUENTE_BAS">CNE</SimpleData>
		<SimpleData name="FECH_CREA">1561852800000</SimpleData>
		<SimpleData name="FECH_ACT">1688083200000</SimpleData>
	</SchemaData></ExtendedData>
      <Point><coordinates>-71.882820679,-35.591792636</coordinates></Point>
  </Placemark>
  <Placemark id="centrales_solares.221">
	<name>VALPARAISO</name>
	<ExtendedData><SchemaData schemaUrl="#centrales_solares">
		<SimpleData name="OBJECTID">221</SimpleData>
		<SimpleData name="ID_GE_SOLA">756</SimpleData>
		<SimpleData name="NOMBRE">VALPARAISO</SimpleData>
		<SimpleData name="PROPIEDAD">PARQUE SOLAR LA ROSA SPA</SimpleData>
		<SimpleData name="TIPO">FOTOVOLTAICO</SimpleData>
		<SimpleData name="MEDIO_GENE">PMGD</SimpleData>
		<SimpleData name="COMBUSTIBL">NO APLICA</SimpleData>
		<SimpleData name="POTENCIAMW">6</SimpleData>
		<SimpleData name="UNIDADES">0</SimpleData>
		<SimpleData name="RCA">202199101262/2021</SimpleData>
		<SimpleData name="SIST_ELECT">SEN</SimpleData>
		<SimpleData name="ESTADO">OPERATIVA</SimpleData>
		<SimpleData name="F_OPERACIO">1651622400000</SimpleData>
		<SimpleData name="COORD_ESTE">313195</SimpleData>
		<SimpleData name="COORD_NORT">6364970</SimpleData>
		<SimpleData name="HUSO">19 SUR</SimpleData>
		<SimpleData name="DATUM">WGS 1984</SimpleData>
		<SimpleData name="REGION">05</SimpleData>
		<SimpleData name="PROVINCIA">057</SimpleData>
		<SimpleData name="COMUNA">05703</SimpleData>
		<SimpleData name="FUENTE_BAS">CNE</SimpleData>
		<SimpleData name="FECH_CREA">1593475200000</SimpleData>
		<SimpleData name="FECH_ACT">1688083200000</SimpleData>
	</SchemaData></ExtendedData>
      <Point><coordinates>-70.995894477,-32.837435289</coordinates></Point>
  </Placemark>
  <Placemark id="centrales_solares.222">
	<name>TARANTO SOLAR</name>
	<ExtendedData><SchemaData schemaUrl="#centrales_solares">
		<SimpleData name="OBJECTID">222</SimpleData>
		<SimpleData name="ID_GE_SOLA">565</SimpleData>
		<SimpleData name="NOMBRE">TARANTO SOLAR</SimpleData>
		<SimpleData name="PROPIEDAD">TARANTO SOLAR SPA</SimpleData>
		<SimpleData name="TIPO">FOTOVOLTAICO</SimpleData>
		<SimpleData name="MEDIO_GENE">PMGD</SimpleData>
		<SimpleData name="COMBUSTIBL">NO APLICA</SimpleData>
		<SimpleData name="POTENCIAMW">9</SimpleData>
		<SimpleData name="UNIDADES">0</SimpleData>
		<SimpleData name="RCA">019/2020</SimpleData>
		<SimpleData name="SIST_ELECT">SEN</SimpleData>
		<SimpleData name="ESTADO">OPERATIVA</SimpleData>
		<SimpleData name="F_OPERACIO">1641945600000</SimpleData>
		<SimpleData name="COORD_ESTE">274893</SimpleData>
		<SimpleData name="COORD_NORT">6304415</SimpleData>
		<SimpleData name="HUSO">19 SUR</SimpleData>
		<SimpleData name="DATUM">WGS 1984</SimpleData>
		<SimpleData name="REGION">05</SimpleData>
		<SimpleData name="PROVINCIA">051</SimpleData>
		<SimpleData name="COMUNA">05102</SimpleData>
		<SimpleData name="FUENTE_BAS">CNE</SimpleData>
		<SimpleData name="FECH_CREA">1577750400000</SimpleData>
		<SimpleData name="FECH_ACT">1688083200000</SimpleData>
	</SchemaData></ExtendedData>
      <Point><coordinates>-71.419760799,-33.3759769339999</coordinates></Point>
  </Placemark>
  <Placemark id="centrales_solares.223">
	<name>EL LITRE SOLAR</name>
	<ExtendedData><SchemaData schemaUrl="#centrales_solares">
		<SimpleData name="OBJECTID">223</SimpleData>
		<SimpleData name="ID_GE_SOLA">237</SimpleData>
		<SimpleData name="NOMBRE">EL LITRE SOLAR</SimpleData>
		<SimpleData name="PROPIEDAD">CEDARS SOLAR SPA</SimpleData>
		<SimpleData name="TIPO">FOTOVOLTAICO</SimpleData>
		<SimpleData name="MEDIO_GENE">PMGD</SimpleData>
		<SimpleData name="COMBUSTIBL">NO APLICA</SimpleData>
		<SimpleData name="POTENCIAMW">9</SimpleData>
		<SimpleData name="UNIDADES">0</SimpleData>
		<SimpleData name="RCA">469/2018</SimpleData>
		<SimpleData name="SIST_ELECT">SEN</SimpleData>
		<SimpleData name="ESTADO">OPERATIVA</SimpleData>
		<SimpleData name="F_OPERACIO">1592611200000</SimpleData>
		<SimpleData name="COORD_ESTE">333772</SimpleData>
		<SimpleData name="COORD_NORT">6333116</SimpleData>
		<SimpleData name="HUSO">19 SUR</SimpleData>
		<SimpleData name="DATUM">WGS 1984</SimpleData>
		<SimpleData name="REGION">13</SimpleData>
		<SimpleData name="PROVINCIA">133</SimpleData>
		<SimpleData name="COMUNA">13303</SimpleData>
		<SimpleData name="FUENTE_BAS">CNE</SimpleData>
		<SimpleData name="FECH_CREA">1506729600000</SimpleData>
		<SimpleData name="FECH_ACT">1688083200000</SimpleData>
	</SchemaData></ExtendedData>
      <Point><coordinates>-70.781901265,-33.12794493</coordinates></Point>
  </Placemark>
  <Placemark id="centrales_solares.224">
	<name>ALTOS DE TIL TIL</name>
	<ExtendedData><SchemaData schemaUrl="#centrales_solares">
		<SimpleData name="OBJECTID">224</SimpleData>
		<SimpleData name="ID_GE_SOLA">11</SimpleData>
		<SimpleData name="NOMBRE">ALTOS DE TIL TIL</SimpleData>
		<SimpleData name="PROPIEDAD">ELECTRICA ALTOS DE TIL TIL SPA</SimpleData>
		<SimpleData name="TIPO">FOTOVOLTAICO</SimpleData>
		<SimpleData name="MEDIO_GENE">PMGD</SimpleData>
		<SimpleData name="COMBUSTIBL">NO APLICA</SimpleData>
		<SimpleData name="POTENCIAMW">1.7</SimpleData>
		<SimpleData name="UNIDADES">0</SimpleData>
		<SimpleData name="RCA">NO APLICA</SimpleData>
		<SimpleData name="SIST_ELECT">SEN</SimpleData>
		<SimpleData name="ESTADO">OPERATIVA</SimpleData>
		<SimpleData name="F_OPERACIO">1560470400000</SimpleData>
		<SimpleData name="COORD_ESTE">323741</SimpleData>
		<SimpleData name="COORD_NORT">6336378</SimpleData>
		<SimpleData name="HUSO">19 SUR</SimpleData>
		<SimpleData name="DATUM">WGS 1984</SimpleData>
		<SimpleData name="REGION">13</SimpleData>
		<SimpleData name="PROVINCIA">133</SimpleData>
		<SimpleData name="COMUNA">13303</SimpleData>
		<SimpleData name="FUENTE_BAS">CNE</SimpleData>
		<SimpleData name="FECH_CREA">1546214400000</SimpleData>
		<SimpleData name="FECH_ACT">1688083200000</SimpleData>
	</SchemaData></ExtendedData>
      <Point><coordinates>-70.8887508829999,-33.0969530789999</coordinates></Point>
  </Placemark>
  <Placemark id="centrales_solares.225">
	<name>QUEMADOS</name>
	<ExtendedData><SchemaData schemaUrl="#centrales_solares">
		<SimpleData name="OBJECTID">225</SimpleData>
		<SimpleData name="ID_GE_SOLA">900</SimpleData>
		<SimpleData name="NOMBRE">QUEMADOS</SimpleData>
		<SimpleData name="PROPIEDAD">PSF QUEMADOS SPA</SimpleData>
		<SimpleData name="TIPO">FOTOVOLTAICO</SimpleData>
		<SimpleData name="MEDIO_GENE">PMGD</SimpleData>
		<SimpleData name="COMBUSTIBL">NO APLICA</SimpleData>
		<SimpleData name="POTENCIAMW">7</SimpleData>
		<SimpleData name="UNIDADES">0</SimpleData>
		<SimpleData name="RCA">20210600122/2021</SimpleData>
		<SimpleData name="SIST_ELECT">SEN</SimpleData>
		<SimpleData name="ESTADO">OPERATIVA</SimpleData>
		<SimpleData name="F_OPERACIO">1678924800000</SimpleData>
		<SimpleData name="COORD_ESTE">343733</SimpleData>
		<SimpleData name="COORD_NORT">6221024</SimpleData>
		<SimpleData name="HUSO">19 SUR</SimpleData>
		<SimpleData name="DATUM">WGS 1984</SimpleData>
		<SimpleData name="REGION">06</SimpleData>
		<SimpleData name="PROVINCIA">061</SimpleData>
		<SimpleData name="COMUNA">06101</SimpleData>
		<SimpleData name="FUENTE_BAS">CNE</SimpleData>
		<SimpleData name="FECH_CREA">1609372800000</SimpleData>
		<SimpleData name="FECH_ACT">1688083200000</SimpleData>
	</SchemaData></ExtendedData>
      <Point><coordinates>-70.6948500359999,-34.139996277</coordinates></Point>
  </Placemark>
  <Placemark id="centrales_solares.226">
	<name>PILOTO SOLAR CARDONES</name>
	<ExtendedData><SchemaData schemaUrl="#centrales_solares">
		<SimpleData name="OBJECTID">226</SimpleData>
		<SimpleData name="ID_GE_SOLA">313</SimpleData>
		<SimpleData name="NOMBRE">PILOTO SOLAR CARDONES</SimpleData>
		<SimpleData name="PROPIEDAD">CENTRAL CARDONES</SimpleData>
		<SimpleData name="TIPO">FOTOVOLTAICO</SimpleData>
		<SimpleData name="MEDIO_GENE">PMG</SimpleData>
		<SimpleData name="COMBUSTIBL">NO APLICA</SimpleData>
		<SimpleData name="POTENCIAMW">0.3881</SimpleData>
		<SimpleData name="UNIDADES">0</SimpleData>
		<SimpleData name="RCA">NO APLICA</SimpleData>
		<SimpleData name="SIST_ELECT">SEN</SimpleData>
		<SimpleData name="ESTADO">OPERATIVA</SimpleData>
		<SimpleData name="F_OPERACIO">1487635200000</SimpleData>
		<SimpleData name="COORD_ESTE">363174</SimpleData>
		<SimpleData name="COORD_NORT">6958793</SimpleData>
		<SimpleData name="HUSO">19 SUR</SimpleData>
		<SimpleData name="DATUM">WGS 1984</SimpleData>
		<SimpleData name="REGION">03</SimpleData>
		<SimpleData name="PROVINCIA">031</SimpleData>
		<SimpleData name="COMUNA">03101</SimpleData>
		<SimpleData name="FUENTE_BAS">CNE</SimpleData>
		<SimpleData name="FECH_CREA">1490918400000</SimpleData>
		<SimpleData name="FECH_ACT">1688083200000</SimpleData>
	</SchemaData></ExtendedData>
      <Point><coordinates>-70.385029392,-27.4876026169999</coordinates></Point>
  </Placemark>
  <Placemark id="centrales_solares.227">
	<name>LAS LECHUZAS</name>
	<ExtendedData><SchemaData schemaUrl="#centrales_solares">
		<SimpleData name="OBJECTID">227</SimpleData>
		<SimpleData name="ID_GE_SOLA">489</SimpleData>
		<SimpleData name="NOMBRE">LAS LECHUZAS</SimpleData>
		<SimpleData name="PROPIEDAD">PFV LAS LECHUZAS SPA</SimpleData>
		<SimpleData name="TIPO">FOTOVOLTAICO</SimpleData>
		<SimpleData name="MEDIO_GENE">PMGD</SimpleData>
		<SimpleData name="COMBUSTIBL">NO APLICA</SimpleData>
		<SimpleData name="POTENCIAMW">3</SimpleData>
		<SimpleData name="UNIDADES">0</SimpleData>
		<SimpleData name="RCA">NO APLICA</SimpleData>
		<SimpleData name="SIST_ELECT">SEN</SimpleData>
		<SimpleData name="ESTADO">OPERATIVA</SimpleData>
		<SimpleData name="F_OPERACIO">1567728000000</SimpleData>
		<SimpleData name="COORD_ESTE">226130</SimpleData>
		<SimpleData name="COORD_NORT">5956610</SimpleData>
		<SimpleData name="HUSO">19 SUR</SimpleData>
		<SimpleData name="DATUM">WGS 1984</SimpleData>
		<SimpleData name="REGION">16</SimpleData>
		<SimpleData name="PROVINCIA">163</SimpleData>
		<SimpleData name="COMUNA">16301</SimpleData>
		<SimpleData name="FUENTE_BAS">CNE</SimpleData>
		<SimpleData name="FECH_CREA">1561852800000</SimpleData>
		<SimpleData name="FECH_ACT">1688083200000</SimpleData>
	</SchemaData></ExtendedData>
      <Point><coordinates>-72.057553545,-36.4966935149999</coordinates></Point>
  </Placemark>
  <Placemark id="centrales_solares.228">
	<name>TORINO</name>
	<ExtendedData><SchemaData schemaUrl="#centrales_solares">
		<SimpleData name="OBJECTID">228</SimpleData>
		<SimpleData name="ID_GE_SOLA">573</SimpleData>
		<SimpleData name="NOMBRE">TORINO</SimpleData>
		<SimpleData name="PROPIEDAD">TORINO SOLAR II SPA</SimpleData>
		<SimpleData name="TIPO">FOTOVOLTAICO</SimpleData>
		<SimpleData name="MEDIO_GENE">PMGD</SimpleData>
		<SimpleData name="COMBUSTIBL">NO APLICA</SimpleData>
		<SimpleData name="POTENCIAMW">8</SimpleData>
		<SimpleData name="UNIDADES">0</SimpleData>
		<SimpleData name="RCA">092/2020</SimpleData>
		<SimpleData name="SIST_ELECT">SEN</SimpleData>
		<SimpleData name="ESTADO">OPERATIVA</SimpleData>
		<SimpleData name="F_OPERACIO">1661472000000</SimpleData>
		<SimpleData name="COORD_ESTE">304029</SimpleData>
		<SimpleData name="COORD_NORT">6138923</SimpleData>
		<SimpleData name="HUSO">19 SUR</SimpleData>
		<SimpleData name="DATUM">WGS 1984</SimpleData>
		<SimpleData name="REGION">07</SimpleData>
		<SimpleData name="PROVINCIA">073</SimpleData>
		<SimpleData name="COMUNA">07308</SimpleData>
		<SimpleData name="FUENTE_BAS">CNE</SimpleData>
		<SimpleData name="FECH_CREA">1577750400000</SimpleData>
		<SimpleData name="FECH_ACT">1688083200000</SimpleData>
	</SchemaData></ExtendedData>
      <Point><coordinates>-71.144110767,-34.873184798</coordinates></Point>
  </Placemark>
  <Placemark id="centrales_solares.229">
	<name>DON MARTIN</name>
	<ExtendedData><SchemaData schemaUrl="#centrales_solares">
		<SimpleData name="OBJECTID">229</SimpleData>
		<SimpleData name="ID_GE_SOLA">1298</SimpleData>
		<SimpleData name="NOMBRE">DON MARTIN</SimpleData>
		<SimpleData name="PROPIEDAD">PARQUE SOLAR ALBOR SPA</SimpleData>
		<SimpleData name="TIPO">FOTOVOLTAICO</SimpleData>
		<SimpleData name="MEDIO_GENE">PMGD</SimpleData>
		<SimpleData name="COMBUSTIBL">NO APLICA</SimpleData>
		<SimpleData name="POTENCIAMW">2.75</SimpleData>
		<SimpleData name="UNIDADES">0</SimpleData>
		<SimpleData name="RCA">NO APLICA</SimpleData>
		<SimpleData name="SIST_ELECT">SEN</SimpleData>
		<SimpleData name="ESTADO">OPERATIVA</SimpleData>
		<SimpleData name="F_OPERACIO">1668124800000</SimpleData>
		<SimpleData name="COORD_ESTE">216592</SimpleData>
		<SimpleData name="COORD_NORT">5833969</SimpleData>
		<SimpleData name="HUSO">19 SUR</SimpleData>
		<SimpleData name="DATUM">WGS 1984</SimpleData>
		<SimpleData name="REGION">08</SimpleData>
		<SimpleData name="PROVINCIA">083</SimpleData>
		<SimpleData name="COMUNA">08301</SimpleData>
		<SimpleData name="FUENTE_BAS">CNE</SimpleData>
		<SimpleData name="FECH_CREA">1656547200000</SimpleData>
		<SimpleData name="FECH_ACT">1688083200000</SimpleData>
	</SchemaData></ExtendedData>
      <Point><coordinates>-72.210089011,-37.597734029</coordinates></Point>
  </Placemark>
  <Placemark id="centrales_solares.230">
	<name>MARIA ELENA FV</name>
	<ExtendedData><SchemaData schemaUrl="#centrales_solares">
		<SimpleData name="OBJECTID">230</SimpleData>
		<SimpleData name="ID_GE_SOLA">269</SimpleData>
		<SimpleData name="NOMBRE">MARIA ELENA FV</SimpleData>
		<SimpleData name="PROPIEDAD">GENERACION SOLAR SPA</SimpleData>
		<SimpleData name="TIPO">FOTOVOLTAICO</SimpleData>
		<SimpleData name="COMBUSTIBL">NO APLICA</SimpleData>
		<SimpleData name="POTENCIAMW">67.8</SimpleData>
		<SimpleData name="UNIDADES">0</SimpleData>
		<SimpleData name="RCA">142/2013</SimpleData>
		<SimpleData name="SIST_ELECT">SEN</SimpleData>
		<SimpleData name="ESTADO">OPERATIVA</SimpleData>
		<SimpleData name="F_OPERACIO">1421798400000</SimpleData>
		<SimpleData name="COORD_ESTE">440571</SimpleData>
		<SimpleData name="COORD_NORT">7542664</SimpleData>
		<SimpleData name="HUSO">19 SUR</SimpleData>
		<SimpleData name="DATUM">WGS 1984</SimpleData>
		<SimpleData name="REGION">02</SimpleData>
		<SimpleData name="PROVINCIA">023</SimpleData>
		<SimpleData name="COMUNA">02302</SimpleData>
		<SimpleData name="FUENTE_BAS">CNE</SimpleData>
		<SimpleData name="FECH_CREA">1418169600000</SimpleData>
		<SimpleData name="FECH_ACT">1688083200000</SimpleData>
	</SchemaData></ExtendedData>
      <Point><coordinates>-69.576634418,-22.220403872</coordinates></Point>
  </Placemark>
  <Placemark id="centrales_solares.231">
	<name>COLCHAGUA</name>
	<ExtendedData><SchemaData schemaUrl="#centrales_solares">
		<SimpleData name="OBJECTID">231</SimpleData>
		<SimpleData name="ID_GE_SOLA">1145</SimpleData>
		<SimpleData name="NOMBRE">COLCHAGUA</SimpleData>
		<SimpleData name="PROPIEDAD">PARQUE SOLAR LO PRADO SPA</SimpleData>
		<SimpleData name="TIPO">FOTOVOLTAICO</SimpleData>
		<SimpleData name="MEDIO_GENE">PMGD</SimpleData>
		<SimpleData name="COMBUSTIBL">NO APLICA</SimpleData>
		<SimpleData name="POTENCIAMW">2.7</SimpleData>
		<SimpleData name="UNIDADES">0</SimpleData>
		<SimpleData name="RCA">NO APLICA</SimpleData>
		<SimpleData name="SIST_ELECT">SEN</SimpleData>
		<SimpleData name="ESTADO">OPERATIVA</SimpleData>
		<SimpleData name="F_OPERACIO">1684627200000</SimpleData>
		<SimpleData name="COORD_ESTE">276133</SimpleData>
		<SimpleData name="COORD_NORT">6177657</SimpleData>
		<SimpleData name="HUSO">19 SUR</SimpleData>
		<SimpleData name="DATUM">WGS 1984</SimpleData>
		<SimpleData name="REGION">06</SimpleData>
		<SimpleData name="PROVINCIA">063</SimpleData>
		<SimpleData name="COMUNA">06306</SimpleData>
		<SimpleData name="FUENTE_BAS">CNE</SimpleData>
		<SimpleData name="FECH_CREA">1640908800000</SimpleData>
		<SimpleData name="FECH_ACT">1688083200000</SimpleData>
	</SchemaData></ExtendedData>
      <Point><coordinates>-71.43882368,-34.518441002</coordinates></Point>
  </Placemark>
  <Placemark id="centrales_solares.232">
	<name>LALACKAMA</name>
	<ExtendedData><SchemaData schemaUrl="#centrales_solares">
		<SimpleData name="OBJECTID">232</SimpleData>
		<SimpleData name="ID_GE_SOLA">214</SimpleData>
		<SimpleData name="NOMBRE">LALACKAMA</SimpleData>
		<SimpleData name="PROPIEDAD">ENEL GREEN POWER CHILE</SimpleData>
		<SimpleData name="TIPO">FOTOVOLTAICO</SimpleData>
		<SimpleData name="COMBUSTIBL">NO APLICA</SimpleData>
		<SimpleData name="POTENCIAMW">54.835</SimpleData>
		<SimpleData name="UNIDADES">0</SimpleData>
		<SimpleData name="RCA">089/2013</SimpleData>
		<SimpleData name="SIST_ELECT">SEN</SimpleData>
		<SimpleData name="ESTADO">OPERATIVA</SimpleData>
		<SimpleData name="F_OPERACIO">1433203200000</SimpleData>
		<SimpleData name="COORD_ESTE">368629</SimpleData>
		<SimpleData name="COORD_NORT">7221216</SimpleData>
		<SimpleData name="HUSO">19 SUR</SimpleData>
		<SimpleData name="DATUM">WGS 1984</SimpleData>
		<SimpleData name="REGION">02</SimpleData>
		<SimpleData name="PROVINCIA">021</SimpleData>
		<SimpleData name="COMUNA">02104</SimpleData>
		<SimpleData name="FUENTE_BAS">CNE</SimpleData>
		<SimpleData name="FECH_CREA">1443571200000</SimpleData>
		<SimpleData name="FECH_ACT">1688083200000</SimpleData>
	</SchemaData></ExtendedData>
      <Point><coordinates>-70.303054769,-25.1192278089999</coordinates></Point>
  </Placemark>
  <Placemark id="centrales_solares.233">
	<name>QUILAPILUN</name>
	<ExtendedData><SchemaData schemaUrl="#centrales_solares">
		<SimpleData name="OBJECTID">233</SimpleData>
		<SimpleData name="ID_GE_SOLA">345</SimpleData>
		<SimpleData name="NOMBRE">QUILAPILUN</SimpleData>
		<SimpleData name="PROPIEDAD">CHUNGUNGO S.A.</SimpleData>
		<SimpleData name="TIPO">FOTOVOLTAICO</SimpleData>
		<SimpleData name="COMBUSTIBL">NO APLICA</SimpleData>
		<SimpleData name="POTENCIAMW">103.02</SimpleData>
		<SimpleData name="UNIDADES">0</SimpleData>
		<SimpleData name="RCA">276/2015</SimpleData>
		<SimpleData name="SIST_ELECT">SEN</SimpleData>
		<SimpleData name="ESTADO">OPERATIVA</SimpleData>
		<SimpleData name="F_OPERACIO">1489017600000</SimpleData>
		<SimpleData name="COORD_ESTE">342496</SimpleData>
		<SimpleData name="COORD_NORT">6335950</SimpleData>
		<SimpleData name="HUSO">19 SUR</SimpleData>
		<SimpleData name="DATUM">WGS 1984</SimpleData>
		<SimpleData name="REGION">13</SimpleData>
		<SimpleData name="PROVINCIA">133</SimpleData>
		<SimpleData name="COMUNA">13301</SimpleData>
		<SimpleData name="FUENTE_BAS">CNE</SimpleData>
		<SimpleData name="FECH_CREA">1498780800000</SimpleData>
		<SimpleData name="FECH_ACT">1688083200000</SimpleData>
	</SchemaData></ExtendedData>
      <Point><coordinates>-70.6879305749999,-33.103695021</coordinates></Point>
  </Placemark>
  <Placemark id="centrales_solares.234">
	<name>LUDERS</name>
	<ExtendedData><SchemaData schemaUrl="#centrales_solares">
		<SimpleData name="OBJECTID">234</SimpleData>
		<SimpleData name="ID_GE_SOLA">306</SimpleData>
		<SimpleData name="NOMBRE">LUDERS</SimpleData>
		<SimpleData name="PROPIEDAD">GR LAUREL SPA</SimpleData>
		<SimpleData name="TIPO">FOTOVOLTAICO</SimpleData>
		<SimpleData name="MEDIO_GENE">PMGD</SimpleData>
		<SimpleData name="COMBUSTIBL">NO APLICA</SimpleData>
		<SimpleData name="POTENCIAMW">2.9559</SimpleData>
		<SimpleData name="UNIDADES">0</SimpleData>
		<SimpleData name="RCA">NO APLICA</SimpleData>
		<SimpleData name="SIST_ELECT">SEN</SimpleData>
		<SimpleData name="ESTADO">OPERATIVA</SimpleData>
		<SimpleData name="F_OPERACIO">1527033600000</SimpleData>
		<SimpleData name="COORD_ESTE">349301</SimpleData>
		<SimpleData name="COORD_NORT">6237264</SimpleData>
		<SimpleData name="HUSO">19 SUR</SimpleData>
		<SimpleData name="DATUM">WGS 1984</SimpleData>
		<SimpleData name="REGION">06</SimpleData>
		<SimpleData name="PROVINCIA">061</SimpleData>
		<SimpleData name="COMUNA">06110</SimpleData>
		<SimpleData name="FUENTE_BAS">CNE</SimpleData>
		<SimpleData name="FECH_CREA">1530316800000</SimpleData>
		<SimpleData name="FECH_ACT">1688083200000</SimpleData>
	</SchemaData></ExtendedData>
      <Point><coordinates>-70.63167264,-33.994409</coordinates></Point>
  </Placemark>
  <Placemark id="centrales_solares.235">
	<name>VILLA SOLAR</name>
	<ExtendedData><SchemaData schemaUrl="#centrales_solares">
		<SimpleData name="OBJECTID">235</SimpleData>
		<SimpleData name="ID_GE_SOLA">549</SimpleData>
		<SimpleData name="NOMBRE">VILLA SOLAR</SimpleData>
		<SimpleData name="PROPIEDAD">VILLAPRAT SPA</SimpleData>
		<SimpleData name="TIPO">FOTOVOLTAICO</SimpleData>
		<SimpleData name="MEDIO_GENE">PMGD</SimpleData>
		<SimpleData name="COMBUSTIBL">NO APLICA</SimpleData>
		<SimpleData name="POTENCIAMW">2.739</SimpleData>
		<SimpleData name="UNIDADES">0</SimpleData>
		<SimpleData name="RCA">NO APLICA</SimpleData>
		<SimpleData name="SIST_ELECT">SEN</SimpleData>
		<SimpleData name="ESTADO">OPERATIVA</SimpleData>
		<SimpleData name="F_OPERACIO">1611619200000</SimpleData>
		<SimpleData name="COORD_ESTE">261122</SimpleData>
		<SimpleData name="COORD_NORT">6111908</SimpleData>
		<SimpleData name="HUSO">19 SUR</SimpleData>
		<SimpleData name="DATUM">WGS 1984</SimpleData>
		<SimpleData name="REGION">07</SimpleData>
		<SimpleData name="PROVINCIA">073</SimpleData>
		<SimpleData name="COMUNA">07307</SimpleData>
		<SimpleData name="FUENTE_BAS">CNE</SimpleData>
		<SimpleData name="FECH_CREA">1577750400000</SimpleData>
		<SimpleData name="FECH_ACT">1688083200000</SimpleData>
	</SchemaData></ExtendedData>
      <Point><coordinates>-71.6209097879999,-35.10735614</coordinates></Point>
  </Placemark>
  <Placemark id="centrales_solares.236">
	<name>ROMERIA</name>
	<ExtendedData><SchemaData schemaUrl="#centrales_solares">
		<SimpleData name="OBJECTID">236</SimpleData>
		<SimpleData name="ID_GE_SOLA">561</SimpleData>
		<SimpleData name="NOMBRE">ROMERIA</SimpleData>
		<SimpleData name="PROPIEDAD">PARQUE SOLAR EL SAUCE SPA</SimpleData>
		<SimpleData name="TIPO">FOTOVOLTAICO</SimpleData>
		<SimpleData name="MEDIO_GENE">PMGD</SimpleData>
		<SimpleData name="COMBUSTIBL">NO APLICA</SimpleData>
		<SimpleData name="POTENCIAMW">9</SimpleData>
		<SimpleData name="UNIDADES">0</SimpleData>
		<SimpleData name="RCA">061/2020</SimpleData>
		<SimpleData name="SIST_ELECT">SEN</SimpleData>
		<SimpleData name="ESTADO">OPERATIVA</SimpleData>
		<SimpleData name="F_OPERACIO">1664755200000</SimpleData>
		<SimpleData name="COORD_ESTE">311802</SimpleData>
		<SimpleData name="COORD_NORT">6126687</SimpleData>
		<SimpleData name="HUSO">19 SUR</SimpleData>
		<SimpleData name="DATUM">WGS 1984</SimpleData>
		<SimpleData name="REGION">07</SimpleData>
		<SimpleData name="PROVINCIA">073</SimpleData>
		<SimpleData name="COMUNA">07306</SimpleData>
		<SimpleData name="FUENTE_BAS">CNE</SimpleData>
		<SimpleData name="FECH_CREA">1577750400000</SimpleData>
		<SimpleData name="FECH_ACT">1688083200000</SimpleData>
	</SchemaData></ExtendedData>
      <Point><coordinates>-71.0618745199999,-34.984921664</coordinates></Point>
  </Placemark>
  <Placemark id="centrales_solares.237">
	<name>SOLAR SAN ANDRES</name>
	<ExtendedData><SchemaData schemaUrl="#centrales_solares">
		<SimpleData name="OBJECTID">237</SimpleData>
		<SimpleData name="ID_GE_SOLA">415</SimpleData>
		<SimpleData name="NOMBRE">SOLAR SAN ANDRES</SimpleData>
		<SimpleData name="PROPIEDAD">SAN ANDRES SPA</SimpleData>
		<SimpleData name="TIPO">FOTOVOLTAICO</SimpleData>
		<SimpleData name="COMBUSTIBL">NO APLICA</SimpleData>
		<SimpleData name="POTENCIAMW">50.6</SimpleData>
		<SimpleData name="UNIDADES">0</SimpleData>
		<SimpleData name="RCA">186/2013</SimpleData>
		<SimpleData name="SIST_ELECT">SEN</SimpleData>
		<SimpleData name="ESTADO">OPERATIVA</SimpleData>
		<SimpleData name="F_OPERACIO">1398816000000</SimpleData>
		<SimpleData name="COORD_ESTE">389995</SimpleData>
		<SimpleData name="COORD_NORT">6984918</SimpleData>
		<SimpleData name="HUSO">19 SUR</SimpleData>
		<SimpleData name="DATUM">WGS 1984</SimpleData>
		<SimpleData name="REGION">03</SimpleData>
		<SimpleData name="PROVINCIA">031</SimpleData>
		<SimpleData name="COMUNA">03101</SimpleData>
		<SimpleData name="FUENTE_BAS">CNE</SimpleData>
		<SimpleData name="FECH_CREA">1418169600000</SimpleData>
		<SimpleData name="FECH_ACT">1688083200000</SimpleData>
	</SchemaData></ExtendedData>
      <Point><coordinates>-70.1112207529999,-27.25422452</coordinates></Point>
  </Placemark>
  <Placemark id="centrales_solares.238">
	<name>EL OLIVAR</name>
	<ExtendedData><SchemaData schemaUrl="#centrales_solares">
		<SimpleData name="OBJECTID">238</SimpleData>
		<SimpleData name="ID_GE_SOLA">613</SimpleData>
		<SimpleData name="NOMBRE">EL OLIVAR</SimpleData>
		<SimpleData name="PROPIEDAD">EL OLIVAR SOLAR SPA</SimpleData>
		<SimpleData name="TIPO">FOTOVOLTAICO</SimpleData>
		<SimpleData name="MEDIO_GENE">PMGD</SimpleData>
		<SimpleData name="COMBUSTIBL">NO APLICA</SimpleData>
		<SimpleData name="POTENCIAMW">9</SimpleData>
		<SimpleData name="UNIDADES">0</SimpleData>
		<SimpleData name="RCA">187/2020</SimpleData>
		<SimpleData name="SIST_ELECT">SEN</SimpleData>
		<SimpleData name="ESTADO">OPERATIVA</SimpleData>
		<SimpleData name="F_OPERACIO">1672272000000</SimpleData>
		<SimpleData name="COORD_ESTE">198120</SimpleData>
		<SimpleData name="COORD_NORT">5851930</SimpleData>
		<SimpleData name="HUSO">19 SUR</SimpleData>
		<SimpleData name="DATUM">WGS 1984</SimpleData>
		<SimpleData name="REGION">08</SimpleData>
		<SimpleData name="PROVINCIA">083</SimpleData>
		<SimpleData name="COMUNA">08301</SimpleData>
		<SimpleData name="FUENTE_BAS">CNE</SimpleData>
		<SimpleData name="FECH_CREA">1577750400000</SimpleData>
		<SimpleData name="FECH_ACT">1688083200000</SimpleData>
	</SchemaData></ExtendedData>
      <Point><coordinates>-72.411613351,-37.430255287</coordinates></Point>
  </Placemark>
  <Placemark id="centrales_solares.239">
	<name>PLAYERITO</name>
	<ExtendedData><SchemaData schemaUrl="#centrales_solares">
		<SimpleData name="OBJECTID">239</SimpleData>
		<SimpleData name="ID_GE_SOLA">633</SimpleData>
		<SimpleData name="NOMBRE">PLAYERITO</SimpleData>
		<SimpleData name="PROPIEDAD">PLAYERO SPA</SimpleData>
		<SimpleData name="TIPO">FOTOVOLTAICO</SimpleData>
		<SimpleData name="MEDIO_GENE">PMGD</SimpleData>
		<SimpleData name="COMBUSTIBL">NO APLICA</SimpleData>
		<SimpleData name="POTENCIAMW">3</SimpleData>
		<SimpleData name="UNIDADES">0</SimpleData>
		<SimpleData name="RCA">201/2019</SimpleData>
		<SimpleData name="SIST_ELECT">SEN</SimpleData>
		<SimpleData name="ESTADO">OPERATIVA</SimpleData>
		<SimpleData name="F_OPERACIO">1601424000000</SimpleData>
		<SimpleData name="COORD_ESTE">188540</SimpleData>
		<SimpleData name="COORD_NORT">6024286</SimpleData>
		<SimpleData name="HUSO">19 SUR</SimpleData>
		<SimpleData name="DATUM">WGS 1984</SimpleData>
		<SimpleData name="REGION">07</SimpleData>
		<SimpleData name="PROVINCIA">072</SimpleData>
		<SimpleData name="COMUNA">07202</SimpleData>
		<SimpleData name="FUENTE_BAS">CNE</SimpleData>
		<SimpleData name="FECH_CREA">1593475200000</SimpleData>
		<SimpleData name="FECH_ACT">1688083200000</SimpleData>
	</SchemaData></ExtendedData>
      <Point><coordinates>-72.449722739,-35.8761809119999</coordinates></Point>
  </Placemark>
  <Placemark id="centrales_solares.240">
	<name>SOL DE LOS ANDES</name>
	<ExtendedData><SchemaData schemaUrl="#centrales_solares">
		<SimpleData name="OBJECTID">240</SimpleData>
		<SimpleData name="ID_GE_SOLA">383</SimpleData>
		<SimpleData name="NOMBRE">SOL DE LOS ANDES</SimpleData>
		<SimpleData name="PROPIEDAD">AUSTRIANSOLAR CHILE UNO SPA</SimpleData>
		<SimpleData name="TIPO">FOTOVOLTAICO</SimpleData>
		<SimpleData name="COMBUSTIBL">NO APLICA</SimpleData>
		<SimpleData name="POTENCIAMW">81.34</SimpleData>
		<SimpleData name="UNIDADES">0</SimpleData>
		<SimpleData name="RCA">115/2014</SimpleData>
		<SimpleData name="SIST_ELECT">SEN</SimpleData>
		<SimpleData name="ESTADO">OPERATIVA</SimpleData>
		<SimpleData name="F_OPERACIO">1643587200000</SimpleData>
		<SimpleData name="COORD_ESTE">407821</SimpleData>
		<SimpleData name="COORD_NORT">7088744</SimpleData>
		<SimpleData name="HUSO">19 SUR</SimpleData>
		<SimpleData name="DATUM">WGS 1984</SimpleData>
		<SimpleData name="REGION">03</SimpleData>
		<SimpleData name="PROVINCIA">032</SimpleData>
		<SimpleData name="COMUNA">03202</SimpleData>
		<SimpleData name="FUENTE_BAS">CNE</SimpleData>
		<SimpleData name="FECH_CREA">1438560000000</SimpleData>
		<SimpleData name="FECH_ACT">1688083200000</SimpleData>
	</SchemaData></ExtendedData>
      <Point><coordinates>-69.923552764,-26.318230242</coordinates></Point>
  </Placemark>
  <Placemark id="centrales_solares.241">
	<name>SANTA ELIZABETH</name>
	<ExtendedData><SchemaData schemaUrl="#centrales_solares">
		<SimpleData name="OBJECTID">241</SimpleData>
		<SimpleData name="ID_GE_SOLA">696</SimpleData>
		<SimpleData name="NOMBRE">SANTA ELIZABETH</SimpleData>
		<SimpleData name="PROPIEDAD">PSF SANTA ISABEL SPA</SimpleData>
		<SimpleData name="TIPO">FOTOVOLTAICO</SimpleData>
		<SimpleData name="MEDIO_GENE">PMGD</SimpleData>
		<SimpleData name="COMBUSTIBL">NO APLICA</SimpleData>
		<SimpleData name="POTENCIAMW">9</SimpleData>
		<SimpleData name="UNIDADES">0</SimpleData>
		<SimpleData name="RCA">026/2020</SimpleData>
		<SimpleData name="SIST_ELECT">SEN</SimpleData>
		<SimpleData name="ESTADO">OPERATIVA</SimpleData>
		<SimpleData name="F_OPERACIO">1674518400000</SimpleData>
		<SimpleData name="COORD_ESTE">324489</SimpleData>
		<SimpleData name="COORD_NORT">6201477</SimpleData>
		<SimpleData name="HUSO">19 SUR</SimpleData>
		<SimpleData name="DATUM">WGS 1984</SimpleData>
		<SimpleData name="REGION">06</SimpleData>
		<SimpleData name="PROVINCIA">061</SimpleData>
		<SimpleData name="COMUNA">06115</SimpleData>
		<SimpleData name="FUENTE_BAS">CNE</SimpleData>
		<SimpleData name="FECH_CREA">1593475200000</SimpleData>
		<SimpleData name="FECH_ACT">1688083200000</SimpleData>
	</SchemaData></ExtendedData>
      <Point><coordinates>-70.907441101,-34.3131269039999</coordinates></Point>
  </Placemark>
  <Placemark id="centrales_solares.242">
	<name>SATURNO NORTE</name>
	<ExtendedData><SchemaData schemaUrl="#centrales_solares">
		<SimpleData name="OBJECTID">242</SimpleData>
		<SimpleData name="ID_GE_SOLA">847</SimpleData>
		<SimpleData name="NOMBRE">SATURNO NORTE</SimpleData>
		<SimpleData name="PROPIEDAD">LOS LIBERTADORES SOLAR SPA</SimpleData>
		<SimpleData name="TIPO">FOTOVOLTAICO</SimpleData>
		<SimpleData name="MEDIO_GENE">PMGD</SimpleData>
		<SimpleData name="COMBUSTIBL">NO APLICA</SimpleData>
		<SimpleData name="POTENCIAMW">4.5</SimpleData>
		<SimpleData name="UNIDADES">0</SimpleData>
		<SimpleData name="RCA">039/2019</SimpleData>
		<SimpleData name="SIST_ELECT">SEN</SimpleData>
		<SimpleData name="ESTADO">OPERATIVA</SimpleData>
		<SimpleData name="F_OPERACIO">1622764800000</SimpleData>
		<SimpleData name="COORD_ESTE">282663</SimpleData>
		<SimpleData name="COORD_NORT">6041167</SimpleData>
		<SimpleData name="HUSO">19 SUR</SimpleData>
		<SimpleData name="DATUM">WGS 1984</SimpleData>
		<SimpleData name="REGION">07</SimpleData>
		<SimpleData name="PROVINCIA">074</SimpleData>
		<SimpleData name="COMUNA">07402</SimpleData>
		<SimpleData name="FUENTE_BAS">CNE</SimpleData>
		<SimpleData name="FECH_CREA">1609372800000</SimpleData>
		<SimpleData name="FECH_ACT">1688083200000</SimpleData>
	</SchemaData></ExtendedData>
      <Point><coordinates>-71.403632203,-35.749533593</coordinates></Point>
  </Placemark>
  <Placemark id="centrales_solares.243">
	<name>RLA SOLAR</name>
	<ExtendedData><SchemaData schemaUrl="#centrales_solares">
		<SimpleData name="OBJECTID">243</SimpleData>
		<SimpleData name="ID_GE_SOLA">469</SimpleData>
		<SimpleData name="NOMBRE">RLA SOLAR</SimpleData>
		<SimpleData name="PROPIEDAD">RLA SOLAR SPA</SimpleData>
		<SimpleData name="TIPO">FOTOVOLTAICO</SimpleData>
		<SimpleData name="MEDIO_GENE">PMGD</SimpleData>
		<SimpleData name="COMBUSTIBL">NO APLICA</SimpleData>
		<SimpleData name="POTENCIAMW">2.7</SimpleData>
		<SimpleData name="UNIDADES">0</SimpleData>
		<SimpleData name="RCA">NO APLICA</SimpleData>
		<SimpleData name="SIST_ELECT">SEN</SimpleData>
		<SimpleData name="ESTADO">OPERATIVA</SimpleData>
		<SimpleData name="F_OPERACIO">1568419200000</SimpleData>
		<SimpleData name="COORD_ESTE">275711</SimpleData>
		<SimpleData name="COORD_NORT">6246167</SimpleData>
		<SimpleData name="HUSO">19 SUR</SimpleData>
		<SimpleData name="DATUM">WGS 1984</SimpleData>
		<SimpleData name="REGION">13</SimpleData>
		<SimpleData name="PROVINCIA">135</SimpleData>
		<SimpleData name="COMUNA">13505</SimpleData>
		<SimpleData name="FUENTE_BAS">CNE</SimpleData>
		<SimpleData name="FECH_CREA">1553990400000</SimpleData>
		<SimpleData name="FECH_ACT">1688083200000</SimpleData>
	</SchemaData></ExtendedData>
      <Point><coordinates>-71.425655939,-33.9010434899999</coordinates></Point>
  </Placemark>
  <Placemark id="centrales_solares.244">
	<name>PUELCHE</name>
	<ExtendedData><SchemaData schemaUrl="#centrales_solares">
		<SimpleData name="OBJECTID">244</SimpleData>
		<SimpleData name="ID_GE_SOLA">866</SimpleData>
		<SimpleData name="NOMBRE">PUELCHE</SimpleData>
		<SimpleData name="PROPIEDAD">PUELCHE FLUX SPHERA SPA</SimpleData>
		<SimpleData name="TIPO">FOTOVOLTAICO</SimpleData>
		<SimpleData name="MEDIO_GENE">PMGD</SimpleData>
		<SimpleData name="COMBUSTIBL">NO APLICA</SimpleData>
		<SimpleData name="POTENCIAMW">2.6</SimpleData>
		<SimpleData name="UNIDADES">0</SimpleData>
		<SimpleData name="RCA">NO APLICA</SimpleData>
		<SimpleData name="SIST_ELECT">SEN</SimpleData>
		<SimpleData name="ESTADO">OPERATIVA</SimpleData>
		<SimpleData name="F_OPERACIO">1642636800000</SimpleData>
		<SimpleData name="COORD_ESTE">205402</SimpleData>
		<SimpleData name="COORD_NORT">5842212</SimpleData>
		<SimpleData name="HUSO">19 SUR</SimpleData>
		<SimpleData name="DATUM">WGS 1984</SimpleData>
		<SimpleData name="REGION">08</SimpleData>
		<SimpleData name="PROVINCIA">083</SimpleData>
		<SimpleData name="COMUNA">08301</SimpleData>
		<SimpleData name="FUENTE_BAS">CNE</SimpleData>
		<SimpleData name="FECH_CREA">1609372800000</SimpleData>
		<SimpleData name="FECH_ACT">1688083200000</SimpleData>
	</SchemaData></ExtendedData>
      <Point><coordinates>-72.3333325679999,-37.520047629</coordinates></Point>
  </Placemark>
  <Placemark id="centrales_solares.245">
	<name>OCOA</name>
	<ExtendedData><SchemaData schemaUrl="#centrales_solares">
		<SimpleData name="OBJECTID">245</SimpleData>
		<SimpleData name="ID_GE_SOLA">281</SimpleData>
		<SimpleData name="NOMBRE">OCOA</SimpleData>
		<SimpleData name="PROPIEDAD">PARQUE FOTOVOLTAICO OCOA SPA</SimpleData>
		<SimpleData name="TIPO">FOTOVOLTAICO</SimpleData>
		<SimpleData name="MEDIO_GENE">PMGD</SimpleData>
		<SimpleData name="COMBUSTIBL">NO APLICA</SimpleData>
		<SimpleData name="POTENCIAMW">3</SimpleData>
		<SimpleData name="UNIDADES">0</SimpleData>
		<SimpleData name="RCA">NO APLICA</SimpleData>
		<SimpleData name="SIST_ELECT">SEN</SimpleData>
		<SimpleData name="ESTADO">OPERATIVA</SimpleData>
		<SimpleData name="F_OPERACIO">1535760000000</SimpleData>
		<SimpleData name="COORD_ESTE">307209</SimpleData>
		<SimpleData name="COORD_NORT">6369445</SimpleData>
		<SimpleData name="HUSO">19 SUR</SimpleData>
		<SimpleData name="DATUM">WGS 1984</SimpleData>
		<SimpleData name="REGION">05</SimpleData>
		<SimpleData name="PROVINCIA">055</SimpleData>
		<SimpleData name="COMUNA">05503</SimpleData>
		<SimpleData name="FUENTE_BAS">CNE</SimpleData>
		<SimpleData name="FECH_CREA">1522454400000</SimpleData>
		<SimpleData name="FECH_ACT">1688083200000</SimpleData>
	</SchemaData></ExtendedData>
      <Point><coordinates>-71.058884953,-32.796057979</coordinates></Point>
  </Placemark>
  <Placemark id="centrales_solares.246">
	<name>CONCON</name>
	<ExtendedData><SchemaData schemaUrl="#centrales_solares">
		<SimpleData name="OBJECTID">246</SimpleData>
		<SimpleData name="ID_GE_SOLA">1423</SimpleData>
		<SimpleData name="NOMBRE">CONCON</SimpleData>
		<SimpleData name="PROPIEDAD">ABASTIBLE S.A.</SimpleData>
		<SimpleData name="TIPO">FOTOVOLTAICO</SimpleData>
		<SimpleData name="MEDIO_GENE">PMGD</SimpleData>
		<SimpleData name="COMBUSTIBL">NO APLICA</SimpleData>
		<SimpleData name="POTENCIAMW">0.118</SimpleData>
		<SimpleData name="UNIDADES">0</SimpleData>
		<SimpleData name="RCA">NO APLICA</SimpleData>
		<SimpleData name="SIST_ELECT">SEN</SimpleData>
		<SimpleData name="ESTADO">OPERATIVA</SimpleData>
		<SimpleData name="F_OPERACIO">1674086400000</SimpleData>
		<SimpleData name="COORD_ESTE">267342</SimpleData>
		<SimpleData name="COORD_NORT">6353847</SimpleData>
		<SimpleData name="HUSO">19 SUR</SimpleData>
		<SimpleData name="DATUM">WGS 1984</SimpleData>
		<SimpleData name="REGION">05</SimpleData>
		<SimpleData name="PROVINCIA">051</SimpleData>
		<SimpleData name="COMUNA">05103</SimpleData>
		<SimpleData name="FUENTE_BAS">CNE</SimpleData>
		<SimpleData name="FECH_CREA">1672444800000</SimpleData>
		<SimpleData name="FECH_ACT">1688083200000</SimpleData>
	</SchemaData></ExtendedData>
      <Point><coordinates>-71.488246523,-32.9289079869999</coordinates></Point>
  </Placemark>
  <Placemark id="centrales_solares.247">
	<name>EL QUEMADO</name>
	<ExtendedData><SchemaData schemaUrl="#centrales_solares">
		<SimpleData name="OBJECTID">247</SimpleData>
		<SimpleData name="ID_GE_SOLA">147</SimpleData>
		<SimpleData name="NOMBRE">EL QUEMADO</SimpleData>
		<SimpleData name="PROPIEDAD">REDEN CABILDO SOLAR SPA</SimpleData>
		<SimpleData name="TIPO">FOTOVOLTAICO</SimpleData>
		<SimpleData name="MEDIO_GENE">PMGD</SimpleData>
		<SimpleData name="COMBUSTIBL">NO APLICA</SimpleData>
		<SimpleData name="POTENCIAMW">2.98</SimpleData>
		<SimpleData name="UNIDADES">0</SimpleData>
		<SimpleData name="RCA">NO APLICA</SimpleData>
		<SimpleData name="SIST_ELECT">SEN</SimpleData>
		<SimpleData name="ESTADO">OPERATIVA</SimpleData>
		<SimpleData name="F_OPERACIO">1542672000000</SimpleData>
		<SimpleData name="COORD_ESTE">310309</SimpleData>
		<SimpleData name="COORD_NORT">6409327</SimpleData>
		<SimpleData name="HUSO">19 SUR</SimpleData>
		<SimpleData name="DATUM">WGS 1984</SimpleData>
		<SimpleData name="REGION">05</SimpleData>
		<SimpleData name="PROVINCIA">054</SimpleData>
		<SimpleData name="COMUNA">05402</SimpleData>
		<SimpleData name="FUENTE_BAS">CNE</SimpleData>
		<SimpleData name="FECH_CREA">1546214400000</SimpleData>
		<SimpleData name="FECH_ACT">1688083200000</SimpleData>
	</SchemaData></ExtendedData>
      <Point><coordinates>-71.017713186,-32.437049728</coordinates></Point>
  </Placemark>
  <Placemark id="centrales_solares.248">
	<name>TILTIL SOLAR</name>
	<ExtendedData><SchemaData schemaUrl="#centrales_solares">
		<SimpleData name="OBJECTID">248</SimpleData>
		<SimpleData name="ID_GE_SOLA">446</SimpleData>
		<SimpleData name="NOMBRE">TILTIL SOLAR</SimpleData>
		<SimpleData name="PROPIEDAD">TILTIL SOLAR</SimpleData>
		<SimpleData name="TIPO">FOTOVOLTAICO</SimpleData>
		<SimpleData name="MEDIO_GENE">PMGD</SimpleData>
		<SimpleData name="COMBUSTIBL">NO APLICA</SimpleData>
		<SimpleData name="POTENCIAMW">2.48</SimpleData>
		<SimpleData name="UNIDADES">0</SimpleData>
		<SimpleData name="RCA">NO APLICA</SimpleData>
		<SimpleData name="SIST_ELECT">SEN</SimpleData>
		<SimpleData name="ESTADO">OPERATIVA</SimpleData>
		<SimpleData name="F_OPERACIO">1463616000000</SimpleData>
		<SimpleData name="COORD_ESTE">329893</SimpleData>
		<SimpleData name="COORD_NORT">6351949</SimpleData>
		<SimpleData name="HUSO">19 SUR</SimpleData>
		<SimpleData name="DATUM">WGS 1984</SimpleData>
		<SimpleData name="REGION">13</SimpleData>
		<SimpleData name="PROVINCIA">133</SimpleData>
		<SimpleData name="COMUNA">13303</SimpleData>
		<SimpleData name="FUENTE_BAS">CNE</SimpleData>
		<SimpleData name="FECH_CREA">1483142400000</SimpleData>
		<SimpleData name="FECH_ACT">1688083200000</SimpleData>
	</SchemaData></ExtendedData>
      <Point><coordinates>-70.819968402,-32.957549919</coordinates></Point>
  </Placemark>
  <Placemark id="centrales_solares.249">
	<name>ERINOME</name>
	<ExtendedData><SchemaData schemaUrl="#centrales_solares">
		<SimpleData name="OBJECTID">249</SimpleData>
		<SimpleData name="ID_GE_SOLA">963</SimpleData>
		<SimpleData name="NOMBRE">ERINOME</SimpleData>
		<SimpleData name="PROPIEDAD">LUCIANO SOLAR SPA</SimpleData>
		<SimpleData name="TIPO">FOTOVOLTAICO</SimpleData>
		<SimpleData name="MEDIO_GENE">PMGD</SimpleData>
		<SimpleData name="COMBUSTIBL">NO APLICA</SimpleData>
		<SimpleData name="POTENCIAMW">2.75</SimpleData>
		<SimpleData name="UNIDADES">0</SimpleData>
		<SimpleData name="RCA">NO APLICA</SimpleData>
		<SimpleData name="SIST_ELECT">SEN</SimpleData>
		<SimpleData name="ESTADO">OPERATIVA</SimpleData>
		<SimpleData name="F_OPERACIO">1633478400000</SimpleData>
		<SimpleData name="COORD_ESTE">253418</SimpleData>
		<SimpleData name="COORD_NORT">6075402</SimpleData>
		<SimpleData name="HUSO">19 SUR</SimpleData>
		<SimpleData name="DATUM">WGS 1984</SimpleData>
		<SimpleData name="REGION">07</SimpleData>
		<SimpleData name="PROVINCIA">071</SimpleData>
		<SimpleData name="COMUNA">07101</SimpleData>
		<SimpleData name="FUENTE_BAS">CNE</SimpleData>
		<SimpleData name="FECH_CREA">1622419200000</SimpleData>
		<SimpleData name="FECH_ACT">1688083200000</SimpleData>
	</SchemaData></ExtendedData>
      <Point><coordinates>-71.7163153349999,-35.4343064089999</coordinates></Point>
  </Placemark>
  <Placemark id="centrales_solares.250">
	<name>PITRA</name>
	<ExtendedData><SchemaData schemaUrl="#centrales_solares">
		<SimpleData name="OBJECTID">250</SimpleData>
		<SimpleData name="ID_GE_SOLA">651</SimpleData>
		<SimpleData name="NOMBRE">PITRA</SimpleData>
		<SimpleData name="PROPIEDAD">PITRA SPA</SimpleData>
		<SimpleData name="TIPO">FOTOVOLTAICO</SimpleData>
		<SimpleData name="MEDIO_GENE">PMGD</SimpleData>
		<SimpleData name="COMBUSTIBL">NO APLICA</SimpleData>
		<SimpleData name="POTENCIAMW">3</SimpleData>
		<SimpleData name="UNIDADES">0</SimpleData>
		<SimpleData name="RCA">NO APLICA</SimpleData>
		<SimpleData name="SIST_ELECT">SEN</SimpleData>
		<SimpleData name="ESTADO">OPERATIVA</SimpleData>
		<SimpleData name="F_OPERACIO">1605744000000</SimpleData>
		<SimpleData name="COORD_ESTE">258929</SimpleData>
		<SimpleData name="COORD_NORT">6305125</SimpleData>
		<SimpleData name="HUSO">19 SUR</SimpleData>
		<SimpleData name="DATUM">WGS 1984</SimpleData>
		<SimpleData name="REGION">05</SimpleData>
		<SimpleData name="PROVINCIA">056</SimpleData>
		<SimpleData name="COMUNA">05602</SimpleData>
		<SimpleData name="FUENTE_BAS">CNE</SimpleData>
		<SimpleData name="FECH_CREA">1593475200000</SimpleData>
		<SimpleData name="FECH_ACT">1688083200000</SimpleData>
	</SchemaData></ExtendedData>
      <Point><coordinates>-71.5910263919999,-33.3661166799999</coordinates></Point>
  </Placemark>
  <Placemark id="centrales_solares.251">
	<name>GRANATE</name>
	<ExtendedData><SchemaData schemaUrl="#centrales_solares">
		<SimpleData name="OBJECTID">251</SimpleData>
		<SimpleData name="ID_GE_SOLA">179</SimpleData>
		<SimpleData name="NOMBRE">GRANATE</SimpleData>
		<SimpleData name="PROPIEDAD">GRANATE SPA</SimpleData>
		<SimpleData name="TIPO">FOTOVOLTAICO</SimpleData>
		<SimpleData name="MEDIO_GENE">PMGD</SimpleData>
		<SimpleData name="COMBUSTIBL">NO APLICA</SimpleData>
		<SimpleData name="POTENCIAMW">9</SimpleData>
		<SimpleData name="UNIDADES">0</SimpleData>
		<SimpleData name="RCA">066/2018</SimpleData>
		<SimpleData name="SIST_ELECT">SEN</SimpleData>
		<SimpleData name="ESTADO">OPERATIVA</SimpleData>
		<SimpleData name="F_OPERACIO">1656374400000</SimpleData>
		<SimpleData name="COORD_ESTE">282818</SimpleData>
		<SimpleData name="COORD_NORT">6613584</SimpleData>
		<SimpleData name="HUSO">19 SUR</SimpleData>
		<SimpleData name="DATUM">WGS 1984</SimpleData>
		<SimpleData name="REGION">04</SimpleData>
		<SimpleData name="PROVINCIA">043</SimpleData>
		<SimpleData name="COMUNA">04301</SimpleData>
		<SimpleData name="FUENTE_BAS">CNE</SimpleData>
		<SimpleData name="FECH_CREA">1514678400000</SimpleData>
		<SimpleData name="FECH_ACT">1688083200000</SimpleData>
	</SchemaData></ExtendedData>
      <Point><coordinates>-71.265058685,-30.590591541</coordinates></Point>
  </Placemark>
  <Placemark id="centrales_solares.252">
	<name>SAN RAMIRO</name>
	<ExtendedData><SchemaData schemaUrl="#centrales_solares">
		<SimpleData name="OBJECTID">252</SimpleData>
		<SimpleData name="ID_GE_SOLA">516</SimpleData>
		<SimpleData name="NOMBRE">SAN RAMIRO</SimpleData>
		<SimpleData name="PROPIEDAD">PELEQUEN SUR SPA</SimpleData>
		<SimpleData name="TIPO">FOTOVOLTAICO</SimpleData>
		<SimpleData name="MEDIO_GENE">PMGD</SimpleData>
		<SimpleData name="COMBUSTIBL">NO APLICA</SimpleData>
		<SimpleData name="POTENCIAMW">9</SimpleData>
		<SimpleData name="UNIDADES">0</SimpleData>
		<SimpleData name="RCA">080/2020</SimpleData>
		<SimpleData name="SIST_ELECT">SEN</SimpleData>
		<SimpleData name="ESTADO">OPERATIVA</SimpleData>
		<SimpleData name="F_OPERACIO">1611705600000</SimpleData>
		<SimpleData name="COORD_ESTE">278306</SimpleData>
		<SimpleData name="COORD_NORT">6234515</SimpleData>
		<SimpleData name="HUSO">19 SUR</SimpleData>
		<SimpleData name="DATUM">WGS 1984</SimpleData>
		<SimpleData name="REGION">13</SimpleData>
		<SimpleData name="PROVINCIA">135</SimpleData>
		<SimpleData name="COMUNA">13505</SimpleData>
		<SimpleData name="FUENTE_BAS">CNE</SimpleData>
		<SimpleData name="FECH_CREA">1561852800000</SimpleData>
		<SimpleData name="FECH_ACT">1688083200000</SimpleData>
	</SchemaData></ExtendedData>
      <Point><coordinates>-71.400561393,-34.0065896319999</coordinates></Point>
  </Placemark>
  <Placemark id="centrales_solares.253">
	<name>GUANCHOI</name>
	<ExtendedData><SchemaData schemaUrl="#centrales_solares">
		<SimpleData name="OBJECTID">253</SimpleData>
		<SimpleData name="ID_GE_SOLA">50</SimpleData>
		<SimpleData name="NOMBRE">GUANCHOI</SimpleData>
		<SimpleData name="PROPIEDAD">ENEL GREEN POWER SPA</SimpleData>
		<SimpleData name="TIPO">FOTOVOLTAICO</SimpleData>
		<SimpleData name="COMBUSTIBL">NO APLICA</SimpleData>
		<SimpleData name="POTENCIAMW">369.6</SimpleData>
		<SimpleData name="UNIDADES">0</SimpleData>
		<SimpleData name="RCA">052/2016</SimpleData>
		<SimpleData name="SIST_ELECT">SEN</SimpleData>
		<SimpleData name="ESTADO">OPERATIVA</SimpleData>
		<SimpleData name="F_OPERACIO">1687824000000</SimpleData>
		<SimpleData name="COORD_ESTE">405627</SimpleData>
		<SimpleData name="COORD_NORT">7050627</SimpleData>
		<SimpleData name="HUSO">19 SUR</SimpleData>
		<SimpleData name="DATUM">WGS 1984</SimpleData>
		<SimpleData name="REGION">03</SimpleData>
		<SimpleData name="PROVINCIA">032</SimpleData>
		<SimpleData name="COMUNA">03202</SimpleData>
		<SimpleData name="FUENTE_BAS">CNE</SimpleData>
		<SimpleData name="FECH_CREA">1438560000000</SimpleData>
		<SimpleData name="FECH_ACT">1688083200000</SimpleData>
	</SchemaData></ExtendedData>
      <Point><coordinates>-69.948351797,-26.6622074979999</coordinates></Point>
  </Placemark>
  <Placemark id="centrales_solares.254">
	<name>PFV SDSI</name>
	<ExtendedData><SchemaData schemaUrl="#centrales_solares">
		<SimpleData name="OBJECTID">254</SimpleData>
		<SimpleData name="ID_GE_SOLA">856</SimpleData>
		<SimpleData name="NOMBRE">PFV SDSI</SimpleData>
		<SimpleData name="PROPIEDAD">SANBAR SOLAR SPA</SimpleData>
		<SimpleData name="TIPO">FOTOVOLTAICO</SimpleData>
		<SimpleData name="MEDIO_GENE">PMGD</SimpleData>
		<SimpleData name="COMBUSTIBL">NO APLICA</SimpleData>
		<SimpleData name="POTENCIAMW">2.6</SimpleData>
		<SimpleData name="UNIDADES">0</SimpleData>
		<SimpleData name="RCA">NO APLICA</SimpleData>
		<SimpleData name="SIST_ELECT">SEN</SimpleData>
		<SimpleData name="ESTADO">OPERATIVA</SimpleData>
		<SimpleData name="F_OPERACIO">1616630400000</SimpleData>
		<SimpleData name="COORD_ESTE">207953</SimpleData>
		<SimpleData name="COORD_NORT">5840477</SimpleData>
		<SimpleData name="HUSO">19 SUR</SimpleData>
		<SimpleData name="DATUM">WGS 1984</SimpleData>
		<SimpleData name="REGION">08</SimpleData>
		<SimpleData name="PROVINCIA">083</SimpleData>
		<SimpleData name="COMUNA">08301</SimpleData>
		<SimpleData name="FUENTE_BAS">CNE</SimpleData>
		<SimpleData name="FECH_CREA">1609372800000</SimpleData>
		<SimpleData name="FECH_ACT">1688083200000</SimpleData>
	</SchemaData></ExtendedData>
      <Point><coordinates>-72.305202112,-37.536470949</coordinates></Point>
  </Placemark>
  <Placemark id="centrales_solares.255">
	<name>FILOMENA SOLAR</name>
	<ExtendedData><SchemaData schemaUrl="#centrales_solares">
		<SimpleData name="OBJECTID">255</SimpleData>
		<SimpleData name="ID_GE_SOLA">640</SimpleData>
		<SimpleData name="NOMBRE">FILOMENA SOLAR</SimpleData>
		<SimpleData name="PROPIEDAD">PANIRI DE VERANO SPA</SimpleData>
		<SimpleData name="TIPO">FOTOVOLTAICO</SimpleData>
		<SimpleData name="MEDIO_GENE">PMGD</SimpleData>
		<SimpleData name="COMBUSTIBL">NO APLICA</SimpleData>
		<SimpleData name="POTENCIAMW">3</SimpleData>
		<SimpleData name="UNIDADES">0</SimpleData>
		<SimpleData name="RCA">NO APLICA</SimpleData>
		<SimpleData name="SIST_ELECT">SEN</SimpleData>
		<SimpleData name="ESTADO">OPERATIVA</SimpleData>
		<SimpleData name="F_OPERACIO">1594857600000</SimpleData>
		<SimpleData name="COORD_ESTE">348578</SimpleData>
		<SimpleData name="COORD_NORT">6379902</SimpleData>
		<SimpleData name="HUSO">19 SUR</SimpleData>
		<SimpleData name="DATUM">WGS 1984</SimpleData>
		<SimpleData name="REGION">05</SimpleData>
		<SimpleData name="PROVINCIA">057</SimpleData>
		<SimpleData name="COMUNA">05706</SimpleData>
		<SimpleData name="FUENTE_BAS">CNE</SimpleData>
		<SimpleData name="FECH_CREA">1593475200000</SimpleData>
		<SimpleData name="FECH_ACT">1688083200000</SimpleData>
	</SchemaData></ExtendedData>
      <Point><coordinates>-70.61555959,-32.708249796</coordinates></Point>
  </Placemark>
  <Placemark id="centrales_solares.256">
	<name>SAN CARLOS SOLAR</name>
	<ExtendedData><SchemaData schemaUrl="#centrales_solares">
		<SimpleData name="OBJECTID">256</SimpleData>
		<SimpleData name="ID_GE_SOLA">977</SimpleData>
		<SimpleData name="NOMBRE">SAN CARLOS SOLAR</SimpleData>
		<SimpleData name="PROPIEDAD">SAN CARLOS SOLAR SPA</SimpleData>
		<SimpleData name="TIPO">FOTOVOLTAICO</SimpleData>
		<SimpleData name="MEDIO_GENE">PMGD</SimpleData>
		<SimpleData name="COMBUSTIBL">NO APLICA</SimpleData>
		<SimpleData name="POTENCIAMW">2.6</SimpleData>
		<SimpleData name="UNIDADES">0</SimpleData>
		<SimpleData name="RCA">NO APLICA</SimpleData>
		<SimpleData name="SIST_ELECT">SEN</SimpleData>
		<SimpleData name="ESTADO">OPERATIVA</SimpleData>
		<SimpleData name="F_OPERACIO">1645574400000</SimpleData>
		<SimpleData name="COORD_ESTE">236470</SimpleData>
		<SimpleData name="COORD_NORT">5967276</SimpleData>
		<SimpleData name="HUSO">19 SUR</SimpleData>
		<SimpleData name="DATUM">WGS 1984</SimpleData>
		<SimpleData name="REGION">16</SimpleData>
		<SimpleData name="PROVINCIA">163</SimpleData>
		<SimpleData name="COMUNA">16301</SimpleData>
		<SimpleData name="FUENTE_BAS">CNE</SimpleData>
		<SimpleData name="FECH_CREA">1625011200000</SimpleData>
		<SimpleData name="FECH_ACT">1688083200000</SimpleData>
	</SchemaData></ExtendedData>
      <Point><coordinates>-71.9386278279999,-36.4035653829999</coordinates></Point>
  </Placemark>
  <Placemark id="centrales_solares.257">
	<name>RINCONADA</name>
	<ExtendedData><SchemaData schemaUrl="#centrales_solares">
		<SimpleData name="OBJECTID">257</SimpleData>
		<SimpleData name="ID_GE_SOLA">355</SimpleData>
		<SimpleData name="NOMBRE">RINCONADA</SimpleData>
		<SimpleData name="PROPIEDAD">GR TAMARUGO SPA</SimpleData>
		<SimpleData name="TIPO">FOTOVOLTAICO</SimpleData>
		<SimpleData name="MEDIO_GENE">PMGD</SimpleData>
		<SimpleData name="COMBUSTIBL">NO APLICA</SimpleData>
		<SimpleData name="POTENCIAMW">7.97</SimpleData>
		<SimpleData name="UNIDADES">0</SimpleData>
		<SimpleData name="RCA">022/2018</SimpleData>
		<SimpleData name="SIST_ELECT">SEN</SimpleData>
		<SimpleData name="ESTADO">OPERATIVA</SimpleData>
		<SimpleData name="F_OPERACIO">1576713600000</SimpleData>
		<SimpleData name="COORD_ESTE">333004</SimpleData>
		<SimpleData name="COORD_NORT">6191196</SimpleData>
		<SimpleData name="HUSO">19 SUR</SimpleData>
		<SimpleData name="DATUM">WGS 1984</SimpleData>
		<SimpleData name="REGION">06</SimpleData>
		<SimpleData name="PROVINCIA">061</SimpleData>
		<SimpleData name="COMUNA">06115</SimpleData>
		<SimpleData name="FUENTE_BAS">CNE</SimpleData>
		<SimpleData name="FECH_CREA">1506729600000</SimpleData>
		<SimpleData name="FECH_ACT">1688083200000</SimpleData>
	</SchemaData></ExtendedData>
      <Point><coordinates>-70.816942266,-34.407204226</coordinates></Point>
  </Placemark>
  <Placemark id="centrales_solares.258">
	<name>BELLAVISTA 1</name>
	<ExtendedData><SchemaData schemaUrl="#centrales_solares">
		<SimpleData name="OBJECTID">258</SimpleData>
		<SimpleData name="ID_GE_SOLA">168</SimpleData>
		<SimpleData name="NOMBRE">BELLAVISTA 1</SimpleData>
		<SimpleData name="PROPIEDAD">TAMARUGAL SOLAR 1 S.A.</SimpleData>
		<SimpleData name="TIPO">FOTOVOLTAICO</SimpleData>
		<SimpleData name="MEDIO_GENE">PMGD</SimpleData>
		<SimpleData name="COMBUSTIBL">NO APLICA</SimpleData>
		<SimpleData name="POTENCIAMW">8.9911</SimpleData>
		<SimpleData name="UNIDADES">0</SimpleData>
		<SimpleData name="RCA">052/2018</SimpleData>
		<SimpleData name="SIST_ELECT">SEN</SimpleData>
		<SimpleData name="ESTADO">OPERATIVA</SimpleData>
		<SimpleData name="F_OPERACIO">1571875200000</SimpleData>
		<SimpleData name="COORD_ESTE">427975</SimpleData>
		<SimpleData name="COORD_NORT">7700156</SimpleData>
		<SimpleData name="HUSO">19 SUR</SimpleData>
		<SimpleData name="DATUM">WGS 1984</SimpleData>
		<SimpleData name="REGION">01</SimpleData>
		<SimpleData name="PROVINCIA">014</SimpleData>
		<SimpleData name="COMUNA">01401</SimpleData>
		<SimpleData name="FUENTE_BAS">CNE</SimpleData>
		<SimpleData name="FECH_CREA">1514678400000</SimpleData>
		<SimpleData name="FECH_ACT">1688083200000</SimpleData>
	</SchemaData></ExtendedData>
      <Point><coordinates>-69.692078668,-20.7970741509999</coordinates></Point>
  </Placemark>
  <Placemark id="centrales_solares.259">
	<name>LAS MERCEDES</name>
	<ExtendedData><SchemaData schemaUrl="#centrales_solares">
		<SimpleData name="OBJECTID">259</SimpleData>
		<SimpleData name="ID_GE_SOLA">536</SimpleData>
		<SimpleData name="NOMBRE">LAS MERCEDES</SimpleData>
		<SimpleData name="PROPIEDAD">FOTOVOLTAICA ALGARROBO SPA</SimpleData>
		<SimpleData name="TIPO">FOTOVOLTAICO</SimpleData>
		<SimpleData name="MEDIO_GENE">PMGD</SimpleData>
		<SimpleData name="COMBUSTIBL">NO APLICA</SimpleData>
		<SimpleData name="POTENCIAMW">2.966</SimpleData>
		<SimpleData name="UNIDADES">0</SimpleData>
		<SimpleData name="RCA">NO APLICA</SimpleData>
		<SimpleData name="SIST_ELECT">SEN</SimpleData>
		<SimpleData name="ESTADO">OPERATIVA</SimpleData>
		<SimpleData name="F_OPERACIO">1576627200000</SimpleData>
		<SimpleData name="COORD_ESTE">334190</SimpleData>
		<SimpleData name="COORD_NORT">6205390</SimpleData>
		<SimpleData name="HUSO">19 SUR</SimpleData>
		<SimpleData name="DATUM">WGS 1984</SimpleData>
		<SimpleData name="REGION">06</SimpleData>
		<SimpleData name="PROVINCIA">061</SimpleData>
		<SimpleData name="COMUNA">06116</SimpleData>
		<SimpleData name="FUENTE_BAS">CNE</SimpleData>
		<SimpleData name="FECH_CREA">1577750400000</SimpleData>
		<SimpleData name="FECH_ACT">1688083200000</SimpleData>
	</SchemaData></ExtendedData>
      <Point><coordinates>-70.801305282,-34.279451346</coordinates></Point>
  </Placemark>
  <Placemark id="centrales_solares.260">
	<name>CASUTO</name>
	<ExtendedData><SchemaData schemaUrl="#centrales_solares">
		<SimpleData name="OBJECTID">260</SimpleData>
		<SimpleData name="ID_GE_SOLA">62</SimpleData>
		<SimpleData name="NOMBRE">CASUTO</SimpleData>
		<SimpleData name="PROPIEDAD">SOLAR TI DIEZ SPA</SimpleData>
		<SimpleData name="TIPO">FOTOVOLTAICO</SimpleData>
		<SimpleData name="MEDIO_GENE">PMGD</SimpleData>
		<SimpleData name="COMBUSTIBL">NO APLICA</SimpleData>
		<SimpleData name="POTENCIAMW">2.74</SimpleData>
		<SimpleData name="UNIDADES">0</SimpleData>
		<SimpleData name="RCA">NO APLICA</SimpleData>
		<SimpleData name="SIST_ELECT">SEN</SimpleData>
		<SimpleData name="ESTADO">OPERATIVA</SimpleData>
		<SimpleData name="F_OPERACIO">1561766400000</SimpleData>
		<SimpleData name="COORD_ESTE">339757</SimpleData>
		<SimpleData name="COORD_NORT">6363911</SimpleData>
		<SimpleData name="HUSO">19 SUR</SimpleData>
		<SimpleData name="DATUM">WGS 1984</SimpleData>
		<SimpleData name="REGION">05</SimpleData>
		<SimpleData name="PROVINCIA">053</SimpleData>
		<SimpleData name="COMUNA">05303</SimpleData>
		<SimpleData name="FUENTE_BAS">CNE</SimpleData>
		<SimpleData name="FECH_CREA">1546214400000</SimpleData>
		<SimpleData name="FECH_ACT">1688083200000</SimpleData>
	</SchemaData></ExtendedData>
      <Point><coordinates>-70.712398239,-32.8511877239999</coordinates></Point>
  </Placemark>
  <Placemark id="centrales_solares.261">
	<name>VENTURADA</name>
	<ExtendedData><SchemaData schemaUrl="#centrales_solares">
		<SimpleData name="OBJECTID">261</SimpleData>
		<SimpleData name="ID_GE_SOLA">859</SimpleData>
		<SimpleData name="NOMBRE">VENTURADA</SimpleData>
		<SimpleData name="PROPIEDAD">VENTURADA ENERGIA SPA</SimpleData>
		<SimpleData name="TIPO">FOTOVOLTAICO</SimpleData>
		<SimpleData name="MEDIO_GENE">PMGD</SimpleData>
		<SimpleData name="COMBUSTIBL">NO APLICA</SimpleData>
		<SimpleData name="POTENCIAMW">8.98</SimpleData>
		<SimpleData name="UNIDADES">0</SimpleData>
		<SimpleData name="RCA">027/2019</SimpleData>
		<SimpleData name="SIST_ELECT">SEN</SimpleData>
		<SimpleData name="ESTADO">OPERATIVA</SimpleData>
		<SimpleData name="F_OPERACIO">1613174400000</SimpleData>
		<SimpleData name="COORD_ESTE">219529</SimpleData>
		<SimpleData name="COORD_NORT">5936845</SimpleData>
		<SimpleData name="HUSO">19 SUR</SimpleData>
		<SimpleData name="DATUM">WGS 1984</SimpleData>
		<SimpleData name="REGION">16</SimpleData>
		<SimpleData name="PROVINCIA">161</SimpleData>
		<SimpleData name="COMUNA">16103</SimpleData>
		<SimpleData name="FUENTE_BAS">CNE</SimpleData>
		<SimpleData name="FECH_CREA">1609372800000</SimpleData>
		<SimpleData name="FECH_ACT">1688083200000</SimpleData>
	</SchemaData></ExtendedData>
      <Point><coordinates>-72.138351272,-36.672698268</coordinates></Point>
  </Placemark>
  <Placemark id="centrales_solares.262">
	<name>COVADONGA</name>
	<ExtendedData><SchemaData schemaUrl="#centrales_solares">
		<SimpleData name="OBJECTID">262</SimpleData>
		<SimpleData name="ID_GE_SOLA">88</SimpleData>
		<SimpleData name="NOMBRE">COVADONGA</SimpleData>
		<SimpleData name="PROPIEDAD">CHUNGUNGO SOLAR SPA</SimpleData>
		<SimpleData name="TIPO">FOTOVOLTAICO</SimpleData>
		<SimpleData name="MEDIO_GENE">PMGD</SimpleData>
		<SimpleData name="COMBUSTIBL">NO APLICA</SimpleData>
		<SimpleData name="POTENCIAMW">8.999</SimpleData>
		<SimpleData name="UNIDADES">0</SimpleData>
		<SimpleData name="RCA">128/2018</SimpleData>
		<SimpleData name="SIST_ELECT">SEN</SimpleData>
		<SimpleData name="ESTADO">OPERATIVA</SimpleData>
		<SimpleData name="F_OPERACIO">1591747200000</SimpleData>
		<SimpleData name="COORD_ESTE">369631</SimpleData>
		<SimpleData name="COORD_NORT">7075755</SimpleData>
		<SimpleData name="HUSO">19 SUR</SimpleData>
		<SimpleData name="DATUM">WGS 1984</SimpleData>
		<SimpleData name="REGION">03</SimpleData>
		<SimpleData name="PROVINCIA">032</SimpleData>
		<SimpleData name="COMUNA">03201</SimpleData>
		<SimpleData name="FUENTE_BAS">CNE</SimpleData>
		<SimpleData name="FECH_CREA">1538265600000</SimpleData>
		<SimpleData name="FECH_ACT">1688083200000</SimpleData>
	</SchemaData></ExtendedData>
      <Point><coordinates>-70.3074342209999,-26.4325079459999</coordinates></Point>
  </Placemark>
  <Placemark id="centrales_solares.263">
	<name>MARAMBIO</name>
	<ExtendedData><SchemaData schemaUrl="#centrales_solares">
		<SimpleData name="OBJECTID">263</SimpleData>
		<SimpleData name="ID_GE_SOLA">1211</SimpleData>
		<SimpleData name="NOMBRE">MARAMBIO</SimpleData>
		<SimpleData name="PROPIEDAD">PARQUE SOLAR COLINA SPA</SimpleData>
		<SimpleData name="TIPO">FOTOVOLTAICO</SimpleData>
		<SimpleData name="MEDIO_GENE">PMGD</SimpleData>
		<SimpleData name="COMBUSTIBL">NO APLICA</SimpleData>
		<SimpleData name="POTENCIAMW">2.7</SimpleData>
		<SimpleData name="UNIDADES">0</SimpleData>
		<SimpleData name="RCA">NO APLICA</SimpleData>
		<SimpleData name="SIST_ELECT">SEN</SimpleData>
		<SimpleData name="ESTADO">OPERATIVA</SimpleData>
		<SimpleData name="F_OPERACIO">1638230400000</SimpleData>
		<SimpleData name="COORD_ESTE">292999</SimpleData>
		<SimpleData name="COORD_NORT">6261324</SimpleData>
		<SimpleData name="HUSO">19 SUR</SimpleData>
		<SimpleData name="DATUM">WGS 1984</SimpleData>
		<SimpleData name="REGION">13</SimpleData>
		<SimpleData name="PROVINCIA">135</SimpleData>
		<SimpleData name="COMUNA">13501</SimpleData>
		<SimpleData name="FUENTE_BAS">CNE</SimpleData>
		<SimpleData name="FECH_CREA">1656547200000</SimpleData>
		<SimpleData name="FECH_ACT">1688083200000</SimpleData>
	</SchemaData></ExtendedData>
      <Point><coordinates>-71.2352582619999,-33.767983794</coordinates></Point>
  </Placemark>
  <Placemark id="centrales_solares.264">
	<name>RINCONADA NORTE</name>
	<ExtendedData><SchemaData schemaUrl="#centrales_solares">
		<SimpleData name="OBJECTID">264</SimpleData>
		<SimpleData name="ID_GE_SOLA">884</SimpleData>
		<SimpleData name="NOMBRE">RINCONADA NORTE</SimpleData>
		<SimpleData name="PROPIEDAD">FV RINCONADA SPA</SimpleData>
		<SimpleData name="TIPO">FOTOVOLTAICO</SimpleData>
		<SimpleData name="MEDIO_GENE">PMGD</SimpleData>
		<SimpleData name="COMBUSTIBL">NO APLICA</SimpleData>
		<SimpleData name="POTENCIAMW">2.97</SimpleData>
		<SimpleData name="UNIDADES">0</SimpleData>
		<SimpleData name="RCA">NO APLICA</SimpleData>
		<SimpleData name="SIST_ELECT">SEN</SimpleData>
		<SimpleData name="ESTADO">OPERATIVA</SimpleData>
		<SimpleData name="F_OPERACIO">1619827200000</SimpleData>
		<SimpleData name="COORD_ESTE">341564</SimpleData>
		<SimpleData name="COORD_NORT">6385336</SimpleData>
		<SimpleData name="HUSO">19 SUR</SimpleData>
		<SimpleData name="DATUM">WGS 1984</SimpleData>
		<SimpleData name="REGION">05</SimpleData>
		<SimpleData name="PROVINCIA">057</SimpleData>
		<SimpleData name="COMUNA">05705</SimpleData>
		<SimpleData name="FUENTE_BAS">CNE</SimpleData>
		<SimpleData name="FECH_CREA">1609372800000</SimpleData>
		<SimpleData name="FECH_ACT">1688083200000</SimpleData>
	</SchemaData></ExtendedData>
      <Point><coordinates>-70.6894431979999,-32.6582657509999</coordinates></Point>
  </Placemark>
  <Placemark id="centrales_solares.265">
	<name>VILLA ALEGRE</name>
	<ExtendedData><SchemaData schemaUrl="#centrales_solares">
		<SimpleData name="OBJECTID">265</SimpleData>
		<SimpleData name="ID_GE_SOLA">460</SimpleData>
		<SimpleData name="NOMBRE">VILLA ALEGRE</SimpleData>
		<SimpleData name="PROPIEDAD">PARQUE SOLAR VILLA ALEGRE SPA</SimpleData>
		<SimpleData name="TIPO">FOTOVOLTAICO</SimpleData>
		<SimpleData name="MEDIO_GENE">PMGD</SimpleData>
		<SimpleData name="COMBUSTIBL">NO APLICA</SimpleData>
		<SimpleData name="POTENCIAMW">8.999</SimpleData>
		<SimpleData name="UNIDADES">0</SimpleData>
		<SimpleData name="RCA">061/2019</SimpleData>
		<SimpleData name="SIST_ELECT">SEN</SimpleData>
		<SimpleData name="ESTADO">OPERATIVA</SimpleData>
		<SimpleData name="F_OPERACIO">1585612800000</SimpleData>
		<SimpleData name="COORD_ESTE">255302</SimpleData>
		<SimpleData name="COORD_NORT">6047620</SimpleData>
		<SimpleData name="HUSO">19 SUR</SimpleData>
		<SimpleData name="DATUM">WGS 1984</SimpleData>
		<SimpleData name="REGION">07</SimpleData>
		<SimpleData name="PROVINCIA">074</SimpleData>
		<SimpleData name="COMUNA">07407</SimpleData>
		<SimpleData name="FUENTE_BAS">CNE</SimpleData>
		<SimpleData name="FECH_CREA">1530316800000</SimpleData>
		<SimpleData name="FECH_ACT">1688083200000</SimpleData>
	</SchemaData></ExtendedData>
      <Point><coordinates>-71.703979498,-35.684991855</coordinates></Point>
  </Placemark>
  <Placemark id="centrales_solares.266">
	<name>LLANOS DE POTROSO</name>
	<ExtendedData><SchemaData schemaUrl="#centrales_solares">
		<SimpleData name="OBJECTID">266</SimpleData>
		<SimpleData name="ID_GE_SOLA">239</SimpleData>
		<SimpleData name="NOMBRE">LLANOS DE POTROSO</SimpleData>
		<SimpleData name="PROPIEDAD">LLANOS DE POTROSO SPA</SimpleData>
		<SimpleData name="TIPO">FOTOVOLTAICO</SimpleData>
		<SimpleData name="MEDIO_GENE">PMGD</SimpleData>
		<SimpleData name="COMBUSTIBL">NO APLICA</SimpleData>
		<SimpleData name="POTENCIAMW">9</SimpleData>
		<SimpleData name="UNIDADES">0</SimpleData>
		<SimpleData name="RCA">062/2017</SimpleData>
		<SimpleData name="SIST_ELECT">SEN</SimpleData>
		<SimpleData name="ESTADO">OPERATIVA</SimpleData>
		<SimpleData name="F_OPERACIO">1588809600000</SimpleData>
		<SimpleData name="COORD_ESTE">320000</SimpleData>
		<SimpleData name="COORD_NORT">6706960</SimpleData>
		<SimpleData name="HUSO">19 SUR</SimpleData>
		<SimpleData name="DATUM">WGS 1984</SimpleData>
		<SimpleData name="REGION">04</SimpleData>
		<SimpleData name="PROVINCIA">041</SimpleData>
		<SimpleData name="COMUNA">04101</SimpleData>
		<SimpleData name="FUENTE_BAS">CNE</SimpleData>
		<SimpleData name="FECH_CREA">1483142400000</SimpleData>
		<SimpleData name="FECH_ACT">1688083200000</SimpleData>
	</SchemaData></ExtendedData>
      <Point><coordinates>-70.861564971,-29.754554131</coordinates></Point>
  </Placemark>
  <Placemark id="centrales_solares.267">
	<name>SANTA CLARA</name>
	<ExtendedData><SchemaData schemaUrl="#centrales_solares">
		<SimpleData name="OBJECTID">267</SimpleData>
		<SimpleData name="ID_GE_SOLA">370</SimpleData>
		<SimpleData name="NOMBRE">SANTA CLARA</SimpleData>
		<SimpleData name="PROPIEDAD">IMPULSO SOLAR LAS LLOYSAS SPA</SimpleData>
		<SimpleData name="TIPO">FOTOVOLTAICO</SimpleData>
		<SimpleData name="MEDIO_GENE">PMGD</SimpleData>
		<SimpleData name="COMBUSTIBL">NO APLICA</SimpleData>
		<SimpleData name="POTENCIAMW">2.73</SimpleData>
		<SimpleData name="UNIDADES">0</SimpleData>
		<SimpleData name="RCA">NO APLICA</SimpleData>
		<SimpleData name="SIST_ELECT">SEN</SimpleData>
		<SimpleData name="ESTADO">OPERATIVA</SimpleData>
		<SimpleData name="F_OPERACIO">1559692800000</SimpleData>
		<SimpleData name="COORD_ESTE">268387</SimpleData>
		<SimpleData name="COORD_NORT">6611162</SimpleData>
		<SimpleData name="HUSO">19 SUR</SimpleData>
		<SimpleData name="DATUM">WGS 1984</SimpleData>
		<SimpleData name="REGION">04</SimpleData>
		<SimpleData name="PROVINCIA">043</SimpleData>
		<SimpleData name="COMUNA">04301</SimpleData>
		<SimpleData name="FUENTE_BAS">CNE</SimpleData>
		<SimpleData name="FECH_CREA">1546214400000</SimpleData>
		<SimpleData name="FECH_ACT">1688083200000</SimpleData>
	</SchemaData></ExtendedData>
      <Point><coordinates>-71.415997069,-30.609721684</coordinates></Point>
  </Placemark>
  <Placemark id="centrales_solares.268">
	<name>LAS TERRAZAS (ATACAMA)</name>
	<ExtendedData><SchemaData schemaUrl="#centrales_solares">
		<SimpleData name="OBJECTID">268</SimpleData>
		<SimpleData name="ID_GE_SOLA">408</SimpleData>
		<SimpleData name="NOMBRE">LAS TERRAZAS (ATACAMA)</SimpleData>
		<SimpleData name="PROPIEDAD">ENERGIA ATACAMA S.A.</SimpleData>
		<SimpleData name="TIPO">FOTOVOLTAICO</SimpleData>
		<SimpleData name="MEDIO_GENE">PMGD</SimpleData>
		<SimpleData name="COMBUSTIBL">NO APLICA</SimpleData>
		<SimpleData name="POTENCIAMW">2.99</SimpleData>
		<SimpleData name="UNIDADES">0</SimpleData>
		<SimpleData name="RCA">NO APLICA</SimpleData>
		<SimpleData name="SIST_ELECT">SEN</SimpleData>
		<SimpleData name="ESTADO">OPERATIVA</SimpleData>
		<SimpleData name="F_OPERACIO">1409184000000</SimpleData>
		<SimpleData name="COORD_ESTE">367713</SimpleData>
		<SimpleData name="COORD_NORT">6943227</SimpleData>
		<SimpleData name="HUSO">19 SUR</SimpleData>
		<SimpleData name="DATUM">WGS 1984</SimpleData>
		<SimpleData name="REGION">03</SimpleData>
		<SimpleData name="PROVINCIA">031</SimpleData>
		<SimpleData name="COMUNA">03103</SimpleData>
		<SimpleData name="FUENTE_BAS">CNE</SimpleData>
		<SimpleData name="FECH_CREA">1418169600000</SimpleData>
		<SimpleData name="FECH_ACT">1688083200000</SimpleData>
	</SchemaData></ExtendedData>
      <Point><coordinates>-70.340799332,-27.628541513</coordinates></Point>
  </Placemark>
  <Placemark id="centrales_solares.269">
	<name>ILLAPEL 5X</name>
	<ExtendedData><SchemaData schemaUrl="#centrales_solares">
		<SimpleData name="OBJECTID">269</SimpleData>
		<SimpleData name="ID_GE_SOLA">188</SimpleData>
		<SimpleData name="NOMBRE">ILLAPEL 5X</SimpleData>
		<SimpleData name="PROPIEDAD">PARSOSY ILLPAEL 5 SPA</SimpleData>
		<SimpleData name="TIPO">FOTOVOLTAICO</SimpleData>
		<SimpleData name="MEDIO_GENE">PMGD</SimpleData>
		<SimpleData name="COMBUSTIBL">NO APLICA</SimpleData>
		<SimpleData name="POTENCIAMW">2.9866</SimpleData>
		<SimpleData name="UNIDADES">0</SimpleData>
		<SimpleData name="RCA">NO APLICA</SimpleData>
		<SimpleData name="SIST_ELECT">SEN</SimpleData>
		<SimpleData name="ESTADO">OPERATIVA</SimpleData>
		<SimpleData name="F_OPERACIO">1563580800000</SimpleData>
		<SimpleData name="COORD_ESTE">296725</SimpleData>
		<SimpleData name="COORD_NORT">6500490</SimpleData>
		<SimpleData name="HUSO">19 SUR</SimpleData>
		<SimpleData name="DATUM">WGS 1984</SimpleData>
		<SimpleData name="REGION">04</SimpleData>
		<SimpleData name="PROVINCIA">042</SimpleData>
		<SimpleData name="COMUNA">04201</SimpleData>
		<SimpleData name="FUENTE_BAS">CNE</SimpleData>
		<SimpleData name="FECH_CREA">1546214400000</SimpleData>
		<SimpleData name="FECH_ACT">1688083200000</SimpleData>
	</SchemaData></ExtendedData>
      <Point><coordinates>-71.142890673,-31.612782636</coordinates></Point>
  </Placemark>
  <Placemark id="centrales_solares.270">
	<name>PIQUERO</name>
	<ExtendedData><SchemaData schemaUrl="#centrales_solares">
		<SimpleData name="OBJECTID">270</SimpleData>
		<SimpleData name="ID_GE_SOLA">144</SimpleData>
		<SimpleData name="NOMBRE">PIQUERO</SimpleData>
		<SimpleData name="PROPIEDAD">PIQUERO SPA</SimpleData>
		<SimpleData name="TIPO">FOTOVOLTAICO</SimpleData>
		<SimpleData name="MEDIO_GENE">PMGD</SimpleData>
		<SimpleData name="COMBUSTIBL">NO APLICA</SimpleData>
		<SimpleData name="POTENCIAMW">9</SimpleData>
		<SimpleData name="UNIDADES">0</SimpleData>
		<SimpleData name="RCA">NO APLICA</SimpleData>
		<SimpleData name="SIST_ELECT">SEN</SimpleData>
		<SimpleData name="ESTADO">OPERATIVA</SimpleData>
		<SimpleData name="F_OPERACIO">1544054400000</SimpleData>
		<SimpleData name="COORD_ESTE">272158</SimpleData>
		<SimpleData name="COORD_NORT">6313082</SimpleData>
		<SimpleData name="HUSO">19 SUR</SimpleData>
		<SimpleData name="DATUM">WGS 1984</SimpleData>
		<SimpleData name="REGION">05</SimpleData>
		<SimpleData name="PROVINCIA">051</SimpleData>
		<SimpleData name="COMUNA">05102</SimpleData>
		<SimpleData name="FUENTE_BAS">CNE</SimpleData>
		<SimpleData name="FECH_CREA">1530316800000</SimpleData>
		<SimpleData name="FECH_ACT">1688083200000</SimpleData>
	</SchemaData></ExtendedData>
      <Point><coordinates>-71.446950949,-33.297296667</coordinates></Point>
  </Placemark>
  <Placemark id="centrales_solares.271">
	<name>BELLAVISTA</name>
	<ExtendedData><SchemaData schemaUrl="#centrales_solares">
		<SimpleData name="OBJECTID">271</SimpleData>
		<SimpleData name="ID_GE_SOLA">33</SimpleData>
		<SimpleData name="NOMBRE">BELLAVISTA</SimpleData>
		<SimpleData name="PROPIEDAD">PARQUE SOLAR BELLAVISTA SPA</SimpleData>
		<SimpleData name="TIPO">FOTOVOLTAICO</SimpleData>
		<SimpleData name="MEDIO_GENE">PMGD</SimpleData>
		<SimpleData name="COMBUSTIBL">NO APLICA</SimpleData>
		<SimpleData name="POTENCIAMW">2.97</SimpleData>
		<SimpleData name="UNIDADES">0</SimpleData>
		<SimpleData name="RCA">NO APLICA</SimpleData>
		<SimpleData name="SIST_ELECT">SEN</SimpleData>
		<SimpleData name="ESTADO">OPERATIVA</SimpleData>
		<SimpleData name="F_OPERACIO">1458691200000</SimpleData>
		<SimpleData name="COORD_ESTE">289440</SimpleData>
		<SimpleData name="COORD_NORT">6494412</SimpleData>
		<SimpleData name="HUSO">19 SUR</SimpleData>
		<SimpleData name="DATUM">WGS 1984</SimpleData>
		<SimpleData name="REGION">04</SimpleData>
		<SimpleData name="PROVINCIA">042</SimpleData>
		<SimpleData name="COMUNA">04201</SimpleData>
		<SimpleData name="FUENTE_BAS">CNE</SimpleData>
		<SimpleData name="FECH_CREA">1483142400000</SimpleData>
		<SimpleData name="FECH_ACT">1688083200000</SimpleData>
	</SchemaData></ExtendedData>
      <Point><coordinates>-71.220942281,-31.6662677259999</coordinates></Point>
  </Placemark>
  <Placemark id="centrales_solares.272">
	<name>PASTRAN</name>
	<ExtendedData><SchemaData schemaUrl="#centrales_solares">
		<SimpleData name="OBJECTID">272</SimpleData>
		<SimpleData name="ID_GE_SOLA">297</SimpleData>
		<SimpleData name="NOMBRE">PASTRAN</SimpleData>
		<SimpleData name="PROPIEDAD">PASTRAN SPA</SimpleData>
		<SimpleData name="TIPO">FOTOVOLTAICO</SimpleData>
		<SimpleData name="MEDIO_GENE">PMGD</SimpleData>
		<SimpleData name="COMBUSTIBL">NO APLICA</SimpleData>
		<SimpleData name="POTENCIAMW">9</SimpleData>
		<SimpleData name="UNIDADES">0</SimpleData>
		<SimpleData name="RCA">CE/0076/2018</SimpleData>
		<SimpleData name="SIST_ELECT">SEN</SimpleData>
		<SimpleData name="ESTADO">OPERATIVA</SimpleData>
		<SimpleData name="F_OPERACIO">1654646400000</SimpleData>
		<SimpleData name="COORD_ESTE">294619</SimpleData>
		<SimpleData name="COORD_NORT">6608486</SimpleData>
		<SimpleData name="HUSO">19 SUR</SimpleData>
		<SimpleData name="DATUM">WGS 1984</SimpleData>
		<SimpleData name="REGION">04</SimpleData>
		<SimpleData name="PROVINCIA">043</SimpleData>
		<SimpleData name="COMUNA">04301</SimpleData>
		<SimpleData name="FUENTE_BAS">CNE</SimpleData>
		<SimpleData name="FECH_CREA">1514678400000</SimpleData>
		<SimpleData name="FECH_ACT">1688083200000</SimpleData>
	</SchemaData></ExtendedData>
      <Point><coordinates>-71.143069582,-30.638646165</coordinates></Point>
  </Placemark>
  <Placemark id="centrales_solares.273">
	<name>LAS CACHANAS</name>
	<ExtendedData><SchemaData schemaUrl="#centrales_solares">
		<SimpleData name="OBJECTID">273</SimpleData>
		<SimpleData name="ID_GE_SOLA">566</SimpleData>
		<SimpleData name="NOMBRE">LAS CACHANAS</SimpleData>
		<SimpleData name="PROPIEDAD">PFV LAS CACHANAS SPA</SimpleData>
		<SimpleData name="TIPO">FOTOVOLTAICO</SimpleData>
		<SimpleData name="MEDIO_GENE">PMGD</SimpleData>
		<SimpleData name="COMBUSTIBL">NO APLICA</SimpleData>
		<SimpleData name="POTENCIAMW">9</SimpleData>
		<SimpleData name="UNIDADES">0</SimpleData>
		<SimpleData name="RCA">016/2020</SimpleData>
		<SimpleData name="SIST_ELECT">SEN</SimpleData>
		<SimpleData name="ESTADO">OPERATIVA</SimpleData>
		<SimpleData name="F_OPERACIO">1662336000000</SimpleData>
		<SimpleData name="COORD_ESTE">319910</SimpleData>
		<SimpleData name="COORD_NORT">6171370</SimpleData>
		<SimpleData name="HUSO">19 SUR</SimpleData>
		<SimpleData name="DATUM">WGS 1984</SimpleData>
		<SimpleData name="REGION">06</SimpleData>
		<SimpleData name="PROVINCIA">063</SimpleData>
		<SimpleData name="COMUNA">06301</SimpleData>
		<SimpleData name="FUENTE_BAS">CNE</SimpleData>
		<SimpleData name="FECH_CREA">1577750400000</SimpleData>
		<SimpleData name="FECH_ACT">1688083200000</SimpleData>
	</SchemaData></ExtendedData>
      <Point><coordinates>-70.9635220499999,-34.583695335</coordinates></Point>
  </Placemark>
  <Placemark id="centrales_solares.274">
	<name>DON ENRIQUE</name>
	<ExtendedData><SchemaData schemaUrl="#centrales_solares">
		<SimpleData name="OBJECTID">274</SimpleData>
		<SimpleData name="ID_GE_SOLA">108</SimpleData>
		<SimpleData name="NOMBRE">DON ENRIQUE</SimpleData>
		<SimpleData name="PROPIEDAD">DON ENRIQUE SPA</SimpleData>
		<SimpleData name="TIPO">FOTOVOLTAICO</SimpleData>
		<SimpleData name="MEDIO_GENE">PMGD</SimpleData>
		<SimpleData name="COMBUSTIBL">NO APLICA</SimpleData>
		<SimpleData name="POTENCIAMW">9</SimpleData>
		<SimpleData name="UNIDADES">0</SimpleData>
		<SimpleData name="RCA">057/2018</SimpleData>
		<SimpleData name="SIST_ELECT">SEN</SimpleData>
		<SimpleData name="ESTADO">OPERATIVA</SimpleData>
		<SimpleData name="F_OPERACIO">1661299200000</SimpleData>
		<SimpleData name="COORD_ESTE">281042</SimpleData>
		<SimpleData name="COORD_NORT">6589323</SimpleData>
		<SimpleData name="HUSO">19 SUR</SimpleData>
		<SimpleData name="DATUM">WGS 1984</SimpleData>
		<SimpleData name="REGION">04</SimpleData>
		<SimpleData name="PROVINCIA">043</SimpleData>
		<SimpleData name="COMUNA">04304</SimpleData>
		<SimpleData name="FUENTE_BAS">CNE</SimpleData>
		<SimpleData name="FECH_CREA">1514678400000</SimpleData>
		<SimpleData name="FECH_ACT">1688083200000</SimpleData>
	</SchemaData></ExtendedData>
      <Point><coordinates>-71.288728249,-30.8090156339999</coordinates></Point>
  </Placemark>
  <Placemark id="centrales_solares.275">
	<name>PVP ITIHUE</name>
	<ExtendedData><SchemaData schemaUrl="#centrales_solares">
		<SimpleData name="OBJECTID">275</SimpleData>
		<SimpleData name="ID_GE_SOLA">902</SimpleData>
		<SimpleData name="NOMBRE">PVP ITIHUE</SimpleData>
		<SimpleData name="PROPIEDAD">PARQUE SOLAR ITIHUE SPA</SimpleData>
		<SimpleData name="TIPO">FOTOVOLTAICO</SimpleData>
		<SimpleData name="MEDIO_GENE">PMGD</SimpleData>
		<SimpleData name="COMBUSTIBL">NO APLICA</SimpleData>
		<SimpleData name="POTENCIAMW">9</SimpleData>
		<SimpleData name="UNIDADES">0</SimpleData>
		<SimpleData name="RCA">023/2021</SimpleData>
		<SimpleData name="SIST_ELECT">SEN</SimpleData>
		<SimpleData name="ESTADO">OPERATIVA</SimpleData>
		<SimpleData name="F_OPERACIO">1668729600000</SimpleData>
		<SimpleData name="COORD_ESTE">236589</SimpleData>
		<SimpleData name="COORD_NORT">5961855</SimpleData>
		<SimpleData name="HUSO">19 SUR</SimpleData>
		<SimpleData name="DATUM">WGS 1984</SimpleData>
		<SimpleData name="REGION">16</SimpleData>
		<SimpleData name="PROVINCIA">163</SimpleData>
		<SimpleData name="COMUNA">16301</SimpleData>
		<SimpleData name="FUENTE_BAS">CNE</SimpleData>
		<SimpleData name="FECH_CREA">1609372800000</SimpleData>
		<SimpleData name="FECH_ACT">1688083200000</SimpleData>
	</SchemaData></ExtendedData>
      <Point><coordinates>-71.939143244,-36.4524055169999</coordinates></Point>
  </Placemark>
  <Placemark id="centrales_solares.276">
	<name>MEMBRILLO</name>
	<ExtendedData><SchemaData schemaUrl="#centrales_solares">
		<SimpleData name="OBJECTID">276</SimpleData>
		<SimpleData name="ID_GE_SOLA">877</SimpleData>
		<SimpleData name="NOMBRE">MEMBRILLO</SimpleData>
		<SimpleData name="PROPIEDAD">FOTOVOLTAICA AVELLANO SPA</SimpleData>
		<SimpleData name="TIPO">FOTOVOLTAICO</SimpleData>
		<SimpleData name="MEDIO_GENE">PMGD</SimpleData>
		<SimpleData name="COMBUSTIBL">NO APLICA</SimpleData>
		<SimpleData name="POTENCIAMW">2.99</SimpleData>
		<SimpleData name="UNIDADES">0</SimpleData>
		<SimpleData name="RCA">NO APLICA</SimpleData>
		<SimpleData name="SIST_ELECT">SEN</SimpleData>
		<SimpleData name="ESTADO">OPERATIVA</SimpleData>
		<SimpleData name="F_OPERACIO">1622592000000</SimpleData>
		<SimpleData name="COORD_ESTE">317725</SimpleData>
		<SimpleData name="COORD_NORT">6148932</SimpleData>
		<SimpleData name="HUSO">19 SUR</SimpleData>
		<SimpleData name="DATUM">WGS 1984</SimpleData>
		<SimpleData name="REGION">06</SimpleData>
		<SimpleData name="PROVINCIA">063</SimpleData>
		<SimpleData name="COMUNA">06303</SimpleData>
		<SimpleData name="FUENTE_BAS">CNE</SimpleData>
		<SimpleData name="FECH_CREA">1609372800000</SimpleData>
		<SimpleData name="FECH_ACT">1688083200000</SimpleData>
	</SchemaData></ExtendedData>
      <Point><coordinates>-70.992172371,-34.785531294</coordinates></Point>
  </Placemark>
  <Placemark id="centrales_solares.277">
	<name>MANAO</name>
	<ExtendedData><SchemaData schemaUrl="#centrales_solares">
		<SimpleData name="OBJECTID">277</SimpleData>
		<SimpleData name="ID_GE_SOLA">1154</SimpleData>
		<SimpleData name="NOMBRE">MANAO</SimpleData>
		<SimpleData name="PROPIEDAD">SOLAR TI DOCE SPA</SimpleData>
		<SimpleData name="TIPO">FOTOVOLTAICO</SimpleData>
		<SimpleData name="MEDIO_GENE">PMGD</SimpleData>
		<SimpleData name="COMBUSTIBL">NO APLICA</SimpleData>
		<SimpleData name="POTENCIAMW">3</SimpleData>
		<SimpleData name="UNIDADES">0</SimpleData>
		<SimpleData name="RCA">NO APLICA</SimpleData>
		<SimpleData name="SIST_ELECT">SEN</SimpleData>
		<SimpleData name="ESTADO">OPERATIVA</SimpleData>
		<SimpleData name="F_OPERACIO">1647302400000</SimpleData>
		<SimpleData name="COORD_ESTE">314072</SimpleData>
		<SimpleData name="COORD_NORT">6362148</SimpleData>
		<SimpleData name="HUSO">19 SUR</SimpleData>
		<SimpleData name="DATUM">WGS 1984</SimpleData>
		<SimpleData name="REGION">05</SimpleData>
		<SimpleData name="PROVINCIA">057</SimpleData>
		<SimpleData name="COMUNA">05703</SimpleData>
		<SimpleData name="FUENTE_BAS">CNE</SimpleData>
		<SimpleData name="FECH_CREA">1640908800000</SimpleData>
		<SimpleData name="FECH_ACT">1688083200000</SimpleData>
	</SchemaData></ExtendedData>
      <Point><coordinates>-70.98709633,-32.863025109</coordinates></Point>
  </Placemark>
  <Placemark id="centrales_solares.278">
	<name>CABRERO SOLAR</name>
	<ExtendedData><SchemaData schemaUrl="#centrales_solares">
		<SimpleData name="OBJECTID">278</SimpleData>
		<SimpleData name="ID_GE_SOLA">479</SimpleData>
		<SimpleData name="NOMBRE">CABRERO SOLAR</SimpleData>
		<SimpleData name="PROPIEDAD">CABRERO SOLAR SPA</SimpleData>
		<SimpleData name="TIPO">FOTOVOLTAICO</SimpleData>
		<SimpleData name="MEDIO_GENE">PMGD</SimpleData>
		<SimpleData name="COMBUSTIBL">NO APLICA</SimpleData>
		<SimpleData name="POTENCIAMW">9</SimpleData>
		<SimpleData name="UNIDADES">0</SimpleData>
		<SimpleData name="RCA">208/2019</SimpleData>
		<SimpleData name="SIST_ELECT">SEN</SimpleData>
		<SimpleData name="ESTADO">OPERATIVA</SimpleData>
		<SimpleData name="F_OPERACIO">1679529600000</SimpleData>
		<SimpleData name="COORD_ESTE">195940</SimpleData>
		<SimpleData name="COORD_NORT">5895219</SimpleData>
		<SimpleData name="HUSO">19 SUR</SimpleData>
		<SimpleData name="DATUM">WGS 1984</SimpleData>
		<SimpleData name="REGION">08</SimpleData>
		<SimpleData name="PROVINCIA">083</SimpleData>
		<SimpleData name="COMUNA">08303</SimpleData>
		<SimpleData name="FUENTE_BAS">CNE</SimpleData>
		<SimpleData name="FECH_CREA">1553990400000</SimpleData>
		<SimpleData name="FECH_ACT">1688083200000</SimpleData>
	</SchemaData></ExtendedData>
      <Point><coordinates>-72.4185555669999,-37.0400316729999</coordinates></Point>
  </Placemark>
  <Placemark id="centrales_solares.279">
	<name>LORETO SOLAR</name>
	<ExtendedData><SchemaData schemaUrl="#centrales_solares">
		<SimpleData name="OBJECTID">279</SimpleData>
		<SimpleData name="ID_GE_SOLA">497</SimpleData>
		<SimpleData name="NOMBRE">LORETO SOLAR</SimpleData>
		<SimpleData name="PROPIEDAD">FOTOVOLTAICA ACACIA SPA</SimpleData>
		<SimpleData name="TIPO">FOTOVOLTAICO</SimpleData>
		<SimpleData name="MEDIO_GENE">PMGD</SimpleData>
		<SimpleData name="COMBUSTIBL">NO APLICA</SimpleData>
		<SimpleData name="POTENCIAMW">2.97</SimpleData>
		<SimpleData name="UNIDADES">0</SimpleData>
		<SimpleData name="RCA">NO APLICA</SimpleData>
		<SimpleData name="SIST_ELECT">SEN</SimpleData>
		<SimpleData name="ESTADO">OPERATIVA</SimpleData>
		<SimpleData name="F_OPERACIO">1577404800000</SimpleData>
		<SimpleData name="COORD_ESTE">309990</SimpleData>
		<SimpleData name="COORD_NORT">6208920</SimpleData>
		<SimpleData name="HUSO">19 SUR</SimpleData>
		<SimpleData name="DATUM">WGS 1984</SimpleData>
		<SimpleData name="REGION">06</SimpleData>
		<SimpleData name="PROVINCIA">061</SimpleData>
		<SimpleData name="COMUNA">06104</SimpleData>
		<SimpleData name="FUENTE_BAS">CNE</SimpleData>
		<SimpleData name="FECH_CREA">1561852800000</SimpleData>
		<SimpleData name="FECH_ACT">1688083200000</SimpleData>
	</SchemaData></ExtendedData>
      <Point><coordinates>-71.063288261,-34.24349118</coordinates></Point>
  </Placemark>
  <Placemark id="centrales_solares.280">
	<name>ALTURAS DE OVALLE</name>
	<ExtendedData><SchemaData schemaUrl="#centrales_solares">
		<SimpleData name="OBJECTID">280</SimpleData>
		<SimpleData name="ID_GE_SOLA">12</SimpleData>
		<SimpleData name="NOMBRE">ALTURAS DE OVALLE</SimpleData>
		<SimpleData name="PROPIEDAD">GR HUINGAN SPA</SimpleData>
		<SimpleData name="TIPO">FOTOVOLTAICO</SimpleData>
		<SimpleData name="MEDIO_GENE">PMGD</SimpleData>
		<SimpleData name="COMBUSTIBL">NO APLICA</SimpleData>
		<SimpleData name="POTENCIAMW">6</SimpleData>
		<SimpleData name="UNIDADES">0</SimpleData>
		<SimpleData name="RCA">048/2017</SimpleData>
		<SimpleData name="SIST_ELECT">SEN</SimpleData>
		<SimpleData name="ESTADO">OPERATIVA</SimpleData>
		<SimpleData name="F_OPERACIO">1475539200000</SimpleData>
		<SimpleData name="COORD_ESTE">285166</SimpleData>
		<SimpleData name="COORD_NORT">6617842</SimpleData>
		<SimpleData name="HUSO">19 SUR</SimpleData>
		<SimpleData name="DATUM">WGS 1984</SimpleData>
		<SimpleData name="REGION">04</SimpleData>
		<SimpleData name="PROVINCIA">043</SimpleData>
		<SimpleData name="COMUNA">04301</SimpleData>
		<SimpleData name="FUENTE_BAS">CNE</SimpleData>
		<SimpleData name="FECH_CREA">1506729600000</SimpleData>
		<SimpleData name="FECH_ACT">1688083200000</SimpleData>
	</SchemaData></ExtendedData>
      <Point><coordinates>-71.239703698,-30.5526214339999</coordinates></Point>
  </Placemark>
  <Placemark id="centrales_solares.281">
	<name>EL ESTERO</name>
	<ExtendedData><SchemaData schemaUrl="#centrales_solares">
		<SimpleData name="OBJECTID">281</SimpleData>
		<SimpleData name="ID_GE_SOLA">135</SimpleData>
		<SimpleData name="NOMBRE">EL ESTERO</SimpleData>
		<SimpleData name="PROPIEDAD">FOTOVOLTAICA MANZANO SPA</SimpleData>
		<SimpleData name="TIPO">FOTOVOLTAICO</SimpleData>
		<SimpleData name="MEDIO_GENE">PMGD</SimpleData>
		<SimpleData name="COMBUSTIBL">NO APLICA</SimpleData>
		<SimpleData name="POTENCIAMW">2.68</SimpleData>
		<SimpleData name="UNIDADES">0</SimpleData>
		<SimpleData name="RCA">NO APLICA</SimpleData>
		<SimpleData name="SIST_ELECT">SEN</SimpleData>
		<SimpleData name="ESTADO">OPERATIVA</SimpleData>
		<SimpleData name="F_OPERACIO">1576800000000</SimpleData>
		<SimpleData name="COORD_ESTE">278782</SimpleData>
		<SimpleData name="COORD_NORT">6210778</SimpleData>
		<SimpleData name="HUSO">19 SUR</SimpleData>
		<SimpleData name="DATUM">WGS 1984</SimpleData>
		<SimpleData name="REGION">06</SimpleData>
		<SimpleData name="PROVINCIA">061</SimpleData>
		<SimpleData name="COMUNA">06107</SimpleData>
		<SimpleData name="FUENTE_BAS">CNE</SimpleData>
		<SimpleData name="FECH_CREA">1514678400000</SimpleData>
		<SimpleData name="FECH_ACT">1688083200000</SimpleData>
	</SchemaData></ExtendedData>
      <Point><coordinates>-71.40145189,-34.220580108</coordinates></Point>
  </Placemark>
  <Placemark id="centrales_solares.282">
	<name>SOLAR ESPERANZA II</name>
	<ExtendedData><SchemaData schemaUrl="#centrales_solares">
		<SimpleData name="OBJECTID">282</SimpleData>
		<SimpleData name="ID_GE_SOLA">401</SimpleData>
		<SimpleData name="NOMBRE">SOLAR ESPERANZA II</SimpleData>
		<SimpleData name="PROPIEDAD">GR ARAUCARIA SPA</SimpleData>
		<SimpleData name="TIPO">FOTOVOLTAICO</SimpleData>
		<SimpleData name="MEDIO_GENE">PMGD</SimpleData>
		<SimpleData name="COMBUSTIBL">NO APLICA</SimpleData>
		<SimpleData name="POTENCIAMW">8.99</SimpleData>
		<SimpleData name="UNIDADES">0</SimpleData>
		<SimpleData name="RCA">045/2016</SimpleData>
		<SimpleData name="SIST_ELECT">SEN</SimpleData>
		<SimpleData name="ESTADO">OPERATIVA</SimpleData>
		<SimpleData name="F_OPERACIO">1483056000000</SimpleData>
		<SimpleData name="COORD_ESTE">266258</SimpleData>
		<SimpleData name="COORD_NORT">6197524</SimpleData>
		<SimpleData name="HUSO">19 SUR</SimpleData>
		<SimpleData name="DATUM">WGS 1984</SimpleData>
		<SimpleData name="REGION">06</SimpleData>
		<SimpleData name="PROVINCIA">062</SimpleData>
		<SimpleData name="COMUNA">06204</SimpleData>
		<SimpleData name="FUENTE_BAS">CNE</SimpleData>
		<SimpleData name="FECH_CREA">1490918400000</SimpleData>
		<SimpleData name="FECH_ACT">1688083200000</SimpleData>
	</SchemaData></ExtendedData>
      <Point><coordinates>-71.540885864,-34.337257039</coordinates></Point>
  </Placemark>
  <Placemark id="centrales_solares.283">
	<name>RIO PEUCO</name>
	<ExtendedData><SchemaData schemaUrl="#centrales_solares">
		<SimpleData name="OBJECTID">283</SimpleData>
		<SimpleData name="ID_GE_SOLA">1259</SimpleData>
		<SimpleData name="NOMBRE">RIO PEUCO</SimpleData>
		<SimpleData name="PROPIEDAD">NUEVA ESPERANZA SOLAR SPA</SimpleData>
		<SimpleData name="TIPO">FOTOVOLTAICO</SimpleData>
		<SimpleData name="MEDIO_GENE">PMGD</SimpleData>
		<SimpleData name="COMBUSTIBL">NO APLICA</SimpleData>
		<SimpleData name="POTENCIAMW">2.75</SimpleData>
		<SimpleData name="UNIDADES">0</SimpleData>
		<SimpleData name="RCA">NO APLICA</SimpleData>
		<SimpleData name="SIST_ELECT">SEN</SimpleData>
		<SimpleData name="ESTADO">OPERATIVA</SimpleData>
		<SimpleData name="F_OPERACIO">1669766400000</SimpleData>
		<SimpleData name="COORD_ESTE">342769</SimpleData>
		<SimpleData name="COORD_NORT">6243202</SimpleData>
		<SimpleData name="HUSO">19 SUR</SimpleData>
		<SimpleData name="DATUM">WGS 1984</SimpleData>
		<SimpleData name="REGION">06</SimpleData>
		<SimpleData name="PROVINCIA">061</SimpleData>
		<SimpleData name="COMUNA">06110</SimpleData>
		<SimpleData name="FUENTE_BAS">CNE</SimpleData>
		<SimpleData name="FECH_CREA">1656547200000</SimpleData>
		<SimpleData name="FECH_ACT">1688083200000</SimpleData>
	</SchemaData></ExtendedData>
      <Point><coordinates>-70.701303648,-33.939919867</coordinates></Point>
  </Placemark>
  <Placemark id="centrales_solares.284">
	<name>AEROPUERTO</name>
	<ExtendedData><SchemaData schemaUrl="#centrales_solares">
		<SimpleData name="OBJECTID">284</SimpleData>
		<SimpleData name="ID_GE_SOLA">816</SimpleData>
		<SimpleData name="NOMBRE">AEROPUERTO</SimpleData>
		<SimpleData name="PROPIEDAD">PARQUE SOLAR RETIRO SPA</SimpleData>
		<SimpleData name="TIPO">FOTOVOLTAICO</SimpleData>
		<SimpleData name="MEDIO_GENE">PMGD</SimpleData>
		<SimpleData name="COMBUSTIBL">NO APLICA</SimpleData>
		<SimpleData name="POTENCIAMW">5.5</SimpleData>
		<SimpleData name="UNIDADES">0</SimpleData>
		<SimpleData name="RCA">057/2021</SimpleData>
		<SimpleData name="SIST_ELECT">SEN</SimpleData>
		<SimpleData name="ESTADO">OPERATIVA</SimpleData>
		<SimpleData name="F_OPERACIO">1648684800000</SimpleData>
		<SimpleData name="COORD_ESTE">264490</SimpleData>
		<SimpleData name="COORD_NORT">6081124</SimpleData>
		<SimpleData name="HUSO">19 SUR</SimpleData>
		<SimpleData name="DATUM">WGS 1984</SimpleData>
		<SimpleData name="REGION">07</SimpleData>
		<SimpleData name="PROVINCIA">071</SimpleData>
		<SimpleData name="COMUNA">07101</SimpleData>
		<SimpleData name="FUENTE_BAS">CNE</SimpleData>
		<SimpleData name="FECH_CREA">1593475200000</SimpleData>
		<SimpleData name="FECH_ACT">1688083200000</SimpleData>
	</SchemaData></ExtendedData>
      <Point><coordinates>-71.592809361,-35.38544676</coordinates></Point>
  </Placemark>
  <Placemark id="centrales_solares.285">
	<name>KAUFMANN</name>
	<ExtendedData><SchemaData schemaUrl="#centrales_solares">
		<SimpleData name="OBJECTID">285</SimpleData>
		<SimpleData name="ID_GE_SOLA">490</SimpleData>
		<SimpleData name="NOMBRE">KAUFMANN</SimpleData>
		<SimpleData name="PROPIEDAD">AES GENER S.A.</SimpleData>
		<SimpleData name="TIPO">FOTOVOLTAICO</SimpleData>
		<SimpleData name="MEDIO_GENE">PMGD</SimpleData>
		<SimpleData name="COMBUSTIBL">NO APLICA</SimpleData>
		<SimpleData name="POTENCIAMW">0.814</SimpleData>
		<SimpleData name="UNIDADES">0</SimpleData>
		<SimpleData name="RCA">NO APLICA</SimpleData>
		<SimpleData name="SIST_ELECT">SEN</SimpleData>
		<SimpleData name="ESTADO">OPERATIVA</SimpleData>
		<SimpleData name="F_OPERACIO">1625270400000</SimpleData>
		<SimpleData name="COORD_ESTE">337302</SimpleData>
		<SimpleData name="COORD_NORT">6314469</SimpleData>
		<SimpleData name="HUSO">19 SUR</SimpleData>
		<SimpleData name="DATUM">WGS 1984</SimpleData>
		<SimpleData name="REGION">13</SimpleData>
		<SimpleData name="PROVINCIA">133</SimpleData>
		<SimpleData name="COMUNA">13302</SimpleData>
		<SimpleData name="FUENTE_BAS">CNE</SimpleData>
		<SimpleData name="FECH_CREA">1561852800000</SimpleData>
		<SimpleData name="FECH_ACT">1688083200000</SimpleData>
	</SchemaData></ExtendedData>
      <Point><coordinates>-70.7474152999999,-33.29659922</coordinates></Point>
  </Placemark>
  <Placemark id="centrales_solares.286">
	<name>LAS PALOMAS</name>
	<ExtendedData><SchemaData schemaUrl="#centrales_solares">
		<SimpleData name="OBJECTID">286</SimpleData>
		<SimpleData name="ID_GE_SOLA">221</SimpleData>
		<SimpleData name="NOMBRE">LAS PALOMAS</SimpleData>
		<SimpleData name="PROPIEDAD">PV LAS PALOMAS SPA</SimpleData>
		<SimpleData name="TIPO">FOTOVOLTAICO</SimpleData>
		<SimpleData name="MEDIO_GENE">PMGD</SimpleData>
		<SimpleData name="COMBUSTIBL">NO APLICA</SimpleData>
		<SimpleData name="POTENCIAMW">2.99</SimpleData>
		<SimpleData name="UNIDADES">0</SimpleData>
		<SimpleData name="RCA">NO APLICA</SimpleData>
		<SimpleData name="SIST_ELECT">SEN</SimpleData>
		<SimpleData name="ESTADO">OPERATIVA</SimpleData>
		<SimpleData name="F_OPERACIO">1540944000000</SimpleData>
		<SimpleData name="COORD_ESTE">231847</SimpleData>
		<SimpleData name="COORD_NORT">5924667</SimpleData>
		<SimpleData name="HUSO">19 SUR</SimpleData>
		<SimpleData name="DATUM">WGS 1984</SimpleData>
		<SimpleData name="REGION">16</SimpleData>
		<SimpleData name="PROVINCIA">161</SimpleData>
		<SimpleData name="COMUNA">16102</SimpleData>
		<SimpleData name="FUENTE_BAS">CNE</SimpleData>
		<SimpleData name="FECH_CREA">1522454400000</SimpleData>
		<SimpleData name="FECH_ACT">1688083200000</SimpleData>
	</SchemaData></ExtendedData>
      <Point><coordinates>-72.0049663729999,-36.785881332</coordinates></Point>
  </Placemark>
  <Placemark id="centrales_solares.287">
	<name>PIRQUE</name>
	<ExtendedData><SchemaData schemaUrl="#centrales_solares">
		<SimpleData name="OBJECTID">287</SimpleData>
		<SimpleData name="ID_GE_SOLA">317</SimpleData>
		<SimpleData name="NOMBRE">PIRQUE</SimpleData>
		<SimpleData name="PROPIEDAD">SOLAR TI CUATRO SPA</SimpleData>
		<SimpleData name="TIPO">FOTOVOLTAICO</SimpleData>
		<SimpleData name="MEDIO_GENE">PMGD</SimpleData>
		<SimpleData name="COMBUSTIBL">NO APLICA</SimpleData>
		<SimpleData name="POTENCIAMW">2.74</SimpleData>
		<SimpleData name="UNIDADES">0</SimpleData>
		<SimpleData name="RCA">NO APLICA</SimpleData>
		<SimpleData name="SIST_ELECT">SEN</SimpleData>
		<SimpleData name="ESTADO">OPERATIVA</SimpleData>
		<SimpleData name="F_OPERACIO">1554940800000</SimpleData>
		<SimpleData name="COORD_ESTE">349683</SimpleData>
		<SimpleData name="COORD_NORT">6272005</SimpleData>
		<SimpleData name="HUSO">19 SUR</SimpleData>
		<SimpleData name="DATUM">WGS 1984</SimpleData>
		<SimpleData name="REGION">13</SimpleData>
		<SimpleData name="PROVINCIA">132</SimpleData>
		<SimpleData name="COMUNA">13202</SimpleData>
		<SimpleData name="FUENTE_BAS">CNE</SimpleData>
		<SimpleData name="FECH_CREA">1546214400000</SimpleData>
		<SimpleData name="FECH_ACT">1688083200000</SimpleData>
	</SchemaData></ExtendedData>
      <Point><coordinates>-70.621610338,-33.681255558</coordinates></Point>
  </Placemark>
  <Placemark id="centrales_solares.288">
	<name>PULLALLI</name>
	<ExtendedData><SchemaData schemaUrl="#centrales_solares">
		<SimpleData name="OBJECTID">288</SimpleData>
		<SimpleData name="ID_GE_SOLA">552</SimpleData>
		<SimpleData name="NOMBRE">PULLALLI</SimpleData>
		<SimpleData name="PROPIEDAD">FOTOVOLTAICA LA LIGUA SPA</SimpleData>
		<SimpleData name="TIPO">FOTOVOLTAICO</SimpleData>
		<SimpleData name="MEDIO_GENE">PMGD</SimpleData>
		<SimpleData name="COMBUSTIBL">NO APLICA</SimpleData>
		<SimpleData name="POTENCIAMW">2.989</SimpleData>
		<SimpleData name="UNIDADES">0</SimpleData>
		<SimpleData name="RCA">NO APLICA</SimpleData>
		<SimpleData name="SIST_ELECT">SEN</SimpleData>
		<SimpleData name="ESTADO">OPERATIVA</SimpleData>
		<SimpleData name="F_OPERACIO">1583798400000</SimpleData>
		<SimpleData name="COORD_ESTE">285960</SimpleData>
		<SimpleData name="COORD_NORT">6406928</SimpleData>
		<SimpleData name="HUSO">19 SUR</SimpleData>
		<SimpleData name="DATUM">WGS 1984</SimpleData>
		<SimpleData name="REGION">05</SimpleData>
		<SimpleData name="PROVINCIA">054</SimpleData>
		<SimpleData name="COMUNA">05401</SimpleData>
		<SimpleData name="FUENTE_BAS">CNE</SimpleData>
		<SimpleData name="FECH_CREA">1577750400000</SimpleData>
		<SimpleData name="FECH_ACT">1688083200000</SimpleData>
	</SchemaData></ExtendedData>
      <Point><coordinates>-71.277087619,-32.454260513</coordinates></Point>
  </Placemark>
  <Placemark id="centrales_solares.289">
	<name>ANDES SOLAR II</name>
	<ExtendedData><SchemaData schemaUrl="#centrales_solares">
		<SimpleData name="OBJECTID">289</SimpleData>
		<SimpleData name="ID_GE_SOLA">505</SimpleData>
		<SimpleData name="NOMBRE">ANDES SOLAR II</SimpleData>
		<SimpleData name="PROPIEDAD">AES ANDES</SimpleData>
		<SimpleData name="TIPO">FOTOVOLTAICO</SimpleData>
		<SimpleData name="COMBUSTIBL">NO APLICA</SimpleData>
		<SimpleData name="POTENCIAMW">86.32</SimpleData>
		<SimpleData name="UNIDADES">0</SimpleData>
		<SimpleData name="RCA">151/2012</SimpleData>
		<SimpleData name="SIST_ELECT">SEN</SimpleData>
		<SimpleData name="ESTADO">OPERATIVA</SimpleData>
		<SimpleData name="F_OPERACIO">1578614400000</SimpleData>
		<SimpleData name="COORD_ESTE">543186</SimpleData>
		<SimpleData name="COORD_NORT">7344977</SimpleData>
		<SimpleData name="HUSO">19 SUR</SimpleData>
		<SimpleData name="DATUM">WGS 1984</SimpleData>
		<SimpleData name="REGION">02</SimpleData>
		<SimpleData name="PROVINCIA">021</SimpleData>
		<SimpleData name="COMUNA">02101</SimpleData>
		<SimpleData name="FUENTE_BAS">CNE</SimpleData>
		<SimpleData name="FECH_CREA">1561852800000</SimpleData>
		<SimpleData name="FECH_ACT">1688083200000</SimpleData>
	</SchemaData></ExtendedData>
      <Point><coordinates>-68.5753860739999,-24.006605819</coordinates></Point>
  </Placemark>
  <Placemark id="centrales_solares.290">
	<name>ARGOMEDO</name>
	<ExtendedData><SchemaData schemaUrl="#centrales_solares">
		<SimpleData name="OBJECTID">290</SimpleData>
		<SimpleData name="ID_GE_SOLA">351</SimpleData>
		<SimpleData name="NOMBRE">ARGOMEDO</SimpleData>
		<SimpleData name="PROPIEDAD">GR GUINDO SPA</SimpleData>
		<SimpleData name="TIPO">FOTOVOLTAICO</SimpleData>
		<SimpleData name="MEDIO_GENE">PMGD</SimpleData>
		<SimpleData name="COMBUSTIBL">NO APLICA</SimpleData>
		<SimpleData name="POTENCIAMW">7.97</SimpleData>
		<SimpleData name="UNIDADES">0</SimpleData>
		<SimpleData name="RCA">006/2019</SimpleData>
		<SimpleData name="SIST_ELECT">SEN</SimpleData>
		<SimpleData name="ESTADO">OPERATIVA</SimpleData>
		<SimpleData name="F_OPERACIO">1592524800000</SimpleData>
		<SimpleData name="COORD_ESTE">315520</SimpleData>
		<SimpleData name="COORD_NORT">6196441</SimpleData>
		<SimpleData name="HUSO">19 SUR</SimpleData>
		<SimpleData name="DATUM">WGS 1984</SimpleData>
		<SimpleData name="REGION">06</SimpleData>
		<SimpleData name="PROVINCIA">061</SimpleData>
		<SimpleData name="COMUNA">06114</SimpleData>
		<SimpleData name="FUENTE_BAS">CNE</SimpleData>
		<SimpleData name="FECH_CREA">1530316800000</SimpleData>
		<SimpleData name="FECH_ACT">1688083200000</SimpleData>
	</SchemaData></ExtendedData>
      <Point><coordinates>-71.005944864,-34.3569593949999</coordinates></Point>
  </Placemark>
  <Placemark id="centrales_solares.291">
	<name>SOL DEL NORTE</name>
	<ExtendedData><SchemaData schemaUrl="#centrales_solares">
		<SimpleData name="OBJECTID">291</SimpleData>
		<SimpleData name="ID_GE_SOLA">390</SimpleData>
		<SimpleData name="NOMBRE">SOL DEL NORTE</SimpleData>
		<SimpleData name="PROPIEDAD">SOLAR E SPA</SimpleData>
		<SimpleData name="TIPO">FOTOVOLTAICO</SimpleData>
		<SimpleData name="MEDIO_GENE">PMGD</SimpleData>
		<SimpleData name="COMBUSTIBL">NO APLICA</SimpleData>
		<SimpleData name="POTENCIAMW">2.9393</SimpleData>
		<SimpleData name="UNIDADES">0</SimpleData>
		<SimpleData name="RCA">NO APLICA</SimpleData>
		<SimpleData name="SIST_ELECT">SEN</SimpleData>
		<SimpleData name="ESTADO">OPERATIVA</SimpleData>
		<SimpleData name="F_OPERACIO">1444003200000</SimpleData>
		<SimpleData name="COORD_ESTE">337664</SimpleData>
		<SimpleData name="COORD_NORT">6675581</SimpleData>
		<SimpleData name="HUSO">19 SUR</SimpleData>
		<SimpleData name="DATUM">WGS 1984</SimpleData>
		<SimpleData name="REGION">04</SimpleData>
		<SimpleData name="PROVINCIA">041</SimpleData>
		<SimpleData name="COMUNA">04106</SimpleData>
		<SimpleData name="FUENTE_BAS">CNE</SimpleData>
		<SimpleData name="FECH_CREA">1451520000000</SimpleData>
		<SimpleData name="FECH_ACT">1688083200000</SimpleData>
	</SchemaData></ExtendedData>
      <Point><coordinates>-70.68370579,-30.040063523</coordinates></Point>
  </Placemark>
  <Placemark id="centrales_solares.292">
	<name>COYUNCHE</name>
	<ExtendedData><SchemaData schemaUrl="#centrales_solares">
		<SimpleData name="OBJECTID">292</SimpleData>
		<SimpleData name="ID_GE_SOLA">1322</SimpleData>
		<SimpleData name="NOMBRE">COYUNCHE</SimpleData>
		<SimpleData name="PROPIEDAD">PER PARINACOTA SPA</SimpleData>
		<SimpleData name="TIPO">FOTOVOLTAICO</SimpleData>
		<SimpleData name="MEDIO_GENE">PMGD</SimpleData>
		<SimpleData name="COMBUSTIBL">NO APLICA</SimpleData>
		<SimpleData name="POTENCIAMW">2.7</SimpleData>
		<SimpleData name="UNIDADES">0</SimpleData>
		<SimpleData name="RCA">NO APLICA</SimpleData>
		<SimpleData name="SIST_ELECT">SEN</SimpleData>
		<SimpleData name="ESTADO">OPERATIVA</SimpleData>
		<SimpleData name="F_OPERACIO">1684368000000</SimpleData>
		<SimpleData name="COORD_ESTE">210532</SimpleData>
		<SimpleData name="COORD_NORT">5855238</SimpleData>
		<SimpleData name="HUSO">19 SUR</SimpleData>
		<SimpleData name="DATUM">WGS 1984</SimpleData>
		<SimpleData name="REGION">08</SimpleData>
		<SimpleData name="PROVINCIA">083</SimpleData>
		<SimpleData name="COMUNA">08301</SimpleData>
		<SimpleData name="FUENTE_BAS">CNE</SimpleData>
		<SimpleData name="FECH_CREA">1672444800000</SimpleData>
		<SimpleData name="FECH_ACT">1688083200000</SimpleData>
	</SchemaData></ExtendedData>
      <Point><coordinates>-72.270260057,-37.404450169</coordinates></Point>
  </Placemark>
  <Placemark id="centrales_solares.293">
	<name>VICENTE SOLAR</name>
	<ExtendedData><SchemaData schemaUrl="#centrales_solares">
		<SimpleData name="OBJECTID">293</SimpleData>
		<SimpleData name="ID_GE_SOLA">869</SimpleData>
		<SimpleData name="NOMBRE">VICENTE SOLAR</SimpleData>
		<SimpleData name="PROPIEDAD">SOLAR TI DOS SPA</SimpleData>
		<SimpleData name="TIPO">FOTOVOLTAICO</SimpleData>
		<SimpleData name="MEDIO_GENE">PMGD</SimpleData>
		<SimpleData name="COMBUSTIBL">NO APLICA</SimpleData>
		<SimpleData name="POTENCIAMW">2.695</SimpleData>
		<SimpleData name="UNIDADES">0</SimpleData>
		<SimpleData name="RCA">NO APLICA</SimpleData>
		<SimpleData name="SIST_ELECT">SEN</SimpleData>
		<SimpleData name="ESTADO">OPERATIVA</SimpleData>
		<SimpleData name="F_OPERACIO">1625788800000</SimpleData>
		<SimpleData name="COORD_ESTE">349991</SimpleData>
		<SimpleData name="COORD_NORT">6272321</SimpleData>
		<SimpleData name="HUSO">19 SUR</SimpleData>
		<SimpleData name="DATUM">WGS 1984</SimpleData>
		<SimpleData name="REGION">13</SimpleData>
		<SimpleData name="PROVINCIA">133</SimpleData>
		<SimpleData name="COMUNA">13302</SimpleData>
		<SimpleData name="FUENTE_BAS">CNE</SimpleData>
		<SimpleData name="FECH_CREA">1609372800000</SimpleData>
		<SimpleData name="FECH_ACT">1688083200000</SimpleData>
	</SchemaData></ExtendedData>
      <Point><coordinates>-70.618235423,-33.6784501229999</coordinates></Point>
  </Placemark>
  <Placemark id="centrales_solares.294">
	<name>LUZ DEL NORTE</name>
	<ExtendedData><SchemaData schemaUrl="#centrales_solares">
		<SimpleData name="OBJECTID">294</SimpleData>
		<SimpleData name="ID_GE_SOLA">262</SimpleData>
		<SimpleData name="NOMBRE">LUZ DEL NORTE</SimpleData>
		<SimpleData name="PROPIEDAD">PARQUE SOLAR FOTOVOLTAICO LUZ DEL NORTE SPA</SimpleData>
		<SimpleData name="TIPO">FOTOVOLTAICO</SimpleData>
		<SimpleData name="COMBUSTIBL">NO APLICA</SimpleData>
		<SimpleData name="POTENCIAMW">141.04</SimpleData>
		<SimpleData name="UNIDADES">0</SimpleData>
		<SimpleData name="RCA">061/2014</SimpleData>
		<SimpleData name="SIST_ELECT">SEN</SimpleData>
		<SimpleData name="ESTADO">OPERATIVA</SimpleData>
		<SimpleData name="F_OPERACIO">1456272000000</SimpleData>
		<SimpleData name="COORD_ESTE">411433</SimpleData>
		<SimpleData name="COORD_NORT">7010344</SimpleData>
		<SimpleData name="HUSO">19 SUR</SimpleData>
		<SimpleData name="DATUM">WGS 1984</SimpleData>
		<SimpleData name="REGION">03</SimpleData>
		<SimpleData name="PROVINCIA">031</SimpleData>
		<SimpleData name="COMUNA">03101</SimpleData>
		<SimpleData name="FUENTE_BAS">CNE</SimpleData>
		<SimpleData name="FECH_CREA">1483142400000</SimpleData>
		<SimpleData name="FECH_ACT">1688083200000</SimpleData>
	</SchemaData></ExtendedData>
      <Point><coordinates>-69.892861856,-27.0262475819999</coordinates></Point>
  </Placemark>
  <Placemark id="centrales_solares.295">
	<name>LAGUNILLA</name>
	<ExtendedData><SchemaData schemaUrl="#centrales_solares">
		<SimpleData name="OBJECTID">295</SimpleData>
		<SimpleData name="ID_GE_SOLA">303</SimpleData>
		<SimpleData name="NOMBRE">LAGUNILLA</SimpleData>
		<SimpleData name="PROPIEDAD">GR PAN DE AZUCAR SPA</SimpleData>
		<SimpleData name="TIPO">FOTOVOLTAICO</SimpleData>
		<SimpleData name="MEDIO_GENE">PMGD</SimpleData>
		<SimpleData name="COMBUSTIBL">NO APLICA</SimpleData>
		<SimpleData name="POTENCIAMW">3</SimpleData>
		<SimpleData name="UNIDADES">0</SimpleData>
		<SimpleData name="RCA">NO APLICA</SimpleData>
		<SimpleData name="SIST_ELECT">SEN</SimpleData>
		<SimpleData name="ESTADO">OPERATIVA</SimpleData>
		<SimpleData name="F_OPERACIO">1454630400000</SimpleData>
		<SimpleData name="COORD_ESTE">297334</SimpleData>
		<SimpleData name="COORD_NORT">6623075</SimpleData>
		<SimpleData name="HUSO">19 SUR</SimpleData>
		<SimpleData name="DATUM">WGS 1984</SimpleData>
		<SimpleData name="REGION">04</SimpleData>
		<SimpleData name="PROVINCIA">043</SimpleData>
		<SimpleData name="COMUNA">04301</SimpleData>
		<SimpleData name="FUENTE_BAS">CNE</SimpleData>
		<SimpleData name="FECH_CREA">1483142400000</SimpleData>
		<SimpleData name="FECH_ACT">1688083200000</SimpleData>
	</SchemaData></ExtendedData>
      <Point><coordinates>-71.111902231,-30.507551346</coordinates></Point>
  </Placemark>
  <Placemark id="centrales_solares.296">
	<name>SAN PEDRO</name>
	<ExtendedData><SchemaData schemaUrl="#centrales_solares">
		<SimpleData name="OBJECTID">296</SimpleData>
		<SimpleData name="ID_GE_SOLA">843</SimpleData>
		<SimpleData name="NOMBRE">SAN PEDRO</SimpleData>
		<SimpleData name="PROPIEDAD">GPG SOLAR CHILE 2017 SPA</SimpleData>
		<SimpleData name="TIPO">FOTOVOLTAICO</SimpleData>
		<SimpleData name="COMBUSTIBL">NO APLICA</SimpleData>
		<SimpleData name="POTENCIAMW">102.2</SimpleData>
		<SimpleData name="UNIDADES">0</SimpleData>
		<SimpleData name="RCA">259/2012; 376/2013</SimpleData>
		<SimpleData name="SIST_ELECT">SEN</SimpleData>
		<SimpleData name="ESTADO">OPERATIVA</SimpleData>
		<SimpleData name="F_OPERACIO">1613606400000</SimpleData>
		<SimpleData name="COORD_ESTE">524662</SimpleData>
		<SimpleData name="COORD_NORT">7505726</SimpleData>
		<SimpleData name="HUSO">19 SUR</SimpleData>
		<SimpleData name="DATUM">WGS 1984</SimpleData>
		<SimpleData name="REGION">02</SimpleData>
		<SimpleData name="PROVINCIA">022</SimpleData>
		<SimpleData name="COMUNA">02201</SimpleData>
		<SimpleData name="FUENTE_BAS">CNE</SimpleData>
		<SimpleData name="FECH_CREA">1593475200000</SimpleData>
		<SimpleData name="FECH_ACT">1688083200000</SimpleData>
	</SchemaData></ExtendedData>
      <Point><coordinates>-68.760131417,-22.5549496849999</coordinates></Point>
  </Placemark>
  <Placemark id="centrales_solares.297">
	<name>PENCAHUE ESTE</name>
	<ExtendedData><SchemaData schemaUrl="#centrales_solares">
		<SimpleData name="OBJECTID">297</SimpleData>
		<SimpleData name="ID_GE_SOLA">958</SimpleData>
		<SimpleData name="NOMBRE">PENCAHUE ESTE</SimpleData>
		<SimpleData name="PROPIEDAD">PARQUE SOLAR PORVENIR SPA</SimpleData>
		<SimpleData name="TIPO">FOTOVOLTAICO</SimpleData>
		<SimpleData name="MEDIO_GENE">PMGD</SimpleData>
		<SimpleData name="COMBUSTIBL">NO APLICA</SimpleData>
		<SimpleData name="POTENCIAMW">2.99</SimpleData>
		<SimpleData name="UNIDADES">0</SimpleData>
		<SimpleData name="RCA">NO APLICA</SimpleData>
		<SimpleData name="SIST_ELECT">SEN</SimpleData>
		<SimpleData name="ESTADO">OPERATIVA</SimpleData>
		<SimpleData name="F_OPERACIO">1635552000000</SimpleData>
		<SimpleData name="COORD_ESTE">250772</SimpleData>
		<SimpleData name="COORD_NORT">6078634</SimpleData>
		<SimpleData name="HUSO">19 SUR</SimpleData>
		<SimpleData name="DATUM">WGS 1984</SimpleData>
		<SimpleData name="REGION">07</SimpleData>
		<SimpleData name="PROVINCIA">071</SimpleData>
		<SimpleData name="COMUNA">07107</SimpleData>
		<SimpleData name="FUENTE_BAS">CNE</SimpleData>
		<SimpleData name="FECH_CREA">1622419200000</SimpleData>
		<SimpleData name="FECH_ACT">1688083200000</SimpleData>
	</SchemaData></ExtendedData>
      <Point><coordinates>-71.7444455139999,-35.4045385589999</coordinates></Point>
  </Placemark>
  <Placemark id="centrales_solares.298">
	<name>PV UTFSM VALPARAISO VALDES</name>
	<ExtendedData><SchemaData schemaUrl="#centrales_solares">
		<SimpleData name="OBJECTID">298</SimpleData>
		<SimpleData name="ID_GE_SOLA">340</SimpleData>
		<SimpleData name="NOMBRE">PV UTFSM VALPARAISO VALDES</SimpleData>
		<SimpleData name="PROPIEDAD">MGM INNOVA CAPITAL CHILE SPA</SimpleData>
		<SimpleData name="TIPO">FOTOVOLTAICO</SimpleData>
		<SimpleData name="MEDIO_GENE">PMGD</SimpleData>
		<SimpleData name="COMBUSTIBL">NO APLICA</SimpleData>
		<SimpleData name="POTENCIAMW">0.2145</SimpleData>
		<SimpleData name="UNIDADES">0</SimpleData>
		<SimpleData name="RCA">NO APLICA</SimpleData>
		<SimpleData name="SIST_ELECT">SEN</SimpleData>
		<SimpleData name="ESTADO">OPERATIVA</SimpleData>
		<SimpleData name="F_OPERACIO">1585612800000</SimpleData>
		<SimpleData name="COORD_ESTE">257701</SimpleData>
		<SimpleData name="COORD_NORT">6341720</SimpleData>
		<SimpleData name="HUSO">19 SUR</SimpleData>
		<SimpleData name="DATUM">WGS 1984</SimpleData>
		<SimpleData name="REGION">05</SimpleData>
		<SimpleData name="PROVINCIA">051</SimpleData>
		<SimpleData name="COMUNA">05101</SimpleData>
		<SimpleData name="FUENTE_BAS">CNE</SimpleData>
		<SimpleData name="FECH_CREA">1538265600000</SimpleData>
		<SimpleData name="FECH_ACT">1688083200000</SimpleData>
	</SchemaData></ExtendedData>
      <Point><coordinates>-71.5944625289999,-33.036091256</coordinates></Point>
  </Placemark>
  <Placemark id="centrales_solares.299">
	<name>LO BOZA</name>
	<ExtendedData><SchemaData schemaUrl="#centrales_solares">
		<SimpleData name="OBJECTID">299</SimpleData>
		<SimpleData name="ID_GE_SOLA">655</SimpleData>
		<SimpleData name="NOMBRE">LO BOZA</SimpleData>
		<SimpleData name="PROPIEDAD">RIZOMA IC ENERGY SPA</SimpleData>
		<SimpleData name="TIPO">FOTOVOLTAICO</SimpleData>
		<SimpleData name="MEDIO_GENE">PMGD</SimpleData>
		<SimpleData name="COMBUSTIBL">NO APLICA</SimpleData>
		<SimpleData name="POTENCIAMW">0.768</SimpleData>
		<SimpleData name="UNIDADES">0</SimpleData>
		<SimpleData name="RCA">NO APLICA</SimpleData>
		<SimpleData name="SIST_ELECT">SEN</SimpleData>
		<SimpleData name="ESTADO">OPERATIVA</SimpleData>
		<SimpleData name="F_OPERACIO">1646006400000</SimpleData>
		<SimpleData name="COORD_ESTE">336297</SimpleData>
		<SimpleData name="COORD_NORT">6304866</SimpleData>
		<SimpleData name="HUSO">19 SUR</SimpleData>
		<SimpleData name="DATUM">WGS 1984</SimpleData>
		<SimpleData name="REGION">13</SimpleData>
		<SimpleData name="PROVINCIA">131</SimpleData>
		<SimpleData name="COMUNA">13124</SimpleData>
		<SimpleData name="FUENTE_BAS">CNE</SimpleData>
		<SimpleData name="FECH_CREA">1593475200000</SimpleData>
		<SimpleData name="FECH_ACT">1688083200000</SimpleData>
	</SchemaData></ExtendedData>
      <Point><coordinates>-70.7599458569999,-33.3830240079999</coordinates></Point>
  </Placemark>
  <Placemark id="centrales_solares.300">
	<name>EL HUASO</name>
	<ExtendedData><SchemaData schemaUrl="#centrales_solares">
		<SimpleData name="OBJECTID">300</SimpleData>
		<SimpleData name="ID_GE_SOLA">1151</SimpleData>
		<SimpleData name="NOMBRE">EL HUASO</SimpleData>
		<SimpleData name="PROPIEDAD">PARQUE SOLAR SALAMANCA SPA</SimpleData>
		<SimpleData name="TIPO">FOTOVOLTAICO</SimpleData>
		<SimpleData name="MEDIO_GENE">PMGD</SimpleData>
		<SimpleData name="COMBUSTIBL">NO APLICA</SimpleData>
		<SimpleData name="POTENCIAMW">2.7</SimpleData>
		<SimpleData name="UNIDADES">0</SimpleData>
		<SimpleData name="RCA">NO APLICA</SimpleData>
		<SimpleData name="SIST_ELECT">SEN</SimpleData>
		<SimpleData name="ESTADO">OPERATIVA</SimpleData>
		<SimpleData name="F_OPERACIO">1657843200000</SimpleData>
		<SimpleData name="COORD_ESTE">314506</SimpleData>
		<SimpleData name="COORD_NORT">6373116</SimpleData>
		<SimpleData name="HUSO">19 SUR</SimpleData>
		<SimpleData name="DATUM">WGS 1984</SimpleData>
		<SimpleData name="REGION">05</SimpleData>
		<SimpleData name="PROVINCIA">057</SimpleData>
		<SimpleData name="COMUNA">05702</SimpleData>
		<SimpleData name="FUENTE_BAS">CNE</SimpleData>
		<SimpleData name="FECH_CREA">1640908800000</SimpleData>
		<SimpleData name="FECH_ACT">1688083200000</SimpleData>
	</SchemaData></ExtendedData>
      <Point><coordinates>-70.980265156,-32.7642195729999</coordinates></Point>
  </Placemark>
  <Placemark id="centrales_solares.301">
	<name>SANTUARIO SOLAR</name>
	<ExtendedData><SchemaData schemaUrl="#centrales_solares">
		<SimpleData name="OBJECTID">301</SimpleData>
		<SimpleData name="ID_GE_SOLA">378</SimpleData>
		<SimpleData name="NOMBRE">SANTUARIO SOLAR</SimpleData>
		<SimpleData name="PROPIEDAD">SOLAR E SPA</SimpleData>
		<SimpleData name="TIPO">FOTOVOLTAICO</SimpleData>
		<SimpleData name="MEDIO_GENE">PMGD</SimpleData>
		<SimpleData name="COMBUSTIBL">NO APLICA</SimpleData>
		<SimpleData name="POTENCIAMW">2.9871</SimpleData>
		<SimpleData name="UNIDADES">0</SimpleData>
		<SimpleData name="RCA">NO APLICA</SimpleData>
		<SimpleData name="SIST_ELECT">SEN</SimpleData>
		<SimpleData name="ESTADO">OPERATIVA</SimpleData>
		<SimpleData name="F_OPERACIO">1510876800000</SimpleData>
		<SimpleData name="COORD_ESTE">342075</SimpleData>
		<SimpleData name="COORD_NORT">6359441</SimpleData>
		<SimpleData name="HUSO">19 SUR</SimpleData>
		<SimpleData name="DATUM">WGS 1984</SimpleData>
		<SimpleData name="REGION">05</SimpleData>
		<SimpleData name="PROVINCIA">053</SimpleData>
		<SimpleData name="COMUNA">05301</SimpleData>
		<SimpleData name="FUENTE_BAS">CNE</SimpleData>
		<SimpleData name="FECH_CREA">1514678400000</SimpleData>
		<SimpleData name="FECH_ACT">1688083200000</SimpleData>
	</SchemaData></ExtendedData>
      <Point><coordinates>-70.6884007949999,-32.891828588</coordinates></Point>
  </Placemark>
  <Placemark id="centrales_solares.302">
	<name>ESFENA</name>
	<ExtendedData><SchemaData schemaUrl="#centrales_solares">
		<SimpleData name="OBJECTID">302</SimpleData>
		<SimpleData name="ID_GE_SOLA">625</SimpleData>
		<SimpleData name="NOMBRE">ESFENA</SimpleData>
		<SimpleData name="PROPIEDAD">CVE PROYECTO NUEVE SPA</SimpleData>
		<SimpleData name="TIPO">FOTOVOLTAICO</SimpleData>
		<SimpleData name="MEDIO_GENE">PMGD</SimpleData>
		<SimpleData name="COMBUSTIBL">NO APLICA</SimpleData>
		<SimpleData name="POTENCIAMW">6</SimpleData>
		<SimpleData name="UNIDADES">0</SimpleData>
		<SimpleData name="RCA">001/2020</SimpleData>
		<SimpleData name="SIST_ELECT">SEN</SimpleData>
		<SimpleData name="ESTADO">OPERATIVA</SimpleData>
		<SimpleData name="F_OPERACIO">1626998400000</SimpleData>
		<SimpleData name="COORD_ESTE">329455</SimpleData>
		<SimpleData name="COORD_NORT">6431863</SimpleData>
		<SimpleData name="HUSO">19 SUR</SimpleData>
		<SimpleData name="DATUM">WGS 1984</SimpleData>
		<SimpleData name="REGION">05</SimpleData>
		<SimpleData name="PROVINCIA">054</SimpleData>
		<SimpleData name="COMUNA">05404</SimpleData>
		<SimpleData name="FUENTE_BAS">CNE</SimpleData>
		<SimpleData name="FECH_CREA">1577750400000</SimpleData>
		<SimpleData name="FECH_ACT">1688083200000</SimpleData>
	</SchemaData></ExtendedData>
      <Point><coordinates>-70.8101022079999,-32.236944502</coordinates></Point>
  </Placemark>
  <Placemark id="centrales_solares.303">
	<name>NORTE CHICO</name>
	<ExtendedData><SchemaData schemaUrl="#centrales_solares">
		<SimpleData name="OBJECTID">303</SimpleData>
		<SimpleData name="ID_GE_SOLA">466</SimpleData>
		<SimpleData name="NOMBRE">NORTE CHICO</SimpleData>
		<SimpleData name="PROPIEDAD">ACOTANGO DE VERANO SPA</SimpleData>
		<SimpleData name="TIPO">FOTOVOLTAICO</SimpleData>
		<SimpleData name="MEDIO_GENE">PMGD</SimpleData>
		<SimpleData name="COMBUSTIBL">NO APLICA</SimpleData>
		<SimpleData name="POTENCIAMW">1.9485</SimpleData>
		<SimpleData name="UNIDADES">0</SimpleData>
		<SimpleData name="RCA">NO APLICA</SimpleData>
		<SimpleData name="SIST_ELECT">SEN</SimpleData>
		<SimpleData name="ESTADO">OPERATIVA</SimpleData>
		<SimpleData name="F_OPERACIO">1561766400000</SimpleData>
		<SimpleData name="COORD_ESTE">295750</SimpleData>
		<SimpleData name="COORD_NORT">6446530</SimpleData>
		<SimpleData name="HUSO">19 SUR</SimpleData>
		<SimpleData name="DATUM">WGS 1984</SimpleData>
		<SimpleData name="REGION">04</SimpleData>
		<SimpleData name="PROVINCIA">042</SimpleData>
		<SimpleData name="COMUNA">04203</SimpleData>
		<SimpleData name="FUENTE_BAS">CNE</SimpleData>
		<SimpleData name="FECH_CREA">1553990400000</SimpleData>
		<SimpleData name="FECH_ACT">1688083200000</SimpleData>
	</SchemaData></ExtendedData>
      <Point><coordinates>-71.164503007,-32.099091197</coordinates></Point>
  </Placemark>
  <Placemark id="centrales_solares.304">
	<name>OVALLE NORTE</name>
	<ExtendedData><SchemaData schemaUrl="#centrales_solares">
		<SimpleData name="OBJECTID">304</SimpleData>
		<SimpleData name="ID_GE_SOLA">527</SimpleData>
		<SimpleData name="NOMBRE">OVALLE NORTE</SimpleData>
		<SimpleData name="PROPIEDAD">PARQUE SOLAR OVALLE NORTE SPA</SimpleData>
		<SimpleData name="TIPO">FOTOVOLTAICO</SimpleData>
		<SimpleData name="MEDIO_GENE">PMGD</SimpleData>
		<SimpleData name="COMBUSTIBL">NO APLICA</SimpleData>
		<SimpleData name="POTENCIAMW">9</SimpleData>
		<SimpleData name="UNIDADES">0</SimpleData>
		<SimpleData name="RCA">030/2020</SimpleData>
		<SimpleData name="SIST_ELECT">SEN</SimpleData>
		<SimpleData name="ESTADO">OPERATIVA</SimpleData>
		<SimpleData name="F_OPERACIO">1619222400000</SimpleData>
		<SimpleData name="COORD_ESTE">285228</SimpleData>
		<SimpleData name="COORD_NORT">6616024</SimpleData>
		<SimpleData name="HUSO">19 SUR</SimpleData>
		<SimpleData name="DATUM">WGS 1984</SimpleData>
		<SimpleData name="REGION">04</SimpleData>
		<SimpleData name="PROVINCIA">043</SimpleData>
		<SimpleData name="COMUNA">04301</SimpleData>
		<SimpleData name="FUENTE_BAS">CNE</SimpleData>
		<SimpleData name="FECH_CREA">1561852800000</SimpleData>
		<SimpleData name="FECH_ACT">1688083200000</SimpleData>
	</SchemaData></ExtendedData>
      <Point><coordinates>-71.2394343569999,-30.569025309</coordinates></Point>
  </Placemark>
  <Placemark id="centrales_solares.305">
	<name>EL ZORZAL</name>
	<ExtendedData><SchemaData schemaUrl="#centrales_solares">
		<SimpleData name="OBJECTID">305</SimpleData>
		<SimpleData name="ID_GE_SOLA">648</SimpleData>
		<SimpleData name="NOMBRE">EL ZORZAL</SimpleData>
		<SimpleData name="PROPIEDAD">PFV EL ZORZAL SPA</SimpleData>
		<SimpleData name="TIPO">FOTOVOLTAICO</SimpleData>
		<SimpleData name="MEDIO_GENE">PMGD</SimpleData>
		<SimpleData name="COMBUSTIBL">NO APLICA</SimpleData>
		<SimpleData name="POTENCIAMW">3</SimpleData>
		<SimpleData name="UNIDADES">0</SimpleData>
		<SimpleData name="RCA">NO APLICA</SimpleData>
		<SimpleData name="SIST_ELECT">SEN</SimpleData>
		<SimpleData name="ESTADO">OPERATIVA</SimpleData>
		<SimpleData name="F_OPERACIO">1653004800000</SimpleData>
		<SimpleData name="COORD_ESTE">270150</SimpleData>
		<SimpleData name="COORD_NORT">6090690</SimpleData>
		<SimpleData name="HUSO">19 SUR</SimpleData>
		<SimpleData name="DATUM">WGS 1984</SimpleData>
		<SimpleData name="REGION">07</SimpleData>
		<SimpleData name="PROVINCIA">071</SimpleData>
		<SimpleData name="COMUNA">07110</SimpleData>
		<SimpleData name="FUENTE_BAS">CNE</SimpleData>
		<SimpleData name="FECH_CREA">1593475200000</SimpleData>
		<SimpleData name="FECH_ACT">1688083200000</SimpleData>
	</SchemaData></ExtendedData>
      <Point><coordinates>-71.527864026,-35.300596</coordinates></Point>
  </Placemark>
  <Placemark id="centrales_solares.306">
	<name>PITOTOY</name>
	<ExtendedData><SchemaData schemaUrl="#centrales_solares">
		<SimpleData name="OBJECTID">306</SimpleData>
		<SimpleData name="ID_GE_SOLA">637</SimpleData>
		<SimpleData name="NOMBRE">PITOTOY</SimpleData>
		<SimpleData name="PROPIEDAD">FOTOVOLTAICA ALERCE SPA</SimpleData>
		<SimpleData name="TIPO">FOTOVOLTAICO</SimpleData>
		<SimpleData name="MEDIO_GENE">PMGD</SimpleData>
		<SimpleData name="COMBUSTIBL">NO APLICA</SimpleData>
		<SimpleData name="POTENCIAMW">2.985</SimpleData>
		<SimpleData name="UNIDADES">0</SimpleData>
		<SimpleData name="RCA">NO APLICA</SimpleData>
		<SimpleData name="SIST_ELECT">SEN</SimpleData>
		<SimpleData name="ESTADO">OPERATIVA</SimpleData>
		<SimpleData name="F_OPERACIO">1588204800000</SimpleData>
		<SimpleData name="COORD_ESTE">320069</SimpleData>
		<SimpleData name="COORD_NORT">6193220</SimpleData>
		<SimpleData name="HUSO">19 SUR</SimpleData>
		<SimpleData name="DATUM">WGS 1984</SimpleData>
		<SimpleData name="REGION">06</SimpleData>
		<SimpleData name="PROVINCIA">061</SimpleData>
		<SimpleData name="COMUNA">06115</SimpleData>
		<SimpleData name="FUENTE_BAS">CNE</SimpleData>
		<SimpleData name="FECH_CREA">1593475200000</SimpleData>
		<SimpleData name="FECH_ACT">1688083200000</SimpleData>
	</SchemaData></ExtendedData>
      <Point><coordinates>-70.957182368,-34.386791005</coordinates></Point>
  </Placemark>
  <Placemark id="centrales_solares.307">
	<name>LA PALMA</name>
	<ExtendedData><SchemaData schemaUrl="#centrales_solares">
		<SimpleData name="OBJECTID">307</SimpleData>
		<SimpleData name="ID_GE_SOLA">862</SimpleData>
		<SimpleData name="NOMBRE">LA PALMA</SimpleData>
		<SimpleData name="PROPIEDAD">SANTA ELVIRA ENERGY SPA</SimpleData>
		<SimpleData name="TIPO">FOTOVOLTAICO</SimpleData>
		<SimpleData name="MEDIO_GENE">PMGD</SimpleData>
		<SimpleData name="COMBUSTIBL">NO APLICA</SimpleData>
		<SimpleData name="POTENCIAMW">9</SimpleData>
		<SimpleData name="UNIDADES">0</SimpleData>
		<SimpleData name="RCA">117/2019</SimpleData>
		<SimpleData name="SIST_ELECT">SEN</SimpleData>
		<SimpleData name="ESTADO">OPERATIVA</SimpleData>
		<SimpleData name="F_OPERACIO">1640304000000</SimpleData>
		<SimpleData name="COORD_ESTE">218520</SimpleData>
		<SimpleData name="COORD_NORT">5945180</SimpleData>
		<SimpleData name="HUSO">19 SUR</SimpleData>
		<SimpleData name="DATUM">WGS 1984</SimpleData>
		<SimpleData name="REGION">16</SimpleData>
		<SimpleData name="PROVINCIA">161</SimpleData>
		<SimpleData name="COMUNA">16101</SimpleData>
		<SimpleData name="FUENTE_BAS">CNE</SimpleData>
		<SimpleData name="FECH_CREA">1609372800000</SimpleData>
		<SimpleData name="FECH_ACT">1688083200000</SimpleData>
	</SchemaData></ExtendedData>
      <Point><coordinates>-72.146570885,-36.5973741289999</coordinates></Point>
  </Placemark>
  <Placemark id="centrales_solares.308">
	<name>RAULI (MAULE)</name>
	<ExtendedData><SchemaData schemaUrl="#centrales_solares">
		<SimpleData name="OBJECTID">308</SimpleData>
		<SimpleData name="ID_GE_SOLA">276</SimpleData>
		<SimpleData name="NOMBRE">RAULI (MAULE)</SimpleData>
		<SimpleData name="PROPIEDAD">GR RAULI SPA</SimpleData>
		<SimpleData name="TIPO">FOTOVOLTAICO</SimpleData>
		<SimpleData name="MEDIO_GENE">PMGD</SimpleData>
		<SimpleData name="COMBUSTIBL">NO APLICA</SimpleData>
		<SimpleData name="POTENCIAMW">9</SimpleData>
		<SimpleData name="UNIDADES">0</SimpleData>
		<SimpleData name="RCA">163/2019</SimpleData>
		<SimpleData name="SIST_ELECT">SEN</SimpleData>
		<SimpleData name="ESTADO">OPERATIVA</SimpleData>
		<SimpleData name="F_OPERACIO">1609372800000</SimpleData>
		<SimpleData name="COORD_ESTE">292200</SimpleData>
		<SimpleData name="COORD_NORT">6114000</SimpleData>
		<SimpleData name="HUSO">19 SUR</SimpleData>
		<SimpleData name="DATUM">WGS 1984</SimpleData>
		<SimpleData name="REGION">07</SimpleData>
		<SimpleData name="PROVINCIA">073</SimpleData>
		<SimpleData name="COMUNA">07304</SimpleData>
		<SimpleData name="FUENTE_BAS">CNE</SimpleData>
		<SimpleData name="FECH_CREA">1546214400000</SimpleData>
		<SimpleData name="FECH_ACT">1688083200000</SimpleData>
	</SchemaData></ExtendedData>
      <Point><coordinates>-71.279662625,-35.0953986719999</coordinates></Point>
  </Placemark>
  <Placemark id="centrales_solares.309">
	<name>PAMPA SOLAR NORTE</name>
	<ExtendedData><SchemaData schemaUrl="#centrales_solares">
		<SimpleData name="OBJECTID">309</SimpleData>
		<SimpleData name="ID_GE_SOLA">286</SimpleData>
		<SimpleData name="NOMBRE">PAMPA SOLAR NORTE</SimpleData>
		<SimpleData name="PROPIEDAD">ENEL GREEN POWER CHILE</SimpleData>
		<SimpleData name="TIPO">FOTOVOLTAICO</SimpleData>
		<SimpleData name="COMBUSTIBL">NO APLICA</SimpleData>
		<SimpleData name="POTENCIAMW">65.8652</SimpleData>
		<SimpleData name="UNIDADES">0</SimpleData>
		<SimpleData name="RCA">332/2013</SimpleData>
		<SimpleData name="SIST_ELECT">SEN</SimpleData>
		<SimpleData name="ESTADO">OPERATIVA</SimpleData>
		<SimpleData name="F_OPERACIO">1476835200000</SimpleData>
		<SimpleData name="COORD_ESTE">381453</SimpleData>
		<SimpleData name="COORD_NORT">7175511</SimpleData>
		<SimpleData name="HUSO">19 SUR</SimpleData>
		<SimpleData name="DATUM">WGS 1984</SimpleData>
		<SimpleData name="REGION">02</SimpleData>
		<SimpleData name="PROVINCIA">021</SimpleData>
		<SimpleData name="COMUNA">02104</SimpleData>
		<SimpleData name="FUENTE_BAS">CNE</SimpleData>
		<SimpleData name="FECH_CREA">1506729600000</SimpleData>
		<SimpleData name="FECH_ACT">1688083200000</SimpleData>
	</SchemaData></ExtendedData>
      <Point><coordinates>-70.1798706989999,-25.532951527</coordinates></Point>
  </Placemark>
  <Placemark id="centrales_solares.310">
	<name>CAPRICORNIO</name>
	<ExtendedData><SchemaData schemaUrl="#centrales_solares">
		<SimpleData name="OBJECTID">310</SimpleData>
		<SimpleData name="ID_GE_SOLA">54</SimpleData>
		<SimpleData name="NOMBRE">CAPRICORNIO</SimpleData>
		<SimpleData name="PROPIEDAD">ENGIE ENERGIA CHILE S.A.</SimpleData>
		<SimpleData name="TIPO">FOTOVOLTAICO</SimpleData>
		<SimpleData name="COMBUSTIBL">NO APLICA</SimpleData>
		<SimpleData name="POTENCIAMW">88.6173</SimpleData>
		<SimpleData name="UNIDADES">0</SimpleData>
		<SimpleData name="RCA">367/2014</SimpleData>
		<SimpleData name="SIST_ELECT">SEN</SimpleData>
		<SimpleData name="ESTADO">OPERATIVA</SimpleData>
		<SimpleData name="F_OPERACIO">1668988800000</SimpleData>
		<SimpleData name="COORD_ESTE">379605</SimpleData>
		<SimpleData name="COORD_NORT">7409867</SimpleData>
		<SimpleData name="HUSO">19 SUR</SimpleData>
		<SimpleData name="DATUM">WGS 1984</SimpleData>
		<SimpleData name="REGION">02</SimpleData>
		<SimpleData name="PROVINCIA">021</SimpleData>
		<SimpleData name="COMUNA">02101</SimpleData>
		<SimpleData name="FUENTE_BAS">CNE</SimpleData>
		<SimpleData name="FECH_CREA">1438560000000</SimpleData>
		<SimpleData name="FECH_ACT">1688083200000</SimpleData>
	</SchemaData></ExtendedData>
      <Point><coordinates>-70.178387566,-23.4166220989999</coordinates></Point>
  </Placemark>
  <Placemark id="centrales_solares.311">
	<name>FARDELA NEGRA</name>
	<ExtendedData><SchemaData schemaUrl="#centrales_solares">
		<SimpleData name="OBJECTID">311</SimpleData>
		<SimpleData name="ID_GE_SOLA">974</SimpleData>
		<SimpleData name="NOMBRE">FARDELA NEGRA</SimpleData>
		<SimpleData name="PROPIEDAD">FARDELA NEGRA SPA</SimpleData>
		<SimpleData name="TIPO">FOTOVOLTAICO</SimpleData>
		<SimpleData name="MEDIO_GENE">PMGD</SimpleData>
		<SimpleData name="COMBUSTIBL">NO APLICA</SimpleData>
		<SimpleData name="POTENCIAMW">3</SimpleData>
		<SimpleData name="UNIDADES">0</SimpleData>
		<SimpleData name="RCA">NO APLICA</SimpleData>
		<SimpleData name="SIST_ELECT">SEN</SimpleData>
		<SimpleData name="ESTADO">OPERATIVA</SimpleData>
		<SimpleData name="F_OPERACIO">1643328000000</SimpleData>
		<SimpleData name="COORD_ESTE">257369</SimpleData>
		<SimpleData name="COORD_NORT">6305553</SimpleData>
		<SimpleData name="HUSO">19 SUR</SimpleData>
		<SimpleData name="DATUM">WGS 1984</SimpleData>
		<SimpleData name="REGION">05</SimpleData>
		<SimpleData name="PROVINCIA">056</SimpleData>
		<SimpleData name="COMUNA">05602</SimpleData>
		<SimpleData name="FUENTE_BAS">CNE</SimpleData>
		<SimpleData name="FECH_CREA">1625011200000</SimpleData>
		<SimpleData name="FECH_ACT">1688083200000</SimpleData>
	</SchemaData></ExtendedData>
      <Point><coordinates>-71.607663056,-33.361909219</coordinates></Point>
  </Placemark>
  <Placemark id="centrales_solares.312">
	<name>GABRIELA</name>
	<ExtendedData><SchemaData schemaUrl="#centrales_solares">
		<SimpleData name="OBJECTID">312</SimpleData>
		<SimpleData name="ID_GE_SOLA">174</SimpleData>
		<SimpleData name="NOMBRE">GABRIELA</SimpleData>
		<SimpleData name="PROPIEDAD">BRONTE SPA</SimpleData>
		<SimpleData name="TIPO">FOTOVOLTAICO</SimpleData>
		<SimpleData name="MEDIO_GENE">PMGD</SimpleData>
		<SimpleData name="COMBUSTIBL">NO APLICA</SimpleData>
		<SimpleData name="POTENCIAMW">9</SimpleData>
		<SimpleData name="UNIDADES">0</SimpleData>
		<SimpleData name="RCA">106/2018</SimpleData>
		<SimpleData name="SIST_ELECT">SEN</SimpleData>
		<SimpleData name="ESTADO">OPERATIVA</SimpleData>
		<SimpleData name="F_OPERACIO">1667865600000</SimpleData>
		<SimpleData name="COORD_ESTE">336483</SimpleData>
		<SimpleData name="COORD_NORT">6682024</SimpleData>
		<SimpleData name="HUSO">19 SUR</SimpleData>
		<SimpleData name="DATUM">WGS 1984</SimpleData>
		<SimpleData name="REGION">04</SimpleData>
		<SimpleData name="PROVINCIA">041</SimpleData>
		<SimpleData name="COMUNA">04106</SimpleData>
		<SimpleData name="FUENTE_BAS">CNE</SimpleData>
		<SimpleData name="FECH_CREA">1522454400000</SimpleData>
		<SimpleData name="FECH_ACT">1688083200000</SimpleData>
	</SchemaData></ExtendedData>
      <Point><coordinates>-70.694961653,-29.981786267</coordinates></Point>
  </Placemark>
  <Placemark id="centrales_solares.313">
	<name>USYA</name>
	<ExtendedData><SchemaData schemaUrl="#centrales_solares">
		<SimpleData name="OBJECTID">313</SimpleData>
		<SimpleData name="ID_GE_SOLA">451</SimpleData>
		<SimpleData name="NOMBRE">USYA</SimpleData>
		<SimpleData name="PROPIEDAD">ACCIONA ENERGIA CHILE</SimpleData>
		<SimpleData name="TIPO">FOTOVOLTAICO</SimpleData>
		<SimpleData name="COMBUSTIBL">NO APLICA</SimpleData>
		<SimpleData name="POTENCIAMW">55</SimpleData>
		<SimpleData name="UNIDADES">0</SimpleData>
		<SimpleData name="RCA">045/2019</SimpleData>
		<SimpleData name="SIST_ELECT">SEN</SimpleData>
		<SimpleData name="ESTADO">OPERATIVA</SimpleData>
		<SimpleData name="F_OPERACIO">1607299200000</SimpleData>
		<SimpleData name="COORD_ESTE">515770</SimpleData>
		<SimpleData name="COORD_NORT">7513369</SimpleData>
		<SimpleData name="HUSO">19 SUR</SimpleData>
		<SimpleData name="DATUM">WGS 1984</SimpleData>
		<SimpleData name="REGION">02</SimpleData>
		<SimpleData name="PROVINCIA">022</SimpleData>
		<SimpleData name="COMUNA">02201</SimpleData>
		<SimpleData name="FUENTE_BAS">CNE</SimpleData>
		<SimpleData name="FECH_CREA">1438560000000</SimpleData>
		<SimpleData name="FECH_ACT">1688083200000</SimpleData>
	</SchemaData></ExtendedData>
      <Point><coordinates>-68.846693041,-22.486008893</coordinates></Point>
  </Placemark>
  <Placemark id="centrales_solares.314">
	<name>JAMA</name>
	<ExtendedData><SchemaData schemaUrl="#centrales_solares">
		<SimpleData name="OBJECTID">314</SimpleData>
		<SimpleData name="ID_GE_SOLA">404</SimpleData>
		<SimpleData name="NOMBRE">JAMA</SimpleData>
		<SimpleData name="PROPIEDAD">PLANTA SOLAR SAN PEDRO III SPA</SimpleData>
		<SimpleData name="TIPO">FOTOVOLTAICO</SimpleData>
		<SimpleData name="COMBUSTIBL">NO APLICA</SimpleData>
		<SimpleData name="POTENCIAMW">51</SimpleData>
		<SimpleData name="UNIDADES">0</SimpleData>
		<SimpleData name="RCA">317/2013</SimpleData>
		<SimpleData name="SIST_ELECT">SEN</SimpleData>
		<SimpleData name="ESTADO">OPERATIVA</SimpleData>
		<SimpleData name="F_OPERACIO">1428969600000</SimpleData>
		<SimpleData name="COORD_ESTE">530898</SimpleData>
		<SimpleData name="COORD_NORT">7502272</SimpleData>
		<SimpleData name="HUSO">19 SUR</SimpleData>
		<SimpleData name="DATUM">WGS 1984</SimpleData>
		<SimpleData name="REGION">02</SimpleData>
		<SimpleData name="PROVINCIA">022</SimpleData>
		<SimpleData name="COMUNA">02201</SimpleData>
		<SimpleData name="FUENTE_BAS">CNE</SimpleData>
		<SimpleData name="FECH_CREA">1459382400000</SimpleData>
		<SimpleData name="FECH_ACT">1688083200000</SimpleData>
	</SchemaData></ExtendedData>
      <Point><coordinates>-68.699411501,-22.586050558</coordinates></Point>
  </Placemark>
  <Placemark id="centrales_solares.315">
	<name>TALCA</name>
	<ExtendedData><SchemaData schemaUrl="#centrales_solares">
		<SimpleData name="OBJECTID">315</SimpleData>
		<SimpleData name="ID_GE_SOLA">140</SimpleData>
		<SimpleData name="NOMBRE">TALCA</SimpleData>
		<SimpleData name="PROPIEDAD">SANTA CATALINA SOLAR SPA</SimpleData>
		<SimpleData name="TIPO">FOTOVOLTAICO</SimpleData>
		<SimpleData name="MEDIO_GENE">PMGD</SimpleData>
		<SimpleData name="COMBUSTIBL">NO APLICA</SimpleData>
		<SimpleData name="POTENCIAMW">9</SimpleData>
		<SimpleData name="UNIDADES">0</SimpleData>
		<SimpleData name="RCA">123/2016</SimpleData>
		<SimpleData name="SIST_ELECT">SEN</SimpleData>
		<SimpleData name="ESTADO">OPERATIVA</SimpleData>
		<SimpleData name="F_OPERACIO">1569801600000</SimpleData>
		<SimpleData name="COORD_ESTE">268078</SimpleData>
		<SimpleData name="COORD_NORT">6072834</SimpleData>
		<SimpleData name="HUSO">19 SUR</SimpleData>
		<SimpleData name="DATUM">WGS 1984</SimpleData>
		<SimpleData name="REGION">07</SimpleData>
		<SimpleData name="PROVINCIA">071</SimpleData>
		<SimpleData name="COMUNA">07101</SimpleData>
		<SimpleData name="FUENTE_BAS">CNE</SimpleData>
		<SimpleData name="FECH_CREA">1469577600000</SimpleData>
		<SimpleData name="FECH_ACT">1688083200000</SimpleData>
	</SchemaData></ExtendedData>
      <Point><coordinates>-71.555702271,-35.460962679</coordinates></Point>
  </Placemark>
  <Placemark id="centrales_solares.316">
	<name>LOS GIRASOLES</name>
	<ExtendedData><SchemaData schemaUrl="#centrales_solares">
		<SimpleData name="OBJECTID">316</SimpleData>
		<SimpleData name="ID_GE_SOLA">541</SimpleData>
		<SimpleData name="NOMBRE">LOS GIRASOLES</SimpleData>
		<SimpleData name="PROPIEDAD">SOLAR E SPA</SimpleData>
		<SimpleData name="TIPO">FOTOVOLTAICO</SimpleData>
		<SimpleData name="MEDIO_GENE">PMGD</SimpleData>
		<SimpleData name="COMBUSTIBL">NO APLICA</SimpleData>
		<SimpleData name="POTENCIAMW">2.62685</SimpleData>
		<SimpleData name="UNIDADES">0</SimpleData>
		<SimpleData name="RCA">NO APLICA</SimpleData>
		<SimpleData name="SIST_ELECT">SEN</SimpleData>
		<SimpleData name="ESTADO">OPERATIVA</SimpleData>
		<SimpleData name="F_OPERACIO">1586476800000</SimpleData>
		<SimpleData name="COORD_ESTE">306425</SimpleData>
		<SimpleData name="COORD_NORT">6299497</SimpleData>
		<SimpleData name="HUSO">19 SUR</SimpleData>
		<SimpleData name="DATUM">WGS 1984</SimpleData>
		<SimpleData name="REGION">13</SimpleData>
		<SimpleData name="PROVINCIA">135</SimpleData>
		<SimpleData name="COMUNA">13503</SimpleData>
		<SimpleData name="FUENTE_BAS">CNE</SimpleData>
		<SimpleData name="FECH_CREA">1577750400000</SimpleData>
		<SimpleData name="FECH_ACT">1688083200000</SimpleData>
	</SchemaData></ExtendedData>
      <Point><coordinates>-71.082079436,-33.426451264</coordinates></Point>
  </Placemark>
  <Placemark id="centrales_solares.317">
	<name>VALLE ESCONDIDO</name>
	<ExtendedData><SchemaData schemaUrl="#centrales_solares">
		<SimpleData name="OBJECTID">317</SimpleData>
		<SimpleData name="ID_GE_SOLA">454</SimpleData>
		<SimpleData name="NOMBRE">VALLE ESCONDIDO</SimpleData>
		<SimpleData name="PROPIEDAD">AR VALLE ESCONDIDO SPA</SimpleData>
		<SimpleData name="TIPO">FOTOVOLTAICO</SimpleData>
		<SimpleData name="COMBUSTIBL">NO APLICA</SimpleData>
		<SimpleData name="POTENCIAMW">106.23</SimpleData>
		<SimpleData name="UNIDADES">0</SimpleData>
		<SimpleData name="RCA">084/2019</SimpleData>
		<SimpleData name="SIST_ELECT">SEN</SimpleData>
		<SimpleData name="ESTADO">OPERATIVA</SimpleData>
		<SimpleData name="F_OPERACIO">1663718400000</SimpleData>
		<SimpleData name="COORD_ESTE">374498</SimpleData>
		<SimpleData name="COORD_NORT">6923314</SimpleData>
		<SimpleData name="HUSO">19 SUR</SimpleData>
		<SimpleData name="DATUM">WGS 1984</SimpleData>
		<SimpleData name="REGION">03</SimpleData>
		<SimpleData name="PROVINCIA">031</SimpleData>
		<SimpleData name="COMUNA">03103</SimpleData>
		<SimpleData name="FUENTE_BAS">CNE</SimpleData>
		<SimpleData name="FECH_CREA">1553990400000</SimpleData>
		<SimpleData name="FECH_ACT">1688083200000</SimpleData>
	</SchemaData></ExtendedData>
      <Point><coordinates>-70.2741314739999,-27.8089124909999</coordinates></Point>
  </Placemark>
  <Placemark id="centrales_solares.318">
	<name>FV DE LOS ANDES</name>
	<ExtendedData><SchemaData schemaUrl="#centrales_solares">
		<SimpleData name="OBJECTID">318</SimpleData>
		<SimpleData name="ID_GE_SOLA">246</SimpleData>
		<SimpleData name="NOMBRE">FV DE LOS ANDES</SimpleData>
		<SimpleData name="PROPIEDAD">FOTOVOLTAICA DE LOS ANDES SPA</SimpleData>
		<SimpleData name="TIPO">FOTOVOLTAICO</SimpleData>
		<SimpleData name="MEDIO_GENE">PMG</SimpleData>
		<SimpleData name="COMBUSTIBL">NO APLICA</SimpleData>
		<SimpleData name="POTENCIAMW">8.928</SimpleData>
		<SimpleData name="UNIDADES">0</SimpleData>
		<SimpleData name="RCA">158/2016</SimpleData>
		<SimpleData name="SIST_ELECT">SEN</SimpleData>
		<SimpleData name="ESTADO">OPERATIVA</SimpleData>
		<SimpleData name="F_OPERACIO">1651449600000</SimpleData>
		<SimpleData name="COORD_ESTE">540801</SimpleData>
		<SimpleData name="COORD_NORT">7343980</SimpleData>
		<SimpleData name="HUSO">19 SUR</SimpleData>
		<SimpleData name="DATUM">WGS 1984</SimpleData>
		<SimpleData name="REGION">02</SimpleData>
		<SimpleData name="PROVINCIA">021</SimpleData>
		<SimpleData name="COMUNA">02101</SimpleData>
		<SimpleData name="FUENTE_BAS">CNE</SimpleData>
		<SimpleData name="FECH_CREA">1469577600000</SimpleData>
		<SimpleData name="FECH_ACT">1688083200000</SimpleData>
	</SchemaData></ExtendedData>
      <Point><coordinates>-68.598807509,-24.015673932</coordinates></Point>
  </Placemark>
  <Placemark id="centrales_solares.319">
	<name>SANTA LUISA SOLAR</name>
	<ExtendedData><SchemaData schemaUrl="#centrales_solares">
		<SimpleData name="OBJECTID">319</SimpleData>
		<SimpleData name="ID_GE_SOLA">971</SimpleData>
		<SimpleData name="NOMBRE">SANTA LUISA SOLAR</SimpleData>
		<SimpleData name="PROPIEDAD">SANTA LUISA ENERGY SPA</SimpleData>
		<SimpleData name="TIPO">FOTOVOLTAICO</SimpleData>
		<SimpleData name="MEDIO_GENE">PMGD</SimpleData>
		<SimpleData name="COMBUSTIBL">NO APLICA</SimpleData>
		<SimpleData name="POTENCIAMW">2.6</SimpleData>
		<SimpleData name="UNIDADES">0</SimpleData>
		<SimpleData name="RCA">NO APLICA</SimpleData>
		<SimpleData name="SIST_ELECT">SEN</SimpleData>
		<SimpleData name="ESTADO">OPERATIVA</SimpleData>
		<SimpleData name="F_OPERACIO">1627689600000</SimpleData>
		<SimpleData name="COORD_ESTE">234077</SimpleData>
		<SimpleData name="COORD_NORT">5961436</SimpleData>
		<SimpleData name="HUSO">19 SUR</SimpleData>
		<SimpleData name="DATUM">WGS 1984</SimpleData>
		<SimpleData name="REGION">16</SimpleData>
		<SimpleData name="PROVINCIA">163</SimpleData>
		<SimpleData name="COMUNA">16301</SimpleData>
		<SimpleData name="FUENTE_BAS">CNE</SimpleData>
		<SimpleData name="FECH_CREA">1625011200000</SimpleData>
		<SimpleData name="FECH_ACT">1688083200000</SimpleData>
	</SchemaData></ExtendedData>
      <Point><coordinates>-71.967282176,-36.455484622</coordinates></Point>
  </Placemark>
  <Placemark id="centrales_solares.320">
	<name>VILLA SECA</name>
	<ExtendedData><SchemaData schemaUrl="#centrales_solares">
		<SimpleData name="OBJECTID">320</SimpleData>
		<SimpleData name="ID_GE_SOLA">494</SimpleData>
		<SimpleData name="NOMBRE">VILLA SECA</SimpleData>
		<SimpleData name="PROPIEDAD">PARQUE SOLAR VILLA SECA SPA</SimpleData>
		<SimpleData name="TIPO">FOTOVOLTAICO</SimpleData>
		<SimpleData name="MEDIO_GENE">PMGD</SimpleData>
		<SimpleData name="COMBUSTIBL">NO APLICA</SimpleData>
		<SimpleData name="POTENCIAMW">3</SimpleData>
		<SimpleData name="UNIDADES">0</SimpleData>
		<SimpleData name="RCA">NO APLICA</SimpleData>
		<SimpleData name="SIST_ELECT">SEN</SimpleData>
		<SimpleData name="ESTADO">OPERATIVA</SimpleData>
		<SimpleData name="F_OPERACIO">1568678400000</SimpleData>
		<SimpleData name="COORD_ESTE">245400</SimpleData>
		<SimpleData name="COORD_NORT">6027280</SimpleData>
		<SimpleData name="HUSO">19 SUR</SimpleData>
		<SimpleData name="DATUM">WGS 1984</SimpleData>
		<SimpleData name="REGION">07</SimpleData>
		<SimpleData name="PROVINCIA">074</SimpleData>
		<SimpleData name="COMUNA">07405</SimpleData>
		<SimpleData name="FUENTE_BAS">CNE</SimpleData>
		<SimpleData name="FECH_CREA">1561852800000</SimpleData>
		<SimpleData name="FECH_ACT">1688083200000</SimpleData>
	</SchemaData></ExtendedData>
      <Point><coordinates>-71.819747869,-35.8656544259999</coordinates></Point>
  </Placemark>
  <Placemark id="centrales_solares.321">
	<name>HOMERO SOLAR</name>
	<ExtendedData><SchemaData schemaUrl="#centrales_solares">
		<SimpleData name="OBJECTID">321</SimpleData>
		<SimpleData name="ID_GE_SOLA">183</SimpleData>
		<SimpleData name="NOMBRE">HOMERO SOLAR</SimpleData>
		<SimpleData name="PROPIEDAD">GR ESPINO SPA</SimpleData>
		<SimpleData name="TIPO">FOTOVOLTAICO</SimpleData>
		<SimpleData name="MEDIO_GENE">PMGD</SimpleData>
		<SimpleData name="COMBUSTIBL">NO APLICA</SimpleData>
		<SimpleData name="POTENCIAMW">2.9901</SimpleData>
		<SimpleData name="UNIDADES">0</SimpleData>
		<SimpleData name="RCA">NO APLICA</SimpleData>
		<SimpleData name="SIST_ELECT">SEN</SimpleData>
		<SimpleData name="ESTADO">OPERATIVA</SimpleData>
		<SimpleData name="F_OPERACIO">1503014400000</SimpleData>
		<SimpleData name="COORD_ESTE">348482</SimpleData>
		<SimpleData name="COORD_NORT">6240612</SimpleData>
		<SimpleData name="HUSO">19 SUR</SimpleData>
		<SimpleData name="DATUM">WGS 1984</SimpleData>
		<SimpleData name="REGION">06</SimpleData>
		<SimpleData name="PROVINCIA">061</SimpleData>
		<SimpleData name="COMUNA">06110</SimpleData>
		<SimpleData name="FUENTE_BAS">CNE</SimpleData>
		<SimpleData name="FECH_CREA">1514678400000</SimpleData>
		<SimpleData name="FECH_ACT">1688083200000</SimpleData>
	</SchemaData></ExtendedData>
      <Point><coordinates>-70.6399572289999,-33.9641080499999</coordinates></Point>
  </Placemark>
  <Placemark id="centrales_solares.322">
	<name>RATULEMUS (EL ROSAL)</name>
	<ExtendedData><SchemaData schemaUrl="#centrales_solares">
		<SimpleData name="OBJECTID">322</SimpleData>
		<SimpleData name="ID_GE_SOLA">1159</SimpleData>
		<SimpleData name="NOMBRE">RATULEMUS (EL ROSAL)</SimpleData>
		<SimpleData name="PROPIEDAD">GPG GENERACION DISTRIBUIDA SPA</SimpleData>
		<SimpleData name="TIPO">FOTOVOLTAICO</SimpleData>
		<SimpleData name="MEDIO_GENE">PMGD</SimpleData>
		<SimpleData name="COMBUSTIBL">NO APLICA</SimpleData>
		<SimpleData name="POTENCIAMW">3</SimpleData>
		<SimpleData name="UNIDADES">0</SimpleData>
		<SimpleData name="RCA">NO APLICA</SimpleData>
		<SimpleData name="SIST_ELECT">SEN</SimpleData>
		<SimpleData name="ESTADO">OPERATIVA</SimpleData>
		<SimpleData name="F_OPERACIO">1671753600000</SimpleData>
		<SimpleData name="COORD_ESTE">198254</SimpleData>
		<SimpleData name="COORD_NORT">6017776</SimpleData>
		<SimpleData name="HUSO">19 SUR</SimpleData>
		<SimpleData name="DATUM">WGS 1984</SimpleData>
		<SimpleData name="REGION">07</SimpleData>
		<SimpleData name="PROVINCIA">072</SimpleData>
		<SimpleData name="COMUNA">07201</SimpleData>
		<SimpleData name="FUENTE_BAS">CNE</SimpleData>
		<SimpleData name="FECH_CREA">1640908800000</SimpleData>
		<SimpleData name="FECH_ACT">1688083200000</SimpleData>
	</SchemaData></ExtendedData>
      <Point><coordinates>-72.34476556,-35.9378159579999</coordinates></Point>
  </Placemark>
  <Placemark id="centrales_solares.323">
	<name>CIPRES</name>
	<ExtendedData><SchemaData schemaUrl="#centrales_solares">
		<SimpleData name="OBJECTID">323</SimpleData>
		<SimpleData name="ID_GE_SOLA">80</SimpleData>
		<SimpleData name="NOMBRE">CIPRES</SimpleData>
		<SimpleData name="PROPIEDAD">CIPRES SPA</SimpleData>
		<SimpleData name="TIPO">FOTOVOLTAICO</SimpleData>
		<SimpleData name="MEDIO_GENE">PMGD</SimpleData>
		<SimpleData name="COMBUSTIBL">NO APLICA</SimpleData>
		<SimpleData name="POTENCIAMW">9</SimpleData>
		<SimpleData name="UNIDADES">0</SimpleData>
		<SimpleData name="RCA">169/2018</SimpleData>
		<SimpleData name="SIST_ELECT">SEN</SimpleData>
		<SimpleData name="ESTADO">OPERATIVA</SimpleData>
		<SimpleData name="F_OPERACIO">1611014400000</SimpleData>
		<SimpleData name="COORD_ESTE">262325</SimpleData>
		<SimpleData name="COORD_NORT">6033575</SimpleData>
		<SimpleData name="HUSO">19 SUR</SimpleData>
		<SimpleData name="DATUM">WGS 1984</SimpleData>
		<SimpleData name="REGION">07</SimpleData>
		<SimpleData name="PROVINCIA">074</SimpleData>
		<SimpleData name="COMUNA">07401</SimpleData>
		<SimpleData name="FUENTE_BAS">CNE</SimpleData>
		<SimpleData name="FECH_CREA">1506729600000</SimpleData>
		<SimpleData name="FECH_ACT">1688083200000</SimpleData>
	</SchemaData></ExtendedData>
      <Point><coordinates>-71.6306098589999,-35.81321009</coordinates></Point>
  </Placemark>
  <Placemark id="centrales_solares.324">
	<name>DIEGO DE ALMAGRO SOLAR (EX DAS)</name>
	<ExtendedData><SchemaData schemaUrl="#centrales_solares">
		<SimpleData name="OBJECTID">324</SimpleData>
		<SimpleData name="ID_GE_SOLA">93</SimpleData>
		<SimpleData name="NOMBRE">DIEGO DE ALMAGRO SOLAR (EX DAS)</SimpleData>
		<SimpleData name="PROPIEDAD">DIEGO DE ALMAGRO SOLAR S.A.</SimpleData>
		<SimpleData name="TIPO">FOTOVOLTAICO</SimpleData>
		<SimpleData name="MEDIO_GENE">PMGD</SimpleData>
		<SimpleData name="COMBUSTIBL">NO APLICA</SimpleData>
		<SimpleData name="POTENCIAMW">7.91</SimpleData>
		<SimpleData name="UNIDADES">0</SimpleData>
		<SimpleData name="RCA">153/2013</SimpleData>
		<SimpleData name="SIST_ELECT">SEN</SimpleData>
		<SimpleData name="ESTADO">OPERATIVA</SimpleData>
		<SimpleData name="F_OPERACIO">1543363200000</SimpleData>
		<SimpleData name="COORD_ESTE">393607</SimpleData>
		<SimpleData name="COORD_NORT">7082750</SimpleData>
		<SimpleData name="HUSO">19 SUR</SimpleData>
		<SimpleData name="DATUM">WGS 1984</SimpleData>
		<SimpleData name="REGION">03</SimpleData>
		<SimpleData name="PROVINCIA">032</SimpleData>
		<SimpleData name="COMUNA">03202</SimpleData>
		<SimpleData name="FUENTE_BAS">CNE</SimpleData>
		<SimpleData name="FECH_CREA">1438560000000</SimpleData>
		<SimpleData name="FECH_ACT">1688083200000</SimpleData>
	</SchemaData></ExtendedData>
      <Point><coordinates>-70.066442185,-26.371355372</coordinates></Point>
  </Placemark>
  <Placemark id="centrales_solares.325">
	<name>SANTA JULIA</name>
	<ExtendedData><SchemaData schemaUrl="#centrales_solares">
		<SimpleData name="OBJECTID">325</SimpleData>
		<SimpleData name="ID_GE_SOLA">373</SimpleData>
		<SimpleData name="NOMBRE">SANTA JULIA</SimpleData>
		<SimpleData name="PROPIEDAD">SPV P4 S.A.</SimpleData>
		<SimpleData name="TIPO">FOTOVOLTAICO</SimpleData>
		<SimpleData name="MEDIO_GENE">PMGD</SimpleData>
		<SimpleData name="COMBUSTIBL">NO APLICA</SimpleData>
		<SimpleData name="POTENCIAMW">3</SimpleData>
		<SimpleData name="UNIDADES">0</SimpleData>
		<SimpleData name="RCA">NO APLICA</SimpleData>
		<SimpleData name="SIST_ELECT">SEN</SimpleData>
		<SimpleData name="ESTADO">OPERATIVA</SimpleData>
		<SimpleData name="F_OPERACIO">1458172800000</SimpleData>
		<SimpleData name="COORD_ESTE">301904</SimpleData>
		<SimpleData name="COORD_NORT">6424248</SimpleData>
		<SimpleData name="HUSO">19 SUR</SimpleData>
		<SimpleData name="DATUM">WGS 1984</SimpleData>
		<SimpleData name="REGION">05</SimpleData>
		<SimpleData name="PROVINCIA">054</SimpleData>
		<SimpleData name="COMUNA">05404</SimpleData>
		<SimpleData name="FUENTE_BAS">CNE</SimpleData>
		<SimpleData name="FECH_CREA">1483142400000</SimpleData>
		<SimpleData name="FECH_ACT">1688083200000</SimpleData>
	</SchemaData></ExtendedData>
      <Point><coordinates>-71.1039452799999,-32.301070707</coordinates></Point>
  </Placemark>
  <Placemark id="centrales_solares.326">
	<name>CACHIYUYO SOLAR II</name>
	<ExtendedData><SchemaData schemaUrl="#centrales_solares">
		<SimpleData name="OBJECTID">326</SimpleData>
		<SimpleData name="ID_GE_SOLA">46</SimpleData>
		<SimpleData name="NOMBRE">CACHIYUYO SOLAR II</SimpleData>
		<SimpleData name="PROPIEDAD">NUOVOSOL SPA</SimpleData>
		<SimpleData name="TIPO">FOTOVOLTAICO</SimpleData>
		<SimpleData name="MEDIO_GENE">PMGD</SimpleData>
		<SimpleData name="COMBUSTIBL">NO APLICA</SimpleData>
		<SimpleData name="POTENCIAMW">8.992</SimpleData>
		<SimpleData name="UNIDADES">0</SimpleData>
		<SimpleData name="RCA">191/2015</SimpleData>
		<SimpleData name="SIST_ELECT">SEN</SimpleData>
		<SimpleData name="ESTADO">OPERATIVA</SimpleData>
		<SimpleData name="F_OPERACIO">1550188800000</SimpleData>
		<SimpleData name="COORD_ESTE">380117</SimpleData>
		<SimpleData name="COORD_NORT">6919840</SimpleData>
		<SimpleData name="HUSO">19 SUR</SimpleData>
		<SimpleData name="DATUM">WGS 1984</SimpleData>
		<SimpleData name="REGION">03</SimpleData>
		<SimpleData name="PROVINCIA">031</SimpleData>
		<SimpleData name="COMUNA">03103</SimpleData>
		<SimpleData name="FUENTE_BAS">CNE</SimpleData>
		<SimpleData name="FECH_CREA">1427760000000</SimpleData>
		<SimpleData name="FECH_ACT">1688083200000</SimpleData>
	</SchemaData></ExtendedData>
      <Point><coordinates>-70.2174463379999,-27.8407814519999</coordinates></Point>
  </Placemark>
  <Placemark id="centrales_solares.327">
	<name>LA BLANQUINA</name>
	<ExtendedData><SchemaData schemaUrl="#centrales_solares">
		<SimpleData name="OBJECTID">327</SimpleData>
		<SimpleData name="ID_GE_SOLA">195</SimpleData>
		<SimpleData name="NOMBRE">LA BLANQUINA</SimpleData>
		<SimpleData name="PROPIEDAD">SOLAR LA BLANQUINA SPA</SimpleData>
		<SimpleData name="TIPO">FOTOVOLTAICO</SimpleData>
		<SimpleData name="MEDIO_GENE">PMGD</SimpleData>
		<SimpleData name="COMBUSTIBL">NO APLICA</SimpleData>
		<SimpleData name="POTENCIAMW">8.97</SimpleData>
		<SimpleData name="UNIDADES">0</SimpleData>
		<SimpleData name="RCA">001/2018</SimpleData>
		<SimpleData name="SIST_ELECT">SEN</SimpleData>
		<SimpleData name="ESTADO">OPERATIVA</SimpleData>
		<SimpleData name="F_OPERACIO">1550188800000</SimpleData>
		<SimpleData name="COORD_ESTE">247836</SimpleData>
		<SimpleData name="COORD_NORT">6229492</SimpleData>
		<SimpleData name="HUSO">19 SUR</SimpleData>
		<SimpleData name="DATUM">WGS 1984</SimpleData>
		<SimpleData name="REGION">06</SimpleData>
		<SimpleData name="PROVINCIA">061</SimpleData>
		<SimpleData name="COMUNA">06102</SimpleData>
		<SimpleData name="FUENTE_BAS">CNE</SimpleData>
		<SimpleData name="FECH_CREA">1501459200000</SimpleData>
		<SimpleData name="FECH_ACT">1688083200000</SimpleData>
	</SchemaData></ExtendedData>
      <Point><coordinates>-71.731640243,-34.044961143</coordinates></Point>
  </Placemark>
  <Placemark id="centrales_solares.328">
	<name>PUNTA BAJA SOLAR</name>
	<ExtendedData><SchemaData schemaUrl="#centrales_solares">
		<SimpleData name="OBJECTID">328</SimpleData>
		<SimpleData name="ID_GE_SOLA">335</SimpleData>
		<SimpleData name="NOMBRE">PUNTA BAJA SOLAR</SimpleData>
		<SimpleData name="PROPIEDAD">PARQUE SOLAR SPA</SimpleData>
		<SimpleData name="TIPO">FOTOVOLTAICO</SimpleData>
		<SimpleData name="MEDIO_GENE">PMGD</SimpleData>
		<SimpleData name="COMBUSTIBL">NO APLICA</SimpleData>
		<SimpleData name="POTENCIAMW">1.985</SimpleData>
		<SimpleData name="UNIDADES">0</SimpleData>
		<SimpleData name="RCA">NO APLICA</SimpleData>
		<SimpleData name="SIST_ELECT">SEN</SimpleData>
		<SimpleData name="ESTADO">OPERATIVA</SimpleData>
		<SimpleData name="F_OPERACIO">1547769600000</SimpleData>
		<SimpleData name="COORD_ESTE">301276</SimpleData>
		<SimpleData name="COORD_NORT">6750590</SimpleData>
		<SimpleData name="HUSO">19 SUR</SimpleData>
		<SimpleData name="DATUM">WGS 1984</SimpleData>
		<SimpleData name="REGION">04</SimpleData>
		<SimpleData name="PROVINCIA">041</SimpleData>
		<SimpleData name="COMUNA">04104</SimpleData>
		<SimpleData name="FUENTE_BAS">CNE</SimpleData>
		<SimpleData name="FECH_CREA">1538265600000</SimpleData>
		<SimpleData name="FECH_ACT">1688083200000</SimpleData>
	</SchemaData></ExtendedData>
      <Point><coordinates>-71.047159048,-29.3581713639999</coordinates></Point>
  </Placemark>
  <Placemark id="centrales_solares.329">
	<name>NILHUE</name>
	<ExtendedData><SchemaData schemaUrl="#centrales_solares">
		<SimpleData name="OBJECTID">329</SimpleData>
		<SimpleData name="ID_GE_SOLA">411</SimpleData>
		<SimpleData name="NOMBRE">NILHUE</SimpleData>
		<SimpleData name="PROPIEDAD">GESTEL INGENIERIA LTDA.</SimpleData>
		<SimpleData name="TIPO">FOTOVOLTAICO</SimpleData>
		<SimpleData name="MEDIO_GENE">PMGD</SimpleData>
		<SimpleData name="COMBUSTIBL">NO APLICA</SimpleData>
		<SimpleData name="POTENCIAMW">1.1</SimpleData>
		<SimpleData name="UNIDADES">0</SimpleData>
		<SimpleData name="RCA">NO APLICA</SimpleData>
		<SimpleData name="SIST_ELECT">SEN</SimpleData>
		<SimpleData name="ESTADO">OPERATIVA</SimpleData>
		<SimpleData name="F_OPERACIO">1480550400000</SimpleData>
		<SimpleData name="COORD_ESTE">319454</SimpleData>
		<SimpleData name="COORD_NORT">6379160</SimpleData>
		<SimpleData name="HUSO">19 SUR</SimpleData>
		<SimpleData name="DATUM">WGS 1984</SimpleData>
		<SimpleData name="REGION">05</SimpleData>
		<SimpleData name="PROVINCIA">057</SimpleData>
		<SimpleData name="COMUNA">05702</SimpleData>
		<SimpleData name="FUENTE_BAS">CNE</SimpleData>
		<SimpleData name="FECH_CREA">1490918400000</SimpleData>
		<SimpleData name="FECH_ACT">1688083200000</SimpleData>
	</SchemaData></ExtendedData>
      <Point><coordinates>-70.9262952939999,-32.710552637</coordinates></Point>
  </Placemark>
  <Placemark id="centrales_solares.330">
	<name>CORTIJO</name>
	<ExtendedData><SchemaData schemaUrl="#centrales_solares">
		<SimpleData name="OBJECTID">330</SimpleData>
		<SimpleData name="ID_GE_SOLA">128</SimpleData>
		<SimpleData name="NOMBRE">CORTIJO</SimpleData>
		<SimpleData name="PROPIEDAD">APOLO SOLAR SPA</SimpleData>
		<SimpleData name="TIPO">FOTOVOLTAICO</SimpleData>
		<SimpleData name="MEDIO_GENE">PMGD</SimpleData>
		<SimpleData name="COMBUSTIBL">NO APLICA</SimpleData>
		<SimpleData name="POTENCIAMW">9</SimpleData>
		<SimpleData name="UNIDADES">0</SimpleData>
		<SimpleData name="RCA">094/2019</SimpleData>
		<SimpleData name="SIST_ELECT">SEN</SimpleData>
		<SimpleData name="ESTADO">OPERATIVA</SimpleData>
		<SimpleData name="F_OPERACIO">1631145600000</SimpleData>
		<SimpleData name="COORD_ESTE">198450</SimpleData>
		<SimpleData name="COORD_NORT">5888736</SimpleData>
		<SimpleData name="HUSO">19 SUR</SimpleData>
		<SimpleData name="DATUM">WGS 1984</SimpleData>
		<SimpleData name="REGION">08</SimpleData>
		<SimpleData name="PROVINCIA">083</SimpleData>
		<SimpleData name="COMUNA">08303</SimpleData>
		<SimpleData name="FUENTE_BAS">CNE</SimpleData>
		<SimpleData name="FECH_CREA">1538265600000</SimpleData>
		<SimpleData name="FECH_ACT">1688083200000</SimpleData>
	</SchemaData></ExtendedData>
      <Point><coordinates>-72.392981538,-37.099178267</coordinates></Point>
  </Placemark>
  <Placemark id="centrales_solares.331">
	<name>LINARES</name>
	<ExtendedData><SchemaData schemaUrl="#centrales_solares">
		<SimpleData name="OBJECTID">331</SimpleData>
		<SimpleData name="ID_GE_SOLA">235</SimpleData>
		<SimpleData name="NOMBRE">LINARES</SimpleData>
		<SimpleData name="PROPIEDAD">LINARES GENERACION SPA</SimpleData>
		<SimpleData name="TIPO">FOTOVOLTAICO</SimpleData>
		<SimpleData name="MEDIO_GENE">PMGD</SimpleData>
		<SimpleData name="COMBUSTIBL">NO APLICA</SimpleData>
		<SimpleData name="POTENCIAMW">8.98</SimpleData>
		<SimpleData name="UNIDADES">0</SimpleData>
		<SimpleData name="RCA">164/2018</SimpleData>
		<SimpleData name="SIST_ELECT">SEN</SimpleData>
		<SimpleData name="ESTADO">OPERATIVA</SimpleData>
		<SimpleData name="F_OPERACIO">1622160000000</SimpleData>
		<SimpleData name="COORD_ESTE">262976</SimpleData>
		<SimpleData name="COORD_NORT">6028984</SimpleData>
		<SimpleData name="HUSO">19 SUR</SimpleData>
		<SimpleData name="DATUM">WGS 1984</SimpleData>
		<SimpleData name="REGION">07</SimpleData>
		<SimpleData name="PROVINCIA">074</SimpleData>
		<SimpleData name="COMUNA">07401</SimpleData>
		<SimpleData name="FUENTE_BAS">CNE</SimpleData>
		<SimpleData name="FECH_CREA">1522454400000</SimpleData>
		<SimpleData name="FECH_ACT">1688083200000</SimpleData>
	</SchemaData></ExtendedData>
      <Point><coordinates>-71.624773792,-35.854717325</coordinates></Point>
  </Placemark>
  <Placemark id="centrales_solares.332">
	<name>CHAMPA</name>
	<ExtendedData><SchemaData schemaUrl="#centrales_solares">
		<SimpleData name="OBJECTID">332</SimpleData>
		<SimpleData name="ID_GE_SOLA">749</SimpleData>
		<SimpleData name="NOMBRE">CHAMPA</SimpleData>
		<SimpleData name="PROPIEDAD">ENERGIA RENOVABLE CHAMPA SPA</SimpleData>
		<SimpleData name="TIPO">FOTOVOLTAICO</SimpleData>
		<SimpleData name="MEDIO_GENE">PMGD</SimpleData>
		<SimpleData name="COMBUSTIBL">NO APLICA</SimpleData>
		<SimpleData name="POTENCIAMW">1.75</SimpleData>
		<SimpleData name="UNIDADES">0</SimpleData>
		<SimpleData name="RCA">533/2021</SimpleData>
		<SimpleData name="SIST_ELECT">SEN</SimpleData>
		<SimpleData name="ESTADO">OPERATIVA</SimpleData>
		<SimpleData name="F_OPERACIO">1673913600000</SimpleData>
		<SimpleData name="COORD_ESTE">334794</SimpleData>
		<SimpleData name="COORD_NORT">6255347</SimpleData>
		<SimpleData name="HUSO">19 SUR</SimpleData>
		<SimpleData name="DATUM">WGS 1984</SimpleData>
		<SimpleData name="REGION">13</SimpleData>
		<SimpleData name="PROVINCIA">134</SimpleData>
		<SimpleData name="COMUNA">13402</SimpleData>
		<SimpleData name="FUENTE_BAS">CNE</SimpleData>
		<SimpleData name="FECH_CREA">1593475200000</SimpleData>
		<SimpleData name="FECH_ACT">1688083200000</SimpleData>
	</SchemaData></ExtendedData>
      <Point><coordinates>-70.785277891,-33.829213963</coordinates></Point>
  </Placemark>
  <Placemark id="centrales_solares.333">
	<name>LA VICTORIA</name>
	<ExtendedData><SchemaData schemaUrl="#centrales_solares">
		<SimpleData name="OBJECTID">333</SimpleData>
		<SimpleData name="ID_GE_SOLA">597</SimpleData>
		<SimpleData name="NOMBRE">LA VICTORIA</SimpleData>
		<SimpleData name="PROPIEDAD">MAGDALENA SOLAR SPA</SimpleData>
		<SimpleData name="TIPO">FOTOVOLTAICO</SimpleData>
		<SimpleData name="MEDIO_GENE">PMGD</SimpleData>
		<SimpleData name="COMBUSTIBL">NO APLICA</SimpleData>
		<SimpleData name="POTENCIAMW">9</SimpleData>
		<SimpleData name="UNIDADES">0</SimpleData>
		<SimpleData name="RCA">091/2020</SimpleData>
		<SimpleData name="SIST_ELECT">SEN</SimpleData>
		<SimpleData name="ESTADO">OPERATIVA</SimpleData>
		<SimpleData name="F_OPERACIO">1671580800000</SimpleData>
		<SimpleData name="COORD_ESTE">229100</SimpleData>
		<SimpleData name="COORD_NORT">5943140</SimpleData>
		<SimpleData name="HUSO">19 SUR</SimpleData>
		<SimpleData name="DATUM">WGS 1984</SimpleData>
		<SimpleData name="REGION">16</SimpleData>
		<SimpleData name="PROVINCIA">161</SimpleData>
		<SimpleData name="COMUNA">16101</SimpleData>
		<SimpleData name="FUENTE_BAS">CNE</SimpleData>
		<SimpleData name="FECH_CREA">1577750400000</SimpleData>
		<SimpleData name="FECH_ACT">1688083200000</SimpleData>
	</SchemaData></ExtendedData>
      <Point><coordinates>-72.02917192,-36.6188018939999</coordinates></Point>
  </Placemark>
  <Placemark id="centrales_solares.334">
	<name>PATRICIA DEL VERANO SOLAR</name>
	<ExtendedData><SchemaData schemaUrl="#centrales_solares">
		<SimpleData name="OBJECTID">334</SimpleData>
		<SimpleData name="ID_GE_SOLA">936</SimpleData>
		<SimpleData name="NOMBRE">PATRICIA DEL VERANO SOLAR</SimpleData>
		<SimpleData name="PROPIEDAD">POMERAPE SPA</SimpleData>
		<SimpleData name="TIPO">FOTOVOLTAICO</SimpleData>
		<SimpleData name="MEDIO_GENE">PMGD</SimpleData>
		<SimpleData name="COMBUSTIBL">NO APLICA</SimpleData>
		<SimpleData name="POTENCIAMW">9</SimpleData>
		<SimpleData name="UNIDADES">0</SimpleData>
		<SimpleData name="RCA">202113001174/2021</SimpleData>
		<SimpleData name="SIST_ELECT">SEN</SimpleData>
		<SimpleData name="ESTADO">OPERATIVA</SimpleData>
		<SimpleData name="F_OPERACIO">1678838400000</SimpleData>
		<SimpleData name="COORD_ESTE">319171</SimpleData>
		<SimpleData name="COORD_NORT">6269176</SimpleData>
		<SimpleData name="HUSO">19 SUR</SimpleData>
		<SimpleData name="DATUM">WGS 1984</SimpleData>
		<SimpleData name="REGION">13</SimpleData>
		<SimpleData name="PROVINCIA">136</SimpleData>
		<SimpleData name="COMUNA">13601</SimpleData>
		<SimpleData name="FUENTE_BAS">CNE</SimpleData>
		<SimpleData name="FECH_CREA">1609372800000</SimpleData>
		<SimpleData name="FECH_ACT">1688083200000</SimpleData>
	</SchemaData></ExtendedData>
      <Point><coordinates>-70.9511956279999,-33.7019999299999</coordinates></Point>
  </Placemark>
  <Placemark id="centrales_solares.335">
	<name>QUILLAY</name>
	<ExtendedData><SchemaData schemaUrl="#centrales_solares">
		<SimpleData name="OBJECTID">335</SimpleData>
		<SimpleData name="ID_GE_SOLA">840</SimpleData>
		<SimpleData name="NOMBRE">QUILLAY</SimpleData>
		<SimpleData name="PROPIEDAD">QUILLAY SOLAR SPA</SimpleData>
		<SimpleData name="TIPO">FOTOVOLTAICO</SimpleData>
		<SimpleData name="MEDIO_GENE">PMGD</SimpleData>
		<SimpleData name="COMBUSTIBL">NO APLICA</SimpleData>
		<SimpleData name="POTENCIAMW">2.997</SimpleData>
		<SimpleData name="UNIDADES">0</SimpleData>
		<SimpleData name="RCA">NO APLICA</SimpleData>
		<SimpleData name="SIST_ELECT">SEN</SimpleData>
		<SimpleData name="ESTADO">OPERATIVA</SimpleData>
		<SimpleData name="F_OPERACIO">1600214400000</SimpleData>
		<SimpleData name="COORD_ESTE">299077</SimpleData>
		<SimpleData name="COORD_NORT">6275485</SimpleData>
		<SimpleData name="HUSO">19 SUR</SimpleData>
		<SimpleData name="DATUM">WGS 1984</SimpleData>
		<SimpleData name="REGION">13</SimpleData>
		<SimpleData name="PROVINCIA">135</SimpleData>
		<SimpleData name="COMUNA">13501</SimpleData>
		<SimpleData name="FUENTE_BAS">CNE</SimpleData>
		<SimpleData name="FECH_CREA">1593475200000</SimpleData>
		<SimpleData name="FECH_ACT">1688083200000</SimpleData>
	</SchemaData></ExtendedData>
      <Point><coordinates>-71.166459849,-33.6415234839999</coordinates></Point>
  </Placemark>
  <Placemark id="centrales_solares.336">
	<name>CURACAVI</name>
	<ExtendedData><SchemaData schemaUrl="#centrales_solares">
		<SimpleData name="OBJECTID">336</SimpleData>
		<SimpleData name="ID_GE_SOLA">880</SimpleData>
		<SimpleData name="NOMBRE">CURACAVI</SimpleData>
		<SimpleData name="PROPIEDAD">PARQUE FOTOVOLTAICO
CURACAVI SPA</SimpleData>
		<SimpleData name="TIPO">FOTOVOLTAICO</SimpleData>
		<SimpleData name="MEDIO_GENE">PMGD</SimpleData>
		<SimpleData name="COMBUSTIBL">NO APLICA</SimpleData>
		<SimpleData name="POTENCIAMW">2.7</SimpleData>
		<SimpleData name="UNIDADES">0</SimpleData>
		<SimpleData name="RCA">NO APLICA</SimpleData>
		<SimpleData name="SIST_ELECT">SEN</SimpleData>
		<SimpleData name="ESTADO">OPERATIVA</SimpleData>
		<SimpleData name="F_OPERACIO">1624492800000</SimpleData>
		<SimpleData name="COORD_ESTE">300731</SimpleData>
		<SimpleData name="COORD_NORT">6309122</SimpleData>
		<SimpleData name="HUSO">19 SUR</SimpleData>
		<SimpleData name="DATUM">WGS 1984</SimpleData>
		<SimpleData name="REGION">13</SimpleData>
		<SimpleData name="PROVINCIA">135</SimpleData>
		<SimpleData name="COMUNA">13503</SimpleData>
		<SimpleData name="FUENTE_BAS">CNE</SimpleData>
		<SimpleData name="FECH_CREA">1609372800000</SimpleData>
		<SimpleData name="FECH_ACT">1688083200000</SimpleData>
	</SchemaData></ExtendedData>
      <Point><coordinates>-71.141158565,-33.3386533739999</coordinates></Point>
  </Placemark>
  <Placemark id="centrales_solares.337">
	<name>PITAO</name>
	<ExtendedData><SchemaData schemaUrl="#centrales_solares">
		<SimpleData name="OBJECTID">337</SimpleData>
		<SimpleData name="ID_GE_SOLA">571</SimpleData>
		<SimpleData name="NOMBRE">PITAO</SimpleData>
		<SimpleData name="PROPIEDAD">GR PITAO SPA</SimpleData>
		<SimpleData name="TIPO">FOTOVOLTAICO</SimpleData>
		<SimpleData name="MEDIO_GENE">PMGD</SimpleData>
		<SimpleData name="COMBUSTIBL">NO APLICA</SimpleData>
		<SimpleData name="POTENCIAMW">9</SimpleData>
		<SimpleData name="UNIDADES">0</SimpleData>
		<SimpleData name="RCA">099/2020</SimpleData>
		<SimpleData name="SIST_ELECT">SEN</SimpleData>
		<SimpleData name="ESTADO">OPERATIVA</SimpleData>
		<SimpleData name="F_OPERACIO">1622592000000</SimpleData>
		<SimpleData name="COORD_ESTE">304363</SimpleData>
		<SimpleData name="COORD_NORT">6144267</SimpleData>
		<SimpleData name="HUSO">19 SUR</SimpleData>
		<SimpleData name="DATUM">WGS 1984</SimpleData>
		<SimpleData name="REGION">07</SimpleData>
		<SimpleData name="PROVINCIA">073</SimpleData>
		<SimpleData name="COMUNA">07308</SimpleData>
		<SimpleData name="FUENTE_BAS">CNE</SimpleData>
		<SimpleData name="FECH_CREA">1577750400000</SimpleData>
		<SimpleData name="FECH_ACT">1688083200000</SimpleData>
	</SchemaData></ExtendedData>
      <Point><coordinates>-71.13921153,-34.8250924719999</coordinates></Point>
  </Placemark>
  <Placemark id="centrales_solares.338">
	<name>DONA CARMEN SOLAR</name>
	<ExtendedData><SchemaData schemaUrl="#centrales_solares">
		<SimpleData name="OBJECTID">338</SimpleData>
		<SimpleData name="ID_GE_SOLA">113</SimpleData>
		<SimpleData name="NOMBRE">DONA CARMEN SOLAR</SimpleData>
		<SimpleData name="PROPIEDAD">ENERGIA CERRO EL MORADO</SimpleData>
		<SimpleData name="TIPO">FOTOVOLTAICO</SimpleData>
		<SimpleData name="COMBUSTIBL">NO APLICA</SimpleData>
		<SimpleData name="POTENCIAMW">34.542</SimpleData>
		<SimpleData name="UNIDADES">0</SimpleData>
		<SimpleData name="RCA">171/2015</SimpleData>
		<SimpleData name="SIST_ELECT">SEN</SimpleData>
		<SimpleData name="ESTADO">OPERATIVA</SimpleData>
		<SimpleData name="F_OPERACIO">1511913600000</SimpleData>
		<SimpleData name="COORD_ESTE">288184</SimpleData>
		<SimpleData name="COORD_NORT">6404244</SimpleData>
		<SimpleData name="HUSO">19 SUR</SimpleData>
		<SimpleData name="DATUM">WGS 1984</SimpleData>
		<SimpleData name="REGION">05</SimpleData>
		<SimpleData name="PROVINCIA">054</SimpleData>
		<SimpleData name="COMUNA">05401</SimpleData>
		<SimpleData name="FUENTE_BAS">CNE</SimpleData>
		<SimpleData name="FECH_CREA">1438560000000</SimpleData>
		<SimpleData name="FECH_ACT">1688083200000</SimpleData>
	</SchemaData></ExtendedData>
      <Point><coordinates>-71.2540461249999,-32.4788800329999</coordinates></Point>
  </Placemark>
  <Placemark id="centrales_solares.339">
	<name>SAN PEDRO</name>
	<ExtendedData><SchemaData schemaUrl="#centrales_solares">
		<SimpleData name="OBJECTID">339</SimpleData>
		<SimpleData name="ID_GE_SOLA">310</SimpleData>
		<SimpleData name="NOMBRE">SAN PEDRO</SimpleData>
		<SimpleData name="PROPIEDAD">CR GOIGUE SPA</SimpleData>
		<SimpleData name="TIPO">FOTOVOLTAICO</SimpleData>
		<SimpleData name="MEDIO_GENE">PMGD</SimpleData>
		<SimpleData name="COMBUSTIBL">NO APLICA</SimpleData>
		<SimpleData name="POTENCIAMW">3</SimpleData>
		<SimpleData name="UNIDADES">0</SimpleData>
		<SimpleData name="RCA">NO APLICA</SimpleData>
		<SimpleData name="SIST_ELECT">SEN</SimpleData>
		<SimpleData name="ESTADO">OPERATIVA</SimpleData>
		<SimpleData name="F_OPERACIO">1477440000000</SimpleData>
		<SimpleData name="COORD_ESTE">274257</SimpleData>
		<SimpleData name="COORD_NORT">6246065</SimpleData>
		<SimpleData name="HUSO">19 SUR</SimpleData>
		<SimpleData name="DATUM">WGS 1984</SimpleData>
		<SimpleData name="REGION">13</SimpleData>
		<SimpleData name="PROVINCIA">135</SimpleData>
		<SimpleData name="COMUNA">13505</SimpleData>
		<SimpleData name="FUENTE_BAS">CNE</SimpleData>
		<SimpleData name="FECH_CREA">1483142400000</SimpleData>
		<SimpleData name="FECH_ACT">1688083200000</SimpleData>
	</SchemaData></ExtendedData>
      <Point><coordinates>-71.441394502,-33.901652031</coordinates></Point>
  </Placemark>
  <Placemark id="centrales_solares.340">
	<name>NIQUEN</name>
	<ExtendedData><SchemaData schemaUrl="#centrales_solares">
		<SimpleData name="OBJECTID">340</SimpleData>
		<SimpleData name="ID_GE_SOLA">486</SimpleData>
		<SimpleData name="NOMBRE">NIQUEN</SimpleData>
		<SimpleData name="PROPIEDAD">MAITEN SPA</SimpleData>
		<SimpleData name="TIPO">FOTOVOLTAICO</SimpleData>
		<SimpleData name="MEDIO_GENE">PMGD</SimpleData>
		<SimpleData name="COMBUSTIBL">NO APLICA</SimpleData>
		<SimpleData name="POTENCIAMW">2.994</SimpleData>
		<SimpleData name="UNIDADES">0</SimpleData>
		<SimpleData name="RCA">NO APLICA</SimpleData>
		<SimpleData name="SIST_ELECT">SEN</SimpleData>
		<SimpleData name="ESTADO">OPERATIVA</SimpleData>
		<SimpleData name="F_OPERACIO">1587427200000</SimpleData>
		<SimpleData name="COORD_ESTE">250180</SimpleData>
		<SimpleData name="COORD_NORT">5978750</SimpleData>
		<SimpleData name="HUSO">19 SUR</SimpleData>
		<SimpleData name="DATUM">WGS 1984</SimpleData>
		<SimpleData name="REGION">16</SimpleData>
		<SimpleData name="PROVINCIA">163</SimpleData>
		<SimpleData name="COMUNA">16303</SimpleData>
		<SimpleData name="FUENTE_BAS">CNE</SimpleData>
		<SimpleData name="FECH_CREA">1561852800000</SimpleData>
		<SimpleData name="FECH_ACT">1688083200000</SimpleData>
	</SchemaData></ExtendedData>
      <Point><coordinates>-71.782232861,-36.303908109</coordinates></Point>
  </Placemark>
  <Placemark id="centrales_solares.341">
	<name>ALMEYDA</name>
	<ExtendedData><SchemaData schemaUrl="#centrales_solares">
		<SimpleData name="OBJECTID">341</SimpleData>
		<SimpleData name="ID_GE_SOLA">8</SimpleData>
		<SimpleData name="NOMBRE">ALMEYDA</SimpleData>
		<SimpleData name="PROPIEDAD">ALMEYDA SPA</SimpleData>
		<SimpleData name="TIPO">FOTOVOLTAICO</SimpleData>
		<SimpleData name="COMBUSTIBL">NO APLICA</SimpleData>
		<SimpleData name="POTENCIAMW">56</SimpleData>
		<SimpleData name="UNIDADES">0</SimpleData>
		<SimpleData name="RCA">219/2016</SimpleData>
		<SimpleData name="SIST_ELECT">SEN</SimpleData>
		<SimpleData name="ESTADO">OPERATIVA</SimpleData>
		<SimpleData name="F_OPERACIO">1588636800000</SimpleData>
		<SimpleData name="COORD_ESTE">390364</SimpleData>
		<SimpleData name="COORD_NORT">7102833</SimpleData>
		<SimpleData name="HUSO">19 SUR</SimpleData>
		<SimpleData name="DATUM">WGS 1984</SimpleData>
		<SimpleData name="REGION">03</SimpleData>
		<SimpleData name="PROVINCIA">032</SimpleData>
		<SimpleData name="COMUNA">03201</SimpleData>
		<SimpleData name="FUENTE_BAS">CNE</SimpleData>
		<SimpleData name="FECH_CREA">1469577600000</SimpleData>
		<SimpleData name="FECH_ACT">1688083200000</SimpleData>
	</SchemaData></ExtendedData>
      <Point><coordinates>-70.097237202,-26.189803416</coordinates></Point>
  </Placemark>
  <Placemark id="centrales_solares.342">
	<name>PICUNCHE</name>
	<ExtendedData><SchemaData schemaUrl="#centrales_solares">
		<SimpleData name="OBJECTID">342</SimpleData>
		<SimpleData name="ID_GE_SOLA">773</SimpleData>
		<SimpleData name="NOMBRE">PICUNCHE</SimpleData>
		<SimpleData name="PROPIEDAD">GR TOLHUACA SPA</SimpleData>
		<SimpleData name="TIPO">FOTOVOLTAICO</SimpleData>
		<SimpleData name="MEDIO_GENE">PMGD</SimpleData>
		<SimpleData name="COMBUSTIBL">NO APLICA</SimpleData>
		<SimpleData name="POTENCIAMW">9</SimpleData>
		<SimpleData name="UNIDADES">0</SimpleData>
		<SimpleData name="RCA">013/2021</SimpleData>
		<SimpleData name="SIST_ELECT">SEN</SimpleData>
		<SimpleData name="ESTADO">OPERATIVA</SimpleData>
		<SimpleData name="F_OPERACIO">1663804800000</SimpleData>
		<SimpleData name="COORD_ESTE">345218</SimpleData>
		<SimpleData name="COORD_NORT">6236597</SimpleData>
		<SimpleData name="HUSO">19 SUR</SimpleData>
		<SimpleData name="DATUM">WGS 1984</SimpleData>
		<SimpleData name="REGION">06</SimpleData>
		<SimpleData name="PROVINCIA">061</SimpleData>
		<SimpleData name="COMUNA">06110</SimpleData>
		<SimpleData name="FUENTE_BAS">CNE</SimpleData>
		<SimpleData name="FECH_CREA">1593475200000</SimpleData>
		<SimpleData name="FECH_ACT">1688083200000</SimpleData>
	</SchemaData></ExtendedData>
      <Point><coordinates>-70.6759824979999,-33.999827856</coordinates></Point>
  </Placemark>
  <Placemark id="centrales_solares.343">
	<name>ARMAZONES</name>
	<ExtendedData><SchemaData schemaUrl="#centrales_solares">
		<SimpleData name="OBJECTID">343</SimpleData>
		<SimpleData name="ID_GE_SOLA">895</SimpleData>
		<SimpleData name="NOMBRE">ARMAZONES</SimpleData>
		<SimpleData name="PROPIEDAD">SAGESA S.A.</SimpleData>
		<SimpleData name="TIPO">FOTOVOLTAICO</SimpleData>
		<SimpleData name="MEDIO_GENE">PMGD</SimpleData>
		<SimpleData name="COMBUSTIBL">NO APLICA</SimpleData>
		<SimpleData name="POTENCIAMW">5</SimpleData>
		<SimpleData name="UNIDADES">0</SimpleData>
		<SimpleData name="RCA">088/2021</SimpleData>
		<SimpleData name="SIST_ELECT">SEN</SimpleData>
		<SimpleData name="ESTADO">OPERATIVA</SimpleData>
		<SimpleData name="F_OPERACIO">1658275200000</SimpleData>
		<SimpleData name="COORD_ESTE">368694</SimpleData>
		<SimpleData name="COORD_NORT">7274470</SimpleData>
		<SimpleData name="HUSO">19 SUR</SimpleData>
		<SimpleData name="DATUM">WGS 1984</SimpleData>
		<SimpleData name="REGION">02</SimpleData>
		<SimpleData name="PROVINCIA">021</SimpleData>
		<SimpleData name="COMUNA">02104</SimpleData>
		<SimpleData name="FUENTE_BAS">CNE</SimpleData>
		<SimpleData name="FECH_CREA">1609372800000</SimpleData>
		<SimpleData name="FECH_ACT">1688083200000</SimpleData>
	</SchemaData></ExtendedData>
      <Point><coordinates>-70.297378426,-24.6384082179999</coordinates></Point>
  </Placemark>
  <Placemark id="centrales_solares.344">
	<name>AVILES</name>
	<ExtendedData><SchemaData schemaUrl="#centrales_solares">
		<SimpleData name="OBJECTID">344</SimpleData>
		<SimpleData name="ID_GE_SOLA">626</SimpleData>
		<SimpleData name="NOMBRE">AVILES</SimpleData>
		<SimpleData name="PROPIEDAD">AVILES SPA</SimpleData>
		<SimpleData name="TIPO">FOTOVOLTAICO</SimpleData>
		<SimpleData name="MEDIO_GENE">PMGD</SimpleData>
		<SimpleData name="COMBUSTIBL">NO APLICA</SimpleData>
		<SimpleData name="POTENCIAMW">8.3</SimpleData>
		<SimpleData name="UNIDADES">0</SimpleData>
		<SimpleData name="RCA">752/2019</SimpleData>
		<SimpleData name="SIST_ELECT">SEN</SimpleData>
		<SimpleData name="ESTADO">OPERATIVA</SimpleData>
		<SimpleData name="F_OPERACIO">1661212800000</SimpleData>
		<SimpleData name="COORD_ESTE">271434</SimpleData>
		<SimpleData name="COORD_NORT">6243210</SimpleData>
		<SimpleData name="HUSO">19 SUR</SimpleData>
		<SimpleData name="DATUM">WGS 1984</SimpleData>
		<SimpleData name="REGION">13</SimpleData>
		<SimpleData name="PROVINCIA">135</SimpleData>
		<SimpleData name="COMUNA">13505</SimpleData>
		<SimpleData name="FUENTE_BAS">CNE</SimpleData>
		<SimpleData name="FECH_CREA">1577750400000</SimpleData>
		<SimpleData name="FECH_ACT">1688083200000</SimpleData>
	</SchemaData></ExtendedData>
      <Point><coordinates>-71.472643622,-33.9267686539999</coordinates></Point>
  </Placemark>
  <Placemark id="centrales_solares.345">
	<name>EL BOCO</name>
	<ExtendedData><SchemaData schemaUrl="#centrales_solares">
		<SimpleData name="OBJECTID">345</SimpleData>
		<SimpleData name="ID_GE_SOLA">121</SimpleData>
		<SimpleData name="NOMBRE">EL BOCO</SimpleData>
		<SimpleData name="PROPIEDAD">BOCO SOLAR SPA</SimpleData>
		<SimpleData name="TIPO">FOTOVOLTAICO</SimpleData>
		<SimpleData name="MEDIO_GENE">PMGD</SimpleData>
		<SimpleData name="COMBUSTIBL">NO APLICA</SimpleData>
		<SimpleData name="POTENCIAMW">7.67</SimpleData>
		<SimpleData name="UNIDADES">0</SimpleData>
		<SimpleData name="RCA">NO APLICA</SimpleData>
		<SimpleData name="SIST_ELECT">SEN</SimpleData>
		<SimpleData name="ESTADO">OPERATIVA</SimpleData>
		<SimpleData name="F_OPERACIO">1485734400000</SimpleData>
		<SimpleData name="COORD_ESTE">289927</SimpleData>
		<SimpleData name="COORD_NORT">6362543</SimpleData>
		<SimpleData name="HUSO">19 SUR</SimpleData>
		<SimpleData name="DATUM">WGS 1984</SimpleData>
		<SimpleData name="REGION">05</SimpleData>
		<SimpleData name="PROVINCIA">055</SimpleData>
		<SimpleData name="COMUNA">05501</SimpleData>
		<SimpleData name="FUENTE_BAS">CNE</SimpleData>
		<SimpleData name="FECH_CREA">1498780800000</SimpleData>
		<SimpleData name="FECH_ACT">1688083200000</SimpleData>
	</SchemaData></ExtendedData>
      <Point><coordinates>-71.24489357,-32.8551011119999</coordinates></Point>
  </Placemark>
  <Placemark id="centrales_solares.346">
	<name>EL MONTE</name>
	<ExtendedData><SchemaData schemaUrl="#centrales_solares">
		<SimpleData name="OBJECTID">346</SimpleData>
		<SimpleData name="ID_GE_SOLA">872</SimpleData>
		<SimpleData name="NOMBRE">EL MONTE</SimpleData>
		<SimpleData name="PROPIEDAD">CALLAQUI DE VERANO SPA</SimpleData>
		<SimpleData name="TIPO">FOTOVOLTAICO</SimpleData>
		<SimpleData name="MEDIO_GENE">PMGD</SimpleData>
		<SimpleData name="COMBUSTIBL">NO APLICA</SimpleData>
		<SimpleData name="POTENCIAMW">3</SimpleData>
		<SimpleData name="UNIDADES">0</SimpleData>
		<SimpleData name="RCA">NO APLICA</SimpleData>
		<SimpleData name="SIST_ELECT">SEN</SimpleData>
		<SimpleData name="ESTADO">OPERATIVA</SimpleData>
		<SimpleData name="F_OPERACIO">1643932800000</SimpleData>
		<SimpleData name="COORD_ESTE">313340</SimpleData>
		<SimpleData name="COORD_NORT">6272432</SimpleData>
		<SimpleData name="HUSO">19 SUR</SimpleData>
		<SimpleData name="DATUM">WGS 1984</SimpleData>
		<SimpleData name="REGION">13</SimpleData>
		<SimpleData name="PROVINCIA">136</SimpleData>
		<SimpleData name="COMUNA">13602</SimpleData>
		<SimpleData name="FUENTE_BAS">CNE</SimpleData>
		<SimpleData name="FECH_CREA">1609372800000</SimpleData>
		<SimpleData name="FECH_ACT">1688083200000</SimpleData>
	</SchemaData></ExtendedData>
      <Point><coordinates>-71.013395641,-33.671641441</coordinates></Point>
  </Placemark>
  <Placemark id="centrales_solares.347">
	<name>SLK CB NUEVE</name>
	<ExtendedData><SchemaData schemaUrl="#centrales_solares">
		<SimpleData name="OBJECTID">347</SimpleData>
		<SimpleData name="ID_GE_SOLA">953</SimpleData>
		<SimpleData name="NOMBRE">SLK CB NUEVE</SimpleData>
		<SimpleData name="PROPIEDAD">SLK CB NUEVE SPA.</SimpleData>
		<SimpleData name="TIPO">FOTOVOLTAICO</SimpleData>
		<SimpleData name="MEDIO_GENE">PMGD</SimpleData>
		<SimpleData name="COMBUSTIBL">NO APLICA</SimpleData>
		<SimpleData name="POTENCIAMW">3</SimpleData>
		<SimpleData name="UNIDADES">0</SimpleData>
		<SimpleData name="RCA">NO APLICA</SimpleData>
		<SimpleData name="SIST_ELECT">SEN</SimpleData>
		<SimpleData name="ESTADO">OPERATIVA</SimpleData>
		<SimpleData name="F_OPERACIO">1658707200000</SimpleData>
		<SimpleData name="COORD_ESTE">341765</SimpleData>
		<SimpleData name="COORD_NORT">6384924</SimpleData>
		<SimpleData name="HUSO">19 SUR</SimpleData>
		<SimpleData name="DATUM">WGS 1984</SimpleData>
		<SimpleData name="REGION">05</SimpleData>
		<SimpleData name="PROVINCIA">057</SimpleData>
		<SimpleData name="COMUNA">05705</SimpleData>
		<SimpleData name="FUENTE_BAS">CNE</SimpleData>
		<SimpleData name="FECH_CREA">1625011200000</SimpleData>
		<SimpleData name="FECH_ACT">1688083200000</SimpleData>
	</SchemaData></ExtendedData>
      <Point><coordinates>-70.687370503,-32.6620095609999</coordinates></Point>
  </Placemark>
  <Placemark id="centrales_solares.348">
	<name>CAIMI</name>
	<ExtendedData><SchemaData schemaUrl="#centrales_solares">
		<SimpleData name="OBJECTID">348</SimpleData>
		<SimpleData name="ID_GE_SOLA">554</SimpleData>
		<SimpleData name="NOMBRE">CAIMI</SimpleData>
		<SimpleData name="PROPIEDAD">SOLCOR SPA</SimpleData>
		<SimpleData name="TIPO">FOTOVOLTAICO</SimpleData>
		<SimpleData name="MEDIO_GENE">PMGD</SimpleData>
		<SimpleData name="COMBUSTIBL">NO APLICA</SimpleData>
		<SimpleData name="POTENCIAMW">0.194</SimpleData>
		<SimpleData name="UNIDADES">0</SimpleData>
		<SimpleData name="RCA">NO APLICA</SimpleData>
		<SimpleData name="SIST_ELECT">SEN</SimpleData>
		<SimpleData name="ESTADO">OPERATIVA</SimpleData>
		<SimpleData name="F_OPERACIO">1609372800000</SimpleData>
		<SimpleData name="COORD_ESTE">275330</SimpleData>
		<SimpleData name="COORD_NORT">6312595</SimpleData>
		<SimpleData name="HUSO">19 SUR</SimpleData>
		<SimpleData name="DATUM">WGS 1984</SimpleData>
		<SimpleData name="REGION">05</SimpleData>
		<SimpleData name="PROVINCIA">051</SimpleData>
		<SimpleData name="COMUNA">05102</SimpleData>
		<SimpleData name="FUENTE_BAS">CNE</SimpleData>
		<SimpleData name="FECH_CREA">1577750400000</SimpleData>
		<SimpleData name="FECH_ACT">1688083200000</SimpleData>
	</SchemaData></ExtendedData>
      <Point><coordinates>-71.41303205,-33.3023514229999</coordinates></Point>
  </Placemark>
  <Placemark id="centrales_solares.349">
	<name>RIO ESCONDIDO</name>
	<ExtendedData><SchemaData schemaUrl="#centrales_solares">
		<SimpleData name="OBJECTID">349</SimpleData>
		<SimpleData name="ID_GE_SOLA">159</SimpleData>
		<SimpleData name="NOMBRE">RIO ESCONDIDO</SimpleData>
		<SimpleData name="PROPIEDAD">AR ESCONDIDO SPA</SimpleData>
		<SimpleData name="TIPO">FOTOVOLTAICO</SimpleData>
		<SimpleData name="COMBUSTIBL">NO APLICA</SimpleData>
		<SimpleData name="POTENCIAMW">157.96</SimpleData>
		<SimpleData name="UNIDADES">0</SimpleData>
		<SimpleData name="RCA">014/2017</SimpleData>
		<SimpleData name="SIST_ELECT">SEN</SimpleData>
		<SimpleData name="ESTADO">OPERATIVA</SimpleData>
		<SimpleData name="F_OPERACIO">1638316800000</SimpleData>
		<SimpleData name="COORD_ESTE">382464</SimpleData>
		<SimpleData name="COORD_NORT">6915422</SimpleData>
		<SimpleData name="HUSO">19 SUR</SimpleData>
		<SimpleData name="DATUM">WGS 1984</SimpleData>
		<SimpleData name="REGION">03</SimpleData>
		<SimpleData name="PROVINCIA">031</SimpleData>
		<SimpleData name="COMUNA">03103</SimpleData>
		<SimpleData name="FUENTE_BAS">CNE</SimpleData>
		<SimpleData name="FECH_CREA">1438560000000</SimpleData>
		<SimpleData name="FECH_ACT">1688083200000</SimpleData>
	</SchemaData></ExtendedData>
      <Point><coordinates>-70.1940530809999,-27.880864345</coordinates></Point>
  </Placemark>
  <Placemark id="centrales_solares.350">
	<name>EL FLAMENCO</name>
	<ExtendedData><SchemaData schemaUrl="#centrales_solares">
		<SimpleData name="OBJECTID">350</SimpleData>
		<SimpleData name="ID_GE_SOLA">509</SimpleData>
		<SimpleData name="NOMBRE">EL FLAMENCO</SimpleData>
		<SimpleData name="PROPIEDAD">PFV EL FLAMENCO SPA</SimpleData>
		<SimpleData name="TIPO">FOTOVOLTAICO</SimpleData>
		<SimpleData name="MEDIO_GENE">PMGD</SimpleData>
		<SimpleData name="COMBUSTIBL">NO APLICA</SimpleData>
		<SimpleData name="POTENCIAMW">9</SimpleData>
		<SimpleData name="UNIDADES">0</SimpleData>
		<SimpleData name="RCA">235/2019</SimpleData>
		<SimpleData name="SIST_ELECT">SEN</SimpleData>
		<SimpleData name="ESTADO">OPERATIVA</SimpleData>
		<SimpleData name="F_OPERACIO">1659398400000</SimpleData>
		<SimpleData name="COORD_ESTE">271925</SimpleData>
		<SimpleData name="COORD_NORT">6048021</SimpleData>
		<SimpleData name="HUSO">19 SUR</SimpleData>
		<SimpleData name="DATUM">WGS 1984</SimpleData>
		<SimpleData name="REGION">07</SimpleData>
		<SimpleData name="PROVINCIA">074</SimpleData>
		<SimpleData name="COMUNA">07408</SimpleData>
		<SimpleData name="FUENTE_BAS">CNE</SimpleData>
		<SimpleData name="FECH_CREA">1561852800000</SimpleData>
		<SimpleData name="FECH_ACT">1688083200000</SimpleData>
	</SchemaData></ExtendedData>
      <Point><coordinates>-71.520342085,-35.685364662</coordinates></Point>
  </Placemark>
  <Placemark id="centrales_solares.351">
	<name>LA MANGA</name>
	<ExtendedData><SchemaData schemaUrl="#centrales_solares">
		<SimpleData name="OBJECTID">351</SimpleData>
		<SimpleData name="ID_GE_SOLA">205</SimpleData>
		<SimpleData name="NOMBRE">LA MANGA</SimpleData>
		<SimpleData name="PROPIEDAD">LA MANGA ENERGY SPA</SimpleData>
		<SimpleData name="TIPO">FOTOVOLTAICO</SimpleData>
		<SimpleData name="MEDIO_GENE">PMGD</SimpleData>
		<SimpleData name="COMBUSTIBL">NO APLICA</SimpleData>
		<SimpleData name="POTENCIAMW">2.96</SimpleData>
		<SimpleData name="UNIDADES">0</SimpleData>
		<SimpleData name="RCA">NO APLICA</SimpleData>
		<SimpleData name="SIST_ELECT">SEN</SimpleData>
		<SimpleData name="ESTADO">OPERATIVA</SimpleData>
		<SimpleData name="F_OPERACIO">1513123200000</SimpleData>
		<SimpleData name="COORD_ESTE">262126</SimpleData>
		<SimpleData name="COORD_NORT">6244465</SimpleData>
		<SimpleData name="HUSO">19 SUR</SimpleData>
		<SimpleData name="DATUM">WGS 1984</SimpleData>
		<SimpleData name="REGION">13</SimpleData>
		<SimpleData name="PROVINCIA">135</SimpleData>
		<SimpleData name="COMUNA">13505</SimpleData>
		<SimpleData name="FUENTE_BAS">CNE</SimpleData>
		<SimpleData name="FECH_CREA">1522454400000</SimpleData>
		<SimpleData name="FECH_ACT">1688083200000</SimpleData>
	</SchemaData></ExtendedData>
      <Point><coordinates>-71.5729108469999,-33.913398733</coordinates></Point>
  </Placemark>
  <Placemark id="centrales_solares.352">
	<name>BERGAMO</name>
	<ExtendedData><SchemaData schemaUrl="#centrales_solares">
		<SimpleData name="OBJECTID">352</SimpleData>
		<SimpleData name="ID_GE_SOLA">1138</SimpleData>
		<SimpleData name="NOMBRE">BERGAMO</SimpleData>
		<SimpleData name="PROPIEDAD">GPG GENERACION DISTRIBUIDA SPA</SimpleData>
		<SimpleData name="TIPO">FOTOVOLTAICO</SimpleData>
		<SimpleData name="MEDIO_GENE">PMGD</SimpleData>
		<SimpleData name="COMBUSTIBL">NO APLICA</SimpleData>
		<SimpleData name="POTENCIAMW">3.8</SimpleData>
		<SimpleData name="UNIDADES">0</SimpleData>
		<SimpleData name="RCA">089/2020</SimpleData>
		<SimpleData name="SIST_ELECT">SEN</SimpleData>
		<SimpleData name="ESTADO">OPERATIVA</SimpleData>
		<SimpleData name="F_OPERACIO">1667433600000</SimpleData>
		<SimpleData name="COORD_ESTE">305860</SimpleData>
		<SimpleData name="COORD_NORT">6142060</SimpleData>
		<SimpleData name="HUSO">19 SUR</SimpleData>
		<SimpleData name="DATUM">WGS 1984</SimpleData>
		<SimpleData name="REGION">07</SimpleData>
		<SimpleData name="PROVINCIA">073</SimpleData>
		<SimpleData name="COMUNA">07308</SimpleData>
		<SimpleData name="FUENTE_BAS">CNE</SimpleData>
		<SimpleData name="FECH_CREA">1640908800000</SimpleData>
		<SimpleData name="FECH_ACT">1688083200000</SimpleData>
	</SchemaData></ExtendedData>
      <Point><coordinates>-71.123363231,-34.84526747</coordinates></Point>
  </Placemark>
  <Placemark id="centrales_solares.353">
	<name>PEDREROS SOLAR</name>
	<ExtendedData><SchemaData schemaUrl="#centrales_solares">
		<SimpleData name="OBJECTID">353</SimpleData>
		<SimpleData name="ID_GE_SOLA">475</SimpleData>
		<SimpleData name="NOMBRE">PEDREROS SOLAR</SimpleData>
		<SimpleData name="PROPIEDAD">ISABEL SOLAR SPA</SimpleData>
		<SimpleData name="TIPO">FOTOVOLTAICO</SimpleData>
		<SimpleData name="MEDIO_GENE">PMGD</SimpleData>
		<SimpleData name="COMBUSTIBL">NO APLICA</SimpleData>
		<SimpleData name="POTENCIAMW">2.987</SimpleData>
		<SimpleData name="UNIDADES">0</SimpleData>
		<SimpleData name="RCA">NO APLICA</SimpleData>
		<SimpleData name="SIST_ELECT">SEN</SimpleData>
		<SimpleData name="ESTADO">OPERATIVA</SimpleData>
		<SimpleData name="F_OPERACIO">1558569600000</SimpleData>
		<SimpleData name="COORD_ESTE">321110</SimpleData>
		<SimpleData name="COORD_NORT">6369030</SimpleData>
		<SimpleData name="HUSO">19 SUR</SimpleData>
		<SimpleData name="DATUM">WGS 1984</SimpleData>
		<SimpleData name="REGION">05</SimpleData>
		<SimpleData name="PROVINCIA">057</SimpleData>
		<SimpleData name="COMUNA">05704</SimpleData>
		<SimpleData name="FUENTE_BAS">CNE</SimpleData>
		<SimpleData name="FECH_CREA">1553990400000</SimpleData>
		<SimpleData name="FECH_ACT">1688083200000</SimpleData>
	</SchemaData></ExtendedData>
      <Point><coordinates>-70.9105853089999,-32.802151824</coordinates></Point>
  </Placemark>
  <Placemark id="centrales_solares.354">
	<name>PFV MALLOCO</name>
	<ExtendedData><SchemaData schemaUrl="#centrales_solares">
		<SimpleData name="OBJECTID">354</SimpleData>
		<SimpleData name="ID_GE_SOLA">1264</SimpleData>
		<SimpleData name="NOMBRE">PFV MALLOCO</SimpleData>
		<SimpleData name="PROPIEDAD">PLANTA SOLAR PENAFLOR II SPA</SimpleData>
		<SimpleData name="TIPO">FOTOVOLTAICO</SimpleData>
		<SimpleData name="MEDIO_GENE">PMGD</SimpleData>
		<SimpleData name="COMBUSTIBL">NO APLICA</SimpleData>
		<SimpleData name="POTENCIAMW">2.5</SimpleData>
		<SimpleData name="UNIDADES">0</SimpleData>
		<SimpleData name="RCA">NO APLICA</SimpleData>
		<SimpleData name="SIST_ELECT">SEN</SimpleData>
		<SimpleData name="ESTADO">OPERATIVA</SimpleData>
		<SimpleData name="F_OPERACIO">1679270400000</SimpleData>
		<SimpleData name="COORD_ESTE">324433</SimpleData>
		<SimpleData name="COORD_NORT">6277786</SimpleData>
		<SimpleData name="HUSO">19 SUR</SimpleData>
		<SimpleData name="DATUM">WGS 1984</SimpleData>
		<SimpleData name="REGION">13</SimpleData>
		<SimpleData name="PROVINCIA">136</SimpleData>
		<SimpleData name="COMUNA">13605</SimpleData>
		<SimpleData name="FUENTE_BAS">CNE</SimpleData>
		<SimpleData name="FECH_CREA">1656547200000</SimpleData>
		<SimpleData name="FECH_ACT">1688083200000</SimpleData>
	</SchemaData></ExtendedData>
      <Point><coordinates>-70.892743621,-33.625268943</coordinates></Point>
  </Placemark>
  <Placemark id="centrales_solares.355">
	<name>MALAQUITA SOLAR II</name>
	<ExtendedData><SchemaData schemaUrl="#centrales_solares">
		<SimpleData name="OBJECTID">355</SimpleData>
		<SimpleData name="ID_GE_SOLA">265</SimpleData>
		<SimpleData name="NOMBRE">MALAQUITA SOLAR II</SimpleData>
		<SimpleData name="PROPIEDAD">APOLO DEL NORTE SPA</SimpleData>
		<SimpleData name="TIPO">FOTOVOLTAICO</SimpleData>
		<SimpleData name="MEDIO_GENE">PMGD</SimpleData>
		<SimpleData name="COMBUSTIBL">NO APLICA</SimpleData>
		<SimpleData name="POTENCIAMW">8.985</SimpleData>
		<SimpleData name="UNIDADES">0</SimpleData>
		<SimpleData name="RCA">192/2015</SimpleData>
		<SimpleData name="SIST_ELECT">SEN</SimpleData>
		<SimpleData name="ESTADO">OPERATIVA</SimpleData>
		<SimpleData name="F_OPERACIO">1550188800000</SimpleData>
		<SimpleData name="COORD_ESTE">383714</SimpleData>
		<SimpleData name="COORD_NORT">6919670</SimpleData>
		<SimpleData name="HUSO">19 SUR</SimpleData>
		<SimpleData name="DATUM">WGS 1984</SimpleData>
		<SimpleData name="REGION">03</SimpleData>
		<SimpleData name="PROVINCIA">031</SimpleData>
		<SimpleData name="COMUNA">03103</SimpleData>
		<SimpleData name="FUENTE_BAS">CNE</SimpleData>
		<SimpleData name="FECH_CREA">1469577600000</SimpleData>
		<SimpleData name="FECH_ACT">1688083200000</SimpleData>
	</SchemaData></ExtendedData>
      <Point><coordinates>-70.180940807,-27.842633177</coordinates></Point>
  </Placemark>
  <Placemark id="centrales_solares.356">
	<name>LOS GORRIONES</name>
	<ExtendedData><SchemaData schemaUrl="#centrales_solares">
		<SimpleData name="OBJECTID">356</SimpleData>
		<SimpleData name="ID_GE_SOLA">304</SimpleData>
		<SimpleData name="NOMBRE">LOS GORRIONES</SimpleData>
		<SimpleData name="PROPIEDAD">SYBAC SOLAR PROJECT COMPANY I SPA</SimpleData>
		<SimpleData name="TIPO">FOTOVOLTAICO</SimpleData>
		<SimpleData name="MEDIO_GENE">PMGD</SimpleData>
		<SimpleData name="COMBUSTIBL">NO APLICA</SimpleData>
		<SimpleData name="POTENCIAMW">3</SimpleData>
		<SimpleData name="UNIDADES">0</SimpleData>
		<SimpleData name="RCA">NO APLICA</SimpleData>
		<SimpleData name="SIST_ELECT">SEN</SimpleData>
		<SimpleData name="ESTADO">OPERATIVA</SimpleData>
		<SimpleData name="F_OPERACIO">1515110400000</SimpleData>
		<SimpleData name="COORD_ESTE">251232</SimpleData>
		<SimpleData name="COORD_NORT">6008758</SimpleData>
		<SimpleData name="HUSO">19 SUR</SimpleData>
		<SimpleData name="DATUM">WGS 1984</SimpleData>
		<SimpleData name="REGION">07</SimpleData>
		<SimpleData name="PROVINCIA">074</SimpleData>
		<SimpleData name="COMUNA">07405</SimpleData>
		<SimpleData name="FUENTE_BAS">CNE</SimpleData>
		<SimpleData name="FECH_CREA">1522454400000</SimpleData>
		<SimpleData name="FECH_ACT">1688083200000</SimpleData>
	</SchemaData></ExtendedData>
      <Point><coordinates>-71.761027188,-36.0339533489999</coordinates></Point>
  </Placemark>
  <Placemark id="centrales_solares.357">
	<name>PV UTFSM VINA DEL MAR</name>
	<ExtendedData><SchemaData schemaUrl="#centrales_solares">
		<SimpleData name="OBJECTID">357</SimpleData>
		<SimpleData name="ID_GE_SOLA">341</SimpleData>
		<SimpleData name="NOMBRE">PV UTFSM VINA DEL MAR</SimpleData>
		<SimpleData name="PROPIEDAD">MGM INNOVA CAPITAL CHILE SPA</SimpleData>
		<SimpleData name="TIPO">FOTOVOLTAICO</SimpleData>
		<SimpleData name="MEDIO_GENE">PMGD</SimpleData>
		<SimpleData name="COMBUSTIBL">NO APLICA</SimpleData>
		<SimpleData name="POTENCIAMW">0.4985</SimpleData>
		<SimpleData name="UNIDADES">0</SimpleData>
		<SimpleData name="RCA">NO APLICA</SimpleData>
		<SimpleData name="SIST_ELECT">SEN</SimpleData>
		<SimpleData name="ESTADO">OPERATIVA</SimpleData>
		<SimpleData name="F_OPERACIO">1585612800000</SimpleData>
		<SimpleData name="COORD_ESTE">267825</SimpleData>
		<SimpleData name="COORD_NORT">6341877</SimpleData>
		<SimpleData name="HUSO">19 SUR</SimpleData>
		<SimpleData name="DATUM">WGS 1984</SimpleData>
		<SimpleData name="REGION">05</SimpleData>
		<SimpleData name="PROVINCIA">051</SimpleData>
		<SimpleData name="COMUNA">05109</SimpleData>
		<SimpleData name="FUENTE_BAS">CNE</SimpleData>
		<SimpleData name="FECH_CREA">1538265600000</SimpleData>
		<SimpleData name="FECH_ACT">1688083200000</SimpleData>
	</SchemaData></ExtendedData>
      <Point><coordinates>-71.4861085269999,-33.036883083</coordinates></Point>
  </Placemark>
  <Placemark id="centrales_solares.358">
	<name>LLIU LLIU</name>
	<ExtendedData><SchemaData schemaUrl="#centrales_solares">
		<SimpleData name="OBJECTID">358</SimpleData>
		<SimpleData name="ID_GE_SOLA">1152</SimpleData>
		<SimpleData name="NOMBRE">LLIU LLIU</SimpleData>
		<SimpleData name="PROPIEDAD">ANDINA SOLAR 6 SPA</SimpleData>
		<SimpleData name="TIPO">FOTOVOLTAICO</SimpleData>
		<SimpleData name="MEDIO_GENE">PMGD</SimpleData>
		<SimpleData name="COMBUSTIBL">NO APLICA</SimpleData>
		<SimpleData name="POTENCIAMW">3</SimpleData>
		<SimpleData name="UNIDADES">0</SimpleData>
		<SimpleData name="RCA">NO APLICA</SimpleData>
		<SimpleData name="SIST_ELECT">SEN</SimpleData>
		<SimpleData name="ESTADO">OPERATIVA</SimpleData>
		<SimpleData name="F_OPERACIO">1651881600000</SimpleData>
		<SimpleData name="COORD_ESTE">275833</SimpleData>
		<SimpleData name="COORD_NORT">6358664</SimpleData>
		<SimpleData name="HUSO">19 SUR</SimpleData>
		<SimpleData name="DATUM">WGS 1984</SimpleData>
		<SimpleData name="REGION">05</SimpleData>
		<SimpleData name="PROVINCIA">055</SimpleData>
		<SimpleData name="COMUNA">05501</SimpleData>
		<SimpleData name="FUENTE_BAS">CNE</SimpleData>
		<SimpleData name="FECH_CREA">1640908800000</SimpleData>
		<SimpleData name="FECH_ACT">1688083200000</SimpleData>
	</SchemaData></ExtendedData>
      <Point><coordinates>-71.396336074,-32.887269037</coordinates></Point>
  </Placemark>
  <Placemark id="centrales_solares.359">
	<name>CITRINO</name>
	<ExtendedData><SchemaData schemaUrl="#centrales_solares">
		<SimpleData name="OBJECTID">359</SimpleData>
		<SimpleData name="ID_GE_SOLA">500</SimpleData>
		<SimpleData name="NOMBRE">CITRINO</SimpleData>
		<SimpleData name="PROPIEDAD">SOLAR TI ONCE SPA</SimpleData>
		<SimpleData name="TIPO">FOTOVOLTAICO</SimpleData>
		<SimpleData name="MEDIO_GENE">PMGD</SimpleData>
		<SimpleData name="COMBUSTIBL">NO APLICA</SimpleData>
		<SimpleData name="POTENCIAMW">2.8</SimpleData>
		<SimpleData name="UNIDADES">0</SimpleData>
		<SimpleData name="RCA">NO APLICA</SimpleData>
		<SimpleData name="SIST_ELECT">SEN</SimpleData>
		<SimpleData name="ESTADO">OPERATIVA</SimpleData>
		<SimpleData name="F_OPERACIO">1575331200000</SimpleData>
		<SimpleData name="COORD_ESTE">323540</SimpleData>
		<SimpleData name="COORD_NORT">6284780</SimpleData>
		<SimpleData name="HUSO">19 SUR</SimpleData>
		<SimpleData name="DATUM">WGS 1984</SimpleData>
		<SimpleData name="REGION">13</SimpleData>
		<SimpleData name="PROVINCIA">136</SimpleData>
		<SimpleData name="COMUNA">13604</SimpleData>
		<SimpleData name="FUENTE_BAS">CNE</SimpleData>
		<SimpleData name="FECH_CREA">1561852800000</SimpleData>
		<SimpleData name="FECH_ACT">1688083200000</SimpleData>
	</SchemaData></ExtendedData>
      <Point><coordinates>-70.900982192,-33.56207362</coordinates></Point>
  </Placemark>
  <Placemark id="centrales_solares.360">
	<name>SDGX01</name>
	<ExtendedData><SchemaData schemaUrl="#centrales_solares">
		<SimpleData name="OBJECTID">360</SimpleData>
		<SimpleData name="ID_GE_SOLA">379</SimpleData>
		<SimpleData name="NOMBRE">SDGX01</SimpleData>
		<SimpleData name="PROPIEDAD">ENGIE</SimpleData>
		<SimpleData name="TIPO">FOTOVOLTAICO</SimpleData>
		<SimpleData name="MEDIO_GENE">PMG</SimpleData>
		<SimpleData name="COMBUSTIBL">NO APLICA</SimpleData>
		<SimpleData name="POTENCIAMW">1.25</SimpleData>
		<SimpleData name="UNIDADES">0</SimpleData>
		<SimpleData name="RCA">NO APLICA</SimpleData>
		<SimpleData name="SIST_ELECT">SEN</SimpleData>
		<SimpleData name="ESTADO">OPERATIVA</SimpleData>
		<SimpleData name="F_OPERACIO">1375920000000</SimpleData>
		<SimpleData name="COORD_ESTE">298624</SimpleData>
		<SimpleData name="COORD_NORT">6654191</SimpleData>
		<SimpleData name="HUSO">19 SUR</SimpleData>
		<SimpleData name="DATUM">WGS 1984</SimpleData>
		<SimpleData name="REGION">04</SimpleData>
		<SimpleData name="PROVINCIA">041</SimpleData>
		<SimpleData name="COMUNA">04103</SimpleData>
		<SimpleData name="FUENTE_BAS">CNE</SimpleData>
		<SimpleData name="FECH_CREA">1418169600000</SimpleData>
		<SimpleData name="FECH_ACT">1688083200000</SimpleData>
	</SchemaData></ExtendedData>
      <Point><coordinates>-71.0924813829999,-30.227162854</coordinates></Point>
  </Placemark>
  <Placemark id="centrales_solares.361">
	<name>PFV REN</name>
	<ExtendedData><SchemaData schemaUrl="#centrales_solares">
		<SimpleData name="OBJECTID">361</SimpleData>
		<SimpleData name="ID_GE_SOLA">1324</SimpleData>
		<SimpleData name="NOMBRE">PFV REN</SimpleData>
		<SimpleData name="PROPIEDAD">MILLARAY FOTOVOLTAICA SPA</SimpleData>
		<SimpleData name="TIPO">FOTOVOLTAICO</SimpleData>
		<SimpleData name="MEDIO_GENE">PMGD</SimpleData>
		<SimpleData name="COMBUSTIBL">NO APLICA</SimpleData>
		<SimpleData name="POTENCIAMW">3</SimpleData>
		<SimpleData name="UNIDADES">0</SimpleData>
		<SimpleData name="RCA">NO APLICA</SimpleData>
		<SimpleData name="SIST_ELECT">SEN</SimpleData>
		<SimpleData name="ESTADO">OPERATIVA</SimpleData>
		<SimpleData name="F_OPERACIO">1684972800000</SimpleData>
		<SimpleData name="COORD_ESTE">182539</SimpleData>
		<SimpleData name="COORD_NORT">5821760</SimpleData>
		<SimpleData name="HUSO">19 SUR</SimpleData>
		<SimpleData name="DATUM">WGS 1984</SimpleData>
		<SimpleData name="REGION">09</SimpleData>
		<SimpleData name="PROVINCIA">092</SimpleData>
		<SimpleData name="COMUNA">09209</SimpleData>
		<SimpleData name="FUENTE_BAS">CNE</SimpleData>
		<SimpleData name="FECH_CREA">1672444800000</SimpleData>
		<SimpleData name="FECH_ACT">1688083200000</SimpleData>
	</SchemaData></ExtendedData>
      <Point><coordinates>-72.6004434669999,-37.696448446</coordinates></Point>
  </Placemark>
  <Placemark id="centrales_solares.362">
	<name>LA FORESTA</name>
	<ExtendedData><SchemaData schemaUrl="#centrales_solares">
		<SimpleData name="OBJECTID">362</SimpleData>
		<SimpleData name="ID_GE_SOLA">656</SimpleData>
		<SimpleData name="NOMBRE">LA FORESTA</SimpleData>
		<SimpleData name="PROPIEDAD">SOCIEDAD ENERGIAS RENOVABLES LOS LIRIOS SPA</SimpleData>
		<SimpleData name="TIPO">FOTOVOLTAICO</SimpleData>
		<SimpleData name="MEDIO_GENE">PMGD</SimpleData>
		<SimpleData name="COMBUSTIBL">NO APLICA</SimpleData>
		<SimpleData name="POTENCIAMW">2.739</SimpleData>
		<SimpleData name="UNIDADES">0</SimpleData>
		<SimpleData name="RCA">NO APLICA</SimpleData>
		<SimpleData name="SIST_ELECT">SEN</SimpleData>
		<SimpleData name="ESTADO">OPERATIVA</SimpleData>
		<SimpleData name="F_OPERACIO">1628121600000</SimpleData>
		<SimpleData name="COORD_ESTE">244785</SimpleData>
		<SimpleData name="COORD_NORT">6127917</SimpleData>
		<SimpleData name="HUSO">19 SUR</SimpleData>
		<SimpleData name="DATUM">WGS 1984</SimpleData>
		<SimpleData name="REGION">07</SimpleData>
		<SimpleData name="PROVINCIA">073</SimpleData>
		<SimpleData name="COMUNA">07302</SimpleData>
		<SimpleData name="FUENTE_BAS">CNE</SimpleData>
		<SimpleData name="FECH_CREA">1593475200000</SimpleData>
		<SimpleData name="FECH_ACT">1688083200000</SimpleData>
	</SchemaData></ExtendedData>
      <Point><coordinates>-71.795054088,-34.959163003</coordinates></Point>
  </Placemark>
  <Placemark id="centrales_solares.363">
	<name>GR SANTA ROSA</name>
	<ExtendedData><SchemaData schemaUrl="#centrales_solares">
		<SimpleData name="OBJECTID">363</SimpleData>
		<SimpleData name="ID_GE_SOLA">175</SimpleData>
		<SimpleData name="NOMBRE">GR SANTA ROSA</SimpleData>
		<SimpleData name="PROPIEDAD">GR CHAQUIHUE SPA</SimpleData>
		<SimpleData name="TIPO">FOTOVOLTAICO</SimpleData>
		<SimpleData name="MEDIO_GENE">PMGD</SimpleData>
		<SimpleData name="COMBUSTIBL">NO APLICA</SimpleData>
		<SimpleData name="POTENCIAMW">8.888</SimpleData>
		<SimpleData name="UNIDADES">0</SimpleData>
		<SimpleData name="RCA">346/2018</SimpleData>
		<SimpleData name="SIST_ELECT">SEN</SimpleData>
		<SimpleData name="ESTADO">OPERATIVA</SimpleData>
		<SimpleData name="F_OPERACIO">1555027200000</SimpleData>
		<SimpleData name="COORD_ESTE">288133</SimpleData>
		<SimpleData name="COORD_NORT">6235733</SimpleData>
		<SimpleData name="HUSO">19 SUR</SimpleData>
		<SimpleData name="DATUM">WGS 1984</SimpleData>
		<SimpleData name="REGION">13</SimpleData>
		<SimpleData name="PROVINCIA">135</SimpleData>
		<SimpleData name="COMUNA">13505</SimpleData>
		<SimpleData name="FUENTE_BAS">CNE</SimpleData>
		<SimpleData name="FECH_CREA">1469577600000</SimpleData>
		<SimpleData name="FECH_ACT">1688083200000</SimpleData>
	</SchemaData></ExtendedData>
      <Point><coordinates>-71.293933349,-33.997643749</coordinates></Point>
  </Placemark>
  <Placemark id="centrales_solares.364">
	<name>LA ESTANCIA</name>
	<ExtendedData><SchemaData schemaUrl="#centrales_solares">
		<SimpleData name="OBJECTID">364</SimpleData>
		<SimpleData name="ID_GE_SOLA">547</SimpleData>
		<SimpleData name="NOMBRE">LA ESTANCIA</SimpleData>
		<SimpleData name="PROPIEDAD">GR MELI SPA</SimpleData>
		<SimpleData name="TIPO">FOTOVOLTAICO</SimpleData>
		<SimpleData name="MEDIO_GENE">PMGD</SimpleData>
		<SimpleData name="COMBUSTIBL">NO APLICA</SimpleData>
		<SimpleData name="POTENCIAMW">3</SimpleData>
		<SimpleData name="UNIDADES">0</SimpleData>
		<SimpleData name="RCA">NO APLICA</SimpleData>
		<SimpleData name="SIST_ELECT">SEN</SimpleData>
		<SimpleData name="ESTADO">OPERATIVA</SimpleData>
		<SimpleData name="F_OPERACIO">1581638400000</SimpleData>
		<SimpleData name="COORD_ESTE">308280</SimpleData>
		<SimpleData name="COORD_NORT">6232740</SimpleData>
		<SimpleData name="HUSO">19 SUR</SimpleData>
		<SimpleData name="DATUM">WGS 1984</SimpleData>
		<SimpleData name="REGION">13</SimpleData>
		<SimpleData name="PROVINCIA">135</SimpleData>
		<SimpleData name="COMUNA">13502</SimpleData>
		<SimpleData name="FUENTE_BAS">CNE</SimpleData>
		<SimpleData name="FECH_CREA">1577750400000</SimpleData>
		<SimpleData name="FECH_ACT">1688083200000</SimpleData>
	</SchemaData></ExtendedData>
      <Point><coordinates>-71.0765862649999,-34.0284932989999</coordinates></Point>
  </Placemark>
  <Placemark id="centrales_solares.365">
	<name>PEQUEN</name>
	<ExtendedData><SchemaData schemaUrl="#centrales_solares">
		<SimpleData name="OBJECTID">365</SimpleData>
		<SimpleData name="ID_GE_SOLA">961</SimpleData>
		<SimpleData name="NOMBRE">PEQUEN</SimpleData>
		<SimpleData name="PROPIEDAD">PEQUEN SPA</SimpleData>
		<SimpleData name="TIPO">FOTOVOLTAICO</SimpleData>
		<SimpleData name="MEDIO_GENE">PMGD</SimpleData>
		<SimpleData name="COMBUSTIBL">NO APLICA</SimpleData>
		<SimpleData name="POTENCIAMW">2.9</SimpleData>
		<SimpleData name="UNIDADES">0</SimpleData>
		<SimpleData name="RCA">NO APLICA</SimpleData>
		<SimpleData name="SIST_ELECT">SEN</SimpleData>
		<SimpleData name="ESTADO">OPERATIVA</SimpleData>
		<SimpleData name="F_OPERACIO">1668643200000</SimpleData>
		<SimpleData name="COORD_ESTE">302309</SimpleData>
		<SimpleData name="COORD_NORT">6141325</SimpleData>
		<SimpleData name="HUSO">19 SUR</SimpleData>
		<SimpleData name="DATUM">WGS 1984</SimpleData>
		<SimpleData name="REGION">07</SimpleData>
		<SimpleData name="PROVINCIA">073</SimpleData>
		<SimpleData name="COMUNA">07308</SimpleData>
		<SimpleData name="FUENTE_BAS">CNE</SimpleData>
		<SimpleData name="FECH_CREA">1622419200000</SimpleData>
		<SimpleData name="FECH_ACT">1688083200000</SimpleData>
	</SchemaData></ExtendedData>
      <Point><coordinates>-71.1623505439999,-34.8512066439999</coordinates></Point>
  </Placemark>
  <Placemark id="centrales_solares.366">
	<name>CALAMA SOLAR</name>
	<ExtendedData><SchemaData schemaUrl="#centrales_solares">
		<SimpleData name="OBJECTID">366</SimpleData>
		<SimpleData name="ID_GE_SOLA">47</SimpleData>
		<SimpleData name="NOMBRE">CALAMA SOLAR</SimpleData>
		<SimpleData name="PROPIEDAD">CALAMA SOLAR I</SimpleData>
		<SimpleData name="TIPO">FOTOVOLTAICO</SimpleData>
		<SimpleData name="MEDIO_GENE">PMGD</SimpleData>
		<SimpleData name="COMBUSTIBL">NO APLICA</SimpleData>
		<SimpleData name="POTENCIAMW">9</SimpleData>
		<SimpleData name="UNIDADES">0</SimpleData>
		<SimpleData name="RCA">004/2010</SimpleData>
		<SimpleData name="SIST_ELECT">SEN</SimpleData>
		<SimpleData name="ESTADO">OPERATIVA</SimpleData>
		<SimpleData name="F_OPERACIO">1494547200000</SimpleData>
		<SimpleData name="COORD_ESTE">513362</SimpleData>
		<SimpleData name="COORD_NORT">7517997</SimpleData>
		<SimpleData name="HUSO">19 SUR</SimpleData>
		<SimpleData name="DATUM">WGS 1984</SimpleData>
		<SimpleData name="REGION">02</SimpleData>
		<SimpleData name="PROVINCIA">022</SimpleData>
		<SimpleData name="COMUNA">02201</SimpleData>
		<SimpleData name="FUENTE_BAS">CNE</SimpleData>
		<SimpleData name="FECH_CREA">1514678400000</SimpleData>
		<SimpleData name="FECH_ACT">1688083200000</SimpleData>
	</SchemaData></ExtendedData>
      <Point><coordinates>-68.8701411599999,-22.444219973</coordinates></Point>
  </Placemark>
  <Placemark id="centrales_solares.367">
	<name>LAS TORTOLAS</name>
	<ExtendedData><SchemaData schemaUrl="#centrales_solares">
		<SimpleData name="OBJECTID">367</SimpleData>
		<SimpleData name="ID_GE_SOLA">649</SimpleData>
		<SimpleData name="NOMBRE">LAS TORTOLAS</SimpleData>
		<SimpleData name="PROPIEDAD">PFV LAS TORCAZAS SPA</SimpleData>
		<SimpleData name="TIPO">FOTOVOLTAICO</SimpleData>
		<SimpleData name="MEDIO_GENE">PMGD</SimpleData>
		<SimpleData name="COMBUSTIBL">NO APLICA</SimpleData>
		<SimpleData name="POTENCIAMW">3</SimpleData>
		<SimpleData name="UNIDADES">0</SimpleData>
		<SimpleData name="RCA">NO APLICA</SimpleData>
		<SimpleData name="SIST_ELECT">SEN</SimpleData>
		<SimpleData name="ESTADO">OPERATIVA</SimpleData>
		<SimpleData name="F_OPERACIO">1611878400000</SimpleData>
		<SimpleData name="COORD_ESTE">196898</SimpleData>
		<SimpleData name="COORD_NORT">5925464</SimpleData>
		<SimpleData name="HUSO">19 SUR</SimpleData>
		<SimpleData name="DATUM">WGS 1984</SimpleData>
		<SimpleData name="REGION">16</SimpleData>
		<SimpleData name="PROVINCIA">161</SimpleData>
		<SimpleData name="COMUNA">16102</SimpleData>
		<SimpleData name="FUENTE_BAS">CNE</SimpleData>
		<SimpleData name="FECH_CREA">1593475200000</SimpleData>
		<SimpleData name="FECH_ACT">1688083200000</SimpleData>
	</SchemaData></ExtendedData>
      <Point><coordinates>-72.39570552,-36.768177264</coordinates></Point>
  </Placemark>
  <Placemark id="centrales_solares.368">
	<name>LOS LAGOS</name>
	<ExtendedData><SchemaData schemaUrl="#centrales_solares">
		<SimpleData name="OBJECTID">368</SimpleData>
		<SimpleData name="ID_GE_SOLA">853</SimpleData>
		<SimpleData name="NOMBRE">LOS LAGOS</SimpleData>
		<SimpleData name="PROPIEDAD">LOS LAGOS SPA</SimpleData>
		<SimpleData name="TIPO">FOTOVOLTAICO</SimpleData>
		<SimpleData name="MEDIO_GENE">PMGD</SimpleData>
		<SimpleData name="COMBUSTIBL">NO APLICA</SimpleData>
		<SimpleData name="POTENCIAMW">2.2</SimpleData>
		<SimpleData name="UNIDADES">0</SimpleData>
		<SimpleData name="RCA">NO APLICA</SimpleData>
		<SimpleData name="SIST_ELECT">SEN</SimpleData>
		<SimpleData name="ESTADO">OPERATIVA</SimpleData>
		<SimpleData name="F_OPERACIO">1623456000000</SimpleData>
		<SimpleData name="COORD_ESTE">281096</SimpleData>
		<SimpleData name="COORD_NORT">6206908</SimpleData>
		<SimpleData name="HUSO">19 SUR</SimpleData>
		<SimpleData name="DATUM">WGS 1984</SimpleData>
		<SimpleData name="REGION">06</SimpleData>
		<SimpleData name="PROVINCIA">061</SimpleData>
		<SimpleData name="COMUNA">06107</SimpleData>
		<SimpleData name="FUENTE_BAS">CNE</SimpleData>
		<SimpleData name="FECH_CREA">1609372800000</SimpleData>
		<SimpleData name="FECH_ACT">1688083200000</SimpleData>
	</SchemaData></ExtendedData>
      <Point><coordinates>-71.377331751,-34.2559410499999</coordinates></Point>
  </Placemark>
  <Placemark id="centrales_solares.369">
	<name>CHIMBARONGO</name>
	<ExtendedData><SchemaData schemaUrl="#centrales_solares">
		<SimpleData name="OBJECTID">369</SimpleData>
		<SimpleData name="ID_GE_SOLA">77</SimpleData>
		<SimpleData name="NOMBRE">CHIMBARONGO</SimpleData>
		<SimpleData name="PROPIEDAD">GR TINEO SPA</SimpleData>
		<SimpleData name="TIPO">FOTOVOLTAICO</SimpleData>
		<SimpleData name="MEDIO_GENE">PMGD</SimpleData>
		<SimpleData name="COMBUSTIBL">NO APLICA</SimpleData>
		<SimpleData name="POTENCIAMW">3</SimpleData>
		<SimpleData name="UNIDADES">0</SimpleData>
		<SimpleData name="RCA">NO APLICA</SimpleData>
		<SimpleData name="SIST_ELECT">SEN</SimpleData>
		<SimpleData name="ESTADO">OPERATIVA</SimpleData>
		<SimpleData name="F_OPERACIO">1511222400000</SimpleData>
		<SimpleData name="COORD_ESTE">320001</SimpleData>
		<SimpleData name="COORD_NORT">6144787</SimpleData>
		<SimpleData name="HUSO">19 SUR</SimpleData>
		<SimpleData name="DATUM">WGS 1984</SimpleData>
		<SimpleData name="REGION">06</SimpleData>
		<SimpleData name="PROVINCIA">063</SimpleData>
		<SimpleData name="COMUNA">06303</SimpleData>
		<SimpleData name="FUENTE_BAS">CNE</SimpleData>
		<SimpleData name="FECH_CREA">1514678400000</SimpleData>
		<SimpleData name="FECH_ACT">1688083200000</SimpleData>
	</SchemaData></ExtendedData>
      <Point><coordinates>-70.9681980779999,-34.8232921979999</coordinates></Point>
  </Placemark>
  <Placemark id="centrales_solares.370">
	<name>VALLE DE LA LUNA II</name>
	<ExtendedData><SchemaData schemaUrl="#centrales_solares">
		<SimpleData name="OBJECTID">370</SimpleData>
		<SimpleData name="ID_GE_SOLA">452</SimpleData>
		<SimpleData name="NOMBRE">VALLE DE LA LUNA II</SimpleData>
		<SimpleData name="PROPIEDAD">CVE CHILE SPA</SimpleData>
		<SimpleData name="TIPO">FOTOVOLTAICO</SimpleData>
		<SimpleData name="MEDIO_GENE">PMGD</SimpleData>
		<SimpleData name="COMBUSTIBL">NO APLICA</SimpleData>
		<SimpleData name="POTENCIAMW">2.9898</SimpleData>
		<SimpleData name="UNIDADES">0</SimpleData>
		<SimpleData name="RCA">NO APLICA</SimpleData>
		<SimpleData name="SIST_ELECT">SEN</SimpleData>
		<SimpleData name="ESTADO">OPERATIVA</SimpleData>
		<SimpleData name="F_OPERACIO">1510185600000</SimpleData>
		<SimpleData name="COORD_ESTE">325830</SimpleData>
		<SimpleData name="COORD_NORT">6317025</SimpleData>
		<SimpleData name="HUSO">19 SUR</SimpleData>
		<SimpleData name="DATUM">WGS 1984</SimpleData>
		<SimpleData name="REGION">13</SimpleData>
		<SimpleData name="PROVINCIA">133</SimpleData>
		<SimpleData name="COMUNA">13302</SimpleData>
		<SimpleData name="FUENTE_BAS">CNE</SimpleData>
		<SimpleData name="FECH_CREA">1514678400000</SimpleData>
		<SimpleData name="FECH_ACT">1688083200000</SimpleData>
	</SchemaData></ExtendedData>
      <Point><coordinates>-70.870080437,-33.271763313</coordinates></Point>
  </Placemark>
  <Placemark id="centrales_solares.371">
	<name>TAMAYA SOLAR</name>
	<ExtendedData><SchemaData schemaUrl="#centrales_solares">
		<SimpleData name="OBJECTID">371</SimpleData>
		<SimpleData name="ID_GE_SOLA">438</SimpleData>
		<SimpleData name="NOMBRE">TAMAYA SOLAR</SimpleData>
		<SimpleData name="PROPIEDAD">ENGIE ENERGIA
CHILE S.A.</SimpleData>
		<SimpleData name="TIPO">FOTOVOLTAICO</SimpleData>
		<SimpleData name="COMBUSTIBL">NO APLICA</SimpleData>
		<SimpleData name="POTENCIAMW">112.89</SimpleData>
		<SimpleData name="UNIDADES">0</SimpleData>
		<SimpleData name="RCA">065/2019</SimpleData>
		<SimpleData name="SIST_ELECT">SEN</SimpleData>
		<SimpleData name="ESTADO">OPERATIVA</SimpleData>
		<SimpleData name="F_OPERACIO">1642118400000</SimpleData>
		<SimpleData name="COORD_ESTE">387609</SimpleData>
		<SimpleData name="COORD_NORT">7547728</SimpleData>
		<SimpleData name="HUSO">19 SUR</SimpleData>
		<SimpleData name="DATUM">WGS 1984</SimpleData>
		<SimpleData name="REGION">02</SimpleData>
		<SimpleData name="PROVINCIA">023</SimpleData>
		<SimpleData name="COMUNA">02301</SimpleData>
		<SimpleData name="FUENTE_BAS">CNE</SimpleData>
		<SimpleData name="FECH_CREA">1538265600000</SimpleData>
		<SimpleData name="FECH_ACT">1688083200000</SimpleData>
	</SchemaData></ExtendedData>
      <Point><coordinates>-70.0901125249999,-22.1720300339999</coordinates></Point>
  </Placemark>
  <Placemark id="centrales_solares.372">
	<name>SAN CAMILO</name>
	<ExtendedData><SchemaData schemaUrl="#centrales_solares">
		<SimpleData name="OBJECTID">372</SimpleData>
		<SimpleData name="ID_GE_SOLA">863</SimpleData>
		<SimpleData name="NOMBRE">SAN CAMILO</SimpleData>
		<SimpleData name="PROPIEDAD">FOTOVOLTAICA SAN CAMILO SPA</SimpleData>
		<SimpleData name="TIPO">FOTOVOLTAICO</SimpleData>
		<SimpleData name="MEDIO_GENE">PMGD</SimpleData>
		<SimpleData name="COMBUSTIBL">NO APLICA</SimpleData>
		<SimpleData name="POTENCIAMW">3</SimpleData>
		<SimpleData name="UNIDADES">0</SimpleData>
		<SimpleData name="RCA">NO APLICA</SimpleData>
		<SimpleData name="SIST_ELECT">SEN</SimpleData>
		<SimpleData name="ESTADO">OPERATIVA</SimpleData>
		<SimpleData name="F_OPERACIO">1617926400000</SimpleData>
		<SimpleData name="COORD_ESTE">287922</SimpleData>
		<SimpleData name="COORD_NORT">6111239</SimpleData>
		<SimpleData name="HUSO">19 SUR</SimpleData>
		<SimpleData name="DATUM">WGS 1984</SimpleData>
		<SimpleData name="REGION">07</SimpleData>
		<SimpleData name="PROVINCIA">073</SimpleData>
		<SimpleData name="COMUNA">07304</SimpleData>
		<SimpleData name="FUENTE_BAS">CNE</SimpleData>
		<SimpleData name="FECH_CREA">1609372800000</SimpleData>
		<SimpleData name="FECH_ACT">1688083200000</SimpleData>
	</SchemaData></ExtendedData>
      <Point><coordinates>-71.327267643,-35.1193835239999</coordinates></Point>
  </Placemark>
  <Placemark id="centrales_solares.373">
	<name>EL CONDOR</name>
	<ExtendedData><SchemaData schemaUrl="#centrales_solares">
		<SimpleData name="OBJECTID">373</SimpleData>
		<SimpleData name="ID_GE_SOLA">534</SimpleData>
		<SimpleData name="NOMBRE">EL CONDOR</SimpleData>
		<SimpleData name="PROPIEDAD">PFV EL CONDOR SPA</SimpleData>
		<SimpleData name="TIPO">FOTOVOLTAICO</SimpleData>
		<SimpleData name="MEDIO_GENE">PMGD</SimpleData>
		<SimpleData name="COMBUSTIBL">NO APLICA</SimpleData>
		<SimpleData name="POTENCIAMW">1.33</SimpleData>
		<SimpleData name="UNIDADES">0</SimpleData>
		<SimpleData name="RCA">NO APLICA</SimpleData>
		<SimpleData name="SIST_ELECT">SEN</SimpleData>
		<SimpleData name="ESTADO">OPERATIVA</SimpleData>
		<SimpleData name="F_OPERACIO">1597190400000</SimpleData>
		<SimpleData name="COORD_ESTE">314480</SimpleData>
		<SimpleData name="COORD_NORT">6138600</SimpleData>
		<SimpleData name="HUSO">19 SUR</SimpleData>
		<SimpleData name="DATUM">WGS 1984</SimpleData>
		<SimpleData name="REGION">07</SimpleData>
		<SimpleData name="PROVINCIA">073</SimpleData>
		<SimpleData name="COMUNA">07308</SimpleData>
		<SimpleData name="FUENTE_BAS">CNE</SimpleData>
		<SimpleData name="FECH_CREA">1577750400000</SimpleData>
		<SimpleData name="FECH_ACT">1688083200000</SimpleData>
	</SchemaData></ExtendedData>
      <Point><coordinates>-71.029903798,-34.8780580009999</coordinates></Point>
  </Placemark>
  <Placemark id="centrales_solares.374">
	<name>MOYA</name>
	<ExtendedData><SchemaData schemaUrl="#centrales_solares">
		<SimpleData name="OBJECTID">374</SimpleData>
		<SimpleData name="ID_GE_SOLA">277</SimpleData>
		<SimpleData name="NOMBRE">MOYA</SimpleData>
		<SimpleData name="PROPIEDAD">SUVAN SOLAR SPA</SimpleData>
		<SimpleData name="TIPO">FOTOVOLTAICO</SimpleData>
		<SimpleData name="MEDIO_GENE">PMGD</SimpleData>
		<SimpleData name="COMBUSTIBL">NO APLICA</SimpleData>
		<SimpleData name="POTENCIAMW">9</SimpleData>
		<SimpleData name="UNIDADES">0</SimpleData>
		<SimpleData name="RCA">109/2019</SimpleData>
		<SimpleData name="SIST_ELECT">SEN</SimpleData>
		<SimpleData name="ESTADO">OPERATIVA</SimpleData>
		<SimpleData name="F_OPERACIO">1625011200000</SimpleData>
		<SimpleData name="COORD_ESTE">201830</SimpleData>
		<SimpleData name="COORD_NORT">5892441</SimpleData>
		<SimpleData name="HUSO">19 SUR</SimpleData>
		<SimpleData name="DATUM">WGS 1984</SimpleData>
		<SimpleData name="REGION">08</SimpleData>
		<SimpleData name="PROVINCIA">083</SimpleData>
		<SimpleData name="COMUNA">08303</SimpleData>
		<SimpleData name="FUENTE_BAS">CNE</SimpleData>
		<SimpleData name="FECH_CREA">1538265600000</SimpleData>
		<SimpleData name="FECH_ACT">1688083200000</SimpleData>
	</SchemaData></ExtendedData>
      <Point><coordinates>-72.353539478,-37.0669192939999</coordinates></Point>
  </Placemark>
  <Placemark id="centrales_solares.375">
	<name>GR ALCON SOLAR</name>
	<ExtendedData><SchemaData schemaUrl="#centrales_solares">
		<SimpleData name="OBJECTID">375</SimpleData>
		<SimpleData name="ID_GE_SOLA">575</SimpleData>
		<SimpleData name="NOMBRE">GR ALCON SOLAR</SimpleData>
		<SimpleData name="PROPIEDAD">GR LLEUQUE SPA</SimpleData>
		<SimpleData name="TIPO">FOTOVOLTAICO</SimpleData>
		<SimpleData name="MEDIO_GENE">PMGD</SimpleData>
		<SimpleData name="COMBUSTIBL">NO APLICA</SimpleData>
		<SimpleData name="POTENCIAMW">9</SimpleData>
		<SimpleData name="UNIDADES">0</SimpleData>
		<SimpleData name="RCA">025/2020</SimpleData>
		<SimpleData name="SIST_ELECT">SEN</SimpleData>
		<SimpleData name="ESTADO">OPERATIVA</SimpleData>
		<SimpleData name="F_OPERACIO">1655424000000</SimpleData>
		<SimpleData name="COORD_ESTE">248140</SimpleData>
		<SimpleData name="COORD_NORT">6192180</SimpleData>
		<SimpleData name="HUSO">19 SUR</SimpleData>
		<SimpleData name="DATUM">WGS 1984</SimpleData>
		<SimpleData name="REGION">06</SimpleData>
		<SimpleData name="PROVINCIA">062</SimpleData>
		<SimpleData name="COMUNA">06204</SimpleData>
		<SimpleData name="FUENTE_BAS">CNE</SimpleData>
		<SimpleData name="FECH_CREA">1577750400000</SimpleData>
		<SimpleData name="FECH_ACT">1688083200000</SimpleData>
	</SchemaData></ExtendedData>
      <Point><coordinates>-71.739213024,-34.381152342</coordinates></Point>
  </Placemark>
  <Placemark id="centrales_solares.376">
	<name>EL PELICANO</name>
	<ExtendedData><SchemaData schemaUrl="#centrales_solares">
		<SimpleData name="OBJECTID">376</SimpleData>
		<SimpleData name="ID_GE_SOLA">141</SimpleData>
		<SimpleData name="NOMBRE">EL PELICANO</SimpleData>
		<SimpleData name="PROPIEDAD">EL PELICANO SOLAR SPA</SimpleData>
		<SimpleData name="TIPO">FOTOVOLTAICO</SimpleData>
		<SimpleData name="COMBUSTIBL">NO APLICA</SimpleData>
		<SimpleData name="POTENCIAMW">105.032</SimpleData>
		<SimpleData name="UNIDADES">0</SimpleData>
		<SimpleData name="RCA">200/2015</SimpleData>
		<SimpleData name="SIST_ELECT">SEN</SimpleData>
		<SimpleData name="ESTADO">OPERATIVA</SimpleData>
		<SimpleData name="F_OPERACIO">1536796800000</SimpleData>
		<SimpleData name="COORD_ESTE">318005</SimpleData>
		<SimpleData name="COORD_NORT">6774374</SimpleData>
		<SimpleData name="HUSO">19 SUR</SimpleData>
		<SimpleData name="DATUM">WGS 1984</SimpleData>
		<SimpleData name="REGION">04</SimpleData>
		<SimpleData name="PROVINCIA">041</SimpleData>
		<SimpleData name="COMUNA">04104</SimpleData>
		<SimpleData name="FUENTE_BAS">CNE</SimpleData>
		<SimpleData name="FECH_CREA">1438560000000</SimpleData>
		<SimpleData name="FECH_ACT">1688083200000</SimpleData>
	</SchemaData></ExtendedData>
      <Point><coordinates>-70.870995346,-29.146154173</coordinates></Point>
  </Placemark>
  <Placemark id="centrales_solares.377">
	<name>VALLE SOLAR ESTE II</name>
	<ExtendedData><SchemaData schemaUrl="#centrales_solares">
		<SimpleData name="OBJECTID">377</SimpleData>
		<SimpleData name="ID_GE_SOLA">456</SimpleData>
		<SimpleData name="NOMBRE">VALLE SOLAR ESTE II</SimpleData>
		<SimpleData name="PROPIEDAD">SINERGIA SOLAR SPA</SimpleData>
		<SimpleData name="TIPO">FOTOVOLTAICO</SimpleData>
		<SimpleData name="MEDIO_GENE">PMGD</SimpleData>
		<SimpleData name="COMBUSTIBL">NO APLICA</SimpleData>
		<SimpleData name="POTENCIAMW">8.992</SimpleData>
		<SimpleData name="UNIDADES">0</SimpleData>
		<SimpleData name="RCA">202/2015</SimpleData>
		<SimpleData name="SIST_ELECT">SEN</SimpleData>
		<SimpleData name="ESTADO">OPERATIVA</SimpleData>
		<SimpleData name="F_OPERACIO">1550016000000</SimpleData>
		<SimpleData name="COORD_ESTE">362381</SimpleData>
		<SimpleData name="COORD_NORT">6974010</SimpleData>
		<SimpleData name="HUSO">19 SUR</SimpleData>
		<SimpleData name="DATUM">WGS 1984</SimpleData>
		<SimpleData name="REGION">03</SimpleData>
		<SimpleData name="PROVINCIA">031</SimpleData>
		<SimpleData name="COMUNA">03101</SimpleData>
		<SimpleData name="FUENTE_BAS">CNE</SimpleData>
		<SimpleData name="FECH_CREA">1469577600000</SimpleData>
		<SimpleData name="FECH_ACT">1688083200000</SimpleData>
	</SchemaData></ExtendedData>
      <Point><coordinates>-70.391332273,-27.350183315</coordinates></Point>
  </Placemark>
  <Placemark id="centrales_solares.378">
	<name>TORTOLAS DEL VERANO</name>
	<ExtendedData><SchemaData schemaUrl="#centrales_solares">
		<SimpleData name="OBJECTID">378</SimpleData>
		<SimpleData name="ID_GE_SOLA">972</SimpleData>
		<SimpleData name="NOMBRE">TORTOLAS DEL VERANO</SimpleData>
		<SimpleData name="PROPIEDAD">CALBUCO DE VERANO SPA</SimpleData>
		<SimpleData name="TIPO">FOTOVOLTAICO</SimpleData>
		<SimpleData name="MEDIO_GENE">PMGD</SimpleData>
		<SimpleData name="COMBUSTIBL">NO APLICA</SimpleData>
		<SimpleData name="POTENCIAMW">3</SimpleData>
		<SimpleData name="UNIDADES">0</SimpleData>
		<SimpleData name="RCA">NO APLICA</SimpleData>
		<SimpleData name="SIST_ELECT">SEN</SimpleData>
		<SimpleData name="ESTADO">OPERATIVA</SimpleData>
		<SimpleData name="F_OPERACIO">1642550400000</SimpleData>
		<SimpleData name="COORD_ESTE">357168</SimpleData>
		<SimpleData name="COORD_NORT">6360831</SimpleData>
		<SimpleData name="HUSO">19 SUR</SimpleData>
		<SimpleData name="DATUM">WGS 1984</SimpleData>
		<SimpleData name="REGION">05</SimpleData>
		<SimpleData name="PROVINCIA">053</SimpleData>
		<SimpleData name="COMUNA">05301</SimpleData>
		<SimpleData name="FUENTE_BAS">CNE</SimpleData>
		<SimpleData name="FECH_CREA">1625011200000</SimpleData>
		<SimpleData name="FECH_ACT">1688083200000</SimpleData>
	</SchemaData></ExtendedData>
      <Point><coordinates>-70.526876374,-32.88136895</coordinates></Point>
  </Placemark>
  <Placemark id="centrales_solares.379">
	<name>HUATACONDO</name>
	<ExtendedData><SchemaData schemaUrl="#centrales_solares">
		<SimpleData name="OBJECTID">379</SimpleData>
		<SimpleData name="ID_GE_SOLA">185</SimpleData>
		<SimpleData name="NOMBRE">HUATACONDO</SimpleData>
		<SimpleData name="PROPIEDAD">AUSTRIAN SOLAR CHILE CUATRO SPA</SimpleData>
		<SimpleData name="TIPO">FOTOVOLTAICO</SimpleData>
		<SimpleData name="COMBUSTIBL">NO APLICA</SimpleData>
		<SimpleData name="POTENCIAMW">88.1</SimpleData>
		<SimpleData name="UNIDADES">0</SimpleData>
		<SimpleData name="RCA">070/2013</SimpleData>
		<SimpleData name="SIST_ELECT">SEN</SimpleData>
		<SimpleData name="ESTADO">OPERATIVA</SimpleData>
		<SimpleData name="F_OPERACIO">1567641600000</SimpleData>
		<SimpleData name="COORD_ESTE">451750</SimpleData>
		<SimpleData name="COORD_NORT">7662750</SimpleData>
		<SimpleData name="HUSO">19 SUR</SimpleData>
		<SimpleData name="DATUM">WGS 1984</SimpleData>
		<SimpleData name="REGION">01</SimpleData>
		<SimpleData name="PROVINCIA">014</SimpleData>
		<SimpleData name="COMUNA">01401</SimpleData>
		<SimpleData name="FUENTE_BAS">CNE</SimpleData>
		<SimpleData name="FECH_CREA">1438560000000</SimpleData>
		<SimpleData name="FECH_ACT">1688083200000</SimpleData>
	</SchemaData></ExtendedData>
      <Point><coordinates>-69.4646779669999,-21.1358210729999</coordinates></Point>
  </Placemark>
  <Placemark id="centrales_solares.380">
	<name>GR PEUMO</name>
	<ExtendedData><SchemaData schemaUrl="#centrales_solares">
		<SimpleData name="OBJECTID">380</SimpleData>
		<SimpleData name="ID_GE_SOLA">368</SimpleData>
		<SimpleData name="NOMBRE">GR PEUMO</SimpleData>
		<SimpleData name="PROPIEDAD">GR CIPRES SPA</SimpleData>
		<SimpleData name="TIPO">FOTOVOLTAICO</SimpleData>
		<SimpleData name="MEDIO_GENE">PMGD</SimpleData>
		<SimpleData name="COMBUSTIBL">NO APLICA</SimpleData>
		<SimpleData name="POTENCIAMW">8</SimpleData>
		<SimpleData name="UNIDADES">0</SimpleData>
		<SimpleData name="RCA">004/2019</SimpleData>
		<SimpleData name="SIST_ELECT">SEN</SimpleData>
		<SimpleData name="ESTADO">OPERATIVA</SimpleData>
		<SimpleData name="F_OPERACIO">1632873600000</SimpleData>
		<SimpleData name="COORD_ESTE">304508</SimpleData>
		<SimpleData name="COORD_NORT">6189574</SimpleData>
		<SimpleData name="HUSO">19 SUR</SimpleData>
		<SimpleData name="DATUM">WGS 1984</SimpleData>
		<SimpleData name="REGION">06</SimpleData>
		<SimpleData name="PROVINCIA">061</SimpleData>
		<SimpleData name="COMUNA">06117</SimpleData>
		<SimpleData name="FUENTE_BAS">CNE</SimpleData>
		<SimpleData name="FECH_CREA">1530316800000</SimpleData>
		<SimpleData name="FECH_ACT">1688083200000</SimpleData>
	</SchemaData></ExtendedData>
      <Point><coordinates>-71.1271787219999,-34.4168254209999</coordinates></Point>
  </Placemark>
  <Placemark id="centrales_solares.381">
	<name>PORTEZUELO</name>
	<ExtendedData><SchemaData schemaUrl="#centrales_solares">
		<SimpleData name="OBJECTID">381</SimpleData>
		<SimpleData name="ID_GE_SOLA">327</SimpleData>
		<SimpleData name="NOMBRE">PORTEZUELO</SimpleData>
		<SimpleData name="PROPIEDAD">PV PORTEZUELOS SPA</SimpleData>
		<SimpleData name="TIPO">FOTOVOLTAICO</SimpleData>
		<SimpleData name="MEDIO_GENE">PMGD</SimpleData>
		<SimpleData name="COMBUSTIBL">NO APLICA</SimpleData>
		<SimpleData name="POTENCIAMW">3</SimpleData>
		<SimpleData name="UNIDADES">0</SimpleData>
		<SimpleData name="RCA">NO APLICA</SimpleData>
		<SimpleData name="SIST_ELECT">SEN</SimpleData>
		<SimpleData name="ESTADO">OPERATIVA</SimpleData>
		<SimpleData name="F_OPERACIO">1516060800000</SimpleData>
		<SimpleData name="COORD_ESTE">262732</SimpleData>
		<SimpleData name="COORD_NORT">6205789</SimpleData>
		<SimpleData name="HUSO">19 SUR</SimpleData>
		<SimpleData name="DATUM">WGS 1984</SimpleData>
		<SimpleData name="REGION">06</SimpleData>
		<SimpleData name="PROVINCIA">062</SimpleData>
		<SimpleData name="COMUNA">06202</SimpleData>
		<SimpleData name="FUENTE_BAS">CNE</SimpleData>
		<SimpleData name="FECH_CREA">1530316800000</SimpleData>
		<SimpleData name="FECH_ACT">1688083200000</SimpleData>
	</SchemaData></ExtendedData>
      <Point><coordinates>-71.576904653,-34.261993826</coordinates></Point>
  </Placemark>
  <Placemark id="centrales_solares.382">
	<name>JAVIERA</name>
	<ExtendedData><SchemaData schemaUrl="#centrales_solares">
		<SimpleData name="OBJECTID">382</SimpleData>
		<SimpleData name="ID_GE_SOLA">406</SimpleData>
		<SimpleData name="NOMBRE">JAVIERA</SimpleData>
		<SimpleData name="PROPIEDAD">JAVIERA SPA</SimpleData>
		<SimpleData name="TIPO">FOTOVOLTAICO</SimpleData>
		<SimpleData name="COMBUSTIBL">NO APLICA</SimpleData>
		<SimpleData name="POTENCIAMW">63.3</SimpleData>
		<SimpleData name="UNIDADES">0</SimpleData>
		<SimpleData name="RCA">045/2014</SimpleData>
		<SimpleData name="SIST_ELECT">SEN</SimpleData>
		<SimpleData name="ESTADO">OPERATIVA</SimpleData>
		<SimpleData name="F_OPERACIO">1431993600000</SimpleData>
		<SimpleData name="COORD_ESTE">378141</SimpleData>
		<SimpleData name="COORD_NORT">7090103</SimpleData>
		<SimpleData name="HUSO">19 SUR</SimpleData>
		<SimpleData name="DATUM">WGS 1984</SimpleData>
		<SimpleData name="REGION">03</SimpleData>
		<SimpleData name="PROVINCIA">032</SimpleData>
		<SimpleData name="COMUNA">03201</SimpleData>
		<SimpleData name="FUENTE_BAS">CNE</SimpleData>
		<SimpleData name="FECH_CREA">1443571200000</SimpleData>
		<SimpleData name="FECH_ACT">1688083200000</SimpleData>
	</SchemaData></ExtendedData>
      <Point><coordinates>-70.2207443029999,-26.303738698</coordinates></Point>
  </Placemark>
  <Placemark id="centrales_solares.383">
	<name>PARQUE SOLAR OVEJERIA</name>
	<ExtendedData><SchemaData schemaUrl="#centrales_solares">
		<SimpleData name="OBJECTID">383</SimpleData>
		<SimpleData name="ID_GE_SOLA">294</SimpleData>
		<SimpleData name="NOMBRE">PARQUE SOLAR OVEJERIA</SimpleData>
		<SimpleData name="PROPIEDAD">COLBUN</SimpleData>
		<SimpleData name="TIPO">FOTOVOLTAICO</SimpleData>
		<SimpleData name="MEDIO_GENE">PMGD</SimpleData>
		<SimpleData name="COMBUSTIBL">NO APLICA</SimpleData>
		<SimpleData name="POTENCIAMW">9</SimpleData>
		<SimpleData name="UNIDADES">0</SimpleData>
		<SimpleData name="RCA">214/2017</SimpleData>
		<SimpleData name="SIST_ELECT">SEN</SimpleData>
		<SimpleData name="ESTADO">OPERATIVA</SimpleData>
		<SimpleData name="F_OPERACIO">1527206400000</SimpleData>
		<SimpleData name="COORD_ESTE">334988</SimpleData>
		<SimpleData name="COORD_NORT">6336799</SimpleData>
		<SimpleData name="HUSO">19 SUR</SimpleData>
		<SimpleData name="DATUM">WGS 1984</SimpleData>
		<SimpleData name="REGION">13</SimpleData>
		<SimpleData name="PROVINCIA">133</SimpleData>
		<SimpleData name="COMUNA">13303</SimpleData>
		<SimpleData name="FUENTE_BAS">CNE</SimpleData>
		<SimpleData name="FECH_CREA">1530316800000</SimpleData>
		<SimpleData name="FECH_ACT">1688083200000</SimpleData>
	</SchemaData></ExtendedData>
      <Point><coordinates>-70.7682060989999,-33.094925065</coordinates></Point>
  </Placemark>
  <Placemark id="centrales_solares.384">
	<name>CONEJO SOLAR</name>
	<ExtendedData><SchemaData schemaUrl="#centrales_solares">
		<SimpleData name="OBJECTID">384</SimpleData>
		<SimpleData name="ID_GE_SOLA">82</SimpleData>
		<SimpleData name="NOMBRE">CONEJO SOLAR</SimpleData>
		<SimpleData name="PROPIEDAD">CONEJO SOLAR SPA</SimpleData>
		<SimpleData name="TIPO">FOTOVOLTAICO</SimpleData>
		<SimpleData name="COMBUSTIBL">NO APLICA</SimpleData>
		<SimpleData name="POTENCIAMW">104</SimpleData>
		<SimpleData name="UNIDADES">0</SimpleData>
		<SimpleData name="RCA">005/2014</SimpleData>
		<SimpleData name="SIST_ELECT">SEN</SimpleData>
		<SimpleData name="ESTADO">OPERATIVA</SimpleData>
		<SimpleData name="F_OPERACIO">1473292800000</SimpleData>
		<SimpleData name="COORD_ESTE">383130</SimpleData>
		<SimpleData name="COORD_NORT">7178721</SimpleData>
		<SimpleData name="HUSO">19 SUR</SimpleData>
		<SimpleData name="DATUM">WGS 1984</SimpleData>
		<SimpleData name="REGION">02</SimpleData>
		<SimpleData name="PROVINCIA">021</SimpleData>
		<SimpleData name="COMUNA">02104</SimpleData>
		<SimpleData name="FUENTE_BAS">CNE</SimpleData>
		<SimpleData name="FECH_CREA">1483142400000</SimpleData>
		<SimpleData name="FECH_ACT">1688083200000</SimpleData>
	</SchemaData></ExtendedData>
      <Point><coordinates>-70.162903313,-25.504103216</coordinates></Point>
  </Placemark>
  <Placemark id="centrales_solares.385">
	<name>DIEGO DE ALMAGRO SUR</name>
	<ExtendedData><SchemaData schemaUrl="#centrales_solares">
		<SimpleData name="OBJECTID">385</SimpleData>
		<SimpleData name="ID_GE_SOLA">100</SimpleData>
		<SimpleData name="NOMBRE">DIEGO DE ALMAGRO SUR</SimpleData>
		<SimpleData name="PROPIEDAD">COLBUN S.A.</SimpleData>
		<SimpleData name="TIPO">FOTOVOLTAICO</SimpleData>
		<SimpleData name="COMBUSTIBL">NO APLICA</SimpleData>
		<SimpleData name="POTENCIAMW">208.945</SimpleData>
		<SimpleData name="UNIDADES">0</SimpleData>
		<SimpleData name="RCA">132/2019</SimpleData>
		<SimpleData name="SIST_ELECT">SEN</SimpleData>
		<SimpleData name="ESTADO">OPERATIVA</SimpleData>
		<SimpleData name="F_OPERACIO">1660003200000</SimpleData>
		<SimpleData name="COORD_ESTE">403303</SimpleData>
		<SimpleData name="COORD_NORT">7058718</SimpleData>
		<SimpleData name="HUSO">19 SUR</SimpleData>
		<SimpleData name="DATUM">WGS 1984</SimpleData>
		<SimpleData name="REGION">03</SimpleData>
		<SimpleData name="PROVINCIA">032</SimpleData>
		<SimpleData name="COMUNA">03202</SimpleData>
		<SimpleData name="FUENTE_BAS">CNE</SimpleData>
		<SimpleData name="FECH_CREA">1469577600000</SimpleData>
		<SimpleData name="FECH_ACT">1688083200000</SimpleData>
	</SchemaData></ExtendedData>
      <Point><coordinates>-69.9710853829999,-26.589006049</coordinates></Point>
  </Placemark>
  <Placemark id="centrales_solares.386">
	<name>SANTA LAURA</name>
	<ExtendedData><SchemaData schemaUrl="#centrales_solares">
		<SimpleData name="OBJECTID">386</SimpleData>
		<SimpleData name="ID_GE_SOLA">374</SimpleData>
		<SimpleData name="NOMBRE">SANTA LAURA</SimpleData>
		<SimpleData name="PROPIEDAD">PARQUE SOLAR SANTA LAURA SPA</SimpleData>
		<SimpleData name="TIPO">FOTOVOLTAICO</SimpleData>
		<SimpleData name="MEDIO_GENE">PMGD</SimpleData>
		<SimpleData name="COMBUSTIBL">NO APLICA</SimpleData>
		<SimpleData name="POTENCIAMW">2.97</SimpleData>
		<SimpleData name="UNIDADES">0</SimpleData>
		<SimpleData name="RCA">NO APLICA</SimpleData>
		<SimpleData name="SIST_ELECT">SEN</SimpleData>
		<SimpleData name="ESTADO">OPERATIVA</SimpleData>
		<SimpleData name="F_OPERACIO">1534464000000</SimpleData>
		<SimpleData name="COORD_ESTE">309027</SimpleData>
		<SimpleData name="COORD_NORT">6413751</SimpleData>
		<SimpleData name="HUSO">19 SUR</SimpleData>
		<SimpleData name="DATUM">WGS 1984</SimpleData>
		<SimpleData name="REGION">05</SimpleData>
		<SimpleData name="PROVINCIA">054</SimpleData>
		<SimpleData name="COMUNA">05402</SimpleData>
		<SimpleData name="FUENTE_BAS">CNE</SimpleData>
		<SimpleData name="FECH_CREA">1530316800000</SimpleData>
		<SimpleData name="FECH_ACT">1688083200000</SimpleData>
	</SchemaData></ExtendedData>
      <Point><coordinates>-71.030448403,-32.396945869</coordinates></Point>
  </Placemark>
  <Placemark id="centrales_solares.387">
	<name>ATACAMA SOLAR II</name>
	<ExtendedData><SchemaData schemaUrl="#centrales_solares">
		<SimpleData name="OBJECTID">387</SimpleData>
		<SimpleData name="ID_GE_SOLA">26</SimpleData>
		<SimpleData name="NOMBRE">ATACAMA SOLAR II</SimpleData>
		<SimpleData name="PROPIEDAD">ATACAMA SOLAR S.A.</SimpleData>
		<SimpleData name="TIPO">FOTOVOLTAICO</SimpleData>
		<SimpleData name="COMBUSTIBL">NO APLICA</SimpleData>
		<SimpleData name="POTENCIAMW">150</SimpleData>
		<SimpleData name="UNIDADES">0</SimpleData>
		<SimpleData name="RCA">060/2011</SimpleData>
		<SimpleData name="SIST_ELECT">SEN</SimpleData>
		<SimpleData name="ESTADO">OPERATIVA</SimpleData>
		<SimpleData name="F_OPERACIO">1619654400000</SimpleData>
		<SimpleData name="COORD_ESTE">451341</SimpleData>
		<SimpleData name="COORD_NORT">7731834</SimpleData>
		<SimpleData name="HUSO">19 SUR</SimpleData>
		<SimpleData name="DATUM">WGS 1984</SimpleData>
		<SimpleData name="REGION">01</SimpleData>
		<SimpleData name="PROVINCIA">014</SimpleData>
		<SimpleData name="COMUNA">01405</SimpleData>
		<SimpleData name="FUENTE_BAS">CNE</SimpleData>
		<SimpleData name="FECH_CREA">1438560000000</SimpleData>
		<SimpleData name="FECH_ACT">1688083200000</SimpleData>
	</SchemaData></ExtendedData>
      <Point><coordinates>-69.466690305,-20.5115995419999</coordinates></Point>
  </Placemark>
  <Placemark id="centrales_solares.388">
	<name>LOS PATOS</name>
	<ExtendedData><SchemaData schemaUrl="#centrales_solares">
		<SimpleData name="OBJECTID">388</SimpleData>
		<SimpleData name="ID_GE_SOLA">253</SimpleData>
		<SimpleData name="NOMBRE">LOS PATOS</SimpleData>
		<SimpleData name="PROPIEDAD">PV LOS PATOS SPA</SimpleData>
		<SimpleData name="TIPO">FOTOVOLTAICO</SimpleData>
		<SimpleData name="MEDIO_GENE">PMGD</SimpleData>
		<SimpleData name="COMBUSTIBL">NO APLICA</SimpleData>
		<SimpleData name="POTENCIAMW">2.9901</SimpleData>
		<SimpleData name="UNIDADES">0</SimpleData>
		<SimpleData name="RCA">NO APLICA</SimpleData>
		<SimpleData name="SIST_ELECT">SEN</SimpleData>
		<SimpleData name="ESTADO">OPERATIVA</SimpleData>
		<SimpleData name="F_OPERACIO">1533772800000</SimpleData>
		<SimpleData name="COORD_ESTE">262483</SimpleData>
		<SimpleData name="COORD_NORT">6086789</SimpleData>
		<SimpleData name="HUSO">19 SUR</SimpleData>
		<SimpleData name="DATUM">WGS 1984</SimpleData>
		<SimpleData name="REGION">07</SimpleData>
		<SimpleData name="PROVINCIA">071</SimpleData>
		<SimpleData name="COMUNA">07110</SimpleData>
		<SimpleData name="FUENTE_BAS">CNE</SimpleData>
		<SimpleData name="FECH_CREA">1522454400000</SimpleData>
		<SimpleData name="FECH_ACT">1688083200000</SimpleData>
	</SchemaData></ExtendedData>
      <Point><coordinates>-71.61323888,-35.3339432239999</coordinates></Point>
  </Placemark>
  <Placemark id="centrales_solares.389">
	<name>COYA</name>
	<ExtendedData><SchemaData schemaUrl="#centrales_solares">
		<SimpleData name="OBJECTID">389</SimpleData>
		<SimpleData name="ID_GE_SOLA">336</SimpleData>
		<SimpleData name="NOMBRE">COYA</SimpleData>
		<SimpleData name="PROPIEDAD">ENGIE ENERGIA CHILE S.A.</SimpleData>
		<SimpleData name="TIPO">FOTOVOLTAICO</SimpleData>
		<SimpleData name="COMBUSTIBL">NO APLICA</SimpleData>
		<SimpleData name="POTENCIAMW">177.68</SimpleData>
		<SimpleData name="UNIDADES">0</SimpleData>
		<SimpleData name="RCA">255/2015</SimpleData>
		<SimpleData name="SIST_ELECT">SEN</SimpleData>
		<SimpleData name="ESTADO">OPERATIVA</SimpleData>
		<SimpleData name="F_OPERACIO">1679616000000</SimpleData>
		<SimpleData name="COORD_ESTE">440815</SimpleData>
		<SimpleData name="COORD_NORT">7539477</SimpleData>
		<SimpleData name="HUSO">19 SUR</SimpleData>
		<SimpleData name="DATUM">WGS 1984</SimpleData>
		<SimpleData name="REGION">02</SimpleData>
		<SimpleData name="PROVINCIA">023</SimpleData>
		<SimpleData name="COMUNA">02302</SimpleData>
		<SimpleData name="FUENTE_BAS">CNE</SimpleData>
		<SimpleData name="FECH_CREA">1438560000000</SimpleData>
		<SimpleData name="FECH_ACT">1688083200000</SimpleData>
	</SchemaData></ExtendedData>
      <Point><coordinates>-69.574384304,-22.2492031319999</coordinates></Point>
  </Placemark>
  <Placemark id="centrales_solares.390">
	<name>LITORAL</name>
	<ExtendedData><SchemaData schemaUrl="#centrales_solares">
		<SimpleData name="OBJECTID">390</SimpleData>
		<SimpleData name="ID_GE_SOLA">601</SimpleData>
		<SimpleData name="NOMBRE">LITORAL</SimpleData>
		<SimpleData name="PROPIEDAD">LITORAL SOLAR SPA</SimpleData>
		<SimpleData name="TIPO">FOTOVOLTAICO</SimpleData>
		<SimpleData name="MEDIO_GENE">PMGD</SimpleData>
		<SimpleData name="COMBUSTIBL">NO APLICA</SimpleData>
		<SimpleData name="POTENCIAMW">9</SimpleData>
		<SimpleData name="UNIDADES">0</SimpleData>
		<SimpleData name="RCA">004/2021</SimpleData>
		<SimpleData name="SIST_ELECT">SEN</SimpleData>
		<SimpleData name="ESTADO">OPERATIVA</SimpleData>
		<SimpleData name="F_OPERACIO">1667606400000</SimpleData>
		<SimpleData name="COORD_ESTE">258015</SimpleData>
		<SimpleData name="COORD_NORT">6299320</SimpleData>
		<SimpleData name="HUSO">19 SUR</SimpleData>
		<SimpleData name="DATUM">WGS 1984</SimpleData>
		<SimpleData name="REGION">05</SimpleData>
		<SimpleData name="PROVINCIA">056</SimpleData>
		<SimpleData name="COMUNA">05604</SimpleData>
		<SimpleData name="FUENTE_BAS">CNE</SimpleData>
		<SimpleData name="FECH_CREA">1577750400000</SimpleData>
		<SimpleData name="FECH_ACT">1688083200000</SimpleData>
	</SchemaData></ExtendedData>
      <Point><coordinates>-71.6024005949999,-33.418217166</coordinates></Point>
  </Placemark>
  <Placemark id="centrales_solares.391">
	<name>EL DIVISADERO</name>
	<ExtendedData><SchemaData schemaUrl="#centrales_solares">
		<SimpleData name="OBJECTID">391</SimpleData>
		<SimpleData name="ID_GE_SOLA">129</SimpleData>
		<SimpleData name="NOMBRE">EL DIVISADERO</SimpleData>
		<SimpleData name="PROPIEDAD">DIVISADERO S.A.</SimpleData>
		<SimpleData name="TIPO">FOTOVOLTAICO</SimpleData>
		<SimpleData name="MEDIO_GENE">PMGD</SimpleData>
		<SimpleData name="COMBUSTIBL">NO APLICA</SimpleData>
		<SimpleData name="POTENCIAMW">2.995</SimpleData>
		<SimpleData name="UNIDADES">0</SimpleData>
		<SimpleData name="RCA">NO APLICA</SimpleData>
		<SimpleData name="SIST_ELECT">SEN</SimpleData>
		<SimpleData name="ESTADO">OPERATIVA</SimpleData>
		<SimpleData name="F_OPERACIO">1470787200000</SimpleData>
		<SimpleData name="COORD_ESTE">296550</SimpleData>
		<SimpleData name="COORD_NORT">6585556</SimpleData>
		<SimpleData name="HUSO">19 SUR</SimpleData>
		<SimpleData name="DATUM">WGS 1984</SimpleData>
		<SimpleData name="REGION">04</SimpleData>
		<SimpleData name="PROVINCIA">043</SimpleData>
		<SimpleData name="COMUNA">04304</SimpleData>
		<SimpleData name="FUENTE_BAS">CNE</SimpleData>
		<SimpleData name="FECH_CREA">1483142400000</SimpleData>
		<SimpleData name="FECH_ACT">1688083200000</SimpleData>
	</SchemaData></ExtendedData>
      <Point><coordinates>-71.127473004,-30.8457446369999</coordinates></Point>
  </Placemark>
  <Placemark id="centrales_solares.392">
	<name>PMGD CAUQUENES</name>
	<ExtendedData><SchemaData schemaUrl="#centrales_solares">
		<SimpleData name="OBJECTID">392</SimpleData>
		<SimpleData name="ID_GE_SOLA">1252</SimpleData>
		<SimpleData name="NOMBRE">PMGD CAUQUENES</SimpleData>
		<SimpleData name="PROPIEDAD">GPG GENERACION DISTRIBUIDA SPA</SimpleData>
		<SimpleData name="TIPO">FOTOVOLTAICO</SimpleData>
		<SimpleData name="MEDIO_GENE">PMGD</SimpleData>
		<SimpleData name="COMBUSTIBL">NO APLICA</SimpleData>
		<SimpleData name="POTENCIAMW">3</SimpleData>
		<SimpleData name="UNIDADES">0</SimpleData>
		<SimpleData name="RCA">NO APLICA</SimpleData>
		<SimpleData name="SIST_ELECT">SEN</SimpleData>
		<SimpleData name="ESTADO">OPERATIVA</SimpleData>
		<SimpleData name="F_OPERACIO">1668124800000</SimpleData>
		<SimpleData name="COORD_ESTE">200615</SimpleData>
		<SimpleData name="COORD_NORT">6018844</SimpleData>
		<SimpleData name="HUSO">19 SUR</SimpleData>
		<SimpleData name="DATUM">WGS 1984</SimpleData>
		<SimpleData name="REGION">07</SimpleData>
		<SimpleData name="PROVINCIA">072</SimpleData>
		<SimpleData name="COMUNA">07201</SimpleData>
		<SimpleData name="FUENTE_BAS">CNE</SimpleData>
		<SimpleData name="FECH_CREA">1656547200000</SimpleData>
		<SimpleData name="FECH_ACT">1688083200000</SimpleData>
	</SchemaData></ExtendedData>
      <Point><coordinates>-72.3182319539999,-35.9289290959999</coordinates></Point>
  </Placemark>
  <Placemark id="centrales_solares.393">
	<name>NAN</name>
	<ExtendedData><SchemaData schemaUrl="#centrales_solares">
		<SimpleData name="OBJECTID">393</SimpleData>
		<SimpleData name="ID_GE_SOLA">759</SimpleData>
		<SimpleData name="NOMBRE">NAN</SimpleData>
		<SimpleData name="PROPIEDAD">GR HORNOPIREN SPA</SimpleData>
		<SimpleData name="TIPO">FOTOVOLTAICO</SimpleData>
		<SimpleData name="MEDIO_GENE">PMGD</SimpleData>
		<SimpleData name="COMBUSTIBL">NO APLICA</SimpleData>
		<SimpleData name="POTENCIAMW">6.7</SimpleData>
		<SimpleData name="UNIDADES">0</SimpleData>
		<SimpleData name="RCA">005/2021</SimpleData>
		<SimpleData name="SIST_ELECT">SEN</SimpleData>
		<SimpleData name="ESTADO">OPERATIVA</SimpleData>
		<SimpleData name="F_OPERACIO">1667347200000</SimpleData>
		<SimpleData name="COORD_ESTE">339181</SimpleData>
		<SimpleData name="COORD_NORT">6230939</SimpleData>
		<SimpleData name="HUSO">19 SUR</SimpleData>
		<SimpleData name="DATUM">WGS 1984</SimpleData>
		<SimpleData name="REGION">06</SimpleData>
		<SimpleData name="PROVINCIA">061</SimpleData>
		<SimpleData name="COMUNA">06106</SimpleData>
		<SimpleData name="FUENTE_BAS">CNE</SimpleData>
		<SimpleData name="FECH_CREA">1593475200000</SimpleData>
		<SimpleData name="FECH_ACT">1688083200000</SimpleData>
	</SchemaData></ExtendedData>
      <Point><coordinates>-70.7423676239999,-34.0499252339999</coordinates></Point>
  </Placemark>
  <Placemark id="centrales_solares.394">
	<name>LA FRONTERA</name>
	<ExtendedData><SchemaData schemaUrl="#centrales_solares">
		<SimpleData name="OBJECTID">394</SimpleData>
		<SimpleData name="ID_GE_SOLA">199</SimpleData>
		<SimpleData name="NOMBRE">LA FRONTERA</SimpleData>
		<SimpleData name="PROPIEDAD">PV LA FRONTERA</SimpleData>
		<SimpleData name="TIPO">FOTOVOLTAICO</SimpleData>
		<SimpleData name="MEDIO_GENE">PMGD</SimpleData>
		<SimpleData name="COMBUSTIBL">NO APLICA</SimpleData>
		<SimpleData name="POTENCIAMW">4.8</SimpleData>
		<SimpleData name="UNIDADES">0</SimpleData>
		<SimpleData name="RCA">259/2016</SimpleData>
		<SimpleData name="SIST_ELECT">SEN</SimpleData>
		<SimpleData name="ESTADO">OPERATIVA</SimpleData>
		<SimpleData name="F_OPERACIO">1513900800000</SimpleData>
		<SimpleData name="COORD_ESTE">246924</SimpleData>
		<SimpleData name="COORD_NORT">6142741</SimpleData>
		<SimpleData name="HUSO">19 SUR</SimpleData>
		<SimpleData name="DATUM">WGS 1984</SimpleData>
		<SimpleData name="REGION">06</SimpleData>
		<SimpleData name="PROVINCIA">063</SimpleData>
		<SimpleData name="COMUNA">06304</SimpleData>
		<SimpleData name="FUENTE_BAS">CNE</SimpleData>
		<SimpleData name="FECH_CREA">1522454400000</SimpleData>
		<SimpleData name="FECH_ACT">1688083200000</SimpleData>
	</SchemaData></ExtendedData>
      <Point><coordinates>-71.767168472,-34.8261793799999</coordinates></Point>
  </Placemark>
  <Placemark id="centrales_solares.395">
	<name>LIPANGUE</name>
	<ExtendedData><SchemaData schemaUrl="#centrales_solares">
		<SimpleData name="OBJECTID">395</SimpleData>
		<SimpleData name="ID_GE_SOLA">236</SimpleData>
		<SimpleData name="NOMBRE">LIPANGUE</SimpleData>
		<SimpleData name="PROPIEDAD">ESPINOS S.A.</SimpleData>
		<SimpleData name="TIPO">FOTOVOLTAICO</SimpleData>
		<SimpleData name="MEDIO_GENE">PMGD</SimpleData>
		<SimpleData name="COMBUSTIBL">NO APLICA</SimpleData>
		<SimpleData name="POTENCIAMW">2.99</SimpleData>
		<SimpleData name="UNIDADES">0</SimpleData>
		<SimpleData name="RCA">NO APLICA</SimpleData>
		<SimpleData name="SIST_ELECT">SEN</SimpleData>
		<SimpleData name="ESTADO">OPERATIVA</SimpleData>
		<SimpleData name="F_OPERACIO">1561507200000</SimpleData>
		<SimpleData name="COORD_ESTE">321580</SimpleData>
		<SimpleData name="COORD_NORT">6309545</SimpleData>
		<SimpleData name="HUSO">19 SUR</SimpleData>
		<SimpleData name="DATUM">WGS 1984</SimpleData>
		<SimpleData name="REGION">13</SimpleData>
		<SimpleData name="PROVINCIA">133</SimpleData>
		<SimpleData name="COMUNA">13302</SimpleData>
		<SimpleData name="FUENTE_BAS">CNE</SimpleData>
		<SimpleData name="FECH_CREA">1546214400000</SimpleData>
		<SimpleData name="FECH_ACT">1688083200000</SimpleData>
	</SchemaData></ExtendedData>
      <Point><coordinates>-70.917166621,-33.3384999039999</coordinates></Point>
  </Placemark>
  <Placemark id="centrales_solares.396">
	<name>CANELILLO</name>
	<ExtendedData><SchemaData schemaUrl="#centrales_solares">
		<SimpleData name="OBJECTID">396</SimpleData>
		<SimpleData name="ID_GE_SOLA">841</SimpleData>
		<SimpleData name="NOMBRE">CANELILLO</SimpleData>
		<SimpleData name="PROPIEDAD">AGRO SOLAR V SPA</SimpleData>
		<SimpleData name="TIPO">FOTOVOLTAICO</SimpleData>
		<SimpleData name="MEDIO_GENE">PMGD</SimpleData>
		<SimpleData name="COMBUSTIBL">NO APLICA</SimpleData>
		<SimpleData name="POTENCIAMW">2.779</SimpleData>
		<SimpleData name="UNIDADES">0</SimpleData>
		<SimpleData name="RCA">NO APLICA</SimpleData>
		<SimpleData name="SIST_ELECT">SEN</SimpleData>
		<SimpleData name="ESTADO">OPERATIVA</SimpleData>
		<SimpleData name="F_OPERACIO">1605139200000</SimpleData>
		<SimpleData name="COORD_ESTE">284975</SimpleData>
		<SimpleData name="COORD_NORT">6490362</SimpleData>
		<SimpleData name="HUSO">19 SUR</SimpleData>
		<SimpleData name="DATUM">WGS 1984</SimpleData>
		<SimpleData name="REGION">04</SimpleData>
		<SimpleData name="PROVINCIA">042</SimpleData>
		<SimpleData name="COMUNA">04201</SimpleData>
		<SimpleData name="FUENTE_BAS">CNE</SimpleData>
		<SimpleData name="FECH_CREA">1593475200000</SimpleData>
		<SimpleData name="FECH_ACT">1688083200000</SimpleData>
	</SchemaData></ExtendedData>
      <Point><coordinates>-71.2688953799999,-31.7019509259999</coordinates></Point>
  </Placemark>
  <Placemark id="centrales_solares.397">
	<name>CURICURA</name>
	<ExtendedData><SchemaData schemaUrl="#centrales_solares">
		<SimpleData name="OBJECTID">397</SimpleData>
		<SimpleData name="ID_GE_SOLA">562</SimpleData>
		<SimpleData name="NOMBRE">CURICURA</SimpleData>
		<SimpleData name="PROPIEDAD">PARQUE SOLAR AURORA SPA</SimpleData>
		<SimpleData name="TIPO">FOTOVOLTAICO</SimpleData>
		<SimpleData name="MEDIO_GENE">PMGD</SimpleData>
		<SimpleData name="COMBUSTIBL">NO APLICA</SimpleData>
		<SimpleData name="POTENCIAMW">9</SimpleData>
		<SimpleData name="UNIDADES">0</SimpleData>
		<SimpleData name="RCA">060/2020</SimpleData>
		<SimpleData name="SIST_ELECT">SEN</SimpleData>
		<SimpleData name="ESTADO">OPERATIVA</SimpleData>
		<SimpleData name="F_OPERACIO">1651449600000</SimpleData>
		<SimpleData name="COORD_ESTE">304332</SimpleData>
		<SimpleData name="COORD_NORT">6133046</SimpleData>
		<SimpleData name="HUSO">19 SUR</SimpleData>
		<SimpleData name="DATUM">WGS 1984</SimpleData>
		<SimpleData name="REGION">07</SimpleData>
		<SimpleData name="PROVINCIA">073</SimpleData>
		<SimpleData name="COMUNA">07306</SimpleData>
		<SimpleData name="FUENTE_BAS">CNE</SimpleData>
		<SimpleData name="FECH_CREA">1577750400000</SimpleData>
		<SimpleData name="FECH_ACT">1688083200000</SimpleData>
	</SchemaData></ExtendedData>
      <Point><coordinates>-71.142172961,-34.9262024569999</coordinates></Point>
  </Placemark>
  <Placemark id="centrales_solares.398">
	<name>PRETTY FIELD</name>
	<ExtendedData><SchemaData schemaUrl="#centrales_solares">
		<SimpleData name="OBJECTID">398</SimpleData>
		<SimpleData name="ID_GE_SOLA">882</SimpleData>
		<SimpleData name="NOMBRE">PRETTY FIELD</SimpleData>
		<SimpleData name="PROPIEDAD">CAMPO LINDO SPA</SimpleData>
		<SimpleData name="TIPO">FOTOVOLTAICO</SimpleData>
		<SimpleData name="MEDIO_GENE">PMGD</SimpleData>
		<SimpleData name="COMBUSTIBL">NO APLICA</SimpleData>
		<SimpleData name="POTENCIAMW">2.78</SimpleData>
		<SimpleData name="UNIDADES">0</SimpleData>
		<SimpleData name="RCA">NO APLICA</SimpleData>
		<SimpleData name="SIST_ELECT">SEN</SimpleData>
		<SimpleData name="ESTADO">OPERATIVA</SimpleData>
		<SimpleData name="F_OPERACIO">1618444800000</SimpleData>
		<SimpleData name="COORD_ESTE">279016</SimpleData>
		<SimpleData name="COORD_NORT">6601782</SimpleData>
		<SimpleData name="HUSO">19 SUR</SimpleData>
		<SimpleData name="DATUM">WGS 1984</SimpleData>
		<SimpleData name="REGION">04</SimpleData>
		<SimpleData name="PROVINCIA">043</SimpleData>
		<SimpleData name="COMUNA">04301</SimpleData>
		<SimpleData name="FUENTE_BAS">CNE</SimpleData>
		<SimpleData name="FECH_CREA">1609372800000</SimpleData>
		<SimpleData name="FECH_ACT">1688083200000</SimpleData>
	</SchemaData></ExtendedData>
      <Point><coordinates>-71.307210057,-30.696306888</coordinates></Point>
  </Placemark>
  <Placemark id="centrales_solares.399">
	<name>PARANAL</name>
	<ExtendedData><SchemaData schemaUrl="#centrales_solares">
		<SimpleData name="OBJECTID">399</SimpleData>
		<SimpleData name="ID_GE_SOLA">896</SimpleData>
		<SimpleData name="NOMBRE">PARANAL</SimpleData>
		<SimpleData name="PROPIEDAD">SAGESA S.A.</SimpleData>
		<SimpleData name="TIPO">FOTOVOLTAICO</SimpleData>
		<SimpleData name="MEDIO_GENE">PMGD</SimpleData>
		<SimpleData name="COMBUSTIBL">NO APLICA</SimpleData>
		<SimpleData name="POTENCIAMW">4</SimpleData>
		<SimpleData name="UNIDADES">0</SimpleData>
		<SimpleData name="RCA">088/2021</SimpleData>
		<SimpleData name="SIST_ELECT">SEN</SimpleData>
		<SimpleData name="ESTADO">OPERATIVA</SimpleData>
		<SimpleData name="F_OPERACIO">1658275200000</SimpleData>
		<SimpleData name="COORD_ESTE">368981</SimpleData>
		<SimpleData name="COORD_NORT">7274465</SimpleData>
		<SimpleData name="HUSO">19 SUR</SimpleData>
		<SimpleData name="DATUM">WGS 1984</SimpleData>
		<SimpleData name="REGION">02</SimpleData>
		<SimpleData name="PROVINCIA">021</SimpleData>
		<SimpleData name="COMUNA">02104</SimpleData>
		<SimpleData name="FUENTE_BAS">CNE</SimpleData>
		<SimpleData name="FECH_CREA">1609372800000</SimpleData>
		<SimpleData name="FECH_ACT">1688083200000</SimpleData>
	</SchemaData></ExtendedData>
      <Point><coordinates>-70.294543736,-24.6384778039999</coordinates></Point>
  </Placemark>
  <Placemark id="centrales_solares.400">
	<name>ITAHUE SOLAR 3</name>
	<ExtendedData><SchemaData schemaUrl="#centrales_solares">
		<SimpleData name="OBJECTID">400</SimpleData>
		<SimpleData name="ID_GE_SOLA">807</SimpleData>
		<SimpleData name="NOMBRE">ITAHUE SOLAR 3</SimpleData>
		<SimpleData name="PROPIEDAD">COBENA ENERGIA SPA</SimpleData>
		<SimpleData name="TIPO">FOTOVOLTAICO</SimpleData>
		<SimpleData name="MEDIO_GENE">PMGD</SimpleData>
		<SimpleData name="COMBUSTIBL">NO APLICA</SimpleData>
		<SimpleData name="POTENCIAMW">2.28</SimpleData>
		<SimpleData name="UNIDADES">0</SimpleData>
		<SimpleData name="RCA">346/2020</SimpleData>
		<SimpleData name="SIST_ELECT">SEN</SimpleData>
		<SimpleData name="ESTADO">OPERATIVA</SimpleData>
		<SimpleData name="F_OPERACIO">1668729600000</SimpleData>
		<SimpleData name="COORD_ESTE">284796</SimpleData>
		<SimpleData name="COORD_NORT">6106857</SimpleData>
		<SimpleData name="HUSO">19 SUR</SimpleData>
		<SimpleData name="DATUM">WGS 1984</SimpleData>
		<SimpleData name="REGION">07</SimpleData>
		<SimpleData name="PROVINCIA">071</SimpleData>
		<SimpleData name="COMUNA">07108</SimpleData>
		<SimpleData name="FUENTE_BAS">CNE</SimpleData>
		<SimpleData name="FECH_CREA">1593475200000</SimpleData>
		<SimpleData name="FECH_ACT">1688083200000</SimpleData>
	</SchemaData></ExtendedData>
      <Point><coordinates>-71.362686577,-35.158200042</coordinates></Point>
  </Placemark>
  <Placemark id="centrales_solares.401">
	<name>LALACKAMA II</name>
	<ExtendedData><SchemaData schemaUrl="#centrales_solares">
		<SimpleData name="OBJECTID">401</SimpleData>
		<SimpleData name="ID_GE_SOLA">215</SimpleData>
		<SimpleData name="NOMBRE">LALACKAMA II</SimpleData>
		<SimpleData name="PROPIEDAD">ENEL GREEN POWER CHILE</SimpleData>
		<SimpleData name="TIPO">FOTOVOLTAICO</SimpleData>
		<SimpleData name="COMBUSTIBL">NO APLICA</SimpleData>
		<SimpleData name="POTENCIAMW">16.4505</SimpleData>
		<SimpleData name="UNIDADES">0</SimpleData>
		<SimpleData name="RCA">089/2013</SimpleData>
		<SimpleData name="SIST_ELECT">SEN</SimpleData>
		<SimpleData name="ESTADO">OPERATIVA</SimpleData>
		<SimpleData name="F_OPERACIO">1440979200000</SimpleData>
		<SimpleData name="COORD_ESTE">367930</SimpleData>
		<SimpleData name="COORD_NORT">7222354</SimpleData>
		<SimpleData name="HUSO">19 SUR</SimpleData>
		<SimpleData name="DATUM">WGS 1984</SimpleData>
		<SimpleData name="REGION">02</SimpleData>
		<SimpleData name="PROVINCIA">021</SimpleData>
		<SimpleData name="COMUNA">02104</SimpleData>
		<SimpleData name="FUENTE_BAS">CNE</SimpleData>
		<SimpleData name="FECH_CREA">1483142400000</SimpleData>
		<SimpleData name="FECH_ACT">1688083200000</SimpleData>
	</SchemaData></ExtendedData>
      <Point><coordinates>-70.3098771259999,-25.1088921809999</coordinates></Point>
  </Placemark>
  <Placemark id="centrales_solares.402">
	<name>MARCHIGUE VII</name>
	<ExtendedData><SchemaData schemaUrl="#centrales_solares">
		<SimpleData name="OBJECTID">402</SimpleData>
		<SimpleData name="ID_GE_SOLA">488</SimpleData>
		<SimpleData name="NOMBRE">MARCHIGUE VII</SimpleData>
		<SimpleData name="PROPIEDAD">MARCHIHUE VII SPA</SimpleData>
		<SimpleData name="TIPO">FOTOVOLTAICO</SimpleData>
		<SimpleData name="MEDIO_GENE">PMGD</SimpleData>
		<SimpleData name="COMBUSTIBL">NO APLICA</SimpleData>
		<SimpleData name="POTENCIAMW">2.95</SimpleData>
		<SimpleData name="UNIDADES">0</SimpleData>
		<SimpleData name="RCA">NO APLICA</SimpleData>
		<SimpleData name="SIST_ELECT">SEN</SimpleData>
		<SimpleData name="ESTADO">OPERATIVA</SimpleData>
		<SimpleData name="F_OPERACIO">1565740800000</SimpleData>
		<SimpleData name="COORD_ESTE">259517</SimpleData>
		<SimpleData name="COORD_NORT">6189712</SimpleData>
		<SimpleData name="HUSO">19 SUR</SimpleData>
		<SimpleData name="DATUM">WGS 1984</SimpleData>
		<SimpleData name="REGION">06</SimpleData>
		<SimpleData name="PROVINCIA">062</SimpleData>
		<SimpleData name="COMUNA">06204</SimpleData>
		<SimpleData name="FUENTE_BAS">CNE</SimpleData>
		<SimpleData name="FECH_CREA">1561852800000</SimpleData>
		<SimpleData name="FECH_ACT">1688083200000</SimpleData>
	</SchemaData></ExtendedData>
      <Point><coordinates>-71.6162860869999,-34.406092905</coordinates></Point>
  </Placemark>
  <Placemark id="centrales_solares.403">
	<name>EL ROMERO</name>
	<ExtendedData><SchemaData schemaUrl="#centrales_solares">
		<SimpleData name="OBJECTID">403</SimpleData>
		<SimpleData name="ID_GE_SOLA">399</SimpleData>
		<SimpleData name="NOMBRE">EL ROMERO</SimpleData>
		<SimpleData name="PROPIEDAD">ACCIONA ENERGIA CHILE S.A.</SimpleData>
		<SimpleData name="TIPO">FOTOVOLTAICO</SimpleData>
		<SimpleData name="COMBUSTIBL">NO APLICA</SimpleData>
		<SimpleData name="POTENCIAMW">196</SimpleData>
		<SimpleData name="UNIDADES">0</SimpleData>
		<SimpleData name="RCA">052/2014</SimpleData>
		<SimpleData name="SIST_ELECT">SEN</SimpleData>
		<SimpleData name="ESTADO">OPERATIVA</SimpleData>
		<SimpleData name="F_OPERACIO">1488499200000</SimpleData>
		<SimpleData name="COORD_ESTE">314346</SimpleData>
		<SimpleData name="COORD_NORT">6778380</SimpleData>
		<SimpleData name="HUSO">19 SUR</SimpleData>
		<SimpleData name="DATUM">WGS 1984</SimpleData>
		<SimpleData name="REGION">03</SimpleData>
		<SimpleData name="PROVINCIA">033</SimpleData>
		<SimpleData name="COMUNA">03301</SimpleData>
		<SimpleData name="FUENTE_BAS">CNE</SimpleData>
		<SimpleData name="FECH_CREA">1498780800000</SimpleData>
		<SimpleData name="FECH_ACT">1688083200000</SimpleData>
	</SchemaData></ExtendedData>
      <Point><coordinates>-70.907927039,-29.1094865379999</coordinates></Point>
  </Placemark>
  <Placemark id="centrales_solares.404">
	<name>MARCHIGUE II</name>
	<ExtendedData><SchemaData schemaUrl="#centrales_solares">
		<SimpleData name="OBJECTID">404</SimpleData>
		<SimpleData name="ID_GE_SOLA">307</SimpleData>
		<SimpleData name="NOMBRE">MARCHIGUE II</SimpleData>
		<SimpleData name="PROPIEDAD">GR CANELO SPA</SimpleData>
		<SimpleData name="TIPO">FOTOVOLTAICO</SimpleData>
		<SimpleData name="MEDIO_GENE">PMGD</SimpleData>
		<SimpleData name="COMBUSTIBL">NO APLICA</SimpleData>
		<SimpleData name="POTENCIAMW">8.9293</SimpleData>
		<SimpleData name="UNIDADES">0</SimpleData>
		<SimpleData name="RCA">048/2016</SimpleData>
		<SimpleData name="SIST_ELECT">SEN</SimpleData>
		<SimpleData name="ESTADO">OPERATIVA</SimpleData>
		<SimpleData name="F_OPERACIO">1490918400000</SimpleData>
		<SimpleData name="COORD_ESTE">254937</SimpleData>
		<SimpleData name="COORD_NORT">6189526</SimpleData>
		<SimpleData name="HUSO">19 SUR</SimpleData>
		<SimpleData name="DATUM">WGS 1984</SimpleData>
		<SimpleData name="REGION">06</SimpleData>
		<SimpleData name="PROVINCIA">062</SimpleData>
		<SimpleData name="COMUNA">06204</SimpleData>
		<SimpleData name="FUENTE_BAS">CNE</SimpleData>
		<SimpleData name="FECH_CREA">1506729600000</SimpleData>
		<SimpleData name="FECH_ACT">1688083200000</SimpleData>
	</SchemaData></ExtendedData>
      <Point><coordinates>-71.666119349,-34.406693022</coordinates></Point>
  </Placemark>
  <Placemark id="centrales_solares.405">
	<name>LA HUAYCA II</name>
	<ExtendedData><SchemaData schemaUrl="#centrales_solares">
		<SimpleData name="OBJECTID">405</SimpleData>
		<SimpleData name="ID_GE_SOLA">421</SimpleData>
		<SimpleData name="NOMBRE">LA HUAYCA II</SimpleData>
		<SimpleData name="PROPIEDAD">SPS LA HUAYCA S.A.</SimpleData>
		<SimpleData name="TIPO">FOTOVOLTAICO</SimpleData>
		<SimpleData name="COMBUSTIBL">NO APLICA</SimpleData>
		<SimpleData name="POTENCIAMW">25.05</SimpleData>
		<SimpleData name="UNIDADES">0</SimpleData>
		<SimpleData name="RCA">099/2013</SimpleData>
		<SimpleData name="SIST_ELECT">SEN</SimpleData>
		<SimpleData name="ESTADO">OPERATIVA</SimpleData>
		<SimpleData name="F_OPERACIO">1528070400000</SimpleData>
		<SimpleData name="COORD_ESTE">444301</SimpleData>
		<SimpleData name="COORD_NORT">7738125</SimpleData>
		<SimpleData name="HUSO">19 SUR</SimpleData>
		<SimpleData name="DATUM">WGS 1984</SimpleData>
		<SimpleData name="REGION">01</SimpleData>
		<SimpleData name="PROVINCIA">014</SimpleData>
		<SimpleData name="COMUNA">01401</SimpleData>
		<SimpleData name="FUENTE_BAS">CNE</SimpleData>
		<SimpleData name="FECH_CREA">1438560000000</SimpleData>
		<SimpleData name="FECH_ACT">1688083200000</SimpleData>
	</SchemaData></ExtendedData>
      <Point><coordinates>-69.534012358,-20.4545606529999</coordinates></Point>
  </Placemark>
  <Placemark id="centrales_solares.406">
	<name>ALBOR SOLAR</name>
	<ExtendedData><SchemaData schemaUrl="#centrales_solares">
		<SimpleData name="OBJECTID">406</SimpleData>
		<SimpleData name="ID_GE_SOLA">1299</SimpleData>
		<SimpleData name="NOMBRE">ALBOR SOLAR</SimpleData>
		<SimpleData name="PROPIEDAD">PARQUE SOLAR ALBOR SPA</SimpleData>
		<SimpleData name="TIPO">FOTOVOLTAICO</SimpleData>
		<SimpleData name="MEDIO_GENE">PMGD</SimpleData>
		<SimpleData name="COMBUSTIBL">NO APLICA</SimpleData>
		<SimpleData name="POTENCIAMW">5.2</SimpleData>
		<SimpleData name="UNIDADES">0</SimpleData>
		<SimpleData name="RCA">044/2021</SimpleData>
		<SimpleData name="SIST_ELECT">SEN</SimpleData>
		<SimpleData name="ESTADO">OPERATIVA</SimpleData>
		<SimpleData name="F_OPERACIO">1675123200000</SimpleData>
		<SimpleData name="COORD_ESTE">216618</SimpleData>
		<SimpleData name="COORD_NORT">5834253</SimpleData>
		<SimpleData name="HUSO">19 SUR</SimpleData>
		<SimpleData name="DATUM">WGS 1984</SimpleData>
		<SimpleData name="REGION">08</SimpleData>
		<SimpleData name="PROVINCIA">083</SimpleData>
		<SimpleData name="COMUNA">08301</SimpleData>
		<SimpleData name="FUENTE_BAS">CNE</SimpleData>
		<SimpleData name="FECH_CREA">1593475200000</SimpleData>
		<SimpleData name="FECH_ACT">1688083200000</SimpleData>
	</SchemaData></ExtendedData>
      <Point><coordinates>-72.2096850409999,-37.5951862219999</coordinates></Point>
  </Placemark>
  <Placemark id="centrales_solares.407">
	<name>LO SIERRA</name>
	<ExtendedData><SchemaData schemaUrl="#centrales_solares">
		<SimpleData name="OBJECTID">407</SimpleData>
		<SimpleData name="ID_GE_SOLA">472</SimpleData>
		<SimpleData name="NOMBRE">LO SIERRA</SimpleData>
		<SimpleData name="PROPIEDAD">PARQUE SOLAR H6 SPA</SimpleData>
		<SimpleData name="TIPO">FOTOVOLTAICO</SimpleData>
		<SimpleData name="MEDIO_GENE">PMGD</SimpleData>
		<SimpleData name="COMBUSTIBL">NO APLICA</SimpleData>
		<SimpleData name="POTENCIAMW">2.965</SimpleData>
		<SimpleData name="UNIDADES">0</SimpleData>
		<SimpleData name="RCA">NO APLICA</SimpleData>
		<SimpleData name="SIST_ELECT">SEN</SimpleData>
		<SimpleData name="ESTADO">OPERATIVA</SimpleData>
		<SimpleData name="F_OPERACIO">1562889600000</SimpleData>
		<SimpleData name="COORD_ESTE">284822</SimpleData>
		<SimpleData name="COORD_NORT">6237156</SimpleData>
		<SimpleData name="HUSO">19 SUR</SimpleData>
		<SimpleData name="DATUM">WGS 1984</SimpleData>
		<SimpleData name="REGION">13</SimpleData>
		<SimpleData name="PROVINCIA">135</SimpleData>
		<SimpleData name="COMUNA">13505</SimpleData>
		<SimpleData name="FUENTE_BAS">CNE</SimpleData>
		<SimpleData name="FECH_CREA">1553990400000</SimpleData>
		<SimpleData name="FECH_ACT">1688083200000</SimpleData>
	</SchemaData></ExtendedData>
      <Point><coordinates>-71.329406394,-33.9841469039999</coordinates></Point>
  </Placemark>
  <Placemark id="centrales_solares.408">
	<name>MARIN</name>
	<ExtendedData><SchemaData schemaUrl="#centrales_solares">
		<SimpleData name="OBJECTID">408</SimpleData>
		<SimpleData name="ID_GE_SOLA">271</SimpleData>
		<SimpleData name="NOMBRE">MARIN</SimpleData>
		<SimpleData name="PROPIEDAD">PMGD MAUCO SPA</SimpleData>
		<SimpleData name="TIPO">FOTOVOLTAICO</SimpleData>
		<SimpleData name="MEDIO_GENE">PMGD</SimpleData>
		<SimpleData name="COMBUSTIBL">NO APLICA</SimpleData>
		<SimpleData name="POTENCIAMW">2.9558</SimpleData>
		<SimpleData name="UNIDADES">0</SimpleData>
		<SimpleData name="RCA">NO APLICA</SimpleData>
		<SimpleData name="SIST_ELECT">SEN</SimpleData>
		<SimpleData name="ESTADO">OPERATIVA</SimpleData>
		<SimpleData name="F_OPERACIO">1551225600000</SimpleData>
		<SimpleData name="COORD_ESTE">337545</SimpleData>
		<SimpleData name="COORD_NORT">6370964</SimpleData>
		<SimpleData name="HUSO">19 SUR</SimpleData>
		<SimpleData name="DATUM">WGS 1984</SimpleData>
		<SimpleData name="REGION">05</SimpleData>
		<SimpleData name="PROVINCIA">057</SimpleData>
		<SimpleData name="COMUNA">05701</SimpleData>
		<SimpleData name="FUENTE_BAS">CNE</SimpleData>
		<SimpleData name="FECH_CREA">1522454400000</SimpleData>
		<SimpleData name="FECH_ACT">1688083200000</SimpleData>
	</SchemaData></ExtendedData>
      <Point><coordinates>-70.734790198,-32.787268754</coordinates></Point>
  </Placemark>
  <Placemark id="centrales_solares.409">
	<name>NUEVO QUILLAGUA</name>
	<ExtendedData><SchemaData schemaUrl="#centrales_solares">
		<SimpleData name="OBJECTID">409</SimpleData>
		<SimpleData name="ID_GE_SOLA">346</SimpleData>
		<SimpleData name="NOMBRE">NUEVO QUILLAGUA</SimpleData>
		<SimpleData name="PROPIEDAD">PARQUE SOLAR FOTOVOLTAICO NUEVO QUILLAGUA</SimpleData>
		<SimpleData name="TIPO">FOTOVOLTAICO</SimpleData>
		<SimpleData name="COMBUSTIBL">NO APLICA</SimpleData>
		<SimpleData name="POTENCIAMW">95.052</SimpleData>
		<SimpleData name="UNIDADES">0</SimpleData>
		<SimpleData name="RCA">377/2013</SimpleData>
		<SimpleData name="SIST_ELECT">SEN</SimpleData>
		<SimpleData name="ESTADO">OPERATIVA</SimpleData>
		<SimpleData name="F_OPERACIO">1618963200000</SimpleData>
		<SimpleData name="COORD_ESTE">449383</SimpleData>
		<SimpleData name="COORD_NORT">7605195</SimpleData>
		<SimpleData name="HUSO">19 SUR</SimpleData>
		<SimpleData name="DATUM">WGS 1984</SimpleData>
		<SimpleData name="REGION">02</SimpleData>
		<SimpleData name="PROVINCIA">023</SimpleData>
		<SimpleData name="COMUNA">02302</SimpleData>
		<SimpleData name="FUENTE_BAS">CNE</SimpleData>
		<SimpleData name="FECH_CREA">1438560000000</SimpleData>
		<SimpleData name="FECH_ACT">1688083200000</SimpleData>
	</SchemaData></ExtendedData>
      <Point><coordinates>-69.489199544,-21.655760404</coordinates></Point>
  </Placemark>
  <Placemark id="centrales_solares.410">
	<name>RINCONADA ALCONES</name>
	<ExtendedData><SchemaData schemaUrl="#centrales_solares">
		<SimpleData name="OBJECTID">410</SimpleData>
		<SimpleData name="ID_GE_SOLA">622</SimpleData>
		<SimpleData name="NOMBRE">RINCONADA ALCONES</SimpleData>
		<SimpleData name="PROPIEDAD">FOTOVOLTAICA RAULI SPA</SimpleData>
		<SimpleData name="TIPO">FOTOVOLTAICO</SimpleData>
		<SimpleData name="MEDIO_GENE">PMGD</SimpleData>
		<SimpleData name="COMBUSTIBL">NO APLICA</SimpleData>
		<SimpleData name="POTENCIAMW">9</SimpleData>
		<SimpleData name="UNIDADES">0</SimpleData>
		<SimpleData name="RCA">013/2020</SimpleData>
		<SimpleData name="SIST_ELECT">SEN</SimpleData>
		<SimpleData name="ESTADO">OPERATIVA</SimpleData>
		<SimpleData name="F_OPERACIO">1656892800000</SimpleData>
		<SimpleData name="COORD_ESTE">249880</SimpleData>
		<SimpleData name="COORD_NORT">6192960</SimpleData>
		<SimpleData name="HUSO">19 SUR</SimpleData>
		<SimpleData name="DATUM">WGS 1984</SimpleData>
		<SimpleData name="REGION">06</SimpleData>
		<SimpleData name="PROVINCIA">062</SimpleData>
		<SimpleData name="COMUNA">06204</SimpleData>
		<SimpleData name="FUENTE_BAS">CNE</SimpleData>
		<SimpleData name="FECH_CREA">1577750400000</SimpleData>
		<SimpleData name="FECH_ACT">1688083200000</SimpleData>
	</SchemaData></ExtendedData>
      <Point><coordinates>-71.7200804079999,-34.374547989</coordinates></Point>
  </Placemark>
  <Placemark id="centrales_solares.411">
	<name>TRINIDAD</name>
	<ExtendedData><SchemaData schemaUrl="#centrales_solares">
		<SimpleData name="OBJECTID">411</SimpleData>
		<SimpleData name="ID_GE_SOLA">875</SimpleData>
		<SimpleData name="NOMBRE">TRINIDAD</SimpleData>
		<SimpleData name="PROPIEDAD">CRUCERO SOLAR SPA</SimpleData>
		<SimpleData name="TIPO">FOTOVOLTAICO</SimpleData>
		<SimpleData name="MEDIO_GENE">PMGD</SimpleData>
		<SimpleData name="COMBUSTIBL">NO APLICA</SimpleData>
		<SimpleData name="POTENCIAMW">2.99</SimpleData>
		<SimpleData name="UNIDADES">0</SimpleData>
		<SimpleData name="RCA">NO APLICA</SimpleData>
		<SimpleData name="SIST_ELECT">SEN</SimpleData>
		<SimpleData name="ESTADO">OPERATIVA</SimpleData>
		<SimpleData name="F_OPERACIO">1622678400000</SimpleData>
		<SimpleData name="COORD_ESTE">264013</SimpleData>
		<SimpleData name="COORD_NORT">6197421</SimpleData>
		<SimpleData name="HUSO">19 SUR</SimpleData>
		<SimpleData name="DATUM">WGS 1984</SimpleData>
		<SimpleData name="REGION">06</SimpleData>
		<SimpleData name="PROVINCIA">062</SimpleData>
		<SimpleData name="COMUNA">06204</SimpleData>
		<SimpleData name="FUENTE_BAS">CNE</SimpleData>
		<SimpleData name="FECH_CREA">1609372800000</SimpleData>
		<SimpleData name="FECH_ACT">1688083200000</SimpleData>
	</SchemaData></ExtendedData>
      <Point><coordinates>-71.5652969,-34.337676292</coordinates></Point>
  </Placemark>
  <Placemark id="centrales_solares.412">
	<name>LA CHIMBA BIS</name>
	<ExtendedData><SchemaData schemaUrl="#centrales_solares">
		<SimpleData name="OBJECTID">412</SimpleData>
		<SimpleData name="ID_GE_SOLA">635</SimpleData>
		<SimpleData name="NOMBRE">LA CHIMBA BIS</SimpleData>
		<SimpleData name="PROPIEDAD">LA CHIMBA BIS SPA</SimpleData>
		<SimpleData name="TIPO">FOTOVOLTAICO</SimpleData>
		<SimpleData name="MEDIO_GENE">PMGD</SimpleData>
		<SimpleData name="COMBUSTIBL">NO APLICA</SimpleData>
		<SimpleData name="POTENCIAMW">2.76</SimpleData>
		<SimpleData name="UNIDADES">0</SimpleData>
		<SimpleData name="RCA">NO APLICA</SimpleData>
		<SimpleData name="SIST_ELECT">SEN</SimpleData>
		<SimpleData name="ESTADO">OPERATIVA</SimpleData>
		<SimpleData name="F_OPERACIO">1589500800000</SimpleData>
		<SimpleData name="COORD_ESTE">285842</SimpleData>
		<SimpleData name="COORD_NORT">6606816</SimpleData>
		<SimpleData name="HUSO">19 SUR</SimpleData>
		<SimpleData name="DATUM">WGS 1984</SimpleData>
		<SimpleData name="REGION">04</SimpleData>
		<SimpleData name="PROVINCIA">043</SimpleData>
		<SimpleData name="COMUNA">04301</SimpleData>
		<SimpleData name="FUENTE_BAS">CNE</SimpleData>
		<SimpleData name="FECH_CREA">1593475200000</SimpleData>
		<SimpleData name="FECH_ACT">1688083200000</SimpleData>
	</SchemaData></ExtendedData>
      <Point><coordinates>-71.234943055,-30.652162731</coordinates></Point>
  </Placemark>
  <Placemark id="centrales_solares.413">
	<name>MECO CHILLAN</name>
	<ExtendedData><SchemaData schemaUrl="#centrales_solares">
		<SimpleData name="OBJECTID">413</SimpleData>
		<SimpleData name="ID_GE_SOLA">850</SimpleData>
		<SimpleData name="NOMBRE">MECO CHILLAN</SimpleData>
		<SimpleData name="PROPIEDAD">PARQUE SOLAR MECO CHILLAN SPA</SimpleData>
		<SimpleData name="TIPO">FOTOVOLTAICO</SimpleData>
		<SimpleData name="MEDIO_GENE">PMGD</SimpleData>
		<SimpleData name="COMBUSTIBL">NO APLICA</SimpleData>
		<SimpleData name="POTENCIAMW">6</SimpleData>
		<SimpleData name="UNIDADES">0</SimpleData>
		<SimpleData name="RCA">066/2019</SimpleData>
		<SimpleData name="SIST_ELECT">SEN</SimpleData>
		<SimpleData name="ESTADO">OPERATIVA</SimpleData>
		<SimpleData name="F_OPERACIO">1619827200000</SimpleData>
		<SimpleData name="COORD_ESTE">220226</SimpleData>
		<SimpleData name="COORD_NORT">5928351</SimpleData>
		<SimpleData name="HUSO">19 SUR</SimpleData>
		<SimpleData name="DATUM">WGS 1984</SimpleData>
		<SimpleData name="REGION">16</SimpleData>
		<SimpleData name="PROVINCIA">161</SimpleData>
		<SimpleData name="COMUNA">16102</SimpleData>
		<SimpleData name="FUENTE_BAS">CNE</SimpleData>
		<SimpleData name="FECH_CREA">1609372800000</SimpleData>
		<SimpleData name="FECH_ACT">1688083200000</SimpleData>
	</SchemaData></ExtendedData>
      <Point><coordinates>-72.1336690319999,-36.74936106</coordinates></Point>
  </Placemark>
  <Placemark id="centrales_solares.414">
	<name>DON JORGE</name>
	<ExtendedData><SchemaData schemaUrl="#centrales_solares">
		<SimpleData name="OBJECTID">414</SimpleData>
		<SimpleData name="ID_GE_SOLA">652</SimpleData>
		<SimpleData name="NOMBRE">DON JORGE</SimpleData>
		<SimpleData name="PROPIEDAD">BETEL SPA</SimpleData>
		<SimpleData name="TIPO">FOTOVOLTAICO</SimpleData>
		<SimpleData name="MEDIO_GENE">PMGD</SimpleData>
		<SimpleData name="COMBUSTIBL">NO APLICA</SimpleData>
		<SimpleData name="POTENCIAMW">3</SimpleData>
		<SimpleData name="UNIDADES">0</SimpleData>
		<SimpleData name="RCA">NO APLICA</SimpleData>
		<SimpleData name="SIST_ELECT">SEN</SimpleData>
		<SimpleData name="ESTADO">OPERATIVA</SimpleData>
		<SimpleData name="F_OPERACIO">1605139200000</SimpleData>
		<SimpleData name="COORD_ESTE">271104</SimpleData>
		<SimpleData name="COORD_NORT">6181216</SimpleData>
		<SimpleData name="HUSO">19 SUR</SimpleData>
		<SimpleData name="DATUM">WGS 1984</SimpleData>
		<SimpleData name="REGION">06</SimpleData>
		<SimpleData name="PROVINCIA">063</SimpleData>
		<SimpleData name="COMUNA">06307</SimpleData>
		<SimpleData name="FUENTE_BAS">CNE</SimpleData>
		<SimpleData name="FECH_CREA">1593475200000</SimpleData>
		<SimpleData name="FECH_ACT">1688083200000</SimpleData>
	</SchemaData></ExtendedData>
      <Point><coordinates>-71.492609468,-34.485269917</coordinates></Point>
  </Placemark>
  <Placemark id="centrales_solares.415">
	<name>DARLIN SOLAR</name>
	<ExtendedData><SchemaData schemaUrl="#centrales_solares">
		<SimpleData name="OBJECTID">415</SimpleData>
		<SimpleData name="ID_GE_SOLA">503</SimpleData>
		<SimpleData name="NOMBRE">DARLIN SOLAR</SimpleData>
		<SimpleData name="PROPIEDAD">PMGD DARLIN SPA</SimpleData>
		<SimpleData name="TIPO">FOTOVOLTAICO</SimpleData>
		<SimpleData name="MEDIO_GENE">PMGD</SimpleData>
		<SimpleData name="COMBUSTIBL">NO APLICA</SimpleData>
		<SimpleData name="POTENCIAMW">8.95</SimpleData>
		<SimpleData name="UNIDADES">0</SimpleData>
		<SimpleData name="RCA">525/2018</SimpleData>
		<SimpleData name="SIST_ELECT">SEN</SimpleData>
		<SimpleData name="ESTADO">OPERATIVA</SimpleData>
		<SimpleData name="F_OPERACIO">1585353600000</SimpleData>
		<SimpleData name="COORD_ESTE">328400</SimpleData>
		<SimpleData name="COORD_NORT">6263783</SimpleData>
		<SimpleData name="HUSO">19 SUR</SimpleData>
		<SimpleData name="DATUM">WGS 1984</SimpleData>
		<SimpleData name="REGION">13</SimpleData>
		<SimpleData name="PROVINCIA">136</SimpleData>
		<SimpleData name="COMUNA">13603</SimpleData>
		<SimpleData name="FUENTE_BAS">CNE</SimpleData>
		<SimpleData name="FECH_CREA">1561852800000</SimpleData>
		<SimpleData name="FECH_ACT">1688083200000</SimpleData>
	</SchemaData></ExtendedData>
      <Point><coordinates>-70.852703526,-33.752148161</coordinates></Point>
  </Placemark>
  <Placemark id="centrales_solares.416">
	<name>LOS TAURETES</name>
	<ExtendedData><SchemaData schemaUrl="#centrales_solares">
		<SimpleData name="OBJECTID">416</SimpleData>
		<SimpleData name="ID_GE_SOLA">1147</SimpleData>
		<SimpleData name="NOMBRE">LOS TAURETES</SimpleData>
		<SimpleData name="PROPIEDAD">CVE PROYECTO OCHO SPA</SimpleData>
		<SimpleData name="TIPO">FOTOVOLTAICO</SimpleData>
		<SimpleData name="MEDIO_GENE">PMGD</SimpleData>
		<SimpleData name="COMBUSTIBL">NO APLICA</SimpleData>
		<SimpleData name="POTENCIAMW">2.9</SimpleData>
		<SimpleData name="UNIDADES">0</SimpleData>
		<SimpleData name="RCA">NO APLICA</SimpleData>
		<SimpleData name="SIST_ELECT">SEN</SimpleData>
		<SimpleData name="ESTADO">OPERATIVA</SimpleData>
		<SimpleData name="F_OPERACIO">1678233600000</SimpleData>
		<SimpleData name="COORD_ESTE">341387</SimpleData>
		<SimpleData name="COORD_NORT">6344302</SimpleData>
		<SimpleData name="HUSO">19 SUR</SimpleData>
		<SimpleData name="DATUM">WGS 1984</SimpleData>
		<SimpleData name="REGION">13</SimpleData>
		<SimpleData name="PROVINCIA">133</SimpleData>
		<SimpleData name="COMUNA">13301</SimpleData>
		<SimpleData name="FUENTE_BAS">CNE</SimpleData>
		<SimpleData name="FECH_CREA">1640908800000</SimpleData>
		<SimpleData name="FECH_ACT">1688083200000</SimpleData>
	</SchemaData></ExtendedData>
      <Point><coordinates>-70.6983634869999,-33.0282293559999</coordinates></Point>
  </Placemark>
  <Placemark id="centrales_solares.417">
	<name>ESCORIAL DEL VERANO SOLAR</name>
	<ExtendedData><SchemaData schemaUrl="#centrales_solares">
		<SimpleData name="OBJECTID">417</SimpleData>
		<SimpleData name="ID_GE_SOLA">956</SimpleData>
		<SimpleData name="NOMBRE">ESCORIAL DEL VERANO SOLAR</SimpleData>
		<SimpleData name="PROPIEDAD">CORCOVADO DE VERANO SPA</SimpleData>
		<SimpleData name="TIPO">FOTOVOLTAICO</SimpleData>
		<SimpleData name="MEDIO_GENE">PMGD</SimpleData>
		<SimpleData name="COMBUSTIBL">NO APLICA</SimpleData>
		<SimpleData name="POTENCIAMW">3</SimpleData>
		<SimpleData name="UNIDADES">0</SimpleData>
		<SimpleData name="RCA">NO APLICA</SimpleData>
		<SimpleData name="SIST_ELECT">SEN</SimpleData>
		<SimpleData name="ESTADO">OPERATIVA</SimpleData>
		<SimpleData name="F_OPERACIO">1635552000000</SimpleData>
		<SimpleData name="COORD_ESTE">333365</SimpleData>
		<SimpleData name="COORD_NORT">6376132</SimpleData>
		<SimpleData name="HUSO">19 SUR</SimpleData>
		<SimpleData name="DATUM">WGS 1984</SimpleData>
		<SimpleData name="REGION">05</SimpleData>
		<SimpleData name="PROVINCIA">057</SimpleData>
		<SimpleData name="COMUNA">05704</SimpleData>
		<SimpleData name="FUENTE_BAS">CNE</SimpleData>
		<SimpleData name="FECH_CREA">1622419200000</SimpleData>
		<SimpleData name="FECH_ACT">1688083200000</SimpleData>
	</SchemaData></ExtendedData>
      <Point><coordinates>-70.778481384,-32.7400461299999</coordinates></Point>
  </Placemark>
  <Placemark id="centrales_solares.418">
	<name>QUILAPILUN AMPLIACION</name>
	<ExtendedData><SchemaData schemaUrl="#centrales_solares">
		<SimpleData name="OBJECTID">418</SimpleData>
		<SimpleData name="ID_GE_SOLA">550</SimpleData>
		<SimpleData name="NOMBRE">QUILAPILUN AMPLIACION</SimpleData>
		<SimpleData name="PROPIEDAD">CHUNGUNGO S.A.</SimpleData>
		<SimpleData name="TIPO">FOTOVOLTAICO</SimpleData>
		<SimpleData name="COMBUSTIBL">NO APLICA</SimpleData>
		<SimpleData name="POTENCIAMW">7.1</SimpleData>
		<SimpleData name="UNIDADES">0</SimpleData>
		<SimpleData name="RCA">NO APLICA</SimpleData>
		<SimpleData name="SIST_ELECT">SEN</SimpleData>
		<SimpleData name="ESTADO">OPERATIVA</SimpleData>
		<SimpleData name="F_OPERACIO">1632096000000</SimpleData>
		<SimpleData name="COORD_ESTE">342496</SimpleData>
		<SimpleData name="COORD_NORT">6335950</SimpleData>
		<SimpleData name="HUSO">19 SUR</SimpleData>
		<SimpleData name="DATUM">WGS 1984</SimpleData>
		<SimpleData name="REGION">13</SimpleData>
		<SimpleData name="PROVINCIA">133</SimpleData>
		<SimpleData name="COMUNA">13301</SimpleData>
		<SimpleData name="FUENTE_BAS">CNE</SimpleData>
		<SimpleData name="FECH_CREA">1577750400000</SimpleData>
		<SimpleData name="FECH_ACT">1688083200000</SimpleData>
	</SchemaData></ExtendedData>
      <Point><coordinates>-70.6879305749999,-33.103695021</coordinates></Point>
  </Placemark>
  <Placemark id="centrales_solares.419">
	<name>TRICAHUE II</name>
	<ExtendedData><SchemaData schemaUrl="#centrales_solares">
		<SimpleData name="OBJECTID">419</SimpleData>
		<SimpleData name="ID_GE_SOLA">449</SimpleData>
		<SimpleData name="NOMBRE">TRICAHUE II</SimpleData>
		<SimpleData name="PROPIEDAD">TRICAHUE SOLAR SPA</SimpleData>
		<SimpleData name="TIPO">FOTOVOLTAICO</SimpleData>
		<SimpleData name="MEDIO_GENE">PMGD</SimpleData>
		<SimpleData name="COMBUSTIBL">NO APLICA</SimpleData>
		<SimpleData name="POTENCIAMW">8.98115</SimpleData>
		<SimpleData name="UNIDADES">0</SimpleData>
		<SimpleData name="RCA">005/2018</SimpleData>
		<SimpleData name="SIST_ELECT">SEN</SimpleData>
		<SimpleData name="ESTADO">OPERATIVA</SimpleData>
		<SimpleData name="F_OPERACIO">1569888000000</SimpleData>
		<SimpleData name="COORD_ESTE">332413</SimpleData>
		<SimpleData name="COORD_NORT">6196754</SimpleData>
		<SimpleData name="HUSO">19 SUR</SimpleData>
		<SimpleData name="DATUM">WGS 1984</SimpleData>
		<SimpleData name="REGION">06</SimpleData>
		<SimpleData name="PROVINCIA">061</SimpleData>
		<SimpleData name="COMUNA">06115</SimpleData>
		<SimpleData name="FUENTE_BAS">CNE</SimpleData>
		<SimpleData name="FECH_CREA">1501459200000</SimpleData>
		<SimpleData name="FECH_ACT">1688083200000</SimpleData>
	</SchemaData></ExtendedData>
      <Point><coordinates>-70.8222835839999,-34.357009978</coordinates></Point>
  </Placemark>
  <Placemark id="centrales_solares.420">
	<name>LUNA</name>
	<ExtendedData><SchemaData schemaUrl="#centrales_solares">
		<SimpleData name="OBJECTID">420</SimpleData>
		<SimpleData name="ID_GE_SOLA">260</SimpleData>
		<SimpleData name="NOMBRE">LUNA</SimpleData>
		<SimpleData name="PROPIEDAD">LUNA ENERGY SPA</SimpleData>
		<SimpleData name="TIPO">FOTOVOLTAICO</SimpleData>
		<SimpleData name="MEDIO_GENE">PMGD</SimpleData>
		<SimpleData name="COMBUSTIBL">NO APLICA</SimpleData>
		<SimpleData name="POTENCIAMW">2.7</SimpleData>
		<SimpleData name="UNIDADES">0</SimpleData>
		<SimpleData name="RCA">NO APLICA</SimpleData>
		<SimpleData name="SIST_ELECT">SEN</SimpleData>
		<SimpleData name="ESTADO">OPERATIVA</SimpleData>
		<SimpleData name="F_OPERACIO">1560470400000</SimpleData>
		<SimpleData name="COORD_ESTE">278119</SimpleData>
		<SimpleData name="COORD_NORT">6211449</SimpleData>
		<SimpleData name="HUSO">19 SUR</SimpleData>
		<SimpleData name="DATUM">WGS 1984</SimpleData>
		<SimpleData name="REGION">06</SimpleData>
		<SimpleData name="PROVINCIA">061</SimpleData>
		<SimpleData name="COMUNA">06107</SimpleData>
		<SimpleData name="FUENTE_BAS">CNE</SimpleData>
		<SimpleData name="FECH_CREA">1514678400000</SimpleData>
		<SimpleData name="FECH_ACT">1688083200000</SimpleData>
	</SchemaData></ExtendedData>
      <Point><coordinates>-71.4084714099999,-34.214392881</coordinates></Point>
  </Placemark>
  <Placemark id="centrales_solares.421">
	<name>LA GAMBOINA</name>
	<ExtendedData><SchemaData schemaUrl="#centrales_solares">
		<SimpleData name="OBJECTID">421</SimpleData>
		<SimpleData name="ID_GE_SOLA">995</SimpleData>
		<SimpleData name="NOMBRE">LA GAMBOINA</SimpleData>
		<SimpleData name="PROPIEDAD">PSF LA GAMBOINA SPA</SimpleData>
		<SimpleData name="TIPO">FOTOVOLTAICO</SimpleData>
		<SimpleData name="MEDIO_GENE">PMGD</SimpleData>
		<SimpleData name="COMBUSTIBL">NO APLICA</SimpleData>
		<SimpleData name="POTENCIAMW">5</SimpleData>
		<SimpleData name="UNIDADES">0</SimpleData>
		<SimpleData name="RCA">202106001117/2021</SimpleData>
		<SimpleData name="SIST_ELECT">SEN</SimpleData>
		<SimpleData name="ESTADO">OPERATIVA</SimpleData>
		<SimpleData name="F_OPERACIO">1677715200000</SimpleData>
		<SimpleData name="COORD_ESTE">344241</SimpleData>
		<SimpleData name="COORD_NORT">6219457</SimpleData>
		<SimpleData name="HUSO">19 SUR</SimpleData>
		<SimpleData name="DATUM">WGS 1984</SimpleData>
		<SimpleData name="REGION">06</SimpleData>
		<SimpleData name="PROVINCIA">061</SimpleData>
		<SimpleData name="COMUNA">06101</SimpleData>
		<SimpleData name="FUENTE_BAS">CNE</SimpleData>
		<SimpleData name="FECH_CREA">1625011200000</SimpleData>
		<SimpleData name="FECH_ACT">1688083200000</SimpleData>
	</SchemaData></ExtendedData>
      <Point><coordinates>-70.689623749,-34.154198347</coordinates></Point>
  </Placemark>
  <Placemark id="centrales_solares.422">
	<name>CAMPOS DEL SOL</name>
	<ExtendedData><SchemaData schemaUrl="#centrales_solares">
		<SimpleData name="OBJECTID">422</SimpleData>
		<SimpleData name="ID_GE_SOLA">51</SimpleData>
		<SimpleData name="NOMBRE">CAMPOS DEL SOL</SimpleData>
		<SimpleData name="PROPIEDAD">ENEL GREEN POWER DEL SUR SPA</SimpleData>
		<SimpleData name="TIPO">FOTOVOLTAICO</SimpleData>
		<SimpleData name="COMBUSTIBL">NO APLICA</SimpleData>
		<SimpleData name="POTENCIAMW">380.87</SimpleData>
		<SimpleData name="UNIDADES">0</SimpleData>
		<SimpleData name="RCA">214/2014</SimpleData>
		<SimpleData name="SIST_ELECT">SEN</SimpleData>
		<SimpleData name="ESTADO">OPERATIVA</SimpleData>
		<SimpleData name="F_OPERACIO">1674000000000</SimpleData>
		<SimpleData name="COORD_ESTE">409977</SimpleData>
		<SimpleData name="COORD_NORT">7006086</SimpleData>
		<SimpleData name="HUSO">19 SUR</SimpleData>
		<SimpleData name="DATUM">WGS 1984</SimpleData>
		<SimpleData name="REGION">03</SimpleData>
		<SimpleData name="PROVINCIA">031</SimpleData>
		<SimpleData name="COMUNA">03101</SimpleData>
		<SimpleData name="FUENTE_BAS">CNE</SimpleData>
		<SimpleData name="FECH_CREA">1438560000000</SimpleData>
		<SimpleData name="FECH_ACT">1688083200000</SimpleData>
	</SchemaData></ExtendedData>
      <Point><coordinates>-69.9078478709999,-27.0645924029999</coordinates></Point>
  </Placemark>
  <Placemark id="centrales_solares.423">
	<name>CKILIR</name>
	<ExtendedData><SchemaData schemaUrl="#centrales_solares">
		<SimpleData name="OBJECTID">423</SimpleData>
		<SimpleData name="ID_GE_SOLA">517</SimpleData>
		<SimpleData name="NOMBRE">CKILIR</SimpleData>
		<SimpleData name="PROPIEDAD">CE URIBE ANTOFAGASTA SOLAR SPA</SimpleData>
		<SimpleData name="TIPO">FOTOVOLTAICO</SimpleData>
		<SimpleData name="MEDIO_GENE">PMGD</SimpleData>
		<SimpleData name="COMBUSTIBL">NO APLICA</SimpleData>
		<SimpleData name="POTENCIAMW">9</SimpleData>
		<SimpleData name="UNIDADES">0</SimpleData>
		<SimpleData name="RCA">068/2020</SimpleData>
		<SimpleData name="SIST_ELECT">SEN</SimpleData>
		<SimpleData name="ESTADO">OPERATIVA</SimpleData>
		<SimpleData name="F_OPERACIO">1660780800000</SimpleData>
		<SimpleData name="COORD_ESTE">369824</SimpleData>
		<SimpleData name="COORD_NORT">7388686</SimpleData>
		<SimpleData name="HUSO">19 SUR</SimpleData>
		<SimpleData name="DATUM">WGS 1984</SimpleData>
		<SimpleData name="REGION">02</SimpleData>
		<SimpleData name="PROVINCIA">021</SimpleData>
		<SimpleData name="COMUNA">02101</SimpleData>
		<SimpleData name="FUENTE_BAS">CNE</SimpleData>
		<SimpleData name="FECH_CREA">1561852800000</SimpleData>
		<SimpleData name="FECH_ACT">1688083200000</SimpleData>
	</SchemaData></ExtendedData>
      <Point><coordinates>-70.2759448909999,-23.6071480859999</coordinates></Point>
  </Placemark>
  <Placemark id="centrales_solares.424">
	<name>SANTA AMELIA</name>
	<ExtendedData><SchemaData schemaUrl="#centrales_solares">
		<SimpleData name="OBJECTID">424</SimpleData>
		<SimpleData name="ID_GE_SOLA">544</SimpleData>
		<SimpleData name="NOMBRE">SANTA AMELIA</SimpleData>
		<SimpleData name="PROPIEDAD">BETEL SPA</SimpleData>
		<SimpleData name="TIPO">FOTOVOLTAICO</SimpleData>
		<SimpleData name="MEDIO_GENE">PMGD</SimpleData>
		<SimpleData name="COMBUSTIBL">NO APLICA</SimpleData>
		<SimpleData name="POTENCIAMW">3</SimpleData>
		<SimpleData name="UNIDADES">0</SimpleData>
		<SimpleData name="RCA">NO APLICA</SimpleData>
		<SimpleData name="SIST_ELECT">SEN</SimpleData>
		<SimpleData name="ESTADO">OPERATIVA</SimpleData>
		<SimpleData name="F_OPERACIO">1591833600000</SimpleData>
		<SimpleData name="COORD_ESTE">287816</SimpleData>
		<SimpleData name="COORD_NORT">6188381</SimpleData>
		<SimpleData name="HUSO">19 SUR</SimpleData>
		<SimpleData name="DATUM">WGS 1984</SimpleData>
		<SimpleData name="REGION">06</SimpleData>
		<SimpleData name="PROVINCIA">061</SimpleData>
		<SimpleData name="COMUNA">06113</SimpleData>
		<SimpleData name="FUENTE_BAS">CNE</SimpleData>
		<SimpleData name="FECH_CREA">1577750400000</SimpleData>
		<SimpleData name="FECH_ACT">1688083200000</SimpleData>
	</SchemaData></ExtendedData>
      <Point><coordinates>-71.308977693,-34.4242828669999</coordinates></Point>
  </Placemark>
  <Placemark id="centrales_solares.425">
	<name>REXNER</name>
	<ExtendedData><SchemaData schemaUrl="#centrales_solares">
		<SimpleData name="OBJECTID">425</SimpleData>
		<SimpleData name="ID_GE_SOLA">965</SimpleData>
		<SimpleData name="NOMBRE">REXNER</SimpleData>
		<SimpleData name="PROPIEDAD">ENERGIA FIRST SPA</SimpleData>
		<SimpleData name="TIPO">FOTOVOLTAICO</SimpleData>
		<SimpleData name="MEDIO_GENE">PMGD</SimpleData>
		<SimpleData name="COMBUSTIBL">NO APLICA</SimpleData>
		<SimpleData name="POTENCIAMW">3</SimpleData>
		<SimpleData name="UNIDADES">0</SimpleData>
		<SimpleData name="RCA">NO APLICA</SimpleData>
		<SimpleData name="SIST_ELECT">SEN</SimpleData>
		<SimpleData name="ESTADO">OPERATIVA</SimpleData>
		<SimpleData name="F_OPERACIO">1640217600000</SimpleData>
		<SimpleData name="COORD_ESTE">357067</SimpleData>
		<SimpleData name="COORD_NORT">6360700</SimpleData>
		<SimpleData name="HUSO">19 SUR</SimpleData>
		<SimpleData name="DATUM">WGS 1984</SimpleData>
		<SimpleData name="REGION">05</SimpleData>
		<SimpleData name="PROVINCIA">053</SimpleData>
		<SimpleData name="COMUNA">05302</SimpleData>
		<SimpleData name="FUENTE_BAS">CNE</SimpleData>
		<SimpleData name="FECH_CREA">1622419200000</SimpleData>
		<SimpleData name="FECH_ACT">1688083200000</SimpleData>
	</SchemaData></ExtendedData>
      <Point><coordinates>-70.5279760079999,-32.882537036</coordinates></Point>
  </Placemark>
  <Placemark id="centrales_solares.426">
	<name>EL SALITRAL</name>
	<ExtendedData><SchemaData schemaUrl="#centrales_solares">
		<SimpleData name="OBJECTID">426</SimpleData>
		<SimpleData name="ID_GE_SOLA">151</SimpleData>
		<SimpleData name="NOMBRE">EL SALITRAL</SimpleData>
		<SimpleData name="PROPIEDAD">PSF EL SALITRAL S.A.</SimpleData>
		<SimpleData name="TIPO">FOTOVOLTAICO</SimpleData>
		<SimpleData name="MEDIO_GENE">PMGD</SimpleData>
		<SimpleData name="COMBUSTIBL">NO APLICA</SimpleData>
		<SimpleData name="POTENCIAMW">2.97</SimpleData>
		<SimpleData name="UNIDADES">0</SimpleData>
		<SimpleData name="RCA">030/2014</SimpleData>
		<SimpleData name="SIST_ELECT">SEN</SimpleData>
		<SimpleData name="ESTADO">OPERATIVA</SimpleData>
		<SimpleData name="F_OPERACIO">1607385600000</SimpleData>
		<SimpleData name="COORD_ESTE">307141</SimpleData>
		<SimpleData name="COORD_NORT">6546176</SimpleData>
		<SimpleData name="HUSO">19 SUR</SimpleData>
		<SimpleData name="DATUM">WGS 1984</SimpleData>
		<SimpleData name="REGION">04</SimpleData>
		<SimpleData name="PROVINCIA">043</SimpleData>
		<SimpleData name="COMUNA">04302</SimpleData>
		<SimpleData name="FUENTE_BAS">CNE</SimpleData>
		<SimpleData name="FECH_CREA">1438560000000</SimpleData>
		<SimpleData name="FECH_ACT">1688083200000</SimpleData>
	</SchemaData></ExtendedData>
      <Point><coordinates>-71.02428073,-31.202627911</coordinates></Point>
  </Placemark>
  <Placemark id="centrales_solares.427">
	<name>GRANJA SOLAR</name>
	<ExtendedData><SchemaData schemaUrl="#centrales_solares">
		<SimpleData name="OBJECTID">427</SimpleData>
		<SimpleData name="ID_GE_SOLA">180</SimpleData>
		<SimpleData name="NOMBRE">GRANJA SOLAR</SimpleData>
		<SimpleData name="PROPIEDAD">MARIA ELENA SOLAR S.A</SimpleData>
		<SimpleData name="TIPO">FOTOVOLTAICO</SimpleData>
		<SimpleData name="COMBUSTIBL">NO APLICA</SimpleData>
		<SimpleData name="POTENCIAMW">105</SimpleData>
		<SimpleData name="UNIDADES">0</SimpleData>
		<SimpleData name="RCA">079/2017</SimpleData>
		<SimpleData name="SIST_ELECT">SEN</SimpleData>
		<SimpleData name="ESTADO">OPERATIVA</SimpleData>
		<SimpleData name="F_OPERACIO">1593475200000</SimpleData>
		<SimpleData name="COORD_ESTE">448346</SimpleData>
		<SimpleData name="COORD_NORT">7698984</SimpleData>
		<SimpleData name="HUSO">19 SUR</SimpleData>
		<SimpleData name="DATUM">WGS 1984</SimpleData>
		<SimpleData name="REGION">01</SimpleData>
		<SimpleData name="PROVINCIA">014</SimpleData>
		<SimpleData name="COMUNA">01401</SimpleData>
		<SimpleData name="FUENTE_BAS">CNE</SimpleData>
		<SimpleData name="FECH_CREA">1483142400000</SimpleData>
		<SimpleData name="FECH_ACT">1688083200000</SimpleData>
	</SchemaData></ExtendedData>
      <Point><coordinates>-69.4963777139999,-20.808341573</coordinates></Point>
  </Placemark>
  <Placemark id="centrales_solares.428">
	<name>SANTA RITA</name>
	<ExtendedData><SchemaData schemaUrl="#centrales_solares">
		<SimpleData name="OBJECTID">428</SimpleData>
		<SimpleData name="ID_GE_SOLA">857</SimpleData>
		<SimpleData name="NOMBRE">SANTA RITA</SimpleData>
		<SimpleData name="PROPIEDAD">PARQUE FOTOVOLTAICO SANTA RITA SOLAR SPA
SPA</SimpleData>
		<SimpleData name="TIPO">FOTOVOLTAICO</SimpleData>
		<SimpleData name="MEDIO_GENE">PMGD</SimpleData>
		<SimpleData name="COMBUSTIBL">NO APLICA</SimpleData>
		<SimpleData name="POTENCIAMW">2.7</SimpleData>
		<SimpleData name="UNIDADES">0</SimpleData>
		<SimpleData name="RCA">NO APLICA</SimpleData>
		<SimpleData name="SIST_ELECT">SEN</SimpleData>
		<SimpleData name="ESTADO">OPERATIVA</SimpleData>
		<SimpleData name="F_OPERACIO">1617926400000</SimpleData>
		<SimpleData name="COORD_ESTE">239617</SimpleData>
		<SimpleData name="COORD_NORT">5951812</SimpleData>
		<SimpleData name="HUSO">19 SUR</SimpleData>
		<SimpleData name="DATUM">WGS 1984</SimpleData>
		<SimpleData name="REGION">16</SimpleData>
		<SimpleData name="PROVINCIA">161</SimpleData>
		<SimpleData name="COMUNA">16101</SimpleData>
		<SimpleData name="FUENTE_BAS">CNE</SimpleData>
		<SimpleData name="FECH_CREA">1609372800000</SimpleData>
		<SimpleData name="FECH_ACT">1688083200000</SimpleData>
	</SchemaData></ExtendedData>
      <Point><coordinates>-71.90877915,-36.543655133</coordinates></Point>
  </Placemark>
  <Placemark id="centrales_solares.429">
	<name>CHACABUCO (RM)</name>
	<ExtendedData><SchemaData schemaUrl="#centrales_solares">
		<SimpleData name="OBJECTID">429</SimpleData>
		<SimpleData name="ID_GE_SOLA">70</SimpleData>
		<SimpleData name="NOMBRE">CHACABUCO (RM)</SimpleData>
		<SimpleData name="PROPIEDAD">CHACABUCO SOLAR SPA</SimpleData>
		<SimpleData name="TIPO">FOTOVOLTAICO</SimpleData>
		<SimpleData name="MEDIO_GENE">PMGD</SimpleData>
		<SimpleData name="COMBUSTIBL">NO APLICA</SimpleData>
		<SimpleData name="POTENCIAMW">9</SimpleData>
		<SimpleData name="UNIDADES">0</SimpleData>
		<SimpleData name="RCA">544/2020</SimpleData>
		<SimpleData name="SIST_ELECT">SEN</SimpleData>
		<SimpleData name="ESTADO">OPERATIVA</SimpleData>
		<SimpleData name="F_OPERACIO">1675468800000</SimpleData>
		<SimpleData name="COORD_ESTE">339971</SimpleData>
		<SimpleData name="COORD_NORT">6343850</SimpleData>
		<SimpleData name="HUSO">19 SUR</SimpleData>
		<SimpleData name="DATUM">WGS 1984</SimpleData>
		<SimpleData name="REGION">13</SimpleData>
		<SimpleData name="PROVINCIA">133</SimpleData>
		<SimpleData name="COMUNA">13301</SimpleData>
		<SimpleData name="FUENTE_BAS">CNE</SimpleData>
		<SimpleData name="FECH_CREA">1546214400000</SimpleData>
		<SimpleData name="FECH_ACT">1688083200000</SimpleData>
	</SchemaData></ExtendedData>
      <Point><coordinates>-70.713598479,-33.0320974649999</coordinates></Point>
  </Placemark>
  <Placemark id="centrales_solares.430">
	<name>LIRIO DEL CAMPO</name>
	<ExtendedData><SchemaData schemaUrl="#centrales_solares">
		<SimpleData name="OBJECTID">430</SimpleData>
		<SimpleData name="ID_GE_SOLA">646</SimpleData>
		<SimpleData name="NOMBRE">LIRIO DEL CAMPO</SimpleData>
		<SimpleData name="PROPIEDAD">LIRIO DE CAMPO SOLAR SPA</SimpleData>
		<SimpleData name="TIPO">FOTOVOLTAICO</SimpleData>
		<SimpleData name="MEDIO_GENE">PMGD</SimpleData>
		<SimpleData name="COMBUSTIBL">NO APLICA</SimpleData>
		<SimpleData name="POTENCIAMW">2.779</SimpleData>
		<SimpleData name="UNIDADES">0</SimpleData>
		<SimpleData name="RCA">NO APLICA</SimpleData>
		<SimpleData name="SIST_ELECT">SEN</SimpleData>
		<SimpleData name="ESTADO">OPERATIVA</SimpleData>
		<SimpleData name="F_OPERACIO">1600214400000</SimpleData>
		<SimpleData name="COORD_ESTE">299300</SimpleData>
		<SimpleData name="COORD_NORT">6280570</SimpleData>
		<SimpleData name="HUSO">19 SUR</SimpleData>
		<SimpleData name="DATUM">WGS 1984</SimpleData>
		<SimpleData name="REGION">13</SimpleData>
		<SimpleData name="PROVINCIA">135</SimpleData>
		<SimpleData name="COMUNA">13501</SimpleData>
		<SimpleData name="FUENTE_BAS">CNE</SimpleData>
		<SimpleData name="FECH_CREA">1593475200000</SimpleData>
		<SimpleData name="FECH_ACT">1688083200000</SimpleData>
	</SchemaData></ExtendedData>
      <Point><coordinates>-71.162911035,-33.5957343319999</coordinates></Point>
  </Placemark>
  <Placemark id="centrales_solares.431">
	<name>SAN FRANCISCO SOLAR</name>
	<ExtendedData><SchemaData schemaUrl="#centrales_solares">
		<SimpleData name="OBJECTID">431</SimpleData>
		<SimpleData name="ID_GE_SOLA">363</SimpleData>
		<SimpleData name="NOMBRE">SAN FRANCISCO SOLAR</SimpleData>
		<SimpleData name="PROPIEDAD">SAN FRANCISCO SOLAR SPA</SimpleData>
		<SimpleData name="TIPO">FOTOVOLTAICO</SimpleData>
		<SimpleData name="MEDIO_GENE">PMGD</SimpleData>
		<SimpleData name="COMBUSTIBL">NO APLICA</SimpleData>
		<SimpleData name="POTENCIAMW">3</SimpleData>
		<SimpleData name="UNIDADES">0</SimpleData>
		<SimpleData name="RCA">NO APLICA</SimpleData>
		<SimpleData name="SIST_ELECT">SEN</SimpleData>
		<SimpleData name="ESTADO">OPERATIVA</SimpleData>
		<SimpleData name="F_OPERACIO">1510099200000</SimpleData>
		<SimpleData name="COORD_ESTE">340899</SimpleData>
		<SimpleData name="COORD_NORT">6342978</SimpleData>
		<SimpleData name="HUSO">19 SUR</SimpleData>
		<SimpleData name="DATUM">WGS 1984</SimpleData>
		<SimpleData name="REGION">13</SimpleData>
		<SimpleData name="PROVINCIA">133</SimpleData>
		<SimpleData name="COMUNA">13301</SimpleData>
		<SimpleData name="FUENTE_BAS">CNE</SimpleData>
		<SimpleData name="FECH_CREA">1522454400000</SimpleData>
		<SimpleData name="FECH_ACT">1688083200000</SimpleData>
	</SchemaData></ExtendedData>
      <Point><coordinates>-70.703816592,-33.040095756</coordinates></Point>
  </Placemark>
  <Placemark id="centrales_solares.432">
	<name>DADINCO</name>
	<ExtendedData><SchemaData schemaUrl="#centrales_solares">
		<SimpleData name="OBJECTID">432</SimpleData>
		<SimpleData name="ID_GE_SOLA">860</SimpleData>
		<SimpleData name="NOMBRE">DADINCO</SimpleData>
		<SimpleData name="PROPIEDAD">FOTOVOLTAICA LENGA SPA</SimpleData>
		<SimpleData name="TIPO">FOTOVOLTAICO</SimpleData>
		<SimpleData name="MEDIO_GENE">PMGD</SimpleData>
		<SimpleData name="COMBUSTIBL">NO APLICA</SimpleData>
		<SimpleData name="POTENCIAMW">3</SimpleData>
		<SimpleData name="UNIDADES">0</SimpleData>
		<SimpleData name="RCA">NO APLICA</SimpleData>
		<SimpleData name="SIST_ELECT">SEN</SimpleData>
		<SimpleData name="ESTADO">OPERATIVA</SimpleData>
		<SimpleData name="F_OPERACIO">1622592000000</SimpleData>
		<SimpleData name="COORD_ESTE">223212</SimpleData>
		<SimpleData name="COORD_NORT">5953224</SimpleData>
		<SimpleData name="HUSO">19 SUR</SimpleData>
		<SimpleData name="DATUM">WGS 1984</SimpleData>
		<SimpleData name="REGION">16</SimpleData>
		<SimpleData name="PROVINCIA">163</SimpleData>
		<SimpleData name="COMUNA">16305</SimpleData>
		<SimpleData name="FUENTE_BAS">CNE</SimpleData>
		<SimpleData name="FECH_CREA">1609372800000</SimpleData>
		<SimpleData name="FECH_ACT">1688083200000</SimpleData>
	</SchemaData></ExtendedData>
      <Point><coordinates>-72.0913012729999,-36.5263353669999</coordinates></Point>
  </Placemark>
  <Placemark id="centrales_solares.433">
	<name>LUMBRERAS</name>
	<ExtendedData><SchemaData schemaUrl="#centrales_solares">
		<SimpleData name="OBJECTID">433</SimpleData>
		<SimpleData name="ID_GE_SOLA">643</SimpleData>
		<SimpleData name="NOMBRE">LUMBRERAS</SimpleData>
		<SimpleData name="PROPIEDAD">BETEL SPA</SimpleData>
		<SimpleData name="TIPO">FOTOVOLTAICO</SimpleData>
		<SimpleData name="MEDIO_GENE">PMGD</SimpleData>
		<SimpleData name="COMBUSTIBL">NO APLICA</SimpleData>
		<SimpleData name="POTENCIAMW">2.994</SimpleData>
		<SimpleData name="UNIDADES">0</SimpleData>
		<SimpleData name="RCA">NO APLICA</SimpleData>
		<SimpleData name="SIST_ELECT">SEN</SimpleData>
		<SimpleData name="ESTADO">OPERATIVA</SimpleData>
		<SimpleData name="F_OPERACIO">1610755200000</SimpleData>
		<SimpleData name="COORD_ESTE">285248</SimpleData>
		<SimpleData name="COORD_NORT">6274580</SimpleData>
		<SimpleData name="HUSO">19 SUR</SimpleData>
		<SimpleData name="DATUM">WGS 1984</SimpleData>
		<SimpleData name="REGION">13</SimpleData>
		<SimpleData name="PROVINCIA">135</SimpleData>
		<SimpleData name="COMUNA">13501</SimpleData>
		<SimpleData name="FUENTE_BAS">CNE</SimpleData>
		<SimpleData name="FECH_CREA">1593475200000</SimpleData>
		<SimpleData name="FECH_ACT">1688083200000</SimpleData>
	</SchemaData></ExtendedData>
      <Point><coordinates>-71.31568709,-33.6469775259999</coordinates></Point>
  </Placemark>
  <Placemark id="centrales_solares.434">
	<name>FV BOLERO</name>
	<ExtendedData><SchemaData schemaUrl="#centrales_solares">
		<SimpleData name="OBJECTID">434</SimpleData>
		<SimpleData name="ID_GE_SOLA">169</SimpleData>
		<SimpleData name="NOMBRE">FV BOLERO</SimpleData>
		<SimpleData name="PROPIEDAD">HELIO ATACAMA TRES SPA</SimpleData>
		<SimpleData name="TIPO">FOTOVOLTAICO</SimpleData>
		<SimpleData name="COMBUSTIBL">NO APLICA</SimpleData>
		<SimpleData name="POTENCIAMW">135.7</SimpleData>
		<SimpleData name="UNIDADES">0</SimpleData>
		<SimpleData name="RCA">187/2012; 235/2012</SimpleData>
		<SimpleData name="SIST_ELECT">SEN</SimpleData>
		<SimpleData name="ESTADO">OPERATIVA</SimpleData>
		<SimpleData name="F_OPERACIO">1522972800000</SimpleData>
		<SimpleData name="COORD_ESTE">458204</SimpleData>
		<SimpleData name="COORD_NORT">7404420</SimpleData>
		<SimpleData name="HUSO">19 SUR</SimpleData>
		<SimpleData name="DATUM">WGS 1984</SimpleData>
		<SimpleData name="REGION">02</SimpleData>
		<SimpleData name="PROVINCIA">021</SimpleData>
		<SimpleData name="COMUNA">02103</SimpleData>
		<SimpleData name="FUENTE_BAS">CNE</SimpleData>
		<SimpleData name="FECH_CREA">1498780800000</SimpleData>
		<SimpleData name="FECH_ACT">1688083200000</SimpleData>
	</SchemaData></ExtendedData>
      <Point><coordinates>-69.409266838,-23.4697323469999</coordinates></Point>
  </Placemark>
  <Placemark id="centrales_solares.435">
	<name>SAN ANTONIO</name>
	<ExtendedData><SchemaData schemaUrl="#centrales_solares">
		<SimpleData name="OBJECTID">435</SimpleData>
		<SimpleData name="ID_GE_SOLA">887</SimpleData>
		<SimpleData name="NOMBRE">SAN ANTONIO</SimpleData>
		<SimpleData name="PROPIEDAD">CUENCA SOLAR SPA.</SimpleData>
		<SimpleData name="TIPO">FOTOVOLTAICO</SimpleData>
		<SimpleData name="MEDIO_GENE">PMGD</SimpleData>
		<SimpleData name="COMBUSTIBL">NO APLICA</SimpleData>
		<SimpleData name="POTENCIAMW">9</SimpleData>
		<SimpleData name="UNIDADES">0</SimpleData>
		<SimpleData name="RCA">241/2019</SimpleData>
		<SimpleData name="SIST_ELECT">SEN</SimpleData>
		<SimpleData name="ESTADO">OPERATIVA</SimpleData>
		<SimpleData name="F_OPERACIO">1639526400000</SimpleData>
		<SimpleData name="COORD_ESTE">270670</SimpleData>
		<SimpleData name="COORD_NORT">6030087</SimpleData>
		<SimpleData name="HUSO">19 SUR</SimpleData>
		<SimpleData name="DATUM">WGS 1984</SimpleData>
		<SimpleData name="REGION">07</SimpleData>
		<SimpleData name="PROVINCIA">074</SimpleData>
		<SimpleData name="COMUNA">07401</SimpleData>
		<SimpleData name="FUENTE_BAS">CNE</SimpleData>
		<SimpleData name="FECH_CREA">1609372800000</SimpleData>
		<SimpleData name="FECH_ACT">1688083200000</SimpleData>
	</SchemaData></ExtendedData>
      <Point><coordinates>-71.539330778,-35.846612939</coordinates></Point>
  </Placemark>
  <Placemark id="centrales_solares.436">
	<name>PARAGUAY</name>
	<ExtendedData><SchemaData schemaUrl="#centrales_solares">
		<SimpleData name="OBJECTID">436</SimpleData>
		<SimpleData name="ID_GE_SOLA">291</SimpleData>
		<SimpleData name="NOMBRE">PARAGUAY</SimpleData>
		<SimpleData name="PROPIEDAD">SPV P4 SPA</SimpleData>
		<SimpleData name="TIPO">FOTOVOLTAICO</SimpleData>
		<SimpleData name="MEDIO_GENE">PMGD</SimpleData>
		<SimpleData name="COMBUSTIBL">NO APLICA</SimpleData>
		<SimpleData name="POTENCIAMW">8.887</SimpleData>
		<SimpleData name="UNIDADES">0</SimpleData>
		<SimpleData name="RCA">080/2018</SimpleData>
		<SimpleData name="SIST_ELECT">SEN</SimpleData>
		<SimpleData name="ESTADO">OPERATIVA</SimpleData>
		<SimpleData name="F_OPERACIO">1580169600000</SimpleData>
		<SimpleData name="COORD_ESTE">287924</SimpleData>
		<SimpleData name="COORD_NORT">6111894</SimpleData>
		<SimpleData name="HUSO">19 SUR</SimpleData>
		<SimpleData name="DATUM">WGS 1984</SimpleData>
		<SimpleData name="REGION">07</SimpleData>
		<SimpleData name="PROVINCIA">073</SimpleData>
		<SimpleData name="COMUNA">07304</SimpleData>
		<SimpleData name="FUENTE_BAS">CNE</SimpleData>
		<SimpleData name="FECH_CREA">1506729600000</SimpleData>
		<SimpleData name="FECH_ACT">1688083200000</SimpleData>
	</SchemaData></ExtendedData>
      <Point><coordinates>-71.327077812,-35.113482521</coordinates></Point>
  </Placemark>
  <Placemark id="centrales_solares.437">
	<name>PFV JOSE SOLER MALLAFRE</name>
	<ExtendedData><SchemaData schemaUrl="#centrales_solares">
		<SimpleData name="OBJECTID">437</SimpleData>
		<SimpleData name="ID_GE_SOLA">491</SimpleData>
		<SimpleData name="NOMBRE">PFV JOSE SOLER MALLAFRE</SimpleData>
		<SimpleData name="PROPIEDAD">FV SANTA LAURA SPA</SimpleData>
		<SimpleData name="TIPO">FOTOVOLTAICO</SimpleData>
		<SimpleData name="MEDIO_GENE">PMGD</SimpleData>
		<SimpleData name="COMBUSTIBL">NO APLICA</SimpleData>
		<SimpleData name="POTENCIAMW">1.33</SimpleData>
		<SimpleData name="UNIDADES">0</SimpleData>
		<SimpleData name="RCA">NO APLICA</SimpleData>
		<SimpleData name="SIST_ELECT">SEN</SimpleData>
		<SimpleData name="ESTADO">OPERATIVA</SimpleData>
		<SimpleData name="F_OPERACIO">1566518400000</SimpleData>
		<SimpleData name="COORD_ESTE">312460</SimpleData>
		<SimpleData name="COORD_NORT">6138100</SimpleData>
		<SimpleData name="HUSO">19 SUR</SimpleData>
		<SimpleData name="DATUM">WGS 1984</SimpleData>
		<SimpleData name="REGION">07</SimpleData>
		<SimpleData name="PROVINCIA">073</SimpleData>
		<SimpleData name="COMUNA">07308</SimpleData>
		<SimpleData name="FUENTE_BAS">CNE</SimpleData>
		<SimpleData name="FECH_CREA">1561852800000</SimpleData>
		<SimpleData name="FECH_ACT">1688083200000</SimpleData>
	</SchemaData></ExtendedData>
      <Point><coordinates>-71.0521055629999,-34.8821929499999</coordinates></Point>
  </Placemark>
  <Placemark id="centrales_solares.438">
	<name>SANTA FE</name>
	<ExtendedData><SchemaData schemaUrl="#centrales_solares">
		<SimpleData name="OBJECTID">438</SimpleData>
		<SimpleData name="ID_GE_SOLA">371</SimpleData>
		<SimpleData name="NOMBRE">SANTA FE</SimpleData>
		<SimpleData name="PROPIEDAD">PARQUE SOLAR SANTA FE SPA</SimpleData>
		<SimpleData name="TIPO">FOTOVOLTAICO</SimpleData>
		<SimpleData name="MEDIO_GENE">PMGD</SimpleData>
		<SimpleData name="COMBUSTIBL">NO APLICA</SimpleData>
		<SimpleData name="POTENCIAMW">8.999</SimpleData>
		<SimpleData name="UNIDADES">0</SimpleData>
		<SimpleData name="RCA">003/2019</SimpleData>
		<SimpleData name="SIST_ELECT">SEN</SimpleData>
		<SimpleData name="ESTADO">OPERATIVA</SimpleData>
		<SimpleData name="F_OPERACIO">1583452800000</SimpleData>
		<SimpleData name="COORD_ESTE">254447</SimpleData>
		<SimpleData name="COORD_NORT">6054429</SimpleData>
		<SimpleData name="HUSO">19 SUR</SimpleData>
		<SimpleData name="DATUM">WGS 1984</SimpleData>
		<SimpleData name="REGION">07</SimpleData>
		<SimpleData name="PROVINCIA">074</SimpleData>
		<SimpleData name="COMUNA">07407</SimpleData>
		<SimpleData name="FUENTE_BAS">CNE</SimpleData>
		<SimpleData name="FECH_CREA">1530316800000</SimpleData>
		<SimpleData name="FECH_ACT">1688083200000</SimpleData>
	</SchemaData></ExtendedData>
      <Point><coordinates>-71.7113431179999,-35.623455217</coordinates></Point>
  </Placemark>
  <Placemark id="centrales_solares.439">
	<name>OLIVILLO</name>
	<ExtendedData><SchemaData schemaUrl="#centrales_solares">
		<SimpleData name="OBJECTID">439</SimpleData>
		<SimpleData name="ID_GE_SOLA">138</SimpleData>
		<SimpleData name="NOMBRE">OLIVILLO</SimpleData>
		<SimpleData name="PROPIEDAD">SOLAR E SPA</SimpleData>
		<SimpleData name="TIPO">FOTOVOLTAICO</SimpleData>
		<SimpleData name="MEDIO_GENE">PMGD</SimpleData>
		<SimpleData name="COMBUSTIBL">NO APLICA</SimpleData>
		<SimpleData name="POTENCIAMW">8.85</SimpleData>
		<SimpleData name="UNIDADES">0</SimpleData>
		<SimpleData name="RCA">110/2017</SimpleData>
		<SimpleData name="SIST_ELECT">SEN</SimpleData>
		<SimpleData name="ESTADO">OPERATIVA</SimpleData>
		<SimpleData name="F_OPERACIO">1545868800000</SimpleData>
		<SimpleData name="COORD_ESTE">277269</SimpleData>
		<SimpleData name="COORD_NORT">6314048</SimpleData>
		<SimpleData name="HUSO">19 SUR</SimpleData>
		<SimpleData name="DATUM">WGS 1984</SimpleData>
		<SimpleData name="REGION">05</SimpleData>
		<SimpleData name="PROVINCIA">051</SimpleData>
		<SimpleData name="COMUNA">05102</SimpleData>
		<SimpleData name="FUENTE_BAS">CNE</SimpleData>
		<SimpleData name="FECH_CREA">1469577600000</SimpleData>
		<SimpleData name="FECH_ACT">1688083200000</SimpleData>
	</SchemaData></ExtendedData>
      <Point><coordinates>-71.39186481,-33.289659463</coordinates></Point>
  </Placemark>
  <Placemark id="centrales_solares.440">
	<name>LLANO DE LLAMPOS</name>
	<ExtendedData><SchemaData schemaUrl="#centrales_solares">
		<SimpleData name="OBJECTID">440</SimpleData>
		<SimpleData name="ID_GE_SOLA">409</SimpleData>
		<SimpleData name="NOMBRE">LLANO DE LLAMPOS</SimpleData>
		<SimpleData name="PROPIEDAD">AMANECER SOLAR SPA</SimpleData>
		<SimpleData name="TIPO">FOTOVOLTAICO</SimpleData>
		<SimpleData name="COMBUSTIBL">NO APLICA</SimpleData>
		<SimpleData name="POTENCIAMW">101.02</SimpleData>
		<SimpleData name="UNIDADES">0</SimpleData>
		<SimpleData name="RCA">119/2013</SimpleData>
		<SimpleData name="SIST_ELECT">SEN</SimpleData>
		<SimpleData name="ESTADO">OPERATIVA</SimpleData>
		<SimpleData name="F_OPERACIO">1398816000000</SimpleData>
		<SimpleData name="COORD_ESTE">383921</SimpleData>
		<SimpleData name="COORD_NORT">7000014</SimpleData>
		<SimpleData name="HUSO">19 SUR</SimpleData>
		<SimpleData name="DATUM">WGS 1984</SimpleData>
		<SimpleData name="REGION">03</SimpleData>
		<SimpleData name="PROVINCIA">031</SimpleData>
		<SimpleData name="COMUNA">03101</SimpleData>
		<SimpleData name="FUENTE_BAS">CNE</SimpleData>
		<SimpleData name="FECH_CREA">1418169600000</SimpleData>
		<SimpleData name="FECH_ACT">1688083200000</SimpleData>
	</SchemaData></ExtendedData>
      <Point><coordinates>-70.1711434009999,-27.117460622</coordinates></Point>
  </Placemark>
  <Placemark id="centrales_solares.441">
	<name>POZO ALMONTE SOLAR III</name>
	<ExtendedData><SchemaData schemaUrl="#centrales_solares">
		<SimpleData name="OBJECTID">441</SimpleData>
		<SimpleData name="ID_GE_SOLA">330</SimpleData>
		<SimpleData name="NOMBRE">POZO ALMONTE SOLAR III</SimpleData>
		<SimpleData name="PROPIEDAD">POZO ALMONTE SOLAR 3 S.A.</SimpleData>
		<SimpleData name="TIPO">FOTOVOLTAICO</SimpleData>
		<SimpleData name="COMBUSTIBL">NO APLICA</SimpleData>
		<SimpleData name="POTENCIAMW">15.998</SimpleData>
		<SimpleData name="UNIDADES">0</SimpleData>
		<SimpleData name="RCA">062/2011</SimpleData>
		<SimpleData name="SIST_ELECT">SEN</SimpleData>
		<SimpleData name="ESTADO">OPERATIVA</SimpleData>
		<SimpleData name="F_OPERACIO">1402099200000</SimpleData>
		<SimpleData name="COORD_ESTE">421642</SimpleData>
		<SimpleData name="COORD_NORT">7760809</SimpleData>
		<SimpleData name="HUSO">19 SUR</SimpleData>
		<SimpleData name="DATUM">WGS 1984</SimpleData>
		<SimpleData name="REGION">01</SimpleData>
		<SimpleData name="PROVINCIA">014</SimpleData>
		<SimpleData name="COMUNA">01401</SimpleData>
		<SimpleData name="FUENTE_BAS">CNE</SimpleData>
		<SimpleData name="FECH_CREA">1418169600000</SimpleData>
		<SimpleData name="FECH_ACT">1688083200000</SimpleData>
	</SchemaData></ExtendedData>
      <Point><coordinates>-69.750252414,-20.248795769</coordinates></Point>
  </Placemark>
  <Placemark id="centrales_solares.442">
	<name>FINIS TERRAE ETAPA I (AMPLIACION)</name>
	<ExtendedData><SchemaData schemaUrl="#centrales_solares">
		<SimpleData name="OBJECTID">442</SimpleData>
		<SimpleData name="ID_GE_SOLA">37</SimpleData>
		<SimpleData name="NOMBRE">FINIS TERRAE ETAPA I (AMPLIACION)</SimpleData>
		<SimpleData name="PROPIEDAD">ENEL GREEN POWER DEL SUR SPA</SimpleData>
		<SimpleData name="TIPO">FOTOVOLTAICO</SimpleData>
		<SimpleData name="COMBUSTIBL">NO APLICA</SimpleData>
		<SimpleData name="POTENCIAMW">126.2</SimpleData>
		<SimpleData name="UNIDADES">0</SimpleData>
		<SimpleData name="RCA">234/2012</SimpleData>
		<SimpleData name="SIST_ELECT">SEN</SimpleData>
		<SimpleData name="ESTADO">OPERATIVA</SimpleData>
		<SimpleData name="F_OPERACIO">1492473600000</SimpleData>
		<SimpleData name="COORD_ESTE">447947</SimpleData>
		<SimpleData name="COORD_NORT">7529697</SimpleData>
		<SimpleData name="HUSO">19 SUR</SimpleData>
		<SimpleData name="DATUM">WGS 1984</SimpleData>
		<SimpleData name="REGION">02</SimpleData>
		<SimpleData name="PROVINCIA">023</SimpleData>
		<SimpleData name="COMUNA">02302</SimpleData>
		<SimpleData name="FUENTE_BAS">CNE</SimpleData>
		<SimpleData name="FECH_CREA">1341014400000</SimpleData>
		<SimpleData name="FECH_ACT">1688083200000</SimpleData>
	</SchemaData></ExtendedData>
      <Point><coordinates>-69.505488842,-22.3377844079999</coordinates></Point>
  </Placemark>
  <Placemark id="centrales_solares.443">
	<name>CRUCERO</name>
	<ExtendedData><SchemaData schemaUrl="#centrales_solares">
		<SimpleData name="OBJECTID">443</SimpleData>
		<SimpleData name="ID_GE_SOLA">90</SimpleData>
		<SimpleData name="NOMBRE">CRUCERO</SimpleData>
		<SimpleData name="PROPIEDAD">CRUCERO SPA</SimpleData>
		<SimpleData name="TIPO">FOTOVOLTAICO</SimpleData>
		<SimpleData name="MEDIO_GENE">PMGD</SimpleData>
		<SimpleData name="COMBUSTIBL">NO APLICA</SimpleData>
		<SimpleData name="POTENCIAMW">2.95</SimpleData>
		<SimpleData name="UNIDADES">0</SimpleData>
		<SimpleData name="RCA">NO APLICA</SimpleData>
		<SimpleData name="SIST_ELECT">SEN</SimpleData>
		<SimpleData name="ESTADO">OPERATIVA</SimpleData>
		<SimpleData name="F_OPERACIO">1564617600000</SimpleData>
		<SimpleData name="COORD_ESTE">270266</SimpleData>
		<SimpleData name="COORD_NORT">6182383</SimpleData>
		<SimpleData name="HUSO">19 SUR</SimpleData>
		<SimpleData name="DATUM">WGS 1984</SimpleData>
		<SimpleData name="REGION">06</SimpleData>
		<SimpleData name="PROVINCIA">063</SimpleData>
		<SimpleData name="COMUNA">06307</SimpleData>
		<SimpleData name="FUENTE_BAS">CNE</SimpleData>
		<SimpleData name="FECH_CREA">1538265600000</SimpleData>
		<SimpleData name="FECH_ACT">1688083200000</SimpleData>
	</SchemaData></ExtendedData>
      <Point><coordinates>-71.50141335,-34.474569292</coordinates></Point>
  </Placemark>
  <Placemark id="centrales_solares.444">
	<name>LAS CABRAS</name>
	<ExtendedData><SchemaData schemaUrl="#centrales_solares">
		<SimpleData name="OBJECTID">444</SimpleData>
		<SimpleData name="ID_GE_SOLA">878</SimpleData>
		<SimpleData name="NOMBRE">LAS CABRAS</SimpleData>
		<SimpleData name="PROPIEDAD">RCL SOLAR SPA</SimpleData>
		<SimpleData name="TIPO">FOTOVOLTAICO</SimpleData>
		<SimpleData name="MEDIO_GENE">PMGD</SimpleData>
		<SimpleData name="COMBUSTIBL">NO APLICA</SimpleData>
		<SimpleData name="POTENCIAMW">2.99</SimpleData>
		<SimpleData name="UNIDADES">0</SimpleData>
		<SimpleData name="RCA">NO APLICA</SimpleData>
		<SimpleData name="SIST_ELECT">SEN</SimpleData>
		<SimpleData name="ESTADO">OPERATIVA</SimpleData>
		<SimpleData name="F_OPERACIO">1623456000000</SimpleData>
		<SimpleData name="COORD_ESTE">286334</SimpleData>
		<SimpleData name="COORD_NORT">6196725</SimpleData>
		<SimpleData name="HUSO">19 SUR</SimpleData>
		<SimpleData name="DATUM">WGS 1984</SimpleData>
		<SimpleData name="REGION">06</SimpleData>
		<SimpleData name="PROVINCIA">061</SimpleData>
		<SimpleData name="COMUNA">06113</SimpleData>
		<SimpleData name="FUENTE_BAS">CNE</SimpleData>
		<SimpleData name="FECH_CREA">1609372800000</SimpleData>
		<SimpleData name="FECH_ACT">1688083200000</SimpleData>
	</SchemaData></ExtendedData>
      <Point><coordinates>-71.323014319,-34.3487903719999</coordinates></Point>
  </Placemark>
  <Placemark id="centrales_solares.445">
	<name>PERALILLO</name>
	<ExtendedData><SchemaData schemaUrl="#centrales_solares">
		<SimpleData name="OBJECTID">445</SimpleData>
		<SimpleData name="ID_GE_SOLA">301</SimpleData>
		<SimpleData name="NOMBRE">PERALILLO</SimpleData>
		<SimpleData name="PROPIEDAD">PARRONAL ENERGY SPA</SimpleData>
		<SimpleData name="TIPO">FOTOVOLTAICO</SimpleData>
		<SimpleData name="MEDIO_GENE">PMGD</SimpleData>
		<SimpleData name="COMBUSTIBL">NO APLICA</SimpleData>
		<SimpleData name="POTENCIAMW">2.9559</SimpleData>
		<SimpleData name="UNIDADES">0</SimpleData>
		<SimpleData name="RCA">NO APLICA</SimpleData>
		<SimpleData name="SIST_ELECT">SEN</SimpleData>
		<SimpleData name="ESTADO">OPERATIVA</SimpleData>
		<SimpleData name="F_OPERACIO">1528761600000</SimpleData>
		<SimpleData name="COORD_ESTE">252633</SimpleData>
		<SimpleData name="COORD_NORT">6119525</SimpleData>
		<SimpleData name="HUSO">19 SUR</SimpleData>
		<SimpleData name="DATUM">WGS 1984</SimpleData>
		<SimpleData name="REGION">07</SimpleData>
		<SimpleData name="PROVINCIA">073</SimpleData>
		<SimpleData name="COMUNA">07302</SimpleData>
		<SimpleData name="FUENTE_BAS">CNE</SimpleData>
		<SimpleData name="FECH_CREA">1514678400000</SimpleData>
		<SimpleData name="FECH_ACT">1688083200000</SimpleData>
	</SchemaData></ExtendedData>
      <Point><coordinates>-71.711685624,-35.036699555</coordinates></Point>
  </Placemark>
  <Placemark id="centrales_solares.446">
	<name>MITCHI</name>
	<ExtendedData><SchemaData schemaUrl="#centrales_solares">
		<SimpleData name="OBJECTID">446</SimpleData>
		<SimpleData name="ID_GE_SOLA">482</SimpleData>
		<SimpleData name="NOMBRE">MITCHI</SimpleData>
		<SimpleData name="PROPIEDAD">GR RUIL SPA</SimpleData>
		<SimpleData name="TIPO">FOTOVOLTAICO</SimpleData>
		<SimpleData name="MEDIO_GENE">PMGD</SimpleData>
		<SimpleData name="COMBUSTIBL">NO APLICA</SimpleData>
		<SimpleData name="POTENCIAMW">9</SimpleData>
		<SimpleData name="UNIDADES">0</SimpleData>
		<SimpleData name="RCA">190/2019</SimpleData>
		<SimpleData name="SIST_ELECT">SEN</SimpleData>
		<SimpleData name="ESTADO">OPERATIVA</SimpleData>
		<SimpleData name="F_OPERACIO">1651622400000</SimpleData>
		<SimpleData name="COORD_ESTE">397009</SimpleData>
		<SimpleData name="COORD_NORT">7407396</SimpleData>
		<SimpleData name="HUSO">19 SUR</SimpleData>
		<SimpleData name="DATUM">WGS 1984</SimpleData>
		<SimpleData name="REGION">02</SimpleData>
		<SimpleData name="PROVINCIA">021</SimpleData>
		<SimpleData name="COMUNA">02101</SimpleData>
		<SimpleData name="FUENTE_BAS">CNE</SimpleData>
		<SimpleData name="FECH_CREA">1553990400000</SimpleData>
		<SimpleData name="FECH_ACT">1688083200000</SimpleData>
	</SchemaData></ExtendedData>
      <Point><coordinates>-70.008234192,-23.4401311089999</coordinates></Point>
  </Placemark>
  <Placemark id="centrales_solares.447">
	<name>IDAHUE DEL VERANO</name>
	<ExtendedData><SchemaData schemaUrl="#centrales_solares">
		<SimpleData name="OBJECTID">447</SimpleData>
		<SimpleData name="ID_GE_SOLA">1156</SimpleData>
		<SimpleData name="NOMBRE">IDAHUE DEL VERANO</SimpleData>
		<SimpleData name="PROPIEDAD">PALPANA DE VERANO SPA</SimpleData>
		<SimpleData name="TIPO">FOTOVOLTAICO</SimpleData>
		<SimpleData name="MEDIO_GENE">PMGD</SimpleData>
		<SimpleData name="COMBUSTIBL">NO APLICA</SimpleData>
		<SimpleData name="POTENCIAMW">3</SimpleData>
		<SimpleData name="UNIDADES">0</SimpleData>
		<SimpleData name="RCA">NO APLICA</SimpleData>
		<SimpleData name="SIST_ELECT">SEN</SimpleData>
		<SimpleData name="ESTADO">OPERATIVA</SimpleData>
		<SimpleData name="F_OPERACIO">1666137600000</SimpleData>
		<SimpleData name="COORD_ESTE">305267</SimpleData>
		<SimpleData name="COORD_NORT">6201489</SimpleData>
		<SimpleData name="HUSO">19 SUR</SimpleData>
		<SimpleData name="DATUM">WGS 1984</SimpleData>
		<SimpleData name="REGION">06</SimpleData>
		<SimpleData name="PROVINCIA">061</SimpleData>
		<SimpleData name="COMUNA">06104</SimpleData>
		<SimpleData name="FUENTE_BAS">CNE</SimpleData>
		<SimpleData name="FECH_CREA">1640908800000</SimpleData>
		<SimpleData name="FECH_ACT">1688083200000</SimpleData>
	</SchemaData></ExtendedData>
      <Point><coordinates>-71.1162224299999,-34.309588291</coordinates></Point>
  </Placemark>
  <Placemark id="centrales_solares.448">
	<name>PALTO SUNLIGHT</name>
	<ExtendedData><SchemaData schemaUrl="#centrales_solares">
		<SimpleData name="OBJECTID">448</SimpleData>
		<SimpleData name="ID_GE_SOLA">836</SimpleData>
		<SimpleData name="NOMBRE">PALTO SUNLIGHT</SimpleData>
		<SimpleData name="PROPIEDAD">PALTO SUNLIGHT SPA</SimpleData>
		<SimpleData name="TIPO">FOTOVOLTAICO</SimpleData>
		<SimpleData name="MEDIO_GENE">PMGD</SimpleData>
		<SimpleData name="COMBUSTIBL">NO APLICA</SimpleData>
		<SimpleData name="POTENCIAMW">9</SimpleData>
		<SimpleData name="UNIDADES">0</SimpleData>
		<SimpleData name="RCA">20210500121/2021</SimpleData>
		<SimpleData name="SIST_ELECT">SEN</SimpleData>
		<SimpleData name="ESTADO">OPERATIVA</SimpleData>
		<SimpleData name="F_OPERACIO">1658275200000</SimpleData>
		<SimpleData name="COORD_ESTE">291615</SimpleData>
		<SimpleData name="COORD_NORT">6351036</SimpleData>
		<SimpleData name="HUSO">19 SUR</SimpleData>
		<SimpleData name="DATUM">WGS 1984</SimpleData>
		<SimpleData name="REGION">05</SimpleData>
		<SimpleData name="PROVINCIA">055</SimpleData>
		<SimpleData name="COMUNA">05501</SimpleData>
		<SimpleData name="FUENTE_BAS">CNE</SimpleData>
		<SimpleData name="FECH_CREA">1593475200000</SimpleData>
		<SimpleData name="FECH_ACT">1688083200000</SimpleData>
	</SchemaData></ExtendedData>
      <Point><coordinates>-71.2294661459999,-32.959143689</coordinates></Point>
  </Placemark>
  <Placemark id="centrales_solares.449">
	<name>ANDES SOLAR</name>
	<ExtendedData><SchemaData schemaUrl="#centrales_solares">
		<SimpleData name="OBJECTID">449</SimpleData>
		<SimpleData name="ID_GE_SOLA">17</SimpleData>
		<SimpleData name="NOMBRE">ANDES SOLAR</SimpleData>
		<SimpleData name="PROPIEDAD">AES ANDES</SimpleData>
		<SimpleData name="TIPO">FOTOVOLTAICO</SimpleData>
		<SimpleData name="COMBUSTIBL">NO APLICA</SimpleData>
		<SimpleData name="POTENCIAMW">21.425</SimpleData>
		<SimpleData name="UNIDADES">0</SimpleData>
		<SimpleData name="RCA">151/2012</SimpleData>
		<SimpleData name="SIST_ELECT">SEN</SimpleData>
		<SimpleData name="ESTADO">OPERATIVA</SimpleData>
		<SimpleData name="F_OPERACIO">1464393600000</SimpleData>
		<SimpleData name="COORD_ESTE">542217</SimpleData>
		<SimpleData name="COORD_NORT">7344765</SimpleData>
		<SimpleData name="HUSO">19 SUR</SimpleData>
		<SimpleData name="DATUM">WGS 1984</SimpleData>
		<SimpleData name="REGION">02</SimpleData>
		<SimpleData name="PROVINCIA">021</SimpleData>
		<SimpleData name="COMUNA">02101</SimpleData>
		<SimpleData name="FUENTE_BAS">CNE</SimpleData>
		<SimpleData name="FECH_CREA">1483142400000</SimpleData>
		<SimpleData name="FECH_ACT">1688083200000</SimpleData>
	</SchemaData></ExtendedData>
      <Point><coordinates>-68.584907147,-24.008546704</coordinates></Point>
  </Placemark>
  <Placemark id="centrales_solares.450">
	<name>EL CERNICALO II</name>
	<ExtendedData><SchemaData schemaUrl="#centrales_solares">
		<SimpleData name="OBJECTID">450</SimpleData>
		<SimpleData name="ID_GE_SOLA">125</SimpleData>
		<SimpleData name="NOMBRE">EL CERNICALO II</SimpleData>
		<SimpleData name="PROPIEDAD">PV EL CERNICALO SPA</SimpleData>
		<SimpleData name="TIPO">FOTOVOLTAICO</SimpleData>
		<SimpleData name="MEDIO_GENE">PMGD</SimpleData>
		<SimpleData name="COMBUSTIBL">NO APLICA</SimpleData>
		<SimpleData name="POTENCIAMW">1.5</SimpleData>
		<SimpleData name="UNIDADES">0</SimpleData>
		<SimpleData name="RCA">NO APLICA</SimpleData>
		<SimpleData name="SIST_ELECT">SEN</SimpleData>
		<SimpleData name="ESTADO">OPERATIVA</SimpleData>
		<SimpleData name="F_OPERACIO">1513814400000</SimpleData>
		<SimpleData name="COORD_ESTE">197608</SimpleData>
		<SimpleData name="COORD_NORT">5963243</SimpleData>
		<SimpleData name="HUSO">19 SUR</SimpleData>
		<SimpleData name="DATUM">WGS 1984</SimpleData>
		<SimpleData name="REGION">16</SimpleData>
		<SimpleData name="PROVINCIA">162</SimpleData>
		<SimpleData name="COMUNA">16204</SimpleData>
		<SimpleData name="FUENTE_BAS">CNE</SimpleData>
		<SimpleData name="FECH_CREA">1522454400000</SimpleData>
		<SimpleData name="FECH_ACT">1688083200000</SimpleData>
	</SchemaData></ExtendedData>
      <Point><coordinates>-72.372915042,-36.4284189599999</coordinates></Point>
  </Placemark>
  <Placemark id="centrales_solares.451">
	<name>SANTA FRANCISCA</name>
	<ExtendedData><SchemaData schemaUrl="#centrales_solares">
		<SimpleData name="OBJECTID">451</SimpleData>
		<SimpleData name="ID_GE_SOLA">588</SimpleData>
		<SimpleData name="NOMBRE">SANTA FRANCISCA</SimpleData>
		<SimpleData name="PROPIEDAD">CVE PROYECTO DIECISIETE SPA</SimpleData>
		<SimpleData name="TIPO">FOTOVOLTAICO</SimpleData>
		<SimpleData name="MEDIO_GENE">PMGD</SimpleData>
		<SimpleData name="COMBUSTIBL">NO APLICA</SimpleData>
		<SimpleData name="POTENCIAMW">6</SimpleData>
		<SimpleData name="UNIDADES">0</SimpleData>
		<SimpleData name="RCA">098/2020</SimpleData>
		<SimpleData name="SIST_ELECT">SEN</SimpleData>
		<SimpleData name="ESTADO">OPERATIVA</SimpleData>
		<SimpleData name="F_OPERACIO">1640217600000</SimpleData>
		<SimpleData name="COORD_ESTE">344370</SimpleData>
		<SimpleData name="COORD_NORT">6678180</SimpleData>
		<SimpleData name="HUSO">19 SUR</SimpleData>
		<SimpleData name="DATUM">WGS 1984</SimpleData>
		<SimpleData name="REGION">04</SimpleData>
		<SimpleData name="PROVINCIA">041</SimpleData>
		<SimpleData name="COMUNA">04106</SimpleData>
		<SimpleData name="FUENTE_BAS">CNE</SimpleData>
		<SimpleData name="FECH_CREA">1577750400000</SimpleData>
		<SimpleData name="FECH_ACT">1688083200000</SimpleData>
	</SchemaData></ExtendedData>
      <Point><coordinates>-70.613796582,-30.0174897979999</coordinates></Point>
  </Placemark>
  <Placemark id="centrales_solares.452">
	<name>HORMIGA</name>
	<ExtendedData><SchemaData schemaUrl="#centrales_solares">
		<SimpleData name="OBJECTID">452</SimpleData>
		<SimpleData name="ID_GE_SOLA">402</SimpleData>
		<SimpleData name="NOMBRE">HORMIGA</SimpleData>
		<SimpleData name="PROPIEDAD">HORMIGA SOLAR SPA</SimpleData>
		<SimpleData name="TIPO">FOTOVOLTAICO</SimpleData>
		<SimpleData name="MEDIO_GENE">PMGD</SimpleData>
		<SimpleData name="COMBUSTIBL">NO APLICA</SimpleData>
		<SimpleData name="POTENCIAMW">2.541</SimpleData>
		<SimpleData name="UNIDADES">0</SimpleData>
		<SimpleData name="RCA">NO APLICA</SimpleData>
		<SimpleData name="SIST_ELECT">SEN</SimpleData>
		<SimpleData name="ESTADO">OPERATIVA</SimpleData>
		<SimpleData name="F_OPERACIO">1477526400000</SimpleData>
		<SimpleData name="COORD_ESTE">338781</SimpleData>
		<SimpleData name="COORD_NORT">6378884</SimpleData>
		<SimpleData name="HUSO">19 SUR</SimpleData>
		<SimpleData name="DATUM">WGS 1984</SimpleData>
		<SimpleData name="REGION">05</SimpleData>
		<SimpleData name="PROVINCIA">057</SimpleData>
		<SimpleData name="COMUNA">05701</SimpleData>
		<SimpleData name="FUENTE_BAS">CNE</SimpleData>
		<SimpleData name="FECH_CREA">1490918400000</SimpleData>
		<SimpleData name="FECH_ACT">1688083200000</SimpleData>
	</SchemaData></ExtendedData>
      <Point><coordinates>-70.7202230249999,-32.716038937</coordinates></Point>
  </Placemark>
  <Placemark id="centrales_solares.453">
	<name>CHUCHINI</name>
	<ExtendedData><SchemaData schemaUrl="#centrales_solares">
		<SimpleData name="OBJECTID">453</SimpleData>
		<SimpleData name="ID_GE_SOLA">395</SimpleData>
		<SimpleData name="NOMBRE">CHUCHINI</SimpleData>
		<SimpleData name="PROPIEDAD">SPV P4</SimpleData>
		<SimpleData name="TIPO">FOTOVOLTAICO</SimpleData>
		<SimpleData name="MEDIO_GENE">PMGD</SimpleData>
		<SimpleData name="COMBUSTIBL">NO APLICA</SimpleData>
		<SimpleData name="POTENCIAMW">2.88</SimpleData>
		<SimpleData name="UNIDADES">0</SimpleData>
		<SimpleData name="RCA">NO APLICA</SimpleData>
		<SimpleData name="SIST_ELECT">SEN</SimpleData>
		<SimpleData name="ESTADO">OPERATIVA</SimpleData>
		<SimpleData name="F_OPERACIO">1465430400000</SimpleData>
		<SimpleData name="COORD_ESTE">303084</SimpleData>
		<SimpleData name="COORD_NORT">6485747</SimpleData>
		<SimpleData name="HUSO">19 SUR</SimpleData>
		<SimpleData name="DATUM">WGS 1984</SimpleData>
		<SimpleData name="REGION">04</SimpleData>
		<SimpleData name="PROVINCIA">042</SimpleData>
		<SimpleData name="COMUNA">04204</SimpleData>
		<SimpleData name="FUENTE_BAS">CNE</SimpleData>
		<SimpleData name="FECH_CREA">1490918400000</SimpleData>
		<SimpleData name="FECH_ACT">1688083200000</SimpleData>
	</SchemaData></ExtendedData>
      <Point><coordinates>-71.078854475,-31.7468171589999</coordinates></Point>
  </Placemark>
  <Placemark id="centrales_solares.454">
	<name>PFV CERRO DOMINADOR</name>
	<ExtendedData><SchemaData schemaUrl="#centrales_solares">
		<SimpleData name="OBJECTID">454</SimpleData>
		<SimpleData name="ID_GE_SOLA">320</SimpleData>
		<SimpleData name="NOMBRE">PFV CERRO DOMINADOR</SimpleData>
		<SimpleData name="PROPIEDAD">ATACAMA GENERACION CHILE</SimpleData>
		<SimpleData name="TIPO">FOTOVOLTAICO</SimpleData>
		<SimpleData name="COMBUSTIBL">NO APLICA</SimpleData>
		<SimpleData name="POTENCIAMW">99.9</SimpleData>
		<SimpleData name="UNIDADES">0</SimpleData>
		<SimpleData name="RCA">015/2016</SimpleData>
		<SimpleData name="SIST_ELECT">SEN</SimpleData>
		<SimpleData name="ESTADO">OPERATIVA</SimpleData>
		<SimpleData name="F_OPERACIO">1530662400000</SimpleData>
		<SimpleData name="COORD_ESTE">452814</SimpleData>
		<SimpleData name="COORD_NORT">7479326</SimpleData>
		<SimpleData name="HUSO">19 SUR</SimpleData>
		<SimpleData name="DATUM">WGS 1984</SimpleData>
		<SimpleData name="REGION">02</SimpleData>
		<SimpleData name="PROVINCIA">023</SimpleData>
		<SimpleData name="COMUNA">02302</SimpleData>
		<SimpleData name="FUENTE_BAS">CNE</SimpleData>
		<SimpleData name="FECH_CREA">1438560000000</SimpleData>
		<SimpleData name="FECH_ACT">1688083200000</SimpleData>
	</SchemaData></ExtendedData>
      <Point><coordinates>-69.459732553,-22.7929588</coordinates></Point>
  </Placemark>
  <Placemark id="centrales_solares.455">
	<name>LAS TURCAS</name>
	<ExtendedData><SchemaData schemaUrl="#centrales_solares">
		<SimpleData name="OBJECTID">455</SimpleData>
		<SimpleData name="ID_GE_SOLA">222</SimpleData>
		<SimpleData name="NOMBRE">LAS TURCAS</SimpleData>
		<SimpleData name="PROPIEDAD">PV LAS TURCAS SPA</SimpleData>
		<SimpleData name="TIPO">FOTOVOLTAICO</SimpleData>
		<SimpleData name="MEDIO_GENE">PMGD</SimpleData>
		<SimpleData name="COMBUSTIBL">NO APLICA</SimpleData>
		<SimpleData name="POTENCIAMW">2.9901</SimpleData>
		<SimpleData name="UNIDADES">0</SimpleData>
		<SimpleData name="RCA">NO APLICA</SimpleData>
		<SimpleData name="SIST_ELECT">SEN</SimpleData>
		<SimpleData name="ESTADO">OPERATIVA</SimpleData>
		<SimpleData name="F_OPERACIO">1496275200000</SimpleData>
		<SimpleData name="COORD_ESTE">288752</SimpleData>
		<SimpleData name="COORD_NORT">6257252</SimpleData>
		<SimpleData name="HUSO">19 SUR</SimpleData>
		<SimpleData name="DATUM">WGS 1984</SimpleData>
		<SimpleData name="REGION">13</SimpleData>
		<SimpleData name="PROVINCIA">135</SimpleData>
		<SimpleData name="COMUNA">13501</SimpleData>
		<SimpleData name="FUENTE_BAS">CNE</SimpleData>
		<SimpleData name="FECH_CREA">1506729600000</SimpleData>
		<SimpleData name="FECH_ACT">1688083200000</SimpleData>
	</SchemaData></ExtendedData>
      <Point><coordinates>-71.282060873,-33.803842001</coordinates></Point>
  </Placemark>
  <Placemark id="centrales_solares.456">
	<name>PARQUE SANTA CRUZ</name>
	<ExtendedData><SchemaData schemaUrl="#centrales_solares">
		<SimpleData name="OBJECTID">456</SimpleData>
		<SimpleData name="ID_GE_SOLA">771</SimpleData>
		<SimpleData name="NOMBRE">PARQUE SANTA CRUZ</SimpleData>
		<SimpleData name="PROPIEDAD">PV POWER CHILE SPA</SimpleData>
		<SimpleData name="TIPO">FOTOVOLTAICO</SimpleData>
		<SimpleData name="MEDIO_GENE">PMGD</SimpleData>
		<SimpleData name="COMBUSTIBL">NO APLICA</SimpleData>
		<SimpleData name="POTENCIAMW">9</SimpleData>
		<SimpleData name="UNIDADES">0</SimpleData>
		<SimpleData name="RCA">033/2020</SimpleData>
		<SimpleData name="SIST_ELECT">SEN</SimpleData>
		<SimpleData name="ESTADO">OPERATIVA</SimpleData>
		<SimpleData name="F_OPERACIO">1669766400000</SimpleData>
		<SimpleData name="COORD_ESTE">285048</SimpleData>
		<SimpleData name="COORD_NORT">6169146</SimpleData>
		<SimpleData name="HUSO">19 SUR</SimpleData>
		<SimpleData name="DATUM">WGS 1984</SimpleData>
		<SimpleData name="REGION">06</SimpleData>
		<SimpleData name="PROVINCIA">063</SimpleData>
		<SimpleData name="COMUNA">06306</SimpleData>
		<SimpleData name="FUENTE_BAS">CNE</SimpleData>
		<SimpleData name="FECH_CREA">1593475200000</SimpleData>
		<SimpleData name="FECH_ACT">1688083200000</SimpleData>
	</SchemaData></ExtendedData>
      <Point><coordinates>-71.343927424,-34.597029807</coordinates></Point>
  </Placemark>
  <Placemark id="centrales_solares.457">
	<name>LAS PALMAS DEL VERANO SOLAR</name>
	<ExtendedData><SchemaData schemaUrl="#centrales_solares">
		<SimpleData name="OBJECTID">457</SimpleData>
		<SimpleData name="ID_GE_SOLA">1219</SimpleData>
		<SimpleData name="NOMBRE">LAS PALMAS DEL VERANO SOLAR</SimpleData>
		<SimpleData name="PROPIEDAD">CAPURATA DEL VERANO SPA</SimpleData>
		<SimpleData name="TIPO">FOTOVOLTAICO</SimpleData>
		<SimpleData name="MEDIO_GENE">PMGD</SimpleData>
		<SimpleData name="COMBUSTIBL">NO APLICA</SimpleData>
		<SimpleData name="POTENCIAMW">2.8</SimpleData>
		<SimpleData name="UNIDADES">0</SimpleData>
		<SimpleData name="RCA">NO APLICA</SimpleData>
		<SimpleData name="SIST_ELECT">SEN</SimpleData>
		<SimpleData name="ESTADO">OPERATIVA</SimpleData>
		<SimpleData name="F_OPERACIO">1666569600000</SimpleData>
		<SimpleData name="COORD_ESTE">268564</SimpleData>
		<SimpleData name="COORD_NORT">6276664</SimpleData>
		<SimpleData name="HUSO">19 SUR</SimpleData>
		<SimpleData name="DATUM">WGS 1984</SimpleData>
		<SimpleData name="REGION">05</SimpleData>
		<SimpleData name="PROVINCIA">056</SimpleData>
		<SimpleData name="COMUNA">05601</SimpleData>
		<SimpleData name="FUENTE_BAS">CNE</SimpleData>
		<SimpleData name="FECH_CREA">1656547200000</SimpleData>
		<SimpleData name="FECH_ACT">1688083200000</SimpleData>
	</SchemaData></ExtendedData>
      <Point><coordinates>-71.494906391,-33.6246994329999</coordinates></Point>
  </Placemark>
</Folder>
</Document></kml>
