<?xml version="1.0" encoding="utf-8" ?>
<kml xmlns="http://www.opengis.net/kml/2.2">
<Document id="root_doc">
<Schema name="centrales_hidroelectricas" id="centrales_hidroelectricas">
	<SimpleField name="OBJECTID" type="string"></SimpleField>
	<SimpleField name="ID_GE_HIDR" type="string"></SimpleField>
	<SimpleField name="NOMBRE" type="string"></SimpleField>
	<SimpleField name="PROPIEDAD" type="string"></SimpleField>
	<SimpleField name="TIPO" type="string"></SimpleField>
	<SimpleField name="MEDIO_GENE" type="string"></SimpleField>
	<SimpleField name="COMBUSTIBL" type="string"></SimpleField>
	<SimpleField name="POTENCIAMW" type="float"></SimpleField>
	<SimpleField name="UNIDADES" type="string"></SimpleField>
	<SimpleField name="RCA" type="string"></SimpleField>
	<SimpleField name="SIST_ELECT" type="string"></SimpleField>
	<SimpleField name="ESTADO" type="string"></SimpleField>
	<SimpleField name="F_OPERACIO" type="string"></SimpleField>
	<SimpleField name="COORD_ESTE" type="string"></SimpleField>
	<SimpleField name="COORD_NORT" type="string"></SimpleField>
	<SimpleField name="HUSO" type="string"></SimpleField>
	<SimpleField name="DATUM" type="string"></SimpleField>
	<SimpleField name="REGION" type="string"></SimpleField>
	<SimpleField name="PROVINCIA" type="string"></SimpleField>
	<SimpleField name="COMUNA" type="string"></SimpleField>
	<SimpleField name="FUENTE_BAS" type="string"></SimpleField>
	<SimpleField name="FECH_CREA" type="string"></SimpleField>
	<SimpleField name="FECH_ACT" type="string"></SimpleField>
</Schema>
<Folder><name>centrales_hidroelectricas</name>
  <Placemark id="centrales_hidroelectricas.1">
	<name>ABANICO</name>
	<ExtendedData><SchemaData schemaUrl="#centrales_hidroelectricas">
		<SimpleData name="OBJECTID">1</SimpleData>
		<SimpleData name="ID_GE_HIDR">1</SimpleData>
		<SimpleData name="NOMBRE">ABANICO</SimpleData>
		<SimpleData name="PROPIEDAD">ENEL GENERACION</SimpleData>
		<SimpleData name="TIPO">HIDRAULICA PASADA</SimpleData>
		<SimpleData name="COMBUSTIBL">NO APLICA</SimpleData>
		<SimpleData name="POTENCIAMW">92.71</SimpleData>
		<SimpleData name="UNIDADES">4</SimpleData>
		<SimpleData name="SIST_ELECT">SEN</SimpleData>
		<SimpleData name="ESTADO">OPERATIVA</SimpleData>
		<SimpleData name="F_OPERACIO">-694310400000</SimpleData>
		<SimpleData name="COORD_ESTE">279546</SimpleData>
		<SimpleData name="COORD_NORT">5861792</SimpleData>
		<SimpleData name="HUSO">19 SUR</SimpleData>
		<SimpleData name="DATUM">WGS 1984</SimpleData>
		<SimpleData name="REGION">08</SimpleData>
		<SimpleData name="PROVINCIA">083</SimpleData>
		<SimpleData name="COMUNA">08302</SimpleData>
		<SimpleData name="FUENTE_BAS">CNE</SimpleData>
		<SimpleData name="FECH_CREA">1530316800000</SimpleData>
		<SimpleData name="FECH_ACT">1688083200000</SimpleData>
	</SchemaData></ExtendedData>
      <Point><coordinates>-71.48940112,-37.364425243</coordinates></Point>
  </Placemark>
  <Placemark id="centrales_hidroelectricas.2">
	<name>ALFALFAL</name>
	<ExtendedData><SchemaData schemaUrl="#centrales_hidroelectricas">
		<SimpleData name="OBJECTID">2</SimpleData>
		<SimpleData name="ID_GE_HIDR">8</SimpleData>
		<SimpleData name="NOMBRE">ALFALFAL</SimpleData>
		<SimpleData name="PROPIEDAD">AES ANDES</SimpleData>
		<SimpleData name="TIPO">HIDRAULICA PASADA</SimpleData>
		<SimpleData name="COMBUSTIBL">NO APLICA</SimpleData>
		<SimpleData name="POTENCIAMW">177.555</SimpleData>
		<SimpleData name="UNIDADES">2</SimpleData>
		<SimpleData name="SIST_ELECT">SEN</SimpleData>
		<SimpleData name="ESTADO">OPERATIVA</SimpleData>
		<SimpleData name="F_OPERACIO">662688000000</SimpleData>
		<SimpleData name="COORD_ESTE">389218</SimpleData>
		<SimpleData name="COORD_NORT">6292506</SimpleData>
		<SimpleData name="HUSO">19 SUR</SimpleData>
		<SimpleData name="DATUM">WGS 1984</SimpleData>
		<SimpleData name="REGION">13</SimpleData>
		<SimpleData name="PROVINCIA">132</SimpleData>
		<SimpleData name="COMUNA">13203</SimpleData>
		<SimpleData name="FUENTE_BAS">CNE</SimpleData>
		<SimpleData name="FECH_CREA">1530316800000</SimpleData>
		<SimpleData name="FECH_ACT">1688083200000</SimpleData>
	</SchemaData></ExtendedData>
      <Point><coordinates>-70.1926574889999,-33.5012475569999</coordinates></Point>
  </Placemark>
  <Placemark id="centrales_hidroelectricas.3">
	<name>ALLIPEN</name>
	<ExtendedData><SchemaData schemaUrl="#centrales_hidroelectricas">
		<SimpleData name="OBJECTID">3</SimpleData>
		<SimpleData name="ID_GE_HIDR">9</SimpleData>
		<SimpleData name="NOMBRE">ALLIPEN</SimpleData>
		<SimpleData name="PROPIEDAD">HIDROELECTRICA ALLIPEN S.A.</SimpleData>
		<SimpleData name="TIPO">HIDRAULICA PASADA</SimpleData>
		<SimpleData name="MEDIO_GENE">PMGD</SimpleData>
		<SimpleData name="COMBUSTIBL">NO APLICA</SimpleData>
		<SimpleData name="POTENCIAMW">2.5961</SimpleData>
		<SimpleData name="UNIDADES">2</SimpleData>
		<SimpleData name="RCA">031/2011</SimpleData>
		<SimpleData name="SIST_ELECT">SEN</SimpleData>
		<SimpleData name="ESTADO">OPERATIVA</SimpleData>
		<SimpleData name="F_OPERACIO">1336003200000</SimpleData>
		<SimpleData name="COORD_ESTE">220888</SimpleData>
		<SimpleData name="COORD_NORT">5678430</SimpleData>
		<SimpleData name="HUSO">19 SUR</SimpleData>
		<SimpleData name="DATUM">WGS 1984</SimpleData>
		<SimpleData name="REGION">09</SimpleData>
		<SimpleData name="PROVINCIA">091</SimpleData>
		<SimpleData name="COMUNA">09103</SimpleData>
		<SimpleData name="FUENTE_BAS">CNE</SimpleData>
		<SimpleData name="FECH_CREA">1530316800000</SimpleData>
		<SimpleData name="FECH_ACT">1688083200000</SimpleData>
	</SchemaData></ExtendedData>
      <Point><coordinates>-72.222891139,-38.998652566</coordinates></Point>
  </Placemark>
  <Placemark id="centrales_hidroelectricas.4">
	<name>ALTO HOSPICIO</name>
	<ExtendedData><SchemaData schemaUrl="#centrales_hidroelectricas">
		<SimpleData name="OBJECTID">4</SimpleData>
		<SimpleData name="ID_GE_HIDR">11</SimpleData>
		<SimpleData name="NOMBRE">ALTO HOSPICIO</SimpleData>
		<SimpleData name="PROPIEDAD">ENERNUEVAS S.A.</SimpleData>
		<SimpleData name="TIPO">HIDRAULICA PASADA</SimpleData>
		<SimpleData name="MEDIO_GENE">PMGD</SimpleData>
		<SimpleData name="COMBUSTIBL">NO APLICA</SimpleData>
		<SimpleData name="POTENCIAMW">1.1</SimpleData>
		<SimpleData name="UNIDADES">1</SimpleData>
		<SimpleData name="SIST_ELECT">SEN</SimpleData>
		<SimpleData name="ESTADO">OPERATIVA</SimpleData>
		<SimpleData name="F_OPERACIO">1290729600000</SimpleData>
		<SimpleData name="COORD_ESTE">384094</SimpleData>
		<SimpleData name="COORD_NORT">7760400</SimpleData>
		<SimpleData name="HUSO">19 SUR</SimpleData>
		<SimpleData name="DATUM">WGS 1984</SimpleData>
		<SimpleData name="REGION">01</SimpleData>
		<SimpleData name="PROVINCIA">011</SimpleData>
		<SimpleData name="COMUNA">01107</SimpleData>
		<SimpleData name="FUENTE_BAS">CNE</SimpleData>
		<SimpleData name="FECH_CREA">1530316800000</SimpleData>
		<SimpleData name="FECH_ACT">1688083200000</SimpleData>
	</SchemaData></ExtendedData>
      <Point><coordinates>-70.109746192,-20.25058508</coordinates></Point>
  </Placemark>
  <Placemark id="centrales_hidroelectricas.5">
	<name>ALFALFAL II</name>
	<ExtendedData><SchemaData schemaUrl="#centrales_hidroelectricas">
		<SimpleData name="OBJECTID">5</SimpleData>
		<SimpleData name="ID_GE_HIDR">13</SimpleData>
		<SimpleData name="NOMBRE">ALFALFAL II</SimpleData>
		<SimpleData name="PROPIEDAD">ALTO MAIPO SPA</SimpleData>
		<SimpleData name="TIPO">HIDRAULICA PASADA</SimpleData>
		<SimpleData name="COMBUSTIBL">NO APLICA</SimpleData>
		<SimpleData name="POTENCIAMW">324.2</SimpleData>
		<SimpleData name="UNIDADES">2</SimpleData>
		<SimpleData name="RCA">256/2009</SimpleData>
		<SimpleData name="SIST_ELECT">SEN</SimpleData>
		<SimpleData name="ESTADO">OPERATIVA</SimpleData>
		<SimpleData name="F_OPERACIO">1648252800000</SimpleData>
		<SimpleData name="COORD_ESTE">385400</SimpleData>
		<SimpleData name="COORD_NORT">6284100</SimpleData>
		<SimpleData name="HUSO">19 SUR</SimpleData>
		<SimpleData name="DATUM">WGS 1984</SimpleData>
		<SimpleData name="REGION">13</SimpleData>
		<SimpleData name="PROVINCIA">132</SimpleData>
		<SimpleData name="COMUNA">13203</SimpleData>
		<SimpleData name="FUENTE_BAS">CNE</SimpleData>
		<SimpleData name="FECH_CREA">1211414400000</SimpleData>
		<SimpleData name="FECH_ACT">1688083200000</SimpleData>
	</SchemaData></ExtendedData>
      <Point><coordinates>-70.2348306979999,-33.5766461819999</coordinates></Point>
  </Placemark>
  <Placemark id="centrales_hidroelectricas.6">
	<name>LAS LAJAS</name>
	<ExtendedData><SchemaData schemaUrl="#centrales_hidroelectricas">
		<SimpleData name="OBJECTID">6</SimpleData>
		<SimpleData name="ID_GE_HIDR">14</SimpleData>
		<SimpleData name="NOMBRE">LAS LAJAS</SimpleData>
		<SimpleData name="PROPIEDAD">ALTO MAIPO SPA</SimpleData>
		<SimpleData name="TIPO">HIDRAULICA PASADA</SimpleData>
		<SimpleData name="COMBUSTIBL">NO APLICA</SimpleData>
		<SimpleData name="POTENCIAMW">146.25</SimpleData>
		<SimpleData name="UNIDADES">2</SimpleData>
		<SimpleData name="RCA">256/2009</SimpleData>
		<SimpleData name="SIST_ELECT">SEN</SimpleData>
		<SimpleData name="ESTADO">OPERATIVA</SimpleData>
		<SimpleData name="F_OPERACIO">1648252800000</SimpleData>
		<SimpleData name="COORD_ESTE">380220</SimpleData>
		<SimpleData name="COORD_NORT">6286690</SimpleData>
		<SimpleData name="HUSO">19 SUR</SimpleData>
		<SimpleData name="DATUM">WGS 1984</SimpleData>
		<SimpleData name="REGION">13</SimpleData>
		<SimpleData name="PROVINCIA">132</SimpleData>
		<SimpleData name="COMUNA">13203</SimpleData>
		<SimpleData name="FUENTE_BAS">CNE</SimpleData>
		<SimpleData name="FECH_CREA">1211414400000</SimpleData>
		<SimpleData name="FECH_ACT">1688083200000</SimpleData>
	</SchemaData></ExtendedData>
      <Point><coordinates>-70.290286371,-33.552722054</coordinates></Point>
  </Placemark>
  <Placemark id="centrales_hidroelectricas.7">
	<name>ALTO RENAICO</name>
	<ExtendedData><SchemaData schemaUrl="#centrales_hidroelectricas">
		<SimpleData name="OBJECTID">7</SimpleData>
		<SimpleData name="ID_GE_HIDR">15</SimpleData>
		<SimpleData name="NOMBRE">ALTO RENAICO</SimpleData>
		<SimpleData name="PROPIEDAD">ESPINOS S.A.</SimpleData>
		<SimpleData name="TIPO">HIDRAULICA PASADA</SimpleData>
		<SimpleData name="MEDIO_GENE">PMG</SimpleData>
		<SimpleData name="COMBUSTIBL">NO APLICA</SimpleData>
		<SimpleData name="POTENCIAMW">1.378</SimpleData>
		<SimpleData name="UNIDADES">1</SimpleData>
		<SimpleData name="RCA">260/2012</SimpleData>
		<SimpleData name="SIST_ELECT">SEN</SimpleData>
		<SimpleData name="ESTADO">OPERATIVA</SimpleData>
		<SimpleData name="F_OPERACIO">1542585600000</SimpleData>
		<SimpleData name="COORD_ESTE">200316</SimpleData>
		<SimpleData name="COORD_NORT">5810892</SimpleData>
		<SimpleData name="HUSO">19 SUR</SimpleData>
		<SimpleData name="DATUM">WGS 1984</SimpleData>
		<SimpleData name="REGION">08</SimpleData>
		<SimpleData name="PROVINCIA">083</SimpleData>
		<SimpleData name="COMUNA">08305</SimpleData>
		<SimpleData name="FUENTE_BAS">CNE</SimpleData>
		<SimpleData name="FECH_CREA">1330473600000</SimpleData>
		<SimpleData name="FECH_ACT">1688083200000</SimpleData>
	</SchemaData></ExtendedData>
      <Point><coordinates>-72.403644495,-37.800213259</coordinates></Point>
  </Placemark>
  <Placemark id="centrales_hidroelectricas.8">
	<name>ANGOSTURA</name>
	<ExtendedData><SchemaData schemaUrl="#centrales_hidroelectricas">
		<SimpleData name="OBJECTID">8</SimpleData>
		<SimpleData name="ID_GE_HIDR">18</SimpleData>
		<SimpleData name="NOMBRE">ANGOSTURA</SimpleData>
		<SimpleData name="PROPIEDAD">COLBUN S.A.</SimpleData>
		<SimpleData name="TIPO">HIDRAULICA EMBALSE</SimpleData>
		<SimpleData name="COMBUSTIBL">NO APLICA</SimpleData>
		<SimpleData name="POTENCIAMW">321</SimpleData>
		<SimpleData name="UNIDADES">3</SimpleData>
		<SimpleData name="RCA">281/2009</SimpleData>
		<SimpleData name="SIST_ELECT">SEN</SimpleData>
		<SimpleData name="ESTADO">OPERATIVA</SimpleData>
		<SimpleData name="F_OPERACIO">1396310400000</SimpleData>
		<SimpleData name="COORD_ESTE">251710</SimpleData>
		<SimpleData name="COORD_NORT">5822338</SimpleData>
		<SimpleData name="HUSO">19 SUR</SimpleData>
		<SimpleData name="DATUM">WGS 1984</SimpleData>
		<SimpleData name="REGION">08</SimpleData>
		<SimpleData name="PROVINCIA">083</SimpleData>
		<SimpleData name="COMUNA">08311</SimpleData>
		<SimpleData name="FUENTE_BAS">CNE</SimpleData>
		<SimpleData name="FECH_CREA">1530316800000</SimpleData>
		<SimpleData name="FECH_ACT">1688083200000</SimpleData>
	</SchemaData></ExtendedData>
      <Point><coordinates>-71.816743469,-37.7125893469999</coordinates></Point>
  </Placemark>
  <Placemark id="centrales_hidroelectricas.9">
	<name>ANTUCO</name>
	<ExtendedData><SchemaData schemaUrl="#centrales_hidroelectricas">
		<SimpleData name="OBJECTID">9</SimpleData>
		<SimpleData name="ID_GE_HIDR">19</SimpleData>
		<SimpleData name="NOMBRE">ANTUCO</SimpleData>
		<SimpleData name="PROPIEDAD">ENEL GENERACION</SimpleData>
		<SimpleData name="TIPO">HIDRAULICA PASADA</SimpleData>
		<SimpleData name="COMBUSTIBL">NO APLICA</SimpleData>
		<SimpleData name="POTENCIAMW">326.125</SimpleData>
		<SimpleData name="UNIDADES">2</SimpleData>
		<SimpleData name="SIST_ELECT">SEN</SimpleData>
		<SimpleData name="ESTADO">OPERATIVA</SimpleData>
		<SimpleData name="F_OPERACIO">347155200000</SimpleData>
		<SimpleData name="COORD_ESTE">267212</SimpleData>
		<SimpleData name="COORD_NORT">5867515</SimpleData>
		<SimpleData name="HUSO">19 SUR</SimpleData>
		<SimpleData name="DATUM">WGS 1984</SimpleData>
		<SimpleData name="REGION">08</SimpleData>
		<SimpleData name="PROVINCIA">083</SimpleData>
		<SimpleData name="COMUNA">08302</SimpleData>
		<SimpleData name="FUENTE_BAS">CNE</SimpleData>
		<SimpleData name="FECH_CREA">1530316800000</SimpleData>
		<SimpleData name="FECH_ACT">1688083200000</SimpleData>
	</SchemaData></ExtendedData>
      <Point><coordinates>-71.626751848,-37.3098806259999</coordinates></Point>
  </Placemark>
  <Placemark id="centrales_hidroelectricas.10">
	<name>ARRAYAN</name>
	<ExtendedData><SchemaData schemaUrl="#centrales_hidroelectricas">
		<SimpleData name="OBJECTID">10</SimpleData>
		<SimpleData name="ID_GE_HIDR">21</SimpleData>
		<SimpleData name="NOMBRE">ARRAYAN</SimpleData>
		<SimpleData name="PROPIEDAD">HIDROELECTRICA ARRAYAN</SimpleData>
		<SimpleData name="TIPO">HIDRAULICA PASADA</SimpleData>
		<SimpleData name="MEDIO_GENE">PMGD</SimpleData>
		<SimpleData name="COMBUSTIBL">NO APLICA</SimpleData>
		<SimpleData name="POTENCIAMW">1.2</SimpleData>
		<SimpleData name="UNIDADES">1</SimpleData>
		<SimpleData name="RCA">NO APLICA</SimpleData>
		<SimpleData name="SIST_ELECT">SEN</SimpleData>
		<SimpleData name="ESTADO">OPERATIVA</SimpleData>
		<SimpleData name="F_OPERACIO">1513728000000</SimpleData>
		<SimpleData name="COORD_ESTE">367302</SimpleData>
		<SimpleData name="COORD_NORT">6306764</SimpleData>
		<SimpleData name="HUSO">19 SUR</SimpleData>
		<SimpleData name="DATUM">WGS 1984</SimpleData>
		<SimpleData name="REGION">13</SimpleData>
		<SimpleData name="PROVINCIA">131</SimpleData>
		<SimpleData name="COMUNA">13115</SimpleData>
		<SimpleData name="FUENTE_BAS">CNE</SimpleData>
		<SimpleData name="FECH_CREA">1530316800000</SimpleData>
		<SimpleData name="FECH_ACT">1688083200000</SimpleData>
	</SchemaData></ExtendedData>
      <Point><coordinates>-70.4264368509999,-33.370188577</coordinates></Point>
  </Placemark>
  <Placemark id="centrales_hidroelectricas.11">
	<name>AUXILIAR DEL MAIPO</name>
	<ExtendedData><SchemaData schemaUrl="#centrales_hidroelectricas">
		<SimpleData name="OBJECTID">11</SimpleData>
		<SimpleData name="ID_GE_HIDR">22</SimpleData>
		<SimpleData name="NOMBRE">AUXILIAR DEL MAIPO</SimpleData>
		<SimpleData name="PROPIEDAD">CARBOMET ENERGIA S.A.</SimpleData>
		<SimpleData name="TIPO">HIDRAULICA PASADA</SimpleData>
		<SimpleData name="MEDIO_GENE">PMGD</SimpleData>
		<SimpleData name="COMBUSTIBL">NO APLICA</SimpleData>
		<SimpleData name="POTENCIAMW">5.1</SimpleData>
		<SimpleData name="UNIDADES">3</SimpleData>
		<SimpleData name="SIST_ELECT">SEN</SimpleData>
		<SimpleData name="ESTADO">OPERATIVA</SimpleData>
		<SimpleData name="F_OPERACIO">-252460800000</SimpleData>
		<SimpleData name="COORD_ESTE">348500</SimpleData>
		<SimpleData name="COORD_NORT">6276264</SimpleData>
		<SimpleData name="HUSO">19 SUR</SimpleData>
		<SimpleData name="DATUM">WGS 1984</SimpleData>
		<SimpleData name="REGION">13</SimpleData>
		<SimpleData name="PROVINCIA">134</SimpleData>
		<SimpleData name="COMUNA">13401</SimpleData>
		<SimpleData name="FUENTE_BAS">CNE</SimpleData>
		<SimpleData name="FECH_CREA">1530316800000</SimpleData>
		<SimpleData name="FECH_ACT">1688083200000</SimpleData>
	</SchemaData></ExtendedData>
      <Point><coordinates>-70.633641873,-33.642689429</coordinates></Point>
  </Placemark>
  <Placemark id="centrales_hidroelectricas.12">
	<name>AYSEN</name>
	<ExtendedData><SchemaData schemaUrl="#centrales_hidroelectricas">
		<SimpleData name="OBJECTID">12</SimpleData>
		<SimpleData name="ID_GE_HIDR">23</SimpleData>
		<SimpleData name="NOMBRE">AYSEN</SimpleData>
		<SimpleData name="PROPIEDAD">EDELAYSEN</SimpleData>
		<SimpleData name="TIPO">HIDRAULICA PASADA</SimpleData>
		<SimpleData name="COMBUSTIBL">NO APLICA</SimpleData>
		<SimpleData name="POTENCIAMW">6.6</SimpleData>
		<SimpleData name="UNIDADES">3</SimpleData>
		<SimpleData name="SIST_ELECT">SEA</SimpleData>
		<SimpleData name="ESTADO">OPERATIVA</SimpleData>
		<SimpleData name="F_OPERACIO">-315619200000</SimpleData>
		<SimpleData name="COORD_ESTE">209516</SimpleData>
		<SimpleData name="COORD_NORT">4968633</SimpleData>
		<SimpleData name="HUSO">19 SUR</SimpleData>
		<SimpleData name="DATUM">WGS 1984</SimpleData>
		<SimpleData name="REGION">11</SimpleData>
		<SimpleData name="PROVINCIA">112</SimpleData>
		<SimpleData name="COMUNA">11201</SimpleData>
		<SimpleData name="FUENTE_BAS">CNE</SimpleData>
		<SimpleData name="FECH_CREA">1530316800000</SimpleData>
		<SimpleData name="FECH_ACT">1688083200000</SimpleData>
	</SchemaData></ExtendedData>
      <Point><coordinates>-72.7099756069999,-45.375533763</coordinates></Point>
  </Placemark>
  <Placemark id="centrales_hidroelectricas.13">
	<name>BLANCO</name>
	<ExtendedData><SchemaData schemaUrl="#centrales_hidroelectricas">
		<SimpleData name="OBJECTID">13</SimpleData>
		<SimpleData name="ID_GE_HIDR">26</SimpleData>
		<SimpleData name="NOMBRE">BLANCO</SimpleData>
		<SimpleData name="PROPIEDAD">COLBUN S.A.</SimpleData>
		<SimpleData name="TIPO">HIDRAULICA PASADA</SimpleData>
		<SimpleData name="COMBUSTIBL">NO APLICA</SimpleData>
		<SimpleData name="POTENCIAMW">52.8675</SimpleData>
		<SimpleData name="UNIDADES">1</SimpleData>
		<SimpleData name="SIST_ELECT">SEN</SimpleData>
		<SimpleData name="ESTADO">OPERATIVA</SimpleData>
		<SimpleData name="F_OPERACIO">725846400000</SimpleData>
		<SimpleData name="COORD_ESTE">375739</SimpleData>
		<SimpleData name="COORD_NORT">6357124</SimpleData>
		<SimpleData name="HUSO">19 SUR</SimpleData>
		<SimpleData name="DATUM">WGS 1984</SimpleData>
		<SimpleData name="REGION">05</SimpleData>
		<SimpleData name="PROVINCIA">053</SimpleData>
		<SimpleData name="COMUNA">05301</SimpleData>
		<SimpleData name="FUENTE_BAS">CNE</SimpleData>
		<SimpleData name="FECH_CREA">1530316800000</SimpleData>
		<SimpleData name="FECH_ACT">1688083200000</SimpleData>
	</SchemaData></ExtendedData>
      <Point><coordinates>-70.328900951,-32.9170649759999</coordinates></Point>
  </Placemark>
  <Placemark id="centrales_hidroelectricas.14">
	<name>BOQUIAMARGO</name>
	<ExtendedData><SchemaData schemaUrl="#centrales_hidroelectricas">
		<SimpleData name="OBJECTID">14</SimpleData>
		<SimpleData name="ID_GE_HIDR">27</SimpleData>
		<SimpleData name="NOMBRE">BOQUIAMARGO</SimpleData>
		<SimpleData name="PROPIEDAD">ELECTRICA SAN MIGUEL</SimpleData>
		<SimpleData name="TIPO">HIDRAULICA PASADA</SimpleData>
		<SimpleData name="MEDIO_GENE">PMGD</SimpleData>
		<SimpleData name="COMBUSTIBL">NO APLICA</SimpleData>
		<SimpleData name="POTENCIAMW">1.0896</SimpleData>
		<SimpleData name="UNIDADES">1</SimpleData>
		<SimpleData name="SIST_ELECT">SEN</SimpleData>
		<SimpleData name="ESTADO">OPERATIVA</SimpleData>
		<SimpleData name="F_OPERACIO">1400457600000</SimpleData>
		<SimpleData name="COORD_ESTE">270010</SimpleData>
		<SimpleData name="COORD_NORT">5805505</SimpleData>
		<SimpleData name="HUSO">19 SUR</SimpleData>
		<SimpleData name="DATUM">WGS 1984</SimpleData>
		<SimpleData name="REGION">08</SimpleData>
		<SimpleData name="PROVINCIA">083</SimpleData>
		<SimpleData name="COMUNA">08314</SimpleData>
		<SimpleData name="FUENTE_BAS">CNE</SimpleData>
		<SimpleData name="FECH_CREA">1530316800000</SimpleData>
		<SimpleData name="FECH_ACT">1688083200000</SimpleData>
	</SchemaData></ExtendedData>
      <Point><coordinates>-71.614682739,-37.868926889</coordinates></Point>
  </Placemark>
  <Placemark id="centrales_hidroelectricas.15">
	<name>BUREO</name>
	<ExtendedData><SchemaData schemaUrl="#centrales_hidroelectricas">
		<SimpleData name="OBJECTID">15</SimpleData>
		<SimpleData name="ID_GE_HIDR">29</SimpleData>
		<SimpleData name="NOMBRE">BUREO</SimpleData>
		<SimpleData name="PROPIEDAD">PMGD BUREO</SimpleData>
		<SimpleData name="TIPO">HIDRAULICA PASADA</SimpleData>
		<SimpleData name="MEDIO_GENE">PMGD</SimpleData>
		<SimpleData name="COMBUSTIBL">NO APLICA</SimpleData>
		<SimpleData name="POTENCIAMW">2.156</SimpleData>
		<SimpleData name="UNIDADES">1</SimpleData>
		<SimpleData name="RCA">229/2013</SimpleData>
		<SimpleData name="SIST_ELECT">SEN</SimpleData>
		<SimpleData name="ESTADO">OPERATIVA</SimpleData>
		<SimpleData name="F_OPERACIO">1436745600000</SimpleData>
		<SimpleData name="COORD_ESTE">192813</SimpleData>
		<SimpleData name="COORD_NORT">5833556</SimpleData>
		<SimpleData name="HUSO">19 SUR</SimpleData>
		<SimpleData name="DATUM">WGS 1984</SimpleData>
		<SimpleData name="REGION">08</SimpleData>
		<SimpleData name="PROVINCIA">083</SimpleData>
		<SimpleData name="COMUNA">08307</SimpleData>
		<SimpleData name="FUENTE_BAS">CNE</SimpleData>
		<SimpleData name="FECH_CREA">1530316800000</SimpleData>
		<SimpleData name="FECH_ACT">1688083200000</SimpleData>
	</SchemaData></ExtendedData>
      <Point><coordinates>-72.479163285,-37.5938213759999</coordinates></Point>
  </Placemark>
  <Placemark id="centrales_hidroelectricas.16">
	<name>CALIBORO</name>
	<ExtendedData><SchemaData schemaUrl="#centrales_hidroelectricas">
		<SimpleData name="OBJECTID">16</SimpleData>
		<SimpleData name="ID_GE_HIDR">33</SimpleData>
		<SimpleData name="NOMBRE">CALIBORO</SimpleData>
		<SimpleData name="PROPIEDAD">SOCER S.A.</SimpleData>
		<SimpleData name="TIPO">HIDRAULICA PASADA</SimpleData>
		<SimpleData name="MEDIO_GENE">PMGD</SimpleData>
		<SimpleData name="COMBUSTIBL">NO APLICA</SimpleData>
		<SimpleData name="POTENCIAMW">1.4</SimpleData>
		<SimpleData name="UNIDADES">1</SimpleData>
		<SimpleData name="RCA">211/2014</SimpleData>
		<SimpleData name="SIST_ELECT">SEN</SimpleData>
		<SimpleData name="ESTADO">OPERATIVA</SimpleData>
		<SimpleData name="F_OPERACIO">1499817600000</SimpleData>
		<SimpleData name="COORD_ESTE">229915</SimpleData>
		<SimpleData name="COORD_NORT">5865989</SimpleData>
		<SimpleData name="HUSO">19 SUR</SimpleData>
		<SimpleData name="DATUM">WGS 1984</SimpleData>
		<SimpleData name="REGION">08</SimpleData>
		<SimpleData name="PROVINCIA">083</SimpleData>
		<SimpleData name="COMUNA">08309</SimpleData>
		<SimpleData name="FUENTE_BAS">CNE</SimpleData>
		<SimpleData name="FECH_CREA">1530316800000</SimpleData>
		<SimpleData name="FECH_ACT">1688083200000</SimpleData>
	</SchemaData></ExtendedData>
      <Point><coordinates>-72.047655477,-37.3135319529999</coordinates></Point>
  </Placemark>
  <Placemark id="centrales_hidroelectricas.17">
	<name>CALLAO</name>
	<ExtendedData><SchemaData schemaUrl="#centrales_hidroelectricas">
		<SimpleData name="OBJECTID">17</SimpleData>
		<SimpleData name="ID_GE_HIDR">34</SimpleData>
		<SimpleData name="NOMBRE">CALLAO</SimpleData>
		<SimpleData name="PROPIEDAD">HIDROENESUR S.A.</SimpleData>
		<SimpleData name="TIPO">HIDRAULICA PASADA</SimpleData>
		<SimpleData name="MEDIO_GENE">PMG</SimpleData>
		<SimpleData name="COMBUSTIBL">NO APLICA</SimpleData>
		<SimpleData name="POTENCIAMW">3.29175</SimpleData>
		<SimpleData name="UNIDADES">2</SimpleData>
		<SimpleData name="RCA">301/2010</SimpleData>
		<SimpleData name="SIST_ELECT">SEN</SimpleData>
		<SimpleData name="ESTADO">OPERATIVA</SimpleData>
		<SimpleData name="F_OPERACIO">1347580800000</SimpleData>
		<SimpleData name="COORD_ESTE">218754</SimpleData>
		<SimpleData name="COORD_NORT">5468330</SimpleData>
		<SimpleData name="HUSO">19 SUR</SimpleData>
		<SimpleData name="DATUM">WGS 1984</SimpleData>
		<SimpleData name="REGION">10</SimpleData>
		<SimpleData name="PROVINCIA">103</SimpleData>
		<SimpleData name="COMUNA">10302</SimpleData>
		<SimpleData name="FUENTE_BAS">CNE</SimpleData>
		<SimpleData name="FECH_CREA">1530316800000</SimpleData>
		<SimpleData name="FECH_ACT">1688083200000</SimpleData>
	</SchemaData></ExtendedData>
      <Point><coordinates>-72.338197077,-40.887816178</coordinates></Point>
  </Placemark>
  <Placemark id="centrales_hidroelectricas.18">
	<name>CANUTILLAR</name>
	<ExtendedData><SchemaData schemaUrl="#centrales_hidroelectricas">
		<SimpleData name="OBJECTID">18</SimpleData>
		<SimpleData name="ID_GE_HIDR">36</SimpleData>
		<SimpleData name="NOMBRE">CANUTILLAR</SimpleData>
		<SimpleData name="PROPIEDAD">COLBUN S.A.</SimpleData>
		<SimpleData name="TIPO">HIDRAULICA EMBALSE</SimpleData>
		<SimpleData name="COMBUSTIBL">NO APLICA</SimpleData>
		<SimpleData name="POTENCIAMW">171.57</SimpleData>
		<SimpleData name="UNIDADES">2</SimpleData>
		<SimpleData name="SIST_ELECT">SEN</SimpleData>
		<SimpleData name="ESTADO">OPERATIVA</SimpleData>
		<SimpleData name="F_OPERACIO">631152000000</SimpleData>
		<SimpleData name="COORD_ESTE">221186</SimpleData>
		<SimpleData name="COORD_NORT">5397219</SimpleData>
		<SimpleData name="HUSO">19 SUR</SimpleData>
		<SimpleData name="DATUM">WGS 1984</SimpleData>
		<SimpleData name="REGION">10</SimpleData>
		<SimpleData name="PROVINCIA">101</SimpleData>
		<SimpleData name="COMUNA">10101</SimpleData>
		<SimpleData name="FUENTE_BAS">CNE</SimpleData>
		<SimpleData name="FECH_CREA">1530316800000</SimpleData>
		<SimpleData name="FECH_ACT">1688083200000</SimpleData>
	</SchemaData></ExtendedData>
      <Point><coordinates>-72.3417935849999,-41.5281283099999</coordinates></Point>
  </Placemark>
  <Placemark id="centrales_hidroelectricas.19">
	<name>CAPULLO</name>
	<ExtendedData><SchemaData schemaUrl="#centrales_hidroelectricas">
		<SimpleData name="OBJECTID">19</SimpleData>
		<SimpleData name="ID_GE_HIDR">37</SimpleData>
		<SimpleData name="NOMBRE">CAPULLO</SimpleData>
		<SimpleData name="PROPIEDAD">EMPRESA ELECTRICA CAPULLO S.A.</SimpleData>
		<SimpleData name="TIPO">HIDRAULICA PASADA</SimpleData>
		<SimpleData name="COMBUSTIBL">NO APLICA</SimpleData>
		<SimpleData name="POTENCIAMW">11.84316</SimpleData>
		<SimpleData name="UNIDADES">1</SimpleData>
		<SimpleData name="SIST_ELECT">SEN</SimpleData>
		<SimpleData name="ESTADO">OPERATIVA</SimpleData>
		<SimpleData name="F_OPERACIO">788918400000</SimpleData>
		<SimpleData name="COORD_ESTE">213248</SimpleData>
		<SimpleData name="COORD_NORT">5475776</SimpleData>
		<SimpleData name="HUSO">19 SUR</SimpleData>
		<SimpleData name="DATUM">WGS 1984</SimpleData>
		<SimpleData name="REGION">10</SimpleData>
		<SimpleData name="PROVINCIA">103</SimpleData>
		<SimpleData name="COMUNA">10304</SimpleData>
		<SimpleData name="FUENTE_BAS">CNE</SimpleData>
		<SimpleData name="FECH_CREA">1530316800000</SimpleData>
		<SimpleData name="FECH_ACT">1688083200000</SimpleData>
	</SchemaData></ExtendedData>
      <Point><coordinates>-72.4000119139999,-40.8189485679999</coordinates></Point>
  </Placemark>
  <Placemark id="centrales_hidroelectricas.20">
	<name>CARENA</name>
	<ExtendedData><SchemaData schemaUrl="#centrales_hidroelectricas">
		<SimpleData name="OBJECTID">20</SimpleData>
		<SimpleData name="ID_GE_HIDR">38</SimpleData>
		<SimpleData name="NOMBRE">CARENA</SimpleData>
		<SimpleData name="PROPIEDAD">EMPRESA ELECTRICA INDUSTRIAL S.A.</SimpleData>
		<SimpleData name="TIPO">HIDRAULICA PASADA</SimpleData>
		<SimpleData name="COMBUSTIBL">NO APLICA</SimpleData>
		<SimpleData name="POTENCIAMW">8.4</SimpleData>
		<SimpleData name="UNIDADES">4</SimpleData>
		<SimpleData name="SIST_ELECT">SEN</SimpleData>
		<SimpleData name="ESTADO">OPERATIVA</SimpleData>
		<SimpleData name="F_OPERACIO">-852076800000</SimpleData>
		<SimpleData name="COORD_ESTE">318654</SimpleData>
		<SimpleData name="COORD_NORT">6288398</SimpleData>
		<SimpleData name="HUSO">19 SUR</SimpleData>
		<SimpleData name="DATUM">WGS 1984</SimpleData>
		<SimpleData name="REGION">13</SimpleData>
		<SimpleData name="PROVINCIA">135</SimpleData>
		<SimpleData name="COMUNA">13503</SimpleData>
		<SimpleData name="FUENTE_BAS">CNE</SimpleData>
		<SimpleData name="FECH_CREA">1530316800000</SimpleData>
		<SimpleData name="FECH_ACT">1688083200000</SimpleData>
	</SchemaData></ExtendedData>
      <Point><coordinates>-70.9528581389999,-33.528640415</coordinates></Point>
  </Placemark>
  <Placemark id="centrales_hidroelectricas.21">
	<name>CARILAFQUEN</name>
	<ExtendedData><SchemaData schemaUrl="#centrales_hidroelectricas">
		<SimpleData name="OBJECTID">21</SimpleData>
		<SimpleData name="ID_GE_HIDR">39</SimpleData>
		<SimpleData name="NOMBRE">CARILAFQUEN</SimpleData>
		<SimpleData name="PROPIEDAD">ELECTRICA CAREN</SimpleData>
		<SimpleData name="TIPO">HIDRAULICA PASADA</SimpleData>
		<SimpleData name="COMBUSTIBL">NO APLICA</SimpleData>
		<SimpleData name="POTENCIAMW">19.2357</SimpleData>
		<SimpleData name="UNIDADES">2</SimpleData>
		<SimpleData name="RCA">077/2014</SimpleData>
		<SimpleData name="SIST_ELECT">SEN</SimpleData>
		<SimpleData name="ESTADO">OPERATIVA</SimpleData>
		<SimpleData name="F_OPERACIO">1477612800000</SimpleData>
		<SimpleData name="COORD_ESTE">281349</SimpleData>
		<SimpleData name="COORD_NORT">5693183</SimpleData>
		<SimpleData name="HUSO">19 SUR</SimpleData>
		<SimpleData name="DATUM">WGS 1984</SimpleData>
		<SimpleData name="REGION">09</SimpleData>
		<SimpleData name="PROVINCIA">091</SimpleData>
		<SimpleData name="COMUNA">09110</SimpleData>
		<SimpleData name="FUENTE_BAS">CNE</SimpleData>
		<SimpleData name="FECH_CREA">1530316800000</SimpleData>
		<SimpleData name="FECH_ACT">1688083200000</SimpleData>
	</SchemaData></ExtendedData>
      <Point><coordinates>-71.520759313,-38.883031772</coordinates></Point>
  </Placemark>
  <Placemark id="centrales_hidroelectricas.22">
	<name>CAVANCHA</name>
	<ExtendedData><SchemaData schemaUrl="#centrales_hidroelectricas">
		<SimpleData name="OBJECTID">22</SimpleData>
		<SimpleData name="ID_GE_HIDR">40</SimpleData>
		<SimpleData name="NOMBRE">CAVANCHA</SimpleData>
		<SimpleData name="PROPIEDAD">CAVANCHA S.A.</SimpleData>
		<SimpleData name="TIPO">HIDRAULICA PASADA</SimpleData>
		<SimpleData name="MEDIO_GENE">PMGD</SimpleData>
		<SimpleData name="COMBUSTIBL">NO APLICA</SimpleData>
		<SimpleData name="POTENCIAMW">2.592</SimpleData>
		<SimpleData name="UNIDADES">1</SimpleData>
		<SimpleData name="SIST_ELECT">SEN</SimpleData>
		<SimpleData name="ESTADO">OPERATIVA</SimpleData>
		<SimpleData name="F_OPERACIO">1288828800000</SimpleData>
		<SimpleData name="COORD_ESTE">382248</SimpleData>
		<SimpleData name="COORD_NORT">7761882</SimpleData>
		<SimpleData name="HUSO">19 SUR</SimpleData>
		<SimpleData name="DATUM">WGS 1984</SimpleData>
		<SimpleData name="REGION">01</SimpleData>
		<SimpleData name="PROVINCIA">011</SimpleData>
		<SimpleData name="COMUNA">01101</SimpleData>
		<SimpleData name="FUENTE_BAS">CNE</SimpleData>
		<SimpleData name="FECH_CREA">1530316800000</SimpleData>
		<SimpleData name="FECH_ACT">1688083200000</SimpleData>
	</SchemaData></ExtendedData>
      <Point><coordinates>-70.1273216389999,-20.237082969</coordinates></Point>
  </Placemark>
  <Placemark id="centrales_hidroelectricas.23">
	<name>CHACABUQUITO</name>
	<ExtendedData><SchemaData schemaUrl="#centrales_hidroelectricas">
		<SimpleData name="OBJECTID">23</SimpleData>
		<SimpleData name="ID_GE_HIDR">44</SimpleData>
		<SimpleData name="NOMBRE">CHACABUQUITO</SimpleData>
		<SimpleData name="PROPIEDAD">COLBUN S.A.</SimpleData>
		<SimpleData name="TIPO">HIDRAULICA PASADA</SimpleData>
		<SimpleData name="COMBUSTIBL">NO APLICA</SimpleData>
		<SimpleData name="POTENCIAMW">25.63575</SimpleData>
		<SimpleData name="UNIDADES">4</SimpleData>
		<SimpleData name="SIST_ELECT">SEN</SimpleData>
		<SimpleData name="ESTADO">OPERATIVA</SimpleData>
		<SimpleData name="F_OPERACIO">1009843200000</SimpleData>
		<SimpleData name="COORD_ESTE">359066</SimpleData>
		<SimpleData name="COORD_NORT">6363941</SimpleData>
		<SimpleData name="HUSO">19 SUR</SimpleData>
		<SimpleData name="DATUM">WGS 1984</SimpleData>
		<SimpleData name="REGION">05</SimpleData>
		<SimpleData name="PROVINCIA">053</SimpleData>
		<SimpleData name="COMUNA">05301</SimpleData>
		<SimpleData name="FUENTE_BAS">CNE</SimpleData>
		<SimpleData name="FECH_CREA">1530316800000</SimpleData>
		<SimpleData name="FECH_ACT">1688083200000</SimpleData>
	</SchemaData></ExtendedData>
      <Point><coordinates>-70.506118585,-32.8535707359999</coordinates></Point>
  </Placemark>
  <Placemark id="centrales_hidroelectricas.24">
	<name>CHACAYES</name>
	<ExtendedData><SchemaData schemaUrl="#centrales_hidroelectricas">
		<SimpleData name="OBJECTID">24</SimpleData>
		<SimpleData name="ID_GE_HIDR">45</SimpleData>
		<SimpleData name="NOMBRE">CHACAYES</SimpleData>
		<SimpleData name="PROPIEDAD">PACIFIC HYDRO CHACAYES S.A.</SimpleData>
		<SimpleData name="TIPO">HIDRAULICA PASADA</SimpleData>
		<SimpleData name="COMBUSTIBL">NO APLICA</SimpleData>
		<SimpleData name="POTENCIAMW">111.72</SimpleData>
		<SimpleData name="UNIDADES">2</SimpleData>
		<SimpleData name="RCA">162/2008</SimpleData>
		<SimpleData name="SIST_ELECT">SEN</SimpleData>
		<SimpleData name="ESTADO">OPERATIVA</SimpleData>
		<SimpleData name="F_OPERACIO">1325289600000</SimpleData>
		<SimpleData name="COORD_ESTE">366311</SimpleData>
		<SimpleData name="COORD_NORT">6206340</SimpleData>
		<SimpleData name="HUSO">19 SUR</SimpleData>
		<SimpleData name="DATUM">WGS 1984</SimpleData>
		<SimpleData name="REGION">06</SimpleData>
		<SimpleData name="PROVINCIA">061</SimpleData>
		<SimpleData name="COMUNA">06108</SimpleData>
		<SimpleData name="FUENTE_BAS">CNE</SimpleData>
		<SimpleData name="FECH_CREA">1530316800000</SimpleData>
		<SimpleData name="FECH_ACT">1688083200000</SimpleData>
	</SchemaData></ExtendedData>
      <Point><coordinates>-70.4523165159999,-34.2755189919999</coordinates></Point>
  </Placemark>
  <Placemark id="centrales_hidroelectricas.25">
	<name>CHANLEUFU II</name>
	<ExtendedData><SchemaData schemaUrl="#centrales_hidroelectricas">
		<SimpleData name="OBJECTID">25</SimpleData>
		<SimpleData name="ID_GE_HIDR">47</SimpleData>
		<SimpleData name="NOMBRE">CHANLEUFU II</SimpleData>
		<SimpleData name="PROPIEDAD">CHANLEUFU</SimpleData>
		<SimpleData name="TIPO">HIDRAULICA PASADA</SimpleData>
		<SimpleData name="MEDIO_GENE">PMGD</SimpleData>
		<SimpleData name="COMBUSTIBL">NO APLICA</SimpleData>
		<SimpleData name="POTENCIAMW">3.4</SimpleData>
		<SimpleData name="UNIDADES">1</SimpleData>
		<SimpleData name="SIST_ELECT">SEN</SimpleData>
		<SimpleData name="ESTADO">OPERATIVA</SimpleData>
		<SimpleData name="F_OPERACIO">1463616000000</SimpleData>
		<SimpleData name="COORD_ESTE">218077</SimpleData>
		<SimpleData name="COORD_NORT">5487536</SimpleData>
		<SimpleData name="HUSO">19 SUR</SimpleData>
		<SimpleData name="DATUM">WGS 1984</SimpleData>
		<SimpleData name="REGION">10</SimpleData>
		<SimpleData name="PROVINCIA">103</SimpleData>
		<SimpleData name="COMUNA">10304</SimpleData>
		<SimpleData name="FUENTE_BAS">CNE</SimpleData>
		<SimpleData name="FECH_CREA">1530316800000</SimpleData>
		<SimpleData name="FECH_ACT">1688083200000</SimpleData>
	</SchemaData></ExtendedData>
      <Point><coordinates>-72.33754672,-40.7148600899999</coordinates></Point>
  </Placemark>
  <Placemark id="centrales_hidroelectricas.26">
	<name>CHAPIQUINA</name>
	<ExtendedData><SchemaData schemaUrl="#centrales_hidroelectricas">
		<SimpleData name="OBJECTID">26</SimpleData>
		<SimpleData name="ID_GE_HIDR">48</SimpleData>
		<SimpleData name="NOMBRE">CHAPIQUINA</SimpleData>
		<SimpleData name="PROPIEDAD">ENGIE</SimpleData>
		<SimpleData name="TIPO">HIDRAULICA PASADA</SimpleData>
		<SimpleData name="COMBUSTIBL">NO APLICA</SimpleData>
		<SimpleData name="POTENCIAMW">10.832</SimpleData>
		<SimpleData name="UNIDADES">2</SimpleData>
		<SimpleData name="SIST_ELECT">SEN</SimpleData>
		<SimpleData name="ESTADO">OPERATIVA</SimpleData>
		<SimpleData name="F_OPERACIO">-94694400000</SimpleData>
		<SimpleData name="COORD_ESTE">442028</SimpleData>
		<SimpleData name="COORD_NORT">7968474</SimpleData>
		<SimpleData name="HUSO">19 SUR</SimpleData>
		<SimpleData name="DATUM">WGS 1984</SimpleData>
		<SimpleData name="REGION">15</SimpleData>
		<SimpleData name="PROVINCIA">152</SimpleData>
		<SimpleData name="COMUNA">15201</SimpleData>
		<SimpleData name="FUENTE_BAS">CNE</SimpleData>
		<SimpleData name="FECH_CREA">1530316800000</SimpleData>
		<SimpleData name="FECH_ACT">1688083200000</SimpleData>
	</SchemaData></ExtendedData>
      <Point><coordinates>-69.548773535,-18.3728633339999</coordinates></Point>
  </Placemark>
  <Placemark id="centrales_hidroelectricas.27">
	<name>CHIBURGO</name>
	<ExtendedData><SchemaData schemaUrl="#centrales_hidroelectricas">
		<SimpleData name="OBJECTID">27</SimpleData>
		<SimpleData name="ID_GE_HIDR">49</SimpleData>
		<SimpleData name="NOMBRE">CHIBURGO</SimpleData>
		<SimpleData name="PROPIEDAD">COLBUN S.A.</SimpleData>
		<SimpleData name="TIPO">HIDRAULICA PASADA</SimpleData>
		<SimpleData name="COMBUSTIBL">NO APLICA</SimpleData>
		<SimpleData name="POTENCIAMW">19.1575</SimpleData>
		<SimpleData name="UNIDADES">2</SimpleData>
		<SimpleData name="RCA">137/2005</SimpleData>
		<SimpleData name="SIST_ELECT">SEN</SimpleData>
		<SimpleData name="ESTADO">OPERATIVA</SimpleData>
		<SimpleData name="F_OPERACIO">1184803200000</SimpleData>
		<SimpleData name="COORD_ESTE">286825</SimpleData>
		<SimpleData name="COORD_NORT">6051044</SimpleData>
		<SimpleData name="HUSO">19 SUR</SimpleData>
		<SimpleData name="DATUM">WGS 1984</SimpleData>
		<SimpleData name="REGION">07</SimpleData>
		<SimpleData name="PROVINCIA">074</SimpleData>
		<SimpleData name="COMUNA">07402</SimpleData>
		<SimpleData name="FUENTE_BAS">CNE</SimpleData>
		<SimpleData name="FECH_CREA">1530316800000</SimpleData>
		<SimpleData name="FECH_ACT">1688083200000</SimpleData>
	</SchemaData></ExtendedData>
      <Point><coordinates>-71.355018018,-35.661464967</coordinates></Point>
  </Placemark>
  <Placemark id="centrales_hidroelectricas.28">
	<name>CHILCO</name>
	<ExtendedData><SchemaData schemaUrl="#centrales_hidroelectricas">
		<SimpleData name="OBJECTID">28</SimpleData>
		<SimpleData name="ID_GE_HIDR">50</SimpleData>
		<SimpleData name="NOMBRE">CHILCO</SimpleData>
		<SimpleData name="PROPIEDAD">GANADERA Y FORESTAL CARRAN LTDA.</SimpleData>
		<SimpleData name="TIPO">HIDRAULICA PASADA</SimpleData>
		<SimpleData name="MEDIO_GENE">PMGD</SimpleData>
		<SimpleData name="COMBUSTIBL">NO APLICA</SimpleData>
		<SimpleData name="POTENCIAMW">0.2</SimpleData>
		<SimpleData name="UNIDADES">1</SimpleData>
		<SimpleData name="RCA">737/2007</SimpleData>
		<SimpleData name="SIST_ELECT">SEN</SimpleData>
		<SimpleData name="ESTADO">OPERATIVA</SimpleData>
		<SimpleData name="F_OPERACIO">1606435200000</SimpleData>
		<SimpleData name="COORD_ESTE">245740</SimpleData>
		<SimpleData name="COORD_NORT">5529610</SimpleData>
		<SimpleData name="HUSO">19 SUR</SimpleData>
		<SimpleData name="DATUM">WGS 1984</SimpleData>
		<SimpleData name="REGION">14</SimpleData>
		<SimpleData name="PROVINCIA">142</SimpleData>
		<SimpleData name="COMUNA">14203</SimpleData>
		<SimpleData name="FUENTE_BAS">CNE</SimpleData>
		<SimpleData name="FECH_CREA">1145491200000</SimpleData>
		<SimpleData name="FECH_ACT">1688083200000</SimpleData>
	</SchemaData></ExtendedData>
      <Point><coordinates>-71.993602278,-40.345339569</coordinates></Point>
  </Placemark>
  <Placemark id="centrales_hidroelectricas.29">
	<name>CIPRESES</name>
	<ExtendedData><SchemaData schemaUrl="#centrales_hidroelectricas">
		<SimpleData name="OBJECTID">29</SimpleData>
		<SimpleData name="ID_GE_HIDR">52</SimpleData>
		<SimpleData name="NOMBRE">CIPRESES</SimpleData>
		<SimpleData name="PROPIEDAD">ENEL GENERACION</SimpleData>
		<SimpleData name="TIPO">HIDRAULICA EMBALSE</SimpleData>
		<SimpleData name="COMBUSTIBL">NO APLICA</SimpleData>
		<SimpleData name="POTENCIAMW">96.6415</SimpleData>
		<SimpleData name="UNIDADES">3</SimpleData>
		<SimpleData name="SIST_ELECT">SEN</SimpleData>
		<SimpleData name="ESTADO">OPERATIVA</SimpleData>
		<SimpleData name="F_OPERACIO">-473385600000</SimpleData>
		<SimpleData name="COORD_ESTE">336627</SimpleData>
		<SimpleData name="COORD_NORT">6038213</SimpleData>
		<SimpleData name="HUSO">19 SUR</SimpleData>
		<SimpleData name="DATUM">WGS 1984</SimpleData>
		<SimpleData name="REGION">07</SimpleData>
		<SimpleData name="PROVINCIA">071</SimpleData>
		<SimpleData name="COMUNA">07109</SimpleData>
		<SimpleData name="FUENTE_BAS">CNE</SimpleData>
		<SimpleData name="FECH_CREA">1530316800000</SimpleData>
		<SimpleData name="FECH_ACT">1688083200000</SimpleData>
	</SchemaData></ExtendedData>
      <Point><coordinates>-70.807731479,-35.786599113</coordinates></Point>
  </Placemark>
  <Placemark id="centrales_hidroelectricas.30">
	<name>CIPRESILLOS</name>
	<ExtendedData><SchemaData schemaUrl="#centrales_hidroelectricas">
		<SimpleData name="OBJECTID">30</SimpleData>
		<SimpleData name="ID_GE_HIDR">53</SimpleData>
		<SimpleData name="NOMBRE">CIPRESILLOS</SimpleData>
		<SimpleData name="PROPIEDAD">ELECTRICA CIPRESILLOS SPA</SimpleData>
		<SimpleData name="TIPO">HIDRAULICA PASADA</SimpleData>
		<SimpleData name="COMBUSTIBL">NO APLICA</SimpleData>
		<SimpleData name="POTENCIAMW">11.85</SimpleData>
		<SimpleData name="UNIDADES">2</SimpleData>
		<SimpleData name="RCA">038/2016</SimpleData>
		<SimpleData name="SIST_ELECT">SEN</SimpleData>
		<SimpleData name="ESTADO">OPERATIVA</SimpleData>
		<SimpleData name="F_OPERACIO">1679961600000</SimpleData>
		<SimpleData name="COORD_ESTE">380250</SimpleData>
		<SimpleData name="COORD_NORT">6188300</SimpleData>
		<SimpleData name="HUSO">19 SUR</SimpleData>
		<SimpleData name="DATUM">WGS 1984</SimpleData>
		<SimpleData name="REGION">06</SimpleData>
		<SimpleData name="PROVINCIA">061</SimpleData>
		<SimpleData name="COMUNA">06108</SimpleData>
		<SimpleData name="FUENTE_BAS">CNE</SimpleData>
		<SimpleData name="FECH_CREA">1417651200000</SimpleData>
		<SimpleData name="FECH_ACT">1688083200000</SimpleData>
	</SchemaData></ExtendedData>
      <Point><coordinates>-70.303444078,-34.4398695039999</coordinates></Point>
  </Placemark>
  <Placemark id="centrales_hidroelectricas.31">
	<name>COLBUN</name>
	<ExtendedData><SchemaData schemaUrl="#centrales_hidroelectricas">
		<SimpleData name="OBJECTID">31</SimpleData>
		<SimpleData name="ID_GE_HIDR">54</SimpleData>
		<SimpleData name="NOMBRE">COLBUN</SimpleData>
		<SimpleData name="PROPIEDAD">COLBUN S.A.</SimpleData>
		<SimpleData name="TIPO">HIDRAULICA EMBALSE</SimpleData>
		<SimpleData name="COMBUSTIBL">NO APLICA</SimpleData>
		<SimpleData name="POTENCIAMW">460.8</SimpleData>
		<SimpleData name="UNIDADES">2</SimpleData>
		<SimpleData name="SIST_ELECT">SEN</SimpleData>
		<SimpleData name="ESTADO">OPERATIVA</SimpleData>
		<SimpleData name="F_OPERACIO">473385600000</SimpleData>
		<SimpleData name="COORD_ESTE">285422</SimpleData>
		<SimpleData name="COORD_NORT">6048273</SimpleData>
		<SimpleData name="HUSO">19 SUR</SimpleData>
		<SimpleData name="DATUM">WGS 1984</SimpleData>
		<SimpleData name="REGION">07</SimpleData>
		<SimpleData name="PROVINCIA">074</SimpleData>
		<SimpleData name="COMUNA">07402</SimpleData>
		<SimpleData name="FUENTE_BAS">CNE</SimpleData>
		<SimpleData name="FECH_CREA">1530316800000</SimpleData>
		<SimpleData name="FECH_ACT">1688083200000</SimpleData>
	</SchemaData></ExtendedData>
      <Point><coordinates>-71.3712442889999,-35.6861240169999</coordinates></Point>
  </Placemark>
  <Placemark id="centrales_hidroelectricas.32">
	<name>COLLIL</name>
	<ExtendedData><SchemaData schemaUrl="#centrales_hidroelectricas">
		<SimpleData name="OBJECTID">32</SimpleData>
		<SimpleData name="ID_GE_HIDR">55</SimpleData>
		<SimpleData name="NOMBRE">COLLIL</SimpleData>
		<SimpleData name="PROPIEDAD">ENERGIA COLLIL S.A.</SimpleData>
		<SimpleData name="TIPO">HIDRAULICA PASADA</SimpleData>
		<SimpleData name="MEDIO_GENE">PMGD</SimpleData>
		<SimpleData name="COMBUSTIBL">NO APLICA</SimpleData>
		<SimpleData name="POTENCIAMW">6.997</SimpleData>
		<SimpleData name="UNIDADES">2</SimpleData>
		<SimpleData name="RCA">551/2012</SimpleData>
		<SimpleData name="SIST_ELECT">SEN</SimpleData>
		<SimpleData name="ESTADO">OPERATIVA</SimpleData>
		<SimpleData name="F_OPERACIO">1415664000000</SimpleData>
		<SimpleData name="COORD_ESTE">93213</SimpleData>
		<SimpleData name="COORD_NORT">5271940</SimpleData>
		<SimpleData name="HUSO">19 SUR</SimpleData>
		<SimpleData name="DATUM">WGS 1984</SimpleData>
		<SimpleData name="REGION">10</SimpleData>
		<SimpleData name="PROVINCIA">102</SimpleData>
		<SimpleData name="COMUNA">10203</SimpleData>
		<SimpleData name="FUENTE_BAS">CNE</SimpleData>
		<SimpleData name="FECH_CREA">1530316800000</SimpleData>
		<SimpleData name="FECH_ACT">1688083200000</SimpleData>
	</SchemaData></ExtendedData>
      <Point><coordinates>-73.9579824529999,-42.597610695</coordinates></Point>
  </Placemark>
  <Placemark id="centrales_hidroelectricas.33">
	<name>CONTRA</name>
	<ExtendedData><SchemaData schemaUrl="#centrales_hidroelectricas">
		<SimpleData name="OBJECTID">33</SimpleData>
		<SimpleData name="ID_GE_HIDR">57</SimpleData>
		<SimpleData name="NOMBRE">CONTRA</SimpleData>
		<SimpleData name="PROPIEDAD">CONTRA</SimpleData>
		<SimpleData name="TIPO">HIDRAULICA PASADA</SimpleData>
		<SimpleData name="MEDIO_GENE">PMGD</SimpleData>
		<SimpleData name="COMBUSTIBL">NO APLICA</SimpleData>
		<SimpleData name="POTENCIAMW">0.328</SimpleData>
		<SimpleData name="UNIDADES">1</SimpleData>
		<SimpleData name="SIST_ELECT">SEN</SimpleData>
		<SimpleData name="ESTADO">OPERATIVA</SimpleData>
		<SimpleData name="F_OPERACIO">1372377600000</SimpleData>
		<SimpleData name="COORD_ESTE">170419</SimpleData>
		<SimpleData name="COORD_NORT">5523122</SimpleData>
		<SimpleData name="HUSO">19 SUR</SimpleData>
		<SimpleData name="DATUM">WGS 1984</SimpleData>
		<SimpleData name="REGION">14</SimpleData>
		<SimpleData name="PROVINCIA">142</SimpleData>
		<SimpleData name="COMUNA">14204</SimpleData>
		<SimpleData name="FUENTE_BAS">CNE</SimpleData>
		<SimpleData name="FECH_CREA">1530316800000</SimpleData>
		<SimpleData name="FECH_ACT">1688083200000</SimpleData>
	</SchemaData></ExtendedData>
      <Point><coordinates>-72.882057205,-40.377333052</coordinates></Point>
  </Placemark>
  <Placemark id="centrales_hidroelectricas.34">
	<name>CONVENTO VIEJO</name>
	<ExtendedData><SchemaData schemaUrl="#centrales_hidroelectricas">
		<SimpleData name="OBJECTID">34</SimpleData>
		<SimpleData name="ID_GE_HIDR">58</SimpleData>
		<SimpleData name="NOMBRE">CONVENTO VIEJO</SimpleData>
		<SimpleData name="PROPIEDAD">EMBALSE CONVENTO VIEJO S.A.</SimpleData>
		<SimpleData name="TIPO">HIDRAULICA PASADA</SimpleData>
		<SimpleData name="COMBUSTIBL">NO APLICA</SimpleData>
		<SimpleData name="POTENCIAMW">15.66</SimpleData>
		<SimpleData name="UNIDADES">2</SimpleData>
		<SimpleData name="RCA">147/2007</SimpleData>
		<SimpleData name="SIST_ELECT">SEN</SimpleData>
		<SimpleData name="ESTADO">OPERATIVA</SimpleData>
		<SimpleData name="F_OPERACIO">1550707200000</SimpleData>
		<SimpleData name="COORD_ESTE">305195</SimpleData>
		<SimpleData name="COORD_NORT">6150620</SimpleData>
		<SimpleData name="HUSO">19 SUR</SimpleData>
		<SimpleData name="DATUM">WGS 1984</SimpleData>
		<SimpleData name="REGION">06</SimpleData>
		<SimpleData name="PROVINCIA">063</SimpleData>
		<SimpleData name="COMUNA">06303</SimpleData>
		<SimpleData name="FUENTE_BAS">CNE</SimpleData>
		<SimpleData name="FECH_CREA">1155254400000</SimpleData>
		<SimpleData name="FECH_ACT">1688083200000</SimpleData>
	</SchemaData></ExtendedData>
      <Point><coordinates>-71.128646942,-34.768002021</coordinates></Point>
  </Placemark>
  <Placemark id="centrales_hidroelectricas.35">
	<name>CORRENTOSO</name>
	<ExtendedData><SchemaData schemaUrl="#centrales_hidroelectricas">
		<SimpleData name="OBJECTID">35</SimpleData>
		<SimpleData name="ID_GE_HIDR">59</SimpleData>
		<SimpleData name="NOMBRE">CORRENTOSO</SimpleData>
		<SimpleData name="PROPIEDAD">HIDROPALMAR S.A.</SimpleData>
		<SimpleData name="TIPO">HIDRAULICA PASADA</SimpleData>
		<SimpleData name="MEDIO_GENE">PMG</SimpleData>
		<SimpleData name="COMBUSTIBL">NO APLICA</SimpleData>
		<SimpleData name="POTENCIAMW">8.38</SimpleData>
		<SimpleData name="UNIDADES">1</SimpleData>
		<SimpleData name="RCA">380/2008</SimpleData>
		<SimpleData name="SIST_ELECT">SEN</SimpleData>
		<SimpleData name="ESTADO">OPERATIVA</SimpleData>
		<SimpleData name="F_OPERACIO">1586995200000</SimpleData>
		<SimpleData name="COORD_ESTE">222377</SimpleData>
		<SimpleData name="COORD_NORT">5478896</SimpleData>
		<SimpleData name="HUSO">19 SUR</SimpleData>
		<SimpleData name="DATUM">WGS 1984</SimpleData>
		<SimpleData name="REGION">10</SimpleData>
		<SimpleData name="PROVINCIA">103</SimpleData>
		<SimpleData name="COMUNA">10304</SimpleData>
		<SimpleData name="FUENTE_BAS">CNE</SimpleData>
		<SimpleData name="FECH_CREA">1191110400000</SimpleData>
		<SimpleData name="FECH_ACT">1688083200000</SimpleData>
	</SchemaData></ExtendedData>
      <Point><coordinates>-72.290554716,-40.794026037</coordinates></Point>
  </Placemark>
  <Placemark id="centrales_hidroelectricas.36">
	<name>COYA</name>
	<ExtendedData><SchemaData schemaUrl="#centrales_hidroelectricas">
		<SimpleData name="OBJECTID">36</SimpleData>
		<SimpleData name="ID_GE_HIDR">60</SimpleData>
		<SimpleData name="NOMBRE">COYA</SimpleData>
		<SimpleData name="PROPIEDAD">PACIFIC HYDRO CHILE S.A.</SimpleData>
		<SimpleData name="TIPO">HIDRAULICA PASADA</SimpleData>
		<SimpleData name="COMBUSTIBL">NO APLICA</SimpleData>
		<SimpleData name="POTENCIAMW">11.9724</SimpleData>
		<SimpleData name="UNIDADES">1</SimpleData>
		<SimpleData name="SIST_ELECT">SEN</SimpleData>
		<SimpleData name="ESTADO">OPERATIVA</SimpleData>
		<SimpleData name="F_OPERACIO">1215561600000</SimpleData>
		<SimpleData name="COORD_ESTE">359437</SimpleData>
		<SimpleData name="COORD_NORT">6214070</SimpleData>
		<SimpleData name="HUSO">19 SUR</SimpleData>
		<SimpleData name="DATUM">WGS 1984</SimpleData>
		<SimpleData name="REGION">06</SimpleData>
		<SimpleData name="PROVINCIA">061</SimpleData>
		<SimpleData name="COMUNA">06108</SimpleData>
		<SimpleData name="FUENTE_BAS">CNE</SimpleData>
		<SimpleData name="FECH_CREA">1530316800000</SimpleData>
		<SimpleData name="FECH_ACT">1688083200000</SimpleData>
	</SchemaData></ExtendedData>
      <Point><coordinates>-70.52571067,-34.204922682</coordinates></Point>
  </Placemark>
  <Placemark id="centrales_hidroelectricas.37">
	<name>CUCHILDEO</name>
	<ExtendedData><SchemaData schemaUrl="#centrales_hidroelectricas">
		<SimpleData name="OBJECTID">37</SimpleData>
		<SimpleData name="ID_GE_HIDR">61</SimpleData>
		<SimpleData name="NOMBRE">CUCHILDEO</SimpleData>
		<SimpleData name="PROPIEDAD">EPA S.A.</SimpleData>
		<SimpleData name="TIPO">HIDRAULICA PASADA</SimpleData>
		<SimpleData name="COMBUSTIBL">NO APLICA</SimpleData>
		<SimpleData name="POTENCIAMW">0.765</SimpleData>
		<SimpleData name="UNIDADES">1</SimpleData>
		<SimpleData name="SIST_ELECT">LOS LAGOS</SimpleData>
		<SimpleData name="ESTADO">OPERATIVA</SimpleData>
		<SimpleData name="F_OPERACIO">1199145600000</SimpleData>
		<SimpleData name="COORD_ESTE">211373</SimpleData>
		<SimpleData name="COORD_NORT">5348800</SimpleData>
		<SimpleData name="HUSO">19 SUR</SimpleData>
		<SimpleData name="DATUM">WGS 1984</SimpleData>
		<SimpleData name="REGION">10</SimpleData>
		<SimpleData name="PROVINCIA">104</SimpleData>
		<SimpleData name="COMUNA">10403</SimpleData>
		<SimpleData name="FUENTE_BAS">CNE</SimpleData>
		<SimpleData name="FECH_CREA">1530316800000</SimpleData>
		<SimpleData name="FECH_ACT">1688083200000</SimpleData>
	</SchemaData></ExtendedData>
      <Point><coordinates>-72.482678837,-41.959964306</coordinates></Point>
  </Placemark>
  <Placemark id="centrales_hidroelectricas.38">
	<name>CUMBRES</name>
	<ExtendedData><SchemaData schemaUrl="#centrales_hidroelectricas">
		<SimpleData name="OBJECTID">38</SimpleData>
		<SimpleData name="ID_GE_HIDR">63</SimpleData>
		<SimpleData name="NOMBRE">CUMBRES</SimpleData>
		<SimpleData name="PROPIEDAD">CUMBRES S.A.</SimpleData>
		<SimpleData name="TIPO">HIDRAULICA PASADA</SimpleData>
		<SimpleData name="COMBUSTIBL">NO APLICA</SimpleData>
		<SimpleData name="POTENCIAMW">17.86</SimpleData>
		<SimpleData name="UNIDADES">2</SimpleData>
		<SimpleData name="RCA">033/2015</SimpleData>
		<SimpleData name="SIST_ELECT">SEN</SimpleData>
		<SimpleData name="ESTADO">OPERATIVA</SimpleData>
		<SimpleData name="F_OPERACIO">1569628800000</SimpleData>
		<SimpleData name="COORD_ESTE">228781</SimpleData>
		<SimpleData name="COORD_NORT">5495495</SimpleData>
		<SimpleData name="HUSO">19 SUR</SimpleData>
		<SimpleData name="DATUM">WGS 1984</SimpleData>
		<SimpleData name="REGION">14</SimpleData>
		<SimpleData name="PROVINCIA">142</SimpleData>
		<SimpleData name="COMUNA">14204</SimpleData>
		<SimpleData name="FUENTE_BAS">CNE</SimpleData>
		<SimpleData name="FECH_CREA">1408665600000</SimpleData>
		<SimpleData name="FECH_ACT">1688083200000</SimpleData>
	</SchemaData></ExtendedData>
      <Point><coordinates>-72.207583294,-40.646865001</coordinates></Point>
  </Placemark>
  <Placemark id="centrales_hidroelectricas.39">
	<name>CUMPEO</name>
	<ExtendedData><SchemaData schemaUrl="#centrales_hidroelectricas">
		<SimpleData name="OBJECTID">39</SimpleData>
		<SimpleData name="ID_GE_HIDR">64</SimpleData>
		<SimpleData name="NOMBRE">CUMPEO</SimpleData>
		<SimpleData name="PROPIEDAD">HIDROELECTRICA CUMPEO S.A.</SimpleData>
		<SimpleData name="TIPO">HIDRAULICA PASADA</SimpleData>
		<SimpleData name="MEDIO_GENE">PMGD</SimpleData>
		<SimpleData name="COMBUSTIBL">NO APLICA</SimpleData>
		<SimpleData name="POTENCIAMW">5.75</SimpleData>
		<SimpleData name="UNIDADES">1</SimpleData>
		<SimpleData name="RCA">156/2014</SimpleData>
		<SimpleData name="SIST_ELECT">SEN</SimpleData>
		<SimpleData name="ESTADO">OPERATIVA</SimpleData>
		<SimpleData name="F_OPERACIO">1477440000000</SimpleData>
		<SimpleData name="COORD_ESTE">303402</SimpleData>
		<SimpleData name="COORD_NORT">6097481</SimpleData>
		<SimpleData name="HUSO">19 SUR</SimpleData>
		<SimpleData name="DATUM">WGS 1984</SimpleData>
		<SimpleData name="REGION">07</SimpleData>
		<SimpleData name="PROVINCIA">073</SimpleData>
		<SimpleData name="COMUNA">07304</SimpleData>
		<SimpleData name="FUENTE_BAS">CNE</SimpleData>
		<SimpleData name="FECH_CREA">1530316800000</SimpleData>
		<SimpleData name="FECH_ACT">1688083200000</SimpleData>
	</SchemaData></ExtendedData>
      <Point><coordinates>-71.160787458,-35.246495475</coordinates></Point>
  </Placemark>
  <Placemark id="centrales_hidroelectricas.40">
	<name>CURILEUFU</name>
	<ExtendedData><SchemaData schemaUrl="#centrales_hidroelectricas">
		<SimpleData name="OBJECTID">40</SimpleData>
		<SimpleData name="ID_GE_HIDR">65</SimpleData>
		<SimpleData name="NOMBRE">CURILEUFU</SimpleData>
		<SimpleData name="PROPIEDAD">SOC. AGRICOLA Y GANADERA CURILEUFU LTDA.</SimpleData>
		<SimpleData name="TIPO">HIDRAULICA PASADA</SimpleData>
		<SimpleData name="MEDIO_GENE">PMGD</SimpleData>
		<SimpleData name="COMBUSTIBL">NO APLICA</SimpleData>
		<SimpleData name="POTENCIAMW">0.2197</SimpleData>
		<SimpleData name="UNIDADES">2</SimpleData>
		<SimpleData name="SIST_ELECT">SEN</SimpleData>
		<SimpleData name="ESTADO">OPERATIVA</SimpleData>
		<SimpleData name="F_OPERACIO">1420070400000</SimpleData>
		<SimpleData name="COORD_ESTE">199538</SimpleData>
		<SimpleData name="COORD_NORT">5522775</SimpleData>
		<SimpleData name="HUSO">19 SUR</SimpleData>
		<SimpleData name="DATUM">WGS 1984</SimpleData>
		<SimpleData name="REGION">14</SimpleData>
		<SimpleData name="PROVINCIA">142</SimpleData>
		<SimpleData name="COMUNA">14204</SimpleData>
		<SimpleData name="FUENTE_BAS">CNE</SimpleData>
		<SimpleData name="FECH_CREA">1530316800000</SimpleData>
		<SimpleData name="FECH_ACT">1688083200000</SimpleData>
	</SchemaData></ExtendedData>
      <Point><coordinates>-72.5398854059999,-40.391453966</coordinates></Point>
  </Placemark>
  <Placemark id="centrales_hidroelectricas.41">
	<name>CURILLINQUE</name>
	<ExtendedData><SchemaData schemaUrl="#centrales_hidroelectricas">
		<SimpleData name="OBJECTID">41</SimpleData>
		<SimpleData name="ID_GE_HIDR">66</SimpleData>
		<SimpleData name="NOMBRE">CURILLINQUE</SimpleData>
		<SimpleData name="PROPIEDAD">EMPRESA ELECTRICA PEHUENCHE S.A.</SimpleData>
		<SimpleData name="TIPO">HIDRAULICA PASADA</SimpleData>
		<SimpleData name="COMBUSTIBL">NO APLICA</SimpleData>
		<SimpleData name="POTENCIAMW">91.77</SimpleData>
		<SimpleData name="UNIDADES">1</SimpleData>
		<SimpleData name="SIST_ELECT">SEN</SimpleData>
		<SimpleData name="ESTADO">OPERATIVA</SimpleData>
		<SimpleData name="F_OPERACIO">725846400000</SimpleData>
		<SimpleData name="COORD_ESTE">324563</SimpleData>
		<SimpleData name="COORD_NORT">6035882</SimpleData>
		<SimpleData name="HUSO">19 SUR</SimpleData>
		<SimpleData name="DATUM">WGS 1984</SimpleData>
		<SimpleData name="REGION">07</SimpleData>
		<SimpleData name="PROVINCIA">071</SimpleData>
		<SimpleData name="COMUNA">07109</SimpleData>
		<SimpleData name="FUENTE_BAS">CNE</SimpleData>
		<SimpleData name="FECH_CREA">1530316800000</SimpleData>
		<SimpleData name="FECH_ACT">1688083200000</SimpleData>
	</SchemaData></ExtendedData>
      <Point><coordinates>-70.9416651449999,-35.805523418</coordinates></Point>
  </Placemark>
  <Placemark id="centrales_hidroelectricas.42">
	<name>DIGUA</name>
	<ExtendedData><SchemaData schemaUrl="#centrales_hidroelectricas">
		<SimpleData name="OBJECTID">42</SimpleData>
		<SimpleData name="ID_GE_HIDR">67</SimpleData>
		<SimpleData name="NOMBRE">DIGUA</SimpleData>
		<SimpleData name="PROPIEDAD">ELECTRICA DIGUA SPA</SimpleData>
		<SimpleData name="TIPO">HIDRAULICA PASADA</SimpleData>
		<SimpleData name="COMBUSTIBL">NO APLICA</SimpleData>
		<SimpleData name="POTENCIAMW">23.832</SimpleData>
		<SimpleData name="UNIDADES">2</SimpleData>
		<SimpleData name="RCA">030/2017</SimpleData>
		<SimpleData name="SIST_ELECT">SEN</SimpleData>
		<SimpleData name="ESTADO">OPERATIVA</SimpleData>
		<SimpleData name="F_OPERACIO">1621382400000</SimpleData>
		<SimpleData name="COORD_ESTE">270665</SimpleData>
		<SimpleData name="COORD_NORT">5984500</SimpleData>
		<SimpleData name="HUSO">19 SUR</SimpleData>
		<SimpleData name="DATUM">WGS 1984</SimpleData>
		<SimpleData name="REGION">07</SimpleData>
		<SimpleData name="PROVINCIA">074</SimpleData>
		<SimpleData name="COMUNA">07404</SimpleData>
		<SimpleData name="FUENTE_BAS">CNE</SimpleData>
		<SimpleData name="FECH_CREA">1466380800000</SimpleData>
		<SimpleData name="FECH_ACT">1688083200000</SimpleData>
	</SchemaData></ExtendedData>
      <Point><coordinates>-71.55261805,-36.257211172</coordinates></Point>
  </Placemark>
  <Placemark id="centrales_hidroelectricas.43">
	<name>DON WALTERIO</name>
	<ExtendedData><SchemaData schemaUrl="#centrales_hidroelectricas">
		<SimpleData name="OBJECTID">43</SimpleData>
		<SimpleData name="ID_GE_HIDR">69</SimpleData>
		<SimpleData name="NOMBRE">DON WALTERIO</SimpleData>
		<SimpleData name="PROPIEDAD">GENERADORA ELECTRICA RHOM LTDA.</SimpleData>
		<SimpleData name="TIPO">HIDRAULICA PASADA</SimpleData>
		<SimpleData name="MEDIO_GENE">PMGD</SimpleData>
		<SimpleData name="COMBUSTIBL">NO APLICA</SimpleData>
		<SimpleData name="POTENCIAMW">2.9456</SimpleData>
		<SimpleData name="UNIDADES">1</SimpleData>
		<SimpleData name="RCA">707/2006</SimpleData>
		<SimpleData name="SIST_ELECT">SEN</SimpleData>
		<SimpleData name="ESTADO">OPERATIVA</SimpleData>
		<SimpleData name="F_OPERACIO">1366848000000</SimpleData>
		<SimpleData name="COORD_ESTE">202287</SimpleData>
		<SimpleData name="COORD_NORT">5504390</SimpleData>
		<SimpleData name="HUSO">19 SUR</SimpleData>
		<SimpleData name="DATUM">WGS 1984</SimpleData>
		<SimpleData name="REGION">14</SimpleData>
		<SimpleData name="PROVINCIA">142</SimpleData>
		<SimpleData name="COMUNA">14204</SimpleData>
		<SimpleData name="FUENTE_BAS">CNE</SimpleData>
		<SimpleData name="FECH_CREA">1530316800000</SimpleData>
		<SimpleData name="FECH_ACT">1688083200000</SimpleData>
	</SchemaData></ExtendedData>
      <Point><coordinates>-72.516180064,-40.557760214</coordinates></Point>
  </Placemark>
  <Placemark id="centrales_hidroelectricas.44">
	<name>DONGO</name>
	<ExtendedData><SchemaData schemaUrl="#centrales_hidroelectricas">
		<SimpleData name="OBJECTID">44</SimpleData>
		<SimpleData name="ID_GE_HIDR">70</SimpleData>
		<SimpleData name="NOMBRE">DONGO</SimpleData>
		<SimpleData name="PROPIEDAD">HIDROELECTRICA DONGO SPA</SimpleData>
		<SimpleData name="TIPO">HIDRAULICA PASADA</SimpleData>
		<SimpleData name="MEDIO_GENE">PMGD</SimpleData>
		<SimpleData name="COMBUSTIBL">NO APLICA</SimpleData>
		<SimpleData name="POTENCIAMW">5.9976</SimpleData>
		<SimpleData name="UNIDADES">2</SimpleData>
		<SimpleData name="RCA">723/2008</SimpleData>
		<SimpleData name="SIST_ELECT">SEN</SimpleData>
		<SimpleData name="ESTADO">OPERATIVA</SimpleData>
		<SimpleData name="F_OPERACIO">1292284800000</SimpleData>
		<SimpleData name="COORD_ESTE">98233</SimpleData>
		<SimpleData name="COORD_NORT">5275560</SimpleData>
		<SimpleData name="HUSO">19 SUR</SimpleData>
		<SimpleData name="DATUM">WGS 1984</SimpleData>
		<SimpleData name="REGION">10</SimpleData>
		<SimpleData name="PROVINCIA">102</SimpleData>
		<SimpleData name="COMUNA">10203</SimpleData>
		<SimpleData name="FUENTE_BAS">CNE</SimpleData>
		<SimpleData name="FECH_CREA">1530316800000</SimpleData>
		<SimpleData name="FECH_ACT">1688083200000</SimpleData>
	</SchemaData></ExtendedData>
      <Point><coordinates>-73.8944690879999,-42.5677574809999</coordinates></Point>
  </Placemark>
  <Placemark id="centrales_hidroelectricas.45">
	<name>DONGUIL</name>
	<ExtendedData><SchemaData schemaUrl="#centrales_hidroelectricas">
		<SimpleData name="OBJECTID">45</SimpleData>
		<SimpleData name="ID_GE_HIDR">72</SimpleData>
		<SimpleData name="NOMBRE">DONGUIL</SimpleData>
		<SimpleData name="PROPIEDAD">DONGUIL ENERGIA</SimpleData>
		<SimpleData name="TIPO">HIDRAULICA PASADA</SimpleData>
		<SimpleData name="MEDIO_GENE">PMGD</SimpleData>
		<SimpleData name="COMBUSTIBL">NO APLICA</SimpleData>
		<SimpleData name="POTENCIAMW">0.2494</SimpleData>
		<SimpleData name="UNIDADES">1</SimpleData>
		<SimpleData name="SIST_ELECT">SEN</SimpleData>
		<SimpleData name="ESTADO">OPERATIVA</SimpleData>
		<SimpleData name="F_OPERACIO">1306540800000</SimpleData>
		<SimpleData name="COORD_ESTE">182305</SimpleData>
		<SimpleData name="COORD_NORT">5663435</SimpleData>
		<SimpleData name="HUSO">19 SUR</SimpleData>
		<SimpleData name="DATUM">WGS 1984</SimpleData>
		<SimpleData name="REGION">09</SimpleData>
		<SimpleData name="PROVINCIA">091</SimpleData>
		<SimpleData name="COMUNA">09107</SimpleData>
		<SimpleData name="FUENTE_BAS">CNE</SimpleData>
		<SimpleData name="FECH_CREA">1530316800000</SimpleData>
		<SimpleData name="FECH_ACT">1688083200000</SimpleData>
	</SchemaData></ExtendedData>
      <Point><coordinates>-72.674598658,-39.120351752</coordinates></Point>
  </Placemark>
  <Placemark id="centrales_hidroelectricas.46">
	<name>DONA HILDA</name>
	<ExtendedData><SchemaData schemaUrl="#centrales_hidroelectricas">
		<SimpleData name="OBJECTID">46</SimpleData>
		<SimpleData name="ID_GE_HIDR">74</SimpleData>
		<SimpleData name="NOMBRE">DONA HILDA</SimpleData>
		<SimpleData name="PROPIEDAD">FORESTAL Y GANADERA CARRAN LTDA</SimpleData>
		<SimpleData name="TIPO">HIDRAULICA PASADA</SimpleData>
		<SimpleData name="MEDIO_GENE">PMGD</SimpleData>
		<SimpleData name="COMBUSTIBL">NO APLICA</SimpleData>
		<SimpleData name="POTENCIAMW">0.419</SimpleData>
		<SimpleData name="UNIDADES">1</SimpleData>
		<SimpleData name="SIST_ELECT">SEN</SimpleData>
		<SimpleData name="ESTADO">OPERATIVA</SimpleData>
		<SimpleData name="F_OPERACIO">1290211200000</SimpleData>
		<SimpleData name="COORD_ESTE">244644</SimpleData>
		<SimpleData name="COORD_NORT">5530960</SimpleData>
		<SimpleData name="HUSO">19 SUR</SimpleData>
		<SimpleData name="DATUM">WGS 1984</SimpleData>
		<SimpleData name="REGION">14</SimpleData>
		<SimpleData name="PROVINCIA">142</SimpleData>
		<SimpleData name="COMUNA">14203</SimpleData>
		<SimpleData name="FUENTE_BAS">CNE</SimpleData>
		<SimpleData name="FECH_CREA">1530316800000</SimpleData>
		<SimpleData name="FECH_ACT">1688083200000</SimpleData>
	</SchemaData></ExtendedData>
      <Point><coordinates>-72.0059499719999,-40.332859264</coordinates></Point>
  </Placemark>
  <Placemark id="centrales_hidroelectricas.47">
	<name>DOS VALLES</name>
	<ExtendedData><SchemaData schemaUrl="#centrales_hidroelectricas">
		<SimpleData name="OBJECTID">47</SimpleData>
		<SimpleData name="ID_GE_HIDR">75</SimpleData>
		<SimpleData name="NOMBRE">DOS VALLES</SimpleData>
		<SimpleData name="PROPIEDAD">HIDROELECTRICA DOS VALLES S.P.A</SimpleData>
		<SimpleData name="TIPO">HIDRAULICA PASADA</SimpleData>
		<SimpleData name="MEDIO_GENE">PMG</SimpleData>
		<SimpleData name="COMBUSTIBL">NO APLICA</SimpleData>
		<SimpleData name="POTENCIAMW">4.45</SimpleData>
		<SimpleData name="UNIDADES">1</SimpleData>
		<SimpleData name="SIST_ELECT">SEN</SimpleData>
		<SimpleData name="ESTADO">OPERATIVA</SimpleData>
		<SimpleData name="F_OPERACIO">1568419200000</SimpleData>
		<SimpleData name="COORD_ESTE">377500</SimpleData>
		<SimpleData name="COORD_NORT">6137034</SimpleData>
		<SimpleData name="HUSO">19 SUR</SimpleData>
		<SimpleData name="DATUM">WGS 1984</SimpleData>
		<SimpleData name="REGION">06</SimpleData>
		<SimpleData name="PROVINCIA">063</SimpleData>
		<SimpleData name="COMUNA">06301</SimpleData>
		<SimpleData name="FUENTE_BAS">CNE</SimpleData>
		<SimpleData name="FECH_CREA">1506729600000</SimpleData>
		<SimpleData name="FECH_ACT">1688083200000</SimpleData>
	</SchemaData></ExtendedData>
      <Point><coordinates>-70.340797803,-34.901733765</coordinates></Point>
  </Placemark>
  <Placemark id="centrales_hidroelectricas.48">
	<name>EL AGRIO</name>
	<ExtendedData><SchemaData schemaUrl="#centrales_hidroelectricas">
		<SimpleData name="OBJECTID">48</SimpleData>
		<SimpleData name="ID_GE_HIDR">77</SimpleData>
		<SimpleData name="NOMBRE">EL AGRIO</SimpleData>
		<SimpleData name="PROPIEDAD">EL AGRIO HIDRO SPA</SimpleData>
		<SimpleData name="TIPO">HIDRAULICA PASADA</SimpleData>
		<SimpleData name="MEDIO_GENE">PMGD</SimpleData>
		<SimpleData name="COMBUSTIBL">NO APLICA</SimpleData>
		<SimpleData name="POTENCIAMW">2.4974</SimpleData>
		<SimpleData name="UNIDADES">1</SimpleData>
		<SimpleData name="RCA">NO APLICA</SimpleData>
		<SimpleData name="SIST_ELECT">SEN</SimpleData>
		<SimpleData name="ESTADO">OPERATIVA</SimpleData>
		<SimpleData name="F_OPERACIO">1468800000000</SimpleData>
		<SimpleData name="COORD_ESTE">288312</SimpleData>
		<SimpleData name="COORD_NORT">5730054</SimpleData>
		<SimpleData name="HUSO">19 SUR</SimpleData>
		<SimpleData name="DATUM">WGS 1984</SimpleData>
		<SimpleData name="REGION">09</SimpleData>
		<SimpleData name="PROVINCIA">092</SimpleData>
		<SimpleData name="COMUNA">09203</SimpleData>
		<SimpleData name="FUENTE_BAS">CNE</SimpleData>
		<SimpleData name="FECH_CREA">1530316800000</SimpleData>
		<SimpleData name="FECH_ACT">1688083200000</SimpleData>
	</SchemaData></ExtendedData>
      <Point><coordinates>-71.429283111,-38.5527635789999</coordinates></Point>
  </Placemark>
  <Placemark id="centrales_hidroelectricas.49">
	<name>EL ARRAYAN</name>
	<ExtendedData><SchemaData schemaUrl="#centrales_hidroelectricas">
		<SimpleData name="OBJECTID">49</SimpleData>
		<SimpleData name="ID_GE_HIDR">79</SimpleData>
		<SimpleData name="NOMBRE">EL ARRAYAN</SimpleData>
		<SimpleData name="PROPIEDAD">ENERGIA RENOVABLE ARRAYAN LTDA</SimpleData>
		<SimpleData name="TIPO">HIDRAULICA PASADA</SimpleData>
		<SimpleData name="MEDIO_GENE">PMGD</SimpleData>
		<SimpleData name="COMBUSTIBL">NO APLICA</SimpleData>
		<SimpleData name="POTENCIAMW">0.1491</SimpleData>
		<SimpleData name="UNIDADES">1</SimpleData>
		<SimpleData name="SIST_ELECT">SEN</SimpleData>
		<SimpleData name="ESTADO">OPERATIVA</SimpleData>
		<SimpleData name="F_OPERACIO">1369180800000</SimpleData>
		<SimpleData name="COORD_ESTE">206812</SimpleData>
		<SimpleData name="COORD_NORT">5500072</SimpleData>
		<SimpleData name="HUSO">19 SUR</SimpleData>
		<SimpleData name="DATUM">WGS 1984</SimpleData>
		<SimpleData name="REGION">14</SimpleData>
		<SimpleData name="PROVINCIA">142</SimpleData>
		<SimpleData name="COMUNA">14204</SimpleData>
		<SimpleData name="FUENTE_BAS">CNE</SimpleData>
		<SimpleData name="FECH_CREA">1530316800000</SimpleData>
		<SimpleData name="FECH_ACT">1688083200000</SimpleData>
	</SchemaData></ExtendedData>
      <Point><coordinates>-72.464835529,-40.598202769</coordinates></Point>
  </Placemark>
  <Placemark id="centrales_hidroelectricas.50">
	<name>EL BRINCO</name>
	<ExtendedData><SchemaData schemaUrl="#centrales_hidroelectricas">
		<SimpleData name="OBJECTID">50</SimpleData>
		<SimpleData name="ID_GE_HIDR">80</SimpleData>
		<SimpleData name="NOMBRE">EL BRINCO</SimpleData>
		<SimpleData name="PROPIEDAD">HIDRO MUNILQUE SPA</SimpleData>
		<SimpleData name="TIPO">HIDRAULICA PASADA</SimpleData>
		<SimpleData name="MEDIO_GENE">PMGD</SimpleData>
		<SimpleData name="COMBUSTIBL">NO APLICA</SimpleData>
		<SimpleData name="POTENCIAMW">0.19</SimpleData>
		<SimpleData name="UNIDADES">1</SimpleData>
		<SimpleData name="RCA">441/2015</SimpleData>
		<SimpleData name="SIST_ELECT">SEN</SimpleData>
		<SimpleData name="ESTADO">OPERATIVA</SimpleData>
		<SimpleData name="F_OPERACIO">1652313600000</SimpleData>
		<SimpleData name="COORD_ESTE">221212</SimpleData>
		<SimpleData name="COORD_NORT">5824850</SimpleData>
		<SimpleData name="HUSO">19 SUR</SimpleData>
		<SimpleData name="DATUM">WGS 1984</SimpleData>
		<SimpleData name="REGION">08</SimpleData>
		<SimpleData name="PROVINCIA">083</SimpleData>
		<SimpleData name="COMUNA">08305</SimpleData>
		<SimpleData name="FUENTE_BAS">CNE</SimpleData>
		<SimpleData name="FECH_CREA">1432252800000</SimpleData>
		<SimpleData name="FECH_ACT">1688083200000</SimpleData>
	</SchemaData></ExtendedData>
      <Point><coordinates>-72.161312072,-37.68121359</coordinates></Point>
  </Placemark>
  <Placemark id="centrales_hidroelectricas.51">
	<name>EL CANELO</name>
	<ExtendedData><SchemaData schemaUrl="#centrales_hidroelectricas">
		<SimpleData name="OBJECTID">51</SimpleData>
		<SimpleData name="ID_GE_HIDR">82</SimpleData>
		<SimpleData name="NOMBRE">EL CANELO</SimpleData>
		<SimpleData name="PROPIEDAD">HIDROELECTRICA EL CANELO S.A.</SimpleData>
		<SimpleData name="TIPO">HIDRAULICA PASADA</SimpleData>
		<SimpleData name="MEDIO_GENE">PMGD</SimpleData>
		<SimpleData name="COMBUSTIBL">NO APLICA</SimpleData>
		<SimpleData name="POTENCIAMW">6.04</SimpleData>
		<SimpleData name="UNIDADES">2</SimpleData>
		<SimpleData name="RCA">061/2011</SimpleData>
		<SimpleData name="SIST_ELECT">SEN</SimpleData>
		<SimpleData name="ESTADO">OPERATIVA</SimpleData>
		<SimpleData name="F_OPERACIO">1336348800000</SimpleData>
		<SimpleData name="COORD_ESTE">260699</SimpleData>
		<SimpleData name="COORD_NORT">5697412</SimpleData>
		<SimpleData name="HUSO">19 SUR</SimpleData>
		<SimpleData name="DATUM">WGS 1984</SimpleData>
		<SimpleData name="REGION">09</SimpleData>
		<SimpleData name="PROVINCIA">091</SimpleData>
		<SimpleData name="COMUNA">09110</SimpleData>
		<SimpleData name="FUENTE_BAS">CNE</SimpleData>
		<SimpleData name="FECH_CREA">1530316800000</SimpleData>
		<SimpleData name="FECH_ACT">1688083200000</SimpleData>
	</SchemaData></ExtendedData>
      <Point><coordinates>-71.757109547,-38.8395865429999</coordinates></Point>
  </Placemark>
  <Placemark id="centrales_hidroelectricas.52">
	<name>EL COLORADO</name>
	<ExtendedData><SchemaData schemaUrl="#centrales_hidroelectricas">
		<SimpleData name="OBJECTID">52</SimpleData>
		<SimpleData name="ID_GE_HIDR">85</SimpleData>
		<SimpleData name="NOMBRE">EL COLORADO</SimpleData>
		<SimpleData name="PROPIEDAD">DENER S. A.</SimpleData>
		<SimpleData name="TIPO">HIDRAULICA PASADA</SimpleData>
		<SimpleData name="MEDIO_GENE">PMGD</SimpleData>
		<SimpleData name="COMBUSTIBL">NO APLICA</SimpleData>
		<SimpleData name="POTENCIAMW">1.99</SimpleData>
		<SimpleData name="UNIDADES">1</SimpleData>
		<SimpleData name="SIST_ELECT">SEN</SimpleData>
		<SimpleData name="ESTADO">OPERATIVA</SimpleData>
		<SimpleData name="F_OPERACIO">1472428800000</SimpleData>
		<SimpleData name="COORD_ESTE">198247</SimpleData>
		<SimpleData name="COORD_NORT">5410039</SimpleData>
		<SimpleData name="HUSO">19 SUR</SimpleData>
		<SimpleData name="DATUM">WGS 1984</SimpleData>
		<SimpleData name="REGION">10</SimpleData>
		<SimpleData name="PROVINCIA">101</SimpleData>
		<SimpleData name="COMUNA">10101</SimpleData>
		<SimpleData name="FUENTE_BAS">CNE</SimpleData>
		<SimpleData name="FECH_CREA">1530316800000</SimpleData>
		<SimpleData name="FECH_ACT">1688083200000</SimpleData>
	</SchemaData></ExtendedData>
      <Point><coordinates>-72.609822913,-41.404569839</coordinates></Point>
  </Placemark>
  <Placemark id="centrales_hidroelectricas.53">
	<name>EL DIUTO</name>
	<ExtendedData><SchemaData schemaUrl="#centrales_hidroelectricas">
		<SimpleData name="OBJECTID">53</SimpleData>
		<SimpleData name="ID_GE_HIDR">86</SimpleData>
		<SimpleData name="NOMBRE">EL DIUTO</SimpleData>
		<SimpleData name="PROPIEDAD">MINICENTRAL HIDROELECTRICA EL DIUTO LTDA.</SimpleData>
		<SimpleData name="TIPO">HIDRAULICA PASADA</SimpleData>
		<SimpleData name="MEDIO_GENE">PMGD</SimpleData>
		<SimpleData name="COMBUSTIBL">NO APLICA</SimpleData>
		<SimpleData name="POTENCIAMW">3.2918</SimpleData>
		<SimpleData name="UNIDADES">1</SimpleData>
		<SimpleData name="RCA">209/2009</SimpleData>
		<SimpleData name="SIST_ELECT">SEN</SimpleData>
		<SimpleData name="ESTADO">OPERATIVA</SimpleData>
		<SimpleData name="F_OPERACIO">1303257600000</SimpleData>
		<SimpleData name="COORD_ESTE">227294</SimpleData>
		<SimpleData name="COORD_NORT">5853750</SimpleData>
		<SimpleData name="HUSO">19 SUR</SimpleData>
		<SimpleData name="DATUM">WGS 1984</SimpleData>
		<SimpleData name="REGION">08</SimpleData>
		<SimpleData name="PROVINCIA">083</SimpleData>
		<SimpleData name="COMUNA">08301</SimpleData>
		<SimpleData name="FUENTE_BAS">CNE</SimpleData>
		<SimpleData name="FECH_CREA">1530316800000</SimpleData>
		<SimpleData name="FECH_ACT">1688083200000</SimpleData>
	</SchemaData></ExtendedData>
      <Point><coordinates>-72.08169894,-37.4229278679999</coordinates></Point>
  </Placemark>
  <Placemark id="centrales_hidroelectricas.54">
	<name>EL GALPON</name>
	<ExtendedData><SchemaData schemaUrl="#centrales_hidroelectricas">
		<SimpleData name="OBJECTID">54</SimpleData>
		<SimpleData name="ID_GE_HIDR">87</SimpleData>
		<SimpleData name="NOMBRE">EL GALPON</SimpleData>
		<SimpleData name="PROPIEDAD">ENERBOSCH S.A.</SimpleData>
		<SimpleData name="TIPO">HIDRAULICA PASADA</SimpleData>
		<SimpleData name="MEDIO_GENE">PMGD</SimpleData>
		<SimpleData name="COMBUSTIBL">NO APLICA</SimpleData>
		<SimpleData name="POTENCIAMW">1.2858</SimpleData>
		<SimpleData name="UNIDADES">1</SimpleData>
		<SimpleData name="RCA">095/2015</SimpleData>
		<SimpleData name="SIST_ELECT">SEN</SimpleData>
		<SimpleData name="ESTADO">OPERATIVA</SimpleData>
		<SimpleData name="F_OPERACIO">1467072000000</SimpleData>
		<SimpleData name="COORD_ESTE">298403</SimpleData>
		<SimpleData name="COORD_NORT">6098374</SimpleData>
		<SimpleData name="HUSO">19 SUR</SimpleData>
		<SimpleData name="DATUM">WGS 1984</SimpleData>
		<SimpleData name="REGION">07</SimpleData>
		<SimpleData name="PROVINCIA">071</SimpleData>
		<SimpleData name="COMUNA">07108</SimpleData>
		<SimpleData name="FUENTE_BAS">CNE</SimpleData>
		<SimpleData name="FECH_CREA">1530316800000</SimpleData>
		<SimpleData name="FECH_ACT">1688083200000</SimpleData>
	</SchemaData></ExtendedData>
      <Point><coordinates>-71.21547584,-35.237456008</coordinates></Point>
  </Placemark>
  <Placemark id="centrales_hidroelectricas.55">
	<name>EL LLANO</name>
	<ExtendedData><SchemaData schemaUrl="#centrales_hidroelectricas">
		<SimpleData name="OBJECTID">55</SimpleData>
		<SimpleData name="ID_GE_HIDR">89</SimpleData>
		<SimpleData name="NOMBRE">EL LLANO</SimpleData>
		<SimpleData name="PROPIEDAD">ELECTRICA PUNTILLA S.A.</SimpleData>
		<SimpleData name="TIPO">HIDRAULICA PASADA</SimpleData>
		<SimpleData name="MEDIO_GENE">PMGD</SimpleData>
		<SimpleData name="COMBUSTIBL">NO APLICA</SimpleData>
		<SimpleData name="POTENCIAMW">1.9079</SimpleData>
		<SimpleData name="UNIDADES">1</SimpleData>
		<SimpleData name="SIST_ELECT">SEN</SimpleData>
		<SimpleData name="ESTADO">OPERATIVA</SimpleData>
		<SimpleData name="F_OPERACIO">1387756800000</SimpleData>
		<SimpleData name="COORD_ESTE">357549</SimpleData>
		<SimpleData name="COORD_NORT">6278711</SimpleData>
		<SimpleData name="HUSO">19 SUR</SimpleData>
		<SimpleData name="DATUM">WGS 1984</SimpleData>
		<SimpleData name="REGION">13</SimpleData>
		<SimpleData name="PROVINCIA">132</SimpleData>
		<SimpleData name="COMUNA">13202</SimpleData>
		<SimpleData name="FUENTE_BAS">CNE</SimpleData>
		<SimpleData name="FECH_CREA">1530316800000</SimpleData>
		<SimpleData name="FECH_ACT">1688083200000</SimpleData>
	</SchemaData></ExtendedData>
      <Point><coordinates>-70.535705375,-33.621877382</coordinates></Point>
  </Placemark>
  <Placemark id="centrales_hidroelectricas.56">
	<name>EL MANZANO (MELIPEUCO)</name>
	<ExtendedData><SchemaData schemaUrl="#centrales_hidroelectricas">
		<SimpleData name="OBJECTID">56</SimpleData>
		<SimpleData name="ID_GE_HIDR">90</SimpleData>
		<SimpleData name="NOMBRE">EL MANZANO (MELIPEUCO)</SimpleData>
		<SimpleData name="PROPIEDAD">HIDROELECTRICA EL MANZANO S.A.</SimpleData>
		<SimpleData name="TIPO">HIDRAULICA PASADA</SimpleData>
		<SimpleData name="MEDIO_GENE">PMGD</SimpleData>
		<SimpleData name="COMBUSTIBL">NO APLICA</SimpleData>
		<SimpleData name="POTENCIAMW">4.85</SimpleData>
		<SimpleData name="UNIDADES">1</SimpleData>
		<SimpleData name="RCA">193/2007</SimpleData>
		<SimpleData name="SIST_ELECT">SEN</SimpleData>
		<SimpleData name="ESTADO">OPERATIVA</SimpleData>
		<SimpleData name="F_OPERACIO">1199145600000</SimpleData>
		<SimpleData name="COORD_ESTE">255831</SimpleData>
		<SimpleData name="COORD_NORT">5697510</SimpleData>
		<SimpleData name="HUSO">19 SUR</SimpleData>
		<SimpleData name="DATUM">WGS 1984</SimpleData>
		<SimpleData name="REGION">09</SimpleData>
		<SimpleData name="PROVINCIA">091</SimpleData>
		<SimpleData name="COMUNA">09110</SimpleData>
		<SimpleData name="FUENTE_BAS">CNE</SimpleData>
		<SimpleData name="FECH_CREA">1530316800000</SimpleData>
		<SimpleData name="FECH_ACT">1688083200000</SimpleData>
	</SchemaData></ExtendedData>
      <Point><coordinates>-71.81309924,-38.837367679</coordinates></Point>
  </Placemark>
  <Placemark id="centrales_hidroelectricas.57">
	<name>EL MIRADOR</name>
	<ExtendedData><SchemaData schemaUrl="#centrales_hidroelectricas">
		<SimpleData name="OBJECTID">57</SimpleData>
		<SimpleData name="ID_GE_HIDR">93</SimpleData>
		<SimpleData name="NOMBRE">EL MIRADOR</SimpleData>
		<SimpleData name="PROPIEDAD">HIDROELECTRICA EL MIRADOR S.A.</SimpleData>
		<SimpleData name="TIPO">HIDRAULICA PASADA</SimpleData>
		<SimpleData name="MEDIO_GENE">PMGD</SimpleData>
		<SimpleData name="COMBUSTIBL">NO APLICA</SimpleData>
		<SimpleData name="POTENCIAMW">2.9996</SimpleData>
		<SimpleData name="UNIDADES">1</SimpleData>
		<SimpleData name="RCA">NO APLICA</SimpleData>
		<SimpleData name="SIST_ELECT">SEN</SimpleData>
		<SimpleData name="ESTADO">OPERATIVA</SimpleData>
		<SimpleData name="F_OPERACIO">1446422400000</SimpleData>
		<SimpleData name="COORD_ESTE">270545</SimpleData>
		<SimpleData name="COORD_NORT">5802539</SimpleData>
		<SimpleData name="HUSO">19 SUR</SimpleData>
		<SimpleData name="DATUM">WGS 1984</SimpleData>
		<SimpleData name="REGION">08</SimpleData>
		<SimpleData name="PROVINCIA">083</SimpleData>
		<SimpleData name="COMUNA">08314</SimpleData>
		<SimpleData name="FUENTE_BAS">CNE</SimpleData>
		<SimpleData name="FECH_CREA">1530316800000</SimpleData>
		<SimpleData name="FECH_ACT">1688083200000</SimpleData>
	</SchemaData></ExtendedData>
      <Point><coordinates>-71.6095490829999,-37.895766779</coordinates></Point>
  </Placemark>
  <Placemark id="centrales_hidroelectricas.58">
	<name>MOCHO</name>
	<ExtendedData><SchemaData schemaUrl="#centrales_hidroelectricas">
		<SimpleData name="OBJECTID">58</SimpleData>
		<SimpleData name="ID_GE_HIDR">94</SimpleData>
		<SimpleData name="NOMBRE">MOCHO</SimpleData>
		<SimpleData name="PROPIEDAD">HIDROMOCHO S.A.</SimpleData>
		<SimpleData name="TIPO">HIDRAULICA PASADA</SimpleData>
		<SimpleData name="COMBUSTIBL">NO APLICA</SimpleData>
		<SimpleData name="POTENCIAMW">14.77</SimpleData>
		<SimpleData name="UNIDADES">1</SimpleData>
		<SimpleData name="RCA">104/2011</SimpleData>
		<SimpleData name="SIST_ELECT">SEN</SimpleData>
		<SimpleData name="ESTADO">OPERATIVA</SimpleData>
		<SimpleData name="F_OPERACIO">1609891200000</SimpleData>
		<SimpleData name="COORD_ESTE">225031</SimpleData>
		<SimpleData name="COORD_NORT">5495950</SimpleData>
		<SimpleData name="HUSO">19 SUR</SimpleData>
		<SimpleData name="DATUM">WGS 1984</SimpleData>
		<SimpleData name="REGION">14</SimpleData>
		<SimpleData name="PROVINCIA">142</SimpleData>
		<SimpleData name="COMUNA">14204</SimpleData>
		<SimpleData name="FUENTE_BAS">CNE</SimpleData>
		<SimpleData name="FECH_CREA">1298592000000</SimpleData>
		<SimpleData name="FECH_ACT">1688083200000</SimpleData>
	</SchemaData></ExtendedData>
      <Point><coordinates>-72.251666545,-40.641532813</coordinates></Point>
  </Placemark>
  <Placemark id="centrales_hidroelectricas.59">
	<name>EL PASO</name>
	<ExtendedData><SchemaData schemaUrl="#centrales_hidroelectricas">
		<SimpleData name="OBJECTID">59</SimpleData>
		<SimpleData name="ID_GE_HIDR">95</SimpleData>
		<SimpleData name="NOMBRE">EL PASO</SimpleData>
		<SimpleData name="PROPIEDAD">HIDROELECTRICA EL PASO LTDA.</SimpleData>
		<SimpleData name="TIPO">HIDRAULICA PASADA</SimpleData>
		<SimpleData name="COMBUSTIBL">NO APLICA</SimpleData>
		<SimpleData name="POTENCIAMW">59.64</SimpleData>
		<SimpleData name="UNIDADES">3</SimpleData>
		<SimpleData name="RCA">217/2012</SimpleData>
		<SimpleData name="SIST_ELECT">SEN</SimpleData>
		<SimpleData name="ESTADO">OPERATIVA</SimpleData>
		<SimpleData name="F_OPERACIO">1456876800000</SimpleData>
		<SimpleData name="COORD_ESTE">370443</SimpleData>
		<SimpleData name="COORD_NORT">6130064</SimpleData>
		<SimpleData name="HUSO">19 SUR</SimpleData>
		<SimpleData name="DATUM">WGS 1984</SimpleData>
		<SimpleData name="REGION">06</SimpleData>
		<SimpleData name="PROVINCIA">063</SimpleData>
		<SimpleData name="COMUNA">06301</SimpleData>
		<SimpleData name="FUENTE_BAS">CNE</SimpleData>
		<SimpleData name="FECH_CREA">1530316800000</SimpleData>
		<SimpleData name="FECH_ACT">1688083200000</SimpleData>
	</SchemaData></ExtendedData>
      <Point><coordinates>-70.419100156,-34.963690199</coordinates></Point>
  </Placemark>
  <Placemark id="centrales_hidroelectricas.60">
	<name>EL PINAR</name>
	<ExtendedData><SchemaData schemaUrl="#centrales_hidroelectricas">
		<SimpleData name="OBJECTID">60</SimpleData>
		<SimpleData name="ID_GE_HIDR">96</SimpleData>
		<SimpleData name="NOMBRE">EL PINAR</SimpleData>
		<SimpleData name="PROPIEDAD">EL PINAR SPA</SimpleData>
		<SimpleData name="TIPO">HIDRAULICA PASADA</SimpleData>
		<SimpleData name="COMBUSTIBL">NO APLICA</SimpleData>
		<SimpleData name="POTENCIAMW">11.3778</SimpleData>
		<SimpleData name="UNIDADES">2</SimpleData>
		<SimpleData name="RCA">294/2013</SimpleData>
		<SimpleData name="SIST_ELECT">SEN</SimpleData>
		<SimpleData name="ESTADO">OPERATIVA</SimpleData>
		<SimpleData name="F_OPERACIO">1668988800000</SimpleData>
		<SimpleData name="COORD_ESTE">265246</SimpleData>
		<SimpleData name="COORD_NORT">5886970</SimpleData>
		<SimpleData name="HUSO">19 SUR</SimpleData>
		<SimpleData name="DATUM">WGS 1984</SimpleData>
		<SimpleData name="REGION">16</SimpleData>
		<SimpleData name="PROVINCIA">161</SimpleData>
		<SimpleData name="COMUNA">16109</SimpleData>
		<SimpleData name="FUENTE_BAS">CNE</SimpleData>
		<SimpleData name="FECH_CREA">1350432000000</SimpleData>
		<SimpleData name="FECH_ACT">1688083200000</SimpleData>
	</SchemaData></ExtendedData>
      <Point><coordinates>-71.642790889,-37.134204584</coordinates></Point>
  </Placemark>
  <Placemark id="centrales_hidroelectricas.61">
	<name>EL RINCON (RM)</name>
	<ExtendedData><SchemaData schemaUrl="#centrales_hidroelectricas">
		<SimpleData name="OBJECTID">61</SimpleData>
		<SimpleData name="ID_GE_HIDR">98</SimpleData>
		<SimpleData name="NOMBRE">EL RINCON (RM)</SimpleData>
		<SimpleData name="PROPIEDAD">SCM</SimpleData>
		<SimpleData name="TIPO">HIDRAULICA PASADA</SimpleData>
		<SimpleData name="MEDIO_GENE">PMG</SimpleData>
		<SimpleData name="COMBUSTIBL">NO APLICA</SimpleData>
		<SimpleData name="POTENCIAMW">0.284665</SimpleData>
		<SimpleData name="UNIDADES">1</SimpleData>
		<SimpleData name="SIST_ELECT">SEN</SimpleData>
		<SimpleData name="ESTADO">OPERATIVA</SimpleData>
		<SimpleData name="F_OPERACIO">1176422400000</SimpleData>
		<SimpleData name="COORD_ESTE">356731</SimpleData>
		<SimpleData name="COORD_NORT">6286882</SimpleData>
		<SimpleData name="HUSO">19 SUR</SimpleData>
		<SimpleData name="DATUM">WGS 1984</SimpleData>
		<SimpleData name="REGION">13</SimpleData>
		<SimpleData name="PROVINCIA">131</SimpleData>
		<SimpleData name="COMUNA">13110</SimpleData>
		<SimpleData name="FUENTE_BAS">CNE</SimpleData>
		<SimpleData name="FECH_CREA">1530316800000</SimpleData>
		<SimpleData name="FECH_ACT">1688083200000</SimpleData>
	</SchemaData></ExtendedData>
      <Point><coordinates>-70.54320876,-33.5480958599999</coordinates></Point>
  </Placemark>
  <Placemark id="centrales_hidroelectricas.62">
	<name>EL TARTARO</name>
	<ExtendedData><SchemaData schemaUrl="#centrales_hidroelectricas">
		<SimpleData name="OBJECTID">62</SimpleData>
		<SimpleData name="ID_GE_HIDR">100</SimpleData>
		<SimpleData name="NOMBRE">EL TARTARO</SimpleData>
		<SimpleData name="PROPIEDAD">WENKE Y CIA. LTDA.</SimpleData>
		<SimpleData name="TIPO">HIDRAULICA PASADA</SimpleData>
		<SimpleData name="MEDIO_GENE">PMGD</SimpleData>
		<SimpleData name="COMBUSTIBL">NO APLICA</SimpleData>
		<SimpleData name="POTENCIAMW">0.1037</SimpleData>
		<SimpleData name="UNIDADES">1</SimpleData>
		<SimpleData name="SIST_ELECT">SEN</SimpleData>
		<SimpleData name="ESTADO">OPERATIVA</SimpleData>
		<SimpleData name="F_OPERACIO">1283299200000</SimpleData>
		<SimpleData name="COORD_ESTE">341243</SimpleData>
		<SimpleData name="COORD_NORT">6395974</SimpleData>
		<SimpleData name="HUSO">19 SUR</SimpleData>
		<SimpleData name="DATUM">WGS 1984</SimpleData>
		<SimpleData name="REGION">05</SimpleData>
		<SimpleData name="PROVINCIA">057</SimpleData>
		<SimpleData name="COMUNA">05705</SimpleData>
		<SimpleData name="FUENTE_BAS">CNE</SimpleData>
		<SimpleData name="FECH_CREA">1530316800000</SimpleData>
		<SimpleData name="FECH_ACT">1688083200000</SimpleData>
	</SchemaData></ExtendedData>
      <Point><coordinates>-70.691060652,-32.562296852</coordinates></Point>
  </Placemark>
  <Placemark id="centrales_hidroelectricas.63">
	<name>EL TORO</name>
	<ExtendedData><SchemaData schemaUrl="#centrales_hidroelectricas">
		<SimpleData name="OBJECTID">63</SimpleData>
		<SimpleData name="ID_GE_HIDR">102</SimpleData>
		<SimpleData name="NOMBRE">EL TORO</SimpleData>
		<SimpleData name="PROPIEDAD">ENEL GENERACION</SimpleData>
		<SimpleData name="TIPO">HIDRAULICA EMBALSE</SimpleData>
		<SimpleData name="COMBUSTIBL">NO APLICA</SimpleData>
		<SimpleData name="POTENCIAMW">446.869</SimpleData>
		<SimpleData name="UNIDADES">4</SimpleData>
		<SimpleData name="SIST_ELECT">SEN</SimpleData>
		<SimpleData name="ESTADO">OPERATIVA</SimpleData>
		<SimpleData name="F_OPERACIO">94694400000</SimpleData>
		<SimpleData name="COORD_ESTE">282528</SimpleData>
		<SimpleData name="COORD_NORT">5871789</SimpleData>
		<SimpleData name="HUSO">19 SUR</SimpleData>
		<SimpleData name="DATUM">WGS 1984</SimpleData>
		<SimpleData name="REGION">08</SimpleData>
		<SimpleData name="PROVINCIA">083</SimpleData>
		<SimpleData name="COMUNA">08302</SimpleData>
		<SimpleData name="FUENTE_BAS">CNE</SimpleData>
		<SimpleData name="FECH_CREA">1530316800000</SimpleData>
		<SimpleData name="FECH_ACT">1688083200000</SimpleData>
	</SchemaData></ExtendedData>
      <Point><coordinates>-71.4528270709999,-37.275099505</coordinates></Point>
  </Placemark>
  <Placemark id="centrales_hidroelectricas.64">
	<name>EL TORO 2</name>
	<ExtendedData><SchemaData schemaUrl="#centrales_hidroelectricas">
		<SimpleData name="OBJECTID">64</SimpleData>
		<SimpleData name="ID_GE_HIDR">103</SimpleData>
		<SimpleData name="NOMBRE">EL TORO 2</SimpleData>
		<SimpleData name="PROPIEDAD">ENERNUEVAS S.A.</SimpleData>
		<SimpleData name="TIPO">HIDRAULICA PASADA</SimpleData>
		<SimpleData name="MEDIO_GENE">PMGD</SimpleData>
		<SimpleData name="COMBUSTIBL">NO APLICA</SimpleData>
		<SimpleData name="POTENCIAMW">1.11</SimpleData>
		<SimpleData name="UNIDADES">1</SimpleData>
		<SimpleData name="SIST_ELECT">SEN</SimpleData>
		<SimpleData name="ESTADO">OPERATIVA</SimpleData>
		<SimpleData name="F_OPERACIO">1290729600000</SimpleData>
		<SimpleData name="COORD_ESTE">390187</SimpleData>
		<SimpleData name="COORD_NORT">7762870</SimpleData>
		<SimpleData name="HUSO">19 SUR</SimpleData>
		<SimpleData name="DATUM">WGS 1984</SimpleData>
		<SimpleData name="REGION">01</SimpleData>
		<SimpleData name="PROVINCIA">011</SimpleData>
		<SimpleData name="COMUNA">01107</SimpleData>
		<SimpleData name="FUENTE_BAS">CNE</SimpleData>
		<SimpleData name="FECH_CREA">1530316800000</SimpleData>
		<SimpleData name="FECH_ACT">1688083200000</SimpleData>
	</SchemaData></ExtendedData>
      <Point><coordinates>-70.051266002,-20.228628242</coordinates></Point>
  </Placemark>
  <Placemark id="centrales_hidroelectricas.65">
	<name>EL TRARO</name>
	<ExtendedData><SchemaData schemaUrl="#centrales_hidroelectricas">
		<SimpleData name="OBJECTID">65</SimpleData>
		<SimpleData name="ID_GE_HIDR">104</SimpleData>
		<SimpleData name="NOMBRE">EL TRARO</SimpleData>
		<SimpleData name="PROPIEDAD">EDELAYSEN</SimpleData>
		<SimpleData name="TIPO">HIDRAULICA PASADA</SimpleData>
		<SimpleData name="COMBUSTIBL">NO APLICA</SimpleData>
		<SimpleData name="POTENCIAMW">0.64</SimpleData>
		<SimpleData name="UNIDADES">2</SimpleData>
		<SimpleData name="SIST_ELECT">SEA</SimpleData>
		<SimpleData name="ESTADO">OPERATIVA</SimpleData>
		<SimpleData name="F_OPERACIO">536457600000</SimpleData>
		<SimpleData name="COORD_ESTE">225866</SimpleData>
		<SimpleData name="COORD_NORT">4763080</SimpleData>
		<SimpleData name="HUSO">19 SUR</SimpleData>
		<SimpleData name="DATUM">WGS 1984</SimpleData>
		<SimpleData name="REGION">11</SimpleData>
		<SimpleData name="PROVINCIA">113</SimpleData>
		<SimpleData name="COMUNA">11301</SimpleData>
		<SimpleData name="FUENTE_BAS">CNE</SimpleData>
		<SimpleData name="FECH_CREA">1530316800000</SimpleData>
		<SimpleData name="FECH_ACT">1688083200000</SimpleData>
	</SchemaData></ExtendedData>
      <Point><coordinates>-72.621465563,-47.228493677</coordinates></Point>
  </Placemark>
  <Placemark id="centrales_hidroelectricas.66">
	<name>ANCOA</name>
	<ExtendedData><SchemaData schemaUrl="#centrales_hidroelectricas">
		<SimpleData name="OBJECTID">66</SimpleData>
		<SimpleData name="ID_GE_HIDR">107</SimpleData>
		<SimpleData name="NOMBRE">ANCOA</SimpleData>
		<SimpleData name="PROPIEDAD">HIDROELECTRICA EMBALSE ANCOA</SimpleData>
		<SimpleData name="TIPO">HIDRAULICA PASADA</SimpleData>
		<SimpleData name="COMBUSTIBL">NO APLICA</SimpleData>
		<SimpleData name="POTENCIAMW">24.113</SimpleData>
		<SimpleData name="UNIDADES">2</SimpleData>
		<SimpleData name="RCA">176/2014</SimpleData>
		<SimpleData name="SIST_ELECT">SEN</SimpleData>
		<SimpleData name="ESTADO">OPERATIVA</SimpleData>
		<SimpleData name="F_OPERACIO">1518739200000</SimpleData>
		<SimpleData name="COORD_ESTE">302553</SimpleData>
		<SimpleData name="COORD_NORT">6030154</SimpleData>
		<SimpleData name="HUSO">19 SUR</SimpleData>
		<SimpleData name="DATUM">WGS 1984</SimpleData>
		<SimpleData name="REGION">07</SimpleData>
		<SimpleData name="PROVINCIA">074</SimpleData>
		<SimpleData name="COMUNA">07402</SimpleData>
		<SimpleData name="FUENTE_BAS">CNE</SimpleData>
		<SimpleData name="FECH_CREA">1387756800000</SimpleData>
		<SimpleData name="FECH_ACT">1688083200000</SimpleData>
	</SchemaData></ExtendedData>
      <Point><coordinates>-71.186528617,-35.852950591</coordinates></Point>
  </Placemark>
  <Placemark id="centrales_hidroelectricas.67">
	<name>ENSENADA</name>
	<ExtendedData><SchemaData schemaUrl="#centrales_hidroelectricas">
		<SimpleData name="OBJECTID">67</SimpleData>
		<SimpleData name="ID_GE_HIDR">109</SimpleData>
		<SimpleData name="NOMBRE">ENSENADA</SimpleData>
		<SimpleData name="PROPIEDAD">HIDROELECTRICA ENSENADA S.A.</SimpleData>
		<SimpleData name="TIPO">HIDRAULICA PASADA</SimpleData>
		<SimpleData name="MEDIO_GENE">PMGD</SimpleData>
		<SimpleData name="COMBUSTIBL">NO APLICA</SimpleData>
		<SimpleData name="POTENCIAMW">1.2</SimpleData>
		<SimpleData name="UNIDADES">3</SimpleData>
		<SimpleData name="RCA">136/2009</SimpleData>
		<SimpleData name="SIST_ELECT">SEN</SimpleData>
		<SimpleData name="ESTADO">OPERATIVA</SimpleData>
		<SimpleData name="F_OPERACIO">1369267200000</SimpleData>
		<SimpleData name="COORD_ESTE">203417</SimpleData>
		<SimpleData name="COORD_NORT">5424998</SimpleData>
		<SimpleData name="HUSO">19 SUR</SimpleData>
		<SimpleData name="DATUM">WGS 1984</SimpleData>
		<SimpleData name="REGION">10</SimpleData>
		<SimpleData name="PROVINCIA">101</SimpleData>
		<SimpleData name="COMUNA">10109</SimpleData>
		<SimpleData name="FUENTE_BAS">CNE</SimpleData>
		<SimpleData name="FECH_CREA">1530316800000</SimpleData>
		<SimpleData name="FECH_ACT">1688083200000</SimpleData>
	</SchemaData></ExtendedData>
      <Point><coordinates>-72.5407889909999,-41.272004533</coordinates></Point>
  </Placemark>
  <Placemark id="centrales_hidroelectricas.68">
	<name>EYZAGUIRRE</name>
	<ExtendedData><SchemaData schemaUrl="#centrales_hidroelectricas">
		<SimpleData name="OBJECTID">68</SimpleData>
		<SimpleData name="ID_GE_HIDR">111</SimpleData>
		<SimpleData name="NOMBRE">EYZAGUIRRE</SimpleData>
		<SimpleData name="PROPIEDAD">SCM</SimpleData>
		<SimpleData name="TIPO">HIDRAULICA PASADA</SimpleData>
		<SimpleData name="MEDIO_GENE">PMGD</SimpleData>
		<SimpleData name="COMBUSTIBL">NO APLICA</SimpleData>
		<SimpleData name="POTENCIAMW">1.8715</SimpleData>
		<SimpleData name="UNIDADES">1</SimpleData>
		<SimpleData name="SIST_ELECT">SEN</SimpleData>
		<SimpleData name="ESTADO">OPERATIVA</SimpleData>
		<SimpleData name="F_OPERACIO">1041379200000</SimpleData>
		<SimpleData name="COORD_ESTE">359847</SimpleData>
		<SimpleData name="COORD_NORT">6280276</SimpleData>
		<SimpleData name="HUSO">19 SUR</SimpleData>
		<SimpleData name="DATUM">WGS 1984</SimpleData>
		<SimpleData name="REGION">13</SimpleData>
		<SimpleData name="PROVINCIA">132</SimpleData>
		<SimpleData name="COMUNA">13201</SimpleData>
		<SimpleData name="FUENTE_BAS">CNE</SimpleData>
		<SimpleData name="FECH_CREA">1530316800000</SimpleData>
		<SimpleData name="FECH_ACT">1688083200000</SimpleData>
	</SchemaData></ExtendedData>
      <Point><coordinates>-70.5106929139999,-33.608071907</coordinates></Point>
  </Placemark>
  <Placemark id="centrales_hidroelectricas.69">
	<name>FLORIDA</name>
	<ExtendedData><SchemaData schemaUrl="#centrales_hidroelectricas">
		<SimpleData name="OBJECTID">69</SimpleData>
		<SimpleData name="ID_GE_HIDR">112</SimpleData>
		<SimpleData name="NOMBRE">FLORIDA</SimpleData>
		<SimpleData name="PROPIEDAD">SCM</SimpleData>
		<SimpleData name="TIPO">HIDRAULICA PASADA</SimpleData>
		<SimpleData name="MEDIO_GENE">PMG</SimpleData>
		<SimpleData name="COMBUSTIBL">NO APLICA</SimpleData>
		<SimpleData name="POTENCIAMW">5.9868</SimpleData>
		<SimpleData name="UNIDADES">2</SimpleData>
		<SimpleData name="SIST_ELECT">SEN</SimpleData>
		<SimpleData name="ESTADO">OPERATIVA</SimpleData>
		<SimpleData name="F_OPERACIO">-1924992000000</SimpleData>
		<SimpleData name="COORD_ESTE">356418</SimpleData>
		<SimpleData name="COORD_NORT">6287038</SimpleData>
		<SimpleData name="HUSO">19 SUR</SimpleData>
		<SimpleData name="DATUM">WGS 1984</SimpleData>
		<SimpleData name="REGION">13</SimpleData>
		<SimpleData name="PROVINCIA">131</SimpleData>
		<SimpleData name="COMUNA">13110</SimpleData>
		<SimpleData name="FUENTE_BAS">CNE</SimpleData>
		<SimpleData name="FECH_CREA">1530316800000</SimpleData>
		<SimpleData name="FECH_ACT">1688083200000</SimpleData>
	</SchemaData></ExtendedData>
      <Point><coordinates>-70.5465540769999,-33.546647257</coordinates></Point>
  </Placemark>
  <Placemark id="centrales_hidroelectricas.70">
	<name>GUAYACAN</name>
	<ExtendedData><SchemaData schemaUrl="#centrales_hidroelectricas">
		<SimpleData name="OBJECTID">70</SimpleData>
		<SimpleData name="ID_GE_HIDR">117</SimpleData>
		<SimpleData name="NOMBRE">GUAYACAN</SimpleData>
		<SimpleData name="PROPIEDAD">ENERGIA COYANCO S.A.</SimpleData>
		<SimpleData name="TIPO">HIDRAULICA PASADA</SimpleData>
		<SimpleData name="COMBUSTIBL">NO APLICA</SimpleData>
		<SimpleData name="POTENCIAMW">11.8432</SimpleData>
		<SimpleData name="UNIDADES">2</SimpleData>
		<SimpleData name="RCA">187/2009</SimpleData>
		<SimpleData name="SIST_ELECT">SEN</SimpleData>
		<SimpleData name="ESTADO">OPERATIVA</SimpleData>
		<SimpleData name="F_OPERACIO">1301443200000</SimpleData>
		<SimpleData name="COORD_ESTE">373847</SimpleData>
		<SimpleData name="COORD_NORT">6281050</SimpleData>
		<SimpleData name="HUSO">19 SUR</SimpleData>
		<SimpleData name="DATUM">WGS 1984</SimpleData>
		<SimpleData name="REGION">13</SimpleData>
		<SimpleData name="PROVINCIA">132</SimpleData>
		<SimpleData name="COMUNA">13203</SimpleData>
		<SimpleData name="FUENTE_BAS">CNE</SimpleData>
		<SimpleData name="FECH_CREA">1530316800000</SimpleData>
		<SimpleData name="FECH_ACT">1688083200000</SimpleData>
	</SchemaData></ExtendedData>
      <Point><coordinates>-70.359718124,-33.602843473</coordinates></Point>
  </Placemark>
  <Placemark id="centrales_hidroelectricas.71">
	<name>HIDROBONITO MC1</name>
	<ExtendedData><SchemaData schemaUrl="#centrales_hidroelectricas">
		<SimpleData name="OBJECTID">71</SimpleData>
		<SimpleData name="ID_GE_HIDR">119</SimpleData>
		<SimpleData name="NOMBRE">HIDROBONITO MC1</SimpleData>
		<SimpleData name="PROPIEDAD">HIDROENESUR S.A.</SimpleData>
		<SimpleData name="TIPO">HIDRAULICA PASADA</SimpleData>
		<SimpleData name="MEDIO_GENE">PMG</SimpleData>
		<SimpleData name="COMBUSTIBL">NO APLICA</SimpleData>
		<SimpleData name="POTENCIAMW">8.9546</SimpleData>
		<SimpleData name="UNIDADES">2</SimpleData>
		<SimpleData name="RCA">001/2012</SimpleData>
		<SimpleData name="SIST_ELECT">SEN</SimpleData>
		<SimpleData name="ESTADO">OPERATIVA</SimpleData>
		<SimpleData name="F_OPERACIO">1369785600000</SimpleData>
		<SimpleData name="COORD_ESTE">213378</SimpleData>
		<SimpleData name="COORD_NORT">5464790</SimpleData>
		<SimpleData name="HUSO">19 SUR</SimpleData>
		<SimpleData name="DATUM">WGS 1984</SimpleData>
		<SimpleData name="REGION">10</SimpleData>
		<SimpleData name="PROVINCIA">103</SimpleData>
		<SimpleData name="COMUNA">10302</SimpleData>
		<SimpleData name="FUENTE_BAS">CNE</SimpleData>
		<SimpleData name="FECH_CREA">1530316800000</SimpleData>
		<SimpleData name="FECH_ACT">1688083200000</SimpleData>
	</SchemaData></ExtendedData>
      <Point><coordinates>-72.403533641,-40.917786054</coordinates></Point>
  </Placemark>
  <Placemark id="centrales_hidroelectricas.72">
	<name>HIDROBONITO MC2</name>
	<ExtendedData><SchemaData schemaUrl="#centrales_hidroelectricas">
		<SimpleData name="OBJECTID">72</SimpleData>
		<SimpleData name="ID_GE_HIDR">120</SimpleData>
		<SimpleData name="NOMBRE">HIDROBONITO MC2</SimpleData>
		<SimpleData name="PROPIEDAD">HIDROENESUR S.A.</SimpleData>
		<SimpleData name="TIPO">HIDRAULICA PASADA</SimpleData>
		<SimpleData name="MEDIO_GENE">PMG</SimpleData>
		<SimpleData name="COMBUSTIBL">NO APLICA</SimpleData>
		<SimpleData name="POTENCIAMW">3.15</SimpleData>
		<SimpleData name="UNIDADES">1</SimpleData>
		<SimpleData name="RCA">001/2012</SimpleData>
		<SimpleData name="SIST_ELECT">SEN</SimpleData>
		<SimpleData name="ESTADO">OPERATIVA</SimpleData>
		<SimpleData name="F_OPERACIO">1369785600000</SimpleData>
		<SimpleData name="COORD_ESTE">213378</SimpleData>
		<SimpleData name="COORD_NORT">5464790</SimpleData>
		<SimpleData name="HUSO">19 SUR</SimpleData>
		<SimpleData name="DATUM">WGS 1984</SimpleData>
		<SimpleData name="REGION">10</SimpleData>
		<SimpleData name="PROVINCIA">103</SimpleData>
		<SimpleData name="COMUNA">10302</SimpleData>
		<SimpleData name="FUENTE_BAS">CNE</SimpleData>
		<SimpleData name="FECH_CREA">1530316800000</SimpleData>
		<SimpleData name="FECH_ACT">1688083200000</SimpleData>
	</SchemaData></ExtendedData>
      <Point><coordinates>-72.403533641,-40.917786054</coordinates></Point>
  </Placemark>
  <Placemark id="centrales_hidroelectricas.73">
	<name>LOS PORTONES</name>
	<ExtendedData><SchemaData schemaUrl="#centrales_hidroelectricas">
		<SimpleData name="OBJECTID">73</SimpleData>
		<SimpleData name="ID_GE_HIDR">122</SimpleData>
		<SimpleData name="NOMBRE">LOS PORTONES</SimpleData>
		<SimpleData name="PROPIEDAD">LOS PORTONES S.A.</SimpleData>
		<SimpleData name="TIPO">HIDRAULICA PASADA</SimpleData>
		<SimpleData name="MEDIO_GENE">PMGD</SimpleData>
		<SimpleData name="COMBUSTIBL">NO APLICA</SimpleData>
		<SimpleData name="POTENCIAMW">1.995</SimpleData>
		<SimpleData name="UNIDADES">2</SimpleData>
		<SimpleData name="RCA">NO APLICA</SimpleData>
		<SimpleData name="SIST_ELECT">SEN</SimpleData>
		<SimpleData name="ESTADO">OPERATIVA</SimpleData>
		<SimpleData name="F_OPERACIO">1503446400000</SimpleData>
		<SimpleData name="COORD_ESTE">225123</SimpleData>
		<SimpleData name="COORD_NORT">5530338</SimpleData>
		<SimpleData name="HUSO">19 SUR</SimpleData>
		<SimpleData name="DATUM">WGS 1984</SimpleData>
		<SimpleData name="REGION">14</SimpleData>
		<SimpleData name="PROVINCIA">142</SimpleData>
		<SimpleData name="COMUNA">14203</SimpleData>
		<SimpleData name="FUENTE_BAS">CNE</SimpleData>
		<SimpleData name="FECH_CREA">1530316800000</SimpleData>
		<SimpleData name="FECH_ACT">1688083200000</SimpleData>
	</SchemaData></ExtendedData>
      <Point><coordinates>-72.23567615,-40.332257747</coordinates></Point>
  </Placemark>
  <Placemark id="centrales_hidroelectricas.74">
	<name>HORNITOS</name>
	<ExtendedData><SchemaData schemaUrl="#centrales_hidroelectricas">
		<SimpleData name="OBJECTID">74</SimpleData>
		<SimpleData name="ID_GE_HIDR">123</SimpleData>
		<SimpleData name="NOMBRE">HORNITOS</SimpleData>
		<SimpleData name="PROPIEDAD">RIO TRANQUILO S.A.</SimpleData>
		<SimpleData name="TIPO">HIDRAULICA PASADA</SimpleData>
		<SimpleData name="COMBUSTIBL">NO APLICA</SimpleData>
		<SimpleData name="POTENCIAMW">60.8475</SimpleData>
		<SimpleData name="UNIDADES">1</SimpleData>
		<SimpleData name="RCA">081/2004</SimpleData>
		<SimpleData name="SIST_ELECT">SEN</SimpleData>
		<SimpleData name="ESTADO">OPERATIVA</SimpleData>
		<SimpleData name="F_OPERACIO">1199145600000</SimpleData>
		<SimpleData name="COORD_ESTE">381850</SimpleData>
		<SimpleData name="COORD_NORT">6359030</SimpleData>
		<SimpleData name="HUSO">19 SUR</SimpleData>
		<SimpleData name="DATUM">WGS 1984</SimpleData>
		<SimpleData name="REGION">05</SimpleData>
		<SimpleData name="PROVINCIA">053</SimpleData>
		<SimpleData name="COMUNA">05301</SimpleData>
		<SimpleData name="FUENTE_BAS">CNE</SimpleData>
		<SimpleData name="FECH_CREA">1530316800000</SimpleData>
		<SimpleData name="FECH_ACT">1688083200000</SimpleData>
	</SchemaData></ExtendedData>
      <Point><coordinates>-70.26331721,-32.900553734</coordinates></Point>
  </Placemark>
  <Placemark id="centrales_hidroelectricas.75">
	<name>ISLA</name>
	<ExtendedData><SchemaData schemaUrl="#centrales_hidroelectricas">
		<SimpleData name="OBJECTID">75</SimpleData>
		<SimpleData name="ID_GE_HIDR">127</SimpleData>
		<SimpleData name="NOMBRE">ISLA</SimpleData>
		<SimpleData name="PROPIEDAD">ENEL GENERACION</SimpleData>
		<SimpleData name="TIPO">HIDRAULICA PASADA</SimpleData>
		<SimpleData name="COMBUSTIBL">NO APLICA</SimpleData>
		<SimpleData name="POTENCIAMW">69.881</SimpleData>
		<SimpleData name="UNIDADES">2</SimpleData>
		<SimpleData name="SIST_ELECT">SEN</SimpleData>
		<SimpleData name="ESTADO">OPERATIVA</SimpleData>
		<SimpleData name="F_OPERACIO">-220924800000</SimpleData>
		<SimpleData name="COORD_ESTE">334210</SimpleData>
		<SimpleData name="COORD_NORT">6035575</SimpleData>
		<SimpleData name="HUSO">19 SUR</SimpleData>
		<SimpleData name="DATUM">WGS 1984</SimpleData>
		<SimpleData name="REGION">07</SimpleData>
		<SimpleData name="PROVINCIA">071</SimpleData>
		<SimpleData name="COMUNA">07109</SimpleData>
		<SimpleData name="FUENTE_BAS">CNE</SimpleData>
		<SimpleData name="FECH_CREA">1530316800000</SimpleData>
		<SimpleData name="FECH_ACT">1688083200000</SimpleData>
	</SchemaData></ExtendedData>
      <Point><coordinates>-70.835010279,-35.809966776</coordinates></Point>
  </Placemark>
  <Placemark id="centrales_hidroelectricas.76">
	<name>ITATA</name>
	<ExtendedData><SchemaData schemaUrl="#centrales_hidroelectricas">
		<SimpleData name="OBJECTID">76</SimpleData>
		<SimpleData name="ID_GE_HIDR">128</SimpleData>
		<SimpleData name="NOMBRE">ITATA</SimpleData>
		<SimpleData name="PROPIEDAD">ELECTRICA PUNTILLA S.A.</SimpleData>
		<SimpleData name="TIPO">HIDRAULICA PASADA</SimpleData>
		<SimpleData name="COMBUSTIBL">NO APLICA</SimpleData>
		<SimpleData name="POTENCIAMW">19.43</SimpleData>
		<SimpleData name="UNIDADES">2</SimpleData>
		<SimpleData name="RCA">226/2012</SimpleData>
		<SimpleData name="SIST_ELECT">SEN</SimpleData>
		<SimpleData name="ESTADO">OPERATIVA</SimpleData>
		<SimpleData name="F_OPERACIO">1473379200000</SimpleData>
		<SimpleData name="COORD_ESTE">217121</SimpleData>
		<SimpleData name="COORD_NORT">5894875</SimpleData>
		<SimpleData name="HUSO">19 SUR</SimpleData>
		<SimpleData name="DATUM">WGS 1984</SimpleData>
		<SimpleData name="REGION">16</SimpleData>
		<SimpleData name="PROVINCIA">161</SimpleData>
		<SimpleData name="COMUNA">16109</SimpleData>
		<SimpleData name="FUENTE_BAS">CNE</SimpleData>
		<SimpleData name="FECH_CREA">1530316800000</SimpleData>
		<SimpleData name="FECH_ACT">1688083200000</SimpleData>
	</SchemaData></ExtendedData>
      <Point><coordinates>-72.1808928629999,-37.049748295</coordinates></Point>
  </Placemark>
  <Placemark id="centrales_hidroelectricas.77">
	<name>JUNCAL</name>
	<ExtendedData><SchemaData schemaUrl="#centrales_hidroelectricas">
		<SimpleData name="OBJECTID">77</SimpleData>
		<SimpleData name="ID_GE_HIDR">129</SimpleData>
		<SimpleData name="NOMBRE">JUNCAL</SimpleData>
		<SimpleData name="PROPIEDAD">COLBUN S.A.</SimpleData>
		<SimpleData name="TIPO">HIDRAULICA PASADA</SimpleData>
		<SimpleData name="COMBUSTIBL">NO APLICA</SimpleData>
		<SimpleData name="POTENCIAMW">29.127</SimpleData>
		<SimpleData name="UNIDADES">1</SimpleData>
		<SimpleData name="SIST_ELECT">SEN</SimpleData>
		<SimpleData name="ESTADO">OPERATIVA</SimpleData>
		<SimpleData name="F_OPERACIO">757382400000</SimpleData>
		<SimpleData name="COORD_ESTE">375762</SimpleData>
		<SimpleData name="COORD_NORT">6357133</SimpleData>
		<SimpleData name="HUSO">19 SUR</SimpleData>
		<SimpleData name="DATUM">WGS 1984</SimpleData>
		<SimpleData name="REGION">05</SimpleData>
		<SimpleData name="PROVINCIA">053</SimpleData>
		<SimpleData name="COMUNA">05301</SimpleData>
		<SimpleData name="FUENTE_BAS">CNE</SimpleData>
		<SimpleData name="FECH_CREA">1530316800000</SimpleData>
		<SimpleData name="FECH_ACT">1688083200000</SimpleData>
	</SchemaData></ExtendedData>
      <Point><coordinates>-70.328653823,-32.916986428</coordinates></Point>
  </Placemark>
  <Placemark id="centrales_hidroelectricas.78">
	<name>JUNCALITO</name>
	<ExtendedData><SchemaData schemaUrl="#centrales_hidroelectricas">
		<SimpleData name="OBJECTID">78</SimpleData>
		<SimpleData name="ID_GE_HIDR">130</SimpleData>
		<SimpleData name="NOMBRE">JUNCALITO</SimpleData>
		<SimpleData name="PROPIEDAD">COLBUN S.A.</SimpleData>
		<SimpleData name="TIPO">HIDRAULICA PASADA</SimpleData>
		<SimpleData name="MEDIO_GENE">PMG</SimpleData>
		<SimpleData name="COMBUSTIBL">NO APLICA</SimpleData>
		<SimpleData name="POTENCIAMW">1.52</SimpleData>
		<SimpleData name="UNIDADES">1</SimpleData>
		<SimpleData name="SIST_ELECT">SEN</SimpleData>
		<SimpleData name="ESTADO">OPERATIVA</SimpleData>
		<SimpleData name="F_OPERACIO">757382400000</SimpleData>
		<SimpleData name="COORD_ESTE">381258</SimpleData>
		<SimpleData name="COORD_NORT">6358960</SimpleData>
		<SimpleData name="HUSO">19 SUR</SimpleData>
		<SimpleData name="DATUM">WGS 1984</SimpleData>
		<SimpleData name="REGION">05</SimpleData>
		<SimpleData name="PROVINCIA">053</SimpleData>
		<SimpleData name="COMUNA">05301</SimpleData>
		<SimpleData name="FUENTE_BAS">CNE</SimpleData>
		<SimpleData name="FECH_CREA">1530316800000</SimpleData>
		<SimpleData name="FECH_ACT">1688083200000</SimpleData>
	</SchemaData></ExtendedData>
      <Point><coordinates>-70.2696548279999,-32.9011209029999</coordinates></Point>
  </Placemark>
  <Placemark id="centrales_hidroelectricas.79">
	<name>LA ARENA</name>
	<ExtendedData><SchemaData schemaUrl="#centrales_hidroelectricas">
		<SimpleData name="OBJECTID">79</SimpleData>
		<SimpleData name="ID_GE_HIDR">131</SimpleData>
		<SimpleData name="NOMBRE">LA ARENA</SimpleData>
		<SimpleData name="PROPIEDAD">EMPRESA ELECTRICA LA ARENA SPA</SimpleData>
		<SimpleData name="TIPO">HIDRAULICA PASADA</SimpleData>
		<SimpleData name="MEDIO_GENE">PMGD</SimpleData>
		<SimpleData name="COMBUSTIBL">NO APLICA</SimpleData>
		<SimpleData name="POTENCIAMW">6.783</SimpleData>
		<SimpleData name="UNIDADES">1</SimpleData>
		<SimpleData name="RCA">131/2013</SimpleData>
		<SimpleData name="SIST_ELECT">SEN</SimpleData>
		<SimpleData name="ESTADO">OPERATIVA</SimpleData>
		<SimpleData name="F_OPERACIO">1320969600000</SimpleData>
		<SimpleData name="COORD_ESTE">196561</SimpleData>
		<SimpleData name="COORD_NORT">5379190</SimpleData>
		<SimpleData name="HUSO">19 SUR</SimpleData>
		<SimpleData name="DATUM">WGS 1984</SimpleData>
		<SimpleData name="REGION">10</SimpleData>
		<SimpleData name="PROVINCIA">101</SimpleData>
		<SimpleData name="COMUNA">10101</SimpleData>
		<SimpleData name="FUENTE_BAS">CNE</SimpleData>
		<SimpleData name="FECH_CREA">1530316800000</SimpleData>
		<SimpleData name="FECH_ACT">1688083200000</SimpleData>
	</SchemaData></ExtendedData>
      <Point><coordinates>-72.645516104,-41.681243536</coordinates></Point>
  </Placemark>
  <Placemark id="centrales_hidroelectricas.80">
	<name>LA BIFURCADA</name>
	<ExtendedData><SchemaData schemaUrl="#centrales_hidroelectricas">
		<SimpleData name="OBJECTID">80</SimpleData>
		<SimpleData name="ID_GE_HIDR">133</SimpleData>
		<SimpleData name="NOMBRE">LA BIFURCADA</SimpleData>
		<SimpleData name="PROPIEDAD">HIDRO MUNILQUE SPA</SimpleData>
		<SimpleData name="TIPO">HIDRAULICA PASADA</SimpleData>
		<SimpleData name="MEDIO_GENE">PMGD</SimpleData>
		<SimpleData name="COMBUSTIBL">NO APLICA</SimpleData>
		<SimpleData name="POTENCIAMW">0.226</SimpleData>
		<SimpleData name="UNIDADES">1</SimpleData>
		<SimpleData name="RCA">441/2015</SimpleData>
		<SimpleData name="SIST_ELECT">SEN</SimpleData>
		<SimpleData name="ESTADO">OPERATIVA</SimpleData>
		<SimpleData name="F_OPERACIO">1504915200000</SimpleData>
		<SimpleData name="COORD_ESTE">223995</SimpleData>
		<SimpleData name="COORD_NORT">5823803</SimpleData>
		<SimpleData name="HUSO">19 SUR</SimpleData>
		<SimpleData name="DATUM">WGS 1984</SimpleData>
		<SimpleData name="REGION">08</SimpleData>
		<SimpleData name="PROVINCIA">083</SimpleData>
		<SimpleData name="COMUNA">08305</SimpleData>
		<SimpleData name="FUENTE_BAS">CNE</SimpleData>
		<SimpleData name="FECH_CREA">1530316800000</SimpleData>
		<SimpleData name="FECH_ACT">1688083200000</SimpleData>
	</SchemaData></ExtendedData>
      <Point><coordinates>-72.1301940929999,-37.69147787</coordinates></Point>
  </Placemark>
  <Placemark id="centrales_hidroelectricas.81">
	<name>LA COMPANIA II</name>
	<ExtendedData><SchemaData schemaUrl="#centrales_hidroelectricas">
		<SimpleData name="OBJECTID">81</SimpleData>
		<SimpleData name="ID_GE_HIDR">134</SimpleData>
		<SimpleData name="NOMBRE">LA COMPANIA II</SimpleData>
		<SimpleData name="PROPIEDAD">EMPRESA ELECTRICA LA COMPANIA SPA</SimpleData>
		<SimpleData name="TIPO">HIDRAULICA PASADA</SimpleData>
		<SimpleData name="MEDIO_GENE">PMGD</SimpleData>
		<SimpleData name="COMBUSTIBL">NO APLICA</SimpleData>
		<SimpleData name="POTENCIAMW">2.555</SimpleData>
		<SimpleData name="UNIDADES">2</SimpleData>
		<SimpleData name="RCA">002/2018</SimpleData>
		<SimpleData name="SIST_ELECT">SEN</SimpleData>
		<SimpleData name="ESTADO">OPERATIVA</SimpleData>
		<SimpleData name="F_OPERACIO">1589414400000</SimpleData>
		<SimpleData name="COORD_ESTE">348134</SimpleData>
		<SimpleData name="COORD_NORT">6220093</SimpleData>
		<SimpleData name="HUSO">19 SUR</SimpleData>
		<SimpleData name="DATUM">WGS 1984</SimpleData>
		<SimpleData name="REGION">06</SimpleData>
		<SimpleData name="PROVINCIA">061</SimpleData>
		<SimpleData name="COMUNA">06102</SimpleData>
		<SimpleData name="FUENTE_BAS">CNE</SimpleData>
		<SimpleData name="FECH_CREA">1495584000000</SimpleData>
		<SimpleData name="FECH_ACT">1688083200000</SimpleData>
	</SchemaData></ExtendedData>
      <Point><coordinates>-70.647297925,-34.1490387759999</coordinates></Point>
  </Placemark>
  <Placemark id="centrales_hidroelectricas.82">
	<name>LA CONFLUENCIA</name>
	<ExtendedData><SchemaData schemaUrl="#centrales_hidroelectricas">
		<SimpleData name="OBJECTID">82</SimpleData>
		<SimpleData name="ID_GE_HIDR">135</SimpleData>
		<SimpleData name="NOMBRE">LA CONFLUENCIA</SimpleData>
		<SimpleData name="PROPIEDAD">HIDROELECTRICA LA CONFLUENCIA S.A.</SimpleData>
		<SimpleData name="TIPO">HIDRAULICA PASADA</SimpleData>
		<SimpleData name="COMBUSTIBL">NO APLICA</SimpleData>
		<SimpleData name="POTENCIAMW">162.792</SimpleData>
		<SimpleData name="UNIDADES">2</SimpleData>
		<SimpleData name="RCA">282/2007</SimpleData>
		<SimpleData name="SIST_ELECT">SEN</SimpleData>
		<SimpleData name="ESTADO">OPERATIVA</SimpleData>
		<SimpleData name="F_OPERACIO">1304208000000</SimpleData>
		<SimpleData name="COORD_ESTE">357882</SimpleData>
		<SimpleData name="COORD_NORT">6144320</SimpleData>
		<SimpleData name="HUSO">19 SUR</SimpleData>
		<SimpleData name="DATUM">WGS 1984</SimpleData>
		<SimpleData name="REGION">06</SimpleData>
		<SimpleData name="PROVINCIA">063</SimpleData>
		<SimpleData name="COMUNA">06301</SimpleData>
		<SimpleData name="FUENTE_BAS">CNE</SimpleData>
		<SimpleData name="FECH_CREA">1530316800000</SimpleData>
		<SimpleData name="FECH_ACT">1688083200000</SimpleData>
	</SchemaData></ExtendedData>
      <Point><coordinates>-70.5542206269999,-34.833497531</coordinates></Point>
  </Placemark>
  <Placemark id="centrales_hidroelectricas.83">
	<name>LA HIGUERA</name>
	<ExtendedData><SchemaData schemaUrl="#centrales_hidroelectricas">
		<SimpleData name="OBJECTID">83</SimpleData>
		<SimpleData name="ID_GE_HIDR">137</SimpleData>
		<SimpleData name="NOMBRE">LA HIGUERA</SimpleData>
		<SimpleData name="PROPIEDAD">HIDROELECTRICA LA HIGUERA S.A.</SimpleData>
		<SimpleData name="TIPO">HIDRAULICA PASADA</SimpleData>
		<SimpleData name="COMBUSTIBL">NO APLICA</SimpleData>
		<SimpleData name="POTENCIAMW">154.6125</SimpleData>
		<SimpleData name="UNIDADES">2</SimpleData>
		<SimpleData name="RCA">116/2004</SimpleData>
		<SimpleData name="SIST_ELECT">SEN</SimpleData>
		<SimpleData name="ESTADO">OPERATIVA</SimpleData>
		<SimpleData name="F_OPERACIO">1304294400000</SimpleData>
		<SimpleData name="COORD_ESTE">343078</SimpleData>
		<SimpleData name="COORD_NORT">6153170</SimpleData>
		<SimpleData name="HUSO">19 SUR</SimpleData>
		<SimpleData name="DATUM">WGS 1984</SimpleData>
		<SimpleData name="REGION">06</SimpleData>
		<SimpleData name="PROVINCIA">063</SimpleData>
		<SimpleData name="COMUNA">06301</SimpleData>
		<SimpleData name="FUENTE_BAS">CNE</SimpleData>
		<SimpleData name="FECH_CREA">1530316800000</SimpleData>
		<SimpleData name="FECH_ACT">1688083200000</SimpleData>
	</SchemaData></ExtendedData>
      <Point><coordinates>-70.714405535,-34.751550492</coordinates></Point>
  </Placemark>
  <Placemark id="centrales_hidroelectricas.84">
	<name>LA MINA</name>
	<ExtendedData><SchemaData schemaUrl="#centrales_hidroelectricas">
		<SimpleData name="OBJECTID">84</SimpleData>
		<SimpleData name="ID_GE_HIDR">138</SimpleData>
		<SimpleData name="NOMBRE">LA MINA</SimpleData>
		<SimpleData name="PROPIEDAD">COLBUN S.A.</SimpleData>
		<SimpleData name="TIPO">HIDRAULICA PASADA</SimpleData>
		<SimpleData name="COMBUSTIBL">NO APLICA</SimpleData>
		<SimpleData name="POTENCIAMW">36.73</SimpleData>
		<SimpleData name="UNIDADES">2</SimpleData>
		<SimpleData name="RCA">085/2013</SimpleData>
		<SimpleData name="SIST_ELECT">SEN</SimpleData>
		<SimpleData name="ESTADO">OPERATIVA</SimpleData>
		<SimpleData name="F_OPERACIO">1519171200000</SimpleData>
		<SimpleData name="COORD_ESTE">340321</SimpleData>
		<SimpleData name="COORD_NORT">6034500</SimpleData>
		<SimpleData name="HUSO">19 SUR</SimpleData>
		<SimpleData name="DATUM">WGS 1984</SimpleData>
		<SimpleData name="REGION">07</SimpleData>
		<SimpleData name="PROVINCIA">071</SimpleData>
		<SimpleData name="COMUNA">07109</SimpleData>
		<SimpleData name="FUENTE_BAS">CNE</SimpleData>
		<SimpleData name="FECH_CREA">1355961600000</SimpleData>
		<SimpleData name="FECH_ACT">1688083200000</SimpleData>
	</SchemaData></ExtendedData>
      <Point><coordinates>-70.7676162129999,-35.820667897</coordinates></Point>
  </Placemark>
  <Placemark id="centrales_hidroelectricas.85">
	<name>LA MONTANA</name>
	<ExtendedData><SchemaData schemaUrl="#centrales_hidroelectricas">
		<SimpleData name="OBJECTID">85</SimpleData>
		<SimpleData name="ID_GE_HIDR">139</SimpleData>
		<SimpleData name="NOMBRE">LA MONTANA</SimpleData>
		<SimpleData name="PROPIEDAD">HIDROELCTRICA PUMA S.A.</SimpleData>
		<SimpleData name="TIPO">HIDRAULICA PASADA</SimpleData>
		<SimpleData name="MEDIO_GENE">PMGD</SimpleData>
		<SimpleData name="COMBUSTIBL">NO APLICA</SimpleData>
		<SimpleData name="POTENCIAMW">2.975</SimpleData>
		<SimpleData name="UNIDADES">1</SimpleData>
		<SimpleData name="SIST_ELECT">SEN</SimpleData>
		<SimpleData name="ESTADO">OPERATIVA</SimpleData>
		<SimpleData name="F_OPERACIO">1479254400000</SimpleData>
		<SimpleData name="COORD_ESTE">334109</SimpleData>
		<SimpleData name="COORD_NORT">6132560</SimpleData>
		<SimpleData name="HUSO">19 SUR</SimpleData>
		<SimpleData name="DATUM">WGS 1984</SimpleData>
		<SimpleData name="REGION">07</SimpleData>
		<SimpleData name="PROVINCIA">073</SimpleData>
		<SimpleData name="COMUNA">07308</SimpleData>
		<SimpleData name="FUENTE_BAS">CNE</SimpleData>
		<SimpleData name="FECH_CREA">1530316800000</SimpleData>
		<SimpleData name="FECH_ACT">1688083200000</SimpleData>
	</SchemaData></ExtendedData>
      <Point><coordinates>-70.8164293739999,-34.935892639</coordinates></Point>
  </Placemark>
  <Placemark id="centrales_hidroelectricas.86">
	<name>LA MONTANA II</name>
	<ExtendedData><SchemaData schemaUrl="#centrales_hidroelectricas">
		<SimpleData name="OBJECTID">86</SimpleData>
		<SimpleData name="ID_GE_HIDR">140</SimpleData>
		<SimpleData name="NOMBRE">LA MONTANA II</SimpleData>
		<SimpleData name="PROPIEDAD">HIDROELECTRICA RIO CLARO S.A.</SimpleData>
		<SimpleData name="TIPO">HIDRAULICA PASADA</SimpleData>
		<SimpleData name="MEDIO_GENE">PMGD</SimpleData>
		<SimpleData name="COMBUSTIBL">NO APLICA</SimpleData>
		<SimpleData name="POTENCIAMW">1.8842</SimpleData>
		<SimpleData name="UNIDADES">1</SimpleData>
		<SimpleData name="RCA">NO APLICA</SimpleData>
		<SimpleData name="SIST_ELECT">SEN</SimpleData>
		<SimpleData name="ESTADO">OPERATIVA</SimpleData>
		<SimpleData name="F_OPERACIO">1509667200000</SimpleData>
		<SimpleData name="COORD_ESTE">331196</SimpleData>
		<SimpleData name="COORD_NORT">6132595</SimpleData>
		<SimpleData name="HUSO">19 SUR</SimpleData>
		<SimpleData name="DATUM">WGS 1984</SimpleData>
		<SimpleData name="REGION">07</SimpleData>
		<SimpleData name="PROVINCIA">073</SimpleData>
		<SimpleData name="COMUNA">07308</SimpleData>
		<SimpleData name="FUENTE_BAS">CNE</SimpleData>
		<SimpleData name="FECH_CREA">1530316800000</SimpleData>
		<SimpleData name="FECH_ACT">1688083200000</SimpleData>
	</SchemaData></ExtendedData>
      <Point><coordinates>-70.8483036929999,-34.935096196</coordinates></Point>
  </Placemark>
  <Placemark id="centrales_hidroelectricas.87">
	<name>LA PALOMA</name>
	<ExtendedData><SchemaData schemaUrl="#centrales_hidroelectricas">
		<SimpleData name="OBJECTID">87</SimpleData>
		<SimpleData name="ID_GE_HIDR">141</SimpleData>
		<SimpleData name="NOMBRE">LA PALOMA</SimpleData>
		<SimpleData name="PROPIEDAD">HIDROPALOMA S.A.</SimpleData>
		<SimpleData name="TIPO">HIDRAULICA PASADA</SimpleData>
		<SimpleData name="MEDIO_GENE">PMGD</SimpleData>
		<SimpleData name="COMBUSTIBL">NO APLICA</SimpleData>
		<SimpleData name="POTENCIAMW">4.416</SimpleData>
		<SimpleData name="UNIDADES">2</SimpleData>
		<SimpleData name="RCA">169/2008</SimpleData>
		<SimpleData name="SIST_ELECT">SEN</SimpleData>
		<SimpleData name="ESTADO">OPERATIVA</SimpleData>
		<SimpleData name="F_OPERACIO">1269820800000</SimpleData>
		<SimpleData name="COORD_ESTE">304885</SimpleData>
		<SimpleData name="COORD_NORT">6601830</SimpleData>
		<SimpleData name="HUSO">19 SUR</SimpleData>
		<SimpleData name="DATUM">WGS 1984</SimpleData>
		<SimpleData name="REGION">04</SimpleData>
		<SimpleData name="PROVINCIA">043</SimpleData>
		<SimpleData name="COMUNA">04301</SimpleData>
		<SimpleData name="FUENTE_BAS">CNE</SimpleData>
		<SimpleData name="FECH_CREA">1530316800000</SimpleData>
		<SimpleData name="FECH_ACT">1688083200000</SimpleData>
	</SchemaData></ExtendedData>
      <Point><coordinates>-71.0372659989999,-30.7003911209999</coordinates></Point>
  </Placemark>
  <Placemark id="centrales_hidroelectricas.88">
	<name>LA VINA-ALTO LA VINA</name>
	<ExtendedData><SchemaData schemaUrl="#centrales_hidroelectricas">
		<SimpleData name="OBJECTID">88</SimpleData>
		<SimpleData name="ID_GE_HIDR">143</SimpleData>
		<SimpleData name="NOMBRE">LA VINA-ALTO LA VINA</SimpleData>
		<SimpleData name="PROPIEDAD">HIDRO MUNILQUE SPA</SimpleData>
		<SimpleData name="TIPO">HIDRAULICA PASADA</SimpleData>
		<SimpleData name="MEDIO_GENE">PMGD</SimpleData>
		<SimpleData name="COMBUSTIBL">NO APLICA</SimpleData>
		<SimpleData name="POTENCIAMW">0.5421</SimpleData>
		<SimpleData name="UNIDADES">2</SimpleData>
		<SimpleData name="RCA">441/2015</SimpleData>
		<SimpleData name="SIST_ELECT">SEN</SimpleData>
		<SimpleData name="ESTADO">OPERATIVA</SimpleData>
		<SimpleData name="F_OPERACIO">1503878400000</SimpleData>
		<SimpleData name="COORD_ESTE">216940</SimpleData>
		<SimpleData name="COORD_NORT">5827219</SimpleData>
		<SimpleData name="HUSO">19 SUR</SimpleData>
		<SimpleData name="DATUM">WGS 1984</SimpleData>
		<SimpleData name="REGION">08</SimpleData>
		<SimpleData name="PROVINCIA">083</SimpleData>
		<SimpleData name="COMUNA">08305</SimpleData>
		<SimpleData name="FUENTE_BAS">CNE</SimpleData>
		<SimpleData name="FECH_CREA">1530316800000</SimpleData>
		<SimpleData name="FECH_ACT">1688083200000</SimpleData>
	</SchemaData></ExtendedData>
      <Point><coordinates>-72.2087661429999,-37.658586494</coordinates></Point>
  </Placemark>
  <Placemark id="centrales_hidroelectricas.89">
	<name>LAGO ATRAVESADO</name>
	<ExtendedData><SchemaData schemaUrl="#centrales_hidroelectricas">
		<SimpleData name="OBJECTID">89</SimpleData>
		<SimpleData name="ID_GE_HIDR">144</SimpleData>
		<SimpleData name="NOMBRE">LAGO ATRAVESADO</SimpleData>
		<SimpleData name="PROPIEDAD">EDELAYSEN</SimpleData>
		<SimpleData name="TIPO">HIDRAULICA PASADA</SimpleData>
		<SimpleData name="COMBUSTIBL">NO APLICA</SimpleData>
		<SimpleData name="POTENCIAMW">11</SimpleData>
		<SimpleData name="UNIDADES">2</SimpleData>
		<SimpleData name="RCA">017/2000</SimpleData>
		<SimpleData name="SIST_ELECT">SEA</SimpleData>
		<SimpleData name="ESTADO">OPERATIVA</SimpleData>
		<SimpleData name="F_OPERACIO">1041379200000</SimpleData>
		<SimpleData name="COORD_ESTE">244225</SimpleData>
		<SimpleData name="COORD_NORT">4927785</SimpleData>
		<SimpleData name="HUSO">19 SUR</SimpleData>
		<SimpleData name="DATUM">WGS 1984</SimpleData>
		<SimpleData name="REGION">11</SimpleData>
		<SimpleData name="PROVINCIA">111</SimpleData>
		<SimpleData name="COMUNA">11101</SimpleData>
		<SimpleData name="FUENTE_BAS">CNE</SimpleData>
		<SimpleData name="FECH_CREA">1530316800000</SimpleData>
		<SimpleData name="FECH_ACT">1688083200000</SimpleData>
	</SchemaData></ExtendedData>
      <Point><coordinates>-72.288835147,-45.756137747</coordinates></Point>
  </Placemark>
  <Placemark id="centrales_hidroelectricas.90">
	<name>LAJA I</name>
	<ExtendedData><SchemaData schemaUrl="#centrales_hidroelectricas">
		<SimpleData name="OBJECTID">90</SimpleData>
		<SimpleData name="ID_GE_HIDR">145</SimpleData>
		<SimpleData name="NOMBRE">LAJA I</SimpleData>
		<SimpleData name="PROPIEDAD">EOLICA MONTE REDONDO S.A.</SimpleData>
		<SimpleData name="TIPO">HIDRAULICA PASADA</SimpleData>
		<SimpleData name="COMBUSTIBL">NO APLICA</SimpleData>
		<SimpleData name="POTENCIAMW">34.056</SimpleData>
		<SimpleData name="UNIDADES">2</SimpleData>
		<SimpleData name="RCA">248/2008</SimpleData>
		<SimpleData name="SIST_ELECT">SEN</SimpleData>
		<SimpleData name="ESTADO">OPERATIVA</SimpleData>
		<SimpleData name="F_OPERACIO">1432771200000</SimpleData>
		<SimpleData name="COORD_ESTE">186842</SimpleData>
		<SimpleData name="COORD_NORT">5872212</SimpleData>
		<SimpleData name="HUSO">19 SUR</SimpleData>
		<SimpleData name="DATUM">WGS 1984</SimpleData>
		<SimpleData name="REGION">08</SimpleData>
		<SimpleData name="PROVINCIA">083</SimpleData>
		<SimpleData name="COMUNA">08304</SimpleData>
		<SimpleData name="FUENTE_BAS">CNE</SimpleData>
		<SimpleData name="FECH_CREA">1530316800000</SimpleData>
		<SimpleData name="FECH_ACT">1688083200000</SimpleData>
	</SchemaData></ExtendedData>
      <Point><coordinates>-72.530289416,-37.2440384939999</coordinates></Point>
  </Placemark>
  <Placemark id="centrales_hidroelectricas.91">
	<name>LAS FLORES</name>
	<ExtendedData><SchemaData schemaUrl="#centrales_hidroelectricas">
		<SimpleData name="OBJECTID">91</SimpleData>
		<SimpleData name="ID_GE_HIDR">147</SimpleData>
		<SimpleData name="NOMBRE">LAS FLORES</SimpleData>
		<SimpleData name="PROPIEDAD">HIDROELECTRICA LAS FLORES S.A.</SimpleData>
		<SimpleData name="TIPO">HIDRAULICA PASADA</SimpleData>
		<SimpleData name="MEDIO_GENE">PMGD</SimpleData>
		<SimpleData name="COMBUSTIBL">NO APLICA</SimpleData>
		<SimpleData name="POTENCIAMW">1.4</SimpleData>
		<SimpleData name="UNIDADES">1</SimpleData>
		<SimpleData name="SIST_ELECT">SEN</SimpleData>
		<SimpleData name="ESTADO">OPERATIVA</SimpleData>
		<SimpleData name="F_OPERACIO">1420675200000</SimpleData>
		<SimpleData name="COORD_ESTE">218338</SimpleData>
		<SimpleData name="COORD_NORT">5557610</SimpleData>
		<SimpleData name="HUSO">19 SUR</SimpleData>
		<SimpleData name="DATUM">WGS 1984</SimpleData>
		<SimpleData name="REGION">14</SimpleData>
		<SimpleData name="PROVINCIA">142</SimpleData>
		<SimpleData name="COMUNA">14202</SimpleData>
		<SimpleData name="FUENTE_BAS">CNE</SimpleData>
		<SimpleData name="FECH_CREA">1530316800000</SimpleData>
		<SimpleData name="FECH_ACT">1688083200000</SimpleData>
	</SchemaData></ExtendedData>
      <Point><coordinates>-72.303476765,-40.084701406</coordinates></Point>
  </Placemark>
  <Placemark id="centrales_hidroelectricas.92">
	<name>LAS VERTIENTES</name>
	<ExtendedData><SchemaData schemaUrl="#centrales_hidroelectricas">
		<SimpleData name="OBJECTID">92</SimpleData>
		<SimpleData name="ID_GE_HIDR">151</SimpleData>
		<SimpleData name="NOMBRE">LAS VERTIENTES</SimpleData>
		<SimpleData name="PROPIEDAD">ELECTRICA PUNTILLA S.A.</SimpleData>
		<SimpleData name="TIPO">HIDRAULICA PASADA</SimpleData>
		<SimpleData name="MEDIO_GENE">PMGD</SimpleData>
		<SimpleData name="COMBUSTIBL">NO APLICA</SimpleData>
		<SimpleData name="POTENCIAMW">1.8646</SimpleData>
		<SimpleData name="UNIDADES">1</SimpleData>
		<SimpleData name="SIST_ELECT">SEN</SimpleData>
		<SimpleData name="ESTADO">OPERATIVA</SimpleData>
		<SimpleData name="F_OPERACIO">1387756800000</SimpleData>
		<SimpleData name="COORD_ESTE">363629</SimpleData>
		<SimpleData name="COORD_NORT">6282048</SimpleData>
		<SimpleData name="HUSO">19 SUR</SimpleData>
		<SimpleData name="DATUM">WGS 1984</SimpleData>
		<SimpleData name="REGION">13</SimpleData>
		<SimpleData name="PROVINCIA">132</SimpleData>
		<SimpleData name="COMUNA">13202</SimpleData>
		<SimpleData name="FUENTE_BAS">CNE</SimpleData>
		<SimpleData name="FECH_CREA">1530316800000</SimpleData>
		<SimpleData name="FECH_ACT">1688083200000</SimpleData>
	</SchemaData></ExtendedData>
      <Point><coordinates>-70.469667939,-33.592585683</coordinates></Point>
  </Placemark>
  <Placemark id="centrales_hidroelectricas.93">
	<name>LICAN</name>
	<ExtendedData><SchemaData schemaUrl="#centrales_hidroelectricas">
		<SimpleData name="OBJECTID">93</SimpleData>
		<SimpleData name="ID_GE_HIDR">152</SimpleData>
		<SimpleData name="NOMBRE">LICAN</SimpleData>
		<SimpleData name="PROPIEDAD">EMPRESA ELECTRICA LICAN S.A.</SimpleData>
		<SimpleData name="TIPO">HIDRAULICA PASADA</SimpleData>
		<SimpleData name="COMBUSTIBL">NO APLICA</SimpleData>
		<SimpleData name="POTENCIAMW">17.955</SimpleData>
		<SimpleData name="UNIDADES">2</SimpleData>
		<SimpleData name="RCA">000/2010</SimpleData>
		<SimpleData name="SIST_ELECT">SEN</SimpleData>
		<SimpleData name="ESTADO">OPERATIVA</SimpleData>
		<SimpleData name="F_OPERACIO">1307145600000</SimpleData>
		<SimpleData name="COORD_ESTE">212266</SimpleData>
		<SimpleData name="COORD_NORT">5498080</SimpleData>
		<SimpleData name="HUSO">19 SUR</SimpleData>
		<SimpleData name="DATUM">WGS 1984</SimpleData>
		<SimpleData name="REGION">14</SimpleData>
		<SimpleData name="PROVINCIA">142</SimpleData>
		<SimpleData name="COMUNA">14204</SimpleData>
		<SimpleData name="FUENTE_BAS">CNE</SimpleData>
		<SimpleData name="FECH_CREA">1530316800000</SimpleData>
		<SimpleData name="FECH_ACT">1688083200000</SimpleData>
	</SchemaData></ExtendedData>
      <Point><coordinates>-72.401399414,-40.6180312399999</coordinates></Point>
  </Placemark>
  <Placemark id="centrales_hidroelectricas.94">
	<name>LIRCAY</name>
	<ExtendedData><SchemaData schemaUrl="#centrales_hidroelectricas">
		<SimpleData name="OBJECTID">94</SimpleData>
		<SimpleData name="ID_GE_HIDR">154</SimpleData>
		<SimpleData name="NOMBRE">LIRCAY</SimpleData>
		<SimpleData name="PROPIEDAD">HIDROLIRCAY</SimpleData>
		<SimpleData name="TIPO">HIDRAULICA PASADA</SimpleData>
		<SimpleData name="COMBUSTIBL">NO APLICA</SimpleData>
		<SimpleData name="POTENCIAMW">18.9525</SimpleData>
		<SimpleData name="UNIDADES">2</SimpleData>
		<SimpleData name="RCA">414/2006</SimpleData>
		<SimpleData name="SIST_ELECT">SEN</SimpleData>
		<SimpleData name="ESTADO">OPERATIVA</SimpleData>
		<SimpleData name="F_OPERACIO">1236556800000</SimpleData>
		<SimpleData name="COORD_ESTE">294988</SimpleData>
		<SimpleData name="COORD_NORT">6065020</SimpleData>
		<SimpleData name="HUSO">19 SUR</SimpleData>
		<SimpleData name="DATUM">WGS 1984</SimpleData>
		<SimpleData name="REGION">07</SimpleData>
		<SimpleData name="PROVINCIA">071</SimpleData>
		<SimpleData name="COMUNA">07109</SimpleData>
		<SimpleData name="FUENTE_BAS">CNE</SimpleData>
		<SimpleData name="FECH_CREA">1530316800000</SimpleData>
		<SimpleData name="FECH_ACT">1688083200000</SimpleData>
	</SchemaData></ExtendedData>
      <Point><coordinates>-71.261356024,-35.5372778299999</coordinates></Point>
  </Placemark>
  <Placemark id="centrales_hidroelectricas.95">
	<name>LLAUQUEREO</name>
	<ExtendedData><SchemaData schemaUrl="#centrales_hidroelectricas">
		<SimpleData name="OBJECTID">95</SimpleData>
		<SimpleData name="ID_GE_HIDR">156</SimpleData>
		<SimpleData name="NOMBRE">LLAUQUEREO</SimpleData>
		<SimpleData name="PROPIEDAD">HIDROELECTRICA LLEUQUEREO S.A.</SimpleData>
		<SimpleData name="TIPO">HIDRAULICA PASADA</SimpleData>
		<SimpleData name="MEDIO_GENE">PMG</SimpleData>
		<SimpleData name="COMBUSTIBL">NO APLICA</SimpleData>
		<SimpleData name="POTENCIAMW">1.755</SimpleData>
		<SimpleData name="UNIDADES">1</SimpleData>
		<SimpleData name="SIST_ELECT">SEN</SimpleData>
		<SimpleData name="ESTADO">OPERATIVA</SimpleData>
		<SimpleData name="F_OPERACIO">1438905600000</SimpleData>
		<SimpleData name="COORD_ESTE">277063</SimpleData>
		<SimpleData name="COORD_NORT">5839243</SimpleData>
		<SimpleData name="HUSO">19 SUR</SimpleData>
		<SimpleData name="DATUM">WGS 1984</SimpleData>
		<SimpleData name="REGION">08</SimpleData>
		<SimpleData name="PROVINCIA">083</SimpleData>
		<SimpleData name="COMUNA">08311</SimpleData>
		<SimpleData name="FUENTE_BAS">CNE</SimpleData>
		<SimpleData name="FECH_CREA">1530316800000</SimpleData>
		<SimpleData name="FECH_ACT">1688083200000</SimpleData>
	</SchemaData></ExtendedData>
      <Point><coordinates>-71.5242369159999,-37.5668851139999</coordinates></Point>
  </Placemark>
  <Placemark id="centrales_hidroelectricas.96">
	<name>LOMA ALTA</name>
	<ExtendedData><SchemaData schemaUrl="#centrales_hidroelectricas">
		<SimpleData name="OBJECTID">96</SimpleData>
		<SimpleData name="ID_GE_HIDR">157</SimpleData>
		<SimpleData name="NOMBRE">LOMA ALTA</SimpleData>
		<SimpleData name="PROPIEDAD">EMPRESA ELECTRICA PEHUENCHE S.A.</SimpleData>
		<SimpleData name="TIPO">HIDRAULICA PASADA</SimpleData>
		<SimpleData name="COMBUSTIBL">NO APLICA</SimpleData>
		<SimpleData name="POTENCIAMW">39.932</SimpleData>
		<SimpleData name="UNIDADES">1</SimpleData>
		<SimpleData name="SIST_ELECT">SEN</SimpleData>
		<SimpleData name="ESTADO">OPERATIVA</SimpleData>
		<SimpleData name="F_OPERACIO">852076800000</SimpleData>
		<SimpleData name="COORD_ESTE">320898</SimpleData>
		<SimpleData name="COORD_NORT">6037440</SimpleData>
		<SimpleData name="HUSO">19 SUR</SimpleData>
		<SimpleData name="DATUM">WGS 1984</SimpleData>
		<SimpleData name="REGION">07</SimpleData>
		<SimpleData name="PROVINCIA">071</SimpleData>
		<SimpleData name="COMUNA">07109</SimpleData>
		<SimpleData name="FUENTE_BAS">CNE</SimpleData>
		<SimpleData name="FECH_CREA">1530316800000</SimpleData>
		<SimpleData name="FECH_ACT">1688083200000</SimpleData>
	</SchemaData></ExtendedData>
      <Point><coordinates>-70.981857497,-35.7908226869999</coordinates></Point>
  </Placemark>
  <Placemark id="centrales_hidroelectricas.97">
	<name>LOS BAJOS</name>
	<ExtendedData><SchemaData schemaUrl="#centrales_hidroelectricas">
		<SimpleData name="OBJECTID">97</SimpleData>
		<SimpleData name="ID_GE_HIDR">159</SimpleData>
		<SimpleData name="NOMBRE">LOS BAJOS</SimpleData>
		<SimpleData name="PROPIEDAD">CARBOMET ENERGIA S.A.</SimpleData>
		<SimpleData name="TIPO">HIDRAULICA PASADA</SimpleData>
		<SimpleData name="MEDIO_GENE">PMGD</SimpleData>
		<SimpleData name="COMBUSTIBL">NO APLICA</SimpleData>
		<SimpleData name="POTENCIAMW">5.4725</SimpleData>
		<SimpleData name="UNIDADES">1</SimpleData>
		<SimpleData name="SIST_ELECT">SEN</SimpleData>
		<SimpleData name="ESTADO">OPERATIVA</SimpleData>
		<SimpleData name="F_OPERACIO">-820540800000</SimpleData>
		<SimpleData name="COORD_ESTE">352088</SimpleData>
		<SimpleData name="COORD_NORT">6277128</SimpleData>
		<SimpleData name="HUSO">19 SUR</SimpleData>
		<SimpleData name="DATUM">WGS 1984</SimpleData>
		<SimpleData name="REGION">13</SimpleData>
		<SimpleData name="PROVINCIA">132</SimpleData>
		<SimpleData name="COMUNA">13201</SimpleData>
		<SimpleData name="FUENTE_BAS">CNE</SimpleData>
		<SimpleData name="FECH_CREA">1530316800000</SimpleData>
		<SimpleData name="FECH_ACT">1688083200000</SimpleData>
	</SchemaData></ExtendedData>
      <Point><coordinates>-70.594821662,-33.635404733</coordinates></Point>
  </Placemark>
  <Placemark id="centrales_hidroelectricas.98">
	<name>LOS COLONOS</name>
	<ExtendedData><SchemaData schemaUrl="#centrales_hidroelectricas">
		<SimpleData name="OBJECTID">98</SimpleData>
		<SimpleData name="ID_GE_HIDR">160</SimpleData>
		<SimpleData name="NOMBRE">LOS COLONOS</SimpleData>
		<SimpleData name="PROPIEDAD">EMPRESA ELECTRICA RIO PUMA SPA.</SimpleData>
		<SimpleData name="TIPO">HIDRAULICA PASADA</SimpleData>
		<SimpleData name="MEDIO_GENE">PMGD</SimpleData>
		<SimpleData name="COMBUSTIBL">NO APLICA</SimpleData>
		<SimpleData name="POTENCIAMW">0.6399</SimpleData>
		<SimpleData name="UNIDADES">1</SimpleData>
		<SimpleData name="SIST_ELECT">SEN</SimpleData>
		<SimpleData name="ESTADO">OPERATIVA</SimpleData>
		<SimpleData name="F_OPERACIO">1405036800000</SimpleData>
		<SimpleData name="COORD_ESTE">189889</SimpleData>
		<SimpleData name="COORD_NORT">5453900</SimpleData>
		<SimpleData name="HUSO">19 SUR</SimpleData>
		<SimpleData name="DATUM">WGS 1984</SimpleData>
		<SimpleData name="REGION">10</SimpleData>
		<SimpleData name="PROVINCIA">103</SimpleData>
		<SimpleData name="COMUNA">10302</SimpleData>
		<SimpleData name="FUENTE_BAS">CNE</SimpleData>
		<SimpleData name="FECH_CREA">1530316800000</SimpleData>
		<SimpleData name="FECH_ACT">1688083200000</SimpleData>
	</SchemaData></ExtendedData>
      <Point><coordinates>-72.687379795,-41.007119986</coordinates></Point>
  </Placemark>
  <Placemark id="centrales_hidroelectricas.99">
	<name>LOS CORRALES</name>
	<ExtendedData><SchemaData schemaUrl="#centrales_hidroelectricas">
		<SimpleData name="OBJECTID">99</SimpleData>
		<SimpleData name="ID_GE_HIDR">162</SimpleData>
		<SimpleData name="NOMBRE">LOS CORRALES</SimpleData>
		<SimpleData name="PROPIEDAD">AGRICOLA ALEJANDRO PONCE EIRL</SimpleData>
		<SimpleData name="TIPO">HIDRAULICA PASADA</SimpleData>
		<SimpleData name="MEDIO_GENE">PMGD</SimpleData>
		<SimpleData name="COMBUSTIBL">NO APLICA</SimpleData>
		<SimpleData name="POTENCIAMW">0.8</SimpleData>
		<SimpleData name="UNIDADES">1</SimpleData>
		<SimpleData name="SIST_ELECT">SEN</SimpleData>
		<SimpleData name="ESTADO">OPERATIVA</SimpleData>
		<SimpleData name="F_OPERACIO">1284768000000</SimpleData>
		<SimpleData name="COORD_ESTE">219714</SimpleData>
		<SimpleData name="COORD_NORT">5495120</SimpleData>
		<SimpleData name="HUSO">19 SUR</SimpleData>
		<SimpleData name="DATUM">WGS 1984</SimpleData>
		<SimpleData name="REGION">14</SimpleData>
		<SimpleData name="PROVINCIA">142</SimpleData>
		<SimpleData name="COMUNA">10304</SimpleData>
		<SimpleData name="FUENTE_BAS">CNE</SimpleData>
		<SimpleData name="FECH_CREA">1530316800000</SimpleData>
		<SimpleData name="FECH_ACT">1688083200000</SimpleData>
	</SchemaData></ExtendedData>
      <Point><coordinates>-72.314813723,-40.647210915</coordinates></Point>
  </Placemark>
  <Placemark id="centrales_hidroelectricas.100">
	<name>LOS CORRALES II</name>
	<ExtendedData><SchemaData schemaUrl="#centrales_hidroelectricas">
		<SimpleData name="OBJECTID">100</SimpleData>
		<SimpleData name="ID_GE_HIDR">163</SimpleData>
		<SimpleData name="NOMBRE">LOS CORRALES II</SimpleData>
		<SimpleData name="PROPIEDAD">AGRICOLA ALEJANDRO PONCE EIRL</SimpleData>
		<SimpleData name="TIPO">HIDRAULICA PASADA</SimpleData>
		<SimpleData name="MEDIO_GENE">PMGD</SimpleData>
		<SimpleData name="COMBUSTIBL">NO APLICA</SimpleData>
		<SimpleData name="POTENCIAMW">1.025</SimpleData>
		<SimpleData name="UNIDADES">1</SimpleData>
		<SimpleData name="SIST_ELECT">SEN</SimpleData>
		<SimpleData name="ESTADO">OPERATIVA</SimpleData>
		<SimpleData name="F_OPERACIO">1360108800000</SimpleData>
		<SimpleData name="COORD_ESTE">219713</SimpleData>
		<SimpleData name="COORD_NORT">5495124</SimpleData>
		<SimpleData name="HUSO">19 SUR</SimpleData>
		<SimpleData name="DATUM">WGS 1984</SimpleData>
		<SimpleData name="REGION">14</SimpleData>
		<SimpleData name="PROVINCIA">142</SimpleData>
		<SimpleData name="COMUNA">14204</SimpleData>
		<SimpleData name="FUENTE_BAS">CNE</SimpleData>
		<SimpleData name="FECH_CREA">1530316800000</SimpleData>
		<SimpleData name="FECH_ACT">1688083200000</SimpleData>
	</SchemaData></ExtendedData>
      <Point><coordinates>-72.314823748,-40.647174601</coordinates></Point>
  </Placemark>
  <Placemark id="centrales_hidroelectricas.101">
	<name>LOS HIERROS</name>
	<ExtendedData><SchemaData schemaUrl="#centrales_hidroelectricas">
		<SimpleData name="OBJECTID">101</SimpleData>
		<SimpleData name="ID_GE_HIDR">164</SimpleData>
		<SimpleData name="NOMBRE">LOS HIERROS</SimpleData>
		<SimpleData name="PROPIEDAD">EMPRESA ELECTRICAS AGUAS DEL MELADO S.A.</SimpleData>
		<SimpleData name="TIPO">HIDRAULICA PASADA</SimpleData>
		<SimpleData name="COMBUSTIBL">NO APLICA</SimpleData>
		<SimpleData name="POTENCIAMW">25</SimpleData>
		<SimpleData name="UNIDADES">2</SimpleData>
		<SimpleData name="RCA">190/2010</SimpleData>
		<SimpleData name="SIST_ELECT">SEN</SimpleData>
		<SimpleData name="ESTADO">OPERATIVA</SimpleData>
		<SimpleData name="F_OPERACIO">1397260800000</SimpleData>
		<SimpleData name="COORD_ESTE">313639</SimpleData>
		<SimpleData name="COORD_NORT">6029850</SimpleData>
		<SimpleData name="HUSO">19 SUR</SimpleData>
		<SimpleData name="DATUM">WGS 1984</SimpleData>
		<SimpleData name="REGION">07</SimpleData>
		<SimpleData name="PROVINCIA">074</SimpleData>
		<SimpleData name="COMUNA">07402</SimpleData>
		<SimpleData name="FUENTE_BAS">CNE</SimpleData>
		<SimpleData name="FECH_CREA">1530316800000</SimpleData>
		<SimpleData name="FECH_ACT">1688083200000</SimpleData>
	</SchemaData></ExtendedData>
      <Point><coordinates>-71.063906839,-35.8578607379999</coordinates></Point>
  </Placemark>
  <Placemark id="centrales_hidroelectricas.102">
	<name>LOS HIERROS II</name>
	<ExtendedData><SchemaData schemaUrl="#centrales_hidroelectricas">
		<SimpleData name="OBJECTID">102</SimpleData>
		<SimpleData name="ID_GE_HIDR">165</SimpleData>
		<SimpleData name="NOMBRE">LOS HIERROS II</SimpleData>
		<SimpleData name="PROPIEDAD">EMPRESA ELECTRICA PORTEZUELO SPA.</SimpleData>
		<SimpleData name="TIPO">HIDRAULICA PASADA</SimpleData>
		<SimpleData name="MEDIO_GENE">PMG</SimpleData>
		<SimpleData name="COMBUSTIBL">NO APLICA</SimpleData>
		<SimpleData name="POTENCIAMW">6</SimpleData>
		<SimpleData name="UNIDADES">1</SimpleData>
		<SimpleData name="RCA">007/2012</SimpleData>
		<SimpleData name="SIST_ELECT">SEN</SimpleData>
		<SimpleData name="ESTADO">OPERATIVA</SimpleData>
		<SimpleData name="F_OPERACIO">1442793600000</SimpleData>
		<SimpleData name="COORD_ESTE">312240</SimpleData>
		<SimpleData name="COORD_NORT">6031820</SimpleData>
		<SimpleData name="HUSO">19 SUR</SimpleData>
		<SimpleData name="DATUM">WGS 1984</SimpleData>
		<SimpleData name="REGION">07</SimpleData>
		<SimpleData name="PROVINCIA">074</SimpleData>
		<SimpleData name="COMUNA">07402</SimpleData>
		<SimpleData name="FUENTE_BAS">CNE</SimpleData>
		<SimpleData name="FECH_CREA">1530316800000</SimpleData>
		<SimpleData name="FECH_ACT">1688083200000</SimpleData>
	</SchemaData></ExtendedData>
      <Point><coordinates>-71.0789277919999,-35.83984351</coordinates></Point>
  </Placemark>
  <Placemark id="centrales_hidroelectricas.103">
	<name>LOS MOLLES</name>
	<ExtendedData><SchemaData schemaUrl="#centrales_hidroelectricas">
		<SimpleData name="OBJECTID">103</SimpleData>
		<SimpleData name="ID_GE_HIDR">168</SimpleData>
		<SimpleData name="NOMBRE">LOS MOLLES</SimpleData>
		<SimpleData name="PROPIEDAD">ENEL GENERACION</SimpleData>
		<SimpleData name="TIPO">HIDRAULICA PASADA</SimpleData>
		<SimpleData name="COMBUSTIBL">NO APLICA</SimpleData>
		<SimpleData name="POTENCIAMW">17.9514</SimpleData>
		<SimpleData name="UNIDADES">2</SimpleData>
		<SimpleData name="SIST_ELECT">SEN</SimpleData>
		<SimpleData name="ESTADO">OPERATIVA</SimpleData>
		<SimpleData name="F_OPERACIO">-568080000000</SimpleData>
		<SimpleData name="COORD_ESTE">348112</SimpleData>
		<SimpleData name="COORD_NORT">6597668</SimpleData>
		<SimpleData name="HUSO">19 SUR</SimpleData>
		<SimpleData name="DATUM">WGS 1984</SimpleData>
		<SimpleData name="REGION">04</SimpleData>
		<SimpleData name="PROVINCIA">043</SimpleData>
		<SimpleData name="COMUNA">04303</SimpleData>
		<SimpleData name="FUENTE_BAS">CNE</SimpleData>
		<SimpleData name="FECH_CREA">1530316800000</SimpleData>
		<SimpleData name="FECH_ACT">1688083200000</SimpleData>
	</SchemaData></ExtendedData>
      <Point><coordinates>-70.5866987319999,-30.744229472</coordinates></Point>
  </Placemark>
  <Placemark id="centrales_hidroelectricas.104">
	<name>LOS MORROS</name>
	<ExtendedData><SchemaData schemaUrl="#centrales_hidroelectricas">
		<SimpleData name="OBJECTID">104</SimpleData>
		<SimpleData name="ID_GE_HIDR">169</SimpleData>
		<SimpleData name="NOMBRE">LOS MORROS</SimpleData>
		<SimpleData name="PROPIEDAD">CIA. EMPRESA LOS MORROS S.A.</SimpleData>
		<SimpleData name="TIPO">HIDRAULICA PASADA</SimpleData>
		<SimpleData name="MEDIO_GENE">PMGD</SimpleData>
		<SimpleData name="COMBUSTIBL">NO APLICA</SimpleData>
		<SimpleData name="POTENCIAMW">3.0535</SimpleData>
		<SimpleData name="UNIDADES">5</SimpleData>
		<SimpleData name="SIST_ELECT">SEN</SimpleData>
		<SimpleData name="ESTADO">OPERATIVA</SimpleData>
		<SimpleData name="F_OPERACIO">-1262304000000</SimpleData>
		<SimpleData name="COORD_ESTE">346425</SimpleData>
		<SimpleData name="COORD_NORT">6275666</SimpleData>
		<SimpleData name="HUSO">19 SUR</SimpleData>
		<SimpleData name="DATUM">WGS 1984</SimpleData>
		<SimpleData name="REGION">13</SimpleData>
		<SimpleData name="PROVINCIA">134</SimpleData>
		<SimpleData name="COMUNA">13401</SimpleData>
		<SimpleData name="FUENTE_BAS">CNE</SimpleData>
		<SimpleData name="FECH_CREA">1530316800000</SimpleData>
		<SimpleData name="FECH_ACT">1688083200000</SimpleData>
	</SchemaData></ExtendedData>
      <Point><coordinates>-70.6561119849999,-33.64778318</coordinates></Point>
  </Placemark>
  <Placemark id="centrales_hidroelectricas.105">
	<name>LOS PADRES</name>
	<ExtendedData><SchemaData schemaUrl="#centrales_hidroelectricas">
		<SimpleData name="OBJECTID">105</SimpleData>
		<SimpleData name="ID_GE_HIDR">170</SimpleData>
		<SimpleData name="NOMBRE">LOS PADRES</SimpleData>
		<SimpleData name="PROPIEDAD">LOS PADRES HIDRO S.A.</SimpleData>
		<SimpleData name="TIPO">HIDRAULICA PASADA</SimpleData>
		<SimpleData name="MEDIO_GENE">PMGD</SimpleData>
		<SimpleData name="COMBUSTIBL">NO APLICA</SimpleData>
		<SimpleData name="POTENCIAMW">2.181</SimpleData>
		<SimpleData name="UNIDADES">1</SimpleData>
		<SimpleData name="SIST_ELECT">SEN</SimpleData>
		<SimpleData name="ESTADO">OPERATIVA</SimpleData>
		<SimpleData name="F_OPERACIO">1400716800000</SimpleData>
		<SimpleData name="COORD_ESTE">260858</SimpleData>
		<SimpleData name="COORD_NORT">5843123</SimpleData>
		<SimpleData name="HUSO">19 SUR</SimpleData>
		<SimpleData name="DATUM">WGS 1984</SimpleData>
		<SimpleData name="REGION">08</SimpleData>
		<SimpleData name="PROVINCIA">083</SimpleData>
		<SimpleData name="COMUNA">08309</SimpleData>
		<SimpleData name="FUENTE_BAS">CNE</SimpleData>
		<SimpleData name="FECH_CREA">1530316800000</SimpleData>
		<SimpleData name="FECH_ACT">1688083200000</SimpleData>
	</SchemaData></ExtendedData>
      <Point><coordinates>-71.7062749729999,-37.5278872379999</coordinates></Point>
  </Placemark>
  <Placemark id="centrales_hidroelectricas.106">
	<name>LOS QUILOS</name>
	<ExtendedData><SchemaData schemaUrl="#centrales_hidroelectricas">
		<SimpleData name="OBJECTID">106</SimpleData>
		<SimpleData name="ID_GE_HIDR">174</SimpleData>
		<SimpleData name="NOMBRE">LOS QUILOS</SimpleData>
		<SimpleData name="PROPIEDAD">COLBUN S.A.</SimpleData>
		<SimpleData name="TIPO">HIDRAULICA PASADA</SimpleData>
		<SimpleData name="COMBUSTIBL">NO APLICA</SimpleData>
		<SimpleData name="POTENCIAMW">39.8003</SimpleData>
		<SimpleData name="UNIDADES">3</SimpleData>
		<SimpleData name="SIST_ELECT">SEN</SimpleData>
		<SimpleData name="ESTADO">OPERATIVA</SimpleData>
		<SimpleData name="F_OPERACIO">-852076800000</SimpleData>
		<SimpleData name="COORD_ESTE">368282</SimpleData>
		<SimpleData name="COORD_NORT">6362640</SimpleData>
		<SimpleData name="HUSO">19 SUR</SimpleData>
		<SimpleData name="DATUM">WGS 1984</SimpleData>
		<SimpleData name="REGION">05</SimpleData>
		<SimpleData name="PROVINCIA">053</SimpleData>
		<SimpleData name="COMUNA">05304</SimpleData>
		<SimpleData name="FUENTE_BAS">CNE</SimpleData>
		<SimpleData name="FECH_CREA">1530316800000</SimpleData>
		<SimpleData name="FECH_ACT">1688083200000</SimpleData>
	</SchemaData></ExtendedData>
      <Point><coordinates>-70.4078419809999,-32.86644962</coordinates></Point>
  </Placemark>
  <Placemark id="centrales_hidroelectricas.107">
	<name>MACHICURA</name>
	<ExtendedData><SchemaData schemaUrl="#centrales_hidroelectricas">
		<SimpleData name="OBJECTID">107</SimpleData>
		<SimpleData name="ID_GE_HIDR">175</SimpleData>
		<SimpleData name="NOMBRE">MACHICURA</SimpleData>
		<SimpleData name="PROPIEDAD">COLBUN S.A.</SimpleData>
		<SimpleData name="TIPO">HIDRAULICA EMBALSE</SimpleData>
		<SimpleData name="COMBUSTIBL">NO APLICA</SimpleData>
		<SimpleData name="POTENCIAMW">94.7625</SimpleData>
		<SimpleData name="UNIDADES">2</SimpleData>
		<SimpleData name="SIST_ELECT">SEN</SimpleData>
		<SimpleData name="ESTADO">OPERATIVA</SimpleData>
		<SimpleData name="F_OPERACIO">473385600000</SimpleData>
		<SimpleData name="COORD_ESTE">283144</SimpleData>
		<SimpleData name="COORD_NORT">6043075</SimpleData>
		<SimpleData name="HUSO">19 SUR</SimpleData>
		<SimpleData name="DATUM">WGS 1984</SimpleData>
		<SimpleData name="REGION">07</SimpleData>
		<SimpleData name="PROVINCIA">074</SimpleData>
		<SimpleData name="COMUNA">07402</SimpleData>
		<SimpleData name="FUENTE_BAS">CNE</SimpleData>
		<SimpleData name="FECH_CREA">1530316800000</SimpleData>
		<SimpleData name="FECH_ACT">1688083200000</SimpleData>
	</SchemaData></ExtendedData>
      <Point><coordinates>-71.397801048,-35.7324516849999</coordinates></Point>
  </Placemark>
  <Placemark id="centrales_hidroelectricas.108">
	<name>MAISAN</name>
	<ExtendedData><SchemaData schemaUrl="#centrales_hidroelectricas">
		<SimpleData name="OBJECTID">108</SimpleData>
		<SimpleData name="ID_GE_HIDR">176</SimpleData>
		<SimpleData name="NOMBRE">MAISAN</SimpleData>
		<SimpleData name="PROPIEDAD">ABASTIBLE S.A.</SimpleData>
		<SimpleData name="TIPO">HIDRAULICA PASADA</SimpleData>
		<SimpleData name="MEDIO_GENE">PMGD</SimpleData>
		<SimpleData name="COMBUSTIBL">NO APLICA</SimpleData>
		<SimpleData name="POTENCIAMW">0.59</SimpleData>
		<SimpleData name="UNIDADES">2</SimpleData>
		<SimpleData name="SIST_ELECT">SEN</SimpleData>
		<SimpleData name="ESTADO">OPERATIVA</SimpleData>
		<SimpleData name="F_OPERACIO">1386633600000</SimpleData>
		<SimpleData name="COORD_ESTE">182611</SimpleData>
		<SimpleData name="COORD_NORT">5678630</SimpleData>
		<SimpleData name="HUSO">19 SUR</SimpleData>
		<SimpleData name="DATUM">WGS 1984</SimpleData>
		<SimpleData name="REGION">09</SimpleData>
		<SimpleData name="PROVINCIA">091</SimpleData>
		<SimpleData name="COMUNA">09114</SimpleData>
		<SimpleData name="FUENTE_BAS">CNE</SimpleData>
		<SimpleData name="FECH_CREA">1530316800000</SimpleData>
		<SimpleData name="FECH_ACT">1688083200000</SimpleData>
	</SchemaData></ExtendedData>
      <Point><coordinates>-72.6639889529999,-38.983817964</coordinates></Point>
  </Placemark>
  <Placemark id="centrales_hidroelectricas.109">
	<name>MAITENES</name>
	<ExtendedData><SchemaData schemaUrl="#centrales_hidroelectricas">
		<SimpleData name="OBJECTID">109</SimpleData>
		<SimpleData name="ID_GE_HIDR">177</SimpleData>
		<SimpleData name="NOMBRE">MAITENES</SimpleData>
		<SimpleData name="PROPIEDAD">AES ANDES</SimpleData>
		<SimpleData name="TIPO">HIDRAULICA PASADA</SimpleData>
		<SimpleData name="COMBUSTIBL">NO APLICA</SimpleData>
		<SimpleData name="POTENCIAMW">26.92</SimpleData>
		<SimpleData name="UNIDADES">5</SimpleData>
		<SimpleData name="SIST_ELECT">SEN</SimpleData>
		<SimpleData name="ESTADO">OPERATIVA</SimpleData>
		<SimpleData name="F_OPERACIO">-1483228800000</SimpleData>
		<SimpleData name="COORD_ESTE">382836</SimpleData>
		<SimpleData name="COORD_NORT">6289164</SimpleData>
		<SimpleData name="HUSO">19 SUR</SimpleData>
		<SimpleData name="DATUM">WGS 1984</SimpleData>
		<SimpleData name="REGION">13</SimpleData>
		<SimpleData name="PROVINCIA">132</SimpleData>
		<SimpleData name="COMUNA">13203</SimpleData>
		<SimpleData name="FUENTE_BAS">CNE</SimpleData>
		<SimpleData name="FECH_CREA">1530316800000</SimpleData>
		<SimpleData name="FECH_ACT">1688083200000</SimpleData>
	</SchemaData></ExtendedData>
      <Point><coordinates>-70.26178822,-33.5307034699999</coordinates></Point>
  </Placemark>
  <Placemark id="centrales_hidroelectricas.110">
	<name>MALALCAHUELLO</name>
	<ExtendedData><SchemaData schemaUrl="#centrales_hidroelectricas">
		<SimpleData name="OBJECTID">110</SimpleData>
		<SimpleData name="ID_GE_HIDR">178</SimpleData>
		<SimpleData name="NOMBRE">MALALCAHUELLO</SimpleData>
		<SimpleData name="PROPIEDAD">ELECTRICA CAREN</SimpleData>
		<SimpleData name="TIPO">HIDRAULICA PASADA</SimpleData>
		<SimpleData name="COMBUSTIBL">NO APLICA</SimpleData>
		<SimpleData name="POTENCIAMW">9.154</SimpleData>
		<SimpleData name="UNIDADES">2</SimpleData>
		<SimpleData name="RCA">077/2014</SimpleData>
		<SimpleData name="SIST_ELECT">SEN</SimpleData>
		<SimpleData name="ESTADO">OPERATIVA</SimpleData>
		<SimpleData name="F_OPERACIO">1477612800000</SimpleData>
		<SimpleData name="COORD_ESTE">281349</SimpleData>
		<SimpleData name="COORD_NORT">5693183</SimpleData>
		<SimpleData name="HUSO">19 SUR</SimpleData>
		<SimpleData name="DATUM">WGS 1984</SimpleData>
		<SimpleData name="REGION">09</SimpleData>
		<SimpleData name="PROVINCIA">091</SimpleData>
		<SimpleData name="COMUNA">09110</SimpleData>
		<SimpleData name="FUENTE_BAS">CNE</SimpleData>
		<SimpleData name="FECH_CREA">1530316800000</SimpleData>
		<SimpleData name="FECH_ACT">1688083200000</SimpleData>
	</SchemaData></ExtendedData>
      <Point><coordinates>-71.520759313,-38.883031772</coordinates></Point>
  </Placemark>
  <Placemark id="centrales_hidroelectricas.111">
	<name>MALLARAUCO</name>
	<ExtendedData><SchemaData schemaUrl="#centrales_hidroelectricas">
		<SimpleData name="OBJECTID">111</SimpleData>
		<SimpleData name="ID_GE_HIDR">179</SimpleData>
		<SimpleData name="NOMBRE">MALLARAUCO</SimpleData>
		<SimpleData name="PROPIEDAD">HIDROELECTRICA MALLARAUCO S.A.</SimpleData>
		<SimpleData name="TIPO">HIDRAULICA PASADA</SimpleData>
		<SimpleData name="MEDIO_GENE">PMGD</SimpleData>
		<SimpleData name="COMBUSTIBL">NO APLICA</SimpleData>
		<SimpleData name="POTENCIAMW">3.3915</SimpleData>
		<SimpleData name="UNIDADES">1</SimpleData>
		<SimpleData name="RCA">459/2010</SimpleData>
		<SimpleData name="SIST_ELECT">SEN</SimpleData>
		<SimpleData name="ESTADO">OPERATIVA</SimpleData>
		<SimpleData name="F_OPERACIO">1308873600000</SimpleData>
		<SimpleData name="COORD_ESTE">313991</SimpleData>
		<SimpleData name="COORD_NORT">6281790</SimpleData>
		<SimpleData name="HUSO">19 SUR</SimpleData>
		<SimpleData name="DATUM">WGS 1984</SimpleData>
		<SimpleData name="REGION">13</SimpleData>
		<SimpleData name="PROVINCIA">135</SimpleData>
		<SimpleData name="COMUNA">13501</SimpleData>
		<SimpleData name="FUENTE_BAS">CNE</SimpleData>
		<SimpleData name="FECH_CREA">1530316800000</SimpleData>
		<SimpleData name="FECH_ACT">1688083200000</SimpleData>
	</SchemaData></ExtendedData>
      <Point><coordinates>-71.004422,-33.5874033439999</coordinates></Point>
  </Placemark>
  <Placemark id="centrales_hidroelectricas.112">
	<name>MAMPIL</name>
	<ExtendedData><SchemaData schemaUrl="#centrales_hidroelectricas">
		<SimpleData name="OBJECTID">112</SimpleData>
		<SimpleData name="ID_GE_HIDR">180</SimpleData>
		<SimpleData name="NOMBRE">MAMPIL</SimpleData>
		<SimpleData name="PROPIEDAD">DUQUECO SPA</SimpleData>
		<SimpleData name="TIPO">HIDRAULICA PASADA</SimpleData>
		<SimpleData name="COMBUSTIBL">NO APLICA</SimpleData>
		<SimpleData name="POTENCIAMW">54.9065</SimpleData>
		<SimpleData name="UNIDADES">2</SimpleData>
		<SimpleData name="RCA">220/1996</SimpleData>
		<SimpleData name="SIST_ELECT">SEN</SimpleData>
		<SimpleData name="ESTADO">OPERATIVA</SimpleData>
		<SimpleData name="F_OPERACIO">946684800000</SimpleData>
		<SimpleData name="COORD_ESTE">260786</SimpleData>
		<SimpleData name="COORD_NORT">5842176</SimpleData>
		<SimpleData name="HUSO">19 SUR</SimpleData>
		<SimpleData name="DATUM">WGS 1984</SimpleData>
		<SimpleData name="REGION">08</SimpleData>
		<SimpleData name="PROVINCIA">083</SimpleData>
		<SimpleData name="COMUNA">08311</SimpleData>
		<SimpleData name="FUENTE_BAS">CNE</SimpleData>
		<SimpleData name="FECH_CREA">1530316800000</SimpleData>
		<SimpleData name="FECH_ACT">1688083200000</SimpleData>
	</SchemaData></ExtendedData>
      <Point><coordinates>-71.707397355,-37.536394913</coordinates></Point>
  </Placemark>
  <Placemark id="centrales_hidroelectricas.113">
	<name>MARIA ELENA</name>
	<ExtendedData><SchemaData schemaUrl="#centrales_hidroelectricas">
		<SimpleData name="OBJECTID">113</SimpleData>
		<SimpleData name="ID_GE_HIDR">183</SimpleData>
		<SimpleData name="NOMBRE">MARIA ELENA</SimpleData>
		<SimpleData name="PROPIEDAD">GENERADORA ELECTRICA MARIA ELENA LTDA.</SimpleData>
		<SimpleData name="TIPO">HIDRAULICA PASADA</SimpleData>
		<SimpleData name="MEDIO_GENE">PMGD</SimpleData>
		<SimpleData name="COMBUSTIBL">NO APLICA</SimpleData>
		<SimpleData name="POTENCIAMW">0.285</SimpleData>
		<SimpleData name="UNIDADES">1</SimpleData>
		<SimpleData name="SIST_ELECT">SEN</SimpleData>
		<SimpleData name="ESTADO">OPERATIVA</SimpleData>
		<SimpleData name="F_OPERACIO">1415923200000</SimpleData>
		<SimpleData name="COORD_ESTE">205658</SimpleData>
		<SimpleData name="COORD_NORT">5480710</SimpleData>
		<SimpleData name="HUSO">19 SUR</SimpleData>
		<SimpleData name="DATUM">WGS 1984</SimpleData>
		<SimpleData name="REGION">10</SimpleData>
		<SimpleData name="PROVINCIA">103</SimpleData>
		<SimpleData name="COMUNA">10304</SimpleData>
		<SimpleData name="FUENTE_BAS">CNE</SimpleData>
		<SimpleData name="FECH_CREA">1530316800000</SimpleData>
		<SimpleData name="FECH_ACT">1688083200000</SimpleData>
	</SchemaData></ExtendedData>
      <Point><coordinates>-72.4875241299999,-40.771897279</coordinates></Point>
  </Placemark>
  <Placemark id="centrales_hidroelectricas.114">
	<name>MARIPOSAS</name>
	<ExtendedData><SchemaData schemaUrl="#centrales_hidroelectricas">
		<SimpleData name="OBJECTID">114</SimpleData>
		<SimpleData name="ID_GE_HIDR">184</SimpleData>
		<SimpleData name="NOMBRE">MARIPOSAS</SimpleData>
		<SimpleData name="PROPIEDAD">HIDROELECTRICA RIO LIRCAY S.A.</SimpleData>
		<SimpleData name="TIPO">HIDRAULICA PASADA</SimpleData>
		<SimpleData name="MEDIO_GENE">PMG</SimpleData>
		<SimpleData name="COMBUSTIBL">NO APLICA</SimpleData>
		<SimpleData name="POTENCIAMW">6.2855</SimpleData>
		<SimpleData name="UNIDADES">1</SimpleData>
		<SimpleData name="RCA">139/2009</SimpleData>
		<SimpleData name="SIST_ELECT">SEN</SimpleData>
		<SimpleData name="ESTADO">OPERATIVA</SimpleData>
		<SimpleData name="F_OPERACIO">1301097600000</SimpleData>
		<SimpleData name="COORD_ESTE">294883</SimpleData>
		<SimpleData name="COORD_NORT">6058490</SimpleData>
		<SimpleData name="HUSO">19 SUR</SimpleData>
		<SimpleData name="DATUM">WGS 1984</SimpleData>
		<SimpleData name="REGION">07</SimpleData>
		<SimpleData name="PROVINCIA">071</SimpleData>
		<SimpleData name="COMUNA">07109</SimpleData>
		<SimpleData name="FUENTE_BAS">CNE</SimpleData>
		<SimpleData name="FECH_CREA">1530316800000</SimpleData>
		<SimpleData name="FECH_ACT">1688083200000</SimpleData>
	</SchemaData></ExtendedData>
      <Point><coordinates>-71.264168699,-35.596088411</coordinates></Point>
  </Placemark>
  <Placemark id="centrales_hidroelectricas.115">
	<name>MCH DOSAL</name>
	<ExtendedData><SchemaData schemaUrl="#centrales_hidroelectricas">
		<SimpleData name="OBJECTID">115</SimpleData>
		<SimpleData name="ID_GE_HIDR">185</SimpleData>
		<SimpleData name="NOMBRE">MCH DOSAL</SimpleData>
		<SimpleData name="PROPIEDAD">DOSAL HNOS. Y CIA. LTDA.</SimpleData>
		<SimpleData name="TIPO">HIDRAULICA PASADA</SimpleData>
		<SimpleData name="MEDIO_GENE">PMGD</SimpleData>
		<SimpleData name="COMBUSTIBL">NO APLICA</SimpleData>
		<SimpleData name="POTENCIAMW">0.2696</SimpleData>
		<SimpleData name="UNIDADES">1</SimpleData>
		<SimpleData name="SIST_ELECT">SEN</SimpleData>
		<SimpleData name="ESTADO">OPERATIVA</SimpleData>
		<SimpleData name="F_OPERACIO">1434499200000</SimpleData>
		<SimpleData name="COORD_ESTE">336570</SimpleData>
		<SimpleData name="COORD_NORT">6038143</SimpleData>
		<SimpleData name="HUSO">19 SUR</SimpleData>
		<SimpleData name="DATUM">WGS 1984</SimpleData>
		<SimpleData name="REGION">07</SimpleData>
		<SimpleData name="PROVINCIA">073</SimpleData>
		<SimpleData name="COMUNA">07301</SimpleData>
		<SimpleData name="FUENTE_BAS">CNE</SimpleData>
		<SimpleData name="FECH_CREA">1530316800000</SimpleData>
		<SimpleData name="FECH_ACT">1688083200000</SimpleData>
	</SchemaData></ExtendedData>
      <Point><coordinates>-70.8083761999999,-35.787220454</coordinates></Point>
  </Placemark>
  <Placemark id="centrales_hidroelectricas.116">
	<name>MELO</name>
	<ExtendedData><SchemaData schemaUrl="#centrales_hidroelectricas">
		<SimpleData name="OBJECTID">116</SimpleData>
		<SimpleData name="ID_GE_HIDR">187</SimpleData>
		<SimpleData name="NOMBRE">MELO</SimpleData>
		<SimpleData name="PROPIEDAD">SOCER S.A.</SimpleData>
		<SimpleData name="TIPO">HIDRAULICA PASADA</SimpleData>
		<SimpleData name="MEDIO_GENE">PMGD</SimpleData>
		<SimpleData name="COMBUSTIBL">NO APLICA</SimpleData>
		<SimpleData name="POTENCIAMW">2.97</SimpleData>
		<SimpleData name="UNIDADES">1</SimpleData>
		<SimpleData name="RCA">204/2014</SimpleData>
		<SimpleData name="SIST_ELECT">SEN</SimpleData>
		<SimpleData name="ESTADO">OPERATIVA</SimpleData>
		<SimpleData name="F_OPERACIO">1510012800000</SimpleData>
		<SimpleData name="COORD_ESTE">223355</SimpleData>
		<SimpleData name="COORD_NORT">5868660</SimpleData>
		<SimpleData name="HUSO">19 SUR</SimpleData>
		<SimpleData name="DATUM">WGS 1984</SimpleData>
		<SimpleData name="REGION">08</SimpleData>
		<SimpleData name="PROVINCIA">083</SimpleData>
		<SimpleData name="COMUNA">08309</SimpleData>
		<SimpleData name="FUENTE_BAS">CNE</SimpleData>
		<SimpleData name="FECH_CREA">1530316800000</SimpleData>
		<SimpleData name="FECH_ACT">1688083200000</SimpleData>
	</SchemaData></ExtendedData>
      <Point><coordinates>-72.120585394,-37.2875626759999</coordinates></Point>
  </Placemark>
  <Placemark id="centrales_hidroelectricas.117">
	<name>MINIHIDRO SANTA ROSA</name>
	<ExtendedData><SchemaData schemaUrl="#centrales_hidroelectricas">
		<SimpleData name="OBJECTID">117</SimpleData>
		<SimpleData name="ID_GE_HIDR">190</SimpleData>
		<SimpleData name="NOMBRE">MINIHIDRO SANTA ROSA</SimpleData>
		<SimpleData name="PROPIEDAD">ENERNUEVAS S.A.</SimpleData>
		<SimpleData name="TIPO">HIDRAULICA PASADA</SimpleData>
		<SimpleData name="MEDIO_GENE">PMGD</SimpleData>
		<SimpleData name="COMBUSTIBL">NO APLICA</SimpleData>
		<SimpleData name="POTENCIAMW">1.25</SimpleData>
		<SimpleData name="UNIDADES">1</SimpleData>
		<SimpleData name="SIST_ELECT">SEN</SimpleData>
		<SimpleData name="ESTADO">OPERATIVA</SimpleData>
		<SimpleData name="F_OPERACIO">1432598400000</SimpleData>
		<SimpleData name="COORD_ESTE">388442</SimpleData>
		<SimpleData name="COORD_NORT">7754845</SimpleData>
		<SimpleData name="HUSO">19 SUR</SimpleData>
		<SimpleData name="DATUM">WGS 1984</SimpleData>
		<SimpleData name="REGION">01</SimpleData>
		<SimpleData name="PROVINCIA">011</SimpleData>
		<SimpleData name="COMUNA">10107</SimpleData>
		<SimpleData name="FUENTE_BAS">CNE</SimpleData>
		<SimpleData name="FECH_CREA">1530316800000</SimpleData>
		<SimpleData name="FECH_ACT">1688083200000</SimpleData>
	</SchemaData></ExtendedData>
      <Point><coordinates>-70.0684653499999,-20.301031994</coordinates></Point>
  </Placemark>
  <Placemark id="centrales_hidroelectricas.118">
	<name>MOLINERA VILLARRICA</name>
	<ExtendedData><SchemaData schemaUrl="#centrales_hidroelectricas">
		<SimpleData name="OBJECTID">118</SimpleData>
		<SimpleData name="ID_GE_HIDR">192</SimpleData>
		<SimpleData name="NOMBRE">MOLINERA VILLARRICA</SimpleData>
		<SimpleData name="PROPIEDAD">CIA MOLINERA VILLARRICA LTDA</SimpleData>
		<SimpleData name="TIPO">HIDRAULICA PASADA</SimpleData>
		<SimpleData name="MEDIO_GENE">PMGD</SimpleData>
		<SimpleData name="COMBUSTIBL">NO APLICA</SimpleData>
		<SimpleData name="POTENCIAMW">0.5966</SimpleData>
		<SimpleData name="UNIDADES">1</SimpleData>
		<SimpleData name="SIST_ELECT">SEN</SimpleData>
		<SimpleData name="ESTADO">OPERATIVA</SimpleData>
		<SimpleData name="F_OPERACIO">1456963200000</SimpleData>
		<SimpleData name="COORD_ESTE">221635</SimpleData>
		<SimpleData name="COORD_NORT">5645156</SimpleData>
		<SimpleData name="HUSO">19 SUR</SimpleData>
		<SimpleData name="DATUM">WGS 1984</SimpleData>
		<SimpleData name="REGION">09</SimpleData>
		<SimpleData name="PROVINCIA">091</SimpleData>
		<SimpleData name="COMUNA">09120</SimpleData>
		<SimpleData name="FUENTE_BAS">CNE</SimpleData>
		<SimpleData name="FECH_CREA">1530316800000</SimpleData>
		<SimpleData name="FECH_ACT">1688083200000</SimpleData>
	</SchemaData></ExtendedData>
      <Point><coordinates>-72.227938362,-39.298251794</coordinates></Point>
  </Placemark>
  <Placemark id="centrales_hidroelectricas.119">
	<name>MONREAL</name>
	<ExtendedData><SchemaData schemaUrl="#centrales_hidroelectricas">
		<SimpleData name="OBJECTID">119</SimpleData>
		<SimpleData name="ID_GE_HIDR">196</SimpleData>
		<SimpleData name="NOMBRE">MONREAL</SimpleData>
		<SimpleData name="PROPIEDAD">EDELAYSEN</SimpleData>
		<SimpleData name="TIPO">HIDRAULICA PASADA</SimpleData>
		<SimpleData name="COMBUSTIBL">NO APLICA</SimpleData>
		<SimpleData name="POTENCIAMW">3</SimpleData>
		<SimpleData name="UNIDADES">1</SimpleData>
		<SimpleData name="SIST_ELECT">SEA</SimpleData>
		<SimpleData name="ESTADO">OPERATIVA</SimpleData>
		<SimpleData name="F_OPERACIO">1356998400000</SimpleData>
		<SimpleData name="COORD_ESTE">262408</SimpleData>
		<SimpleData name="COORD_NORT">4915840</SimpleData>
		<SimpleData name="HUSO">19 SUR</SimpleData>
		<SimpleData name="DATUM">WGS 1984</SimpleData>
		<SimpleData name="REGION">11</SimpleData>
		<SimpleData name="PROVINCIA">111</SimpleData>
		<SimpleData name="COMUNA">11101</SimpleData>
		<SimpleData name="FUENTE_BAS">CNE</SimpleData>
		<SimpleData name="FECH_CREA">1530316800000</SimpleData>
		<SimpleData name="FECH_ACT">1688083200000</SimpleData>
	</SchemaData></ExtendedData>
      <Point><coordinates>-72.0612635799999,-45.869985006</coordinates></Point>
  </Placemark>
  <Placemark id="centrales_hidroelectricas.120">
	<name>MSA-I</name>
	<ExtendedData><SchemaData schemaUrl="#centrales_hidroelectricas">
		<SimpleData name="OBJECTID">120</SimpleData>
		<SimpleData name="ID_GE_HIDR">198</SimpleData>
		<SimpleData name="NOMBRE">MSA-I</SimpleData>
		<SimpleData name="PROPIEDAD">MINICENTRALES ARAUCANIA S.A.</SimpleData>
		<SimpleData name="TIPO">HIDRAULICA PASADA</SimpleData>
		<SimpleData name="MEDIO_GENE">PMGD</SimpleData>
		<SimpleData name="COMBUSTIBL">NO APLICA</SimpleData>
		<SimpleData name="POTENCIAMW">3</SimpleData>
		<SimpleData name="UNIDADES">3</SimpleData>
		<SimpleData name="RCA">NO APLICA</SimpleData>
		<SimpleData name="SIST_ELECT">SEN</SimpleData>
		<SimpleData name="ESTADO">OPERATIVA</SimpleData>
		<SimpleData name="F_OPERACIO">1532995200000</SimpleData>
		<SimpleData name="COORD_ESTE">235771</SimpleData>
		<SimpleData name="COORD_NORT">5659715</SimpleData>
		<SimpleData name="HUSO">19 SUR</SimpleData>
		<SimpleData name="DATUM">WGS 1984</SimpleData>
		<SimpleData name="REGION">09</SimpleData>
		<SimpleData name="PROVINCIA">091</SimpleData>
		<SimpleData name="COMUNA">09120</SimpleData>
		<SimpleData name="FUENTE_BAS">CNE</SimpleData>
		<SimpleData name="FECH_CREA">1416528000000</SimpleData>
		<SimpleData name="FECH_ACT">1688083200000</SimpleData>
	</SchemaData></ExtendedData>
      <Point><coordinates>-72.058542793,-39.171676353</coordinates></Point>
  </Placemark>
  <Placemark id="centrales_hidroelectricas.121">
	<name>MUCHI</name>
	<ExtendedData><SchemaData schemaUrl="#centrales_hidroelectricas">
		<SimpleData name="OBJECTID">121</SimpleData>
		<SimpleData name="ID_GE_HIDR">199</SimpleData>
		<SimpleData name="NOMBRE">MUCHI</SimpleData>
		<SimpleData name="PROPIEDAD">HIDROMUCHI S.A.</SimpleData>
		<SimpleData name="TIPO">HIDRAULICA PASADA</SimpleData>
		<SimpleData name="MEDIO_GENE">PMGD</SimpleData>
		<SimpleData name="COMBUSTIBL">NO APLICA</SimpleData>
		<SimpleData name="POTENCIAMW">0.9975</SimpleData>
		<SimpleData name="UNIDADES">2</SimpleData>
		<SimpleData name="SIST_ELECT">SEN</SimpleData>
		<SimpleData name="ESTADO">OPERATIVA</SimpleData>
		<SimpleData name="F_OPERACIO">1316649600000</SimpleData>
		<SimpleData name="COORD_ESTE">225803</SimpleData>
		<SimpleData name="COORD_NORT">5532143</SimpleData>
		<SimpleData name="HUSO">19 SUR</SimpleData>
		<SimpleData name="DATUM">WGS 1984</SimpleData>
		<SimpleData name="REGION">14</SimpleData>
		<SimpleData name="PROVINCIA">142</SimpleData>
		<SimpleData name="COMUNA">14203</SimpleData>
		<SimpleData name="FUENTE_BAS">CNE</SimpleData>
		<SimpleData name="FECH_CREA">1530316800000</SimpleData>
		<SimpleData name="FECH_ACT">1688083200000</SimpleData>
	</SchemaData></ExtendedData>
      <Point><coordinates>-72.226909639,-40.3162453419999</coordinates></Point>
  </Placemark>
  <Placemark id="centrales_hidroelectricas.122">
	<name>MUNILQUE</name>
	<ExtendedData><SchemaData schemaUrl="#centrales_hidroelectricas">
		<SimpleData name="OBJECTID">122</SimpleData>
		<SimpleData name="ID_GE_HIDR">200</SimpleData>
		<SimpleData name="NOMBRE">MUNILQUE</SimpleData>
		<SimpleData name="PROPIEDAD">PMGD BUREO</SimpleData>
		<SimpleData name="TIPO">HIDRAULICA PASADA</SimpleData>
		<SimpleData name="MEDIO_GENE">PMGD</SimpleData>
		<SimpleData name="COMBUSTIBL">NO APLICA</SimpleData>
		<SimpleData name="POTENCIAMW">0.5469</SimpleData>
		<SimpleData name="UNIDADES">1</SimpleData>
		<SimpleData name="RCA">229/2013</SimpleData>
		<SimpleData name="SIST_ELECT">SEN</SimpleData>
		<SimpleData name="ESTADO">OPERATIVA</SimpleData>
		<SimpleData name="F_OPERACIO">1439424000000</SimpleData>
		<SimpleData name="COORD_ESTE">197305</SimpleData>
		<SimpleData name="COORD_NORT">5835760</SimpleData>
		<SimpleData name="HUSO">19 SUR</SimpleData>
		<SimpleData name="DATUM">WGS 1984</SimpleData>
		<SimpleData name="REGION">08</SimpleData>
		<SimpleData name="PROVINCIA">083</SimpleData>
		<SimpleData name="COMUNA">08305</SimpleData>
		<SimpleData name="FUENTE_BAS">CNE</SimpleData>
		<SimpleData name="FECH_CREA">1530316800000</SimpleData>
		<SimpleData name="FECH_ACT">1688083200000</SimpleData>
	</SchemaData></ExtendedData>
      <Point><coordinates>-72.4274611009999,-37.5754792509999</coordinates></Point>
  </Placemark>
  <Placemark id="centrales_hidroelectricas.123">
	<name>MUNILQUE II</name>
	<ExtendedData><SchemaData schemaUrl="#centrales_hidroelectricas">
		<SimpleData name="OBJECTID">123</SimpleData>
		<SimpleData name="ID_GE_HIDR">201</SimpleData>
		<SimpleData name="NOMBRE">MUNILQUE II</SimpleData>
		<SimpleData name="PROPIEDAD">PMGD BUREO</SimpleData>
		<SimpleData name="TIPO">HIDRAULICA PASADA</SimpleData>
		<SimpleData name="MEDIO_GENE">PMGD</SimpleData>
		<SimpleData name="COMBUSTIBL">NO APLICA</SimpleData>
		<SimpleData name="POTENCIAMW">0.5469</SimpleData>
		<SimpleData name="UNIDADES">1</SimpleData>
		<SimpleData name="RCA">229/2013</SimpleData>
		<SimpleData name="SIST_ELECT">SEN</SimpleData>
		<SimpleData name="ESTADO">OPERATIVA</SimpleData>
		<SimpleData name="F_OPERACIO">1439424000000</SimpleData>
		<SimpleData name="COORD_ESTE">196964</SimpleData>
		<SimpleData name="COORD_NORT">5836102</SimpleData>
		<SimpleData name="HUSO">19 SUR</SimpleData>
		<SimpleData name="DATUM">WGS 1984</SimpleData>
		<SimpleData name="REGION">08</SimpleData>
		<SimpleData name="PROVINCIA">083</SimpleData>
		<SimpleData name="COMUNA">08305</SimpleData>
		<SimpleData name="FUENTE_BAS">CNE</SimpleData>
		<SimpleData name="FECH_CREA">1530316800000</SimpleData>
		<SimpleData name="FECH_ACT">1688083200000</SimpleData>
	</SchemaData></ExtendedData>
      <Point><coordinates>-72.431174604,-37.5722900379999</coordinates></Point>
  </Placemark>
  <Placemark id="centrales_hidroelectricas.124">
	<name>NALCAS</name>
	<ExtendedData><SchemaData schemaUrl="#centrales_hidroelectricas">
		<SimpleData name="OBJECTID">124</SimpleData>
		<SimpleData name="ID_GE_HIDR">202</SimpleData>
		<SimpleData name="NOMBRE">NALCAS</SimpleData>
		<SimpleData name="PROPIEDAD">HIDROENESUR S.A.</SimpleData>
		<SimpleData name="TIPO">HIDRAULICA PASADA</SimpleData>
		<SimpleData name="MEDIO_GENE">PMG</SimpleData>
		<SimpleData name="COMBUSTIBL">NO APLICA</SimpleData>
		<SimpleData name="POTENCIAMW">6.783</SimpleData>
		<SimpleData name="UNIDADES">3</SimpleData>
		<SimpleData name="RCA">420/2009</SimpleData>
		<SimpleData name="SIST_ELECT">SEN</SimpleData>
		<SimpleData name="ESTADO">OPERATIVA</SimpleData>
		<SimpleData name="F_OPERACIO">1347580800000</SimpleData>
		<SimpleData name="COORD_ESTE">218628</SimpleData>
		<SimpleData name="COORD_NORT">5467510</SimpleData>
		<SimpleData name="HUSO">19 SUR</SimpleData>
		<SimpleData name="DATUM">WGS 1984</SimpleData>
		<SimpleData name="REGION">10</SimpleData>
		<SimpleData name="PROVINCIA">103</SimpleData>
		<SimpleData name="COMUNA">10302</SimpleData>
		<SimpleData name="FUENTE_BAS">CNE</SimpleData>
		<SimpleData name="FECH_CREA">1530316800000</SimpleData>
		<SimpleData name="FECH_ACT">1688083200000</SimpleData>
	</SchemaData></ExtendedData>
      <Point><coordinates>-72.3400614289999,-40.8951472259999</coordinates></Point>
  </Placemark>
  <Placemark id="centrales_hidroelectricas.125">
	<name>OJOS DE AGUA</name>
	<ExtendedData><SchemaData schemaUrl="#centrales_hidroelectricas">
		<SimpleData name="OBJECTID">125</SimpleData>
		<SimpleData name="ID_GE_HIDR">209</SimpleData>
		<SimpleData name="NOMBRE">OJOS DE AGUA</SimpleData>
		<SimpleData name="PROPIEDAD">ENEL GENERACION</SimpleData>
		<SimpleData name="TIPO">HIDRAULICA PASADA</SimpleData>
		<SimpleData name="MEDIO_GENE">PMG</SimpleData>
		<SimpleData name="COMBUSTIBL">NO APLICA</SimpleData>
		<SimpleData name="POTENCIAMW">8.9847</SimpleData>
		<SimpleData name="UNIDADES">1</SimpleData>
		<SimpleData name="RCA">011/2006</SimpleData>
		<SimpleData name="SIST_ELECT">SEN</SimpleData>
		<SimpleData name="ESTADO">OPERATIVA</SimpleData>
		<SimpleData name="F_OPERACIO">1214524800000</SimpleData>
		<SimpleData name="COORD_ESTE">336641</SimpleData>
		<SimpleData name="COORD_NORT">6038290</SimpleData>
		<SimpleData name="HUSO">19 SUR</SimpleData>
		<SimpleData name="DATUM">WGS 1984</SimpleData>
		<SimpleData name="REGION">07</SimpleData>
		<SimpleData name="PROVINCIA">071</SimpleData>
		<SimpleData name="COMUNA">07109</SimpleData>
		<SimpleData name="FUENTE_BAS">CNE</SimpleData>
		<SimpleData name="FECH_CREA">1530316800000</SimpleData>
		<SimpleData name="FECH_ACT">1688083200000</SimpleData>
	</SchemaData></ExtendedData>
      <Point><coordinates>-70.8075609209999,-35.785907535</coordinates></Point>
  </Placemark>
  <Placemark id="centrales_hidroelectricas.126">
	<name>PALACIOS</name>
	<ExtendedData><SchemaData schemaUrl="#centrales_hidroelectricas">
		<SimpleData name="OBJECTID">126</SimpleData>
		<SimpleData name="ID_GE_HIDR">211</SimpleData>
		<SimpleData name="NOMBRE">PALACIOS</SimpleData>
		<SimpleData name="PROPIEDAD">HIDROELECTRICA PALACIOS SPA.</SimpleData>
		<SimpleData name="TIPO">HIDRAULICA PASADA</SimpleData>
		<SimpleData name="MEDIO_GENE">PMG</SimpleData>
		<SimpleData name="COMBUSTIBL">NO APLICA</SimpleData>
		<SimpleData name="POTENCIAMW">3.017</SimpleData>
		<SimpleData name="UNIDADES">1</SimpleData>
		<SimpleData name="RCA">NO APLICA</SimpleData>
		<SimpleData name="SIST_ELECT">SEN</SimpleData>
		<SimpleData name="ESTADO">OPERATIVA</SimpleData>
		<SimpleData name="F_OPERACIO">1572912000000</SimpleData>
		<SimpleData name="COORD_ESTE">377447</SimpleData>
		<SimpleData name="COORD_NORT">6137044</SimpleData>
		<SimpleData name="HUSO">19 SUR</SimpleData>
		<SimpleData name="DATUM">WGS 1984</SimpleData>
		<SimpleData name="REGION">06</SimpleData>
		<SimpleData name="PROVINCIA">063</SimpleData>
		<SimpleData name="COMUNA">06301</SimpleData>
		<SimpleData name="FUENTE_BAS">CNE</SimpleData>
		<SimpleData name="FECH_CREA">1470355200000</SimpleData>
		<SimpleData name="FECH_ACT">1688083200000</SimpleData>
	</SchemaData></ExtendedData>
      <Point><coordinates>-70.341376296,-34.9016372139999</coordinates></Point>
  </Placemark>
  <Placemark id="centrales_hidroelectricas.127">
	<name>PALMAR</name>
	<ExtendedData><SchemaData schemaUrl="#centrales_hidroelectricas">
		<SimpleData name="OBJECTID">127</SimpleData>
		<SimpleData name="ID_GE_HIDR">212</SimpleData>
		<SimpleData name="NOMBRE">PALMAR</SimpleData>
		<SimpleData name="PROPIEDAD">HIDROPALMAR S.A.</SimpleData>
		<SimpleData name="TIPO">HIDRAULICA PASADA</SimpleData>
		<SimpleData name="MEDIO_GENE">PMG</SimpleData>
		<SimpleData name="COMBUSTIBL">NO APLICA</SimpleData>
		<SimpleData name="POTENCIAMW">8.57</SimpleData>
		<SimpleData name="UNIDADES">2</SimpleData>
		<SimpleData name="RCA">380/2008</SimpleData>
		<SimpleData name="SIST_ELECT">SEN</SimpleData>
		<SimpleData name="ESTADO">OPERATIVA</SimpleData>
		<SimpleData name="F_OPERACIO">1586995200000</SimpleData>
		<SimpleData name="COORD_ESTE">218925</SimpleData>
		<SimpleData name="COORD_NORT">5478903</SimpleData>
		<SimpleData name="HUSO">19 SUR</SimpleData>
		<SimpleData name="DATUM">WGS 1984</SimpleData>
		<SimpleData name="REGION">10</SimpleData>
		<SimpleData name="PROVINCIA">103</SimpleData>
		<SimpleData name="COMUNA">10304</SimpleData>
		<SimpleData name="FUENTE_BAS">CNE</SimpleData>
		<SimpleData name="FECH_CREA">1191110400000</SimpleData>
		<SimpleData name="FECH_ACT">1688083200000</SimpleData>
	</SchemaData></ExtendedData>
      <Point><coordinates>-72.331401263,-40.7927896589999</coordinates></Point>
  </Placemark>
  <Placemark id="centrales_hidroelectricas.128">
	<name>PALMUCHO</name>
	<ExtendedData><SchemaData schemaUrl="#centrales_hidroelectricas">
		<SimpleData name="OBJECTID">128</SimpleData>
		<SimpleData name="ID_GE_HIDR">213</SimpleData>
		<SimpleData name="NOMBRE">PALMUCHO</SimpleData>
		<SimpleData name="PROPIEDAD">ENEL GENERACION</SimpleData>
		<SimpleData name="TIPO">HIDRAULICA PASADA</SimpleData>
		<SimpleData name="COMBUSTIBL">NO APLICA</SimpleData>
		<SimpleData name="POTENCIAMW">31.952</SimpleData>
		<SimpleData name="UNIDADES">1</SimpleData>
		<SimpleData name="RCA">231/2005</SimpleData>
		<SimpleData name="SIST_ELECT">SEN</SimpleData>
		<SimpleData name="ESTADO">OPERATIVA</SimpleData>
		<SimpleData name="F_OPERACIO">1196208000000</SimpleData>
		<SimpleData name="COORD_ESTE">282787</SimpleData>
		<SimpleData name="COORD_NORT">5786220</SimpleData>
		<SimpleData name="HUSO">19 SUR</SimpleData>
		<SimpleData name="DATUM">WGS 1984</SimpleData>
		<SimpleData name="REGION">08</SimpleData>
		<SimpleData name="PROVINCIA">083</SimpleData>
		<SimpleData name="COMUNA">08314</SimpleData>
		<SimpleData name="FUENTE_BAS">CNE</SimpleData>
		<SimpleData name="FECH_CREA">1530316800000</SimpleData>
		<SimpleData name="FECH_ACT">1688083200000</SimpleData>
	</SchemaData></ExtendedData>
      <Point><coordinates>-71.4753780739999,-38.045715232</coordinates></Point>
  </Placemark>
  <Placemark id="centrales_hidroelectricas.129">
	<name>PANGUE</name>
	<ExtendedData><SchemaData schemaUrl="#centrales_hidroelectricas">
		<SimpleData name="OBJECTID">129</SimpleData>
		<SimpleData name="ID_GE_HIDR">215</SimpleData>
		<SimpleData name="NOMBRE">PANGUE</SimpleData>
		<SimpleData name="PROPIEDAD">ENEL GENERACION</SimpleData>
		<SimpleData name="TIPO">HIDRAULICA EMBALSE</SimpleData>
		<SimpleData name="COMBUSTIBL">NO APLICA</SimpleData>
		<SimpleData name="POTENCIAMW">465.8325</SimpleData>
		<SimpleData name="UNIDADES">2</SimpleData>
		<SimpleData name="SIST_ELECT">SEN</SimpleData>
		<SimpleData name="ESTADO">OPERATIVA</SimpleData>
		<SimpleData name="F_OPERACIO">820454400000</SimpleData>
		<SimpleData name="COORD_ESTE">270364</SimpleData>
		<SimpleData name="COORD_NORT">5800866</SimpleData>
		<SimpleData name="HUSO">19 SUR</SimpleData>
		<SimpleData name="DATUM">WGS 1984</SimpleData>
		<SimpleData name="REGION">08</SimpleData>
		<SimpleData name="PROVINCIA">083</SimpleData>
		<SimpleData name="COMUNA">08314</SimpleData>
		<SimpleData name="FUENTE_BAS">CNE</SimpleData>
		<SimpleData name="FECH_CREA">1530316800000</SimpleData>
		<SimpleData name="FECH_ACT">1688083200000</SimpleData>
	</SchemaData></ExtendedData>
      <Point><coordinates>-71.61213835,-37.910784264</coordinates></Point>
  </Placemark>
  <Placemark id="centrales_hidroelectricas.130">
	<name>PEHUENCHE</name>
	<ExtendedData><SchemaData schemaUrl="#centrales_hidroelectricas">
		<SimpleData name="OBJECTID">130</SimpleData>
		<SimpleData name="ID_GE_HIDR">219</SimpleData>
		<SimpleData name="NOMBRE">PEHUENCHE</SimpleData>
		<SimpleData name="PROPIEDAD">EMPRESA ELECTRICA PEHUENCHE S.A.</SimpleData>
		<SimpleData name="TIPO">HIDRAULICA EMBALSE</SimpleData>
		<SimpleData name="COMBUSTIBL">NO APLICA</SimpleData>
		<SimpleData name="POTENCIAMW">543.33</SimpleData>
		<SimpleData name="UNIDADES">2</SimpleData>
		<SimpleData name="SIST_ELECT">SEN</SimpleData>
		<SimpleData name="ESTADO">OPERATIVA</SimpleData>
		<SimpleData name="F_OPERACIO">662688000000</SimpleData>
		<SimpleData name="COORD_ESTE">304330</SimpleData>
		<SimpleData name="COORD_NORT">6043751</SimpleData>
		<SimpleData name="HUSO">19 SUR</SimpleData>
		<SimpleData name="DATUM">WGS 1984</SimpleData>
		<SimpleData name="REGION">07</SimpleData>
		<SimpleData name="PROVINCIA">074</SimpleData>
		<SimpleData name="COMUNA">07402</SimpleData>
		<SimpleData name="FUENTE_BAS">CNE</SimpleData>
		<SimpleData name="FECH_CREA">1530316800000</SimpleData>
		<SimpleData name="FECH_ACT">1688083200000</SimpleData>
	</SchemaData></ExtendedData>
      <Point><coordinates>-71.163538015,-35.7308007459999</coordinates></Point>
  </Placemark>
  <Placemark id="centrales_hidroelectricas.131">
	<name>PEHUI</name>
	<ExtendedData><SchemaData schemaUrl="#centrales_hidroelectricas">
		<SimpleData name="OBJECTID">131</SimpleData>
		<SimpleData name="ID_GE_HIDR">220</SimpleData>
		<SimpleData name="NOMBRE">PEHUI</SimpleData>
		<SimpleData name="PROPIEDAD">PEHUI LTDA.</SimpleData>
		<SimpleData name="TIPO">HIDRAULICA PASADA</SimpleData>
		<SimpleData name="MEDIO_GENE">PMGD</SimpleData>
		<SimpleData name="COMBUSTIBL">NO APLICA</SimpleData>
		<SimpleData name="POTENCIAMW">1.1</SimpleData>
		<SimpleData name="UNIDADES">1</SimpleData>
		<SimpleData name="SIST_ELECT">SEN</SimpleData>
		<SimpleData name="ESTADO">OPERATIVA</SimpleData>
		<SimpleData name="F_OPERACIO">980985600000</SimpleData>
		<SimpleData name="COORD_ESTE">202286</SimpleData>
		<SimpleData name="COORD_NORT">5504510</SimpleData>
		<SimpleData name="HUSO">19 SUR</SimpleData>
		<SimpleData name="DATUM">WGS 1984</SimpleData>
		<SimpleData name="REGION">14</SimpleData>
		<SimpleData name="PROVINCIA">142</SimpleData>
		<SimpleData name="COMUNA">14204</SimpleData>
		<SimpleData name="FUENTE_BAS">CNE</SimpleData>
		<SimpleData name="FECH_CREA">1530316800000</SimpleData>
		<SimpleData name="FECH_ACT">1688083200000</SimpleData>
	</SchemaData></ExtendedData>
      <Point><coordinates>-72.516135331,-40.556680822</coordinates></Point>
  </Placemark>
  <Placemark id="centrales_hidroelectricas.132">
	<name>PEUCHEN</name>
	<ExtendedData><SchemaData schemaUrl="#centrales_hidroelectricas">
		<SimpleData name="OBJECTID">132</SimpleData>
		<SimpleData name="ID_GE_HIDR">225</SimpleData>
		<SimpleData name="NOMBRE">PEUCHEN</SimpleData>
		<SimpleData name="PROPIEDAD">DUQUECO SPA</SimpleData>
		<SimpleData name="TIPO">HIDRAULICA PASADA</SimpleData>
		<SimpleData name="COMBUSTIBL">NO APLICA</SimpleData>
		<SimpleData name="POTENCIAMW">84.8725</SimpleData>
		<SimpleData name="UNIDADES">2</SimpleData>
		<SimpleData name="RCA">220/1996</SimpleData>
		<SimpleData name="SIST_ELECT">SEN</SimpleData>
		<SimpleData name="ESTADO">OPERATIVA</SimpleData>
		<SimpleData name="F_OPERACIO">946684800000</SimpleData>
		<SimpleData name="COORD_ESTE">270621</SimpleData>
		<SimpleData name="COORD_NORT">5841925</SimpleData>
		<SimpleData name="HUSO">19 SUR</SimpleData>
		<SimpleData name="DATUM">WGS 1984</SimpleData>
		<SimpleData name="REGION">08</SimpleData>
		<SimpleData name="PROVINCIA">083</SimpleData>
		<SimpleData name="COMUNA">08311</SimpleData>
		<SimpleData name="FUENTE_BAS">CNE</SimpleData>
		<SimpleData name="FECH_CREA">1530316800000</SimpleData>
		<SimpleData name="FECH_ACT">1688083200000</SimpleData>
	</SchemaData></ExtendedData>
      <Point><coordinates>-71.596271246,-37.541153938</coordinates></Point>
  </Placemark>
  <Placemark id="centrales_hidroelectricas.133">
	<name>PICHILONCO</name>
	<ExtendedData><SchemaData schemaUrl="#centrales_hidroelectricas">
		<SimpleData name="OBJECTID">133</SimpleData>
		<SimpleData name="ID_GE_HIDR">226</SimpleData>
		<SimpleData name="NOMBRE">PICHILONCO</SimpleData>
		<SimpleData name="PROPIEDAD">GM HOLDINGS S.A.</SimpleData>
		<SimpleData name="TIPO">HIDRAULICA PASADA</SimpleData>
		<SimpleData name="MEDIO_GENE">PMGD</SimpleData>
		<SimpleData name="COMBUSTIBL">NO APLICA</SimpleData>
		<SimpleData name="POTENCIAMW">1.15</SimpleData>
		<SimpleData name="UNIDADES">1</SimpleData>
		<SimpleData name="SIST_ELECT">SEN</SimpleData>
		<SimpleData name="ESTADO">OPERATIVA</SimpleData>
		<SimpleData name="F_OPERACIO">1408320000000</SimpleData>
		<SimpleData name="COORD_ESTE">219747</SimpleData>
		<SimpleData name="COORD_NORT">5529398</SimpleData>
		<SimpleData name="HUSO">19 SUR</SimpleData>
		<SimpleData name="DATUM">WGS 1984</SimpleData>
		<SimpleData name="REGION">14</SimpleData>
		<SimpleData name="PROVINCIA">142</SimpleData>
		<SimpleData name="COMUNA">14203</SimpleData>
		<SimpleData name="FUENTE_BAS">CNE</SimpleData>
		<SimpleData name="FECH_CREA">1530316800000</SimpleData>
		<SimpleData name="FECH_ACT">1688083200000</SimpleData>
	</SchemaData></ExtendedData>
      <Point><coordinates>-72.299272764,-40.3389258289999</coordinates></Point>
  </Placemark>
  <Placemark id="centrales_hidroelectricas.134">
	<name>PILMAIQUEN</name>
	<ExtendedData><SchemaData schemaUrl="#centrales_hidroelectricas">
		<SimpleData name="OBJECTID">134</SimpleData>
		<SimpleData name="ID_GE_HIDR">228</SimpleData>
		<SimpleData name="NOMBRE">PILMAIQUEN</SimpleData>
		<SimpleData name="PROPIEDAD">ENEL GREEN POWER CHILE</SimpleData>
		<SimpleData name="TIPO">HIDRAULICA PASADA</SimpleData>
		<SimpleData name="COMBUSTIBL">NO APLICA</SimpleData>
		<SimpleData name="POTENCIAMW">40.6776</SimpleData>
		<SimpleData name="UNIDADES">5</SimpleData>
		<SimpleData name="SIST_ELECT">SEN</SimpleData>
		<SimpleData name="ESTADO">OPERATIVA</SimpleData>
		<SimpleData name="F_OPERACIO">-820540800000</SimpleData>
		<SimpleData name="COORD_ESTE">191397</SimpleData>
		<SimpleData name="COORD_NORT">5495032</SimpleData>
		<SimpleData name="HUSO">19 SUR</SimpleData>
		<SimpleData name="DATUM">WGS 1984</SimpleData>
		<SimpleData name="REGION">14</SimpleData>
		<SimpleData name="PROVINCIA">142</SimpleData>
		<SimpleData name="COMUNA">14204</SimpleData>
		<SimpleData name="FUENTE_BAS">CNE</SimpleData>
		<SimpleData name="FECH_CREA">1530316800000</SimpleData>
		<SimpleData name="FECH_ACT">1688083200000</SimpleData>
	</SchemaData></ExtendedData>
      <Point><coordinates>-72.649132717,-40.637910647</coordinates></Point>
  </Placemark>
  <Placemark id="centrales_hidroelectricas.135">
	<name>PIUTEL</name>
	<ExtendedData><SchemaData schemaUrl="#centrales_hidroelectricas">
		<SimpleData name="OBJECTID">135</SimpleData>
		<SimpleData name="ID_GE_HIDR">230</SimpleData>
		<SimpleData name="NOMBRE">PIUTEL</SimpleData>
		<SimpleData name="PROPIEDAD">PIUTEL GENERACION ELECTRICA</SimpleData>
		<SimpleData name="TIPO">HIDRAULICA PASADA</SimpleData>
		<SimpleData name="MEDIO_GENE">PMGD</SimpleData>
		<SimpleData name="COMBUSTIBL">NO APLICA</SimpleData>
		<SimpleData name="POTENCIAMW">0.5586</SimpleData>
		<SimpleData name="UNIDADES">1</SimpleData>
		<SimpleData name="RCA">NO APLICA</SimpleData>
		<SimpleData name="SIST_ELECT">SEN</SimpleData>
		<SimpleData name="ESTADO">OPERATIVA</SimpleData>
		<SimpleData name="F_OPERACIO">1486684800000</SimpleData>
		<SimpleData name="COORD_ESTE">205580</SimpleData>
		<SimpleData name="COORD_NORT">5595663</SimpleData>
		<SimpleData name="HUSO">19 SUR</SimpleData>
		<SimpleData name="DATUM">WGS 1984</SimpleData>
		<SimpleData name="REGION">14</SimpleData>
		<SimpleData name="PROVINCIA">141</SimpleData>
		<SimpleData name="COMUNA">14108</SimpleData>
		<SimpleData name="FUENTE_BAS">CNE</SimpleData>
		<SimpleData name="FECH_CREA">1530316800000</SimpleData>
		<SimpleData name="FECH_ACT">1688083200000</SimpleData>
	</SchemaData></ExtendedData>
      <Point><coordinates>-72.435697744,-39.7381054639999</coordinates></Point>
  </Placemark>
  <Placemark id="centrales_hidroelectricas.136">
	<name>RIO MULCHEN</name>
	<ExtendedData><SchemaData schemaUrl="#centrales_hidroelectricas">
		<SimpleData name="OBJECTID">136</SimpleData>
		<SimpleData name="ID_GE_HIDR">231</SimpleData>
		<SimpleData name="NOMBRE">RIO MULCHEN</SimpleData>
		<SimpleData name="PROPIEDAD">CENTRAL HIDROELECTRICA RIO MULCHEN S.A.</SimpleData>
		<SimpleData name="TIPO">HIDRAULICA PASADA</SimpleData>
		<SimpleData name="MEDIO_GENE">PMGD</SimpleData>
		<SimpleData name="COMBUSTIBL">NO APLICA</SimpleData>
		<SimpleData name="POTENCIAMW">2.9751</SimpleData>
		<SimpleData name="UNIDADES">1</SimpleData>
		<SimpleData name="RCA">122/2011</SimpleData>
		<SimpleData name="SIST_ELECT">SEN</SimpleData>
		<SimpleData name="ESTADO">OPERATIVA</SimpleData>
		<SimpleData name="F_OPERACIO">1459468800000</SimpleData>
		<SimpleData name="COORD_ESTE">222227</SimpleData>
		<SimpleData name="COORD_NORT">5806000</SimpleData>
		<SimpleData name="HUSO">19 SUR</SimpleData>
		<SimpleData name="DATUM">WGS 1984</SimpleData>
		<SimpleData name="REGION">08</SimpleData>
		<SimpleData name="PROVINCIA">083</SimpleData>
		<SimpleData name="COMUNA">08305</SimpleData>
		<SimpleData name="FUENTE_BAS">CNE</SimpleData>
		<SimpleData name="FECH_CREA">1530316800000</SimpleData>
		<SimpleData name="FECH_ACT">1688083200000</SimpleData>
	</SchemaData></ExtendedData>
      <Point><coordinates>-72.1570289909999,-37.851163421</coordinates></Point>
  </Placemark>
  <Placemark id="centrales_hidroelectricas.137">
	<name>PROVIDENCIA</name>
	<ExtendedData><SchemaData schemaUrl="#centrales_hidroelectricas">
		<SimpleData name="OBJECTID">137</SimpleData>
		<SimpleData name="ID_GE_HIDR">232</SimpleData>
		<SimpleData name="NOMBRE">PROVIDENCIA</SimpleData>
		<SimpleData name="PROPIEDAD">HIDROLIRCAY</SimpleData>
		<SimpleData name="TIPO">HIDRAULICA PASADA</SimpleData>
		<SimpleData name="COMBUSTIBL">NO APLICA</SimpleData>
		<SimpleData name="POTENCIAMW">14.129</SimpleData>
		<SimpleData name="UNIDADES">2</SimpleData>
		<SimpleData name="RCA">090/2011</SimpleData>
		<SimpleData name="SIST_ELECT">SEN</SimpleData>
		<SimpleData name="ESTADO">OPERATIVA</SimpleData>
		<SimpleData name="F_OPERACIO">1364428800000</SimpleData>
		<SimpleData name="COORD_ESTE">293770</SimpleData>
		<SimpleData name="COORD_NORT">6072490</SimpleData>
		<SimpleData name="HUSO">19 SUR</SimpleData>
		<SimpleData name="DATUM">WGS 1984</SimpleData>
		<SimpleData name="REGION">07</SimpleData>
		<SimpleData name="PROVINCIA">071</SimpleData>
		<SimpleData name="COMUNA">07109</SimpleData>
		<SimpleData name="FUENTE_BAS">CNE</SimpleData>
		<SimpleData name="FECH_CREA">1530316800000</SimpleData>
		<SimpleData name="FECH_ACT">1688083200000</SimpleData>
	</SchemaData></ExtendedData>
      <Point><coordinates>-71.272883647,-35.469723729</coordinates></Point>
  </Placemark>
  <Placemark id="centrales_hidroelectricas.138">
	<name>PUCLARO</name>
	<ExtendedData><SchemaData schemaUrl="#centrales_hidroelectricas">
		<SimpleData name="OBJECTID">138</SimpleData>
		<SimpleData name="ID_GE_HIDR">233</SimpleData>
		<SimpleData name="NOMBRE">PUCLARO</SimpleData>
		<SimpleData name="PROPIEDAD">HIDROELECTRICA PUCLARO S.A.</SimpleData>
		<SimpleData name="TIPO">HIDRAULICA PASADA</SimpleData>
		<SimpleData name="MEDIO_GENE">PMGD</SimpleData>
		<SimpleData name="COMBUSTIBL">NO APLICA</SimpleData>
		<SimpleData name="POTENCIAMW">5.376</SimpleData>
		<SimpleData name="UNIDADES">2</SimpleData>
		<SimpleData name="RCA">107/2006</SimpleData>
		<SimpleData name="SIST_ELECT">SEN</SimpleData>
		<SimpleData name="ESTADO">OPERATIVA</SimpleData>
		<SimpleData name="F_OPERACIO">1209600000000</SimpleData>
		<SimpleData name="COORD_ESTE">320216</SimpleData>
		<SimpleData name="COORD_NORT">6680190</SimpleData>
		<SimpleData name="HUSO">19 SUR</SimpleData>
		<SimpleData name="DATUM">WGS 1984</SimpleData>
		<SimpleData name="REGION">04</SimpleData>
		<SimpleData name="PROVINCIA">041</SimpleData>
		<SimpleData name="COMUNA">04106</SimpleData>
		<SimpleData name="FUENTE_BAS">CNE</SimpleData>
		<SimpleData name="FECH_CREA">1530316800000</SimpleData>
		<SimpleData name="FECH_ACT">1688083200000</SimpleData>
	</SchemaData></ExtendedData>
      <Point><coordinates>-70.8638177399999,-29.9960509539999</coordinates></Point>
  </Placemark>
  <Placemark id="centrales_hidroelectricas.139">
	<name>PULELFU</name>
	<ExtendedData><SchemaData schemaUrl="#centrales_hidroelectricas">
		<SimpleData name="OBJECTID">139</SimpleData>
		<SimpleData name="ID_GE_HIDR">236</SimpleData>
		<SimpleData name="NOMBRE">PULELFU</SimpleData>
		<SimpleData name="PROPIEDAD">EMPRESA ELECTRICA LA LEONERA S.A.</SimpleData>
		<SimpleData name="TIPO">HIDRAULICA PASADA</SimpleData>
		<SimpleData name="MEDIO_GENE">PMG</SimpleData>
		<SimpleData name="COMBUSTIBL">NO APLICA</SimpleData>
		<SimpleData name="POTENCIAMW">8.955</SimpleData>
		<SimpleData name="UNIDADES">2</SimpleData>
		<SimpleData name="RCA">270/2007</SimpleData>
		<SimpleData name="SIST_ELECT">SEN</SimpleData>
		<SimpleData name="ESTADO">OPERATIVA</SimpleData>
		<SimpleData name="F_OPERACIO">1467849600000</SimpleData>
		<SimpleData name="COORD_ESTE">214453</SimpleData>
		<SimpleData name="COORD_NORT">5476820</SimpleData>
		<SimpleData name="HUSO">19 SUR</SimpleData>
		<SimpleData name="DATUM">WGS 1984</SimpleData>
		<SimpleData name="REGION">10</SimpleData>
		<SimpleData name="PROVINCIA">103</SimpleData>
		<SimpleData name="COMUNA">10304</SimpleData>
		<SimpleData name="FUENTE_BAS">CNE</SimpleData>
		<SimpleData name="FECH_CREA">1530316800000</SimpleData>
		<SimpleData name="FECH_ACT">1688083200000</SimpleData>
	</SchemaData></ExtendedData>
      <Point><coordinates>-72.3852702679999,-40.8099800599999</coordinates></Point>
  </Placemark>
  <Placemark id="centrales_hidroelectricas.140">
	<name>PULLINQUE</name>
	<ExtendedData><SchemaData schemaUrl="#centrales_hidroelectricas">
		<SimpleData name="OBJECTID">140</SimpleData>
		<SimpleData name="ID_GE_HIDR">237</SimpleData>
		<SimpleData name="NOMBRE">PULLINQUE</SimpleData>
		<SimpleData name="PROPIEDAD">ENEL GREEN POWER CHILE</SimpleData>
		<SimpleData name="TIPO">HIDRAULICA PASADA</SimpleData>
		<SimpleData name="COMBUSTIBL">NO APLICA</SimpleData>
		<SimpleData name="POTENCIAMW">51.1584</SimpleData>
		<SimpleData name="UNIDADES">3</SimpleData>
		<SimpleData name="SIST_ELECT">SEN</SimpleData>
		<SimpleData name="ESTADO">OPERATIVA</SimpleData>
		<SimpleData name="F_OPERACIO">-252460800000</SimpleData>
		<SimpleData name="COORD_ESTE">223733</SimpleData>
		<SimpleData name="COORD_NORT">5612170</SimpleData>
		<SimpleData name="HUSO">19 SUR</SimpleData>
		<SimpleData name="DATUM">WGS 1984</SimpleData>
		<SimpleData name="REGION">14</SimpleData>
		<SimpleData name="PROVINCIA">141</SimpleData>
		<SimpleData name="COMUNA">14108</SimpleData>
		<SimpleData name="FUENTE_BAS">CNE</SimpleData>
		<SimpleData name="FECH_CREA">1530316800000</SimpleData>
		<SimpleData name="FECH_ACT">1688083200000</SimpleData>
	</SchemaData></ExtendedData>
      <Point><coordinates>-72.217286843,-39.595681621</coordinates></Point>
  </Placemark>
  <Placemark id="centrales_hidroelectricas.141">
	<name>PUNTILLA</name>
	<ExtendedData><SchemaData schemaUrl="#centrales_hidroelectricas">
		<SimpleData name="OBJECTID">141</SimpleData>
		<SimpleData name="ID_GE_HIDR">239</SimpleData>
		<SimpleData name="NOMBRE">PUNTILLA</SimpleData>
		<SimpleData name="PROPIEDAD">ELECTRICA PUNTILLA S.A.</SimpleData>
		<SimpleData name="TIPO">HIDRAULICA PASADA</SimpleData>
		<SimpleData name="COMBUSTIBL">NO APLICA</SimpleData>
		<SimpleData name="POTENCIAMW">21.7491</SimpleData>
		<SimpleData name="UNIDADES">3</SimpleData>
		<SimpleData name="RCA">490/2014</SimpleData>
		<SimpleData name="SIST_ELECT">SEN</SimpleData>
		<SimpleData name="ESTADO">OPERATIVA</SimpleData>
		<SimpleData name="F_OPERACIO">-1388534400000</SimpleData>
		<SimpleData name="COORD_ESTE">357594</SimpleData>
		<SimpleData name="COORD_NORT">6279086</SimpleData>
		<SimpleData name="HUSO">19 SUR</SimpleData>
		<SimpleData name="DATUM">WGS 1984</SimpleData>
		<SimpleData name="REGION">13</SimpleData>
		<SimpleData name="PROVINCIA">132</SimpleData>
		<SimpleData name="COMUNA">13202</SimpleData>
		<SimpleData name="FUENTE_BAS">CNE</SimpleData>
		<SimpleData name="FECH_CREA">1530316800000</SimpleData>
		<SimpleData name="FECH_ACT">1688083200000</SimpleData>
	</SchemaData></ExtendedData>
      <Point><coordinates>-70.53516043,-33.618502319</coordinates></Point>
  </Placemark>
  <Placemark id="centrales_hidroelectricas.142">
	<name>PURISIMA</name>
	<ExtendedData><SchemaData schemaUrl="#centrales_hidroelectricas">
		<SimpleData name="OBJECTID">142</SimpleData>
		<SimpleData name="ID_GE_HIDR">240</SimpleData>
		<SimpleData name="NOMBRE">PURISIMA</SimpleData>
		<SimpleData name="PROPIEDAD">ENERBOSCH S.A.</SimpleData>
		<SimpleData name="TIPO">HIDRAULICA PASADA</SimpleData>
		<SimpleData name="MEDIO_GENE">PMGD</SimpleData>
		<SimpleData name="COMBUSTIBL">NO APLICA</SimpleData>
		<SimpleData name="POTENCIAMW">0.4198</SimpleData>
		<SimpleData name="UNIDADES">1</SimpleData>
		<SimpleData name="SIST_ELECT">SEN</SimpleData>
		<SimpleData name="ESTADO">OPERATIVA</SimpleData>
		<SimpleData name="F_OPERACIO">1327968000000</SimpleData>
		<SimpleData name="COORD_ESTE">301362</SimpleData>
		<SimpleData name="COORD_NORT">6102367</SimpleData>
		<SimpleData name="HUSO">19 SUR</SimpleData>
		<SimpleData name="DATUM">WGS 1984</SimpleData>
		<SimpleData name="REGION">07</SimpleData>
		<SimpleData name="PROVINCIA">073</SimpleData>
		<SimpleData name="COMUNA">07304</SimpleData>
		<SimpleData name="FUENTE_BAS">CNE</SimpleData>
		<SimpleData name="FECH_CREA">1530316800000</SimpleData>
		<SimpleData name="FECH_ACT">1688083200000</SimpleData>
	</SchemaData></ExtendedData>
      <Point><coordinates>-71.182015066,-35.2020676239999</coordinates></Point>
  </Placemark>
  <Placemark id="centrales_hidroelectricas.143">
	<name>QUELTEHUES</name>
	<ExtendedData><SchemaData schemaUrl="#centrales_hidroelectricas">
		<SimpleData name="OBJECTID">143</SimpleData>
		<SimpleData name="ID_GE_HIDR">241</SimpleData>
		<SimpleData name="NOMBRE">QUELTEHUES</SimpleData>
		<SimpleData name="PROPIEDAD">AES ANDES</SimpleData>
		<SimpleData name="TIPO">HIDRAULICA PASADA</SimpleData>
		<SimpleData name="COMBUSTIBL">NO APLICA</SimpleData>
		<SimpleData name="POTENCIAMW">48.9412</SimpleData>
		<SimpleData name="UNIDADES">3</SimpleData>
		<SimpleData name="SIST_ELECT">SEN</SimpleData>
		<SimpleData name="ESTADO">OPERATIVA</SimpleData>
		<SimpleData name="F_OPERACIO">-1325462400000</SimpleData>
		<SimpleData name="COORD_ESTE">387157</SimpleData>
		<SimpleData name="COORD_NORT">6257927</SimpleData>
		<SimpleData name="HUSO">19 SUR</SimpleData>
		<SimpleData name="DATUM">WGS 1984</SimpleData>
		<SimpleData name="REGION">13</SimpleData>
		<SimpleData name="PROVINCIA">132</SimpleData>
		<SimpleData name="COMUNA">13203</SimpleData>
		<SimpleData name="FUENTE_BAS">CNE</SimpleData>
		<SimpleData name="FECH_CREA">1530316800000</SimpleData>
		<SimpleData name="FECH_ACT">1688083200000</SimpleData>
	</SchemaData></ExtendedData>
      <Point><coordinates>-70.219231685,-33.812844043</coordinates></Point>
  </Placemark>
  <Placemark id="centrales_hidroelectricas.144">
	<name>QUILLAILEO</name>
	<ExtendedData><SchemaData schemaUrl="#centrales_hidroelectricas">
		<SimpleData name="OBJECTID">144</SimpleData>
		<SimpleData name="ID_GE_HIDR">243</SimpleData>
		<SimpleData name="NOMBRE">QUILLAILEO</SimpleData>
		<SimpleData name="PROPIEDAD">ATRIA ENERGIA SPA</SimpleData>
		<SimpleData name="TIPO">HIDRAULICA PASADA</SimpleData>
		<SimpleData name="MEDIO_GENE">PMGD</SimpleData>
		<SimpleData name="COMBUSTIBL">NO APLICA</SimpleData>
		<SimpleData name="POTENCIAMW">0.8161</SimpleData>
		<SimpleData name="UNIDADES">1</SimpleData>
		<SimpleData name="SIST_ELECT">SEN</SimpleData>
		<SimpleData name="ESTADO">OPERATIVA</SimpleData>
		<SimpleData name="F_OPERACIO">1399593600000</SimpleData>
		<SimpleData name="COORD_ESTE">252392</SimpleData>
		<SimpleData name="COORD_NORT">5824534</SimpleData>
		<SimpleData name="HUSO">19 SUR</SimpleData>
		<SimpleData name="DATUM">WGS 1984</SimpleData>
		<SimpleData name="REGION">08</SimpleData>
		<SimpleData name="PROVINCIA">083</SimpleData>
		<SimpleData name="COMUNA">08311</SimpleData>
		<SimpleData name="FUENTE_BAS">CNE</SimpleData>
		<SimpleData name="FECH_CREA">1530316800000</SimpleData>
		<SimpleData name="FECH_ACT">1688083200000</SimpleData>
	</SchemaData></ExtendedData>
      <Point><coordinates>-71.8082684779999,-37.693004386</coordinates></Point>
  </Placemark>
  <Placemark id="centrales_hidroelectricas.145">
	<name>QUILLECO</name>
	<ExtendedData><SchemaData schemaUrl="#centrales_hidroelectricas">
		<SimpleData name="OBJECTID">145</SimpleData>
		<SimpleData name="ID_GE_HIDR">244</SimpleData>
		<SimpleData name="NOMBRE">QUILLECO</SimpleData>
		<SimpleData name="PROPIEDAD">COLBUN S.A.</SimpleData>
		<SimpleData name="TIPO">HIDRAULICA PASADA</SimpleData>
		<SimpleData name="COMBUSTIBL">NO APLICA</SimpleData>
		<SimpleData name="POTENCIAMW">70.6513</SimpleData>
		<SimpleData name="UNIDADES">2</SimpleData>
		<SimpleData name="RCA">338/2000</SimpleData>
		<SimpleData name="SIST_ELECT">SEN</SimpleData>
		<SimpleData name="ESTADO">OPERATIVA</SimpleData>
		<SimpleData name="F_OPERACIO">1177891200000</SimpleData>
		<SimpleData name="COORD_ESTE">238059</SimpleData>
		<SimpleData name="COORD_NORT">5863771</SimpleData>
		<SimpleData name="HUSO">19 SUR</SimpleData>
		<SimpleData name="DATUM">WGS 1984</SimpleData>
		<SimpleData name="REGION">08</SimpleData>
		<SimpleData name="PROVINCIA">083</SimpleData>
		<SimpleData name="COMUNA">08309</SimpleData>
		<SimpleData name="FUENTE_BAS">CNE</SimpleData>
		<SimpleData name="FECH_CREA">1530316800000</SimpleData>
		<SimpleData name="FECH_ACT">1688083200000</SimpleData>
	</SchemaData></ExtendedData>
      <Point><coordinates>-71.956654423,-37.335828523</coordinates></Point>
  </Placemark>
  <Placemark id="centrales_hidroelectricas.146">
	<name>RALCO</name>
	<ExtendedData><SchemaData schemaUrl="#centrales_hidroelectricas">
		<SimpleData name="OBJECTID">146</SimpleData>
		<SimpleData name="ID_GE_HIDR">249</SimpleData>
		<SimpleData name="NOMBRE">RALCO</SimpleData>
		<SimpleData name="PROPIEDAD">ENEL GENERACION</SimpleData>
		<SimpleData name="TIPO">HIDRAULICA EMBALSE</SimpleData>
		<SimpleData name="COMBUSTIBL">NO APLICA</SimpleData>
		<SimpleData name="POTENCIAMW">685.06</SimpleData>
		<SimpleData name="UNIDADES">2</SimpleData>
		<SimpleData name="RCA">010/1997; 275/2004</SimpleData>
		<SimpleData name="SIST_ELECT">SEN</SimpleData>
		<SimpleData name="ESTADO">OPERATIVA</SimpleData>
		<SimpleData name="F_OPERACIO">1094428800000</SimpleData>
		<SimpleData name="COORD_ESTE">278905</SimpleData>
		<SimpleData name="COORD_NORT">5791420</SimpleData>
		<SimpleData name="HUSO">19 SUR</SimpleData>
		<SimpleData name="DATUM">WGS 1984</SimpleData>
		<SimpleData name="REGION">08</SimpleData>
		<SimpleData name="PROVINCIA">083</SimpleData>
		<SimpleData name="COMUNA">08314</SimpleData>
		<SimpleData name="FUENTE_BAS">CNE</SimpleData>
		<SimpleData name="FECH_CREA">1530316800000</SimpleData>
		<SimpleData name="FECH_ACT">1688083200000</SimpleData>
	</SchemaData></ExtendedData>
      <Point><coordinates>-71.5179748959999,-37.997954125</coordinates></Point>
  </Placemark>
  <Placemark id="centrales_hidroelectricas.147">
	<name>RAPEL</name>
	<ExtendedData><SchemaData schemaUrl="#centrales_hidroelectricas">
		<SimpleData name="OBJECTID">147</SimpleData>
		<SimpleData name="ID_GE_HIDR">250</SimpleData>
		<SimpleData name="NOMBRE">RAPEL</SimpleData>
		<SimpleData name="PROPIEDAD">ENEL GENERACION</SimpleData>
		<SimpleData name="TIPO">HIDRAULICA EMBALSE</SimpleData>
		<SimpleData name="COMBUSTIBL">NO APLICA</SimpleData>
		<SimpleData name="POTENCIAMW">376.6392</SimpleData>
		<SimpleData name="UNIDADES">5</SimpleData>
		<SimpleData name="SIST_ELECT">SEN</SimpleData>
		<SimpleData name="ESTADO">OPERATIVA</SimpleData>
		<SimpleData name="F_OPERACIO">-63158400000</SimpleData>
		<SimpleData name="COORD_ESTE">261016</SimpleData>
		<SimpleData name="COORD_NORT">6230244</SimpleData>
		<SimpleData name="HUSO">19 SUR</SimpleData>
		<SimpleData name="DATUM">WGS 1984</SimpleData>
		<SimpleData name="REGION">06</SimpleData>
		<SimpleData name="PROVINCIA">062</SimpleData>
		<SimpleData name="COMUNA">06203</SimpleData>
		<SimpleData name="FUENTE_BAS">CNE</SimpleData>
		<SimpleData name="FECH_CREA">1530316800000</SimpleData>
		<SimpleData name="FECH_ACT">1688083200000</SimpleData>
	</SchemaData></ExtendedData>
      <Point><coordinates>-71.5887894799999,-34.041274831</coordinates></Point>
  </Placemark>
  <Placemark id="centrales_hidroelectricas.148">
	<name>RECA</name>
	<ExtendedData><SchemaData schemaUrl="#centrales_hidroelectricas">
		<SimpleData name="OBJECTID">148</SimpleData>
		<SimpleData name="ID_GE_HIDR">251</SimpleData>
		<SimpleData name="NOMBRE">RECA</SimpleData>
		<SimpleData name="PROPIEDAD">ENERBOSCH S.A.</SimpleData>
		<SimpleData name="TIPO">HIDRAULICA PASADA</SimpleData>
		<SimpleData name="MEDIO_GENE">PMGD</SimpleData>
		<SimpleData name="COMBUSTIBL">NO APLICA</SimpleData>
		<SimpleData name="POTENCIAMW">1.6958</SimpleData>
		<SimpleData name="UNIDADES">1</SimpleData>
		<SimpleData name="SIST_ELECT">SEN</SimpleData>
		<SimpleData name="ESTADO">OPERATIVA</SimpleData>
		<SimpleData name="F_OPERACIO">1313798400000</SimpleData>
		<SimpleData name="COORD_ESTE">236414</SimpleData>
		<SimpleData name="COORD_NORT">5594520</SimpleData>
		<SimpleData name="HUSO">19 SUR</SimpleData>
		<SimpleData name="DATUM">WGS 1984</SimpleData>
		<SimpleData name="REGION">14</SimpleData>
		<SimpleData name="PROVINCIA">141</SimpleData>
		<SimpleData name="COMUNA">14108</SimpleData>
		<SimpleData name="FUENTE_BAS">CNE</SimpleData>
		<SimpleData name="FECH_CREA">1530316800000</SimpleData>
		<SimpleData name="FECH_ACT">1688083200000</SimpleData>
	</SchemaData></ExtendedData>
      <Point><coordinates>-72.0768585499999,-39.7584780089999</coordinates></Point>
  </Placemark>
  <Placemark id="centrales_hidroelectricas.149">
	<name>RENAICO</name>
	<ExtendedData><SchemaData schemaUrl="#centrales_hidroelectricas">
		<SimpleData name="OBJECTID">149</SimpleData>
		<SimpleData name="ID_GE_HIDR">252</SimpleData>
		<SimpleData name="NOMBRE">RENAICO</SimpleData>
		<SimpleData name="PROPIEDAD">ESPINOS S.A.</SimpleData>
		<SimpleData name="TIPO">HIDRAULICA PASADA</SimpleData>
		<SimpleData name="MEDIO_GENE">PMG</SimpleData>
		<SimpleData name="COMBUSTIBL">NO APLICA</SimpleData>
		<SimpleData name="POTENCIAMW">6.3</SimpleData>
		<SimpleData name="UNIDADES">1</SimpleData>
		<SimpleData name="SIST_ELECT">SEN</SimpleData>
		<SimpleData name="ESTADO">OPERATIVA</SimpleData>
		<SimpleData name="F_OPERACIO">1378166400000</SimpleData>
		<SimpleData name="COORD_ESTE">199312</SimpleData>
		<SimpleData name="COORD_NORT">5809341</SimpleData>
		<SimpleData name="HUSO">19 SUR</SimpleData>
		<SimpleData name="DATUM">WGS 1984</SimpleData>
		<SimpleData name="REGION">08</SimpleData>
		<SimpleData name="PROVINCIA">083</SimpleData>
		<SimpleData name="COMUNA">08305</SimpleData>
		<SimpleData name="FUENTE_BAS">CNE</SimpleData>
		<SimpleData name="FECH_CREA">1530316800000</SimpleData>
		<SimpleData name="FECH_ACT">1688083200000</SimpleData>
	</SchemaData></ExtendedData>
      <Point><coordinates>-72.4156722389999,-37.813837995</coordinates></Point>
  </Placemark>
  <Placemark id="centrales_hidroelectricas.150">
	<name>RIO AZUL</name>
	<ExtendedData><SchemaData schemaUrl="#centrales_hidroelectricas">
		<SimpleData name="OBJECTID">150</SimpleData>
		<SimpleData name="ID_GE_HIDR">253</SimpleData>
		<SimpleData name="NOMBRE">RIO AZUL</SimpleData>
		<SimpleData name="PROPIEDAD">EDELAYSEN</SimpleData>
		<SimpleData name="TIPO">HIDRAULICA PASADA</SimpleData>
		<SimpleData name="COMBUSTIBL">NO APLICA</SimpleData>
		<SimpleData name="POTENCIAMW">1.4</SimpleData>
		<SimpleData name="UNIDADES">4</SimpleData>
		<SimpleData name="SIST_ELECT">SEA</SimpleData>
		<SimpleData name="ESTADO">OPERATIVA</SimpleData>
		<SimpleData name="F_OPERACIO">536457600000</SimpleData>
		<SimpleData name="COORD_ESTE">247444</SimpleData>
		<SimpleData name="COORD_NORT">5179962</SimpleData>
		<SimpleData name="HUSO">19 SUR</SimpleData>
		<SimpleData name="DATUM">WGS 1984</SimpleData>
		<SimpleData name="REGION">10</SimpleData>
		<SimpleData name="PROVINCIA">104</SimpleData>
		<SimpleData name="COMUNA">10404</SimpleData>
		<SimpleData name="FUENTE_BAS">CNE</SimpleData>
		<SimpleData name="FECH_CREA">1530316800000</SimpleData>
		<SimpleData name="FECH_ACT">1688083200000</SimpleData>
	</SchemaData></ExtendedData>
      <Point><coordinates>-72.123411188,-43.4906035769999</coordinates></Point>
  </Placemark>
  <Placemark id="centrales_hidroelectricas.151">
	<name>RIO COLORADO</name>
	<ExtendedData><SchemaData schemaUrl="#centrales_hidroelectricas">
		<SimpleData name="OBJECTID">151</SimpleData>
		<SimpleData name="ID_GE_HIDR">261</SimpleData>
		<SimpleData name="NOMBRE">RIO COLORADO</SimpleData>
		<SimpleData name="PROPIEDAD">HIDROELECTRICA RIO COLORADO S.A.</SimpleData>
		<SimpleData name="TIPO">HIDRAULICA PASADA</SimpleData>
		<SimpleData name="COMBUSTIBL">NO APLICA</SimpleData>
		<SimpleData name="POTENCIAMW">16.466</SimpleData>
		<SimpleData name="UNIDADES">2</SimpleData>
		<SimpleData name="RCA">170/2014</SimpleData>
		<SimpleData name="SIST_ELECT">SEN</SimpleData>
		<SimpleData name="ESTADO">OPERATIVA</SimpleData>
		<SimpleData name="F_OPERACIO">1513814400000</SimpleData>
		<SimpleData name="COORD_ESTE">324873</SimpleData>
		<SimpleData name="COORD_NORT">6033155</SimpleData>
		<SimpleData name="HUSO">19 SUR</SimpleData>
		<SimpleData name="DATUM">WGS 1984</SimpleData>
		<SimpleData name="REGION">07</SimpleData>
		<SimpleData name="PROVINCIA">071</SimpleData>
		<SimpleData name="COMUNA">07109</SimpleData>
		<SimpleData name="FUENTE_BAS">CNE</SimpleData>
		<SimpleData name="FECH_CREA">1387756800000</SimpleData>
		<SimpleData name="FECH_ACT">1688083200000</SimpleData>
	</SchemaData></ExtendedData>
      <Point><coordinates>-70.938833557,-35.8301518879999</coordinates></Point>
  </Placemark>
  <Placemark id="centrales_hidroelectricas.152">
	<name>RIO HUASCO</name>
	<ExtendedData><SchemaData schemaUrl="#centrales_hidroelectricas">
		<SimpleData name="OBJECTID">152</SimpleData>
		<SimpleData name="ID_GE_HIDR">263</SimpleData>
		<SimpleData name="NOMBRE">RIO HUASCO</SimpleData>
		<SimpleData name="PROPIEDAD">HIDROELECTRICA RIO HUASCO S.A.</SimpleData>
		<SimpleData name="TIPO">HIDRAULICA PASADA</SimpleData>
		<SimpleData name="MEDIO_GENE">PMG</SimpleData>
		<SimpleData name="COMBUSTIBL">NO APLICA</SimpleData>
		<SimpleData name="POTENCIAMW">5.1</SimpleData>
		<SimpleData name="UNIDADES">2</SimpleData>
		<SimpleData name="RCA">147/2010</SimpleData>
		<SimpleData name="SIST_ELECT">SEN</SimpleData>
		<SimpleData name="ESTADO">OPERATIVA</SimpleData>
		<SimpleData name="F_OPERACIO">1381276800000</SimpleData>
		<SimpleData name="COORD_ESTE">339260</SimpleData>
		<SimpleData name="COORD_NORT">6826780</SimpleData>
		<SimpleData name="HUSO">19 SUR</SimpleData>
		<SimpleData name="DATUM">WGS 1984</SimpleData>
		<SimpleData name="REGION">03</SimpleData>
		<SimpleData name="PROVINCIA">033</SimpleData>
		<SimpleData name="COMUNA">03301</SimpleData>
		<SimpleData name="FUENTE_BAS">CNE</SimpleData>
		<SimpleData name="FECH_CREA">1530316800000</SimpleData>
		<SimpleData name="FECH_ACT">1688083200000</SimpleData>
	</SchemaData></ExtendedData>
      <Point><coordinates>-70.645085277,-28.676202439</coordinates></Point>
  </Placemark>
  <Placemark id="centrales_hidroelectricas.153">
	<name>RIO PICOIQUEN</name>
	<ExtendedData><SchemaData schemaUrl="#centrales_hidroelectricas">
		<SimpleData name="OBJECTID">153</SimpleData>
		<SimpleData name="ID_GE_HIDR">269</SimpleData>
		<SimpleData name="NOMBRE">RIO PICOIQUEN</SimpleData>
		<SimpleData name="PROPIEDAD">HIDROANGOL S.A.</SimpleData>
		<SimpleData name="TIPO">HIDRAULICA PASADA</SimpleData>
		<SimpleData name="COMBUSTIBL">NO APLICA</SimpleData>
		<SimpleData name="POTENCIAMW">19.306</SimpleData>
		<SimpleData name="UNIDADES">2</SimpleData>
		<SimpleData name="RCA">015/2011</SimpleData>
		<SimpleData name="SIST_ELECT">SEN</SimpleData>
		<SimpleData name="ESTADO">OPERATIVA</SimpleData>
		<SimpleData name="F_OPERACIO">1439424000000</SimpleData>
		<SimpleData name="COORD_ESTE">169591</SimpleData>
		<SimpleData name="COORD_NORT">5807950</SimpleData>
		<SimpleData name="HUSO">19 SUR</SimpleData>
		<SimpleData name="DATUM">WGS 1984</SimpleData>
		<SimpleData name="REGION">09</SimpleData>
		<SimpleData name="PROVINCIA">092</SimpleData>
		<SimpleData name="COMUNA">09201</SimpleData>
		<SimpleData name="FUENTE_BAS">CNE</SimpleData>
		<SimpleData name="FECH_CREA">1530316800000</SimpleData>
		<SimpleData name="FECH_ACT">1688083200000</SimpleData>
	</SchemaData></ExtendedData>
      <Point><coordinates>-72.7532871669999,-37.816082254</coordinates></Point>
  </Placemark>
  <Placemark id="centrales_hidroelectricas.154">
	<name>RIO TRUENO</name>
	<ExtendedData><SchemaData schemaUrl="#centrales_hidroelectricas">
		<SimpleData name="OBJECTID">154</SimpleData>
		<SimpleData name="ID_GE_HIDR">270</SimpleData>
		<SimpleData name="NOMBRE">RIO TRUENO</SimpleData>
		<SimpleData name="PROPIEDAD">HIDROELECTRICA TRUENO S.A.</SimpleData>
		<SimpleData name="TIPO">HIDRAULICA PASADA</SimpleData>
		<SimpleData name="MEDIO_GENE">PMGD</SimpleData>
		<SimpleData name="COMBUSTIBL">NO APLICA</SimpleData>
		<SimpleData name="POTENCIAMW">5.59</SimpleData>
		<SimpleData name="UNIDADES">2</SimpleData>
		<SimpleData name="RCA">174/2005</SimpleData>
		<SimpleData name="SIST_ELECT">SEN</SimpleData>
		<SimpleData name="ESTADO">OPERATIVA</SimpleData>
		<SimpleData name="F_OPERACIO">1275782400000</SimpleData>
		<SimpleData name="COORD_ESTE">234631</SimpleData>
		<SimpleData name="COORD_NORT">5723093</SimpleData>
		<SimpleData name="HUSO">19 SUR</SimpleData>
		<SimpleData name="DATUM">WGS 1984</SimpleData>
		<SimpleData name="REGION">09</SimpleData>
		<SimpleData name="PROVINCIA">091</SimpleData>
		<SimpleData name="COMUNA">09119</SimpleData>
		<SimpleData name="FUENTE_BAS">CNE</SimpleData>
		<SimpleData name="FECH_CREA">1530316800000</SimpleData>
		<SimpleData name="FECH_ACT">1688083200000</SimpleData>
	</SchemaData></ExtendedData>
      <Point><coordinates>-72.047236283,-38.601012479</coordinates></Point>
  </Placemark>
  <Placemark id="centrales_hidroelectricas.155">
	<name>ROBLERIA</name>
	<ExtendedData><SchemaData schemaUrl="#centrales_hidroelectricas">
		<SimpleData name="OBJECTID">155</SimpleData>
		<SimpleData name="ID_GE_HIDR">271</SimpleData>
		<SimpleData name="NOMBRE">ROBLERIA</SimpleData>
		<SimpleData name="PROPIEDAD">GENERADORA ELECTRICA ROBLERIA LTDA.</SimpleData>
		<SimpleData name="TIPO">HIDRAULICA PASADA</SimpleData>
		<SimpleData name="MEDIO_GENE">PMGD</SimpleData>
		<SimpleData name="COMBUSTIBL">NO APLICA</SimpleData>
		<SimpleData name="POTENCIAMW">3.9908</SimpleData>
		<SimpleData name="UNIDADES">1</SimpleData>
		<SimpleData name="RCA">187/2010</SimpleData>
		<SimpleData name="SIST_ELECT">SEN</SimpleData>
		<SimpleData name="ESTADO">OPERATIVA</SimpleData>
		<SimpleData name="F_OPERACIO">1366761600000</SimpleData>
		<SimpleData name="COORD_ESTE">294051</SimpleData>
		<SimpleData name="COORD_NORT">6030252</SimpleData>
		<SimpleData name="HUSO">19 SUR</SimpleData>
		<SimpleData name="DATUM">WGS 1984</SimpleData>
		<SimpleData name="REGION">07</SimpleData>
		<SimpleData name="PROVINCIA">074</SimpleData>
		<SimpleData name="COMUNA">07401</SimpleData>
		<SimpleData name="FUENTE_BAS">CNE</SimpleData>
		<SimpleData name="FECH_CREA">1530316800000</SimpleData>
		<SimpleData name="FECH_ACT">1688083200000</SimpleData>
	</SchemaData></ExtendedData>
      <Point><coordinates>-71.28058895,-35.8503179319999</coordinates></Point>
  </Placemark>
  <Placemark id="centrales_hidroelectricas.156">
	<name>RUCATAYO</name>
	<ExtendedData><SchemaData schemaUrl="#centrales_hidroelectricas">
		<SimpleData name="OBJECTID">156</SimpleData>
		<SimpleData name="ID_GE_HIDR">273</SimpleData>
		<SimpleData name="NOMBRE">RUCATAYO</SimpleData>
		<SimpleData name="PROPIEDAD">EMPRESA ELECTRICA RUCATAYO S.A.</SimpleData>
		<SimpleData name="TIPO">HIDRAULICA PASADA</SimpleData>
		<SimpleData name="COMBUSTIBL">NO APLICA</SimpleData>
		<SimpleData name="POTENCIAMW">59.3</SimpleData>
		<SimpleData name="UNIDADES">1</SimpleData>
		<SimpleData name="RCA">125/2006</SimpleData>
		<SimpleData name="SIST_ELECT">SEN</SimpleData>
		<SimpleData name="ESTADO">OPERATIVA</SimpleData>
		<SimpleData name="F_OPERACIO">1355356800000</SimpleData>
		<SimpleData name="COORD_ESTE">186655</SimpleData>
		<SimpleData name="COORD_NORT">5496920</SimpleData>
		<SimpleData name="HUSO">19 SUR</SimpleData>
		<SimpleData name="DATUM">WGS 1984</SimpleData>
		<SimpleData name="REGION">10</SimpleData>
		<SimpleData name="PROVINCIA">103</SimpleData>
		<SimpleData name="COMUNA">10304</SimpleData>
		<SimpleData name="FUENTE_BAS">CNE</SimpleData>
		<SimpleData name="FECH_CREA">1530316800000</SimpleData>
		<SimpleData name="FECH_ACT">1688083200000</SimpleData>
	</SchemaData></ExtendedData>
      <Point><coordinates>-72.7041555119999,-40.6191532829999</coordinates></Point>
  </Placemark>
  <Placemark id="centrales_hidroelectricas.157">
	<name>RUCUE</name>
	<ExtendedData><SchemaData schemaUrl="#centrales_hidroelectricas">
		<SimpleData name="OBJECTID">157</SimpleData>
		<SimpleData name="ID_GE_HIDR">274</SimpleData>
		<SimpleData name="NOMBRE">RUCUE</SimpleData>
		<SimpleData name="PROPIEDAD">COLBUN S.A.</SimpleData>
		<SimpleData name="TIPO">HIDRAULICA PASADA</SimpleData>
		<SimpleData name="COMBUSTIBL">NO APLICA</SimpleData>
		<SimpleData name="POTENCIAMW">178.1324</SimpleData>
		<SimpleData name="UNIDADES">2</SimpleData>
		<SimpleData name="RCA">254/1996</SimpleData>
		<SimpleData name="SIST_ELECT">SEN</SimpleData>
		<SimpleData name="ESTADO">OPERATIVA</SimpleData>
		<SimpleData name="F_OPERACIO">883612800000</SimpleData>
		<SimpleData name="COORD_ESTE">246203</SimpleData>
		<SimpleData name="COORD_NORT">5861283</SimpleData>
		<SimpleData name="HUSO">19 SUR</SimpleData>
		<SimpleData name="DATUM">WGS 1984</SimpleData>
		<SimpleData name="REGION">08</SimpleData>
		<SimpleData name="PROVINCIA">083</SimpleData>
		<SimpleData name="COMUNA">08309</SimpleData>
		<SimpleData name="FUENTE_BAS">CNE</SimpleData>
		<SimpleData name="FECH_CREA">1530316800000</SimpleData>
		<SimpleData name="FECH_ACT">1688083200000</SimpleData>
	</SchemaData></ExtendedData>
      <Point><coordinates>-71.865687748,-37.360487877</coordinates></Point>
  </Placemark>
  <Placemark id="centrales_hidroelectricas.158">
	<name>SAN ANDRES</name>
	<ExtendedData><SchemaData schemaUrl="#centrales_hidroelectricas">
		<SimpleData name="OBJECTID">158</SimpleData>
		<SimpleData name="ID_GE_HIDR">275</SimpleData>
		<SimpleData name="NOMBRE">SAN ANDRES</SimpleData>
		<SimpleData name="PROPIEDAD">HIDROELECTRICA SAN ANDRES LTDA.</SimpleData>
		<SimpleData name="TIPO">HIDRAULICA PASADA</SimpleData>
		<SimpleData name="COMBUSTIBL">NO APLICA</SimpleData>
		<SimpleData name="POTENCIAMW">40.0582</SimpleData>
		<SimpleData name="UNIDADES">2</SimpleData>
		<SimpleData name="RCA">037/2009; 227/2010</SimpleData>
		<SimpleData name="SIST_ELECT">SEN</SimpleData>
		<SimpleData name="ESTADO">OPERATIVA</SimpleData>
		<SimpleData name="F_OPERACIO">1403481600000</SimpleData>
		<SimpleData name="COORD_ESTE">373430</SimpleData>
		<SimpleData name="COORD_NORT">6155520</SimpleData>
		<SimpleData name="HUSO">19 SUR</SimpleData>
		<SimpleData name="DATUM">WGS 1984</SimpleData>
		<SimpleData name="REGION">06</SimpleData>
		<SimpleData name="PROVINCIA">063</SimpleData>
		<SimpleData name="COMUNA">06301</SimpleData>
		<SimpleData name="FUENTE_BAS">CNE</SimpleData>
		<SimpleData name="FECH_CREA">1530316800000</SimpleData>
		<SimpleData name="FECH_ACT">1688083200000</SimpleData>
	</SchemaData></ExtendedData>
      <Point><coordinates>-70.382546294,-34.7345815809999</coordinates></Point>
  </Placemark>
  <Placemark id="centrales_hidroelectricas.159">
	<name>SAN CLEMENTE</name>
	<ExtendedData><SchemaData schemaUrl="#centrales_hidroelectricas">
		<SimpleData name="OBJECTID">159</SimpleData>
		<SimpleData name="ID_GE_HIDR">276</SimpleData>
		<SimpleData name="NOMBRE">SAN CLEMENTE</SimpleData>
		<SimpleData name="PROPIEDAD">COLBUN S.A.</SimpleData>
		<SimpleData name="TIPO">HIDRAULICA PASADA</SimpleData>
		<SimpleData name="MEDIO_GENE">PMG</SimpleData>
		<SimpleData name="COMBUSTIBL">NO APLICA</SimpleData>
		<SimpleData name="POTENCIAMW">5.8853</SimpleData>
		<SimpleData name="UNIDADES">1</SimpleData>
		<SimpleData name="RCA">270/2007</SimpleData>
		<SimpleData name="SIST_ELECT">SEN</SimpleData>
		<SimpleData name="ESTADO">OPERATIVA</SimpleData>
		<SimpleData name="F_OPERACIO">1284595200000</SimpleData>
		<SimpleData name="COORD_ESTE">286595</SimpleData>
		<SimpleData name="COORD_NORT">6058060</SimpleData>
		<SimpleData name="HUSO">19 SUR</SimpleData>
		<SimpleData name="DATUM">WGS 1984</SimpleData>
		<SimpleData name="REGION">07</SimpleData>
		<SimpleData name="PROVINCIA">071</SimpleData>
		<SimpleData name="COMUNA">07109</SimpleData>
		<SimpleData name="FUENTE_BAS">CNE</SimpleData>
		<SimpleData name="FECH_CREA">1530316800000</SimpleData>
		<SimpleData name="FECH_ACT">1688083200000</SimpleData>
	</SchemaData></ExtendedData>
      <Point><coordinates>-71.355700918,-35.598209152</coordinates></Point>
  </Placemark>
  <Placemark id="centrales_hidroelectricas.160">
	<name>SAN IGNACIO</name>
	<ExtendedData><SchemaData schemaUrl="#centrales_hidroelectricas">
		<SimpleData name="OBJECTID">160</SimpleData>
		<SimpleData name="ID_GE_HIDR">277</SimpleData>
		<SimpleData name="NOMBRE">SAN IGNACIO</SimpleData>
		<SimpleData name="PROPIEDAD">COLBUN S.A.</SimpleData>
		<SimpleData name="TIPO">HIDRAULICA PASADA</SimpleData>
		<SimpleData name="COMBUSTIBL">NO APLICA</SimpleData>
		<SimpleData name="POTENCIAMW">36.9149</SimpleData>
		<SimpleData name="UNIDADES">1</SimpleData>
		<SimpleData name="SIST_ELECT">SEN</SimpleData>
		<SimpleData name="ESTADO">OPERATIVA</SimpleData>
		<SimpleData name="F_OPERACIO">820454400000</SimpleData>
		<SimpleData name="COORD_ESTE">269811</SimpleData>
		<SimpleData name="COORD_NORT">6055815</SimpleData>
		<SimpleData name="HUSO">19 SUR</SimpleData>
		<SimpleData name="DATUM">WGS 1984</SimpleData>
		<SimpleData name="REGION">07</SimpleData>
		<SimpleData name="PROVINCIA">074</SimpleData>
		<SimpleData name="COMUNA">07408</SimpleData>
		<SimpleData name="FUENTE_BAS">CNE</SimpleData>
		<SimpleData name="FECH_CREA">1530316800000</SimpleData>
		<SimpleData name="FECH_ACT">1688083200000</SimpleData>
	</SchemaData></ExtendedData>
      <Point><coordinates>-71.5414562139999,-35.614668477</coordinates></Point>
  </Placemark>
  <Placemark id="centrales_hidroelectricas.161">
	<name>SANTA ELENA</name>
	<ExtendedData><SchemaData schemaUrl="#centrales_hidroelectricas">
		<SimpleData name="OBJECTID">161</SimpleData>
		<SimpleData name="ID_GE_HIDR">280</SimpleData>
		<SimpleData name="NOMBRE">SANTA ELENA</SimpleData>
		<SimpleData name="PROPIEDAD">CENTRAL HIDROELECTRICA SANTA ELENA S.A.</SimpleData>
		<SimpleData name="TIPO">HIDRAULICA PASADA</SimpleData>
		<SimpleData name="MEDIO_GENE">PMGD</SimpleData>
		<SimpleData name="COMBUSTIBL">NO APLICA</SimpleData>
		<SimpleData name="POTENCIAMW">2.75</SimpleData>
		<SimpleData name="UNIDADES">1</SimpleData>
		<SimpleData name="RCA">NO APLICA</SimpleData>
		<SimpleData name="SIST_ELECT">SEN</SimpleData>
		<SimpleData name="ESTADO">OPERATIVA</SimpleData>
		<SimpleData name="F_OPERACIO">1527638400000</SimpleData>
		<SimpleData name="COORD_ESTE">235911</SimpleData>
		<SimpleData name="COORD_NORT">5668168</SimpleData>
		<SimpleData name="HUSO">19 SUR</SimpleData>
		<SimpleData name="DATUM">WGS 1984</SimpleData>
		<SimpleData name="REGION">09</SimpleData>
		<SimpleData name="PROVINCIA">091</SimpleData>
		<SimpleData name="COMUNA">09103</SimpleData>
		<SimpleData name="FUENTE_BAS">CNE</SimpleData>
		<SimpleData name="FECH_CREA">1449187200000</SimpleData>
		<SimpleData name="FECH_ACT">1688083200000</SimpleData>
	</SchemaData></ExtendedData>
      <Point><coordinates>-72.0536343859999,-39.095656144</coordinates></Point>
  </Placemark>
  <Placemark id="centrales_hidroelectricas.162">
	<name>SANTA ISABEL</name>
	<ExtendedData><SchemaData schemaUrl="#centrales_hidroelectricas">
		<SimpleData name="OBJECTID">162</SimpleData>
		<SimpleData name="ID_GE_HIDR">281</SimpleData>
		<SimpleData name="NOMBRE">SANTA ISABEL</SimpleData>
		<SimpleData name="PROPIEDAD">SOCER S.A.</SimpleData>
		<SimpleData name="TIPO">HIDRAULICA PASADA</SimpleData>
		<SimpleData name="MEDIO_GENE">PMGD</SimpleData>
		<SimpleData name="COMBUSTIBL">NO APLICA</SimpleData>
		<SimpleData name="POTENCIAMW">1.45</SimpleData>
		<SimpleData name="UNIDADES">1</SimpleData>
		<SimpleData name="RCA">157/2014</SimpleData>
		<SimpleData name="SIST_ELECT">SEN</SimpleData>
		<SimpleData name="ESTADO">OPERATIVA</SimpleData>
		<SimpleData name="F_OPERACIO">1499817600000</SimpleData>
		<SimpleData name="COORD_ESTE">208297</SimpleData>
		<SimpleData name="COORD_NORT">5851130</SimpleData>
		<SimpleData name="HUSO">19 SUR</SimpleData>
		<SimpleData name="DATUM">WGS 1984</SimpleData>
		<SimpleData name="REGION">08</SimpleData>
		<SimpleData name="PROVINCIA">083</SimpleData>
		<SimpleData name="COMUNA">08309</SimpleData>
		<SimpleData name="FUENTE_BAS">CNE</SimpleData>
		<SimpleData name="FECH_CREA">1530316800000</SimpleData>
		<SimpleData name="FECH_ACT">1688083200000</SimpleData>
	</SchemaData></ExtendedData>
      <Point><coordinates>-72.297094144,-37.4407165979999</coordinates></Point>
  </Placemark>
  <Placemark id="centrales_hidroelectricas.163">
	<name>SAUCE ANDES</name>
	<ExtendedData><SchemaData schemaUrl="#centrales_hidroelectricas">
		<SimpleData name="OBJECTID">163</SimpleData>
		<SimpleData name="ID_GE_HIDR">282</SimpleData>
		<SimpleData name="NOMBRE">SAUCE ANDES</SimpleData>
		<SimpleData name="PROPIEDAD">GENERADORA ELECTRICA SAUCE LOS ANDES S.A.</SimpleData>
		<SimpleData name="TIPO">HIDRAULICA PASADA</SimpleData>
		<SimpleData name="MEDIO_GENE">PMGD</SimpleData>
		<SimpleData name="COMBUSTIBL">NO APLICA</SimpleData>
		<SimpleData name="POTENCIAMW">1.379</SimpleData>
		<SimpleData name="UNIDADES">4</SimpleData>
		<SimpleData name="SIST_ELECT">SEN</SimpleData>
		<SimpleData name="ESTADO">OPERATIVA</SimpleData>
		<SimpleData name="F_OPERACIO">-1924992000000</SimpleData>
		<SimpleData name="COORD_ESTE">355763</SimpleData>
		<SimpleData name="COORD_NORT">6365935</SimpleData>
		<SimpleData name="HUSO">19 SUR</SimpleData>
		<SimpleData name="DATUM">WGS 1984</SimpleData>
		<SimpleData name="REGION">05</SimpleData>
		<SimpleData name="PROVINCIA">053</SimpleData>
		<SimpleData name="COMUNA">05304</SimpleData>
		<SimpleData name="FUENTE_BAS">CNE</SimpleData>
		<SimpleData name="FECH_CREA">1530316800000</SimpleData>
		<SimpleData name="FECH_ACT">1688083200000</SimpleData>
	</SchemaData></ExtendedData>
      <Point><coordinates>-70.54109498,-32.8351603679999</coordinates></Point>
  </Placemark>
  <Placemark id="centrales_hidroelectricas.164">
	<name>SAUZAL</name>
	<ExtendedData><SchemaData schemaUrl="#centrales_hidroelectricas">
		<SimpleData name="OBJECTID">164</SimpleData>
		<SimpleData name="ID_GE_HIDR">283</SimpleData>
		<SimpleData name="NOMBRE">SAUZAL</SimpleData>
		<SimpleData name="PROPIEDAD">ENEL GENERACION</SimpleData>
		<SimpleData name="TIPO">HIDRAULICA PASADA</SimpleData>
		<SimpleData name="COMBUSTIBL">NO APLICA</SimpleData>
		<SimpleData name="POTENCIAMW">80.0112</SimpleData>
		<SimpleData name="UNIDADES">3</SimpleData>
		<SimpleData name="SIST_ELECT">SEN</SimpleData>
		<SimpleData name="ESTADO">OPERATIVA</SimpleData>
		<SimpleData name="F_OPERACIO">-694310400000</SimpleData>
		<SimpleData name="COORD_ESTE">349821</SimpleData>
		<SimpleData name="COORD_NORT">6208615</SimpleData>
		<SimpleData name="HUSO">19 SUR</SimpleData>
		<SimpleData name="DATUM">WGS 1984</SimpleData>
		<SimpleData name="REGION">06</SimpleData>
		<SimpleData name="PROVINCIA">061</SimpleData>
		<SimpleData name="COMUNA">06108</SimpleData>
		<SimpleData name="FUENTE_BAS">CNE</SimpleData>
		<SimpleData name="FECH_CREA">1530316800000</SimpleData>
		<SimpleData name="FECH_ACT">1688083200000</SimpleData>
	</SchemaData></ExtendedData>
      <Point><coordinates>-70.630997475,-34.252756685</coordinates></Point>
  </Placemark>
  <Placemark id="centrales_hidroelectricas.165">
	<name>SAUZALITO</name>
	<ExtendedData><SchemaData schemaUrl="#centrales_hidroelectricas">
		<SimpleData name="OBJECTID">165</SimpleData>
		<SimpleData name="ID_GE_HIDR">284</SimpleData>
		<SimpleData name="NOMBRE">SAUZALITO</SimpleData>
		<SimpleData name="PROPIEDAD">ENEL GENERACION</SimpleData>
		<SimpleData name="TIPO">HIDRAULICA PASADA</SimpleData>
		<SimpleData name="COMBUSTIBL">NO APLICA</SimpleData>
		<SimpleData name="POTENCIAMW">11.2221</SimpleData>
		<SimpleData name="UNIDADES">1</SimpleData>
		<SimpleData name="SIST_ELECT">SEN</SimpleData>
		<SimpleData name="ESTADO">OPERATIVA</SimpleData>
		<SimpleData name="F_OPERACIO">-347155200000</SimpleData>
		<SimpleData name="COORD_ESTE">347558</SimpleData>
		<SimpleData name="COORD_NORT">6210473</SimpleData>
		<SimpleData name="HUSO">19 SUR</SimpleData>
		<SimpleData name="DATUM">WGS 1984</SimpleData>
		<SimpleData name="REGION">06</SimpleData>
		<SimpleData name="PROVINCIA">061</SimpleData>
		<SimpleData name="COMUNA">06108</SimpleData>
		<SimpleData name="FUENTE_BAS">CNE</SimpleData>
		<SimpleData name="FECH_CREA">1530316800000</SimpleData>
		<SimpleData name="FECH_ACT">1688083200000</SimpleData>
	</SchemaData></ExtendedData>
      <Point><coordinates>-70.655237496,-34.2356778029999</coordinates></Point>
  </Placemark>
  <Placemark id="centrales_hidroelectricas.166">
	<name>TRAILELFU</name>
	<ExtendedData><SchemaData schemaUrl="#centrales_hidroelectricas">
		<SimpleData name="OBJECTID">166</SimpleData>
		<SimpleData name="ID_GE_HIDR">287</SimpleData>
		<SimpleData name="NOMBRE">TRAILELFU</SimpleData>
		<SimpleData name="PROPIEDAD">ENERBOSCH</SimpleData>
		<SimpleData name="TIPO">HIDRAULICA PASADA</SimpleData>
		<SimpleData name="MEDIO_GENE">PMGD</SimpleData>
		<SimpleData name="COMBUSTIBL">NO APLICA</SimpleData>
		<SimpleData name="POTENCIAMW">2.45</SimpleData>
		<SimpleData name="UNIDADES">1</SimpleData>
		<SimpleData name="SIST_ELECT">SEN</SimpleData>
		<SimpleData name="ESTADO">OPERATIVA</SimpleData>
		<SimpleData name="F_OPERACIO">1444953600000</SimpleData>
		<SimpleData name="COORD_ESTE">237019</SimpleData>
		<SimpleData name="COORD_NORT">5654844</SimpleData>
		<SimpleData name="HUSO">19 SUR</SimpleData>
		<SimpleData name="DATUM">WGS 1984</SimpleData>
		<SimpleData name="REGION">09</SimpleData>
		<SimpleData name="PROVINCIA">091</SimpleData>
		<SimpleData name="COMUNA">09120</SimpleData>
		<SimpleData name="FUENTE_BAS">CNE</SimpleData>
		<SimpleData name="FECH_CREA">1530316800000</SimpleData>
		<SimpleData name="FECH_ACT">1688083200000</SimpleData>
	</SchemaData></ExtendedData>
      <Point><coordinates>-72.04600943,-39.2158852059999</coordinates></Point>
  </Placemark>
  <Placemark id="centrales_hidroelectricas.167">
	<name>TRANQUIL</name>
	<ExtendedData><SchemaData schemaUrl="#centrales_hidroelectricas">
		<SimpleData name="OBJECTID">167</SimpleData>
		<SimpleData name="ID_GE_HIDR">288</SimpleData>
		<SimpleData name="NOMBRE">TRANQUIL</SimpleData>
		<SimpleData name="PROPIEDAD">RP EL ARROYO ENERGIAS RENOVABLES S.A.</SimpleData>
		<SimpleData name="TIPO">HIDRAULICA PASADA</SimpleData>
		<SimpleData name="MEDIO_GENE">PMGD</SimpleData>
		<SimpleData name="COMBUSTIBL">NO APLICA</SimpleData>
		<SimpleData name="POTENCIAMW">2.9673</SimpleData>
		<SimpleData name="UNIDADES">1</SimpleData>
		<SimpleData name="RCA">NO APLICA</SimpleData>
		<SimpleData name="SIST_ELECT">SEN</SimpleData>
		<SimpleData name="ESTADO">OPERATIVA</SimpleData>
		<SimpleData name="F_OPERACIO">1479859200000</SimpleData>
		<SimpleData name="COORD_ESTE">246016</SimpleData>
		<SimpleData name="COORD_NORT">5596537</SimpleData>
		<SimpleData name="HUSO">19 SUR</SimpleData>
		<SimpleData name="DATUM">WGS 1984</SimpleData>
		<SimpleData name="REGION">14</SimpleData>
		<SimpleData name="PROVINCIA">141</SimpleData>
		<SimpleData name="COMUNA">14108</SimpleData>
		<SimpleData name="FUENTE_BAS">CNE</SimpleData>
		<SimpleData name="FECH_CREA">1530316800000</SimpleData>
		<SimpleData name="FECH_ACT">1688083200000</SimpleData>
	</SchemaData></ExtendedData>
      <Point><coordinates>-71.9641389069999,-39.7432449</coordinates></Point>
  </Placemark>
  <Placemark id="centrales_hidroelectricas.168">
	<name>TRUFULTRUFUL</name>
	<ExtendedData><SchemaData schemaUrl="#centrales_hidroelectricas">
		<SimpleData name="OBJECTID">168</SimpleData>
		<SimpleData name="ID_GE_HIDR">292</SimpleData>
		<SimpleData name="NOMBRE">TRUFULTRUFUL</SimpleData>
		<SimpleData name="PROPIEDAD">ENERBOSCH</SimpleData>
		<SimpleData name="TIPO">HIDRAULICA PASADA</SimpleData>
		<SimpleData name="MEDIO_GENE">PMGD</SimpleData>
		<SimpleData name="COMBUSTIBL">NO APLICA</SimpleData>
		<SimpleData name="POTENCIAMW">0.819</SimpleData>
		<SimpleData name="UNIDADES">1</SimpleData>
		<SimpleData name="SIST_ELECT">SEN</SimpleData>
		<SimpleData name="ESTADO">OPERATIVA</SimpleData>
		<SimpleData name="F_OPERACIO">1253059200000</SimpleData>
		<SimpleData name="COORD_ESTE">268863</SimpleData>
		<SimpleData name="COORD_NORT">5697104</SimpleData>
		<SimpleData name="HUSO">19 SUR</SimpleData>
		<SimpleData name="DATUM">WGS 1984</SimpleData>
		<SimpleData name="REGION">09</SimpleData>
		<SimpleData name="PROVINCIA">091</SimpleData>
		<SimpleData name="COMUNA">09110</SimpleData>
		<SimpleData name="FUENTE_BAS">CNE</SimpleData>
		<SimpleData name="FECH_CREA">1530316800000</SimpleData>
		<SimpleData name="FECH_ACT">1688083200000</SimpleData>
	</SchemaData></ExtendedData>
      <Point><coordinates>-71.6632475609999,-38.8445407739999</coordinates></Point>
  </Placemark>
  <Placemark id="centrales_hidroelectricas.169">
	<name>VOLCAN</name>
	<ExtendedData><SchemaData schemaUrl="#centrales_hidroelectricas">
		<SimpleData name="OBJECTID">169</SimpleData>
		<SimpleData name="ID_GE_HIDR">297</SimpleData>
		<SimpleData name="NOMBRE">VOLCAN</SimpleData>
		<SimpleData name="PROPIEDAD">AES ANDES</SimpleData>
		<SimpleData name="TIPO">HIDRAULICA PASADA</SimpleData>
		<SimpleData name="COMBUSTIBL">NO APLICA</SimpleData>
		<SimpleData name="POTENCIAMW">12.997</SimpleData>
		<SimpleData name="UNIDADES">1</SimpleData>
		<SimpleData name="SIST_ELECT">SEN</SimpleData>
		<SimpleData name="ESTADO">OPERATIVA</SimpleData>
		<SimpleData name="F_OPERACIO">-820540800000</SimpleData>
		<SimpleData name="COORD_ESTE">387578</SimpleData>
		<SimpleData name="COORD_NORT">6257062</SimpleData>
		<SimpleData name="HUSO">19 SUR</SimpleData>
		<SimpleData name="DATUM">WGS 1984</SimpleData>
		<SimpleData name="REGION">13</SimpleData>
		<SimpleData name="PROVINCIA">132</SimpleData>
		<SimpleData name="COMUNA">13203</SimpleData>
		<SimpleData name="FUENTE_BAS">CNE</SimpleData>
		<SimpleData name="FECH_CREA">1530316800000</SimpleData>
		<SimpleData name="FECH_ACT">1688083200000</SimpleData>
	</SchemaData></ExtendedData>
      <Point><coordinates>-70.214794091,-33.8206887589999</coordinates></Point>
  </Placemark>
  <Placemark id="centrales_hidroelectricas.170">
	<name>COSAPILLA</name>
	<ExtendedData><SchemaData schemaUrl="#centrales_hidroelectricas">
		<SimpleData name="OBJECTID">170</SimpleData>
		<SimpleData name="ID_GE_HIDR">300</SimpleData>
		<SimpleData name="NOMBRE">COSAPILLA</SimpleData>
		<SimpleData name="PROPIEDAD">ENGIE</SimpleData>
		<SimpleData name="TIPO">HIDRAULICA PASADA</SimpleData>
		<SimpleData name="MEDIO_GENE">PMGD</SimpleData>
		<SimpleData name="COMBUSTIBL">NO APLICA</SimpleData>
		<SimpleData name="POTENCIAMW">0.5</SimpleData>
		<SimpleData name="UNIDADES">1</SimpleData>
		<SimpleData name="SIST_ELECT">SEN</SimpleData>
		<SimpleData name="ESTADO">OPERATIVA</SimpleData>
		<SimpleData name="F_OPERACIO">1585180800000</SimpleData>
		<SimpleData name="COORD_ESTE">440992</SimpleData>
		<SimpleData name="COORD_NORT">7968176</SimpleData>
		<SimpleData name="HUSO">19 SUR</SimpleData>
		<SimpleData name="DATUM">WGS 1984</SimpleData>
		<SimpleData name="REGION">15</SimpleData>
		<SimpleData name="PROVINCIA">152</SimpleData>
		<SimpleData name="COMUNA">15201</SimpleData>
		<SimpleData name="FUENTE_BAS">CNE</SimpleData>
		<SimpleData name="FECH_CREA">1593475200000</SimpleData>
		<SimpleData name="FECH_ACT">1688083200000</SimpleData>
	</SchemaData></ExtendedData>
      <Point><coordinates>-69.558588829,-18.3755280939999</coordinates></Point>
  </Placemark>
  <Placemark id="centrales_hidroelectricas.171">
	<name>COCHAMO</name>
	<ExtendedData><SchemaData schemaUrl="#centrales_hidroelectricas">
		<SimpleData name="OBJECTID">171</SimpleData>
		<SimpleData name="ID_GE_HIDR">301</SimpleData>
		<SimpleData name="NOMBRE">COCHAMO</SimpleData>
		<SimpleData name="PROPIEDAD">SAGESA S.A.</SimpleData>
		<SimpleData name="TIPO">HIDRAULICA PASADA</SimpleData>
		<SimpleData name="COMBUSTIBL">NO APLICA</SimpleData>
		<SimpleData name="POTENCIAMW">0.68</SimpleData>
		<SimpleData name="UNIDADES">1</SimpleData>
		<SimpleData name="SIST_ELECT">LOS LAGOS</SimpleData>
		<SimpleData name="ESTADO">OPERATIVA</SimpleData>
		<SimpleData name="F_OPERACIO">1577836800000</SimpleData>
		<SimpleData name="COORD_ESTE">224837</SimpleData>
		<SimpleData name="COORD_NORT">5401409</SimpleData>
		<SimpleData name="HUSO">19 SUR</SimpleData>
		<SimpleData name="DATUM">WGS 1984</SimpleData>
		<SimpleData name="REGION">10</SimpleData>
		<SimpleData name="PROVINCIA">101</SimpleData>
		<SimpleData name="COMUNA">10103</SimpleData>
		<SimpleData name="FUENTE_BAS">CNE</SimpleData>
		<SimpleData name="FECH_CREA">1593475200000</SimpleData>
		<SimpleData name="FECH_ACT">1688083200000</SimpleData>
	</SchemaData></ExtendedData>
      <Point><coordinates>-72.296189845,-41.491712422</coordinates></Point>
  </Placemark>
  <Placemark id="centrales_hidroelectricas.172">
	<name>LOS PORTONES (AMPLIACION 2)</name>
	<ExtendedData><SchemaData schemaUrl="#centrales_hidroelectricas">
		<SimpleData name="OBJECTID">172</SimpleData>
		<SimpleData name="ID_GE_HIDR">303</SimpleData>
		<SimpleData name="NOMBRE">LOS PORTONES (AMPLIACION 2)</SimpleData>
		<SimpleData name="PROPIEDAD">LOS PORTONES S.A.</SimpleData>
		<SimpleData name="TIPO">HIDRAULICA PASADA</SimpleData>
		<SimpleData name="MEDIO_GENE">PMGD</SimpleData>
		<SimpleData name="COMBUSTIBL">NO APLICA</SimpleData>
		<SimpleData name="POTENCIAMW">0.2</SimpleData>
		<SimpleData name="UNIDADES">1</SimpleData>
		<SimpleData name="RCA">018/2019</SimpleData>
		<SimpleData name="SIST_ELECT">SEN</SimpleData>
		<SimpleData name="ESTADO">OPERATIVA</SimpleData>
		<SimpleData name="F_OPERACIO">1669161600000</SimpleData>
		<SimpleData name="COORD_ESTE">225165</SimpleData>
		<SimpleData name="COORD_NORT">5530329</SimpleData>
		<SimpleData name="HUSO">19 SUR</SimpleData>
		<SimpleData name="DATUM">WGS 1984</SimpleData>
		<SimpleData name="REGION">14</SimpleData>
		<SimpleData name="PROVINCIA">142</SimpleData>
		<SimpleData name="COMUNA">14203</SimpleData>
		<SimpleData name="FUENTE_BAS">CNE</SimpleData>
		<SimpleData name="FECH_CREA">1593475200000</SimpleData>
		<SimpleData name="FECH_ACT">1688083200000</SimpleData>
	</SchemaData></ExtendedData>
      <Point><coordinates>-72.235186369,-40.3323525229999</coordinates></Point>
  </Placemark>
  <Placemark id="centrales_hidroelectricas.173">
	<name>PANGAL</name>
	<ExtendedData><SchemaData schemaUrl="#centrales_hidroelectricas">
		<SimpleData name="OBJECTID">173</SimpleData>
		<SimpleData name="ID_GE_HIDR">303</SimpleData>
		<SimpleData name="NOMBRE">PANGAL</SimpleData>
		<SimpleData name="PROPIEDAD">PACIFIC HYDRO</SimpleData>
		<SimpleData name="TIPO">HIDRAULICA PASADA</SimpleData>
		<SimpleData name="COMBUSTIBL">NO APLICA</SimpleData>
		<SimpleData name="POTENCIAMW">36.9075</SimpleData>
		<SimpleData name="UNIDADES">5</SimpleData>
		<SimpleData name="SIST_ELECT">SEN</SimpleData>
		<SimpleData name="ESTADO">OPERATIVA</SimpleData>
		<SimpleData name="F_OPERACIO">-1609459200000</SimpleData>
		<SimpleData name="COORD_ESTE">367137</SimpleData>
		<SimpleData name="COORD_NORT">6210373</SimpleData>
		<SimpleData name="HUSO">19 SUR</SimpleData>
		<SimpleData name="DATUM">WGS 1984</SimpleData>
		<SimpleData name="REGION">06</SimpleData>
		<SimpleData name="PROVINCIA">061</SimpleData>
		<SimpleData name="COMUNA">06108</SimpleData>
		<SimpleData name="FUENTE_BAS">CNE</SimpleData>
		<SimpleData name="FECH_CREA">1609372800000</SimpleData>
		<SimpleData name="FECH_ACT">1688083200000</SimpleData>
	</SchemaData></ExtendedData>
      <Point><coordinates>-70.442724899,-34.2392647849999</coordinates></Point>
  </Placemark>
  <Placemark id="centrales_hidroelectricas.174">
	<name>EL ATAJO</name>
	<ExtendedData><SchemaData schemaUrl="#centrales_hidroelectricas">
		<SimpleData name="OBJECTID">174</SimpleData>
		<SimpleData name="ID_GE_HIDR">304</SimpleData>
		<SimpleData name="NOMBRE">EL ATAJO</SimpleData>
		<SimpleData name="PROPIEDAD">CENTRAL EL ATAJO SPA</SimpleData>
		<SimpleData name="TIPO">HIDRAULICA PASADA</SimpleData>
		<SimpleData name="MEDIO_GENE">PMGD</SimpleData>
		<SimpleData name="COMBUSTIBL">NO APLICA</SimpleData>
		<SimpleData name="POTENCIAMW">1.2</SimpleData>
		<SimpleData name="UNIDADES">1</SimpleData>
		<SimpleData name="SIST_ELECT">SEN</SimpleData>
		<SimpleData name="ESTADO">OPERATIVA</SimpleData>
		<SimpleData name="F_OPERACIO">1605225600000</SimpleData>
		<SimpleData name="COORD_ESTE">215764</SimpleData>
		<SimpleData name="COORD_NORT">5828666</SimpleData>
		<SimpleData name="HUSO">19 SUR</SimpleData>
		<SimpleData name="DATUM">WGS 1984</SimpleData>
		<SimpleData name="REGION">08</SimpleData>
		<SimpleData name="PROVINCIA">083</SimpleData>
		<SimpleData name="COMUNA">08305</SimpleData>
		<SimpleData name="FUENTE_BAS">CNE</SimpleData>
		<SimpleData name="FECH_CREA">1609372800000</SimpleData>
		<SimpleData name="FECH_ACT">1688083200000</SimpleData>
	</SchemaData></ExtendedData>
      <Point><coordinates>-72.221514809,-37.6452014829999</coordinates></Point>
  </Placemark>
  <Placemark id="centrales_hidroelectricas.175">
	<name>MC3</name>
	<ExtendedData><SchemaData schemaUrl="#centrales_hidroelectricas">
		<SimpleData name="OBJECTID">175</SimpleData>
		<SimpleData name="ID_GE_HIDR">306</SimpleData>
		<SimpleData name="NOMBRE">MC3</SimpleData>
		<SimpleData name="PROPIEDAD">HIDROBONITO S.A.</SimpleData>
		<SimpleData name="TIPO">HIDRAULICA PASADA</SimpleData>
		<SimpleData name="MEDIO_GENE">PMG</SimpleData>
		<SimpleData name="COMBUSTIBL">NO APLICA</SimpleData>
		<SimpleData name="POTENCIAMW">2.755</SimpleData>
		<SimpleData name="UNIDADES">1</SimpleData>
		<SimpleData name="SIST_ELECT">SEN</SimpleData>
		<SimpleData name="ESTADO">OPERATIVA</SimpleData>
		<SimpleData name="F_OPERACIO">1672790400000</SimpleData>
		<SimpleData name="COORD_ESTE">217607</SimpleData>
		<SimpleData name="COORD_NORT">5461616</SimpleData>
		<SimpleData name="HUSO">19 SUR</SimpleData>
		<SimpleData name="DATUM">WGS 1984</SimpleData>
		<SimpleData name="REGION">10</SimpleData>
		<SimpleData name="PROVINCIA">103</SimpleData>
		<SimpleData name="COMUNA">10302</SimpleData>
		<SimpleData name="FUENTE_BAS">CNE</SimpleData>
		<SimpleData name="FECH_CREA">1609372800000</SimpleData>
		<SimpleData name="FECH_ACT">1688083200000</SimpleData>
	</SchemaData></ExtendedData>
      <Point><coordinates>-72.354843693,-40.94779994</coordinates></Point>
  </Placemark>
  <Placemark id="centrales_hidroelectricas.176">
	<name>CORRALES</name>
	<ExtendedData><SchemaData schemaUrl="#centrales_hidroelectricas">
		<SimpleData name="OBJECTID">176</SimpleData>
		<SimpleData name="ID_GE_HIDR">307</SimpleData>
		<SimpleData name="NOMBRE">CORRALES</SimpleData>
		<SimpleData name="PROPIEDAD">HIDROELECTRICA LOS CORRALES SPA</SimpleData>
		<SimpleData name="TIPO">HIDRAULICA PASADA</SimpleData>
		<SimpleData name="MEDIO_GENE">PMG</SimpleData>
		<SimpleData name="COMBUSTIBL">NO APLICA</SimpleData>
		<SimpleData name="POTENCIAMW">2.968</SimpleData>
		<SimpleData name="UNIDADES">1</SimpleData>
		<SimpleData name="SIST_ELECT">SEN</SimpleData>
		<SimpleData name="ESTADO">OPERATIVA</SimpleData>
		<SimpleData name="F_OPERACIO">1641427200000</SimpleData>
		<SimpleData name="COORD_ESTE">371421</SimpleData>
		<SimpleData name="COORD_NORT">6154699</SimpleData>
		<SimpleData name="HUSO">19 SUR</SimpleData>
		<SimpleData name="DATUM">WGS 1984</SimpleData>
		<SimpleData name="REGION">06</SimpleData>
		<SimpleData name="PROVINCIA">063</SimpleData>
		<SimpleData name="COMUNA">06301</SimpleData>
		<SimpleData name="FUENTE_BAS">CNE</SimpleData>
		<SimpleData name="FECH_CREA">1609372800000</SimpleData>
		<SimpleData name="FECH_ACT">1688083200000</SimpleData>
	</SchemaData></ExtendedData>
      <Point><coordinates>-70.4046104299999,-34.741731955</coordinates></Point>
  </Placemark>
  <Placemark id="centrales_hidroelectricas.177">
	<name>SAN VICTOR</name>
	<ExtendedData><SchemaData schemaUrl="#centrales_hidroelectricas">
		<SimpleData name="OBJECTID">177</SimpleData>
		<SimpleData name="ID_GE_HIDR">308</SimpleData>
		<SimpleData name="NOMBRE">SAN VICTOR</SimpleData>
		<SimpleData name="PROPIEDAD">EMPRESA
ELECTRICA SAN VICTOR SPA</SimpleData>
		<SimpleData name="TIPO">HIDRAULICA PASADA</SimpleData>
		<SimpleData name="COMBUSTIBL">NO APLICA</SimpleData>
		<SimpleData name="POTENCIAMW">3</SimpleData>
		<SimpleData name="UNIDADES">1</SimpleData>
		<SimpleData name="SIST_ELECT">SEA</SimpleData>
		<SimpleData name="ESTADO">OPERATIVA</SimpleData>
		<SimpleData name="F_OPERACIO">1640995200000</SimpleData>
		<SimpleData name="COORD_ESTE">230959</SimpleData>
		<SimpleData name="COORD_NORT">4974517</SimpleData>
		<SimpleData name="HUSO">19 SUR</SimpleData>
		<SimpleData name="DATUM">WGS 1984</SimpleData>
		<SimpleData name="REGION">11</SimpleData>
		<SimpleData name="PROVINCIA">112</SimpleData>
		<SimpleData name="COMUNA">11201</SimpleData>
		<SimpleData name="FUENTE_BAS">CNE</SimpleData>
		<SimpleData name="FECH_CREA">1609372800000</SimpleData>
		<SimpleData name="FECH_ACT">1688083200000</SimpleData>
	</SchemaData></ExtendedData>
      <Point><coordinates>-72.433424299,-45.3312276469999</coordinates></Point>
  </Placemark>
  <Placemark id="centrales_hidroelectricas.178">
	<name>PUNTA DEL VIENTO</name>
	<ExtendedData><SchemaData schemaUrl="#centrales_hidroelectricas">
		<SimpleData name="OBJECTID">178</SimpleData>
		<SimpleData name="ID_GE_HIDR">309</SimpleData>
		<SimpleData name="NOMBRE">PUNTA DEL VIENTO</SimpleData>
		<SimpleData name="PROPIEDAD">HIDROELECTRICA PUNTA DEL VIENTO SPA</SimpleData>
		<SimpleData name="TIPO">HIDRAULICA PASADA</SimpleData>
		<SimpleData name="COMBUSTIBL">NO APLICA</SimpleData>
		<SimpleData name="POTENCIAMW">2.9361</SimpleData>
		<SimpleData name="UNIDADES">0</SimpleData>
		<SimpleData name="SIST_ELECT">SEN</SimpleData>
		<SimpleData name="ESTADO">OPERATIVA</SimpleData>
		<SimpleData name="F_OPERACIO">1661817600000</SimpleData>
		<SimpleData name="COORD_ESTE">368293</SimpleData>
		<SimpleData name="COORD_NORT">6153184</SimpleData>
		<SimpleData name="HUSO">19 SUR</SimpleData>
		<SimpleData name="DATUM">WGS 1984</SimpleData>
		<SimpleData name="REGION">06</SimpleData>
		<SimpleData name="PROVINCIA">063</SimpleData>
		<SimpleData name="COMUNA">06301</SimpleData>
		<SimpleData name="FUENTE_BAS">CNE</SimpleData>
		<SimpleData name="FECH_CREA">1625011200000</SimpleData>
		<SimpleData name="FECH_ACT">1688083200000</SimpleData>
	</SchemaData></ExtendedData>
      <Point><coordinates>-70.439008502,-34.754990796</coordinates></Point>
  </Placemark>
  <Placemark id="centrales_hidroelectricas.179">
	<name>TERRA AUSTRAL</name>
	<ExtendedData><SchemaData schemaUrl="#centrales_hidroelectricas">
		<SimpleData name="OBJECTID">179</SimpleData>
		<SimpleData name="ID_GE_HIDR">313</SimpleData>
		<SimpleData name="NOMBRE">TERRA AUSTRAL</SimpleData>
		<SimpleData name="PROPIEDAD">COMPANIA HIDROELECTRICA HIDROENER SPA</SimpleData>
		<SimpleData name="TIPO">HIDRAULICA PASADA</SimpleData>
		<SimpleData name="COMBUSTIBL">NO APLICA</SimpleData>
		<SimpleData name="POTENCIAMW">0.78</SimpleData>
		<SimpleData name="UNIDADES">1</SimpleData>
		<SimpleData name="SIST_ELECT">LOS LAGOS</SimpleData>
		<SimpleData name="ESTADO">OPERATIVA</SimpleData>
		<SimpleData name="F_OPERACIO">1640995200000</SimpleData>
		<SimpleData name="COORD_ESTE">224599</SimpleData>
		<SimpleData name="COORD_NORT">5394786</SimpleData>
		<SimpleData name="HUSO">19 SUR</SimpleData>
		<SimpleData name="DATUM">WGS 1984</SimpleData>
		<SimpleData name="REGION">10</SimpleData>
		<SimpleData name="PROVINCIA">101</SimpleData>
		<SimpleData name="COMUNA">10103</SimpleData>
		<SimpleData name="FUENTE_BAS">CNE</SimpleData>
		<SimpleData name="FECH_CREA">1656547200000</SimpleData>
		<SimpleData name="FECH_ACT">1688083200000</SimpleData>
	</SchemaData></ExtendedData>
      <Point><coordinates>-72.302065869,-41.5511877069999</coordinates></Point>
  </Placemark>
  <Placemark id="centrales_hidroelectricas.180">
	<name>FLORIDA II</name>
	<ExtendedData><SchemaData schemaUrl="#centrales_hidroelectricas">
		<SimpleData name="OBJECTID">180</SimpleData>
		<SimpleData name="ID_GE_HIDR">315</SimpleData>
		<SimpleData name="NOMBRE">FLORIDA II</SimpleData>
		<SimpleData name="PROPIEDAD">SCM</SimpleData>
		<SimpleData name="TIPO">HIDRAULICA PASADA</SimpleData>
		<SimpleData name="COMBUSTIBL">NO APLICA</SimpleData>
		<SimpleData name="POTENCIAMW">19.125</SimpleData>
		<SimpleData name="UNIDADES">2</SimpleData>
		<SimpleData name="SIST_ELECT">SEN</SimpleData>
		<SimpleData name="ESTADO">OPERATIVA</SimpleData>
		<SimpleData name="F_OPERACIO">725846400000</SimpleData>
		<SimpleData name="COORD_ESTE">356531</SimpleData>
		<SimpleData name="COORD_NORT">6286936</SimpleData>
		<SimpleData name="HUSO">19 SUR</SimpleData>
		<SimpleData name="DATUM">WGS 1984</SimpleData>
		<SimpleData name="REGION">13</SimpleData>
		<SimpleData name="PROVINCIA">131</SimpleData>
		<SimpleData name="COMUNA">13110</SimpleData>
		<SimpleData name="FUENTE_BAS">CNE</SimpleData>
		<SimpleData name="FECH_CREA">1656547200000</SimpleData>
		<SimpleData name="FECH_ACT">1688083200000</SimpleData>
	</SchemaData></ExtendedData>
      <Point><coordinates>-70.545353689,-33.547582114</coordinates></Point>
  </Placemark>
  <Placemark id="centrales_hidroelectricas.181">
	<name>FLORIDA III</name>
	<ExtendedData><SchemaData schemaUrl="#centrales_hidroelectricas">
		<SimpleData name="OBJECTID">181</SimpleData>
		<SimpleData name="ID_GE_HIDR">316</SimpleData>
		<SimpleData name="NOMBRE">FLORIDA III</SimpleData>
		<SimpleData name="PROPIEDAD">SCM</SimpleData>
		<SimpleData name="TIPO">HIDRAULICA PASADA</SimpleData>
		<SimpleData name="MEDIO_GENE">PMG</SimpleData>
		<SimpleData name="COMBUSTIBL">NO APLICA</SimpleData>
		<SimpleData name="POTENCIAMW">2.4945</SimpleData>
		<SimpleData name="UNIDADES">2</SimpleData>
		<SimpleData name="SIST_ELECT">SEN</SimpleData>
		<SimpleData name="ESTADO">OPERATIVA</SimpleData>
		<SimpleData name="F_OPERACIO">915148800000</SimpleData>
		<SimpleData name="COORD_ESTE">356755</SimpleData>
		<SimpleData name="COORD_NORT">6286901</SimpleData>
		<SimpleData name="HUSO">19 SUR</SimpleData>
		<SimpleData name="DATUM">WGS 1984</SimpleData>
		<SimpleData name="REGION">13</SimpleData>
		<SimpleData name="PROVINCIA">131</SimpleData>
		<SimpleData name="COMUNA">13110</SimpleData>
		<SimpleData name="FUENTE_BAS">CNE</SimpleData>
		<SimpleData name="FECH_CREA">1656547200000</SimpleData>
		<SimpleData name="FECH_ACT">1688083200000</SimpleData>
	</SchemaData></ExtendedData>
      <Point><coordinates>-70.5429472829999,-33.547927772</coordinates></Point>
  </Placemark>
  <Placemark id="centrales_hidroelectricas.182">
	<name>NUEVO REINO</name>
	<ExtendedData><SchemaData schemaUrl="#centrales_hidroelectricas">
		<SimpleData name="OBJECTID">182</SimpleData>
		<SimpleData name="ID_GE_HIDR">317</SimpleData>
		<SimpleData name="NOMBRE">NUEVO REINO</SimpleData>
		<SimpleData name="PROPIEDAD">EDELAYSEN</SimpleData>
		<SimpleData name="TIPO">HIDRAULICA PASADA</SimpleData>
		<SimpleData name="COMBUSTIBL">NO APLICA</SimpleData>
		<SimpleData name="POTENCIAMW">0.3</SimpleData>
		<SimpleData name="UNIDADES">2</SimpleData>
		<SimpleData name="SIST_ELECT">SEA</SimpleData>
		<SimpleData name="ESTADO">OPERATIVA</SimpleData>
		<SimpleData name="F_OPERACIO">536457600000</SimpleData>
		<SimpleData name="COORD_ESTE">208629</SimpleData>
		<SimpleData name="COORD_NORT">5041281</SimpleData>
		<SimpleData name="HUSO">19 SUR</SimpleData>
		<SimpleData name="DATUM">WGS 1984</SimpleData>
		<SimpleData name="REGION">11</SimpleData>
		<SimpleData name="PROVINCIA">112</SimpleData>
		<SimpleData name="COMUNA">11202</SimpleData>
		<SimpleData name="FUENTE_BAS">CNE</SimpleData>
		<SimpleData name="FECH_CREA">1672444800000</SimpleData>
		<SimpleData name="FECH_ACT">1688083200000</SimpleData>
	</SchemaData></ExtendedData>
      <Point><coordinates>-72.679144819,-44.722564612</coordinates></Point>
  </Placemark>
</Folder>
</Document></kml>
