<?xml version="1.0" encoding="utf-8" ?>
<kml xmlns="http://www.opengis.net/kml/2.2">
<Document id="root_doc">
<Schema name="lineas_sea" id="lineas_sea">
	<SimpleField name="OBJECTID_1" type="string"></SimpleField>
	<SimpleField name="gml_id" type="string"></SimpleField>
	<SimpleField name="objectid" type="string"></SimpleField>
	<SimpleField name="nombre" type="string"></SimpleField>
	<SimpleField name="tramo" type="string"></SimpleField>
	<SimpleField name="propiedad" type="string"></SimpleField>
	<SimpleField name="voltaje_kv" type="string"></SimpleField>
	<SimpleField name="tipo" type="string"></SimpleField>
	<SimpleField name="fecha_oper" type="string"></SimpleField>
	<SimpleField name="estado" type="string"></SimpleField>
	<SimpleField name="sist_elec" type="string"></SimpleField>
	<SimpleField name="fuent_base" type="string"></SimpleField>
	<SimpleField name="f_fbase" type="string"></SimpleField>
	<SimpleField name="f_f_actual" type="string"></SimpleField>
	<SimpleField name="fe_co_rev" type="string"></SimpleField>
	<SimpleField name="shape_leng" type="float"></SimpleField>
	<SimpleField name="Shape_Le_1" type="float"></SimpleField>
</Schema>
<Folder><name>lineas_sea</name>
  <Placemark id="lineas_sea.1">
	<name>TEHUELCHE-BAGUALES</name>
	<Style><LineStyle><color>ff0000ff</color></LineStyle><PolyStyle><fill>0</fill></PolyStyle></Style>
	<ExtendedData><SchemaData schemaUrl="#lineas_sea">
		<SimpleData name="OBJECTID_1">1</SimpleData>
		<SimpleData name="gml_id">lt_aysen_1e53e92a_60f0_49fb_ad34_479556b98cba.1</SimpleData>
		<SimpleData name="objectid">1</SimpleData>
		<SimpleData name="nombre">TEHUELCHE-BAGUALES</SimpleData>
		<SimpleData name="tramo">TEHUELCHE-BAGUALES</SimpleData>
		<SimpleData name="propiedad">EDELAYSEN</SimpleData>
		<SimpleData name="voltaje_kv">23</SimpleData>
		<SimpleData name="tipo">SubtransmisiGn</SimpleData>
		<SimpleData name="fecha_oper">Sin Informacion</SimpleData>
		<SimpleData name="estado">En Operacian</SimpleData>
		<SimpleData name="sist_elec">AysOn</SimpleData>
		<SimpleData name="fuent_base">Edelaysen</SimpleData>
		<SimpleData name="f_fbase">Abril 2011</SimpleData>
		<SimpleData name="f_f_actual">2013-06-02</SimpleData>
		<SimpleData name="fe_co_rev">29-11-2013</SimpleData>
		<SimpleData name="shape_leng">6122.87756298</SimpleData>
		<SimpleData name="Shape_Le_1">0.063303034480952</SimpleData>
	</SchemaData></ExtendedData>
      <LineString><coordinates>-72.1051546049999,-45.6282787279999 -72.105900199,-45.627842917 -72.105899458,-45.62775766 -72.1052358809999,-45.62731609 -72.10343161,-45.626349634 -72.102546162,-45.6260295989999 -72.102987819,-45.625447568 -72.103403993,-45.6248968429999 -72.103843105,-45.624319065 -72.1042840169999,-45.623740971 -72.104717329,-45.623173304 -72.10515442,-45.622599341 -72.105596911,-45.6220149819999 -72.1059749569999,-45.6214189959999 -72.1061431529999,-45.620910126 -72.10623385,-45.620463919 -72.10636078,-45.6198819959999 -72.1059888839999,-45.6191729399999 -72.105613932,-45.618456153 -72.105264055,-45.6177781659999 -72.104830345,-45.6170744679999 -72.10376587,-45.615870345 -72.1031259809999,-45.615188592 -72.10249626,-45.6145163639999 -72.10186401,-45.6138437079999 -72.101225238,-45.613170973 -72.100729717,-45.612640394 -72.1002370429999,-45.6121219469999 -72.0992360979999,-45.6110746579999 -72.098590357,-45.6104014599999 -72.097941265,-45.6097314149999 -72.09730419,-45.609062391 -72.0966498239999,-45.608385723 -72.096006089,-45.607714631 -72.0954300719999,-45.6071032249999 -72.094692266,-45.606238016 -72.093688039,-45.605181234 -72.092563005,-45.6044825669999 -72.092246309,-45.604271081 -72.091884821,-45.604018222 -72.09123794,-45.603578523 -72.090565785,-45.603121975 -72.089934671,-45.602640637 -72.0894279089999,-45.602031235 -72.089040692,-45.601403908 -72.088150239,-45.600164201 -72.087627297,-45.599429716 -72.086846141,-45.598355972 -72.085998703,-45.597213384 -72.085430848,-45.5964484899999 -72.0837570099999,-45.5951947739999 -72.0832880729999,-45.594605121 -72.08285309,-45.5940481979999 -72.082397209,-45.593451855 -72.0819300059999,-45.5928614319999 -72.0814808069999,-45.592284967 -72.081030318,-45.591703879 -72.080528823,-45.591060817 -72.0801498289999,-45.59067606 -72.079424306,-45.5897456289999 -72.078646781,-45.5887456359999 -72.0782578079999,-45.5882252439999 -72.077925503,-45.587507296 -72.077824897,-45.5870649409999 -72.077728899,-45.586632605 -72.077654523,-45.586450414 -72.077835944,-45.5864645999999 -72.07858615,-45.586286145 -72.0793590019999,-45.586118346 -72.0802555879999,-45.585912752 -72.08113273,-45.585703775 -72.081067493,-45.585093113 -72.0808549189999,-45.584629266 -72.0812453409999,-45.584489026 -72.082581208,-45.5836500079999</coordinates></LineString>
  </Placemark>
  <Placemark id="lineas_sea.2">
	<name>TEHUELCHE-BAGUALES</name>
	<Style><LineStyle><color>ff0000ff</color></LineStyle><PolyStyle><fill>0</fill></PolyStyle></Style>
	<ExtendedData><SchemaData schemaUrl="#lineas_sea">
		<SimpleData name="OBJECTID_1">2</SimpleData>
		<SimpleData name="gml_id">lt_aysen_1e53e92a_60f0_49fb_ad34_479556b98cba.2</SimpleData>
		<SimpleData name="objectid">2</SimpleData>
		<SimpleData name="nombre">TEHUELCHE-BAGUALES</SimpleData>
		<SimpleData name="tramo">TEHUELCHE-BAGUALES</SimpleData>
		<SimpleData name="propiedad">EDELAYSEN</SimpleData>
		<SimpleData name="voltaje_kv">23</SimpleData>
		<SimpleData name="tipo">SubtransmisiGn</SimpleData>
		<SimpleData name="fecha_oper">Sin Informacion</SimpleData>
		<SimpleData name="estado">En Operacian</SimpleData>
		<SimpleData name="sist_elec">AysOn</SimpleData>
		<SimpleData name="fuent_base">Edelaysen</SimpleData>
		<SimpleData name="f_fbase">Abril 2011</SimpleData>
		<SimpleData name="f_f_actual">2013-06-02</SimpleData>
		<SimpleData name="fe_co_rev">29-11-2013</SimpleData>
		<SimpleData name="shape_leng">5090.64825097</SimpleData>
		<SimpleData name="Shape_Le_1">0.05005413034174</SimpleData>
	</SchemaData></ExtendedData>
      <LineString><coordinates>-72.0866545769999,-45.5825171549999 -72.085826745,-45.581359221 -72.0851905219999,-45.580657655 -72.084508183,-45.5797578789999 -72.084415523,-45.5790152869999 -72.084340729,-45.578583588 -72.083478481,-45.577626826 -72.08342665,-45.576947471 -72.083369263,-45.5754996639999 -72.084414032,-45.573419085 -72.084034451,-45.5722826649999 -72.08363227,-45.5703309149999 -72.083313636,-45.568377246 -72.0828236199999,-45.5663482689999 -72.0826145939999,-45.5649535589999 -72.082315804,-45.563750792 -72.0817190389999,-45.5608034269999 -72.081351382,-45.5594442619999 -72.081191411,-45.5587284759999 -72.0810026629999,-45.557841117 -72.080940825,-45.557546019 -72.080811231,-45.556943878 -72.0806402159999,-45.556149682 -72.080244874,-45.5542898969999 -72.080054807,-45.553384052 -72.079857305,-45.552485756 -72.079657642,-45.551557611 -72.080415031,-45.551053318 -72.0812405189999,-45.5505003549999 -72.08203266,-45.549997299 -72.082965879,-45.549357249 -72.083895539,-45.548736004 -72.0848226909999,-45.548118286 -72.0862157139999,-45.5471936439999 -72.08713464,-45.546577949 -72.088053674,-45.545964678 -72.0888927679999,-45.5454082269999 -72.0898298229999,-45.54478262 -72.090805599,-45.544071496 -72.0917307299999,-45.5434551989999 -72.092271782,-45.5431574639999 -72.093195952,-45.542541763 -72.094025946,-45.542052999</coordinates></LineString>
  </Placemark>
  <Placemark id="lineas_sea.3">
	<name>TEHUELCHE-BAGUALES</name>
	<Style><LineStyle><color>ff0000ff</color></LineStyle><PolyStyle><fill>0</fill></PolyStyle></Style>
	<ExtendedData><SchemaData schemaUrl="#lineas_sea">
		<SimpleData name="OBJECTID_1">3</SimpleData>
		<SimpleData name="gml_id">lt_aysen_1e53e92a_60f0_49fb_ad34_479556b98cba.3</SimpleData>
		<SimpleData name="objectid">3</SimpleData>
		<SimpleData name="nombre">TEHUELCHE-BAGUALES</SimpleData>
		<SimpleData name="tramo">TEHUELCHE-BAGUALES</SimpleData>
		<SimpleData name="propiedad">EDELAYSEN</SimpleData>
		<SimpleData name="voltaje_kv">23</SimpleData>
		<SimpleData name="tipo">SubtransmisiGn</SimpleData>
		<SimpleData name="fecha_oper">Sin Informacion</SimpleData>
		<SimpleData name="estado">En Operacian</SimpleData>
		<SimpleData name="sist_elec">AysOn</SimpleData>
		<SimpleData name="fuent_base">Edelaysen</SimpleData>
		<SimpleData name="f_fbase">Abril 2011</SimpleData>
		<SimpleData name="f_f_actual">2013-06-02</SimpleData>
		<SimpleData name="fe_co_rev">29-11-2013</SimpleData>
		<SimpleData name="shape_leng">831.834389269</SimpleData>
		<SimpleData name="Shape_Le_1">0.009265314557406</SimpleData>
	</SchemaData></ExtendedData>
      <LineString><coordinates>-72.10318376,-45.535875641 -72.104087901,-45.5352711319999 -72.1046035809999,-45.5348636049999 -72.105752662,-45.5341573759999 -72.107119244,-45.53324765 -72.1085861729999,-45.532328207 -72.1108629779999,-45.5307006259999</coordinates></LineString>
  </Placemark>
  <Placemark id="lineas_sea.4">
	<name>MONREAL-TEHUELCHE</name>
	<Style><LineStyle><color>ff0000ff</color></LineStyle><PolyStyle><fill>0</fill></PolyStyle></Style>
	<ExtendedData><SchemaData schemaUrl="#lineas_sea">
		<SimpleData name="OBJECTID_1">4</SimpleData>
		<SimpleData name="gml_id">lt_aysen_1e53e92a_60f0_49fb_ad34_479556b98cba.4</SimpleData>
		<SimpleData name="objectid">4</SimpleData>
		<SimpleData name="nombre">MONREAL-TEHUELCHE</SimpleData>
		<SimpleData name="tramo">MONREAL-TEHUELCHE</SimpleData>
		<SimpleData name="propiedad">EDELAYSEN</SimpleData>
		<SimpleData name="voltaje_kv">23</SimpleData>
		<SimpleData name="tipo">SubtransmisiEn</SimpleData>
		<SimpleData name="fecha_oper">Sin Informacion</SimpleData>
		<SimpleData name="estado">En Operacian</SimpleData>
		<SimpleData name="sist_elec">AysOn</SimpleData>
		<SimpleData name="fuent_base">Edelaysen</SimpleData>
		<SimpleData name="f_fbase">Abril 2011</SimpleData>
		<SimpleData name="f_f_actual">2013-06-02</SimpleData>
		<SimpleData name="fe_co_rev">29-11-2013</SimpleData>
		<SimpleData name="shape_leng">17417.3676562</SimpleData>
		<SimpleData name="Shape_Le_1">0.176031623732676</SimpleData>
	</SchemaData></ExtendedData>
      <LineString><coordinates>-72.116438226,-45.7568664089999 -72.116023393,-45.756063878 -72.115692268,-45.7554261019999 -72.11504282,-45.7541694999999 -72.1151728729999,-45.753811683 -72.1143610199999,-45.753089479 -72.113769159,-45.752479669 -72.1129164289999,-45.751638424 -72.111983794,-45.7507291759999 -72.110929574,-45.749675355 -72.110329538,-45.748943901 -72.1097505229999,-45.7481094679999 -72.109152045,-45.747293713 -72.108548814,-45.7464259889999 -72.107971345,-45.745550184 -72.107369542,-45.74468537 -72.106782696,-45.743839924 -72.106208969,-45.743012087 -72.105618374,-45.7421726599999 -72.105017545,-45.741307767 -72.104406325,-45.740415517 -72.103789277,-45.739526895 -72.103478341,-45.739079687 -72.1030153149999,-45.7384120629999 -72.1025026739999,-45.736833217 -72.1024521419999,-45.7361879389999 -72.102370741,-45.735088608 -72.102303224,-45.7341407489999 -72.102267007,-45.7336460559999 -72.102199132,-45.732804485 -72.102098615,-45.731364444 -72.1020642029999,-45.730867185 -72.1019881509999,-45.729813712 -72.101905261,-45.7289544779999 -72.1014640609999,-45.7281575229999 -72.100622132,-45.727631838 -72.1002196119999,-45.727374007 -72.099439558,-45.726887329 -72.0986770219999,-45.7264099999999 -72.097640295,-45.725765844 -72.096565035,-45.7251267299999 -72.095174084,-45.7242616679999 -72.094641748,-45.723886385 -72.093188863,-45.723230337 -72.092622257,-45.7228695649999 -72.0920610869999,-45.722510637 -72.0915254349999,-45.721962354 -72.089660173,-45.7208484229999 -72.0886521209999,-45.720165763 -72.087598237,-45.7195050559999 -72.086910904,-45.7190605289999 -72.0862152289999,-45.718633336 -72.085540172,-45.718217555 -72.085016316,-45.717896449 -72.084608987,-45.7176176479999 -72.084166631,-45.7173404709999 -72.083744381,-45.717076947 -72.083315259,-45.716804876 -72.0828763,-45.716524361 -72.082480518,-45.71627096 -72.082034581,-45.7159815329999 -72.081604668,-45.715705203 -72.0811589849999,-45.715452952 -72.080719014,-45.715199675 -72.0802924659999,-45.71495763 -72.0798258249999,-45.714693585 -72.0793825219999,-45.7144428289999 -72.0789283409999,-45.71418639 -72.078470298,-45.713927692 -72.078043833,-45.71368933 -72.077595091,-45.713424925 -72.076236379,-45.712657212 -72.076096736,-45.712356615 -72.075920453,-45.712095851 -72.0755347309999,-45.7115204579999 -72.0749703339999,-45.710671368 -72.073775446,-45.708903979 -72.07318738,-45.7080171009999 -72.072817823,-45.7074653349999 -72.072213542,-45.706557424 -72.071085948,-45.704882098 -72.070410549,-45.704632911 -72.0694163599999,-45.704328823 -72.068413304,-45.704027469 -72.067483119,-45.703747779 -72.0663986069999,-45.703434773 -72.0645665919999,-45.702872032 -72.064171664,-45.702755307 -72.0630639299999,-45.701523246 -72.06293556,-45.7005631719999 -72.0628076639999,-45.699518143 -72.062687212,-45.698588516 -72.06254668,-45.697488167 -72.062456665,-45.696847974 -72.062349329,-45.6960358699999 -72.0622406859999,-45.695278188 -72.062069961,-45.69413908 -72.061891111,-45.6929272159999 -72.061785501,-45.692227034 -72.06164432,-45.69128418 -72.061507127,-45.69035844 -72.061411998,-45.6892207339999 -72.062127435,-45.687895076 -72.062619279,-45.687108383 -72.0626001859999,-45.685300733 -72.062970999,-45.684919285 -72.0632163129999,-45.6844035569999 -72.063577392,-45.683638785 -72.063981639,-45.682785117 -72.064695973,-45.6811390789999 -72.065483318,-45.6804233349999 -72.066146381,-45.679765866 -72.066786076,-45.679088441 -72.067692075,-45.6782117389999 -72.069158859,-45.676797414 -72.0695827709999,-45.6758546729999 -72.070017336,-45.674911664 -72.0704944399999,-45.6738889169999 -72.070870386,-45.673079502 -72.0712616169999,-45.672225472 -72.071696125,-45.671282455 -72.0720574659999,-45.670508662 -72.072418796,-45.669734868 -72.0728973719999,-45.66870918 -72.0741315,-45.666933566 -72.074822924,-45.666012512 -72.075539734,-45.6650596119999 -72.075984164,-45.664413855 -72.0767385679999,-45.6634259959999 -72.077458737,-45.6621977469999 -72.077807123,-45.661413614 -72.078298472,-45.660111996 -72.079530877,-45.6592775739999 -72.07976335,-45.6584433039999 -72.079985896,-45.657560356 -72.080251357,-45.6565727459999 -72.080896987,-45.654666705 -72.081451648,-45.653662906 -72.081997234,-45.652862918 -72.082445794,-45.652193569 -72.083035625,-45.651321981 -72.0841754749999,-45.649645015 -72.0847204419999,-45.6488405869999 -72.085517787,-45.6476782519999 -72.0862552,-45.6465895379999 -72.086656585,-45.6459938529999 -72.0876772779999,-45.644484733 -72.089195752,-45.642362388 -72.089380919,-45.641186122 -72.089529923,-45.640509556 -72.089774628,-45.6393949329999 -72.0893707079999,-45.638550446 -72.088979975,-45.6377091749999 -72.090025741,-45.6371433209999 -72.090817841,-45.636713473 -72.091276544,-45.636462971 -72.0923165039999,-45.635874534 -72.0942747,-45.6349487159999 -72.0953741389999,-45.6344618539999 -72.096157369,-45.6338272469999 -72.096406486,-45.6335425 -72.097285423,-45.6323934069999 -72.097716253,-45.631826872 -72.0982319949999,-45.631158628 -72.09956768,-45.629423297 -72.0998695659999,-45.629045016 -72.100180993,-45.6286309719999 -72.100584377,-45.6281103539999 -72.100948563,-45.627650665 -72.101404165,-45.627035153 -72.101950344,-45.62632968 -72.102666964,-45.6264906229999 -72.103009528,-45.626564302 -72.103383271,-45.626645343 -72.103723444,-45.6267230999999 -72.104108463,-45.6268118949999 -72.104309556,-45.6268876509999 -72.104736588,-45.627132052 -72.1050403959999,-45.6273306639999 -72.1055043809999,-45.627692109 -72.105257966,-45.6278884669999</coordinates></LineString>
  </Placemark>
  <Placemark id="lineas_sea.5">
	<name>AYSaN-CHACABUCO</name>
	<Style><LineStyle><color>ff0000ff</color></LineStyle><PolyStyle><fill>0</fill></PolyStyle></Style>
	<ExtendedData><SchemaData schemaUrl="#lineas_sea">
		<SimpleData name="OBJECTID_1">5</SimpleData>
		<SimpleData name="gml_id">lt_aysen_1e53e92a_60f0_49fb_ad34_479556b98cba.14</SimpleData>
		<SimpleData name="objectid">14</SimpleData>
		<SimpleData name="nombre">AYSaN-CHACABUCO</SimpleData>
		<SimpleData name="tramo">AYSaN-CHACABUCO</SimpleData>
		<SimpleData name="propiedad">EDELAYSEN</SimpleData>
		<SimpleData name="voltaje_kv">33</SimpleData>
		<SimpleData name="tipo">SubtransmisiUn</SimpleData>
		<SimpleData name="fecha_oper">Sin Informacion</SimpleData>
		<SimpleData name="estado">En Operacian</SimpleData>
		<SimpleData name="sist_elec">AysOn</SimpleData>
		<SimpleData name="fuent_base">Edelaysen</SimpleData>
		<SimpleData name="f_fbase">Abril 2011</SimpleData>
		<SimpleData name="f_f_actual">2013-06-02</SimpleData>
		<SimpleData name="fe_co_rev">29-11-2013</SimpleData>
		<SimpleData name="shape_leng">9553.13432122</SimpleData>
		<SimpleData name="Shape_Le_1">0.09988424017319</SimpleData>
	</SchemaData></ExtendedData>
      <LineString><coordinates>-72.751669638,-45.4387089429999 -72.751319005,-45.4387329109999 -72.751514501,-45.4383048079999 -72.751686591,-45.437928267 -72.75185594,-45.437556355 -72.752022686,-45.4371919509999 -72.7524414109999,-45.4362226059999 -72.754656855,-45.436246124 -72.7551220939999,-45.4355177379999 -72.752977834,-45.435608321 -72.7518728809999,-45.435665598 -72.750551172,-45.43578529 -72.7483015079999,-45.435957237 -72.74703432,-45.4360301689999 -72.7457620129999,-45.436103166 -72.7444822149999,-45.4361747409999 -72.743199316,-45.436288723 -72.741053082,-45.4361809329999 -72.7386713889999,-45.4355189349999 -72.737471666,-45.435205787 -72.7362722249999,-45.434898753 -72.7350934199999,-45.434590676 -72.733883264,-45.434277284 -72.732660389,-45.4340072809999 -72.7313193799999,-45.43375688 -72.7305109439999,-45.4336346919999 -72.7297236639999,-45.4335142689999 -72.7285153879999,-45.433308239 -72.727794235,-45.4325662539999 -72.7264517089999,-45.431056538 -72.7257104239999,-45.4302219699999 -72.725038245,-45.4294624029999 -72.724349509,-45.42869539 -72.723683406,-45.427947726 -72.723129291,-45.427327405 -72.722581965,-45.426726028 -72.7220293669999,-45.4260939399999 -72.721428405,-45.4255013879999 -72.721003573,-45.424023507 -72.720770981,-45.42330176 -72.7205302089999,-45.42258651 -72.720274226,-45.421792017 -72.719981848,-45.4210921169999 -72.719947509,-45.4196246389999 -72.71990706,-45.418908797 -72.719855873,-45.4181867099999 -72.7198141659999,-45.4174640919999 -72.7197715409999,-45.4167388449999 -72.71973296,-45.4160369919999 -72.719618801,-45.415076111 -72.72066229,-45.4137107139999 -72.721230872,-45.412913148 -72.72181792,-45.412097767 -72.7224097879999,-45.411276448 -72.722821913,-45.410599517 -72.72298516,-45.410451827 -72.724197464,-45.406785519 -72.7241232659999,-45.4064059099999 -72.723894329,-45.4063570609999 -72.7232267749999,-45.406093886 -72.722548167,-45.4058451559999 -72.721874564,-45.405586531 -72.721200371,-45.40532681 -72.721023469,-45.405255143 -72.720865299,-45.405165756 -72.720703746,-45.405077831 -72.72009736,-45.4047496109999 -72.719498379,-45.404412173 -72.718912566,-45.4040684249999 -72.718314734,-45.403725063 -72.717814856,-45.403433793 -72.717295394,-45.403134027 -72.717110157,-45.4030316729999 -72.71700501,-45.4028982459999 -72.7169399489999,-45.40275302 -72.7169133199999,-45.4025989319999 -72.7168604029999,-45.40209841 -72.7168080019999,-45.401594658 -72.716757592,-45.4010795149999 -72.716936246,-45.401018461 -72.7174758469999,-45.4008336599999 -72.717816345,-45.400760808 -72.717694146,-45.3992680759999 -72.7176843569999,-45.3985341219999 -72.71783571,-45.39706009 -72.717894977,-45.3963561379999 -72.7179184199999,-45.395437699 -72.717465534,-45.394463652 -72.7163253909999,-45.392851551 -72.715754406,-45.392060823 -72.715138961,-45.3912261789999 -72.714545976,-45.3904274449999 -72.713953391,-45.389612874 -72.7134932499999,-45.388951269 -72.713023108,-45.3883890119999 -72.713036862,-45.3864998029999 -72.7130302849999,-45.385602094 -72.71302051,-45.384698199 -72.713009461,-45.383772047 -72.712993549,-45.382865059 -72.7129812159999,-45.38220504 -72.713054953,-45.381630903 -72.712974269,-45.380686344 -72.710858737,-45.378628264</coordinates></LineString>
  </Placemark>
  <Placemark id="lineas_sea.6">
	<name>EL TRARO-CHILE CHICO</name>
	<Style><LineStyle><color>ff0000ff</color></LineStyle><PolyStyle><fill>0</fill></PolyStyle></Style>
	<ExtendedData><SchemaData schemaUrl="#lineas_sea">
		<SimpleData name="OBJECTID_1">6</SimpleData>
		<SimpleData name="gml_id">lt_aysen_1e53e92a_60f0_49fb_ad34_479556b98cba.15</SimpleData>
		<SimpleData name="objectid">15</SimpleData>
		<SimpleData name="nombre">EL TRARO-CHILE CHICO</SimpleData>
		<SimpleData name="tramo">EL TRARO-CHILE CHICO</SimpleData>
		<SimpleData name="propiedad">EDELAYSEN</SimpleData>
		<SimpleData name="voltaje_kv">23</SimpleData>
		<SimpleData name="tipo">SubtransmisiLn</SimpleData>
		<SimpleData name="fecha_oper">Sin Informacion</SimpleData>
		<SimpleData name="estado">En Operacian</SimpleData>
		<SimpleData name="sist_elec">AysOn</SimpleData>
		<SimpleData name="fuent_base">Edelaysen</SimpleData>
		<SimpleData name="f_fbase">Abril 2011</SimpleData>
		<SimpleData name="f_f_actual">2013-06-02</SimpleData>
		<SimpleData name="fe_co_rev">29-11-2013</SimpleData>
		<SimpleData name="shape_leng">156626.49366</SimpleData>
		<SimpleData name="Shape_Le_1">1.76393338129839</SimpleData>
	</SchemaData></ExtendedData>
      <LineString><coordinates>-72.624284675,-47.231348456 -72.624148259,-47.231110944 -72.6237324269999,-47.23002582 -72.6228360539999,-47.227159265 -72.622155177,-47.225105427 -72.62170672,-47.223540984 -72.6218596529999,-47.223252246 -72.62228835,-47.222465225 -72.622868771,-47.221404196 -72.623467648,-47.220313851 -72.623705055,-47.219878208 -72.62439454,-47.218621464 -72.624724871,-47.2180360309999 -72.625539449,-47.216544133 -72.6257433229999,-47.2161754599999 -72.626382409,-47.215018894 -72.6274069259999,-47.2131351259999 -72.628185232,-47.2117157059999 -72.628749252,-47.21068823 -72.629229988,-47.209825232 -72.629708893,-47.2089466259999 -72.62941068,-47.208286887 -72.6290567039999,-47.207497852 -72.628726294,-47.206746198 -72.628331201,-47.205887651 -72.62802748,-47.205192339 -72.627431961,-47.2038515409999 -72.6265893089999,-47.2020163669999 -72.626308619,-47.201418352 -72.626019108,-47.200701551 -72.625521733,-47.1996103289999 -72.6250402909999,-47.198523483 -72.624639325,-47.197618727 -72.624150771,-47.1965647559999 -72.623799638,-47.1957656829999 -72.623236635,-47.194552686 -72.6229145299999,-47.193801816 -72.622464684,-47.192816669 -72.621953801,-47.191611407 -72.621382437,-47.190312649 -72.620985941,-47.189508396 -72.620526207,-47.1883946249999 -72.6201896379999,-47.187706076 -72.620163866,-47.186165968 -72.620173467,-47.185620672 -72.620230071,-47.18495991 -72.620232839,-47.184071445 -72.6202211899999,-47.183496551 -72.620246422,-47.182808232 -72.6202510109999,-47.1813269749999 -72.620261704,-47.180278858 -72.620262001,-47.179212347 -72.619914178,-47.178378326 -72.619647006,-47.177768514 -72.6191024239999,-47.176695535 -72.61863174,-47.1755789159999 -72.6181079689999,-47.174434015 -72.6176699439999,-47.1734642989999 -72.617001033,-47.1719808139999 -72.616597321,-47.171120961 -72.615489047,-47.168794866 -72.615005337,-47.1676156899999 -72.614562381,-47.166643608 -72.614075067,-47.165572246 -72.613658245,-47.164635979 -72.6132722849999,-47.1637827819999 -72.612825754,-47.1627975709999 -72.612516011,-47.1621136049999 -72.6118722309999,-47.1606995389999 -72.6116031729999,-47.1601032569999 -72.611400927,-47.159658914 -72.611374181,-47.159069664 -72.611329578,-47.157819451 -72.6112942519999,-47.156606595 -72.611245571,-47.155247323 -72.61120062,-47.1542991859999 -72.61117383,-47.153193141 -72.611151267,-47.152566545 -72.6110929979999,-47.151250535 -72.611064934,-47.150449518 -72.611034203,-47.1495814949999 -72.6109922809999,-47.1484158339999 -72.61095763,-47.1472821789999 -72.6109393,-47.146737736 -72.610915513,-47.1460708889999 -72.610870502,-47.1450448219999 -72.610831887,-47.1439996299999 -72.610789541,-47.142814071 -72.610761295,-47.142067222 -72.610714276,-47.1407623329999 -72.610678094,-47.1396953239999 -72.610658165,-47.1391454499999 -72.610544121,-47.136643866 -72.6105307459999,-47.1355947009999 -72.610437369,-47.133708968 -72.610350974,-47.130567162 -72.6103275419999,-47.1298718849999 -72.61028831,-47.1288377459999 -72.610260846,-47.127808801 -72.610235178,-47.127089901 -72.6101931859999,-47.1259585179999 -72.610159346,-47.125033646 -72.6101273209999,-47.124147685 -72.610096163,-47.123313035 -72.610049864,-47.12206008 -72.611158508,-47.12137655 -72.611646369,-47.1210864399999 -72.6136219809999,-47.119870788 -72.6145708189999,-47.119286029 -72.617525711,-47.1173928589999 -72.6192463949999,-47.1164188179999 -72.62101453,-47.116466282 -72.622447802,-47.1165027129999 -72.62360474,-47.116531052 -72.6263517629999,-47.1165972169999 -72.6283091189999,-47.11664669 -72.6296361409999,-47.1166803799999 -72.6316212799999,-47.116730732 -72.632398786,-47.116751313 -72.633622733,-47.117614036 -72.634328565,-47.1181126619999 -72.635597644,-47.11901733 -72.6369171759999,-47.1199387729999 -72.638213681,-47.120854236 -72.639185476,-47.121076569 -72.640728962,-47.1214201 -72.641684939,-47.121633897 -72.6431900379999,-47.1219696749999 -72.645653048,-47.1224527369999 -72.648842649,-47.1232233269999 -72.649700998,-47.123416156 -72.651957806,-47.1239200429999 -72.6536526639999,-47.1242968289999 -72.654256215,-47.1244322979999 -72.656347032,-47.124905073 -72.657597344,-47.125408579 -72.659176868,-47.126050994 -72.660487304,-47.126585753 -72.662299269,-47.127326189 -72.663491353,-47.127813053 -72.664730785,-47.1283181489999 -72.6660047129999,-47.128836983 -72.669108738,-47.1301055869999 -72.6702314199999,-47.130563072 -72.6721371529999,-47.131336485 -72.6727936309999,-47.131355769 -72.673690114,-47.1313776769999 -72.678046157,-47.1314944449999 -72.67858096,-47.13149494 -72.679903684,-47.1315395679999 -72.682890142,-47.1315556829999 -72.687352704,-47.1316585939999 -72.688202523,-47.131747295 -72.6902544989999,-47.1316842329999 -72.691301628,-47.131647131 -72.692887105,-47.1315955819999 -72.6945468719999,-47.131539657 -72.695447783,-47.1315142399999 -72.696354615,-47.1314799369999 -72.6971381819999,-47.131454215 -72.6978029539999,-47.1314313199999 -72.698514652,-47.1314117909999 -72.6992246419999,-47.1313890769999 -72.6999148369999,-47.131369739 -72.700558372,-47.13134694 -72.701707469,-47.131305491 -72.703153748,-47.1312554159999 -72.704477203,-47.131206817 -72.705290024,-47.131187476 -72.706188117,-47.131159849 -72.707538814,-47.1311092409999 -72.7091463419999,-47.131050079 -72.709991053,-47.131021894 -72.710721779,-47.130995023 -72.711608709,-47.13096623 -72.71254941,-47.130938054 -72.714116463,-47.1308907919999 -72.7193051249999,-47.1306493449999 -72.7212277519999,-47.130646051 -72.722923011,-47.130588173 -72.724347237,-47.1303154829999 -72.724844568,-47.1302204419999 -72.7267520469999,-47.1298482609999 -72.727705395,-47.129661835 -72.728740758,-47.1294597529999 -72.732188014,-47.128795054 -72.734911696,-47.1282705359999 -72.735694747,-47.1281187389999 -72.7372087689999,-47.1278272389999 -72.7393556979999,-47.127400909 -72.741197526,-47.1270454579999 -72.742051772,-47.126886654 -72.744550265,-47.1266379539999 -72.745666473,-47.126535304 -72.746673446,-47.1264310349999 -72.748930043,-47.126214642 -72.7505666,-47.1260564849999 -72.751456049,-47.125971642 -72.7526144139999,-47.1258629129999 -72.756713939,-47.1246516419999 -72.758379062,-47.1240536289999 -72.760721771,-47.1231140309999 -72.761056611,-47.1229796599999 -72.7627675649999,-47.1222954629999 -72.764243365,-47.121703655 -72.765058201,-47.121389853 -72.765983917,-47.121018998 -72.768060014,-47.1201843699999 -72.769325582,-47.119677124 -72.770379626,-47.1192497919999 -72.773091613,-47.118169735 -72.773665175,-47.1179363049999 -72.775057848,-47.1170053829999 -72.775179881,-47.115795458 -72.7752544699999,-47.114996119 -72.775427873,-47.113220908 -72.775499355,-47.112369406 -72.775594692,-47.111445209 -72.7756711819999,-47.1106726309999 -72.775764543,-47.109703942 -72.77585327,-47.1087451509999 -72.7759145759999,-47.108077383 -72.7760179369999,-47.1070139509999 -72.776133817,-47.1058587059999 -72.7762230449999,-47.104824244 -72.776317741,-47.103800779 -72.776401444,-47.102844948 -72.776512251,-47.101785709 -72.776629924,-47.1006184399999 -72.7767242479999,-47.0995528509999 -72.776791254,-47.098908949 -72.776957383,-47.097080768 -72.777045903,-47.0961257499999 -72.777129889,-47.0952098769999 -72.7772290949999,-47.0941657079999 -72.7772921819999,-47.0935175 -72.7773492219999,-47.0929448529999 -72.77747658,-47.0915279659999 -72.7775429439999,-47.0909369619999 -72.777632576,-47.0899007949999 -72.77772441,-47.088963567 -72.777793859,-47.088234943 -72.777887462,-47.0872676939999 -72.777942901,-47.086647682 -72.7779764439999,-47.0862720979999 -72.778080277,-47.0851252529999 -72.7781569919999,-47.0843293689999 -72.7796413149999,-47.0833093699999 -72.781047648,-47.0823356239999 -72.7822968999999,-47.081476069 -72.782948236,-47.081024532 -72.783694305,-47.0805087759999 -72.784248882,-47.080124918 -72.784956709,-47.07963496 -72.785936406,-47.078957593 -72.786891392,-47.078300616 -72.787879916,-47.0776156639999 -72.7887360079999,-47.077007695 -72.7897089539999,-47.076341503 -72.790621657,-47.075714095 -72.791463224,-47.075115003 -72.792094624,-47.0746862459999 -72.794321485,-47.0731508929999 -72.795183513,-47.072555047 -72.796183414,-47.0718700629999 -72.797074794,-47.0712481309999 -72.7980413659999,-47.0705812969999 -72.798795572,-47.0700622689999 -72.7995501939999,-47.069168088 -72.8000245819999,-47.068582932 -72.800950381,-47.0675221349999 -72.802592427,-47.0660902989999 -72.803486553,-47.065467831 -72.8041366259999,-47.064425475 -72.80444102,-47.063577787 -72.80675636,-47.062844232 -72.807466081,-47.0626761419999 -72.807678412,-47.0618914729999 -72.807829064,-47.061313403 -72.808150186,-47.060126505 -72.80850345,-47.0595588799999 -72.809132728,-47.0585666709999 -72.8097446309999,-47.057602561 -72.8103909229999,-47.0565827739999 -72.810854202,-47.0560541409999 -72.811457866,-47.055376743 -72.813061191,-47.053874095 -72.814086445,-47.0529184869999 -72.814704913,-47.052173324 -72.815446416,-47.051300473 -72.816034508,-47.05071787 -72.817447649,-47.0493200559999 -72.819236389,-47.047449118 -72.820224103,-47.046326623 -72.8209304279999,-47.0455277569999 -72.821160624,-47.0452640669999 -72.821577378,-47.044796237 -72.822130978,-47.044155264 -72.822538943,-47.043450236 -72.822906301,-47.042843422 -72.8230636929999,-47.042576184 -72.823573525,-47.04172542 -72.82433702,-47.0408029869999 -72.824835443,-47.0401120889999 -72.825501313,-47.0391550369999 -72.825922861,-47.0385639089999 -72.826694042,-47.037505187 -72.8260334,-47.036633895 -72.8257093079999,-47.03619742 -72.82528916,-47.035637279 -72.8247889529999,-47.0349616 -72.8244438249999,-47.0344570519999 -72.823322364,-47.032954003 -72.8223001279999,-47.0315659459999 -72.8217100909999,-47.0307515819999 -72.8203483029999,-47.028887401 -72.819113465,-47.0272397909999 -72.8175901929999,-47.0268617 -72.8164610009999,-47.0265792019999 -72.8159100889999,-47.026476815 -72.813912328,-47.025995313 -72.811611273,-47.0254332879999 -72.811298815,-47.025325 -72.811022914,-47.0252560129999 -72.8099806389999,-47.025005799 -72.809261524,-47.023965733 -72.808206312,-47.022435005 -72.8079298869999,-47.0220418649999 -72.80749623,-47.021410666 -72.806972823,-47.0206610339999 -72.8058524369999,-47.019548555 -72.8050347019999,-47.01872245 -72.804214625,-47.01792518 -72.8038341069999,-47.0169594229999 -72.803416937,-47.015973344 -72.802894199,-47.014706635 -72.8025965739999,-47.013975893 -72.802240619,-47.0130445259999 -72.801907795,-47.0122390459999 -72.80171294,-47.0117520709999 -72.801304683,-47.0107109909999 -72.800889323,-47.0096862419999 -72.800939232,-47.009105161 -72.801002793,-47.008451091 -72.801092817,-47.007527298 -72.801205055,-47.0063731119999 -72.8013055329999,-47.005261714 -72.801385802,-47.004309296 -72.8014823779999,-47.003283132 -72.8015364829999,-47.0026988 -72.8015874179999,-47.002198097 -72.801665187,-47.0013735919999 -72.8009549129999,-47.00062295 -72.799968098,-46.999579475 -72.799209737,-46.998777414 -72.798371123,-46.9978931749999 -72.797712879,-46.997200473 -72.797172543,-46.996628282 -72.796915031,-46.9951628229999 -72.79684804,-46.9947800749999 -72.796741203,-46.994141354 -72.796663011,-46.993749572 -72.796569779,-46.993231066 -72.79648642,-46.9927667439999 -72.796399933,-46.992288953 -72.796306203,-46.99176027 -72.7961265549999,-46.9907656839999 -72.795957464,-46.989776789 -72.795609316,-46.9878881669999 -72.795445117,-46.986969377 -72.795289791,-46.986055527 -72.795134277,-46.985178387 -72.794950918,-46.984134324 -72.7947723459999,-46.9831594629999 -72.794641099,-46.982424701 -72.794821256,-46.981436684 -72.7949634729999,-46.980661207 -72.7951499869999,-46.9798539179999 -72.795417903,-46.97863695 -72.795598248,-46.977944185 -72.795770347,-46.977215266 -72.796228598,-46.97526604 -72.796302273,-46.974887348 -72.795612241,-46.973775845 -72.7951509599999,-46.973048854 -72.794514826,-46.972028101 -72.794263733,-46.971494131 -72.793810403,-46.970731293 -72.7940905739999,-46.9699636939999 -72.794487066,-46.968895886 -72.7949501369999,-46.9676630609999 -72.7951331629999,-46.966702813 -72.795233228,-46.966174439 -72.795548539,-46.9645378669999 -72.7956151179999,-46.964184415 -72.795859282,-46.9629159639999 -72.795932615,-46.9625227769999 -72.795849097,-46.961669878 -72.795781274,-46.960930939 -72.7956890359999,-46.9598969049999 -72.795612332,-46.959092642 -72.79554021,-46.958330491 -72.7954238139999,-46.95708488 -72.795348377,-46.956336343 -72.79525248,-46.955334095 -72.795204154,-46.954827789 -72.795112703,-46.953867831 -72.795033917,-46.9531081599999 -72.794957874,-46.952320196 -72.7942070519999,-46.9515216579999 -72.793361036,-46.950632191 -72.79209953,-46.949314548 -72.791542394,-46.9485981079999 -72.7911188699999,-46.948093468 -72.790127645,-46.946954515 -72.789702952,-46.9464533559999 -72.7894438009999,-46.944986217 -72.789321731,-46.9441566839999 -72.789196525,-46.9434193279999 -72.7889671729999,-46.942189523 -72.788862738,-46.9415062909999 -72.788772342,-46.9409767619999 -72.789495497,-46.939796492 -72.7898738759999,-46.939193678 -72.7905800519999,-46.9380480789999 -72.7913933899999,-46.936730326 -72.793223545,-46.9336447319999 -72.793337215,-46.9324802199999 -72.7933619679999,-46.931564522 -72.7933968569999,-46.9301303239999 -72.7934158899999,-46.9294560449999 -72.793445592,-46.928470971 -72.793474284,-46.927465629 -72.7935002679999,-46.926516568 -72.793526761,-46.925782141 -72.7935604479999,-46.9244792119999 -72.793597899,-46.92313253 -72.7936455879999,-46.9218466999999 -72.79368046,-46.920722601 -72.7937013,-46.9195626859999 -72.793781606,-46.9188032869999 -72.793759789,-46.9178665319999 -72.794039723,-46.9173756399999 -72.793996049,-46.9167696219999 -72.793851645,-46.9161764209999 -72.7938462,-46.9151927359999 -72.793754254,-46.914297553 -72.793662519,-46.913215017 -72.7934673789999,-46.912217056 -72.7930236569999,-46.9115677779999 -72.7923554289999,-46.9108057299999 -72.7912749069999,-46.9096599279999 -72.790524725,-46.9088163769999 -72.789749904,-46.907905214 -72.7876268379999,-46.9052620639999 -72.787303457,-46.904783188 -72.78656806,-46.9038643059999 -72.784569351,-46.9030440729999 -72.784005059,-46.902810963 -72.7824012689999,-46.902155281 -72.780761204,-46.901491942 -72.780005564,-46.9013563399999 -72.778283367,-46.9010804869999 -72.775721924,-46.900612188 -72.774004955,-46.8984006109999 -72.7735704099999,-46.898019872 -72.772497686,-46.896856761 -72.771892628,-46.895253162 -72.770575579,-46.8943997879999 -72.7694320479999,-46.893614573 -72.768110586,-46.892742906 -72.767199788,-46.892105022 -72.766889325,-46.891697431 -72.7663465969999,-46.8910888579999 -72.765676153,-46.890208722 -72.7650549699999,-46.889416653 -72.764305553,-46.8885648409999 -72.76336114,-46.887260797 -72.7626352739999,-46.8863521119999 -72.761667867,-46.885438516 -72.7608904269999,-46.884657046 -72.759985785,-46.8837694109999 -72.7588021619999,-46.882619747 -72.7581255439999,-46.8819970829999 -72.7571694279999,-46.881433279 -72.7557557919999,-46.880634173 -72.754633171,-46.879998241 -72.7519473309999,-46.8786600029999 -72.750771545,-46.8781269259999 -72.750112148,-46.8775572869999 -72.749365056,-46.8769102379999 -72.748577197,-46.876240604 -72.7474937499999,-46.8753219929999 -72.746706558,-46.8746563189999 -72.7454382669999,-46.8743142129999 -72.743059479,-46.873667267 -72.7420582839999,-46.8733968929999 -72.740478233,-46.8728398929999 -72.7395852719999,-46.872186569 -72.738378645,-46.8713038619999 -72.7377508019999,-46.870834573 -72.7367916109999,-46.870132043 -72.735610815,-46.8692737549999 -72.7346340619999,-46.868556461 -72.733627075,-46.867828661 -72.732316662,-46.8668632929999 -72.731726024,-46.866435203 -72.730937436,-46.8656794899999 -72.730224412,-46.864983674 -72.729595261,-46.864383919 -72.728404929,-46.86323182 -72.727785668,-46.862638009 -72.7272408649999,-46.8621641 -72.726430078,-46.8614492209999 -72.725491386,-46.8606321739999 -72.7246363899999,-46.8598749179999 -72.723980384,-46.859295652 -72.72367865,-46.8590348879999 -72.722914843,-46.858362224 -72.7220894229999,-46.857636221 -72.7212823629999,-46.856929478 -72.720786943,-46.8564940479999 -72.720191668,-46.855972664 -72.718691345,-46.855235439 -72.717232595,-46.8545333979999 -72.716522351,-46.853683668 -72.7159498029999,-46.853002354 -72.715229601,-46.8521718539999 -72.714291433,-46.8510441679999 -72.713938152,-46.850627925 -72.713758349,-46.850414024 -72.7127606509999,-46.850785182 -72.712623298,-46.850402678 -72.7114242499999,-46.8500514959999 -72.710115575,-46.850215191 -72.7092678339999,-46.850310709 -72.7079750189999,-46.850452741 -72.707476175,-46.85050223 -72.706912458,-46.8505749839999 -72.706293054,-46.8506432 -72.705771267,-46.850701581 -72.704866667,-46.850798176 -72.7023170909999,-46.850488102 -72.701146727,-46.8503575949999 -72.6966161089999,-46.8498063549999 -72.696008607,-46.849139446 -72.695310523,-46.8482999939999 -72.6939635639999,-46.846634313 -72.693067749,-46.845522511 -72.6926455409999,-46.845011492 -72.692123684,-46.844362216 -72.691435785,-46.843541934 -72.690594394,-46.842472336 -72.690054845,-46.841817744 -72.6894305449999,-46.8409440189999 -72.6886728489999,-46.839912364 -72.688264939,-46.839357341 -72.688088395,-46.839107379 -72.687541155,-46.838294326 -72.6871341999999,-46.8378764629999 -72.6867075649999,-46.837419236 -72.685927647,-46.836675262 -72.685164852,-46.835954396 -72.6843253219999,-46.835142971 -72.683550704,-46.834420504 -72.682546246,-46.8334753299999 -72.6821478749999,-46.833085161 -72.681342791,-46.832325526 -72.680585385,-46.8316071679999 -72.6800790789999,-46.8311663869999 -72.6794049539999,-46.830777186 -72.678484493,-46.830195531 -72.677871255,-46.8293006379999 -72.677331024,-46.8287109419999 -72.675574399,-46.8268426079999 -72.6751181019999,-46.82632345 -72.674045596,-46.82514509 -72.673030489,-46.824946267 -72.672603378,-46.824851278 -72.671574963,-46.8246087049999 -72.668441144,-46.8249324729999 -72.667607006,-46.82549069 -72.666536,-46.825026817 -72.663997836,-46.8239086299999 -72.662240625,-46.823128964 -72.661031775,-46.822472161 -72.659890321,-46.8218580299999 -72.658958872,-46.8213534729999 -72.65659386,-46.820348993 -72.6551160349999,-46.8197215329999 -72.653918962,-46.819201413 -72.6526374759999,-46.818651469 -72.652239475,-46.818476999 -72.65045235,-46.8177208339999 -72.6499748639999,-46.817520606 -72.648856011,-46.8170397439999 -72.647303349,-46.8167044649999 -72.645511593,-46.81631241 -72.6430021479999,-46.815773887 -72.6416148439999,-46.815468844 -72.6401800249999,-46.8151446259999 -72.639035013,-46.814898994 -72.637354424,-46.8145334019999 -72.6354194319999,-46.814107903 -72.633642991,-46.8137202079999 -72.632320792,-46.8131498459999 -72.63079606,-46.8120047309999 -72.629151969,-46.811825875 -72.6279158999999,-46.8112930629999 -72.6269475559999,-46.8108901589999 -72.6259594269999,-46.8101778069999 -72.625123639,-46.8095901849999 -72.624088238,-46.8088451579999 -72.6230994379999,-46.808134837 -72.621829695,-46.807221586 -72.6211813099999,-46.8066631199999 -72.620008479,-46.8056550329999 -72.6192518889999,-46.805004222 -72.618705687,-46.8045458679999 -72.617254343,-46.803311837 -72.6165594559999,-46.8023100679999 -72.615567988,-46.800689543 -72.615200067,-46.799947005 -72.614637295,-46.7990324799999 -72.614070785,-46.798114004 -72.61355079,-46.797267139 -72.6130552499999,-46.7964602869999 -72.612582537,-46.7956856769999 -72.6120977049999,-46.794898033 -72.611550232,-46.79461708 -72.610234524,-46.7939423839999 -72.609297285,-46.793462496 -72.607486877,-46.793038764 -72.606920224,-46.7925914429999 -72.605504149,-46.791600253 -72.604057687,-46.7902794899999 -72.603310977,-46.789453565 -72.602553507,-46.7886138219999 -72.601175981,-46.7870925249999 -72.600431344,-46.786266175 -72.599670542,-46.785429581 -72.598920457,-46.7845941969999 -72.598145823,-46.783733905 -72.597384623,-46.7828931459999 -72.5969988369999,-46.782465864 -72.59639772,-46.7816671579999 -72.595730266,-46.7807905619999 -72.594953329,-46.77970198 -72.593167248,-46.7773349829999 -72.5925530069999,-46.77653931 -72.591300866,-46.774857015 -72.5904063579999,-46.7736595549999 -72.590023343,-46.773234464 -72.589358862,-46.7723574419999 -72.588702011,-46.771477158 -72.5880426099999,-46.7706075249999 -72.585564285,-46.771017618 -72.5842870279999,-46.7712277799999 -72.5829637739999,-46.7714470349999 -72.581159723,-46.77174439 -72.579622682,-46.771998771 -72.5782521419999,-46.77222012 -72.576742531,-46.772472614 -72.5752208339999,-46.772725641 -72.574114057,-46.7720897799999 -72.5732058729999,-46.771567462 -72.57225728,-46.771023762 -72.571706032,-46.770708428 -72.570286959,-46.7698979749999 -72.56843143,-46.76883372 -72.5672643089999,-46.7681657319999 -72.566268006,-46.7675847909999 -72.565646473,-46.766761548 -72.564969209,-46.7658589129999 -72.564319099,-46.764964501 -72.563885636,-46.7643832809999 -72.5632249179999,-46.7634925959999 -72.5623448649999,-46.7623030509999 -72.5617383109999,-46.761484154 -72.560963844,-46.7610898569999 -72.5601689,-46.7606853079999 -72.558631308,-46.759893238 -72.557478395,-46.7593001459999 -72.555852678,-46.75846638 -72.555361809,-46.758216422 -72.5540616659999,-46.757547884 -72.55258916,-46.756785561 -72.551675266,-46.756156667 -72.551232308,-46.755806745 -72.548669258,-46.754055584 -72.5481570269999,-46.7537412409999 -72.547380403,-46.753802886 -72.545933001,-46.7539249169999 -72.544504086,-46.754046247 -72.5430719519999,-46.7541518319999 -72.541661285,-46.7542862079999 -72.540235975,-46.754408461 -72.5387935809999,-46.754517552 -72.537368385,-46.754651382 -72.535942506,-46.7547742 -72.534508409,-46.754893314 -72.533077694,-46.755018513 -72.531655337,-46.7551382939999 -72.530358781,-46.755250065 -72.528880144,-46.755374806 -72.5273125479999,-46.7555033639999 -72.525763371,-46.7556384179999 -72.5241805759999,-46.755878286 -72.522623713,-46.756112033 -72.521211074,-46.756087367 -72.517944851,-46.7560823219999 -72.5174252309999,-46.7555931869999 -72.516524808,-46.7546292609999 -72.5147534499999,-46.75281956 -72.513929495,-46.75202826 -72.513125985,-46.751211481 -72.512324943,-46.75039565 -72.511520299,-46.749576046 -72.510739858,-46.7487829689999 -72.5099248619999,-46.747953229 -72.509110452,-46.747122685 -72.508301499,-46.746299274 -72.5075337709999,-46.7455192309999 -72.506721048,-46.744690595 -72.5059180659999,-46.743872607 -72.5051123929999,-46.7430539229999 -72.50433048,-46.742256991 -72.5035592949999,-46.7414720749999 -72.502169458,-46.7412853239999 -72.5005006659999,-46.741061953 -72.498965879,-46.740856697 -72.497298346,-46.7406350159999 -72.496168949,-46.740481518 -72.494640627,-46.740281566 -72.4937040519999,-46.740156564 -72.4927961129999,-46.7400351539999 -72.491524773,-46.739857801 -72.489569231,-46.7396013429999 -72.488855762,-46.739506756 -72.4882015319999,-46.739419137 -72.486238817,-46.739162735 -72.485379627,-46.7390408959999 -72.484356683,-46.738935969 -72.482443577,-46.7387478159999 -72.481016462,-46.738608493 -72.47952914,-46.738463505 -72.4789825239999,-46.738409882 -72.4779143499999,-46.7383041689999 -72.4761294859999,-46.738128998 -72.474651237,-46.7379836979999 -72.473911562,-46.737910308 -72.472929811,-46.7369391079999 -72.472102417,-46.736124659 -72.4714666419999,-46.735478766 -72.4704250039999,-46.734443766 -72.4696777839999,-46.7336909169999 -72.468729418,-46.7327506569999 -72.468030991,-46.732041263 -72.467358878,-46.731379604 -72.4665503479999,-46.730571111 -72.466064328,-46.730080953 -72.465318618,-46.729329099 -72.464540143,-46.728564723 -72.4637926459999,-46.727818398 -72.463041867,-46.727069926 -72.4621764359999,-46.7261993929999 -72.461372582,-46.725305652 -72.4606150989999,-46.7244561329999 -72.459859948,-46.7236075599999 -72.459257678,-46.7229314739999 -72.458564811,-46.7221535699999 -72.457847772,-46.7213474059999 -72.45709748,-46.720503062 -72.456345568,-46.719660297 -72.4555069639999,-46.7187137249999 -72.4542655829999,-46.7173234269999 -72.453472617,-46.716434551 -72.452857868,-46.715737814 -72.452076384,-46.7148589029999 -72.4516902129999,-46.7144240019999 -72.450816119,-46.7134343079999 -72.4503822519999,-46.7129513629999 -72.449593696,-46.7120603979999 -72.449221145,-46.711634342 -72.4488250919999,-46.71119633 -72.448977852,-46.710065196 -72.449158068,-46.7087177889999 -72.4493755129999,-46.7073768819999 -72.449507091,-46.706394842 -72.449630471,-46.7053174059999 -72.449910471,-46.7036144099999 -72.450089759,-46.7023744319999 -72.450336665,-46.701037329 -72.4504920159999,-46.7002218539999 -72.4506832769999,-46.699235382 -72.4508741769999,-46.6982535819999 -72.4510235079999,-46.697462811 -72.4511264929999,-46.696936756 -72.450009473,-46.6961982079999 -72.448719083,-46.69535067 -72.447270987,-46.6943896239999 -72.446918107,-46.6941622529999 -72.445859239,-46.693482559 -72.444192643,-46.694329148 -72.442496795,-46.695204127 -72.441787067,-46.695570366 -72.441045959,-46.6959527239999 -72.438920281,-46.6970611049999 -72.437768177,-46.697650402 -72.4371993089999,-46.697949211 -72.435146281,-46.6976672229999 -72.434407544,-46.697307958 -72.431527482,-46.6959073589999 -72.430574696,-46.695437609 -72.428808202,-46.695018584 -72.428229602,-46.694869234 -72.4269415699999,-46.694568842 -72.4239016,-46.6938477699999 -72.422435348,-46.6934979549999 -72.421349666,-46.69277009 -72.420292259,-46.6920697629999 -72.419262437,-46.691381205 -72.4182779339999,-46.690727409 -72.417238573,-46.6900424889999 -72.4162972779999,-46.689391362 -72.4152475179999,-46.688703397 -72.414230383,-46.688696692 -72.413243079,-46.687928588 -72.412227195,-46.687154338 -72.4112916299999,-46.686423925 -72.4103244729999,-46.685676498 -72.4093761779999,-46.684939932 -72.408413173,-46.684199693 -72.407547548,-46.683537428 -72.4063022719999,-46.6825760469999 -72.4054539529999,-46.68217865 -72.403974735,-46.6814808359999 -72.402830297,-46.680943957 -72.401463257,-46.6803022939999 -72.40028934,-46.679751309 -72.399362831,-46.679323021 -72.398308739,-46.67864929 -72.3972582389999,-46.6779802199999 -72.396207058,-46.677312295 -72.395441472,-46.6768208629999 -72.393989275,-46.67590404 -72.3934912889999,-46.6755881519999 -72.3929867699999,-46.675264102 -72.3921971999999,-46.674761482 -72.391453798,-46.6742914079999 -72.3909092069999,-46.67390137 -72.388511767,-46.6723934239999 -72.3869937159999,-46.671448099 -72.386408772,-46.6710691759999 -72.385349849,-46.670396473 -72.383275688,-46.6690766049999 -72.381803463,-46.6674598229999 -72.381457585,-46.6667126049999 -72.381079545,-46.665892561 -72.380475454,-46.6653276919999 -72.379827959,-46.664714487 -72.3794011639999,-46.664314223 -72.378100231,-46.6630795629999 -72.377325132,-46.662359926 -72.3766207529999,-46.6617054399999 -72.3759237,-46.660230374 -72.375848424,-46.659452538 -72.375762697,-46.658307376 -72.3756779879999,-46.6572465629999 -72.375340264,-46.6568197989999 -72.3745630349999,-46.655801222 -72.373792388,-46.654793051 -72.3734423459999,-46.654324421 -72.372989436,-46.653740124 -72.37263812,-46.6532899119999 -72.372278406,-46.652816286 -72.371947846,-46.652385717 -72.3711932959999,-46.651408674 -72.3701780919999,-46.6500670959999 -72.3699488089999,-46.6497719509999 -72.369037615,-46.648588085 -72.368574307,-46.647977613 -72.368264843,-46.647579376 -72.366936615,-46.6467719679999 -72.365310813,-46.6457722989999 -72.36484207,-46.645487465 -72.364595457,-46.6448158229999 -72.364427263,-46.644353697 -72.364223393,-46.643792203 -72.364031965,-46.6432732019999 -72.363824183,-46.642711708 -72.363448907,-46.6407923859999 -72.3634178949999,-46.639537961 -72.363304883,-46.637602366 -72.3632130349999,-46.637029774 -72.363063099,-46.635886268 -72.3631690839999,-46.635176047 -72.3632170189999,-46.634765068 -72.363082315,-46.6336281219999 -72.363029975,-46.633205112 -72.362885236,-46.632704824 -72.3626055569999,-46.6317689109999 -72.361835116,-46.6313615519999 -72.357195114,-46.629635219 -72.357094818,-46.628931843 -72.356887606,-46.6284978699999 -72.3566879639999,-46.6280721699999 -72.356197488,-46.6274303289999 -72.355720087,-46.6268045369999 -72.355307523,-46.626263847 -72.354865478,-46.6256125909999 -72.354398607,-46.6249215189999 -72.353616758,-46.624330701 -72.35260023,-46.623827588 -72.351856546,-46.623290557 -72.350887681,-46.62251549 -72.351698316,-46.621615783 -72.3519749239999,-46.6206259489999 -72.3504994629999,-46.618732211 -72.349833141,-46.6182228769999 -72.349217615,-46.617569556 -72.34797768,-46.61656067 -72.347501515,-46.615720954 -72.347541851,-46.614748327 -72.347677844,-46.613483096 -72.345780319,-46.612100841 -72.341363434,-46.608957656 -72.338309544,-46.606343979 -72.33738241,-46.604634447 -72.3365841309999,-46.603618711 -72.335999806,-46.6031503529999 -72.335509341,-46.6027518559999 -72.335182069,-46.601598054 -72.334855724,-46.600449581 -72.3343014599999,-46.598435802 -72.3341710299999,-46.5979835059999 -72.3328344189999,-46.596583508 -72.3321635729999,-46.595776261 -72.331000121,-46.5944438189999 -72.3303412989999,-46.593679859 -72.3297522829999,-46.592991409 -72.328612745,-46.5916581509999 -72.327764911,-46.5906855599999 -72.327067896,-46.58987182 -72.326586116,-46.589194321 -72.326094772,-46.588512458 -72.325232312,-46.587303178 -72.324618772,-46.586439358 -72.3238862859999,-46.5854202089999 -72.323228797,-46.584506124 -72.322131664,-46.582981202 -72.3208784029999,-46.5822709349999 -72.319195354,-46.581306963 -72.3179961869999,-46.580618182 -72.316558777,-46.579796183 -72.3149197179999,-46.578866836 -72.314156227,-46.57870536 -72.312297725,-46.578346069 -72.3110541,-46.578092108 -72.310464813,-46.57797916 -72.3081189,-46.5774696509999 -72.3070650889999,-46.577560568 -72.306416992,-46.577620716 -72.306196077,-46.578120295 -72.3060075829999,-46.57855026 -72.305350801,-46.5786695039999 -72.3048974869999,-46.578751875 -72.304214127,-46.578875345 -72.302641039,-46.579162044 -72.302057567,-46.579265989 -72.301377126,-46.579390862 -72.300596183,-46.5795341469999 -72.299813822,-46.579679642 -72.2992864569999,-46.5797758099999 -72.298563055,-46.5794911629999 -72.2975877339999,-46.5791074109999 -72.2971123309999,-46.578919781 -72.2966869099999,-46.578341313 -72.296346647,-46.577877169 -72.295969445,-46.5773633749999 -72.295556668,-46.5768013979999 -72.29521462,-46.5763367599999 -72.295233153,-46.5759039599999 -72.295252562,-46.575490261 -72.295078802,-46.575163517 -72.289407771,-46.5754969029999 -72.2875524359999,-46.57579362 -72.286538601,-46.57618696 -72.285793282,-46.5761239989999 -72.2849583089999,-46.575786579 -72.2843144459999,-46.575521549 -72.282973039,-46.575146794 -72.281858884,-46.57490207 -72.281014966,-46.574765187 -72.280428687,-46.574763661 -72.2796461729999,-46.5747429749999 -72.279157659,-46.5744412029999 -72.278044469,-46.573708599 -72.277674755,-46.573455817 -72.277270141,-46.573326757 -72.276423973,-46.5731131119999 -72.274121182,-46.5721339729999 -72.270884372,-46.5720104009999 -72.2691981039999,-46.5719475449999 -72.2661953739999,-46.5718302399999 -72.2652225859999,-46.571792484 -72.262452509,-46.571681186 -72.261709061,-46.57165537 -72.2592052919999,-46.571545063 -72.257710991,-46.571490329 -72.256466621,-46.571985957 -72.2552215869999,-46.5724838949999 -72.253976468,-46.572980467 -72.252749093,-46.573474123 -72.2514835869999,-46.5739780979999 -72.250243287,-46.574476096 -72.2493024669999,-46.5748504319999 -72.2478906919999,-46.575411865 -72.246106841,-46.5761272999999 -72.243899659,-46.5761639249999 -72.2424591,-46.576189843 -72.241050241,-46.576213448 -72.239878892,-46.576198763 -72.2330719299999,-46.5780251859999 -72.218721833,-46.5818836289999 -72.217365447,-46.5822430929999 -72.216252201,-46.582681717 -72.216178112,-46.5825380799999 -72.2157725019999,-46.5826337669999 -72.215848203,-46.582779063 -72.214404875,-46.583030989 -72.21354379,-46.5832628919999 -72.211038232,-46.583929138 -72.2096360639999,-46.5843037729999 -72.207768475,-46.5847990459999 -72.206563025,-46.585121839 -72.205618772,-46.5853781989999 -72.204939527,-46.5855576939999 -72.204253035,-46.5855963449999 -72.2022829009999,-46.585721118 -72.2008814389999,-46.585803717 -72.1994188199999,-46.5858926289999 -72.197923422,-46.585984229 -72.196492042,-46.586072159 -72.195051887,-46.586157967 -72.193730186,-46.586232445 -72.192603159,-46.586300799 -72.1916798619999,-46.5863571369999 -72.189182043,-46.586507419 -72.1883218949999,-46.586564113 -72.18740124,-46.58707865 -72.186134094,-46.5877929019999 -72.182497177,-46.5899309879999 -72.1811672109999,-46.590597918 -72.180380237,-46.5906317879999 -72.179520584,-46.5906750189999 -72.178541804,-46.590714583 -72.1747579459999,-46.59087627 -72.17312293,-46.590945646 -72.1717491649999,-46.591004273 -72.1708664069999,-46.591042186 -72.169844682,-46.5910814229999 -72.1691691299999,-46.590587539 -72.1678982719999,-46.5896562849999 -72.166926038,-46.588942108 -72.1656409189999,-46.5880003949999 -72.1650284369999,-46.5875500769999 -72.164333756,-46.5870392209999 -72.162817947,-46.5859199509999 -72.161760653,-46.585032445 -72.1605209959999,-46.584238316 -72.159927153,-46.583800133 -72.159217548,-46.5832843749999 -72.158056105,-46.5824312349999 -72.157607255,-46.58210392 -72.156357422,-46.581187367 -72.155960453,-46.5808417169999 -72.153534667,-46.579083657 -72.1521572679999,-46.578106013 -72.1505402189999,-46.5769232169999 -72.150090485,-46.5765970209999 -72.1496014379999,-46.5762316829999 -72.14889248,-46.5760655999999 -72.148025203,-46.5758501139999 -72.147019927,-46.57560094 -72.1460318159999,-46.5753630729999 -72.1450841719999,-46.57512765 -72.14426006,-46.5749282429999 -72.143484245,-46.574736247 -72.142924315,-46.574600849 -72.142405513,-46.574472597 -72.141766891,-46.574317406 -72.141083468,-46.5741481319999 -72.139766606,-46.5738246839999 -72.138879087,-46.573608352 -72.137947502,-46.573381371 -72.137038064,-46.5731651949999 -72.136416147,-46.573005624 -72.1355358069999,-46.572792235 -72.133877388,-46.572562305 -72.132598002,-46.572390906 -72.130414176,-46.5720975249999 -72.1295499999999,-46.571971703 -72.128101868,-46.5717763069999 -72.1273175009999,-46.571666512 -72.125903678,-46.5714741099999 -72.1244313129999,-46.571273559 -72.123004882,-46.571073153 -72.122247816,-46.57097067 -72.1214748909999,-46.570867064 -72.120619013,-46.570750382 -72.1198645759999,-46.5706476789999 -72.119125862,-46.5705512169999 -72.1184538539999,-46.570459313 -72.11776943,-46.570362861 -72.1170322629999,-46.570257065 -72.116292953,-46.57016219 -72.1155859789999,-46.570058047 -72.1147553389999,-46.569950687 -72.114213978,-46.569875824 -72.1136468349999,-46.569767999 -72.112771499,-46.569996263 -72.1119578029999,-46.5701964689999 -72.1112032729999,-46.570356315 -72.10879428,-46.5708898349999 -72.108149882,-46.571073957 -72.107141978,-46.571310883 -72.106174192,-46.5715441369999 -72.105130047,-46.571787327 -72.104442192,-46.5721229599999 -72.10246728,-46.571813279 -72.1009461519999,-46.5707176139999 -72.1008196179999,-46.570232205 -72.100682427,-46.569794944 -72.100444996,-46.5691575069999 -72.1002040669999,-46.5685392409999 -72.099955748,-46.567903057 -72.0994329389999,-46.5678358829999 -72.0974748639999,-46.567573519 -72.096766798,-46.5674740009999 -72.094743755,-46.5672460289999 -72.0930489639999,-46.5670535469999 -72.0915622909999,-46.566802888 -72.0903077249999,-46.566314048 -72.087825546,-46.565124264 -72.086008818,-46.564148212 -72.0854355239999,-46.563899245 -72.084882455,-46.562866562 -72.084240871,-46.562516671 -72.0833698329999,-46.5620442869999 -72.0829098149999,-46.5617882069999 -72.081140921,-46.56178913 -72.080072737,-46.561793797 -72.078883429,-46.5617895089999 -72.0768526109999,-46.56179645 -72.074812704,-46.562159148 -72.0738509079999,-46.5623300039999 -72.073234992,-46.5624428409999 -72.07272196,-46.562537338 -72.0722318809999,-46.562624773 -72.071394117,-46.562774485 -72.07051888,-46.562934301 -72.069265244,-46.5631596439999 -72.0684021179999,-46.5630195259999 -72.067348491,-46.5628432839999 -72.065249364,-46.5622075809999 -72.064211019,-46.562149959 -72.0625942249999,-46.5620449739999 -72.0614512179999,-46.561951607 -72.060677786,-46.561886003 -72.0595002429999,-46.561615876 -72.058674713,-46.5614256219999 -72.0575761869999,-46.5606696369999 -72.056935268,-46.5602074729999 -72.056293882,-46.559804782 -72.056171891,-46.559674655 -72.054483987,-46.55966051 -72.053151387,-46.559645782 -72.052520976,-46.559633397 -72.0511705219999,-46.5598396669999 -72.050199259,-46.5599872189999 -72.0487453,-46.560201138 -72.0479539739999,-46.560581278 -72.047497418,-46.5608246269999 -72.0424656499999,-46.561003951 -72.0411008039999,-46.5601304899999 -72.040682293,-46.559501558 -72.0382555429999,-46.559480373 -72.037571169,-46.5594743349999 -72.036839905,-46.5600798679999 -72.035099056,-46.56044322 -72.0336847999999,-46.560712516 -72.0301252259999,-46.561456063 -72.027233694,-46.5622502649999 -72.02555632,-46.56269585 -72.0241750229999,-46.563073791 -72.022708598,-46.563466687 -72.0212990909999,-46.5642897929999 -72.019260607,-46.565458177 -72.017185707,-46.5667059419999 -72.015943502,-46.566572273 -72.01279562,-46.566342364 -72.011772402,-46.56626306 -72.0100364099999,-46.5661184859999 -72.008709117,-46.5660045609999 -72.0078681219999,-46.565573334 -72.0064534269999,-46.564869146 -72.006120138,-46.5647015709999 -72.0050908119999,-46.5647504729999 -72.002998641,-46.5648502509999 -72.0015210409999,-46.564921563 -71.999950956,-46.565013559 -71.998757336,-46.565050712 -71.997578139,-46.5651078499999 -71.995865823,-46.5651949749999 -71.994025947,-46.5652881669999 -71.991791481,-46.5653907459999 -71.98988772,-46.565449702 -71.987329722,-46.5656026199999 -71.9858480669999,-46.565035455 -71.9843410779999,-46.564577401 -71.983787676,-46.564831978 -71.983243681,-46.5650791529999 -71.982491238,-46.5654355679999 -71.981448536,-46.5654145149999 -71.980614537,-46.5653970769999 -71.979624722,-46.5653635469999 -71.979211128,-46.5652524499999 -71.978336052,-46.564445716 -71.977811133,-46.564245995 -71.977153576,-46.563988944 -71.976628692,-46.5637887679999 -71.9762420919999,-46.563361495 -71.9758383879999,-46.5629204489999 -71.9752880889999,-46.562288419 -71.974707151,-46.560795474 -71.971646799,-46.5596494059999 -71.970813445,-46.5593292529999 -71.9697512609999,-46.558915371 -71.96914183,-46.5586815089999 -71.968039217,-46.558747572 -71.96738104,-46.5587867199999 -71.9666201269999,-46.5588339349999 -71.96443691,-46.5589641569999 -71.962245212,-46.559089521 -71.96090041,-46.559167617 -71.9595534059999,-46.559243029 -71.957883537,-46.5593455609999 -71.9563795019999,-46.559429177 -71.9554250959999,-46.559487814 -71.9543379739999,-46.559551547 -71.953345884,-46.559607365 -71.9525705189999,-46.5596605819999 -71.950947865,-46.5597559019999 -71.9494343809999,-46.559840072 -71.947854997,-46.5599360539999 -71.9452486439999,-46.5599325709999 -71.943731562,-46.559929633 -71.942627569,-46.559935657 -71.941264801,-46.559933304 -71.938124877,-46.559928789 -71.9365501889999,-46.559927092 -71.934987125,-46.559925145 -71.933559755,-46.5599231269999 -71.932080576,-46.5599213209999 -71.930527793,-46.55991986 -71.928928852,-46.559917857 -71.9273738969999,-46.559915573 -71.9257676289999,-46.559913958 -71.9242203109999,-46.559912738 -71.922648894,-46.559910847 -71.921142139,-46.5599098659999 -71.919740218,-46.5599077319999 -71.9180721399999,-46.559905514 -71.916575625,-46.5599033999999 -71.9150335259999,-46.5599021949999 -71.9137989559999,-46.559900813 -71.9122384999999,-46.5598988959999 -71.910675845,-46.5598966269999 -71.9093182569999,-46.559888093 -71.9067738369999,-46.559885317 -71.9052419829999,-46.559882907 -71.9030052859999,-46.559432092 -71.901513573,-46.5591856579999 -71.8995173659999,-46.5588107729999 -71.897444352,-46.5584288169999 -71.895487182,-46.558056721 -71.894672148,-46.557906063 -71.89351756,-46.5576860529999 -71.892928533,-46.5575759939999 -71.891405455,-46.5572910449999 -71.889757463,-46.556982338 -71.888251118,-46.5566996919999 -71.8868097559999,-46.5564307659999 -71.885413074,-46.5561678089999 -71.882932274,-46.555704459 -71.8823479069999,-46.5555934819999 -71.881523841,-46.555440054 -71.8807112659999,-46.555288823 -71.879206269,-46.555004744 -71.8777652919999,-46.554735174 -71.876950748,-46.554582243 -71.8762683639999,-46.554454248 -71.8750991329999,-46.554235089 -71.8742873039999,-46.5540828429999 -71.8733635629999,-46.553912141 -71.8725183289999,-46.5541458669999 -71.871747537,-46.554359935 -71.8710514059999,-46.5545528229999 -71.8703239869999,-46.5547543 -71.869603431,-46.5549610899999 -71.868874897,-46.555163606 -71.868251484,-46.55532805 -71.8674446919999,-46.5555527129999 -71.866718158,-46.555751941 -71.866018825,-46.55594768 -71.8653300619999,-46.556136506 -71.864592344,-46.556341623 -71.8639434579999,-46.5565219929999 -71.863133949,-46.556745651 -71.861731571,-46.5571349099999 -71.85903159,-46.556631361 -71.858505491,-46.5565332039999 -71.857053123,-46.556263149 -71.855836118,-46.55604059 -71.85472974,-46.5558272709999 -71.853610467,-46.555618269 -71.852201217,-46.555354649 -71.850682075,-46.5550717839999 -71.849826206,-46.5549104999999 -71.848528159,-46.55466691 -71.8472953899999,-46.554438424 -71.8462243179999,-46.5545825679999 -71.845347975,-46.554695899 -71.844518823,-46.554803055 -71.843237297,-46.5549652999999 -71.842396445,-46.555076077 -71.841076431,-46.5552448839999 -71.8398054629999,-46.555406932 -71.838481756,-46.555576146 -71.8366280879999,-46.5564207799999 -71.8349186889999,-46.5572872889999 -71.833060167,-46.558177449 -71.8312349619999,-46.5590523019999 -71.830444659,-46.559440417 -71.829734689,-46.559775225 -71.828726551,-46.560267172 -71.827713225,-46.559863669 -71.826785092,-46.5594962719999 -71.826103473,-46.559228681 -71.825411237,-46.558955391 -71.8241859519999,-46.558473611 -71.8228569679999,-46.557958336 -71.8211580719999,-46.5572902 -71.8202681779999,-46.556897264 -71.818236676,-46.556133072 -71.81786765,-46.555815546 -71.8168328639999,-46.554923291 -71.815591721,-46.5538461799999 -71.81467106,-46.5530469029999 -71.81369927,-46.5522056029999 -71.812825172,-46.551447477 -71.8114138509999,-46.551233243 -71.809878005,-46.551000487 -71.808404632,-46.5507748539999 -71.806583082,-46.550498434 -71.8032235749999,-46.549982061 -71.80105313,-46.549656824 -71.7998028389999,-46.549467563 -71.798269435,-46.549234898 -71.7967450049999,-46.549005074 -71.7952806449999,-46.548781053 -71.794259105,-46.5486264969999 -71.792782367,-46.548400386 -71.791719243,-46.5483782859999 -71.790252154,-46.54834483 -71.7889445609999,-46.548316466 -71.78744971,-46.548282645 -71.786015693,-46.548254745 -71.785047366,-46.548228948 -71.7838586249999,-46.54820477 -71.782680843,-46.548182778 -71.781518342,-46.548032597 -71.779972726,-46.5478451499999 -71.77905698,-46.5477157569999 -71.77825741,-46.547615911 -71.7767721829999,-46.5474355229999 -71.775283402,-46.5472492559999 -71.773752528,-46.547058092 -71.77219951,-46.546862141 -71.7707727219999,-46.546682425 -71.769851993,-46.546569556 -71.768935932,-46.546514322 -71.767787907,-46.546442258 -71.7663349429999,-46.546352194 -71.764852011,-46.546263875 -71.763783331,-46.546202298 -71.7628886529999,-46.5461474379999 -71.7615727749999,-46.5460796479999 -71.760701098,-46.5460284829999 -71.758302693,-46.545267128 -71.757540885,-46.54502952 -71.75682219,-46.544806181 -71.755888826,-46.544514643 -71.755615792,-46.544427695 -71.755754764,-46.544151115 -71.755936586,-46.543862433 -71.7561185289999,-46.543573844 -71.7563884799999,-46.543141415 -71.755706033,-46.542925307</coordinates></LineString>
  </Placemark>
  <Placemark id="lineas_sea.7">
	<name>LA JUNTA-LAGO VERDE</name>
	<Style><LineStyle><color>ff0000ff</color></LineStyle><PolyStyle><fill>0</fill></PolyStyle></Style>
	<ExtendedData><SchemaData schemaUrl="#lineas_sea">
		<SimpleData name="OBJECTID_1">7</SimpleData>
		<SimpleData name="gml_id">lt_aysen_1e53e92a_60f0_49fb_ad34_479556b98cba.16</SimpleData>
		<SimpleData name="objectid">16</SimpleData>
		<SimpleData name="nombre">LA JUNTA-LAGO VERDE</SimpleData>
		<SimpleData name="tramo">LA JUNTA-LAGO VERDE</SimpleData>
		<SimpleData name="propiedad">EDELAYSEN</SimpleData>
		<SimpleData name="voltaje_kv">23</SimpleData>
		<SimpleData name="tipo">SubtransmisiOn</SimpleData>
		<SimpleData name="fecha_oper">Sin Informacion</SimpleData>
		<SimpleData name="estado">En Operacian</SimpleData>
		<SimpleData name="sist_elec">AysOn</SimpleData>
		<SimpleData name="fuent_base">Edelaysen</SimpleData>
		<SimpleData name="f_fbase">Abril 2011</SimpleData>
		<SimpleData name="f_f_actual">2013-06-02</SimpleData>
		<SimpleData name="fe_co_rev">29-11-2013</SimpleData>
		<SimpleData name="shape_leng">68763.2636145</SimpleData>
		<SimpleData name="Shape_Le_1">0.753700432301609</SimpleData>
	</SchemaData></ExtendedData>
      <LineString><coordinates>-72.387998077,-43.973698097 -72.387088945,-43.974541207 -72.386690114,-43.9747577809999 -72.3862069909999,-43.975000242 -72.385359544,-43.975522 -72.384578429,-43.9760148409999 -72.3840458069999,-43.976617442 -72.3833862499999,-43.9772797909999 -72.383066823,-43.977575325 -72.380608288,-43.978576244 -72.3794732219999,-43.9787924679999 -72.3782312609999,-43.979029453 -72.377035985,-43.979256423 -72.3758368379999,-43.979486171 -72.374623905,-43.979717302 -72.373460633,-43.979936058 -72.37222235,-43.9801705409999 -72.370833148,-43.980434396 -72.369802659,-43.980610167 -72.368789694,-43.980801097 -72.36737312,-43.981206793 -72.3658577469999,-43.981607583 -72.364831742,-43.981554471 -72.363460378,-43.981478793 -72.362097257,-43.9812677969999 -72.360280449,-43.981036935 -72.3589082729999,-43.9805555189999 -72.357742749,-43.980272697 -72.355553481,-43.979743702 -72.354500485,-43.97948803 -72.353260212,-43.9794601 -72.352144019,-43.9794371949999 -72.350904987,-43.9795887829999 -72.3495980169999,-43.979751205 -72.348326126,-43.979898492 -72.347078202,-43.980050552 -72.3457493989999,-43.980212873 -72.344555879,-43.9804307209999 -72.3436287339999,-43.980596685 -72.3426537569999,-43.9809039519999 -72.3415924179999,-43.981224055 -72.3404933469999,-43.981559653 -72.3393722869999,-43.9818931999999 -72.338256831,-43.9822238039999 -72.337126734,-43.9825664799999 -72.335995769,-43.9829087639999 -72.334868434,-43.983247611 -72.3337379229999,-43.983590334 -72.332595431,-43.983938527 -72.331445715,-43.9842528689999 -72.33029463,-43.9845752699999 -72.329123008,-43.984896549 -72.3280490399999,-43.9851948039999 -72.325949549,-43.9861388429999 -72.325299031,-43.986744168 -72.324696901,-43.987304619 -72.323926346,-43.9880193879999 -72.322827714,-43.988423338 -72.321717168,-43.988831229 -72.320618404,-43.989237494 -72.319456292,-43.989662788 -72.3184077349999,-43.990049956 -72.317300487,-43.9904552689999 -72.316217927,-43.990912829 -72.315144285,-43.991368607 -72.31408712,-43.991856813 -72.3130654459999,-43.992331889 -72.312169071,-43.992740945 -72.3112888059999,-43.993165768 -72.3101534909999,-43.993753737 -72.3084250049999,-43.9938464269999 -72.3073799049999,-43.993575203 -72.3066059509999,-43.992867879 -72.305165464,-43.9915441589999 -72.304423964,-43.9908620739999 -72.30369088,-43.990107441 -72.3029810629999,-43.9893817999999 -72.302305282,-43.988684238 -72.301611865,-43.987971671 -72.300854719,-43.987188272 -72.300155295,-43.986460429 -72.299455757,-43.985738252 -72.2987452209999,-43.985000505 -72.2981089799999,-43.9843377029999 -72.297514567,-43.9837178409999 -72.29685022,-43.98319409 -72.296142345,-43.9826351839999 -72.295326955,-43.981989642 -72.295059361,-43.981825665 -72.293987022,-43.981438167 -72.2928965199999,-43.9810802979999 -72.291953784,-43.980639945 -72.291035354,-43.980208266 -72.2891606909999,-43.9791601479999 -72.287968092,-43.978425832 -72.2872577099999,-43.9779851979999 -72.2864656409999,-43.9777205139999 -72.28536134,-43.977539238 -72.284244062,-43.977689125 -72.283157745,-43.977829745 -72.282043878,-43.97794017 -72.280911605,-43.9780658989999 -72.2798198789999,-43.978182682 -72.278674901,-43.9783052069999 -72.277534951,-43.978342223 -72.276421355,-43.978375445 -72.2754594359999,-43.978420559 -72.275488341,-43.978644426 -72.27564115,-43.979269264 -72.2758529069999,-43.980088165 -72.2752939659999,-43.980186642 -72.273931891,-43.9801754699999 -72.272765211,-43.9804195839999 -72.2717351909999,-43.9810222899999 -72.270628619,-43.9812954569999 -72.269535329,-43.981455496 -72.2694188959999,-43.9815394079999 -72.2684041159999,-43.9815995829999 -72.267312396,-43.981787637 -72.266237871,-43.982187567 -72.265256515,-43.982638062 -72.263138345,-43.983532152 -72.26243297,-43.9842027829999 -72.2619394869999,-43.9850318979999 -72.2609487459999,-43.984524778 -72.2601524,-43.984120715 -72.2595212479999,-43.984491787 -72.2590819659999,-43.984432539 -72.2584294709999,-43.983926675 -72.257714875,-43.9833346 -72.25735446,-43.983298485 -72.25664397,-43.983448328 -72.255271625,-43.983696235 -72.254680397,-43.983717402 -72.2537093879999,-43.983562793 -72.252617608,-43.983391045 -72.2514895429999,-43.9832167929999 -72.2502687589999,-43.983028232 -72.2492024809999,-43.9828608459999 -72.248490842,-43.982946241 -72.247453267,-43.982880902 -72.246472807,-43.982764174 -72.2456642509999,-43.9824245359999 -72.244892305,-43.981851703 -72.244046896,-43.981215154 -72.243493567,-43.9805097559999 -72.242895378,-43.980003403 -72.242248961,-43.979553321 -72.241656468,-43.979325374 -72.241494629,-43.979115752 -72.241039734,-43.9792628499999 -72.240519149,-43.979667908 -72.2399403379999,-43.980113149 -72.239306388,-43.9806476209999 -72.238486767,-43.9813571139999 -72.2376937619999,-43.9819735259999 -72.2370956189999,-43.9827860469999 -72.236531208,-43.9835832649999 -72.2362856839999,-43.98415584 -72.236138152,-43.984954053 -72.2361413899999,-43.9858806029999 -72.236275124,-43.9861960549999 -72.236516066,-43.9865442609999 -72.2369213699999,-43.9874131999999 -72.237012438,-43.987866261 -72.236964171,-43.9887260249999 -72.236838866,-43.9892629779999 -72.236613667,-43.9899692829999 -72.236448959,-43.990559748 -72.236308132,-43.9914387869999 -72.2361702979999,-43.9923311329999 -72.235979867,-43.9931690889999 -72.2359586539999,-43.993891585 -72.2361813109999,-43.994153462 -72.236469781,-43.9948752609999 -72.2366804869999,-43.99560409 -72.2365907019999,-43.995848321 -72.235931641,-43.9966907789999 -72.235282578,-43.997411578 -72.234483972,-43.9977995209999 -72.232268795,-43.998486413 -72.231015495,-43.9990555169999 -72.230543724,-43.999237094 -72.229700666,-43.999635719 -72.229250544,-44.000533262 -72.2287189529999,-44.000957173 -72.228170808,-44.001342688 -72.227441658,-44.0019295179999 -72.226804638,-44.0024312539999 -72.226063041,-44.0026585639999 -72.225369633,-44.0028846989999 -72.224744743,-44.0035696529999 -72.224557776,-44.0040535969999 -72.224784067,-44.00490031 -72.222934078,-44.0058466199999 -72.222103244,-44.006282126 -72.2215827379999,-44.007174144 -72.22137086,-44.007899467 -72.221172783,-44.0086389909999 -72.2209344839999,-44.009013916 -72.2199730949999,-44.009690022 -72.219757096,-44.0098838129999 -72.219460012,-44.010360474 -72.219123824,-44.010947726 -72.218842791,-44.011531728 -72.218796413,-44.012182034 -72.2187567989999,-44.0130397469999 -72.218720756,-44.0138023879999 -72.218681865,-44.0144685399999 -72.218640609,-44.0151505709999 -72.218593901,-44.0160104509999 -72.218557372,-44.0166660369999 -72.2185346269999,-44.017173596 -72.2184776839999,-44.0182494699999 -72.2182446739999,-44.018963379 -72.218025675,-44.0195990359999 -72.2177676749999,-44.0203215179999 -72.2177298399999,-44.020842031 -72.2171970319999,-44.020795737 -72.217361067,-44.0225955019999 -72.2176744989999,-44.0232881539999 -72.217915483,-44.023828066 -72.216937635,-44.024577837 -72.217111793,-44.0250020569999 -72.217317623,-44.0255093329999 -72.217528353,-44.026031942 -72.2178166589999,-44.026744599 -72.218148968,-44.027548983 -72.218396894,-44.028170267 -72.218692074,-44.028912437 -72.2189837509999,-44.02962031 -72.219265421,-44.0303128149999 -72.219559201,-44.0310239799999 -72.219854579,-44.0317385119999 -72.220136607,-44.032450468 -72.220489534,-44.033004713 -72.221148023,-44.033792181 -72.221765349,-44.034392828 -72.2226870269999,-44.035295713 -72.223282808,-44.035877372 -72.223652859,-44.0367151569999 -72.224105854,-44.037970881 -72.2243332359999,-44.038005577 -72.224068395,-44.03938699 -72.223941941,-44.040018065 -72.223790364,-44.040812736 -72.2234381389999,-44.0415023269999 -72.223070233,-44.0421961279999 -72.2223540969999,-44.043576102 -72.221998551,-44.044258586 -72.221652873,-44.044892696 -72.221244649,-44.045668333 -72.220882181,-44.0463541559999 -72.220490997,-44.0470292869999 -72.220034406,-44.0477042639999 -72.219587576,-44.0483491369999 -72.2191581009999,-44.0490683429999 -72.2188027139999,-44.0496606139999 -72.2187541229999,-44.050423666 -72.218711398,-44.0511920819999 -72.2186764849999,-44.0518229479999 -72.218909299,-44.052531726 -72.219158869,-44.0532639589999 -72.2194135779999,-44.0539852429999 -72.219693247,-44.0545041249999 -72.220019723,-44.055113901 -72.220932165,-44.055542583 -72.221732539,-44.0558027939999 -72.221795315,-44.0563020779999 -72.221918278,-44.056905096 -72.221939111,-44.057228258 -72.221845527,-44.058035769 -72.2217837319999,-44.058734762 -72.220917113,-44.059651657 -72.2201637589999,-44.05995138 -72.219302754,-44.06029169 -72.2183915269999,-44.060648505 -72.2175205739999,-44.061000802 -72.2166748069999,-44.0615506849999 -72.2159246699999,-44.0620337519999 -72.2151760639999,-44.06254512 -72.214469586,-44.063023121 -72.213746602,-44.063520071 -72.212962595,-44.064053337 -72.212220165,-44.0645650179999 -72.21108801,-44.064601916 -72.209988515,-44.0646398719999 -72.208855033,-44.0646836499999 -72.206939437,-44.0644733149999 -72.2061843929999,-44.064326013 -72.204964989,-44.0640945989999 -72.203580202,-44.063827971 -72.203577809,-44.066089104 -72.2039976739999,-44.0667364139999 -72.203486347,-44.067463276 -72.203026499,-44.068106954 -72.202542383,-44.068785775 -72.2020987939999,-44.069415173 -72.201623479,-44.0700843019999 -72.2011708049999,-44.0707126619999 -72.200936983,-44.071309836 -72.20084529,-44.0722108219999 -72.200631254,-44.072835757 -72.200392014,-44.073573957 -72.199433357,-44.0736324609999 -72.1985696199999,-44.07368257 -72.197565515,-44.074047562 -72.196647677,-44.07437046 -72.1957248429999,-44.0746931369999 -72.194810004,-44.0750129419999 -72.1937642519999,-44.0752277939999 -72.192710657,-44.0755238259999 -72.191708052,-44.076130072 -72.19101642,-44.076548154 -72.1901712969999,-44.07705329 -72.1892991779999,-44.077592866 -72.18872607,-44.07800467 -72.188311961,-44.0787056789999 -72.1884039079999,-44.0792346859999 -72.1887462619999,-44.079966386 -72.1890973169999,-44.080620067 -72.189571007,-44.0811764759999 -72.1901754909999,-44.081887888 -72.190849078,-44.082699034 -72.1915822299999,-44.0835819499999 -72.191884589,-44.0844765049999 -72.192194118,-44.085436144 -72.191342272,-44.085835432 -72.190048986,-44.086272374 -72.189463702,-44.08664418 -72.1888591169999,-44.0870277499999 -72.187936825,-44.087652684 -72.187418185,-44.0882805329999 -72.187006835,-44.088779226 -72.1861470429999,-44.0898075609999 -72.186060776,-44.090543738 -72.185780181,-44.090960755 -72.185108483,-44.0915594319999 -72.184379607,-44.0921992799999 -72.183683128,-44.092722076 -72.182886971,-44.0933182109999 -72.1821723469999,-44.093851714 -72.1815952809999,-44.0942292629999 -72.180762694,-44.094797295 -72.179409166,-44.0959486049999 -72.179124319,-44.096663484 -72.17887175,-44.097379792 -72.17841684,-44.097819579 -72.177909615,-44.098458109 -72.177261401,-44.0990244619999 -72.176691772,-44.099611389 -72.176553568,-44.100142004 -72.17639301,-44.100675038 -72.1761611269999,-44.1011684059999 -72.1759090199999,-44.101595823 -72.175457949,-44.102218717 -72.175403635,-44.1025615419999 -72.175488103,-44.103148619 -72.1755129379999,-44.103807322 -72.1750695379999,-44.104583358 -72.174620063,-44.105355549 -72.1741503069999,-44.10617288 -72.173660591,-44.107012851 -72.172990568,-44.107871131 -72.172273359,-44.1087830659999 -72.171834949,-44.109355933 -72.171296669,-44.1100183299999 -72.170819052,-44.111095356 -72.1705747359999,-44.111650971 -72.17027216,-44.1124112109999 -72.169978149,-44.1130364429999 -72.169911884,-44.1133224339999 -72.16966737,-44.113706453 -72.1690052599999,-44.11447992 -72.1683826729999,-44.115239151 -72.167888977,-44.1157955969999 -72.1672110539999,-44.1163864499999 -72.166553012,-44.116963749 -72.165909223,-44.117524924 -72.165246144,-44.118089396 -72.164575854,-44.1186607069999 -72.163914506,-44.1192172029999 -72.1631714059999,-44.119648597 -72.162422458,-44.119985315 -72.161545916,-44.1203870049999 -72.160683803,-44.1208133549999 -72.160193103,-44.1215732979999 -72.1597815539999,-44.122285156 -72.159428234,-44.1230517559999 -72.1591119669999,-44.1236891889999 -72.158593114,-44.124107497 -72.15803248,-44.124552493 -72.157334754,-44.1250986819999 -72.156582736,-44.125671601 -72.1559233249999,-44.1261766929999 -72.155200892,-44.126700376 -72.154473058,-44.127237334 -72.153770757,-44.1277472859999 -72.1530295709999,-44.1282962349999 -72.152301919,-44.128813017 -72.151569651,-44.129324098 -72.1507651489999,-44.129780167 -72.149965966,-44.1302267299999 -72.1491565119999,-44.130673481 -72.148261265,-44.1310586669999 -72.147431269,-44.131407214 -72.146550038,-44.131765639 -72.1455320589999,-44.132144673 -72.144542374,-44.13253026 -72.1440441349999,-44.132986467 -72.1436240959999,-44.133417623 -72.1430083119999,-44.134092078 -72.142562819,-44.134573728 -72.1418635329999,-44.1352917299999 -72.141250336,-44.135878105 -72.140671818,-44.1363000599999 -72.1401000289999,-44.136670505 -72.139215312,-44.137054532 -72.1383810309999,-44.1373905729999 -72.1375892739999,-44.1375863339999 -72.1366885269999,-44.137704094 -72.136500016,-44.138308927 -72.136273338,-44.139004899 -72.1360257649999,-44.139776056 -72.135531837,-44.1403885289999 -72.134978503,-44.1410890839999 -72.1344647939999,-44.141585462 -72.133779685,-44.1421539679999 -72.133112868,-44.142713656 -72.13291924,-44.143133892 -72.132906347,-44.1437175619999 -72.1328754579999,-44.1445953419999 -72.132873607,-44.145353668 -72.1328239819999,-44.146071003 -72.1325071329999,-44.1468098029999 -72.1321578129999,-44.14745479 -72.131809694,-44.14810836 -72.131433274,-44.148816853 -72.1310575649999,-44.1495517399999 -72.130922965,-44.1502546039999 -72.130784148,-44.150928284 -72.130645665,-44.1516801129999 -72.1305042719999,-44.1524248489999 -72.13009527,-44.153868652 -72.129925042,-44.154408394 -72.12970848,-44.154928876 -72.1293771599999,-44.155603205 -72.129056068,-44.156259876 -72.129583854,-44.1566240659999 -72.1297364009999,-44.1570495779999 -72.1298998349999,-44.157688994 -72.130179141,-44.158424859 -72.130540824,-44.15914866 -72.130892612,-44.1598600569999 -72.131381071,-44.161392044 -72.1314592689999,-44.162113399 -72.131404155,-44.1636084089999 -72.1315927099999,-44.1636272819999 -72.131840783,-44.1642860159999 -72.1321093619999,-44.1649733519999 -72.1319208909999,-44.165365357 -72.13162102,-44.1655554279999 -72.130966379,-44.165976588 -72.130221579,-44.166471998 -72.1294811349999,-44.166954731 -72.1285336299999,-44.1671140129999 -72.127756913,-44.1674366569999 -72.1271417519999,-44.1677006149999 -72.12677453,-44.1685453489999 -72.126542635,-44.1693847559999 -72.1263604869999,-44.1701500629999 -72.1262234609999,-44.170370237 -72.1257568349999,-44.170665473 -72.124920494,-44.171037461 -72.124373522,-44.1713539849999 -72.123526752,-44.171878292 -72.1228293739999,-44.1723165129999 -72.12207324,-44.1725996659999 -72.1212793239999,-44.172885373 -72.120106515,-44.1734358209999 -72.119061759,-44.1735064169999 -72.1181715289999,-44.173660664 -72.117757791,-44.1737445649999 -72.117087485,-44.1738314369999 -72.115929947,-44.173723966 -72.1149489919999,-44.173868515 -72.1138253359999,-44.174040777 -72.113283944,-44.1738645029999 -72.1125374659999,-44.1736283939999 -72.111615705,-44.1733317599999 -72.11074415,-44.1732135569999 -72.1098691029999,-44.173115695 -72.109059614,-44.173301535 -72.1080797399999,-44.1735593929999 -72.107132384,-44.1738989099999 -72.106048008,-44.174157523 -72.104981293,-44.173983645 -72.104440906,-44.1738104149999 -72.1037997559999,-44.17353911 -72.1031268529999,-44.172897354 -72.1024533579999,-44.172668702 -72.102049043,-44.172174645 -72.101119699,-44.171837763 -72.1002507429999,-44.171575596 -72.0995365919999,-44.17147256 -72.0986230519999,-44.17179558 -72.097755279,-44.172136501 -72.096942699,-44.1724179619999 -72.0960872589999,-44.172728935 -72.095819589,-44.172932604 -72.095664916,-44.173137797 -72.0955543009999,-44.1737421989999 -72.0954178439999,-44.1745415679999 -72.095738281,-44.1750235219999 -72.096059735,-44.1755205329999 -72.0963039649999,-44.175906471 -72.096497345,-44.176347289 -72.0960278439999,-44.176778538 -72.095622191,-44.176365717 -72.094125063,-44.1751707079999 -72.093680123,-44.17595718 -72.093220752,-44.177237968 -72.092924562,-44.177914164 -72.092232192,-44.1785013159999 -72.091659136,-44.178989595 -72.091431138,-44.178902133 -72.0899865759999,-44.179674099 -72.0891508139999,-44.180093192 -72.0883394049999,-44.1805281119999 -72.08732295,-44.181061954 -72.0863756049999,-44.181378611 -72.0854595069999,-44.1817083019999 -72.0845370059999,-44.182025578 -72.0834975189999,-44.18238604 -72.08273539,-44.182449569 -72.081632451,-44.1825314769999 -72.080766148,-44.1824168699999 -72.0799782839999,-44.182406172 -72.079228266,-44.182378972 -72.078194019,-44.182346652 -72.0775189029999,-44.182681996 -72.0766815759999,-44.1830946539999 -72.0758380889999,-44.1834570949999 -72.0750658809999,-44.183630324 -72.0738849259999,-44.1838318709999 -72.071904345,-44.1845474629999 -72.0706567989999,-44.18475159 -72.069405038,-44.18519452 -72.0687929659999,-44.185498121 -72.0673855109999,-44.1861105089999 -72.0664824849999,-44.186503398 -72.065161756,-44.186512211 -72.0641453,-44.1866745849999 -72.063138239,-44.186839081 -72.061078258,-44.1871741589999 -72.060412044,-44.18743563 -72.059481763,-44.187784011 -72.0584478499999,-44.188193272 -72.057730637,-44.1884759179999 -72.0567301789999,-44.1888711719999 -72.055725504,-44.189179973 -72.054849126,-44.189442382 -72.054032859,-44.189685901 -72.0530571579999,-44.189932499 -72.051973618,-44.190203762 -72.0510162469999,-44.190438753 -72.0500571869999,-44.190852751 -72.0500463339999,-44.190601483 -72.048884292,-44.190868257 -72.047558453,-44.190872143 -72.04636964,-44.1907129219999 -72.045137481,-44.19055995 -72.044514028,-44.190519593 -72.0436279049999,-44.1904701789999 -72.042994532,-44.1906006039999 -72.0423812729999,-44.190726594 -72.0417109589999,-44.190865055 -72.040960285,-44.191019076 -72.040069649,-44.191744087 -72.039382331,-44.1925187479999 -72.0393144509999,-44.192362685 -72.038408165,-44.1927949679999 -72.037435643,-44.193075634 -72.036057458,-44.193436144 -72.034917373,-44.193594596 -72.033549825,-44.193705263 -72.032458721,-44.1937951049999 -72.031600526,-44.193856513 -72.0303484309999,-44.194134531 -72.029623767,-44.194287442 -72.027758448,-44.1943655499999 -72.025885563,-44.1944497329999 -72.0251342299999,-44.1945777949999 -72.02434764,-44.194804678 -72.023451177,-44.1951532859999 -72.02317533,-44.1950030419999 -72.022297436,-44.1951717169999 -72.021499546,-44.195331938 -72.0209078839999,-44.1954520749999 -72.020464986,-44.195887576 -72.019760339,-44.196577942 -72.0190007209999,-44.197229057 -72.018377242,-44.1979716779999 -72.018284686,-44.1978369249999 -72.0175408539999,-44.198231694 -72.016694355,-44.1984365239999 -72.014720741,-44.1987851719999 -72.013703108,-44.198961378 -72.012728467,-44.1991311369999 -72.0117443679999,-44.1992997409999 -72.010710245,-44.1994799889999 -72.010432967,-44.199449772 -72.0101288939999,-44.199370417 -72.00933237,-44.1989778399999 -72.008620433,-44.1986078199999 -72.007899262,-44.1982893169999 -72.0069499689999,-44.1984279129999 -72.005713279,-44.1986742839999 -72.004993032,-44.1988389479999 -72.004043317,-44.1990596099999 -72.0030356949999,-44.1994250339999 -72.002102904,-44.199846969 -72.001184887,-44.200204378 -72.0003170959999,-44.20053114 -71.99937381,-44.200915056 -71.998545817,-44.20124132 -71.9976089469999,-44.2016117969999 -71.9971767869999,-44.2018342219999 -71.996934929,-44.202084428 -71.9963936789999,-44.2027613019999 -71.9958318229999,-44.203491196 -71.995392883,-44.2040752419999 -71.994925139,-44.204787444 -71.994481579,-44.205454548 -71.994056191,-44.206084048 -71.993620157,-44.206745494 -71.993173332,-44.2074170989999 -71.992750282,-44.208078793 -71.992325321,-44.208711449 -71.991857259,-44.209413636 -71.9914212479999,-44.210076065 -71.9909820399999,-44.210739667 -71.9905122179999,-44.211451165 -71.990149404,-44.2120324269999 -71.990274411,-44.212561013 -71.990270885,-44.213126181 -71.989391347,-44.213430403 -71.988695015,-44.213671394 -71.9877860239999,-44.214425037 -71.9875174699999,-44.214840883 -71.987122509,-44.215543359 -71.986831482,-44.2159578879999 -71.985397694,-44.2167753479999 -71.984815144,-44.217461337 -71.984757039,-44.218192147 -71.984699859,-44.218794518 -71.9846688709999,-44.2191365099999 -71.984627307,-44.219389011 -71.983657173,-44.219947362 -71.983005743,-44.2202287549999 -71.9824165319999,-44.2204144729999 -71.981716655,-44.22062958 -71.9809634219999,-44.220710486 -71.980016937,-44.220409075 -71.979238414,-44.220184299 -71.9785873549999,-44.2198343379999 -71.978032871,-44.219302381 -71.9775173899999,-44.219001465 -71.976553375,-44.218779232 -71.975529549,-44.218588444 -71.9750849719999,-44.218460262 -71.974569399,-44.21830814 -71.973674863,-44.2180569349999 -71.972734649,-44.2177910079999 -71.971762126,-44.2175157529999 -71.97082925,-44.2172608079999 -71.970741644,-44.217150725 -71.968684836,-44.2163984329999 -71.966303449,-44.216877468 -71.9654062389999,-44.217227307 -71.9645248689999,-44.217548842 -71.963580862,-44.2178905809999 -71.962689043,-44.218212904 -71.962453115,-44.2182438959999 -71.962147457,-44.2182871649999 -71.961074697,-44.217946495 -71.960030783,-44.2176146859999 -71.958990113,-44.217283314 -71.9582462119999,-44.216797077 -71.957408884,-44.216253702 -71.95613493,-44.215883495 -71.955485814,-44.215446041 -71.955063751,-44.214943341 -71.954558294,-44.21431031 -71.953863758,-44.2138391359999 -71.953280467,-44.213506954 -71.952587753,-44.213080834 -71.951790081,-44.212668379 -71.9506462799999,-44.21246066 -71.9489445419999,-44.211421318 -71.948740985,-44.210586486 -71.94873932,-44.2100131679999 -71.9488947519999,-44.209323148 -71.949022498,-44.2087037759999 -71.9491224779999,-44.208110671 -71.9489564689999,-44.207372807 -71.948827211,-44.206628634 -71.948258557,-44.205877035 -71.947661344,-44.2052399889999 -71.947094915,-44.2046855959999 -71.94657618,-44.2041480509999 -71.946104254,-44.203596091 -71.945606824,-44.203024452 -71.944991097,-44.2024924039999 -71.944604128,-44.2024323529999 -71.943886259,-44.202063121 -71.9420957469999,-44.2011172649999 -71.941068575,-44.2008154379999 -71.940186216,-44.2010279209999 -71.939541003,-44.201423743 -71.9385735279999,-44.2017569929999 -71.937572621,-44.202102483 -71.935552574,-44.202801676 -71.9345897109999,-44.203136817 -71.933482909,-44.203520387 -71.9325181959999,-44.203861763 -71.931563903,-44.2042023289999 -71.9306837949999,-44.204516707 -71.929850618,-44.2048140639999 -71.9289242089999,-44.205130423 -71.9280566369999,-44.2054270209999 -71.927138062,-44.2057415949999 -71.92609572,-44.206094239 -71.9250704409999,-44.206443462 -71.9231660259999,-44.2070891069999 -71.922151914,-44.207432303 -71.9220691419999,-44.208117494 -71.9219193979999,-44.2087645089999 -71.9217726859999,-44.209434922 -71.9216251129999,-44.210088116 -71.9204878629999,-44.210091377 -71.919552337,-44.210088098 -71.918723207,-44.210099026 -71.917888208,-44.210383013 -71.917228151,-44.2106243659999 -71.9160657639999,-44.211058388 -71.915069337,-44.2114107319999 -71.9140593669999,-44.2117705319999 -71.913054298,-44.212129735 -71.912067216,-44.212482215 -71.911031162,-44.212851816 -71.910043161,-44.213204613 -71.909036067,-44.213565708 -71.9080149,-44.2139299209999 -71.907030918,-44.214281811 -71.905992993,-44.214662028 -71.905130421,-44.2149753309999 -71.904178571,-44.215315284 -71.903109516,-44.215713174 -71.902085993,-44.2160851049999 -71.9010137339999,-44.216469565 -71.899982333,-44.2168480129999 -71.899029635,-44.217195822 -71.8980150579999,-44.217553735 -71.8969924359999,-44.217914478 -71.895993227,-44.2182700889999 -71.894903603,-44.21865474 -71.894024934,-44.218964821 -71.8929650059999,-44.219343689 -71.891936044,-44.2197118679999 -71.890889525,-44.2200827999999 -71.889965575,-44.22041043 -71.8889960349999,-44.220766789 -71.887956172,-44.2211484969999 -71.887010512,-44.221490725 -71.885926399,-44.221882552 -71.884992454,-44.222222922 -71.88391396,-44.2226145229999 -71.882872189,-44.2229931639999 -71.881947474,-44.223328809 -71.880930182,-44.22370567 -71.879990907,-44.224051075 -71.878989121,-44.2244088959999 -71.877997066,-44.224861769 -71.877221388,-44.225493311 -71.876478982,-44.226094339 -71.875720918,-44.226707086 -71.8750008219999,-44.227299983 -71.8742765389999,-44.227886548 -71.87352721,-44.228494208 -71.8727994669999,-44.229086431 -71.872033041,-44.2297090079999 -71.871314392,-44.230296789 -71.870547829,-44.230921332 -71.86983888,-44.2315027079999 -71.869051374,-44.23214143 -71.868308859,-44.2327531129999 -71.867603015,-44.2333317699999 -71.866827561,-44.2339618949999 -71.866094936,-44.2345585309999 -71.865340628,-44.235174193 -71.8645883409999,-44.2357891849999 -71.863872832,-44.2363762849999 -71.863113497,-44.237000795 -71.862337652,-44.237643482 -71.861634114,-44.238225944 -71.860892382,-44.238838771 -71.860161438,-44.239441536 -71.859422246,-44.240046051 -71.858694768,-44.240646652 -71.857189214,-44.241887047 -71.856953513,-44.242002628 -71.856799407,-44.242076884 -71.856280312,-44.242171335 -71.8558573239999,-44.2422482659999 -71.855368927,-44.242337617 -71.8548908929999,-44.242418158 -71.8544130939999,-44.242505996 -71.853906918,-44.2425928709999 -71.8534191269999,-44.24268016 -71.852943175,-44.242763812 -71.8526777659999,-44.2427858419999</coordinates></LineString>
  </Placemark>
  <Placemark id="lineas_sea.8">
	<name>MONREAL-TEHUELCHE</name>
	<Style><LineStyle><color>ff0000ff</color></LineStyle><PolyStyle><fill>0</fill></PolyStyle></Style>
	<ExtendedData><SchemaData schemaUrl="#lineas_sea">
		<SimpleData name="OBJECTID_1">8</SimpleData>
		<SimpleData name="gml_id">lt_aysen_1e53e92a_60f0_49fb_ad34_479556b98cba.5</SimpleData>
		<SimpleData name="objectid">5</SimpleData>
		<SimpleData name="nombre">MONREAL-TEHUELCHE</SimpleData>
		<SimpleData name="tramo">MONREAL-TEHUELCHE</SimpleData>
		<SimpleData name="propiedad">EDELAYSEN</SimpleData>
		<SimpleData name="voltaje_kv">23</SimpleData>
		<SimpleData name="tipo">SubtransmisiEn</SimpleData>
		<SimpleData name="fecha_oper">Sin Informacion</SimpleData>
		<SimpleData name="estado">En Operacian</SimpleData>
		<SimpleData name="sist_elec">AysOn</SimpleData>
		<SimpleData name="fuent_base">Edelaysen</SimpleData>
		<SimpleData name="f_fbase">Abril 2011</SimpleData>
		<SimpleData name="f_f_actual">2013-06-02</SimpleData>
		<SimpleData name="fe_co_rev">29-11-2013</SimpleData>
		<SimpleData name="shape_leng">14934.9219043</SimpleData>
		<SimpleData name="Shape_Le_1">0.154958119264872</SimpleData>
	</SchemaData></ExtendedData>
      <LineString><coordinates>-72.0652493279999,-45.8730865859999 -72.0653463089999,-45.872823206 -72.065792575,-45.872467275 -72.065898088,-45.872440646 -72.0659831259999,-45.872413759 -72.0660450359999,-45.872395459 -72.066481991,-45.872257818 -72.067515741,-45.871912564 -72.0681265229999,-45.871652115 -72.06881,-45.8712220699999 -72.068922274,-45.871076624 -72.0687923369999,-45.8706712379999 -72.068561632,-45.8699502279999 -72.068331012,-45.869225259 -72.068089023,-45.868466697 -72.067894773,-45.867861196 -72.067652637,-45.867100739 -72.067408026,-45.866333557 -72.067364158,-45.8655587499999 -72.067321256,-45.8648047579999 -72.06727212,-45.863948901 -72.067231186,-45.863226101 -72.066888421,-45.8625374 -72.066562015,-45.86188566 -72.066270359,-45.8612982659999 -72.0661345459999,-45.860677344 -72.065976534,-45.859949555 -72.0658324029999,-45.859283595 -72.065697894,-45.858677196 -72.0658253889999,-45.857762604 -72.0659246279999,-45.857044575 -72.066015237,-45.856397428 -72.066108645,-45.855731363 -72.0664999969999,-45.8550454109999 -72.0667966029999,-45.8545222719999 -72.067148833,-45.853906326 -72.067539843,-45.8532165829999 -72.067958897,-45.8527893799999 -72.068677551,-45.852050802 -72.069311387,-45.8513988779999 -72.069926063,-45.850768148 -72.070475788,-45.8502040619999 -72.0711764,-45.8494864259999 -72.071828919,-45.849002465 -72.0725860049999,-45.848439997 -72.073343039,-45.847878243 -72.074099185,-45.847315922 -72.074860284,-45.84675462 -72.075616727,-45.846190946 -72.0763750039999,-45.845628843 -72.0769451899999,-45.845205299 -72.077032152,-45.8449221179999 -72.077153063,-45.8445292819999 -72.077265755,-45.8441630569999 -72.0773874619999,-45.8437672699999 -72.077617426,-45.8430208949999 -72.077735097,-45.842638145 -72.0778553219999,-45.84224592 -72.077812689,-45.84171272 -72.077785508,-45.8413736959999 -72.078678377,-45.841212664 -72.079583153,-45.84104797 -72.0803843099999,-45.8409019499999 -72.081308214,-45.8407381819999 -72.0820479559999,-45.840604081 -72.082947957,-45.840441668 -72.083905697,-45.840268301 -72.085096526,-45.840052816 -72.086027649,-45.8398858629999 -72.0857077919999,-45.839220123 -72.085405131,-45.838590192 -72.085093827,-45.83794339 -72.084808961,-45.8373501839999 -72.084426706,-45.836674116 -72.0840433129999,-45.835992888 -72.0836639359999,-45.835321211 -72.0832600099999,-45.8346045329999 -72.0828695069999,-45.8339120479999 -72.082473798,-45.8332109679999 -72.08208122,-45.832514197 -72.0816995609999,-45.8318377759999 -72.081296375,-45.8311226389999 -72.080897925,-45.830415633 -72.080520338,-45.829748041 -72.080397524,-45.82903422 -72.080276617,-45.828340609 -72.0802076049999,-45.827942102 -72.0801349389999,-45.8275174889999 -72.080070542,-45.8271488899999 -72.0799969939999,-45.826721466 -72.0799276289999,-45.8263248389999 -72.079855707,-45.8259106849999 -72.079791438,-45.8255421809999 -72.079715687,-45.8251052479999 -72.079644506,-45.824691743 -72.0795813889999,-45.824328309 -72.0795080779999,-45.8238964779999 -72.0788570679999,-45.8237635369999 -72.077633861,-45.823514512 -72.076409815,-45.8232645529999 -72.076509737,-45.822521868 -72.076606504,-45.821839406 -72.0767009589999,-45.821156795 -72.0767693289999,-45.820667386 -72.0765535259999,-45.820012203 -72.076321622,-45.819308183 -72.0760943879999,-45.8186183249999 -72.075848924,-45.8178735459999 -72.0756478599999,-45.81726176 -72.075419771,-45.816568817 -72.0749508659999,-45.815949449 -72.074491479,-45.8153426539999 -72.073848524,-45.8148224179999 -72.072737261,-45.8141143 -72.072182846,-45.8136316969999 -72.07229024,-45.813304311 -72.072789458,-45.81227674 -72.073618333,-45.8111547399999 -72.0741123,-45.810540873 -72.0745937359999,-45.8099424329999 -72.075098172,-45.809317489 -72.075563828,-45.8087373619999 -72.07596897,-45.8082311979999 -72.076405721,-45.8076890299999 -72.076819852,-45.8072960499999 -72.077219769,-45.806916385 -72.077609126,-45.8065465289999 -72.078031241,-45.806143307 -72.078367235,-45.805819156 -72.078681503,-45.80552397 -72.079128144,-45.805155935 -72.0795742349999,-45.804788424 -72.079949595,-45.8044789539999 -72.0803637929999,-45.804137897 -72.080749886,-45.8038198799999 -72.081088182,-45.8035422209999 -72.0814236579999,-45.8032642209999 -72.0821110589999,-45.8033144619999 -72.0828892599999,-45.8030503809999 -72.0836665369999,-45.8027866309999 -72.084619039,-45.802464436 -72.085410398,-45.8020217439999 -72.0862278129999,-45.801565309 -72.087273056,-45.80142331 -72.088052992,-45.8022850259999 -72.0883221129999,-45.802582967 -72.089138922,-45.8025773329999 -72.0902182029999,-45.802330599 -72.091068537,-45.8021333739999 -72.092043829,-45.8019087229999 -72.092988398,-45.8016907539999 -72.093985217,-45.801462675 -72.094926196,-45.8008853859999 -72.095649454,-45.800441248 -72.096511826,-45.799910009 -72.0963785169999,-45.79975397 -72.0973309949999,-45.799365424 -72.098272669,-45.798976506 -72.09912636,-45.7986263879999 -72.100025581,-45.7982566279999 -72.101031988,-45.7978444889999 -72.101942348,-45.797467887 -72.1027812459999,-45.797124206 -72.103451037,-45.796490551 -72.10416047,-45.7959954259999 -72.1048462909999,-45.7955161689999 -72.105518277,-45.795050418 -72.106238279,-45.7945467279999 -72.1069369269999,-45.794060132 -72.107598488,-45.793598695 -72.108288997,-45.793117195 -72.108854964,-45.7927224539999 -72.109375621,-45.79229308 -72.110003217,-45.7917736159999 -72.110518032,-45.7911583169999 -72.111017013,-45.790565387 -72.1115635529999,-45.789913354 -72.11203296,-45.789354504 -72.112616605,-45.7886586729999 -72.112913083,-45.788694881 -72.113402218,-45.788373779 -72.114164957,-45.787881469 -72.114838575,-45.787443066 -72.1154740649999,-45.787030247 -72.116207946,-45.7865554649999 -72.117067715,-45.7859943029999 -72.11761453,-45.785658887 -72.1183248,-45.785217158 -72.119146195,-45.784705774 -72.119937437,-45.7842175649999 -72.1202681299999,-45.783676783 -72.1206136009999,-45.7831162109999 -72.1207833619999,-45.7824753309999 -72.120921547,-45.781950394 -72.1210779799999,-45.781360841 -72.121219533,-45.780822847 -72.121382537,-45.780207988 -72.12152128,-45.779681984 -72.1216622009999,-45.7791510829999 -72.121802696,-45.7786134209999 -72.121871121,-45.778083932 -72.121950157,-45.7774782069999 -72.122024252,-45.776900978 -72.1220889959999,-45.7763929069999 -72.122177845,-45.775703903 -72.12226335,-45.7750373179999 -72.1223795559999,-45.774136589 -72.122361123,-45.7734476699999 -72.1223391679999,-45.772757223 -72.121518637,-45.772154202 -72.1206909369999,-45.771545863 -72.12010649,-45.771119255 -72.1195998059999,-45.7707487009999 -72.119222024,-45.7704724819999</coordinates></LineString>
  </Placemark>
  <Placemark id="lineas_sea.9">
	<name>RIO AZUL-SANTA BARBARA</name>
	<Style><LineStyle><color>ff0000ff</color></LineStyle><PolyStyle><fill>0</fill></PolyStyle></Style>
	<ExtendedData><SchemaData schemaUrl="#lineas_sea">
		<SimpleData name="OBJECTID_1">9</SimpleData>
		<SimpleData name="gml_id">lt_aysen_1e53e92a_60f0_49fb_ad34_479556b98cba.6</SimpleData>
		<SimpleData name="objectid">6</SimpleData>
		<SimpleData name="nombre">RIO AZUL-SANTA BARBARA</SimpleData>
		<SimpleData name="tramo">RIO AZUL-SANTA BARBARA</SimpleData>
		<SimpleData name="propiedad">EDELAYSEN</SimpleData>
		<SimpleData name="voltaje_kv">23</SimpleData>
		<SimpleData name="tipo">SubtransmisiTn</SimpleData>
		<SimpleData name="fecha_oper">Sin Informacion</SimpleData>
		<SimpleData name="estado">En Operacian</SimpleData>
		<SimpleData name="sist_elec">AysOn</SimpleData>
		<SimpleData name="fuent_base">Edelaysen</SimpleData>
		<SimpleData name="f_fbase">Abril 2011</SimpleData>
		<SimpleData name="f_f_actual">2013-06-02</SimpleData>
		<SimpleData name="fe_co_rev">29-11-2013</SimpleData>
		<SimpleData name="shape_leng">105337.108758</SimpleData>
		<SimpleData name="Shape_Le_1">1.09337609147614</SimpleData>
	</SchemaData></ExtendedData>
      <LineString><coordinates>-72.126059262,-43.493601084 -72.12587931,-43.4931610679999 -72.1255403869999,-43.49254518 -72.1252024359999,-43.491825596 -72.124979068,-43.491300036 -72.125601419,-43.4912227799999 -72.1261111709999,-43.4906752369999 -72.126642734,-43.490092588 -72.127130409,-43.489478221 -72.12740428,-43.488785369 -72.1276457829999,-43.488235217 -72.12801839,-43.4877651579999 -72.128568382,-43.4871214689999 -72.129089482,-43.486500102 -72.129669795,-43.4858240369999 -72.129992317,-43.485439594 -72.1308622339999,-43.4843606979999 -72.1315928609999,-43.484632575 -72.132298493,-43.484837016 -72.133105268,-43.485080814 -72.133960201,-43.4853340069999 -72.134639427,-43.4855349809999 -72.135627023,-43.485456655 -72.1366129849999,-43.4853709879999 -72.13754045,-43.485285467 -72.1380690349999,-43.485238836 -72.139284687,-43.485130537 -72.139692106,-43.485075733 -72.140264045,-43.484747113 -72.1411052679999,-43.484272173 -72.141955138,-43.4837499029999 -72.142625475,-43.48333478 -72.142776308,-43.482855344 -72.142876434,-43.4824049809999 -72.143032682,-43.48176344 -72.143636079,-43.4811205629999 -72.1442017479999,-43.480545975 -72.144727044,-43.4800040489999 -72.145318752,-43.479390672 -72.145886838,-43.478813975 -72.1465321709999,-43.478145661 -72.147032963,-43.4776243589999 -72.1479319749999,-43.476716849 -72.148094565,-43.476164952 -72.1483007849999,-43.475353137 -72.1484659239999,-43.4747521429999 -72.148653173,-43.474059509 -72.148879462,-43.473243872 -72.149034334,-43.472650635 -72.1491474159999,-43.4722545189999 -72.1492616209999,-43.4718818389999 -72.149365565,-43.4714907159999 -72.1494770039999,-43.471066379 -72.149686676,-43.470295972 -72.149829622,-43.4697404309999 -72.149897314,-43.4694444689999 -72.1502169839999,-43.4685874909999 -72.150473233,-43.468051251 -72.150835484,-43.4673189499999 -72.151233287,-43.466574298 -72.1516222779999,-43.4658486019999 -72.1517965589999,-43.4655200029999 -72.151971564,-43.465191692 -72.1524253869999,-43.464356419 -72.152066036,-43.463607027 -72.1517503219999,-43.463047162 -72.150919776,-43.460917603 -72.150665246,-43.460271388 -72.1505104679999,-43.45970662 -72.15034571,-43.458936147 -72.1502180319999,-43.4583550369999 -72.1500595209999,-43.4576542249999 -72.149681651,-43.457010963 -72.1488509,-43.455319936 -72.1487042919999,-43.4547423139999 -72.148502792,-43.453952283 -72.1483783159999,-43.4534403069999 -72.148884583,-43.4524848089999 -72.148969681,-43.452325502 -72.149542749,-43.451854608 -72.150201008,-43.4513141689999 -72.1506353509999,-43.450957393 -72.150936793,-43.450709484 -72.151670429,-43.4501107739999 -72.1521848049999,-43.4496809 -72.152905268,-43.4491016599999 -72.1534629929999,-43.448640358 -72.1540117499999,-43.448188283 -72.154509123,-43.4477671569999 -72.155312378,-43.447113165 -72.156077093,-43.446990937 -72.1572714439999,-43.446792691 -72.158391775,-43.4466048359999 -72.159198531,-43.4464712079999 -72.159961231,-43.446344132 -72.1611367049999,-43.446152669 -72.162116939,-43.445990018 -72.1632417559999,-43.445259053 -72.1638190959999,-43.444933417 -72.164856051,-43.444325943 -72.1661550269999,-43.443581803 -72.16648077,-43.443390817 -72.166974055,-43.4432397259999 -72.167512102,-43.4430773189999 -72.1679983829999,-43.442930551 -72.168737354,-43.442706943 -72.168949717,-43.4426761 -72.169988412,-43.4423234179999 -72.1702243139999,-43.441710998 -72.1704019109999,-43.441267748 -72.170620792,-43.440699563 -72.1707357449999,-43.440356859 -72.17072651,-43.4400170229999 -72.170703794,-43.43945753 -72.1707106869999,-43.438901652 -72.170694372,-43.438570554 -72.170704131,-43.4377359119999 -72.17070957,-43.436649428 -72.172456331,-43.4361776699999 -72.17348028,-43.435905261 -72.174117944,-43.435737632 -72.17462081,-43.4355992599999 -72.1753540679999,-43.4353817689999 -72.176309154,-43.4351310399999 -72.177287521,-43.4348736759999 -72.1778583569999,-43.4347213029999 -72.17942167,-43.4343025279999 -72.180297546,-43.4340647559999 -72.180824797,-43.4339220959999 -72.1817799359999,-43.433669251 -72.182574856,-43.433719195 -72.183344661,-43.433767253 -72.183681534,-43.43436969 -72.184012745,-43.434993145 -72.1843912269999,-43.435697622 -72.185270142,-43.4367047869999 -72.185484053,-43.4369516159999 -72.185977717,-43.4375201829999 -72.186254113,-43.4378317549999 -72.187047707,-43.438178116 -72.188064635,-43.4385631 -72.1889693539999,-43.439007529 -72.190381889,-43.4391268099999 -72.191572762,-43.4392194659999 -72.192640383,-43.43932169 -72.1935295649999,-43.439397731 -72.19442206,-43.4391349589999 -72.195401718,-43.4388467699999 -72.196442079,-43.438461294 -72.199137734,-43.438184548 -72.199841481,-43.438190361 -72.2014272609999,-43.438033295 -72.202212679,-43.437953308 -72.202908916,-43.437902197 -72.204443015,-43.4377348209999 -72.2054686509999,-43.4375842499999 -72.208543979,-43.437348888 -72.2097185599999,-43.4372100209999 -72.210123943,-43.436973407 -72.210989094,-43.43645108 -72.211278385,-43.436304632 -72.211688424,-43.436060562 -72.212401894,-43.435652467 -72.212886688,-43.4353703309999 -72.213774227,-43.434857173 -72.214280151,-43.434566632 -72.214965107,-43.434141081 -72.216400329,-43.4333280179999 -72.2167296379999,-43.4329603269999 -72.2175393269999,-43.432058006 -72.217932962,-43.431626153 -72.219201341,-43.430162459 -72.220139166,-43.4291499719999 -72.22038706,-43.428989079 -72.220808908,-43.4287954129999 -72.221312325,-43.428609039 -72.221926835,-43.428451474 -72.222753272,-43.4281817419999 -72.224609135,-43.4275359069999 -72.225442706,-43.4271311869999 -72.226285165,-43.4266668939999 -72.226948993,-43.426264616 -72.227166486,-43.4261574409999 -72.228450653,-43.425309048 -72.229205211,-43.424647678 -72.230279588,-43.4241508929999 -72.230681765,-43.4239808409999 -72.2312413449999,-43.4239888189999 -72.2329270709999,-43.4242659879999 -72.235015037,-43.4238863419999 -72.235494398,-43.423559051 -72.236204012,-43.423093181 -72.2376541899999,-43.422389962 -72.238026399,-43.422245271 -72.2387662419999,-43.4220781289999 -72.239534033,-43.421912918 -72.2405285899999,-43.421688262 -72.241176513,-43.421534822 -72.242095827,-43.421141684 -72.242592356,-43.420924617 -72.243116363,-43.420711634 -72.243792484,-43.4201870159999 -72.243986756,-43.4200650229999 -72.244780126,-43.419367931 -72.245341541,-43.418828114 -72.245917827,-43.4182788379999 -72.246742849,-43.416828095 -72.2467311299999,-43.4162911179999 -72.246711311,-43.415919158 -72.246840729,-43.4149878979999 -72.2473277289999,-43.414306455 -72.247851645,-43.4135842119999 -72.2481606269999,-43.412900639 -72.2497617349999,-43.4119240429999 -72.2502707799999,-43.411586417 -72.250711451,-43.4113431219999 -72.251233452,-43.411136535 -72.25176916,-43.4109025449999 -72.2525646079999,-43.410190229 -72.2528801889999,-43.40994626 -72.2547875989999,-43.409312514 -72.255275992,-43.409212152 -72.256310707,-43.408636557 -72.2567821979999,-43.4082320969999 -72.2572069399999,-43.408001358 -72.257762664,-43.407927451 -72.259188809,-43.407171069 -72.26023859,-43.40688139 -72.2616313359999,-43.4059990289999 -72.262275791,-43.405386027 -72.262964993,-43.404771753 -72.26361296,-43.40419259 -72.2641914019999,-43.4036351679999 -72.264443559,-43.403292321 -72.264938043,-43.4030360319999 -72.265378348,-43.402751526 -72.266217132,-43.4021129 -72.2667204859999,-43.4017578679999 -72.2670960089999,-43.401411572 -72.267527163,-43.4011570879999 -72.2679348889999,-43.400874314 -72.268372643,-43.400538775 -72.268754227,-43.4002852629999 -72.269165882,-43.3999779979999 -72.269569216,-43.3996964629999 -72.2700650909999,-43.3993283619999 -72.270465723,-43.3990572939999 -72.2708965689999,-43.398745709 -72.271296875,-43.398451489 -72.272302135,-43.3977240569999 -72.272578411,-43.397527262 -72.2730328769999,-43.3970740679999 -72.273476063,-43.396646443 -72.274112999,-43.396019958 -72.274494396,-43.395640014 -72.2748689049999,-43.395275931 -72.2761093569999,-43.3940672539999 -72.277307878,-43.3928950179999 -72.278006325,-43.392133754 -72.278611153,-43.3915466349999 -72.278921564,-43.391336322 -72.279782934,-43.390646902 -72.280695253,-43.39004341 -72.281451563,-43.389463481 -72.2819260699999,-43.3891279539999 -72.2824631299999,-43.3886136589999 -72.282901871,-43.388210741 -72.283591424,-43.387543498 -72.284339341,-43.386987029 -72.2856941599999,-43.386089692 -72.287327467,-43.385883306 -72.289112973,-43.3857600059999 -72.290283491,-43.385655232 -72.2908299109999,-43.38562668 -72.291954505,-43.385524582 -72.292702484,-43.385491164 -72.2939330359999,-43.3857957239999 -72.2944835759999,-43.385949212 -72.295477405,-43.386264088 -72.2958776959999,-43.386401319 -72.296635379,-43.38664127 -72.297717457,-43.386998729 -72.298283899,-43.387183728 -72.2988290289999,-43.387359486 -72.299599289,-43.387647522 -72.3004986029999,-43.387970835 -72.30213493,-43.389871667 -72.3037573139999,-43.39034122 -72.30475849,-43.390623956 -72.305696763,-43.3908888129999 -72.3064797339999,-43.391120201 -72.307489823,-43.391372331 -72.30787746,-43.3914705079999 -72.308344607,-43.3916802169999 -72.3093600289999,-43.392146919 -72.310114013,-43.392487172 -72.310868586,-43.392872902 -72.3113455289999,-43.393238412 -72.311912378,-43.393821217 -72.312433175,-43.394359628 -72.313003602,-43.394767035 -72.314399759,-43.395490868 -72.315337171,-43.395928764 -72.316066459,-43.3963407849999 -72.316771643,-43.3967368419999 -72.317462818,-43.3971595749999 -72.3179481189999,-43.3974520529999 -72.318469049,-43.397765443 -72.319328964,-43.3982737859999 -72.320171215,-43.398782609 -72.321029826,-43.399295949 -72.322019696,-43.399717102 -72.322954344,-43.400125159 -72.323430232,-43.400209143 -72.324237204,-43.400331578 -72.3254286119999,-43.400225765 -72.3258045269999,-43.400185402 -72.326820857,-43.400098795 -72.3273778069999,-43.400049606 -72.328175008,-43.3999759609999 -72.329265339,-43.399877106 -72.3302738799999,-43.399787676 -72.330898024,-43.3998278239999 -72.331428949,-43.399938091 -72.3320458379999,-43.400061975 -72.333189272,-43.4002385699999 -72.334429114,-43.400483488 -72.3361250849999,-43.400838602 -72.3387163419999,-43.4019231189999 -72.339185512,-43.402147245 -72.3399754229999,-43.4024886779999 -72.3409893469999,-43.403687679 -72.341846639,-43.4043750509999 -72.342370923,-43.404694983 -72.343307166,-43.4050290819999 -72.3437756979999,-43.405192491 -72.344556983,-43.405469947 -72.3453458609999,-43.405901624 -72.345885649,-43.4062320739999 -72.346688088,-43.4070548989999 -72.349177669,-43.4080544349999 -72.350522441,-43.4092567929999 -72.3511653419999,-43.4097529319999 -72.351935109,-43.410407227 -72.3528127439999,-43.411032323 -72.353508169,-43.411551184 -72.354532427,-43.413778502 -72.354696674,-43.414380045 -72.3564009839999,-43.4157497469999 -72.357906585,-43.416904867 -72.358623882,-43.4174713799999 -72.359474286,-43.417871609 -72.3601822049999,-43.418154376 -72.361274486,-43.417758417 -72.362589494,-43.417170772 -72.364293849,-43.416348276 -72.365098001,-43.416024417 -72.366718733,-43.4153031349999 -72.3684693399999,-43.414525221 -72.368893444,-43.414337539 -72.369333546,-43.41414257 -72.369742774,-43.4139588629999 -72.370190463,-43.4137568639999 -72.370458115,-43.4135568409999 -72.370486017,-43.413100646 -72.370510512,-43.4122124739999 -72.370513078,-43.4119620559999 -72.370517352,-43.411027411 -72.3705250259999,-43.4106618659999 -72.370527561,-43.410198153 -72.370538352,-43.4097548889999 -72.37081002,-43.408973693 -72.370946137,-43.408576528 -72.371085788,-43.407892144 -72.3712017569999,-43.407272668 -72.3712668699999,-43.406960845 -72.371518286,-43.4065330179999 -72.3717316669999,-43.4061707619999 -72.3720040169999,-43.4056899349999 -72.372418528,-43.4053140249999 -72.3726923689999,-43.4045671769999 -72.373129626,-43.403830566 -72.373519834,-43.4031937139999 -72.373910897,-43.40253689 -72.373993501,-43.402094195 -72.374070068,-43.4016768399999 -72.374209422,-43.400872336 -72.374358151,-43.400113695 -72.3744559049999,-43.399491637 -72.3745722419999,-43.398865235 -72.3747131389999,-43.398093268 -72.374841379,-43.397385566 -72.374848852,-43.396655192 -72.375044572,-43.396154499 -72.3753238589999,-43.394828032 -72.375350703,-43.394252153 -72.3757211189999,-43.392690445 -72.375500202,-43.3921853159999 -72.375145408,-43.3914668799999 -72.374497205,-43.3910904099999 -72.3737588509999,-43.3907232079999 -72.373150911,-43.390326768 -72.373321947,-43.3899028509999 -72.3736895389999,-43.389092788 -72.373868471,-43.3886545559999 -72.374277959,-43.387814481 -72.3744777809999,-43.387369705 -72.374629442,-43.386870882 -72.3748553349999,-43.386539789 -72.37506001,-43.386096744 -72.375255104,-43.3856582509999 -72.37556625,-43.385699879 -72.3759565559999,-43.384922832 -72.376247935,-43.384361128 -72.376433381,-43.383979943 -72.376664557,-43.383468717 -72.377015703,-43.3826944589999 -72.377223635,-43.382258237 -72.3774864389999,-43.38168588 -72.377827236,-43.3811768959999 -72.378196445,-43.380698814 -72.378404201,-43.380446618 -72.378821977,-43.379918328 -72.3791957509999,-43.379468529 -72.379635315,-43.379015736 -72.380071356,-43.3784354589999 -72.3805539369999,-43.3778519259999 -72.380996975,-43.377295035 -72.3811898659999,-43.377080849 -72.381419872,-43.3769104589999 -72.381950382,-43.3766523259999 -72.3827766809999,-43.3763126379999 -72.3834754279999,-43.3760226059999 -72.384262082,-43.375700277 -72.385015182,-43.3753887899999 -72.385573855,-43.3751610849999 -72.386280805,-43.3747801069999 -72.386627904,-43.374147622 -72.386890868,-43.3734594599999 -72.386890544,-43.373050421 -72.38590041,-43.372172441 -72.38602158,-43.37171072 -72.385917653,-43.371662064 -72.387161303,-43.370985342 -72.387839844,-43.37061784 -72.388703257,-43.370143995 -72.388864215,-43.369778346 -72.389012142,-43.369420052 -72.3892594709999,-43.368830476 -72.389391543,-43.368519448 -72.389522433,-43.368244588 -72.389938001,-43.367990634 -72.390302095,-43.3678001489999 -72.390715099,-43.3675454139999 -72.391063085,-43.367347716 -72.391441008,-43.3671281009999 -72.3918129579999,-43.3669182519999 -72.3931011129999,-43.366302084 -72.3935891359999,-43.365854121 -72.394056646,-43.365409561 -72.3945532779999,-43.364953327 -72.394916036,-43.3646174789999 -72.395341189,-43.364210573 -72.3960147939999,-43.3635950409999 -72.3965782829999,-43.3630753159999 -72.397042573,-43.3626443549999 -72.3977268419999,-43.362018161 -72.398197554,-43.361580948 -72.39870361,-43.3611134769999 -72.399174391,-43.3606801339999 -72.399899913,-43.3599941809999 -72.400534544,-43.359462638 -72.4015793849999,-43.358438469 -72.401978281,-43.3573785419999 -72.4021498229999,-43.356958732 -72.4022762979999,-43.3566205499999 -72.402411435,-43.35626726 -72.402540984,-43.3559292379999 -72.402681533,-43.355567607 -72.4028166689999,-43.3552142259999 -72.402925786,-43.3548633139999 -72.403186455,-43.3542108939999 -72.403700449,-43.3538586459999 -72.4040982229999,-43.3535957719999 -72.4057327369999,-43.352309353 -72.406761967,-43.351771065 -72.406731679,-43.350043488 -72.4067754289999,-43.3496826259999 -72.4068461849999,-43.3490874739999 -72.4068792959999,-43.3487909259999 -72.4070216059999,-43.348062522 -72.407098548,-43.34764353 -72.4072290129999,-43.347109065 -72.407321284,-43.346758757 -72.40727763,-43.345729917 -72.407262594,-43.3454138189999 -72.4071633949999,-43.3448318279999 -72.407179473,-43.3442167069999 -72.4066447719999,-43.343997493 -72.4057805529999,-43.3439002709999 -72.4056240359999,-43.342839877 -72.40572635,-43.341411346 -72.4061337049999,-43.340932956 -72.4064610469999,-43.340522887 -72.4067425,-43.3399591629999 -72.407878349,-43.337806324 -72.408298655,-43.337176238 -72.408577114,-43.336586422 -72.4085423399999,-43.335983202 -72.4084970229999,-43.3355843049999 -72.408630726,-43.334885776 -72.408742299,-43.334020176 -72.408668253,-43.3330470079999 -72.408780141,-43.33228991 -72.4089885879999,-43.3319216149999 -72.40965461,-43.330787847 -72.410074642,-43.330325036 -72.410528272,-43.329776728 -72.4109255229999,-43.328941277 -72.4112607609999,-43.3285781 -72.4117116959999,-43.3280868099999 -72.411990709,-43.327508251 -72.412631026,-43.326036339 -72.4128412539999,-43.325604691 -72.413024811,-43.3252347439999 -72.4132420189999,-43.324731495 -72.413580549,-43.3239673649999 -72.4142343409999,-43.3232076639999 -72.415092713,-43.3221425909999 -72.41613577,-43.321909569 -72.4172769629999,-43.3211474509999 -72.417833147,-43.320425228 -72.4181596299999,-43.3198649239999 -72.41778647,-43.319056071 -72.4174004349999,-43.318210823 -72.417599724,-43.3172646309999 -72.4178458119999,-43.3162847419999 -72.4179285179999,-43.315665629 -72.418033888,-43.314837423 -72.41816729,-43.3137956529999 -72.4187980149999,-43.313128231 -72.419617245,-43.3122832769999 -72.420171959,-43.3116834589999 -72.420706316,-43.311106949 -72.420861193,-43.310529618 -72.421003105,-43.309917691 -72.421158281,-43.3092456479999 -72.421373488,-43.308256139 -72.4215461059999,-43.307474735 -72.4217293739999,-43.3067415579999 -72.421882158,-43.305933325 -72.422066602,-43.3050380189999 -72.42225644,-43.304251149 -72.42245941,-43.3035181459999 -72.422595046,-43.3027213189999 -72.4227596759999,-43.301938471 -72.422696822,-43.301051365 -72.4226760509999,-43.3002040109999 -72.422615161,-43.2993317139999 -72.4225845139999,-43.298496384 -72.4225363039999,-43.297604114 -72.422516539,-43.296887607 -72.422451624,-43.295926892 -72.422416513,-43.295045542 -72.4223508919999,-43.294092824 -72.422297332,-43.293233927 -72.42223931,-43.29240185 -72.422186799,-43.291544417 -72.4221332979999,-43.29068417 -72.422084104,-43.289847429 -72.4220285329999,-43.289050792 -72.42197208,-43.2882255019999 -72.422046467,-43.2866372199999 -72.422186739,-43.285779272 -72.4224224129999,-43.2851164219999 -72.422667067,-43.284433427 -72.4227254629999,-43.2835585949999 -72.42273267,-43.282740233 -72.422755997,-43.2822725669999 -72.422792681,-43.281474046 -72.422840688,-43.280649581 -72.4229286839999,-43.2799549499999 -72.423044976,-43.279214676 -72.423163286,-43.2784032289999 -72.42328792,-43.2776228079999 -72.423380697,-43.276826361 -72.423511987,-43.275926069 -72.4236350589999,-43.2751006839999 -72.4237517139999,-43.274295861 -72.423873799,-43.273446953 -72.424010516,-43.272639612 -72.424080127,-43.272049996 -72.423463526,-43.271519019 -72.4228789429999,-43.27098876 -72.422245709,-43.270423277 -72.421624696,-43.269872113 -72.421865955,-43.2691513149999 -72.422133506,-43.2683067679999 -72.422701221,-43.266652893 -72.422977719,-43.26589354 -72.423244906,-43.265050964 -72.423628817,-43.2639851129999 -72.4237308359999,-43.2635265129999 -72.4246409799999,-43.261308156 -72.425219354,-43.259865643 -72.425298789,-43.259100675 -72.42536047,-43.2583155899999 -72.425634193,-43.257588041 -72.4258904339999,-43.256763668 -72.426148928,-43.255961675 -72.426430728,-43.255135534 -72.426716072,-43.254295246 -72.426983859,-43.25347095 -72.427214992,-43.252709486 -72.4274917509999,-43.251856037 -72.427724704,-43.251144672 -72.42796914,-43.2503769309999 -72.428222988,-43.249642895 -72.428430823,-43.2488343529999 -72.4287437099999,-43.24806689 -72.429011966,-43.247303194 -72.429285921,-43.246488754 -72.4295521609999,-43.2456848539999 -72.429850598,-43.244829727 -72.4301022,-43.2440337789999 -72.430371614,-43.243259211 -72.4306492549999,-43.2424294539999 -72.430929922,-43.241612459 -72.4312216559999,-43.2407868879999 -72.4314703159999,-43.2400102289999 -72.431734332,-43.2391991609999 -72.432003026,-43.2383732499999 -72.4322320049999,-43.237610193 -72.432487437,-43.2367947889999 -72.432734709,-43.2359858619999 -72.432999748,-43.235149513 -72.433244639,-43.234364661 -72.433497324,-43.2335230799999 -72.433757774,-43.232640077 -72.43398963,-43.231845477 -72.4342264059999,-43.2310567499999 -72.434452909,-43.230260318 -72.435141965,-43.229564841 -72.4356669269999,-43.229029548 -72.4363901849999,-43.2282988159999 -72.437087237,-43.227593692 -72.4378344629999,-43.226842598 -72.438581191,-43.2260706009999 -72.439129542,-43.225513306 -72.4405080449999,-43.224113385 -72.441589554,-43.223254051 -72.443253343,-43.222036413 -72.445655565,-43.219948018 -72.446257648,-43.219135912 -72.446677891,-43.2187245499999 -72.446776066,-43.218307437 -72.4479428879999,-43.217623449 -72.449448435,-43.217406829 -72.450035875,-43.21643915 -72.450881888,-43.2160279939999 -72.4520309059999,-43.2151161309999 -72.4526754249999,-43.2147893389999 -72.453992549,-43.2139897869999 -72.454829112,-43.2131179369999 -72.45476272,-43.212607115 -72.4545992509999,-43.211926572 -72.454452967,-43.2112383959999 -72.4543961109999,-43.210534024 -72.4543135179999,-43.210019239 -72.454762638,-43.209245278 -72.455295764,-43.2085465659999 -72.455774629,-43.207921014 -72.456585693,-43.206851489 -72.457534373,-43.205591528 -72.458516757,-43.2052437629999 -72.459157698,-43.204872284 -72.459448446,-43.204480416 -72.460163945,-43.203501392 -72.4606536909999,-43.202827981 -72.461008796,-43.202338046 -72.4611780399999,-43.2021004119999 -72.461116566,-43.200823299 -72.461061421,-43.2002390769999 -72.4610474089999,-43.199550425 -72.460866983,-43.1981266069999 -72.460901494,-43.197451999 -72.461273842,-43.1969371449999 -72.461688588,-43.1963494 -72.462135631,-43.195694842 -72.462653487,-43.194976486 -72.4636654569999,-43.193559407 -72.4615042569999,-43.1913429689999 -72.4607861009999,-43.190598344 -72.458616808,-43.1893347239999 -72.457890842,-43.188797355 -72.45720755,-43.188148294 -72.4563980729999,-43.187480304 -72.4556629159999,-43.186851237 -72.455142039,-43.186410614 -72.454608064,-43.185956641 -72.453620394,-43.185213715 -72.452773142,-43.184535764 -72.4520260319999,-43.183944315 -72.451223577,-43.183331998 -72.449943737,-43.182746487 -72.4490488659999,-43.182345034 -72.4479101329999,-43.181843591 -72.446762023,-43.1813549839999 -72.4456787299999,-43.18085854 -72.443253768,-43.179831661 -72.440539706,-43.17821157 -72.438734573,-43.177330013 -72.4375823779999,-43.177548563 -72.435105128,-43.1775122 -72.4338854009999,-43.177492307 -72.433787939,-43.177351911 -72.4338481619999,-43.177001033 -72.433914054,-43.176652804 -72.434081679,-43.175840819 -72.4343023929999,-43.17492729 -72.4339062239999,-43.1742351 -72.433672442,-43.1737633659999 -72.433295341,-43.1730451299999 -72.4339936059999,-43.1720582249999 -72.434012594,-43.1713582419999 -72.434145324,-43.1699397859999 -72.43420442,-43.168094157 -72.434119596,-43.167528972 -72.434122577,-43.165557469 -72.434065714,-43.1651148249999 -72.433889769,-43.1639294829999 -72.433789597,-43.163246365 -72.433748174,-43.1629226479999 -72.434361698,-43.1609190139999 -72.435072853,-43.1588826299999 -72.435564872,-43.1575791939999 -72.435688278,-43.1571635519999 -72.435847193,-43.156698736 -72.436789656,-43.155127893 -72.4375222629999,-43.1545425849999 -72.437754889,-43.153723135 -72.438129271,-43.1531515849999 -72.439661426,-43.1502465899999 -72.440133698,-43.149703426 -72.441070544,-43.148635917 -72.44146589,-43.1477814739999 -72.4432207359999,-43.145122623 -72.445094437,-43.144349741 -72.445649279,-43.143625619 -72.446128658,-43.1430332469999 -72.446618843,-43.14243211 -72.447154825,-43.1417289889999 -72.447681374,-43.141089672 -72.448538148,-43.1404980579999 -72.449344724,-43.1399335 -72.4501434109999,-43.139383798 -72.450981873,-43.1388500109999 -72.451601339,-43.138482143 -72.4530752869999,-43.137673298 -72.453773333,-43.1372925809999 -72.454720702,-43.136772719 -72.455118996,-43.135126488 -72.4553105369999,-43.134282043 -72.455453556,-43.133309025 -72.455764503,-43.1321522809999 -72.4559555879999,-43.1314191129999 -72.456292301,-43.130274915 -72.456519559,-43.129555516 -72.456678316,-43.128783272 -72.4569455239999,-43.128188204 -72.457295002,-43.127372748 -72.457385584,-43.125623053 -72.457603897,-43.124566978 -72.457808096,-43.1233202449999 -72.458004342,-43.1222623259999 -72.458032498,-43.121914951 -72.458216089,-43.121194938 -72.4584452459999,-43.119573475 -72.459321947,-43.1158243679999 -72.458895088,-43.1150468499999 -72.4578760269999,-43.113217657 -72.4570806739999,-43.111875499 -72.4569920759999,-43.1099765819999 -72.457030785,-43.108864108 -72.457010876,-43.108021529 -72.4569937699999,-43.1074732609999 -72.4570855489999,-43.106936687 -72.457109385,-43.106156396 -72.457364609,-43.10538215 -72.457440854,-43.104499389 -72.457870309,-43.104205954 -72.4583545199999,-43.103875017 -72.459116901,-43.103354603 -72.45968434,-43.1027817729999 -72.460238134,-43.102235559 -72.4608284829999,-43.1016341489999 -72.4616355919999,-43.100830097 -72.4620042079999,-43.1003872709999 -72.462291364,-43.0990670039999 -72.462625922,-43.098178264 -72.462993039,-43.097259543 -72.4632670789999,-43.0964135789999 -72.46359957,-43.095532534 -72.463921931,-43.09466441 -72.4642375989999,-43.093833232 -72.464560616,-43.0929696219999 -72.464900657,-43.0920713629999 -72.465213096,-43.091228405 -72.465656365,-43.0903467479999 -72.465852701,-43.0895184139999 -72.466156331,-43.0886649939999 -72.466517376,-43.087738741 -72.466819645,-43.086923826 -72.467145721,-43.086028851 -72.467428352,-43.085257799 -72.467764556,-43.084343148 -72.4680693459999,-43.083490017 -72.468364826,-43.082692686 -72.468807168,-43.081681696 -72.46904719,-43.080792915 -72.469343506,-43.080016397 -72.4697024989999,-43.0790420069999 -72.469980412,-43.078160093 -72.470270767,-43.0774233289999 -72.470640379,-43.076461686 -72.470958939,-43.0755763459999 -72.471305805,-43.0746476039999 -72.471623197,-43.0737931199999 -72.4719017469999,-43.0729272419999 -72.472250883,-43.072067966 -72.472558025,-43.071202268 -72.472715318,-43.0703307379999 -72.473444608,-43.068629792 -72.473718974,-43.067759854 -72.47403933,-43.066882289 -72.474297328,-43.066168207 -72.4747246869999,-43.065208454 -72.474941594,-43.0644868919999 -72.47531458,-43.063391327 -72.475639815,-43.062465512 -72.475950887,-43.061597279 -72.476271864,-43.060675961 -72.4766065549999,-43.059707493 -72.4769634739999,-43.058819468 -72.4773892379999,-43.0579231469999 -72.477722768,-43.057018038 -72.4776921339999,-43.0561482059999 -72.477639353,-43.0552975159999 -72.4776602809999,-43.0544368349999 -72.477724612,-43.05350877 -72.477698964,-43.052670022 -72.477703673,-43.051746674 -72.477704613,-43.050840443 -72.477706677,-43.049960616 -72.4777069949999,-43.049060492 -72.4777091729999,-43.0481329479999 -72.4777134729999,-43.047255422 -72.4777159289999,-43.0464408839999 -72.477725071,-43.045490171 -72.477723387,-43.044557948 -72.477727396,-43.0436185569999 -72.477735191,-43.042742549 -72.477735271,-43.041925976 -72.477734681,-43.041074813 -72.4777353379999,-43.040187212 -72.477733837,-43.0393013629999 -72.477740605,-43.038546165 -72.477739801,-43.038134483 -72.477741345,-43.037581581 -72.4777490869999,-43.0368385589999 -72.47774994,-43.0360000329999 -72.477777804,-43.03495465 -72.477754498,-43.034142512 -72.477760737,-43.0332833059999 -72.477748828,-43.0324596249999 -72.477766101,-43.031630645 -72.477772433,-43.0306762659999 -72.477769429,-43.029787953 -72.477771369,-43.028937745 -72.4777777259999,-43.0280965489999 -72.4777837629999,-43.027257145 -72.477423705,-43.02717267 -72.477443963,-43.0265015059999 -72.477496571,-43.0256877109999 -72.477549579,-43.0248760859999 -72.4775970109999,-43.0241915629999 -72.477646039,-43.0233451839999 -72.477613511,-43.0222068959999 -72.4776148189999,-43.0217106219999 -72.477263624,-43.0208683829999 -72.476821101,-43.0197965049999 -72.4773958009999,-43.0192802829999 -72.4778155389999,-43.0188532029999 -72.478427644,-43.0182831449999 -72.479642069,-43.0171084089999 -72.4814337399999,-43.015649417 -72.481226366,-43.0155144719999 -72.481497686,-43.015342886 -72.481679242,-43.0154520519999 -72.4821040859999,-43.014718569 -72.4822693579999,-43.0131697269999 -72.481721985,-43.012554767 -72.4817792979999,-43.012437354 -72.482716768,-43.012619071 -72.4841668,-43.012898853 -72.485636628,-43.013192918 -72.48623362,-43.0133117459999 -72.4874205,-43.0135822829999 -72.488334149,-43.0136689779999 -72.489562644,-43.013894305 -72.4909052209999,-43.014135627 -72.492291333,-43.0143748259999 -72.4934677959999,-43.014579882 -72.494730912,-43.014808703 -72.4959732,-43.015027871 -72.49718666,-43.015198762 -72.4979679699999,-43.0152940099999 -72.4988993059999,-43.015420535 -72.499989554,-43.015580149 -72.501026461,-43.015690685 -72.502030415,-43.0158422709999 -72.50277862,-43.015873735 -72.504150823,-43.015928355 -72.504402688,-43.0157478259999 -72.505543086,-43.01488778 -72.506316366,-43.014314783 -72.507111494,-43.0137169559999 -72.507858503,-43.013158684 -72.509721316,-43.011753648 -72.5107618389999,-43.010971871 -72.51150322,-43.01045406 -72.512444478,-43.009753396 -72.5131770199999,-43.009508566 -72.515938697,-43.008985195 -72.5169956239999,-43.0088343629999 -72.517951957,-43.008235456 -72.518648027,-43.007761995 -72.520220363,-43.007092421 -72.52159095,-43.006655082 -72.5226864809999,-43.0061897109999 -72.523702311,-43.005829661 -72.5248780169999,-43.005847543 -72.526274945,-43.005855789 -72.5275391059999,-43.005864571 -72.5287439799999,-43.0058710659999 -72.5299598399999,-43.005845283 -72.5311025089999,-43.0057018439999 -72.532282728,-43.005518234 -72.53370683,-43.005304125 -72.5349548299999,-43.0051124949999 -72.536135427,-43.0049280439999 -72.537220932,-43.004749907 -72.5384412659999,-43.0045500799999 -72.539517928,-43.0043656989999 -72.540762528,-43.004159976 -72.542303152,-43.004166432 -72.5444337489999,-43.002910734 -72.5453470969999,-43.0023131949999 -72.546328922,-43.001668405 -72.5473017309999,-43.001027735 -72.548309671,-43.00036683 -72.549195362,-42.999787305 -72.550154951,-42.999162895 -72.551012264,-42.9986020169999 -72.551866758,-42.998022164 -72.5536378209999,-42.996870338 -72.554521273,-42.9962920729999 -72.5553780979999,-42.9957229579999 -72.556293528,-42.995129337 -72.557199066,-42.994670377 -72.5578981099999,-42.9943703389999 -72.558893739,-42.9941509079999 -72.560083065,-42.9939123689999 -72.5612562699999,-42.993690402 -72.5624462869999,-42.993461849 -72.56359235,-42.9932434209999 -72.564784805,-42.993008592 -72.565991503,-42.99274524 -72.5672770589999,-42.992525421 -72.568468703,-42.992291797 -72.5696185529999,-42.99207267 -72.570743787,-42.991855528 -72.571862126,-42.9916481339999 -72.5730863319999,-42.992259651 -72.573795235,-42.9927474039999 -72.5747247749999,-42.9934388199999 -72.575621477,-42.994070558 -72.576715162,-42.993988652 -72.57788489,-42.9939223929999 -72.579013496,-42.993806897 -72.5804976479999,-42.99362688 -72.581402253,-42.993371022 -72.582470461,-42.9928935099999 -72.583478182,-42.992347181 -72.5842023069999,-42.9917975549999 -72.584928685,-42.991036645 -72.58571584,-42.9903363509999 -72.586570461,-42.9897074359999 -72.5872224679999,-42.988955657 -72.588175511,-42.9883118769999 -72.588955998,-42.987588909 -72.589849366,-42.98683914 -72.590239642,-42.9859915169999 -72.590667535,-42.985185294 -72.591107866,-42.98435232 -72.5913958469999,-42.983840104 -72.591764939,-42.983640598 -72.592095243,-42.983498442 -72.5923871209999,-42.983360428 -72.593410916,-42.983335509 -72.5947987919999,-42.983286359 -72.596117066,-42.983238881 -72.59733678,-42.983196522 -72.599375733,-42.9834249909999 -72.6005310859999,-42.983716112 -72.6017556309999,-42.984101595 -72.603533655,-42.98397957 -72.6048263709999,-42.983838804 -72.605865158,-42.983737371 -72.607265023,-42.983594227 -72.6084710769999,-42.9834740269999 -72.6097219919999,-42.9833226979999 -72.6108711049999,-42.982845439 -72.611871413,-42.9823815399999 -72.612901727,-42.981911956 -72.61398028,-42.9814249999999 -72.615097094,-42.980988354 -72.6162094969999,-42.9804402239999 -72.617191486,-42.980064316 -72.6178984479999,-42.978518617 -72.618294792,-42.9776675109999 -72.618696783,-42.9768031949999 -72.6190808389999,-42.9759711889999 -72.61948611,-42.975107119 -72.619872486,-42.9742779489999 -72.620258571,-42.97344337 -72.62066722,-42.9725702699999 -72.621073775,-42.971700278 -72.62147192,-42.9708382119999 -72.621854659,-42.970044706 -72.622248467,-42.969192812 -72.622685242,-42.968256449 -72.6231377359999,-42.967303214 -72.623504957,-42.966539004 -72.6238890939999,-42.965714094 -72.6243213119999,-42.964834267 -72.624721245,-42.963932878 -72.625796852,-42.963651942 -72.6267887499999,-42.9634178819999 -72.6281221039999,-42.963113097 -72.629347975,-42.962826149 -72.630540067,-42.962559738 -72.63129716,-42.9619868999999 -72.63238912,-42.961185348 -72.633174415,-42.960668998 -72.634416766,-42.9607722179999 -72.635711108,-42.9608720859999 -72.637038068,-42.960920659 -72.638540383,-42.960522807 -72.641064123,-42.960166978 -72.642268915,-42.959857486 -72.643450596,-42.959549306 -72.644962542,-42.9586882099999 -72.6458175769999,-42.9588950739999 -72.646055239,-42.958770844 -72.647982224,-42.95841798 -72.650155715,-42.957743115 -72.650613272,-42.9582152369999 -72.651967728,-42.958290673 -72.652725135,-42.958370234 -72.653607268,-42.958438842 -72.654835631,-42.958551819 -72.656143588,-42.9586640699999 -72.657259611,-42.958759141 -72.658648022,-42.9586995 -72.6599555619999,-42.958480256 -72.6608610979999,-42.9579089059999 -72.661452004,-42.957112406 -72.662251281,-42.9562837839999 -72.664661875,-42.954941231 -72.667346561,-42.9537645789999 -72.668043798,-42.953057373 -72.670066071,-42.9519969949999 -72.670381525,-42.9518394519999 -72.670792009,-42.9516616 -72.6721413,-42.951103696 -72.673107773,-42.950695114 -72.674166757,-42.950238251 -72.675348917,-42.949755247 -72.67647254,-42.949276805 -72.677557624,-42.9488677109999 -72.6786136919999,-42.948799731 -72.6794166239999,-42.948640976 -72.6802815949999,-42.948070539 -72.6814180809999,-42.947273829 -72.683295281,-42.9459950729999 -72.6842742599999,-42.945317513 -72.6851595699999,-42.9447120629999 -72.6859052039999,-42.944134396 -72.686048673,-42.943380221 -72.686191529,-42.942593167 -72.6863480219999,-42.9418018869999 -72.686541173,-42.9410036039999 -72.686664203,-42.940182743 -72.6868075,-42.939370395 -72.686900744,-42.938487343 -72.686960722,-42.937320884 -72.6873049,-42.936949483 -72.6883490069999,-42.936271851 -72.68910729,-42.935617791 -72.689781587,-42.935043069 -72.690386366,-42.9345180839999 -72.691018401,-42.933965283 -72.6914453219999,-42.933309922 -72.691711095,-42.932759451 -72.6920955699999,-42.93205569 -72.692827451,-42.9313612729999 -72.693403879,-42.930599518 -72.6938936299999,-42.929927227 -72.695071936,-42.9299203539999 -72.6962757909999,-42.9299545919999 -72.697501191,-42.929966381 -72.698808765,-42.9296899619999 -72.700133007,-42.929396664 -72.7007502659999,-42.929207463 -72.7013316549999,-42.929122708 -72.701952315,-42.928884766 -72.702517545,-42.9284929959999 -72.7029189519999,-42.928104236 -72.703342186,-42.9277051079999 -72.704179352,-42.926922509 -72.705356103,-42.925956183 -72.705384027,-42.925643033 -72.7054004359999,-42.9253165979999 -72.705421012,-42.9249967279999 -72.705438118,-42.9246712949999 -72.705454526,-42.924351523 -72.705471502,-42.924026269 -72.705497555,-42.9233740719999 -72.7055218209999,-42.923090112 -72.705535213,-42.922801974 -72.705551326,-42.922513169 -72.7059485,-42.92220058 -72.707757097,-42.922076099 -72.708124406,-42.92202997 -72.708259751,-42.92192526 -72.708692991,-42.9218720759999 -72.709111696,-42.921820942 -72.709539744,-42.9217689119999 -72.7098233199999,-42.921734068 -72.7101201899999,-42.921697509 -72.7104916659999,-42.9216511879999 -72.710645998,-42.921632484 -72.71075309,-42.921516401 -72.7106871729999,-42.9212353189999 -72.710620523,-42.920947559 -72.7105581119999,-42.9206644769999 -72.71049389,-42.9203806369999 -72.710428415,-42.9201009139999 -72.710299562,-42.919547724 -72.7102335719999,-42.919238907 -72.710168817,-42.918946412 -72.710108804,-42.9186549139999 -72.7100415419999,-42.918347422 -72.709976618,-42.918049611 -72.7099149489999,-42.9177796879999 -72.7098570589999,-42.9175201969999 -72.709786563,-42.917184366 -72.709768759,-42.9169572829999 -72.709934167,-42.916960053 -72.710275668,-42.916915203 -72.7106192589999,-42.9168702119999 -72.7109820159999,-42.916823623 -72.7113852269999,-42.91676983 -72.711778786,-42.916718542 -72.712176063,-42.9166660669999 -72.712844838,-42.916851508 -72.712919857,-42.9166980429999 -72.71288709,-42.9165869949999 -72.712766312,-42.9164342989999 -72.712566941,-42.916180716 -72.712365093,-42.91592456 -72.712091636,-42.915706681 -72.7122326149999,-42.9156146839999 -72.712511391,-42.9154438639999 -72.7127881279999,-42.9152685 -72.713092225,-42.9150953019999 -72.713387326,-42.914989727 -72.713635091,-42.9149616299999 -72.714063583,-42.914972442 -72.7145157909999,-42.9149779639999 -72.7149423179999,-42.914972346 -72.715370991,-42.914968299 -72.715798161,-42.9149518849999 -72.715879543,-42.9150171699999 -72.7162235329999,-42.914848182 -72.716575549,-42.914670798 -72.7172945299999,-42.9143224499999 -72.717659541,-42.914154598 -72.7180439429999,-42.914015584 -72.718439744,-42.9138963359999 -72.71883271,-42.91377748 -72.71924455,-42.913655036 -72.719630207,-42.913541615 -72.7200296029999,-42.913424323 -72.7204277289999,-42.9133082659999 -72.7208241549999,-42.913191723</coordinates></LineString>
  </Placemark>
  <Placemark id="lineas_sea.10">
	<name>RIO AZUL-SANTA BARBARA</name>
	<Style><LineStyle><color>ff0000ff</color></LineStyle><PolyStyle><fill>0</fill></PolyStyle></Style>
	<ExtendedData><SchemaData schemaUrl="#lineas_sea">
		<SimpleData name="OBJECTID_1">10</SimpleData>
		<SimpleData name="gml_id">lt_aysen_1e53e92a_60f0_49fb_ad34_479556b98cba.7</SimpleData>
		<SimpleData name="objectid">7</SimpleData>
		<SimpleData name="nombre">RIO AZUL-SANTA BARBARA</SimpleData>
		<SimpleData name="tramo">RIO AZUL-SANTA BARBARA</SimpleData>
		<SimpleData name="propiedad">EDELAYSEN</SimpleData>
		<SimpleData name="voltaje_kv">23</SimpleData>
		<SimpleData name="tipo">SubtransmisiTn</SimpleData>
		<SimpleData name="fecha_oper">Sin Informacion</SimpleData>
		<SimpleData name="estado">En Operacian</SimpleData>
		<SimpleData name="sist_elec">AysOn</SimpleData>
		<SimpleData name="fuent_base">Edelaysen</SimpleData>
		<SimpleData name="f_fbase">Abril 2011</SimpleData>
		<SimpleData name="f_f_actual">2013-06-02</SimpleData>
		<SimpleData name="fe_co_rev">29-11-2013</SimpleData>
		<SimpleData name="shape_leng">767.242233255</SimpleData>
		<SimpleData name="Shape_Le_1">0.007807450902999</SimpleData>
	</SchemaData></ExtendedData>
      <LineString><coordinates>-72.712844838,-42.916851508 -72.712900479,-42.917102579 -72.7129583349999,-42.917343429 -72.7130978,-42.9177924689999 -72.713090365,-42.917900732 -72.713151021,-42.91814542 -72.713217485,-42.918431824 -72.713289424,-42.918732565 -72.713357335,-42.919029533 -72.7134062,-42.919232026 -72.713563837,-42.9198623249999 -72.713649464,-42.920193862 -72.713709737,-42.920435751 -72.713774405,-42.920697987 -72.7138518689999,-42.921001808 -72.713885494,-42.9212586519999 -72.7138259549999,-42.921241976 -72.713429275,-42.921290776 -72.713050326,-42.9213371399999 -72.712353306,-42.921446836 -72.71222891,-42.921437956 -72.7118415859999,-42.9214854969999 -72.711454267,-42.921532858 -72.7107507119999,-42.921643493 -72.710645998,-42.921632484</coordinates></LineString>
  </Placemark>
  <Placemark id="lineas_sea.11">
	<name>LA JUNTA-PUYUHUAPI</name>
	<Style><LineStyle><color>ff0000ff</color></LineStyle><PolyStyle><fill>0</fill></PolyStyle></Style>
	<ExtendedData><SchemaData schemaUrl="#lineas_sea">
		<SimpleData name="OBJECTID_1">11</SimpleData>
		<SimpleData name="gml_id">lt_aysen_1e53e92a_60f0_49fb_ad34_479556b98cba.8</SimpleData>
		<SimpleData name="objectid">8</SimpleData>
		<SimpleData name="nombre">LA JUNTA-PUYUHUAPI</SimpleData>
		<SimpleData name="tramo">LA JUNTA-PUYUHUAPI</SimpleData>
		<SimpleData name="propiedad">EDELAYSEN</SimpleData>
		<SimpleData name="voltaje_kv">23</SimpleData>
		<SimpleData name="tipo">SubtransmisiUn</SimpleData>
		<SimpleData name="fecha_oper">Sin Informacion</SimpleData>
		<SimpleData name="estado">En Operacian</SimpleData>
		<SimpleData name="sist_elec">AysOn</SimpleData>
		<SimpleData name="fuent_base">Edelaysen</SimpleData>
		<SimpleData name="f_fbase">Abril 2011</SimpleData>
		<SimpleData name="f_f_actual">2013-06-02</SimpleData>
		<SimpleData name="fe_co_rev">29-11-2013</SimpleData>
		<SimpleData name="shape_leng">43376.1076343</SimpleData>
		<SimpleData name="Shape_Le_1">0.417869300868109</SimpleData>
	</SchemaData></ExtendedData>
      <LineString><coordinates>-72.558332735,-44.3147159809999 -72.558660811,-44.3143243709999 -72.5587252299999,-44.313862576 -72.558844845,-44.313019179 -72.558980592,-44.312161541 -72.558899206,-44.3112489389999 -72.558827983,-44.3103422249999 -72.558767218,-44.309413138 -72.5587205689999,-44.308826895 -72.5586102039999,-44.307824188 -72.5584300479999,-44.307620066 -72.558234931,-44.307398991 -72.557611838,-44.3067193049999 -72.556443566,-44.305673524 -72.555390218,-44.3049526579999 -72.554770097,-44.304483497 -72.553804197,-44.3038040989999 -72.5529450069999,-44.303181895 -72.551913521,-44.302428697 -72.550985044,-44.301803553 -72.550014676,-44.301131228 -72.5479073819999,-44.2996216559999 -72.547120411,-44.299065146 -72.547058228,-44.2980572509999 -72.546999673,-44.296324378 -72.546398433,-44.296106744 -72.545908578,-44.295899333 -72.543829783,-44.295195022 -72.542281711,-44.294668466 -72.542021529,-44.2942893549999 -72.54171129,-44.293872434 -72.5411463629999,-44.2930652649999 -72.540804619,-44.292529643 -72.540556621,-44.292216418 -72.5399692139999,-44.291351054 -72.539694985,-44.2909728939999 -72.5393447179999,-44.29046184 -72.538725504,-44.289608657 -72.538148311,-44.288746024 -72.537440625,-44.2879833809999 -72.5370518519999,-44.28762381 -72.5366154449999,-44.287225669 -72.5362523749999,-44.286869081 -72.53580375,-44.286484628 -72.535261068,-44.2859910129999 -72.53506351,-44.285405101 -72.534909673,-44.284909528 -72.534785563,-44.2840180389999 -72.53466744,-44.283178172 -72.5345474979999,-44.2822980239999 -72.534460528,-44.2813816789999 -72.5344059829999,-44.280807496 -72.5341585789999,-44.2798411429999 -72.5338853169999,-44.2792144329999 -72.5336379459999,-44.2786638119999 -72.533321832,-44.278013309 -72.532657112,-44.276692781 -72.532498962,-44.2762562569999 -72.532561442,-44.275470254 -72.5326613949999,-44.2747618509999 -72.532205832,-44.274075921 -72.531781898,-44.2733800509999 -72.5309921209999,-44.2727228109999 -72.530280886,-44.272171062 -72.5296169069999,-44.271565327 -72.529267691,-44.270980083 -72.529057055,-44.270526302 -72.528031383,-44.268316505 -72.5277374459999,-44.2676597139999 -72.5274363039999,-44.267118087 -72.527223726,-44.26673511 -72.527004179,-44.266246563 -72.5269248339999,-44.265724953 -72.5263077279999,-44.2639537649999 -72.526058915,-44.2632315979999 -72.525451301,-44.262590599 -72.525286087,-44.2621274429999 -72.5250874499999,-44.261496656 -72.524537084,-44.260644434 -72.523920426,-44.259715693 -72.52351778,-44.259096144 -72.522842308,-44.2578803819999 -72.5227133879999,-44.2570460269999 -72.5225168429999,-44.256575164 -72.521995182,-44.255298097 -72.52120544,-44.254585603 -72.520607771,-44.253881147 -72.520244233,-44.2534205159999 -72.5198923089999,-44.2529995689999 -72.519560379,-44.252591749 -72.519280087,-44.252248787 -72.5189615319999,-44.251841795 -72.518604727,-44.251385447 -72.517912474,-44.250489509 -72.5176910709999,-44.249771429 -72.517608842,-44.248948616 -72.517452858,-44.2485630689999 -72.517267566,-44.247948402 -72.517164024,-44.247108472 -72.517109332,-44.246699919 -72.516878885,-44.245703286 -72.516813839,-44.2453325 -72.5164665469999,-44.244594935 -72.515933248,-44.2438345959999 -72.5154857109999,-44.24317623 -72.514864111,-44.242562506 -72.5146026469999,-44.242202387 -72.514415135,-44.241882318 -72.514216801,-44.241352526 -72.5141007719999,-44.2405723649999 -72.5138880539999,-44.2400898819999 -72.513378201,-44.2390363809999 -72.512714622,-44.238118887 -72.5122441189999,-44.237555613 -72.512005507,-44.236930502 -72.511831979,-44.2364487789999 -72.511436623,-44.235475816 -72.5110582899999,-44.2344825169999 -72.510583834,-44.2337022799999 -72.509911329,-44.2325149499999 -72.50951287,-44.2318839169999 -72.509030262,-44.231045609 -72.508646345,-44.230438297 -72.5083218139999,-44.229684909 -72.508194854,-44.2288426539999 -72.5080521039999,-44.228089811 -72.507733216,-44.2271557729999 -72.506926364,-44.2263156 -72.5056056939999,-44.224889746 -72.5049871049999,-44.2223926199999 -72.50491321,-44.221969778 -72.504602941,-44.220629276 -72.504518439,-44.2193763499999 -72.504243469,-44.2185665059999 -72.504098497,-44.2177701259999 -72.503818865,-44.216887258 -72.5034908649999,-44.215988028 -72.503375486,-44.215427619 -72.50298128,-44.2144485269999 -72.502892069,-44.214048036 -72.5029208669999,-44.2135711719999 -72.502647935,-44.212495163 -72.5024808909999,-44.211659136 -72.5025770189999,-44.2104542719999 -72.502104634,-44.2093330279999 -72.501558551,-44.2081495799999 -72.501383344,-44.2077616079999 -72.501361117,-44.2071508409999 -72.5015280499999,-44.2061453109999 -72.5007436189999,-44.205209705 -72.5003388549999,-44.204751799 -72.499947737,-44.20429689 -72.4995681509999,-44.20354596 -72.499509008,-44.202560058 -72.499452547,-44.2020371249999 -72.499459268,-44.2015175559999 -72.499578437,-44.2006089289999 -72.499701672,-44.199710565 -72.4998154149999,-44.1989388379999 -72.499470764,-44.197868811 -72.499436911,-44.1971606499999 -72.4992162679999,-44.19634523 -72.499335117,-44.19580174 -72.4992660249999,-44.195320211 -72.499204476,-44.194823002 -72.499072054,-44.193833244 -72.498974789,-44.19293239 -72.498901471,-44.1922965539999 -72.498827789,-44.1917520869999 -72.4987293189999,-44.1909153039999 -72.498634618,-44.190178713 -72.498577649,-44.189697719 -72.498505923,-44.189083524 -72.498425082,-44.18846895 -72.498328349,-44.187691801 -72.4980599089999,-44.1847224599999 -72.497653563,-44.183862184 -72.4971127649999,-44.1829747419999 -72.4968576049999,-44.181986519 -72.4967429559999,-44.181612561 -72.4965323449999,-44.180745407 -72.4961720329999,-44.179387033 -72.495965714,-44.1785783999999 -72.495720233,-44.177631259 -72.495531323,-44.176913933 -72.495351473,-44.17618069 -72.4951685889999,-44.175463135 -72.494320395,-44.174801021 -72.493463117,-44.174129428 -72.4926898149999,-44.173522152 -72.4918442379999,-44.1728586359999 -72.4910391299999,-44.172229402 -72.4902360309999,-44.1716032689999 -72.489575047,-44.171003481 -72.488784171,-44.1702375259999 -72.487955759,-44.1695017979999 -72.487074681,-44.1686342789999 -72.486234528,-44.167916825 -72.48575011,-44.167001941 -72.485436877,-44.166373596 -72.485089601,-44.165795993 -72.484359382,-44.165230031 -72.4840113989999,-44.164775295 -72.483692966,-44.1643669429999 -72.4832097079999,-44.163726201 -72.482655899,-44.163003779 -72.482208468,-44.162403255 -72.4818900349999,-44.1619749119999 -72.481563271,-44.1615484549999 -72.481240145,-44.161160068 -72.480924515,-44.1607102689999 -72.480617608,-44.160314135 -72.4802759519999,-44.1598589879999 -72.479985104,-44.159458886 -72.479639213,-44.158997701 -72.479329271,-44.158596906 -72.478991644,-44.158156248 -72.478661955,-44.1577348499999 -72.4783423809999,-44.157293328 -72.477998172,-44.1568548609999 -72.4777170199999,-44.1564069839999 -72.477014668,-44.155517226 -72.4765400539999,-44.15495857 -72.476116202,-44.154382669 -72.4752264539999,-44.153663047 -72.474285182,-44.152932375 -72.473524663,-44.152344065 -72.472591516,-44.151611488 -72.471649795,-44.1508723229999 -72.470714312,-44.15013986 -72.4697698849999,-44.1494095309999 -72.4691250129999,-44.1485632179999 -72.4684700189999,-44.14772307 -72.467819537,-44.146880138 -72.4671762689999,-44.1460443839999 -72.466547076,-44.1452511589999 -72.465929665,-44.144480971 -72.465274221,-44.1436212579999 -72.464793301,-44.1427649669999 -72.4642941,-44.1418337269999 -72.4638059869999,-44.140935858 -72.4633161249999,-44.140044163 -72.462815887,-44.139146922 -72.462398892,-44.138387467 -72.461895695,-44.1374635999999 -72.4617263649999,-44.1365815419999 -72.461554951,-44.135675309 -72.461203477,-44.1348229609999 -72.4607882189999,-44.133811286 -72.460439053,-44.132972669 -72.460386865,-44.1319859029999 -72.460339055,-44.1310253409999 -72.459520782,-44.1303010619999 -72.4584808179999,-44.129407277 -72.458146362,-44.1283728129999 -72.457933025,-44.127719965 -72.457775103,-44.1267457869999 -72.457608506,-44.125755391 -72.457443207,-44.12479023 -72.457295239,-44.123901798 -72.4571415729999,-44.1231142469999 -72.456971648,-44.1225075569999 -72.456753589,-44.1218431689999 -72.456501793,-44.1212602209999 -72.456162249,-44.1204886049999 -72.456167847,-44.119572262 -72.456173362,-44.118899438 -72.456215291,-44.117791698 -72.456189061,-44.1183590909999 -72.456199891,-44.1171636029999 -72.456218569,-44.116469375 -72.456218797,-44.115695515 -72.456222011,-44.1150325419999 -72.456171351,-44.114183636 -72.456117992,-44.113254995 -72.456045108,-44.112367873 -72.455694727,-44.11168982 -72.455196341,-44.1107747579999 -72.454839051,-44.1100019309999 -72.45384215,-44.107379292 -72.453829825,-44.1064269889999 -72.4537769,-44.105550211 -72.4537585209999,-44.104581837 -72.4537346129999,-44.1039632719999 -72.4537044689999,-44.103172797 -72.453673365,-44.102154535 -72.453658934,-44.101821475 -72.453650164,-44.101324604 -72.453622039,-44.100664622 -72.453597196,-44.099945657 -72.453202088,-44.098656128 -72.452987833,-44.097958234 -72.452794705,-44.097236865 -72.452552403,-44.096505845 -72.452348966,-44.095789106 -72.451819472,-44.0950293509999 -72.451432873,-44.0944910069999 -72.450816839,-44.093594544 -72.4502298479999,-44.0927348279999 -72.449617379,-44.091852123 -72.4493080829999,-44.090856182 -72.4490010119999,-44.0898842359999 -72.44870264,-44.088913565 -72.4484638169999,-44.088164428 -72.448172208,-44.0872169529999 -72.44784537,-44.0862088219999 -72.447592201,-44.0853930129999 -72.44741907,-44.084635889 -72.447360298,-44.0838973469999 -72.4472727849999,-44.0829095079999 -72.447232712,-44.082404012 -72.447185131,-44.081913384 -72.447134695,-44.0813207799999 -72.4470955309999,-44.08083196 -72.447047008,-44.080279102 -72.4469994579999,-44.0797094289999 -72.446944806,-44.0789217339999 -72.446876176,-44.077997425 -72.4464809679999,-44.077781616 -72.4460159449999,-44.076826114 -72.4457432469999,-44.0762594179999 -72.445547631,-44.075848751 -72.445519142,-44.0750078029999 -72.4455046529999,-44.074384133 -72.4455004019999,-44.073864944 -72.445433959,-44.0732123829999 -72.4449918,-44.072655128 -72.4445031069999,-44.0721115929999 -72.4439467669999,-44.071364521 -72.44345462,-44.070765358 -72.4430246109999,-44.0702544599999 -72.442606283,-44.0692986399999 -72.442222165,-44.068328729 -72.442016478,-44.067529904 -72.4418287679999,-44.0667979209999 -72.441643943,-44.0659758859999 -72.4416129849999,-44.0650660109999 -72.441589102,-44.064206348 -72.4415618959999,-44.0635715889999 -72.441381619,-44.062719586 -72.440800155,-44.0620137079999 -72.4402703389999,-44.061375605 -72.4395832929999,-44.060539155 -72.438918395,-44.0596643059999 -72.43823336,-44.0587647839999 -72.437585997,-44.0579068869999 -72.4375133139999,-44.057398314 -72.437438233,-44.056832519 -72.437292391,-44.055887293 -72.437170336,-44.0548942569999 -72.437038983,-44.0539229779999 -72.436987464,-44.053158481 -72.436922764,-44.0521614199999 -72.4367952119999,-44.0517385799999 -72.436608868,-44.0512058479999 -72.4364537709999,-44.050741698 -72.436291296,-44.0502460509999 -72.4361336709999,-44.0497682499999 -72.43595733,-44.0492730129999 -72.436078088,-44.048707834 -72.4361834109999,-44.048239896 -72.436350644,-44.047488503 -72.4368017899999,-44.046547135 -72.4373216019999,-44.0456773459999 -72.437229847,-44.04565458 -72.43761605,-44.044834997 -72.4377890609999,-44.0429041949999 -72.4376343169999,-44.0421339609999 -72.437268597,-44.0405143569999 -72.4369787319999,-44.0391648249999 -72.43645255,-44.0385289439999 -72.436013133,-44.0380082629999 -72.435733883,-44.037671683 -72.435384741,-44.037251426 -72.4350271389999,-44.0368162149999 -72.4342602039999,-44.035892771 -72.43356498,-44.035043136 -72.433070728,-44.03445261 -72.4326128979999,-44.0339349239999 -72.4319118079999,-44.033071912 -72.43139273,-44.032447331 -72.4306830419999,-44.031602123 -72.4299888529999,-44.030756809 -72.42939806,-44.030040038 -72.428749357,-44.029269023 -72.428186625,-44.028605092 -72.4280950799999,-44.0280013779999 -72.428001842,-44.02738205 -72.427857332,-44.026393355 -72.4277325639999,-44.025395472 -72.42759226,-44.024456836 -72.4274616119999,-44.023595031 -72.4272933,-44.0225224339999 -72.4272191219999,-44.022030924 -72.4271414899999,-44.021492431 -72.4275780519999,-44.021056631 -72.428126065,-44.020501532 -72.4288969949999,-44.0197391639999 -72.429522176,-44.019112693 -72.429442647,-44.0182107169999 -72.4293534569999,-44.017217688 -72.429187637,-44.0163582439999 -72.4289905049999,-44.015371875 -72.428796674,-44.014378558 -72.428609305,-44.013420587 -72.428510823,-44.012818876 -72.428427077,-44.012231271 -72.428334508,-44.011637164 -72.428241865,-44.011030363 -72.427829357,-44.010464702 -72.427245979,-44.009711263 -72.426614163,-44.0088552679999 -72.425979537,-44.0079954249999 -72.425654321,-44.007024798 -72.42513022,-44.005799409 -72.424699846,-44.004815246 -72.423961129,-44.003342115 -72.423530558,-44.002867319 -72.422656756,-44.001919685 -72.42203986,-44.001436536 -72.4211105379999,-44.0010543609999 -72.420155748,-44.000661521 -72.4192172309999,-44.000276242 -72.4170111029999,-43.9990546509999 -72.4167544919999,-43.998544872 -72.4158616989999,-43.9968006409999 -72.415357026,-43.995814938 -72.415189775,-43.9954707589999 -72.414899335,-43.994913664 -72.4146652059999,-43.9944612849999 -72.4144195819999,-43.99395499 -72.4141394709999,-43.9934245059999 -72.4139211039999,-43.992994269 -72.413662156,-43.992493523 -72.4133868609999,-43.991938567 -72.412937706,-43.991083212 -72.412586167,-43.990389235 -72.412100154,-43.9894213159999 -72.412263707,-43.988931941 -72.411807456,-43.988378282 -72.411109186,-43.9875263659999 -72.4104023519999,-43.986665428 -72.409701027,-43.985815863 -72.408617517,-43.984437262 -72.4084735019999,-43.984236833 -72.407934172,-43.983195934 -72.407329671,-43.9816392229999 -72.407203795,-43.9813603389999 -72.407110459,-43.9811473739999 -72.406950282,-43.980794429 -72.406785489,-43.9804186919999 -72.4065973639999,-43.9799861559999 -72.40640948,-43.97956533 -72.40619345,-43.979075173 -72.406031823,-43.9787099489999 -72.405861628,-43.9783296759999 -72.405650796,-43.977849179 -72.405449345,-43.9774023849999 -72.4052687229999,-43.976995496 -72.405122988,-43.9766634929999 -72.4049170919999,-43.976204443 -72.40475601,-43.97583851 -72.4045077659999,-43.975321509 -72.404312299,-43.9748807899999 -72.4040891509999,-43.974425939 -72.4038963039999,-43.9739596209999 -72.4037155999999,-43.9735521869999 -72.4035064129999,-43.9730775739999 -72.4033085619999,-43.972631849 -72.402935008,-43.971792936 -72.402466918,-43.9707266199999 -72.402016875,-43.9697013169999 -72.401340365,-43.9681585989999 -72.40122016,-43.9679081049999 -72.400111126,-43.968302572 -72.397872756,-43.9690872309999 -72.3967277199999,-43.969474452 -72.395614789,-43.9698483499999 -72.394478025,-43.9702509529999 -72.393371585,-43.9706382109999 -72.392368356,-43.970985411 -72.391385003,-43.971325405 -72.3904080359999,-43.971673008 -72.389471022,-43.972001892 -72.3889638219999,-43.972589612 -72.388496059,-43.9731220539999</coordinates></LineString>
  </Placemark>
  <Placemark id="lineas_sea.12">
	<name>LAGO ATRAVESADO-TEHUELCHE</name>
	<Style><LineStyle><color>ff0000ff</color></LineStyle><PolyStyle><fill>0</fill></PolyStyle></Style>
	<ExtendedData><SchemaData schemaUrl="#lineas_sea">
		<SimpleData name="OBJECTID_1">12</SimpleData>
		<SimpleData name="gml_id">lt_aysen_1e53e92a_60f0_49fb_ad34_479556b98cba.9</SimpleData>
		<SimpleData name="objectid">9</SimpleData>
		<SimpleData name="nombre">LAGO ATRAVESADO-TEHUELCHE</SimpleData>
		<SimpleData name="tramo">LAGO ATRAVESADO-TEHUELCHE</SimpleData>
		<SimpleData name="propiedad">EDELAYSEN</SimpleData>
		<SimpleData name="voltaje_kv">23</SimpleData>
		<SimpleData name="tipo">SubtransmisiAn</SimpleData>
		<SimpleData name="fecha_oper">Sin Informacion</SimpleData>
		<SimpleData name="estado">En Operacian</SimpleData>
		<SimpleData name="sist_elec">AysOn</SimpleData>
		<SimpleData name="fuent_base">Edelaysen</SimpleData>
		<SimpleData name="f_fbase">Abril 2011</SimpleData>
		<SimpleData name="f_f_actual">2013-06-02</SimpleData>
		<SimpleData name="fe_co_rev">29-11-2013</SimpleData>
		<SimpleData name="shape_leng">27463.3146893</SimpleData>
		<SimpleData name="Shape_Le_1">0.288315932623422</SimpleData>
	</SchemaData></ExtendedData>
      <LineString><coordinates>-72.2912087139999,-45.758030381 -72.290759604,-45.757843855 -72.290651085,-45.757968547 -72.288005191,-45.7565661799999 -72.287964683,-45.756645863 -72.286562953,-45.7559025049999 -72.2864478,-45.756033967 -72.283401075,-45.7544488839999 -72.2832828269999,-45.7545698279999 -72.280264314,-45.752981732 -72.280193695,-45.753069695 -72.27833163,-45.752109337 -72.276247499,-45.7511324 -72.276173018,-45.7512177479999 -72.2756154429999,-45.7508528829999 -72.275457972,-45.7510002449999 -72.272906813,-45.749256503 -72.272727792,-45.749400196 -72.269682367,-45.747326675 -72.269516005,-45.747463825 -72.268175464,-45.746424685 -72.2681256769999,-45.746551842 -72.26763892,-45.746126078 -72.267553398,-45.7462004459999 -72.267256022,-45.74589559 -72.2671074909999,-45.746015073 -72.2650982929999,-45.744286646 -72.264995096,-45.7443570789999 -72.264390442,-45.743779966 -72.2642935819999,-45.74384434 -72.2637405359999,-45.7433083339999 -72.263570715,-45.743434682 -72.260589292,-45.740970294 -72.2605063629999,-45.741036349 -72.258744028,-45.73962137 -72.2585647889999,-45.739740555 -72.256687058,-45.7380828189999 -72.2566007889999,-45.73814096 -72.255774463,-45.737434717 -72.255593486,-45.737571047 -72.251704014,-45.734742479 -72.251508395,-45.7348837599999 -72.247655794,-45.7320319999999 -72.2475746379999,-45.732095928 -72.247002027,-45.731610491 -72.2468179909999,-45.731730531 -72.24425522,-45.729197859 -72.244063814,-45.729313667 -72.241548763,-45.7268108869999 -72.241445228,-45.72686212 -72.24034263,-45.725766112 -72.2401293199999,-45.725864912 -72.238607998,-45.723204272 -72.238389969,-45.723284233 -72.2370945059999,-45.721130188 -72.236870483,-45.7212041509999 -72.236093803,-45.719764695 -72.2358891489999,-45.7198393959999 -72.234864059,-45.718703448 -72.234763884,-45.718759706 -72.233608037,-45.717662702 -72.233425196,-45.71777195 -72.231953673,-45.71623858 -72.231170193,-45.715569737 -72.230942297,-45.7155169559999 -72.2303126909999,-45.714833929 -72.230241232,-45.714922741 -72.2292341199999,-45.713923537 -72.229135868,-45.713979926 -72.228457632,-45.713550966 -72.2276846189999,-45.7126045919999 -72.2275857339999,-45.712663396 -72.226828137,-45.7118733729999 -72.226633904,-45.711968922 -72.226046157,-45.711127306 -72.2258412639999,-45.7112279949999 -72.2248529079999,-45.7099748489999 -72.2246660279999,-45.710067244 -72.223136857,-45.7083215609999 -72.222939567,-45.7084270199999 -72.221441042,-45.706689621 -72.221339498,-45.706737373 -72.220930865,-45.70619819 -72.22073944,-45.706291727 -72.219578283,-45.7048953579999 -72.2193880089999,-45.704986401 -72.2171672329999,-45.7025711549999 -72.217061257,-45.702617715 -72.2166321509999,-45.702055065 -72.216546249,-45.702129386 -72.215904511,-45.701358225 -72.215799777,-45.701403104 -72.215113388,-45.700595117 -72.214912699,-45.700681398 -72.214279537,-45.699795318 -72.2140828459999,-45.699889076 -72.2133692799999,-45.6989283939999 -72.21316081,-45.699029153 -72.212779363,-45.698348842 -72.212615824,-45.6984733789999 -72.209957781,-45.6970274829999 -72.209819333,-45.697174321 -72.208077327,-45.696151474 -72.208005363,-45.696224419 -72.206311972,-45.695325232 -72.206179482,-45.69546582 -72.205085551,-45.694762646 -72.2049476189999,-45.694893829 -72.204348958,-45.694265506 -72.203857795,-45.6937225299999 -72.2036818509999,-45.693832979 -72.2025659079999,-45.6926378049999 -72.2023864929999,-45.692745827 -72.2010336669999,-45.69135204 -72.200851528,-45.691460623 -72.199769142,-45.690279655 -72.1995920969999,-45.6903839509999 -72.197803097,-45.688628578 -72.197670804,-45.688783112 -72.1955435249999,-45.688953732 -72.19537726,-45.688878363 -72.1929952739999,-45.689290735 -72.1929583039999,-45.6891288039999 -72.18927501,-45.6895988329999 -72.188967819,-45.689537265 -72.18889481,-45.689715301 -72.1847491469999,-45.687265683 -72.184672534,-45.6873362499999 -72.1823816149999,-45.6859946169999 -72.182239104,-45.686124309 -72.180603877,-45.68504022 -72.180469524,-45.685173622 -72.1775990359999,-45.6834129069999 -72.1774829079999,-45.68357961 -72.174224538,-45.6828767879999 -72.174197577,-45.6829633369999 -72.172458402,-45.682598592 -72.172425306,-45.6826870589999 -72.1703114479999,-45.6822562049999 -72.1702571819999,-45.6823391959999 -72.169258418,-45.68209734 -72.169207968,-45.68226242 -72.167347723,-45.681880554 -72.1671601799999,-45.681764922 -72.1670112639999,-45.681911628 -72.166205189,-45.6805579919999 -72.1660072029999,-45.680639033 -72.1646394059999,-45.678543647 -72.1645256689999,-45.678583755 -72.164052162,-45.677795685 -72.163939623,-45.6778375329999 -72.163676228,-45.67731534 -72.163563742,-45.6773612379999 -72.1629368879999,-45.676371339 -72.162824999,-45.6764181519999 -72.1618889969999,-45.6750347939999 -72.16177433,-45.675078207 -72.161230737,-45.674207376 -72.161044864,-45.6743005 -72.1599081419999,-45.672764972 -72.159709854,-45.672849777 -72.1585975579999,-45.671332574 -72.158493315,-45.671380653 -72.157866031,-45.6705340039999 -72.157754203,-45.6705772139999 -72.1571013939999,-45.6697001329999 -72.1569896239999,-45.6697447839999 -72.156188156,-45.6687160239999 -72.156014257,-45.668831492 -72.1528194329999,-45.6668273289999 -72.1527353719999,-45.666895167 -72.1522200489999,-45.6664909639999 -72.152132685,-45.66655809 -72.1513156039999,-45.665986232 -72.151236356,-45.6660578789999 -72.150514411,-45.665539152 -72.150431326,-45.665608005 -72.1497185329999,-45.665093822 -72.149639097,-45.6651641139999 -72.148906696,-45.664641966 -72.1488267519999,-45.664714674 -72.148104933,-45.6641942259999 -72.148024442,-45.664265031 -72.147303503,-45.663745229 -72.1472207689999,-45.663814717 -72.146239153,-45.663158154 -72.14612654,-45.663315371 -72.1440210979999,-45.662628798 -72.143981259,-45.6627154679999 -72.142859484,-45.662362383 -72.143244732,-45.6534206439999 -72.143122482,-45.654034853 -72.142661064,-45.662507998 -72.142997862,-45.6540196719999 -72.1429277729999,-45.6549379699999 -72.1429890639999,-45.6534586179999 -72.142809907,-45.655475963 -72.1428010119999,-45.654921928 -72.1426844969999,-45.65604869 -72.1426878199999,-45.655463907 -72.142559547,-45.656039892 -72.142278033,-45.660697641 -72.142159103,-45.660716625 -72.1419047959999,-45.659628104 -72.141659419,-45.6596297909999 -72.140843834,-45.650733499 -72.140738544,-45.6507849559999 -72.140296475,-45.650123671 -72.1401900239999,-45.6501702379999 -72.1397350939999,-45.6494971079999 -72.139627499,-45.6495409459999 -72.139313403,-45.6490257039999 -72.139207415,-45.6490732729999 -72.1385861099999,-45.648212803 -72.1384767719999,-45.648260648 -72.137813315,-45.647351323 -72.137705387,-45.647396681 -72.1370619749999,-45.646512517 -72.1369546129999,-45.646559419 -72.136595998,-45.64599193 -72.136488533,-45.6460382879999 -72.1360084029999,-45.6453500179999 -72.1359773309999,-45.6448496089999 -72.135848757,-45.6448544849999 -72.135772979,-45.645409367 -72.1358325209999,-45.6430868749999 -72.135571759,-45.643155129 -72.133297048,-45.641616149 -72.133216912,-45.641687852 -72.132396952,-45.641107593 -72.1322515639999,-45.641243452 -72.1308260609999,-45.640475603 -72.13076295,-45.640553133 -72.129684276,-45.640029625 -72.129578554,-45.64018763 -72.126826154,-45.638889789 -72.126762411,-45.6389670309999 -72.1258884759999,-45.638515877 -72.1258253249999,-45.638596553 -72.124983802,-45.638159168 -72.124919975,-45.6382355069999 -72.1241262569999,-45.6378169619999 -72.1240610099999,-45.637895965 -72.1234091589999,-45.637533552 -72.123344511,-45.6376108589999 -72.121658054,-45.63683929 -72.121592192,-45.636915216 -72.120770443,-45.636491168 -72.120628552,-45.636621071 -72.118547636,-45.6346261159999 -72.118380035,-45.6347444749999 -72.11709702,-45.633606969 -72.115297157,-45.632471871 -72.113938854,-45.631401103 -72.113845587,-45.631461029 -72.1126626669999,-45.63051088 -72.112568653,-45.6305703369999 -72.111556545,-45.629749607 -72.11140876,-45.62989924 -72.1105268279999,-45.62951392 -72.110449726,-45.6296860419999 -72.107566144,-45.62883913 -72.1074468849999,-45.62898525 -72.106653802,-45.628290275 -72.10658052,-45.628457812</coordinates></LineString>
  </Placemark>
  <Placemark id="lineas_sea.13">
	<name>RIO AZUL-FUTALEUFU</name>
	<Style><LineStyle><color>ff0000ff</color></LineStyle><PolyStyle><fill>0</fill></PolyStyle></Style>
	<ExtendedData><SchemaData schemaUrl="#lineas_sea">
		<SimpleData name="OBJECTID_1">13</SimpleData>
		<SimpleData name="gml_id">lt_aysen_1e53e92a_60f0_49fb_ad34_479556b98cba.10</SimpleData>
		<SimpleData name="objectid">10</SimpleData>
		<SimpleData name="nombre">RIO AZUL-FUTALEUFU</SimpleData>
		<SimpleData name="tramo">RIO AZUL-FUTALEUFU</SimpleData>
		<SimpleData name="propiedad">EDELAYSEN</SimpleData>
		<SimpleData name="voltaje_kv">23</SimpleData>
		<SimpleData name="tipo">SubtransmisiAn</SimpleData>
		<SimpleData name="fecha_oper">Sin Informacion</SimpleData>
		<SimpleData name="estado">En Operacian</SimpleData>
		<SimpleData name="sist_elec">AysOn</SimpleData>
		<SimpleData name="fuent_base">Edelaysen</SimpleData>
		<SimpleData name="f_fbase">Abril 2011</SimpleData>
		<SimpleData name="f_f_actual">2013-06-02</SimpleData>
		<SimpleData name="fe_co_rev">29-11-2013</SimpleData>
		<SimpleData name="shape_leng">46505.5579892</SimpleData>
		<SimpleData name="Shape_Le_1">0.479161535557833</SimpleData>
	</SchemaData></ExtendedData>
      <LineString><coordinates>-72.1259650119999,-43.4936092469999 -72.125784127,-43.4932071109999 -72.125475836,-43.492560751 -72.1251574249999,-43.491833377 -72.124855122,-43.4913033999999 -72.123755113,-43.491465413 -72.12297683,-43.491571054 -72.122046782,-43.491685022 -72.121386846,-43.491769684 -72.119970764,-43.491954488 -72.119261271,-43.491726375 -72.117236409,-43.491123493 -72.115311295,-43.4904575479999 -72.114616079,-43.490234179 -72.113590159,-43.489905306 -72.11250961,-43.489557936 -72.111712461,-43.4893020809999 -72.110783259,-43.489002006 -72.111243756,-43.487853575 -72.111468788,-43.4872913359999 -72.111408259,-43.4865059749999 -72.1118046989999,-43.4864108419999 -72.1121173079999,-43.485614299 -72.11236059,-43.484993097 -72.112999535,-43.484270884 -72.113584907,-43.483608714 -72.11382701,-43.48285342 -72.114086749,-43.4820470719999 -72.114292182,-43.4814020429999 -72.114440105,-43.4809415669999 -72.114604006,-43.480389572 -72.114363533,-43.479763803 -72.114145358,-43.479228086 -72.11389086,-43.4784426919999 -72.113233523,-43.478050019 -72.112594197,-43.47767139 -72.112016894,-43.4773300699999 -72.1111885179999,-43.476840507 -72.111299564,-43.476619582 -72.111352414,-43.475614708 -72.111407464,-43.474667331 -72.111057129,-43.474137721 -72.110913195,-43.4734693679999 -72.110825108,-43.472791351 -72.110751863,-43.472232463 -72.1107011839999,-43.471835577 -72.110290251,-43.471262837 -72.109995848,-43.47087005 -72.110240685,-43.47005712 -72.109975979,-43.4693112529999 -72.1097076409999,-43.4685613309999 -72.10941141,-43.4677354359999 -72.109164931,-43.4670328829999 -72.108980919,-43.466562756 -72.108836901,-43.466104263 -72.108869759,-43.4656952629999 -72.1089032959999,-43.4652616119999 -72.1089506709999,-43.464579278 -72.108986311,-43.4641585539999 -72.109017341,-43.46375671 -72.109078537,-43.4629503899999 -72.1091298169999,-43.462266444 -72.109173676,-43.4616862089999 -72.109213273,-43.4611564649999 -72.109283655,-43.460227301 -72.1093501399999,-43.459361692 -72.109401561,-43.4586979169999 -72.1094492839999,-43.458015771 -72.109518312,-43.4570992669999 -72.1095769629999,-43.45628892 -72.109615541,-43.4557699539999 -72.1096445869999,-43.4553239429999 -72.109426683,-43.454893924 -72.1092431339999,-43.454528787 -72.108890125,-43.4538220059999 -72.108541338,-43.4531616089999 -72.107919667,-43.45191593 -72.107265494,-43.450603429 -72.1065469219999,-43.4491311959999 -72.105834123,-43.44769926 -72.1052039149999,-43.4463679959999 -72.104772951,-43.445481502 -72.1033929009999,-43.443686192 -72.102374131,-43.442443919 -72.10212531,-43.442174171 -72.101650519,-43.4416711769999 -72.101476751,-43.441082361 -72.101160766,-43.4402427959999 -72.1003215709999,-43.4399193519999 -72.0992946,-43.439063087 -72.0987994179999,-43.4383182719999 -72.0979518199999,-43.4370295269999 -72.09690016,-43.4354333479999 -72.096103694,-43.4347377679999 -72.0953663459999,-43.433837329 -72.09432614,-43.4332223329999 -72.092432701,-43.4323740409999 -72.091416225,-43.4315665899999 -72.091268481,-43.431019928 -72.091161878,-43.430514466 -72.0909942929999,-43.42992048 -72.090841821,-43.429511267 -72.091102188,-43.42896581 -72.091819831,-43.428722889 -72.09283169,-43.428405969 -72.0940662679999,-43.428011694 -72.094325525,-43.427287393 -72.094467497,-43.426344749 -72.093883053,-43.424900333 -72.0935854809999,-43.4245622519999 -72.0933110299999,-43.424143816 -72.093062585,-43.423687958 -72.0938678649999,-43.422763717 -72.094465729,-43.4222317869999 -72.095010292,-43.421447934 -72.095322559,-43.421099248 -72.096253932,-43.420111931 -72.0966041299999,-43.4196955099999 -72.096247917,-43.417559502 -72.095414987,-43.417052691 -72.0948068399999,-43.4167347169999 -72.0942833619999,-43.4164671519999 -72.094243492,-43.4160614369999 -72.0942396149999,-43.4147383819999 -72.0938648709999,-43.414145343 -72.093509608,-43.4136976629999 -72.0930621219999,-43.4130403779999 -72.092908833,-43.4124809689999 -72.0925947599999,-43.4118646209999 -72.092563008,-43.411446956 -72.092462785,-43.410844691 -72.091966097,-43.410341278 -72.091798564,-43.409888826 -72.092398835,-43.409298984 -72.092856328,-43.408595845 -72.093723854,-43.407969038 -72.0942044139999,-43.40742332 -72.0947107329999,-43.4069791809999 -72.095217412,-43.406537661 -72.09552616,-43.405653903 -72.095184865,-43.4045352009999 -72.0953169379999,-43.403769398 -72.095395508,-43.4033838889999 -72.0956254019999,-43.40314691 -72.096064067,-43.402900382 -72.097395293,-43.402345472 -72.09740648,-43.4020183019999 -72.097424758,-43.401454793 -72.096803141,-43.400855763 -72.095741988,-43.3998118659999 -72.0948270929999,-43.3987569999999 -72.094241846,-43.397806488 -72.093757567,-43.397001513 -72.093470435,-43.396566638 -72.09325745,-43.396163992 -72.093050852,-43.395883413 -72.093075023,-43.3954504229999 -72.093064015,-43.395045621 -72.093060365,-43.394040478 -72.0930342569999,-43.393468728 -72.0921748869999,-43.392376089 -72.0909831119999,-43.3916076579999 -72.090230515,-43.390016413 -72.089821456,-43.388839155 -72.090180844,-43.388119391 -72.090517241,-43.38750321 -72.090806922,-43.386810569 -72.091098072,-43.386244464 -72.091473358,-43.3854988109999 -72.092176304,-43.384961188 -72.092578714,-43.384618404 -72.0921109729999,-43.383777288 -72.091671027,-43.3829901789999 -72.091158032,-43.38207633 -72.090861949,-43.3815438939999 -72.09062425,-43.3811173829999 -72.089999572,-43.3807090179999 -72.089326844,-43.3802654839999 -72.088839187,-43.3799475769999 -72.0882586069999,-43.379567427 -72.087559829,-43.378902904 -72.0869755749999,-43.378347358 -72.085396255,-43.3773200439999 -72.084573808,-43.376792983 -72.083803544,-43.376297678 -72.082338608,-43.3753555329999 -72.081452729,-43.374767677 -72.080717673,-43.37429585 -72.0804042029999,-43.374105073 -72.0796831599999,-43.373557698 -72.07912571,-43.3731583749999 -72.077951072,-43.37229859 -72.076485786,-43.371228962 -72.075369689,-43.370410895 -72.074626559,-43.369870396 -72.0734829899999,-43.3690831179999 -72.07272168,-43.368559428 -72.071914189,-43.368005828 -72.071603239,-43.367666535 -72.071188483,-43.3672123069999 -72.070741953,-43.3667287229999 -72.070274,-43.366218568 -72.069630025,-43.3655174359999 -72.069207063,-43.365057409 -72.068839886,-43.3646588629999 -72.0684491599999,-43.364236935 -72.068182087,-43.363948186 -72.0670788959999,-43.362744571 -72.066467146,-43.362080352 -72.065869565,-43.3614296389999 -72.0652339499999,-43.36073626 -72.0647922859999,-43.360256018 -72.064654202,-43.359504197 -72.064559177,-43.3589903609999 -72.06447532,-43.358526422 -72.0643865919999,-43.358056054 -72.064307286,-43.357646162 -72.064145259,-43.356853749 -72.063261637,-43.3552004329999 -72.0629112129999,-43.35512138 -72.06121825,-43.354758596 -72.059378577,-43.354365722 -72.0577701569999,-43.354018567 -72.0570285869999,-43.353470881 -72.055800324,-43.3525120699999 -72.0549307269999,-43.3525302689999 -72.054160256,-43.3525499369999 -72.0529574569999,-43.352585011 -72.051963803,-43.3525280489999 -72.050963972,-43.352425454 -72.0503359699999,-43.352433106 -72.04852283,-43.352330471 -72.04778977,-43.352288578 -72.045296568,-43.352587613 -72.044142827,-43.3527454979999 -72.0430371479999,-43.352861219 -72.0424118669999,-43.352932102 -72.0399438279999,-43.352575771 -72.038409492,-43.351830149 -72.037882054,-43.351579149 -72.037028713,-43.351060939 -72.036283926,-43.35065736 -72.035581954,-43.350258939 -72.0349443269999,-43.349904948 -72.034142173,-43.3494639429999 -72.0331339209999,-43.349092851 -72.032126885,-43.348722411 -72.030958047,-43.3482927479999 -72.030062847,-43.347964541 -72.029051974,-43.3476178339999 -72.028062496,-43.347252587 -72.027072421,-43.346889747 -72.026072869,-43.346516567 -72.0247968049999,-43.345463175 -72.024503227,-43.344735708 -72.024172735,-43.343953437 -72.0239427339999,-43.34339941 -72.023771349,-43.342146171 -72.0237069519999,-43.341689549 -72.0237697319999,-43.341005933 -72.023895007,-43.339697397 -72.024004667,-43.3385189109999 -72.024061648,-43.3379234669999 -72.02410452,-43.3374475809999 -72.024152457,-43.3370043309999 -72.024227937,-43.336181761 -72.024274269,-43.3356451019999 -72.0239377629999,-43.335158437 -72.023535989,-43.334576435 -72.023201101,-43.3340947619999 -72.0228899369999,-43.3336577329999 -72.0223524049999,-43.3328886099999 -72.021829028,-43.332158208 -72.0214492759999,-43.331600812 -72.02062216,-43.330418799 -72.020239375,-43.3298910309999 -72.0199334129999,-43.3294569189999 -72.018051247,-43.3284314909999 -72.016994079,-43.327854422 -72.016085254,-43.327358735 -72.0153210289999,-43.32694767 -72.014359812,-43.326683611 -72.013560417,-43.3264670789999 -72.0127803089999,-43.3262547369999 -72.011972016,-43.326033821 -72.010085917,-43.325515412 -72.009040693,-43.325227593 -72.0083011959999,-43.3250251969999 -72.008108237,-43.324793348 -72.0066787549999,-43.3231379069999 -72.005938865,-43.322286788 -72.005343672,-43.321590623 -72.0047023769999,-43.32085174 -72.0040884429999,-43.320146074 -72.0037278779999,-43.319732277 -72.0031270809999,-43.3190307309999 -72.0027563639999,-43.3186004579999 -72.002300528,-43.3180708039999 -72.002011596,-43.317727847 -72.001586919,-43.317246816 -72.000935982,-43.31656285 -72.000075553,-43.315470837 -71.9983835049999,-43.313494809 -71.997626619,-43.312587817 -71.996239021,-43.310986917 -71.9956218139999,-43.310326495 -71.9950476,-43.3096620699999 -71.994455172,-43.30896475 -71.9931167029999,-43.307773229 -71.9925127819999,-43.306799911 -71.992180159,-43.306235194 -71.991625885,-43.3053431279999 -71.991514169,-43.3047715279999 -71.991378454,-43.3041367239999 -71.9912199729999,-43.303386255 -71.991071662,-43.302689534 -71.990984009,-43.3022799999999 -71.990520583,-43.301551392 -71.990164078,-43.300994413 -71.989588952,-43.30008171 -71.989138339,-43.299388818 -71.9888476959999,-43.298926485 -71.988110058,-43.297770902 -71.9871818949999,-43.2963081349999 -71.986716816,-43.295579828 -71.986285271,-43.2948989509999 -71.985815993,-43.294166208 -71.985239544,-43.293265333 -71.984863392,-43.292678828 -71.9844461019999,-43.2920195679999 -71.984173106,-43.291598025 -71.9835920909999,-43.290683246 -71.9832045169999,-43.290076626 -71.982954691,-43.2896853129999 -71.98248289,-43.2889503289999 -71.982245728,-43.2885648399999 -71.981773125,-43.287828931 -71.979825025,-43.2869238499999 -71.978661444,-43.28638674 -71.977926333,-43.2860450699999 -71.976059006,-43.285173571 -71.975338548,-43.2848401959999 -71.9743780329999,-43.284392329 -71.973458509,-43.283963096 -71.972529176,-43.283533146 -71.9717547079999,-43.2831688759999 -71.970884316,-43.282758572 -71.970145545,-43.2824154049999 -71.969307703,-43.281786897 -71.96858936,-43.281228988 -71.9667659959999,-43.279825858 -71.965267405,-43.278755088 -71.964842677,-43.278345496 -71.963846378,-43.277577777 -71.9631507089999,-43.277195105 -71.962299026,-43.276711313 -71.961580328,-43.2763015479999 -71.9608027039999,-43.275867702 -71.9601243499999,-43.275477098 -71.9593454939999,-43.275038708 -71.958385006,-43.2744622279999 -71.957508081,-43.2724276009999 -71.957128859,-43.271475471 -71.956910264,-43.270961765 -71.956543601,-43.270306632 -71.9555764409999,-43.268477747 -71.9540012529999,-43.267941397 -71.9530227499999,-43.267590739 -71.952432561,-43.267339653 -71.951341064,-43.2659635319999 -71.9504443069999,-43.2647272889999 -71.949909667,-43.263584706 -71.949407698,-43.262525824 -71.949239441,-43.2621677659999 -71.9489453309999,-43.2614784419999 -71.948070978,-43.260074683 -71.946718033,-43.258942733 -71.945497428,-43.2578848919999 -71.945026255,-43.2574906409999 -71.9440263229999,-43.256637209 -71.9434767819999,-43.2561847649999 -71.943067593,-43.255820075 -71.941761732,-43.254715795 -71.941455187,-43.2544418099999 -71.941125926,-43.2541590229999 -71.9411059399999,-43.2540809669999 -71.940426674,-43.253573176 -71.939446168,-43.252727877 -71.939182471,-43.2525062629999 -71.938870681,-43.252241493 -71.938387287,-43.2520066989999 -71.9373141849999,-43.2514811359999 -71.936303132,-43.250981086 -71.935198992,-43.2504341429999 -71.934508142,-43.2497589019999 -71.9335775609999,-43.248856728 -71.933010791,-43.2482842049999 -71.932506297,-43.2478231929999 -71.931223737,-43.246563749 -71.930632811,-43.245989934 -71.929934337,-43.245318872 -71.929365665,-43.244756093 -71.9285510349999,-43.243968367 -71.927661636,-43.24306131 -71.9263036409999,-43.241789879 -71.926050376,-43.241553659 -71.926501178,-43.2408915999999 -71.926973039,-43.24021462 -71.9274682179999,-43.239458223 -71.9281636059999,-43.23843764 -71.92875042,-43.237577459 -71.929774881,-43.236065203 -71.9302301979999,-43.235399828 -71.9301563659999,-43.235065436 -71.929917052,-43.2339831789999 -71.929741526,-43.233148521 -71.929520913,-43.2319541319999 -71.92928905,-43.2310474619999 -71.9291806639999,-43.2305873509999 -71.929028436,-43.2298726139999 -71.9287473379999,-43.2285885439999 -71.928644804,-43.228073399 -71.928480811,-43.227352852 -71.928102607,-43.225816142 -71.927967918,-43.225017421 -71.9271512889999,-43.222731806 -71.926692203,-43.2208189999999 -71.926368209,-43.219655136 -71.926166754,-43.218933759 -71.925964673,-43.2182689959999 -71.925730228,-43.217391059 -71.925463635,-43.216425463 -71.925245025,-43.215666168 -71.925094531,-43.2151607129999 -71.9243874749999,-43.2148786069999 -71.923410018,-43.21449045 -71.9211644549999,-43.213600312 -71.9191234369999,-43.212797754 -71.918167732,-43.212416531 -71.917590734,-43.211702029 -71.916682619,-43.2105898199999 -71.9161555269999,-43.2099481449999 -71.915853505,-43.2095739119999 -71.914953034,-43.208521229 -71.91354749,-43.2068312279999 -71.9127967059999,-43.2058016559999 -71.9125149019999,-43.204622865 -71.911675455,-43.203224539 -71.90905637,-43.2010473679999 -71.9084916799999,-43.2005707559999 -71.907549156,-43.1999630019999 -71.9063241379999,-43.199174097 -71.905968641,-43.198939566 -71.905274269,-43.198497242 -71.9046245489999,-43.1981066339999 -71.903907504,-43.19754367 -71.901471524,-43.1960061249999 -71.900888191,-43.196183888 -71.898586403,-43.196645823 -71.89752856,-43.196849587 -71.896504089,-43.197055147 -71.895871375,-43.1973058209999 -71.894866507,-43.197694761 -71.894283074,-43.197948927 -71.893642416,-43.198222422 -71.892487553,-43.19869748 -71.8907279169999,-43.1988456359999 -71.8898968399999,-43.198734341 -71.888883812,-43.1985903579999 -71.888025495,-43.1984800189999 -71.8874749619999,-43.197997296 -71.88682127,-43.197462151 -71.886163744,-43.19687927 -71.885425599,-43.196243677 -71.8847153469999,-43.195626128 -71.883886258,-43.194901794 -71.883319614,-43.194417711 -71.882567824,-43.193768495 -71.881667366,-43.1934265589999 -71.880453233,-43.1932997919999 -71.879540036,-43.1932201239999 -71.878608648,-43.1931304089999 -71.876242097,-43.192890642 -71.875092453,-43.192780977 -71.873749394,-43.192654037 -71.8729198029999,-43.192580924 -71.871174148,-43.192402874 -71.870172027,-43.192303591 -71.869587106,-43.192150539 -71.8695412009999,-43.1920159389999 -71.8694979919999,-43.1918286539999 -71.8694382259999,-43.1915080219999 -71.8692368869999,-43.1907484619999 -71.8691515689999,-43.190241837 -71.868969836,-43.189770207 -71.868832529,-43.189180677 -71.868748443,-43.1888592879999 -71.868655672,-43.188517674 -71.868592674,-43.188260338 -71.868525091,-43.1879867599999 -71.8684550359999,-43.187713474 -71.868386323,-43.187454811 -71.868320899,-43.187182373 -71.8682636409999,-43.1869283459999 -71.868314136,-43.186542667 -71.868739768,-43.186746553 -71.868754085,-43.186793763</coordinates></LineString>
  </Placemark>
  <Placemark id="lineas_sea.14">
	<name>RIO AZUL-LA JUNTA</name>
	<Style><LineStyle><color>ff0000ff</color></LineStyle><PolyStyle><fill>0</fill></PolyStyle></Style>
	<ExtendedData><SchemaData schemaUrl="#lineas_sea">
		<SimpleData name="OBJECTID_1">14</SimpleData>
		<SimpleData name="gml_id">lt_aysen_1e53e92a_60f0_49fb_ad34_479556b98cba.11</SimpleData>
		<SimpleData name="objectid">11</SimpleData>
		<SimpleData name="nombre">RIO AZUL-LA JUNTA</SimpleData>
		<SimpleData name="tramo">RIO AZUL-LA JUNTA</SimpleData>
		<SimpleData name="propiedad">EDELAYSEN</SimpleData>
		<SimpleData name="voltaje_kv">23</SimpleData>
		<SimpleData name="tipo">SubtransmisiJn</SimpleData>
		<SimpleData name="fecha_oper">Sin Informacion</SimpleData>
		<SimpleData name="estado">En Operacian</SimpleData>
		<SimpleData name="sist_elec">AysOn</SimpleData>
		<SimpleData name="fuent_base">Edelaysen</SimpleData>
		<SimpleData name="f_fbase">Abril 2011</SimpleData>
		<SimpleData name="f_f_actual">2013-06-02</SimpleData>
		<SimpleData name="fe_co_rev">29-11-2013</SimpleData>
		<SimpleData name="shape_leng">67170.8268032</SimpleData>
		<SimpleData name="Shape_Le_1">0.638323915915989</SimpleData>
	</SchemaData></ExtendedData>
      <LineString><coordinates>-72.4011747709999,-43.9678170449999 -72.400976989,-43.967776172 -72.400915857,-43.967634517 -72.400944806,-43.9673053129999 -72.400564253,-43.966451107 -72.400182553,-43.9655863409999 -72.3995121259999,-43.9640690479999 -72.398978115,-43.9628766169999 -72.399517612,-43.962070098 -72.399988783,-43.961335213 -72.400398459,-43.960689766 -72.400086557,-43.959714322 -72.399858831,-43.958975048 -72.399702046,-43.9584980189999 -72.3995736749999,-43.958023978 -72.3992847059999,-43.957114776 -72.3989448409999,-43.95606982 -72.3987573269999,-43.9554205869999 -72.3985289949999,-43.954707314 -72.398354073,-43.954143803 -72.3979986149999,-43.953716443 -72.397398492,-43.952981822 -72.3964060439999,-43.951900107 -72.394586268,-43.949724664 -72.394300163,-43.949274116 -72.3940947309999,-43.949016359 -72.3937273879999,-43.948597177 -72.393400921,-43.948371768 -72.393085911,-43.9481494089999 -72.392617139,-43.9482489019999 -72.3914666699999,-43.9484897419999 -72.389800291,-43.948836177 -72.388863451,-43.948810889 -72.3875901069999,-43.9487755559999 -72.386248826,-43.9487237079999 -72.384876042,-43.9486969609999 -72.383473913,-43.948594982 -72.3808595639999,-43.9468229839999 -72.380443339,-43.9456669259999 -72.380055934,-43.9447003179999 -72.3798866179999,-43.9442803229999 -72.379717031,-43.943852308 -72.3793826899999,-43.9430141249999 -72.37913028,-43.942384256 -72.37900827,-43.941900254 -72.378985972,-43.9412029229999 -72.3789429619999,-43.9403446859999 -72.378905172,-43.9392912069999 -72.379424398,-43.9388306549999 -72.380165684,-43.938167678 -72.3811159219999,-43.937325111 -72.381546858,-43.9369479609999 -72.382627465,-43.935986922 -72.38302808,-43.935616093 -72.383395276,-43.93471486 -72.383604369,-43.934188483 -72.383821336,-43.933675609 -72.38420629,-43.932692764 -72.384144136,-43.93180348 -72.384078223,-43.930744316 -72.3840054469999,-43.929628636 -72.383937735,-43.928681605 -72.383881663,-43.927787238 -72.3838405179999,-43.926882049 -72.3837936739999,-43.9261693 -72.383737603,-43.925266469 -72.383691197,-43.9243705229999 -72.38362789,-43.923476528 -72.383570629,-43.9225753809999 -72.38391792,-43.9216230929999 -72.384263902,-43.920674823 -72.384414501,-43.920563666 -72.384616681,-43.9197189669999 -72.384162177,-43.918878493 -72.383697408,-43.918039493 -72.3832791629999,-43.917329848 -72.382829274,-43.916620646 -72.382381374,-43.915920311 -72.381714393,-43.915277252 -72.380926873,-43.91452636 -72.3804054989999,-43.914090636 -72.379432842,-43.913279759 -72.378657086,-43.912613839 -72.378511072,-43.911665366 -72.3784265039999,-43.911104167 -72.37834356,-43.9105514669999 -72.3782525079999,-43.910001913 -72.3781692169999,-43.909440112 -72.378025818,-43.9085061019999 -72.3777426,-43.907770097 -72.3774257119999,-43.9069843409999 -72.377115165,-43.906213135 -72.376649634,-43.905021714 -72.3764063099999,-43.90440717 -72.376104829,-43.903648414 -72.375842023,-43.902706796 -72.375840921,-43.901913166 -72.3758471849999,-43.901175704 -72.375853869,-43.9004966799999 -72.3758632559999,-43.899622985 -72.375824445,-43.898534275 -72.375715869,-43.897574053 -72.375612098,-43.896657515 -72.3751481419999,-43.896191576 -72.3748561899999,-43.895310685 -72.374568102,-43.894435554 -72.37433534,-43.893726536 -72.374084583,-43.892968219 -72.373844815,-43.892234732 -72.373805018,-43.8916986849999 -72.373765192,-43.891089713 -72.373579567,-43.8892752319999 -72.3734933499999,-43.8877282619999 -72.373695877,-43.885879492 -72.3732963749999,-43.8852407319999 -72.372816926,-43.884418991 -72.3723183549999,-43.883593569 -72.3718168939999,-43.882771949 -72.371317467,-43.88193831 -72.370941908,-43.881313865 -72.3703899189999,-43.880391053 -72.370900525,-43.879510441 -72.3714388339999,-43.878562761 -72.371707073,-43.8780925899999 -72.371790467,-43.8771133719999 -72.371858668,-43.876267317 -72.3719085239999,-43.875778886 -72.371957245,-43.875135128 -72.371997444,-43.874696441 -72.3720761769999,-43.8737154039999 -72.372153528,-43.8727346049999 -72.372196973,-43.872219198 -72.372241737,-43.871687885 -72.3729095739999,-43.869928683 -72.3733571719999,-43.869040216 -72.373727736,-43.8681600589999 -72.374095929,-43.8672854289999 -72.3744448259999,-43.866450415 -72.3748095289999,-43.8655838949999 -72.374823336,-43.8649946099999 -72.3748487249999,-43.8640593389999 -72.374878606,-43.86314929 -72.374898614,-43.862265663 -72.374921829,-43.861362841 -72.373609602,-43.860105302 -72.372899116,-43.859420314 -72.372206766,-43.858747712 -72.371401632,-43.85798338 -72.3706827299999,-43.857292872 -72.369846652,-43.8564719999999 -72.369051757,-43.85571383 -72.368326012,-43.8549934389999 -72.367398324,-43.8541382079999 -72.366809454,-43.853192108 -72.366420822,-43.852818527 -72.365691853,-43.852116322 -72.3644599309999,-43.8512924899999 -72.3636387569999,-43.8505182809999 -72.362884946,-43.849777041 -72.3620949039999,-43.8490425219999 -72.361294387,-43.848272374 -72.3599903799999,-43.8469991119999 -72.358741932,-43.8457788869999 -72.3588199389999,-43.844986901 -72.358837351,-43.8436824149999 -72.357473235,-43.842044285 -72.3570387409999,-43.8412165829999 -72.357175731,-43.840677775 -72.357394035,-43.839821424 -72.357794122,-43.8389747699999 -72.3578594419999,-43.838072924 -72.357447022,-43.837334502 -72.357121127,-43.8366450779999 -72.356916605,-43.835846373 -72.356751764,-43.8350279709999 -72.3566264739999,-43.834513703 -72.35602857,-43.834047465 -72.35540517,-43.833361861 -72.3554580589999,-43.832553358 -72.355619233,-43.8318441449999 -72.355913911,-43.830967417 -72.356158567,-43.83024033 -72.355995236,-43.8298612149999 -72.356376309,-43.829038431 -72.356745169,-43.82817368 -72.3571339219999,-43.8272947139999 -72.357586498,-43.8262767759999 -72.3579539799999,-43.825473479 -72.358334817,-43.824564524 -72.3587500689999,-43.8236446609999 -72.359100859,-43.822821528 -72.359440814,-43.822032355 -72.3597698039999,-43.821311168 -72.359796638,-43.8206321549999 -72.3592561309999,-43.819808579 -72.3587407159999,-43.8190338379999 -72.358202351,-43.8182243529999 -72.3576005579999,-43.8173085139999 -72.357009093,-43.8164069539999 -72.356116874,-43.814731196 -72.35826879,-43.811830889 -72.358747986,-43.811218063 -72.359681907,-43.8106849829999 -72.360742692,-43.8100797389999 -72.3618643899999,-43.809502274 -72.362894892,-43.8089767989999 -72.363934934,-43.80843749 -72.3650454359999,-43.8078672949999 -72.3656793379999,-43.8075419639999 -72.3663014489999,-43.807213206 -72.367168002,-43.8067674599999 -72.36736099,-43.805880881 -72.3675641309999,-43.8049554629999 -72.3677808899999,-43.803966077 -72.367992025,-43.802957384 -72.368177105,-43.802105914 -72.368373962,-43.801266327 -72.368490304,-43.800626822 -72.36812343,-43.8001329269999 -72.36768599,-43.7995733029999 -72.3662011019999,-43.797814456 -72.3652913399999,-43.796650631 -72.364599923,-43.795742752 -72.364365485,-43.7948446029999 -72.363991638,-43.793753454 -72.363718518,-43.792946781 -72.3634267039999,-43.792090522 -72.36309076,-43.7911103509999 -72.3627790359999,-43.7901985309999 -72.362469995,-43.7892965839999 -72.362232859,-43.788607779 -72.362134011,-43.7880751279999 -72.362022376,-43.787488523 -72.3618471779999,-43.786539069 -72.361622766,-43.7853779869999 -72.361422976,-43.784422833 -72.361313804,-43.7837833469999 -72.3611082469999,-43.7827448699999 -72.3609450449999,-43.781839626 -72.3605844159999,-43.7800362679999 -72.360470141,-43.7793917129999 -72.3605848409999,-43.778406279 -72.3606951369999,-43.777407871 -72.360884083,-43.7757402829999 -72.360948486,-43.775222656 -72.36099661,-43.774741745 -72.3610661339999,-43.773983405 -72.3611645789999,-43.773160731 -72.361410592,-43.7717004479999 -72.36134141,-43.7709600599999 -72.361484188,-43.770016149 -72.361706536,-43.769293929 -72.3618011409999,-43.7685919849999 -72.361897407,-43.768106514 -72.3617370009999,-43.767234104 -72.361471958,-43.766099901 -72.3613506889999,-43.765648477 -72.3611918829999,-43.764963097 -72.360921343,-43.7643327559999 -72.360729046,-43.763756529 -72.3604873159999,-43.763072923 -72.3584920759999,-43.760814749 -72.357713787,-43.760006459 -72.357277575,-43.758804093 -72.3567026109999,-43.757224347 -72.356861711,-43.755577767 -72.3569174199999,-43.754857191 -72.356984524,-43.7541541639999 -72.3570729699999,-43.753144177 -72.357143481,-43.7523891009999 -72.3573204149999,-43.751566622 -72.356949675,-43.7507487579999 -72.356731758,-43.750268174 -72.356282681,-43.7493230819999 -72.356244674,-43.7486943289999 -72.356181966,-43.74776637 -72.3561526829999,-43.746956498 -72.356030593,-43.7460826239999 -72.3555943539999,-43.7452754839999 -72.3551127709999,-43.7443929259999 -72.354759504,-43.743850863 -72.354492667,-43.743263896 -72.3540385639999,-43.7423980849999 -72.353512038,-43.741451458 -72.353050735,-43.7405383 -72.352647841,-43.7395765269999 -72.3524986259999,-43.7389531169999 -72.352415299,-43.738249216 -72.352360743,-43.737495474 -72.3518546829999,-43.7364804389999 -72.351404483,-43.735460486 -72.351144088,-43.7349288469999 -72.350906457,-43.734444192 -72.3505908229999,-43.733735081 -72.3501401349999,-43.732780562 -72.34973811,-43.731885602 -72.3493402029999,-43.73106078 -72.3489850129999,-43.730435735 -72.34873758,-43.729760433 -72.3481841569999,-43.729297882 -72.347054456,-43.728328667 -72.3456314489999,-43.727120075 -72.344489573,-43.726220235 -72.3429099909999,-43.7244251079999 -72.341129413,-43.722960557 -72.3406051059999,-43.7224430969999 -72.33999259,-43.7219582439999 -72.339015204,-43.721157612 -72.3384507059999,-43.7200769629999 -72.337868392,-43.719460547 -72.337352843,-43.718710276 -72.337365205,-43.7179186509999 -72.337360546,-43.7170769319999 -72.3372872469999,-43.716355606 -72.337212644,-43.715506854 -72.337149751,-43.7150437989999 -72.337818724,-43.714409007 -72.338557894,-43.713707874 -72.338966184,-43.71332539 -72.3394102669999,-43.712905295 -72.339881138,-43.712454672 -72.340327098,-43.7120255249999 -72.34150999,-43.711275192 -72.3414142239999,-43.710305939 -72.341546276,-43.709781339 -72.3417182109999,-43.709115329 -72.343616128,-43.7066579639999 -72.3448647,-43.705504612 -72.344791888,-43.7046045869999 -72.344717073,-43.703688131 -72.344558153,-43.7027063369999 -72.3443971679999,-43.701729267 -72.344208129,-43.700946282 -72.343772465,-43.699198279 -72.3438888379999,-43.698423475 -72.34403366,-43.69749898 -72.344169914,-43.6965632119999 -72.344311847,-43.695509993 -72.3444419849999,-43.6946591619999 -72.3445665259999,-43.6938450219999 -72.344759115,-43.693217929 -72.344923465,-43.6925727129999 -72.344454221,-43.691748912 -72.343525378,-43.691690133 -72.342392026,-43.691429961 -72.3414330259999,-43.6913546169999 -72.340290717,-43.691359087 -72.339025093,-43.691388404 -72.337731788,-43.689831339 -72.337178039,-43.689136623 -72.3366672669999,-43.68850557 -72.336031022,-43.687715925 -72.335868498,-43.6872843949999 -72.335592122,-43.6865802959999 -72.3349474029999,-43.684887702 -72.33568552,-43.6837599 -72.33669592,-43.6822368109999 -72.337124554,-43.6813926739999 -72.337750082,-43.68068232 -72.338314334,-43.679822883 -72.3391218089999,-43.67822896 -72.339144785,-43.6774708899999 -72.3387836379999,-43.676633287 -72.338433981,-43.6757828949999 -72.338082992,-43.67495723 -72.337712661,-43.674111937 -72.337360672,-43.673247622 -72.3370035889999,-43.672397684 -72.336674999,-43.671644112 -72.3359991419999,-43.668945231 -72.335866004,-43.668430836 -72.335648669,-43.667551831 -72.33541586,-43.66663303 -72.3353183359999,-43.666269728 -72.33519397,-43.6657843479999 -72.3350180039999,-43.665024607 -72.33464838,-43.663596904 -72.334401041,-43.6626259929999 -72.3342546069999,-43.6620539359999 -72.334098981,-43.661462668 -72.334601752,-43.660770261 -72.335230189,-43.659975716 -72.335600862,-43.6595664349999 -72.336447914,-43.6583762509999 -72.337076211,-43.6575837619999 -72.3377353389999,-43.656688093 -72.338425418,-43.655801515 -72.3390930579999,-43.6549059449999 -72.3392788529999,-43.654293104 -72.339639389,-43.653300617 -72.339942521,-43.65238629 -72.340265765,-43.651403736 -72.34059582,-43.650421159 -72.340732233,-43.649976876 -72.3412676299999,-43.6492266769999 -72.341794862,-43.648531926 -72.3422087129999,-43.647956257 -72.342649449,-43.647408942 -72.343294884,-43.64656901 -72.344030419,-43.6456872329999 -72.3450438579999,-43.64492445 -72.345871073,-43.6442878789999 -72.346784854,-43.6436192799999 -72.347499607,-43.6430751579999 -72.348159309,-43.6425506419999 -72.3487827599999,-43.6418917619999 -72.34921925,-43.6411736219999 -72.349431126,-43.640375902 -72.3496374969999,-43.6395425819999 -72.3497963729999,-43.638785496 -72.350013339,-43.638012562 -72.3502202569999,-43.6372030219999 -72.3500526829999,-43.6365315469999 -72.349939803,-43.635989187 -72.3495521089999,-43.6349901089999 -72.349229346,-43.6341665699999 -72.348895504,-43.6333161229999 -72.3485617059999,-43.6324451479999 -72.3482360679999,-43.6315917379999 -72.3479036259999,-43.6307692309999 -72.347599197,-43.62999761 -72.347197415,-43.6289626339999 -72.346899531,-43.628228528 -72.346517664,-43.6272569449999 -72.3461698149999,-43.62636592 -72.3458721549999,-43.6256103869999 -72.3455157349999,-43.6246892689999 -72.3452114949999,-43.623909004 -72.344848306,-43.622981604 -72.3446093859999,-43.6223506869999 -72.3442578729999,-43.621456869 -72.343918789,-43.6206270819999 -72.3435667059999,-43.619693185 -72.343220077,-43.6187988459999 -72.3428746719999,-43.617930375 -72.342597793,-43.617225284 -72.3421917269999,-43.616187129 -72.341818396,-43.615303419 -72.341532249,-43.614564528 -72.341675229,-43.6136822079999 -72.341750498,-43.612747622 -72.341839329,-43.611912928 -72.341954835,-43.610959292 -72.342042421,-43.6100514619999 -72.342159959,-43.6091471199999 -72.342256741,-43.608261021 -72.342348214,-43.607498144 -72.342459048,-43.6065094649999 -72.342526264,-43.6056305119999 -72.342654915,-43.604740652 -72.342735982,-43.603845274 -72.342859387,-43.602958983 -72.3429318089999,-43.602296318 -72.343031728,-43.601464941 -72.3431300189999,-43.600543853 -72.343277504,-43.5994761659999 -72.3433140559999,-43.5989639209999 -72.34354036,-43.598370916 -72.3438862099999,-43.597448471 -72.344154359,-43.5967488479999 -72.3444922689999,-43.5958656509999 -72.3447550609999,-43.5951860709999 -72.3449228819999,-43.594733505 -72.345123331,-43.594240283 -72.3454483199999,-43.5933601139999 -72.345616335,-43.592894407 -72.3458599419999,-43.592309633 -72.346122969,-43.591542272 -72.346339158,-43.590825771 -72.34650039,-43.590097011 -72.346744422,-43.5893386609999 -72.346891638,-43.588827093 -72.3469302089999,-43.58797772 -72.346977295,-43.587013392 -72.346890967,-43.5862918459999 -72.3468171919999,-43.585527106 -72.3467238429999,-43.584635684 -72.347019414,-43.583321048 -72.3469676409999,-43.5825290879999 -72.346666845,-43.579678868 -72.3466743069999,-43.579010188 -72.3466143529999,-43.57839045 -72.346512877,-43.5774474309999 -72.3464217919999,-43.576575149 -72.346312299,-43.575741422 -72.346384539,-43.575326159 -72.3464647489999,-43.57483374 -72.3467876,-43.5724825569999 -72.346898058,-43.57171291 -72.346950267,-43.5711614099999 -72.347095371,-43.5702964119999 -72.3471677439999,-43.5697819339999 -72.347311017,-43.569229127 -72.347475012,-43.568610356 -72.347649331,-43.567903053 -72.347822101,-43.567264769 -72.3479848819999,-43.566628323 -72.3481801569999,-43.565649245 -72.348466752,-43.564755837 -72.348616067,-43.564143746 -72.348764289,-43.5636072579999 -72.348987856,-43.5627221089999 -72.3491624179999,-43.562042268 -72.3494175,-43.561138312 -72.3495645519999,-43.560523737 -72.3497601019999,-43.559740483 -72.349865801,-43.5591906719999 -72.350012862,-43.5585276589999 -72.35022667,-43.557516864 -72.350433767,-43.5565064529999 -72.350615401,-43.5557830179999 -72.3508635319999,-43.55480768 -72.351145133,-43.553732281 -72.351326738,-43.553057101 -72.351372155,-43.5523201519999 -72.3499399469999,-43.551150545 -72.347398131,-43.5502475019999 -72.346216613,-43.54973983 -72.345212343,-43.549370864 -72.344058827,-43.548939447 -72.3429551679999,-43.5485371779999 -72.341773559,-43.548097883 -72.341429342,-43.547374201 -72.340969897,-43.5464028559999 -72.341214594,-43.54551371 -72.341447291,-43.5446552559999 -72.341691612,-43.5437489939999 -72.341929694,-43.5428605929999 -72.3421699639999,-43.541975753 -72.342377052,-43.541091041 -72.342621562,-43.5400248829999 -72.342820451,-43.5391377289999 -72.343028536,-43.5382382729999 -72.343228212,-43.537372294 -72.343461017,-43.5362394159999 -72.343823333,-43.534831525 -72.343931189,-43.5342692519999 -72.344018483,-43.533684804 -72.344103441,-43.5329731749999 -72.3441716409999,-43.5318652789999 -72.344323048,-43.5307984799999 -72.344367441,-43.530035399 -72.344448003,-43.529229131 -72.344530478,-43.528224204 -72.3445660359999,-43.527648096 -72.344664081,-43.526254496 -72.3447203699999,-43.5253470069999 -72.345181458,-43.524595678 -72.3453345,-43.523843131 -72.3455069939999,-43.523084196 -72.345675354,-43.522281226 -72.345730886,-43.521373538 -72.345748897,-43.520463718 -72.3458502399999,-43.5196031 -72.345837422,-43.518806546 -72.345840563,-43.5182977489999 -72.345668823,-43.5175337859999 -72.345624943,-43.516562565 -72.345652586,-43.5159154149999 -72.345689314,-43.515083639 -72.345790692,-43.514300991 -72.3460038379999,-43.513539485 -72.3464658249999,-43.5123136029999 -72.3467808239999,-43.5114180589999 -72.347109928,-43.510502496 -72.347454103,-43.509544784 -72.34766966,-43.508933418 -72.3479920509999,-43.508051817 -72.348244236,-43.5073382109999 -72.3484444159999,-43.505049788 -72.348755081,-43.5038392 -72.3486919329999,-43.503157169 -72.3485935959999,-43.5021630749999 -72.348547299,-43.5017261479999 -72.3482530429999,-43.501006161 -72.3478234689999,-43.4999448689999 -72.3479484169999,-43.499492377 -72.3481393019999,-43.49883893 -72.348398867,-43.498017902 -72.348628673,-43.497246424 -72.3488062,-43.496694404 -72.3492753039999,-43.495162826 -72.34948973,-43.4944653549999 -72.3498168309999,-43.493414144 -72.3500228629999,-43.492444666 -72.350201875,-43.4915753079999 -72.350367402,-43.490643784 -72.350427408,-43.490040957 -72.350470915,-43.4893855289999 -72.350569783,-43.4880241659999 -72.351132814,-43.4865701159999 -72.351533767,-43.485847344 -72.351836724,-43.485171097 -72.352227919,-43.484286395 -72.352590202,-43.483457561 -72.352913999,-43.482722552 -72.352724281,-43.481868956 -72.352552263,-43.481020631 -72.3526693059999,-43.4799548189999 -72.3527876329999,-43.4789019099999 -72.352881914,-43.477977644 -72.352992597,-43.47711372 -72.353095776,-43.476209195 -72.353201229,-43.475320481 -72.35363562,-43.474500516 -72.3540992969999,-43.4736211759999 -72.354537711,-43.472765108 -72.3550055819999,-43.471899455 -72.355478986,-43.471003046 -72.3559269149999,-43.470166009 -72.356370967,-43.469307003 -72.356808142,-43.468475026 -72.357217364,-43.4676175499999 -72.35742992,-43.466683229 -72.3575879479999,-43.465987226 -72.357505534,-43.465022225 -72.3574129149999,-43.464092819 -72.357326648,-43.463156719 -72.3572423539999,-43.462254786 -72.3571591469999,-43.461373318 -72.357076193,-43.460452059 -72.356995116,-43.459538857 -72.356986526,-43.458797314 -72.357074359,-43.458046839 -72.357316999,-43.457138782 -72.35751601,-43.456397899 -72.3577714049999,-43.4554180179999 -72.35799366,-43.4545546849999 -72.358283243,-43.4535442599999 -72.358563363,-43.452509667 -72.3587205589999,-43.4518598299999 -72.359039437,-43.450859984 -72.3593099669999,-43.449974084 -72.359240309,-43.4496807629999 -72.359635377,-43.448832223 -72.3600244149999,-43.447979941 -72.3604390959999,-43.4471373439999 -72.3608420639999,-43.4462881709999 -72.361219825,-43.44550405 -72.3617518299999,-43.44469909 -72.362528788,-43.4438132559999 -72.363071068,-43.443194718 -72.363762262,-43.4424162889999 -72.3644177369999,-43.4417059089999 -72.36487497,-43.440947917 -72.365338949,-43.4402135779999 -72.367178558,-43.437996825 -72.36779647,-43.437255939 -72.3683974739999,-43.436534195 -72.369038627,-43.435760973 -72.369707934,-43.4349505819999 -72.369787004,-43.4340953609999 -72.369865982,-43.4332478819999 -72.3683820749999,-43.432529818 -72.368554493,-43.431687462 -72.3687276859999,-43.4308271159999 -72.368900093,-43.4299847579999 -72.369086635,-43.4291068919999 -72.3692611119999,-43.4282193839999 -72.369447291,-43.427332506 -72.3696348679999,-43.4264274719999 -72.369808814,-43.425548953 -72.369973664,-43.423748179 -72.3699514369999,-43.422838315 -72.369952456,-43.4219564479999 -72.370464673,-43.4187425549999 -72.370467596,-43.418341336 -72.370468175,-43.417968515 -72.370471169,-43.4175456899999 -72.370452729,-43.416844794 -72.3704821859999,-43.416472547 -72.3704837129999,-43.4160778689999 -72.370489683,-43.4153637599999 -72.370491154,-43.41502166 -72.3704944099999,-43.4146241409999 -72.370496519,-43.414261618</coordinates></LineString>
  </Placemark>
  <Placemark id="lineas_sea.15">
	<name>RIO AZUL-PALENA</name>
	<Style><LineStyle><color>ff0000ff</color></LineStyle><PolyStyle><fill>0</fill></PolyStyle></Style>
	<ExtendedData><SchemaData schemaUrl="#lineas_sea">
		<SimpleData name="OBJECTID_1">15</SimpleData>
		<SimpleData name="gml_id">lt_aysen_1e53e92a_60f0_49fb_ad34_479556b98cba.12</SimpleData>
		<SimpleData name="objectid">12</SimpleData>
		<SimpleData name="nombre">RIO AZUL-PALENA</SimpleData>
		<SimpleData name="tramo">RIO AZUL-PALENA</SimpleData>
		<SimpleData name="propiedad">EDELAYSEN</SimpleData>
		<SimpleData name="voltaje_kv">23</SimpleData>
		<SimpleData name="tipo">SubtransmisiEn</SimpleData>
		<SimpleData name="fecha_oper">Sin Informacion</SimpleData>
		<SimpleData name="estado">En Operacian</SimpleData>
		<SimpleData name="sist_elec">AysOn</SimpleData>
		<SimpleData name="fuent_base">Edelaysen</SimpleData>
		<SimpleData name="f_fbase">Abril 2011</SimpleData>
		<SimpleData name="f_f_actual">2013-06-02</SimpleData>
		<SimpleData name="fe_co_rev">29-11-2013</SimpleData>
		<SimpleData name="shape_leng">37517.6931073</SimpleData>
		<SimpleData name="Shape_Le_1">0.416033352459339</SimpleData>
	</SchemaData></ExtendedData>
      <LineString><coordinates>-72.125894844,-43.4936256359999 -72.125693986,-43.4932509079999 -72.125405975,-43.4925993849999 -72.1250835609999,-43.491870379 -72.1248553299999,-43.491376927 -72.1246382419999,-43.491406847 -72.123763002,-43.4915230189999 -72.12298069,-43.4916145129999 -72.122047962,-43.491738047 -72.121397744,-43.491826375 -72.119098794,-43.492708466 -72.118247904,-43.493414205 -72.117520011,-43.49401671 -72.1169409949999,-43.494481934 -72.116981862,-43.495239241 -72.1172536289999,-43.496749828 -72.117332673,-43.497391147 -72.116682194,-43.4980523199999 -72.1166842,-43.498067089 -72.116067358,-43.498694266 -72.1151683319999,-43.498829488 -72.114025575,-43.4989975309999 -72.1128903859999,-43.4991649419999 -72.112057237,-43.49956524 -72.111147704,-43.5000057359999 -72.110711814,-43.5005482359999 -72.1101856829999,-43.501234664 -72.109737464,-43.5018225859999 -72.109104949,-43.5021980449999 -72.1090449719999,-43.502645881 -72.108977141,-43.503206421 -72.1089011449999,-43.503862727 -72.1088451959999,-43.504334974 -72.10792379,-43.504421314 -72.106996193,-43.5047277099999 -72.1059695329999,-43.505044013 -72.105277691,-43.505339712 -72.104313186,-43.5057318519999 -72.104183217,-43.506186284 -72.104022355,-43.506792538 -72.103751909,-43.5073312819999 -72.1027563649999,-43.508616466 -72.10250296,-43.509253594 -72.1022538289999,-43.510108799 -72.102166665,-43.5108056349999 -72.102129158,-43.511250526 -72.1021103109999,-43.5121065289999 -72.101849524,-43.512530539 -72.1009935169999,-43.5129736279999 -72.100399693,-43.513441583 -72.0989904259999,-43.514525094 -72.097412613,-43.5157555599999 -72.096163206,-43.515980493 -72.094904688,-43.5163048489999 -72.092257086,-43.516917602 -72.089864582,-43.5174032739999 -72.088128087,-43.518043726 -72.087546211,-43.518342569 -72.086329376,-43.518947711 -72.085421676,-43.519406862 -72.0846457869999,-43.519987944 -72.0841688529999,-43.520596096 -72.083605158,-43.521263704 -72.083178808,-43.521838482 -72.0824591909999,-43.522749871 -72.082102387,-43.523195694 -72.081509475,-43.523929349 -72.081203379,-43.5242881419999 -72.080498812,-43.5249377289999 -72.078938576,-43.526295331 -72.0786531809999,-43.527067804 -72.0784262449999,-43.527710864 -72.078059213,-43.527854893 -72.07744945,-43.528095258 -72.077236382,-43.52854321 -72.078355567,-43.52809839 -72.077029016,-43.529119097 -72.076076437,-43.530573503 -72.0762257009999,-43.531796361 -72.076396195,-43.532587877 -72.076473041,-43.5332047639999 -72.0765831269999,-43.5338687779999 -72.0767179059999,-43.534825849 -72.076813295,-43.5355328809999 -72.074712845,-43.5371643989999 -72.0740023,-43.537705213 -72.073283752,-43.538244917 -72.072519426,-43.5388249489999 -72.0720377069999,-43.539186238 -72.07115676,-43.539919836 -72.070324133,-43.540488469 -72.069803134,-43.540888444 -72.069342923,-43.5412393789999 -72.068631072,-43.541779585 -72.0679269889999,-43.542315034 -72.0675129749999,-43.542817951 -72.0671015789999,-43.5433126519999 -72.066617645,-43.5438966899999 -72.066140702,-43.5444639799999 -72.065680125,-43.545025385 -72.065249711,-43.545544078 -72.0644066689999,-43.546556256 -72.063791394,-43.547297434 -72.063275093,-43.5479144769999 -72.0628165799999,-43.5484730439999 -72.0623226019999,-43.5490531139999 -72.0618127819999,-43.549668605 -72.061450548,-43.550107468 -72.060967593,-43.550691957 -72.060303725,-43.5515014599999 -72.058953403,-43.553128156 -72.0585203649999,-43.5536525169999 -72.058092111,-43.554169977 -72.0575867059999,-43.555737832 -72.0573955149999,-43.556320996 -72.0570198729999,-43.557488577 -72.056759573,-43.5582754119999 -72.056531337,-43.5590011309999 -72.056410647,-43.559366703 -72.056148902,-43.560195543 -72.055874183,-43.561031343 -72.0556449379999,-43.561739207 -72.0554100259999,-43.5624615999999 -72.055108678,-43.563388543 -72.054852834,-43.5641870119999 -72.054606537,-43.564941881 -72.054049595,-43.566628131 -72.053865935,-43.567207701 -72.053625423,-43.567922113 -72.053163404,-43.5684179749999 -72.0516983049999,-43.569953658 -72.051352922,-43.570314594 -72.050717789,-43.570977128 -72.05008207,-43.5716437839999 -72.049539312,-43.572209481 -72.0490656169999,-43.572707185 -72.0477509469999,-43.574082034 -72.047640351,-43.5745913659999 -72.047479868,-43.575290276 -72.047150529,-43.576765305 -72.047075273,-43.577124117 -72.046856906,-43.57807947 -72.046674953,-43.578918092 -72.0465659719999,-43.579381369 -72.0463890029999,-43.5801989619999 -72.0462489019999,-43.5808223189999 -72.045979357,-43.581992783 -72.045521448,-43.582684447 -72.04475092,-43.5838417699999 -72.044231592,-43.584623672 -72.042172589,-43.5854083909999 -72.041416832,-43.5856937569999 -72.040553539,-43.5860199969999 -72.038977872,-43.586668086 -72.037924838,-43.587074287 -72.0372452459999,-43.5873463839999 -72.0352974639999,-43.5881375549999 -72.0343455409999,-43.588504121 -72.0334703779999,-43.5888560179999 -72.0326980579999,-43.589159082 -72.032067409,-43.5889588539999 -72.031198811,-43.588675823 -72.030262111,-43.5883648139999 -72.0294712789999,-43.588105129 -72.0284981419999,-43.5877823549999 -72.026790265,-43.5875730669999 -72.024352692,-43.587824527 -72.022181444,-43.588055057 -72.0211490849999,-43.588162558 -72.019900514,-43.5883041119999 -72.018811509,-43.588402494 -72.018898754,-43.589301754 -72.0189563929999,-43.590248768 -72.019004737,-43.5909100499999 -72.019064521,-43.5917334169999 -72.01914297,-43.592607777 -72.019200617,-43.593549659 -72.019259114,-43.5942788199999 -72.0193104969999,-43.5949413509999 -72.0193567699999,-43.595764994 -72.0194451,-43.596468299 -72.0194152179999,-43.597003891 -72.01936456,-43.597911814 -72.019329285,-43.598623311 -72.019253705,-43.5997042349999 -72.0188068259999,-43.601033499 -72.018293518,-43.60150555 -72.017753697,-43.601984795 -72.017397358,-43.602296183 -72.016774352,-43.602964331 -72.0157408439999,-43.603608068 -72.0149393039999,-43.6041028239999 -72.014745864,-43.604616888 -72.0143601889999,-43.605382607 -72.014037593,-43.6061002769999 -72.013424276,-43.606828891 -72.013123427,-43.607222113 -72.012450745,-43.6077379549999 -72.011748589,-43.608293267 -72.0110238089999,-43.608864819 -72.010530165,-43.609272526 -72.0101140519999,-43.609476033 -72.009142749,-43.6099535189999 -72.0083922059999,-43.610301641 -72.008001395,-43.610791348 -72.007602589,-43.611327209 -72.007882617,-43.612111424 -72.008183972,-43.612943012 -72.008456844,-43.6137019179999 -72.008687535,-43.6143670769999 -72.0089374579999,-43.61526664 -72.009273401,-43.615943557 -72.009407606,-43.616790481 -72.0097831909999,-43.6173879469999 -72.0100695099999,-43.6181713289999 -72.010340626,-43.6189365769999 -72.010599713,-43.619657123 -72.0108438089999,-43.620365213 -72.0103992699999,-43.620890254 -72.0101306339999,-43.621214267 -72.009873429,-43.6215251639999 -72.0096153759999,-43.621835587 -72.009357301,-43.6221463699999 -72.0090997089999,-43.622454913 -72.008843961,-43.6227636849999 -72.008329279,-43.6233878049999 -72.007791874,-43.624037527 -72.007281163,-43.624568745 -72.0061193879999,-43.6246932999999 -72.005024071,-43.624797472 -72.004072852,-43.624904871 -72.003092448,-43.625005915 -72.001975016,-43.62511344 -72.0009623,-43.625233604 -72.0000660549999,-43.6251425459999 -71.999181687,-43.6250570139999 -71.9986365889999,-43.624997767 -71.998066782,-43.6249369669999 -71.997519713,-43.624887476 -71.9969758669999,-43.624837977 -71.9964318139999,-43.6247827079999 -71.995861654,-43.624721618 -71.9947324,-43.6246037729999 -71.993557107,-43.624497128 -71.9923902789999,-43.6243798899999 -71.9913410619999,-43.624277713 -71.9904508879999,-43.624189799 -71.989393842,-43.624085688 -71.988274055,-43.623954973 -71.98722208,-43.623871051 -71.986123822,-43.62376105 -71.9850288819999,-43.6236541869999 -71.9839208029999,-43.623542465 -71.981903701,-43.623341174 -71.9806115499999,-43.623213032 -71.9796407159999,-43.623120382 -71.97836275,-43.6229987099999 -71.977071312,-43.622871448 -71.9761076349999,-43.622747537 -71.97505373,-43.6226584089999 -71.973063896,-43.6224631769999 -71.97199399,-43.6223547819999 -71.971166188,-43.6221661869999 -71.970099843,-43.6221695949999 -71.969212165,-43.62207519 -71.967197674,-43.6219643699999 -71.966533183,-43.6219220569999 -71.9648797469999,-43.621832667 -71.964016488,-43.621772903 -71.963396861,-43.62175031 -71.961686559,-43.622113208 -71.9609164189999,-43.6222662979999 -71.959976281,-43.622568542 -71.959077615,-43.6228641389999 -71.958167478,-43.623151051 -71.957373306,-43.623414036 -71.956284001,-43.623773496 -71.955765507,-43.623941901 -71.9552717289999,-43.624101868 -71.9542124659999,-43.6244500459999 -71.9532946269999,-43.6246040079999 -71.9524498339999,-43.624739744 -71.951804624,-43.624854962 -71.951229138,-43.624949081 -71.950517244,-43.625066744 -71.949670425,-43.625203126 -71.9489034859999,-43.6253356939999 -71.947897938,-43.625500593 -71.946377533,-43.625580148 -71.9457801629999,-43.625611802 -71.945364389,-43.6256379549999 -71.9445781269999,-43.625682017 -71.943788678,-43.6257277889999 -71.942466973,-43.625801714 -71.9417759839999,-43.625839033 -71.940725427,-43.625893909 -71.939769941,-43.62595096 -71.938283269,-43.6260296899999 -71.936603007,-43.626120493 -71.935722665,-43.626169352 -71.9344382089999,-43.626200157 -71.932578763,-43.6263437119999 -71.930907785,-43.6264368409999 -71.9294093139999,-43.626503433 -71.9277880339999,-43.626613428 -71.9265769469999,-43.62668051 -71.9255002149999,-43.6267425519999 -71.924648174,-43.62676841 -71.923792783,-43.626833156 -71.9228302719999,-43.6269980929999 -71.922267184,-43.627064129 -71.9199460519999,-43.627408047 -71.917180609,-43.627944836 -71.916738509,-43.6280538139999 -71.915467887,-43.627806134 -71.914249835,-43.6279261949999 -71.9132844059999,-43.6278713889999 -71.9119641729999,-43.627781953 -71.911536933,-43.627762839 -71.9103954349999,-43.627702256 -71.909212542,-43.6276006589999 -71.9079879019999,-43.627566342 -71.907255216,-43.627487985 -71.905207216,-43.627364808 -71.903093933,-43.627270074 -71.902299827,-43.6268363799999 -71.9014042699999,-43.626339158 -71.900417487,-43.625794168 -71.89956669,-43.6253284859999 -71.898700525,-43.624841402 -71.89763612,-43.6242571879999 -71.896878344,-43.623836688 -71.896063794,-43.623385378 -71.894510238,-43.622525401 -71.8940055589999,-43.622242217 -71.8930323439999,-43.621701043 -71.892456564,-43.6213790049999 -71.891690812,-43.620953571 -71.890809414,-43.620461512 -71.889916104,-43.619967591 -71.889087796,-43.619508746 -71.8880417679999,-43.619215471 -71.887068195,-43.618944778 -71.886533528,-43.6187947989999 -71.886002605,-43.6186419479999 -71.884733889,-43.6182869319999 -71.8834942939999,-43.617934587 -71.882921294,-43.6177689589999 -71.882394834,-43.617618825 -71.8813756229999,-43.617325861 -71.8805003159999,-43.617094707 -71.8798773139999,-43.6171868069999 -71.878874477,-43.6173271339999 -71.8777032209999,-43.617505883 -71.8767372299999,-43.617649989 -71.875595684,-43.617824308 -71.8746902509999,-43.61795943 -71.8737665199999,-43.6180960249999 -71.8726327699999,-43.618270256 -71.8716820509999,-43.6184085259999 -71.8710848759999,-43.618499124 -71.8704551599999,-43.61859351 -71.8698459939999,-43.618685843 -71.8688995049999,-43.6188188039999 -71.868014741,-43.6189562389999 -71.8672381969999,-43.6190881749999 -71.866289518,-43.6191772079999 -71.8641987299999,-43.618983159 -71.8638865089999,-43.61898665 -71.862615862,-43.619006852 -71.861902808,-43.619025885 -71.8608294169999,-43.619046625 -71.859699511,-43.619069853 -71.858753513,-43.619088225 -71.857700484,-43.619098691 -71.8565820649999,-43.619113109 -71.8560840439999,-43.6190032499999 -71.8549962279999,-43.618742282 -71.8537727,-43.618448578 -71.852381222,-43.6181130479999 -71.8515518899999,-43.617919402 -71.8495827149999,-43.61744169 -71.84888961,-43.617266636 -71.846944704,-43.6168043119999 -71.845135241,-43.6163662239999 -71.844540094,-43.616228333 -71.8438996629999,-43.61607019 -71.843447816,-43.6159621809999 -71.842327997,-43.6154318289999 -71.841546331,-43.614809802 -71.841254336,-43.61457431 -71.840947555,-43.61434192 -71.840666738,-43.614124922 -71.8402371239999,-43.6137869459999 -71.839683683,-43.613695649 -71.838116984,-43.6135600059999 -71.837625622,-43.6135208329999 -71.8364446749999,-43.6133898159999 -71.83583457,-43.613327721 -71.834495354,-43.6133698369999 -71.832704698,-43.613563367 -71.831845845,-43.6136533439999 -71.83090508,-43.6137621999999 -71.829827009,-43.613560142 -71.8292070859999,-43.6134421909999 -71.828694887,-43.6133068779999 -71.825823052,-43.61337394 -71.82482634,-43.6139309829999 -71.824406935,-43.6141631249999 -71.8237781829999,-43.6145091829999 -71.823127582,-43.6148605729999 -71.822809416,-43.615090123 -71.820317405,-43.616421373 -71.818792155,-43.617258675 -71.817928583,-43.617739507 -71.817130393,-43.618225668 -71.815966477,-43.619103971 -71.815955253,-43.6187416459999 -71.815814944,-43.618878272 -71.815783793,-43.618940154 -71.815129258,-43.619652679 -71.814358855,-43.6201538179999 -71.813636102,-43.620630083 -71.8121897679999,-43.620601697 -71.8119394719999,-43.6205729229999 -71.811458868,-43.620606052 -71.811084229,-43.620580467 -71.810684688,-43.620559408 -71.810312215,-43.6205350509999 -71.809941309,-43.6205185699999 -71.8095904959999,-43.620492385 -71.80921148,-43.6204675719999 -71.8088133539999,-43.6204408739999 -71.808440698,-43.6204176749999 -71.808065938,-43.620401441</coordinates></LineString>
  </Placemark>
  <Placemark id="lineas_sea.16">
	<name>AYSaN-BAGUALES</name>
	<Style><LineStyle><color>ff0000ff</color></LineStyle><PolyStyle><fill>0</fill></PolyStyle></Style>
	<ExtendedData><SchemaData schemaUrl="#lineas_sea">
		<SimpleData name="OBJECTID_1">16</SimpleData>
		<SimpleData name="gml_id">lt_aysen_1e53e92a_60f0_49fb_ad34_479556b98cba.13</SimpleData>
		<SimpleData name="objectid">13</SimpleData>
		<SimpleData name="nombre">AYSaN-BAGUALES</SimpleData>
		<SimpleData name="tramo">AYSaN-BAGUALES</SimpleData>
		<SimpleData name="propiedad">EDELAYSEN</SimpleData>
		<SimpleData name="voltaje_kv">33</SimpleData>
		<SimpleData name="tipo">SubtransmisiEn</SimpleData>
		<SimpleData name="fecha_oper">Sin Informacion</SimpleData>
		<SimpleData name="estado">En Operacian</SimpleData>
		<SimpleData name="sist_elec">AysOn</SimpleData>
		<SimpleData name="fuent_base">Edelaysen</SimpleData>
		<SimpleData name="f_fbase">Abril 2011</SimpleData>
		<SimpleData name="f_f_actual">2013-06-02</SimpleData>
		<SimpleData name="fe_co_rev">29-11-2013</SimpleData>
		<SimpleData name="shape_leng">59519.3052237</SimpleData>
		<SimpleData name="Shape_Le_1">0.695917827867682</SimpleData>
	</SchemaData></ExtendedData>
      <LineString><coordinates>-72.709915401,-45.379697386 -72.709637839,-45.3786324009999 -72.708895306,-45.380240831 -72.7082770659999,-45.379300781 -72.707774124,-45.3808420949999 -72.7066466219999,-45.381441149 -72.704378549,-45.382622672 -72.7035805799999,-45.383059284 -72.702340272,-45.383710213 -72.700489998,-45.384692323 -72.6994663,-45.38523192 -72.698461922,-45.3857734279999 -72.69742931,-45.386311389 -72.6963983269999,-45.386852792 -72.6953867139999,-45.3873979969999 -72.6943805889999,-45.387933403 -72.693341645,-45.3884743479999 -72.692612487,-45.388870149 -72.691256126,-45.38958846 -72.690343126,-45.390068647 -72.6901977269999,-45.390972103 -72.690048206,-45.391869986 -72.689898633,-45.392750225 -72.689755814,-45.39362763 -72.6896053409999,-45.394545384 -72.6894538499999,-45.395462848 -72.6883637339999,-45.395001803 -72.687347745,-45.394577984 -72.68638343,-45.3941812149999 -72.685400248,-45.393768125 -72.6844236169999,-45.3933607389999 -72.6836919789999,-45.393048326 -72.682523384,-45.3927498109999 -72.681355799,-45.392445724 -72.68018821,-45.3921513449999 -72.6790759309999,-45.39186051 -72.676982325,-45.391323056 -72.676171784,-45.392017548 -72.6753560889999,-45.392703288 -72.674555154,-45.3933775319999 -72.673717762,-45.3940804599999 -72.6729970969999,-45.394690531 -72.672261839,-45.3953071409999 -72.671519954,-45.3959291899999 -72.6709209699999,-45.3957564849999 -72.670229615,-45.395549849 -72.669569944,-45.396197596 -72.6689453659999,-45.3968180639999 -72.6683144209999,-45.397453159 -72.667716134,-45.398058045 -72.666445907,-45.3993242679999 -72.6659558109999,-45.3998078619999 -72.665117443,-45.3996706459999 -72.6630426099999,-45.3993279219999 -72.661771616,-45.3991108979999 -72.66055124,-45.398899757 -72.659285078,-45.3986961259999 -72.658048112,-45.398484977 -72.656929063,-45.3982989199999 -72.655838817,-45.398108581 -72.654700194,-45.3979235379999 -72.652407774,-45.397321963 -72.65129224,-45.396913417 -72.650525424,-45.3966361609999 -72.6497812759999,-45.396367018 -72.648997892,-45.39608914 -72.647843057,-45.3956744399999 -72.6467249469999,-45.395271017 -72.645561619,-45.39485243 -72.6444177229999,-45.394440082 -72.643259551,-45.3940212159999 -72.6409985889999,-45.393210698 -72.6398561839999,-45.392800945 -72.6387261799999,-45.392394407 -72.6376037649999,-45.3919870249999 -72.636423861,-45.3915647599999 -72.635304224,-45.3911589429999 -72.634172001,-45.3907551039999 -72.6330258039999,-45.390340614 -72.631917808,-45.389944725 -72.6295846,-45.389103948 -72.628458575,-45.3886973909999 -72.6276800049999,-45.387888319 -72.626892977,-45.3870651129999 -72.625667193,-45.386260412 -72.625005852,-45.385956823 -72.6244895849999,-45.385724298 -72.623744931,-45.385394306 -72.622545397,-45.3848427739999 -72.621918115,-45.3845593199999 -72.6206387249999,-45.383975681 -72.619916062,-45.383810571 -72.6192606069999,-45.383666299 -72.6176298729999,-45.383292673 -72.616969276,-45.3831494529999 -72.615839119,-45.3828947109999 -72.6154298289999,-45.3828047929999 -72.614283315,-45.3825414139999 -72.613465957,-45.381938366 -72.612285421,-45.381073258 -72.611700583,-45.380724297 -72.610203714,-45.3798687519999 -72.607103442,-45.381130017 -72.6033614849999,-45.382396722 -72.602268712,-45.382712484 -72.600872839,-45.383556165 -72.599855212,-45.384431273 -72.5994401839999,-45.384787897 -72.598421098,-45.3853617 -72.596798275,-45.38579182 -72.5952309419999,-45.386105715 -72.593182984,-45.387167248 -72.59156547,-45.387984359 -72.590741045,-45.3884019819999 -72.589708548,-45.388924027 -72.588664298,-45.3894546349999 -72.5876461939999,-45.389970755 -72.5867267909999,-45.390427476 -72.585784916,-45.3909135979999 -72.5848737539999,-45.391362106 -72.583968726,-45.3918282 -72.58265363,-45.391859497 -72.581332403,-45.3918817379999 -72.579989875,-45.391918185 -72.5786700159999,-45.3919412349999 -72.577357363,-45.391978013 -72.576041996,-45.3919886159999 -72.574715188,-45.3920247039999 -72.573396095,-45.392050679 -72.572102457,-45.392078801 -72.570987561,-45.392487941 -72.569824205,-45.3929244839999 -72.5686973379999,-45.393340908 -72.567553147,-45.393764694 -72.566452743,-45.39417392 -72.5656402659999,-45.394476492 -72.564638561,-45.394841809 -72.563908351,-45.395114351 -72.563051996,-45.39542947 -72.561772461,-45.3959028739999 -72.5604816809999,-45.396402576 -72.559970871,-45.397237031 -72.5594850099999,-45.3980376339999 -72.5589514759999,-45.3988739389999 -72.558450533,-45.399709588 -72.5579490599999,-45.4005364929999 -72.557435556,-45.4013931109999 -72.556962147,-45.4021995489999 -72.556461897,-45.403017743 -72.555958152,-45.403857371 -72.555453132,-45.4046847279999 -72.5551536959999,-45.405180389 -72.554393967,-45.406298239 -72.553363777,-45.407709929 -72.552868275,-45.408395083 -72.5521434569999,-45.4093949429999 -72.551616393,-45.410114789 -72.5511207499999,-45.4107993019999 -72.550611336,-45.4114975589999 -72.5501049499999,-45.4121964189999 -72.549588268,-45.412908467 -72.548915554,-45.413177106 -72.5475464199999,-45.4137183619999 -72.546153421,-45.414264131 -72.544177287,-45.4148796069999 -72.543110343,-45.415163943 -72.541869365,-45.4154885369999 -72.5406695199999,-45.4158073419999 -72.539474534,-45.416125789 -72.5381823869999,-45.416462291 -72.536885705,-45.4168057009999 -72.535697149,-45.417192744 -72.5346247209999,-45.417536469 -72.533943677,-45.417752814 -72.532000641,-45.4183683439999 -72.531358153,-45.418576416 -72.529543009,-45.419162448 -72.5289019809999,-45.419368827 -72.527063336,-45.419962051 -72.525721559,-45.4200588099999 -72.5243401829999,-45.420163696 -72.5236019549999,-45.4202013309999 -72.521976842,-45.4196489619999 -72.521031502,-45.419028345 -72.5201001089999,-45.4184194539999 -72.519160041,-45.417799026 -72.518218205,-45.4171756699999 -72.517295121,-45.4165681069999 -72.5163650979999,-45.4159560639999 -72.515436758,-45.415343961 -72.5144994,-45.414722292 -72.513562333,-45.4141061139999 -72.512596737,-45.4134677929999 -72.511689931,-45.4128706189999 -72.5111573849999,-45.412469808 -72.509190283,-45.4112223069999 -72.508264418,-45.410612629 -72.507322782,-45.409990088 -72.506395103,-45.409373154 -72.505470137,-45.408770493 -72.5046028249999,-45.408196808 -72.5036779389999,-45.407584503 -72.502752874,-45.406973808 -72.5018204479999,-45.4063566419999 -72.499851784,-45.405058359 -72.499101851,-45.40456065 -72.498346257,-45.404064073 -72.497659916,-45.4035273329999 -72.495812456,-45.404781073 -72.495101367,-45.4053418039999 -72.493929069,-45.40618935 -72.493008862,-45.4068402579999 -72.4921224839999,-45.40747993 -72.49120881,-45.408123766 -72.490522568,-45.408603377 -72.49030003,-45.4087547399999 -72.4898775999999,-45.409059676 -72.4881784409999,-45.4096180769999 -72.4869401609999,-45.409848703 -72.485708013,-45.410076299 -72.4844669619999,-45.410302696 -72.483216206,-45.410545967 -72.481983815,-45.410752455 -72.4807679789999,-45.410974417 -72.479149353,-45.411270552 -72.4779605319999,-45.411499471 -72.476715441,-45.411726234 -72.475477203,-45.411948095 -72.474211281,-45.412185891 -72.472958142,-45.412411896 -72.4717275629999,-45.412636135 -72.47046785,-45.412865837 -72.469266143,-45.41308988 -72.468035195,-45.413321722 -72.466772825,-45.413532962 -72.465517545,-45.413762617 -72.4642770469999,-45.413993036 -72.46308118,-45.414213993 -72.4618452289999,-45.4144394469999 -72.460606287,-45.414668691 -72.458925831,-45.414973785 -72.458500148,-45.415038836 -72.4561268579999,-45.4154633859999 -72.453665039,-45.415943157 -72.452336671,-45.4161871489999 -72.451905965,-45.4162753759999 -72.449940039,-45.4166369709999 -72.448710411,-45.416858733 -72.4473758249999,-45.4171092779999 -72.446618039,-45.417248768 -72.445702414,-45.4174164949999 -72.445011106,-45.4175440499999 -72.442844233,-45.417686531 -72.442253368,-45.4177151489999 -72.4409232209999,-45.4177956899999 -72.43900587,-45.41791984 -72.4382032139999,-45.417974107 -72.437031814,-45.418054205 -72.435754989,-45.4181422739999 -72.432928255,-45.418322938 -72.431888075,-45.4183894619999 -72.431090926,-45.4184431739999 -72.429345989,-45.418526937 -72.427582249,-45.419857061 -72.4266951659999,-45.4205194309999 -72.425821862,-45.4211734629999 -72.424936116,-45.4218336 -72.4243229159999,-45.422298617 -72.423477401,-45.4229333659999 -72.422904535,-45.4233569799999 -72.42236281,-45.423758974 -72.421076214,-45.4247147089999 -72.4201863439999,-45.4253703049999 -72.4192611459999,-45.4260685679999 -72.4186633849999,-45.426509692 -72.417638401,-45.4272704919999 -72.4161931259999,-45.4283692079999 -72.415232821,-45.429064215 -72.414355067,-45.4297230079999 -72.413431321,-45.430419908 -72.412699811,-45.4309658889999 -72.411824528,-45.4316196789999 -72.411027232,-45.4322169939999 -72.410228097,-45.432803822 -72.4098030279999,-45.433099849 -72.408884545,-45.433807722 -72.407500485,-45.434826888 -72.406625299,-45.435478659 -72.405903543,-45.436015368 -72.405035696,-45.436665224 -72.4041524519999,-45.4373185929999 -72.403616808,-45.4377130739999 -72.402822966,-45.4383009589999 -72.402209816,-45.438773598 -72.4014553869999,-45.4393377979999 -72.400672277,-45.439922042 -72.400317545,-45.4403963249999 -72.400007215,-45.4408112209999 -72.399094089,-45.4420228289999 -72.398710013,-45.442520109 -72.398128592,-45.4433019109999 -72.3976099,-45.4439872099999 -72.397003795,-45.444790676 -72.396575134,-45.4453695619999 -72.395981675,-45.4461420769999 -72.395464128,-45.446831892 -72.394921224,-45.4475528099999 -72.3943809959999,-45.4482569539999 -72.39383548,-45.4489895089999 -72.39328662,-45.449711092 -72.392835081,-45.450307443 -72.3922779609999,-45.4510578159999 -72.391685033,-45.4518328409999 -72.391261772,-45.4523976089999 -72.3908549559999,-45.4529411469999 -72.390519027,-45.453378384 -72.389575765,-45.4546242389999 -72.388972709,-45.4554230489999 -72.388377475,-45.456215465 -72.387767743,-45.457019609 -72.387167215,-45.4578151379999 -72.386934103,-45.45837317 -72.386569692,-45.458628284 -72.385970211,-45.4594253609999 -72.3847592069999,-45.461015898 -72.383497828,-45.4611813239999 -72.382856707,-45.4612627559999 -72.3815849379999,-45.4614258519999 -72.379964378,-45.461649246 -72.378968416,-45.4617834479999 -72.3778510239999,-45.461921334 -72.376608246,-45.46208747 -72.375302554,-45.4622778889999 -72.374686052,-45.462354713 -72.372812745,-45.4626045049999 -72.3715367579999,-45.4627745019999 -72.370359817,-45.4629350659999 -72.3691986589999,-45.4630889599999 -72.367985351,-45.463252892 -72.3667165969999,-45.462995098 -72.365492616,-45.462745704 -72.364966131,-45.462367306 -72.3637467779999,-45.461840862 -72.3624507649999,-45.4617544889999 -72.361030107,-45.4617133749999 -72.359071537,-45.461698414 -72.3577131609999,-45.462007845 -72.3564454309999,-45.462309638 -72.35529614,-45.4623460239999 -72.354342577,-45.462379013 -72.353041773,-45.4624141149999 -72.352321186,-45.462424046 -72.351604172,-45.4624368469999 -72.350938258,-45.4624456069999 -72.350252026,-45.462462084 -72.349456658,-45.462470982 -72.348842339,-45.462478679 -72.3481838819999,-45.4624893069999 -72.347359764,-45.4625030129999 -72.346728712,-45.4625129199999 -72.345696554,-45.462511606 -72.344388206,-45.4623585849999 -72.343758661,-45.462162209 -72.341431314,-45.461823782 -72.340406048,-45.461741483 -72.339376009,-45.4618884079999 -72.338001005,-45.461910267 -72.337311728,-45.462116334 -72.335664634,-45.4626543209999 -72.334536451,-45.46298046 -72.333579276,-45.4632115709999 -72.332917962,-45.4633855009999 -72.3296969419999,-45.464324693 -72.327855159,-45.4648869059999 -72.326927868,-45.46511236 -72.3260658579999,-45.4653340259999 -72.323866569,-45.465713363 -72.322076195,-45.466438344 -72.321325266,-45.4668065939999 -72.320037967,-45.467333896 -72.3184926059999,-45.4679641229999 -72.317739665,-45.4682875669999 -72.3169985,-45.4685648399999 -72.3164583669999,-45.468808308 -72.315873287,-45.469014896 -72.3151737709999,-45.4692175279999 -72.314484035,-45.46956692 -72.313609223,-45.469891251 -72.312529524,-45.470295 -72.3114483749999,-45.470720848 -72.309647046,-45.4716745379999 -72.308769791,-45.4723147949999 -72.308111772,-45.472778219 -72.307501152,-45.473223945 -72.3068955049999,-45.473272574 -72.305513074,-45.4734011579999 -72.3048239399999,-45.4734405139999 -72.304221319,-45.473495321 -72.3029724849999,-45.473604166 -72.301219164,-45.4739013409999 -72.300550135,-45.4741945229999 -72.299517861,-45.475363628 -72.298717611,-45.475690148 -72.2977703989999,-45.476012914 -72.297052997,-45.4761235619999 -72.296103772,-45.4765468959999 -72.295535426,-45.476948555 -72.29426603,-45.4779255839999 -72.2937381739999,-45.478344125 -72.2930132349999,-45.478926395 -72.2923282899999,-45.479424012 -72.29138155,-45.4801137929999 -72.290252096,-45.480528391 -72.289488701,-45.480801447 -72.287919658,-45.481384971 -72.2869282509999,-45.481812087 -72.2843946799999,-45.4825251999999 -72.2836766409999,-45.482745289 -72.2819950109999,-45.483179879 -72.2808607969999,-45.483382299 -72.2802734209999,-45.483434013 -72.279611127,-45.483495009 -72.2785522889999,-45.4839093739999 -72.2771642069999,-45.484190854 -72.27614376,-45.4839676789999 -72.2750699269999,-45.4836921849999 -72.2740307879999,-45.4833794369999 -72.273420562,-45.483225798 -72.2728170629999,-45.483054856 -72.271253507,-45.482770326 -72.2703006099999,-45.482998488 -72.269090793,-45.4832923229999 -72.2677202409999,-45.483626042 -72.266509554,-45.483921449 -72.264969693,-45.48433956 -72.261352087,-45.487376587 -72.2588541329999,-45.488920588 -72.258739797,-45.4898023609999 -72.258060277,-45.490421683 -72.257282157,-45.4908785979999 -72.256451359,-45.4913737529999 -72.255728265,-45.4916774329999 -72.25496599,-45.491997178 -72.253276098,-45.492825474 -72.252344001,-45.4930287839999 -72.251416674,-45.4932391309999 -72.2503409879999,-45.493255529 -72.2493152879999,-45.493265111 -72.2484326809999,-45.4930538309999 -72.247551369,-45.492847615 -72.2467838539999,-45.492643597 -72.245936896,-45.492840539 -72.245065982,-45.4930404949999 -72.244327443,-45.4932052949999 -72.2434364389999,-45.4934862119999 -72.24265525,-45.493845383 -72.24181845,-45.4942188649999 -72.2408329209999,-45.494660484 -72.239841788,-45.4951064589999 -72.238920386,-45.495539439 -72.2379782849999,-45.4959792939999 -72.237024214,-45.496425421 -72.236055446,-45.4968786539999 -72.235110188,-45.4973219189999 -72.234147693,-45.497771868 -72.2332129009999,-45.49821249 -72.2321770889999,-45.498695299 -72.23124559,-45.498822843 -72.230508032,-45.4989208819999 -72.2297652459999,-45.499015909 -72.2275555539999,-45.499048219 -72.226926753,-45.499050407 -72.226390275,-45.498671397 -72.2254178279999,-45.4982256229999 -72.2249089279999,-45.4979915609999 -72.224184382,-45.4974683629999 -72.22343583,-45.4969703209999 -72.2226395119999,-45.4965121549999 -72.22208925,-45.49634413 -72.220916341,-45.4959967689999 -72.219412832,-45.495639722 -72.2177964969999,-45.49543256 -72.2167869589999,-45.495383378 -72.2157488719999,-45.495308467 -72.215076417,-45.4952728009999 -72.214258603,-45.495213242 -72.212902895,-45.495420381 -72.2123188859999,-45.4955297019999 -72.211394927,-45.495717215 -72.2091892289999,-45.496090581 -72.2080914539999,-45.496277957 -72.206697047,-45.496257435 -72.20558288,-45.496372379 -72.203839031,-45.496564598 -72.2031768209999,-45.496634604 -72.2025541039999,-45.4967211429999 -72.200442412,-45.49695443 -72.1993556959999,-45.497090779 -72.1979789119999,-45.4975091049999 -72.197261871,-45.4980515359999 -72.196856409,-45.498358142 -72.196131758,-45.4989116309999 -72.195625133,-45.4992576 -72.194683739,-45.4997266359999 -72.1937415,-45.5001969039999 -72.192403724,-45.5004693179999 -72.1910556449999,-45.500745332 -72.1904410339999,-45.5008708899999 -72.189837626,-45.5009924889999 -72.188253796,-45.501313883 -72.186972316,-45.501572857 -72.1860034109999,-45.5016800289999 -72.1850370189999,-45.5017880629999 -72.184067039,-45.5018960909999 -72.1830877209999,-45.502006492 -72.1821465,-45.501935736 -72.181209032,-45.50183086 -72.180480535,-45.50183213 -72.179730902,-45.501833684 -72.178178369,-45.501954989 -72.177075325,-45.502069299 -72.17615977,-45.5022199209999 -72.174970862,-45.5024614289999 -72.1742818389999,-45.502584247 -72.173595913,-45.502696247 -72.17280726,-45.502832613 -72.172062253,-45.502956191 -72.171322607,-45.503079988 -72.17014167,-45.503228124 -72.169143578,-45.50334946 -72.168137916,-45.503471049 -72.1670573929999,-45.5036049029999 -72.166373512,-45.503617 -72.1657045379999,-45.503630454 -72.16405809,-45.5037748889999 -72.162679871,-45.504182672 -72.1623897979999,-45.504386712 -72.161092325,-45.5048555289999 -72.1599929389999,-45.505157343 -72.158915458,-45.5055857039999 -72.154615212,-45.507205589 -72.152830383,-45.5079005059999 -72.151903965,-45.508275864 -72.151050297,-45.5085817419999 -72.149291308,-45.5092372839999 -72.148298349,-45.5095580249999 -72.146648224,-45.510213816 -72.1447465219999,-45.5109604089999 -72.138836435,-45.512171912 -72.136009057,-45.512782823 -72.134248628,-45.5130951629999 -72.133399149,-45.51376375 -72.132573744,-45.514419254 -72.131717481,-45.5150895469999 -72.13040961,-45.5161102279999 -72.1299929739999,-45.5164454769999 -72.129146267,-45.5171003299999 -72.128712767,-45.5174370399999 -72.1282762069999,-45.517783482 -72.127421805,-45.5184554099999 -72.1269747009999,-45.5188049129999 -72.126120143,-45.5194792569999 -72.1256844929999,-45.5198147309999 -72.124998537,-45.520353351 -72.1243126209999,-45.520888455 -72.1236100529999,-45.521440958 -72.1229258339999,-45.521979878 -72.122222929,-45.522528404 -72.12091651,-45.523561432 -72.12050207,-45.523886531 -72.120057136,-45.5242344389999 -72.119618104,-45.524577005 -72.119159383,-45.524931403 -72.1184593739999,-45.52547944 -72.11790966,-45.525862589 -72.116740518,-45.526829818 -72.116211531,-45.527177749 -72.1157980149999,-45.52745866 -72.114974375,-45.52800652 -72.114506161,-45.5283200659999 -72.1140449229999,-45.528624785 -72.113521717,-45.528974201 -72.1131186649999,-45.529247805 -72.11225704,-45.529821146 -72.111138937,-45.5305635079999 -72.1109652809999,-45.530601057 -72.1108629779999,-45.5307006259999 -72.1024482609999,-45.53635832 -72.101517648,-45.5369239779999 -72.0990125009999,-45.538712443 -72.098490049,-45.539078369 -72.094797494,-45.541514945</coordinates></LineString>
  </Placemark>
</Folder>
</Document></kml>
