<?xml version="1.0" encoding="utf-8" ?>
<kml xmlns="http://www.opengis.net/kml/2.2">
<Document id="root_doc">
<Schema name="lineas_sing" id="lineas_sing">
	<SimpleField name="OBJECTID" type="string"></SimpleField>
	<SimpleField name="gml_id" type="string"></SimpleField>
	<SimpleField name="layer" type="string"></SimpleField>
	<SimpleField name="elevation" type="string"></SimpleField>
	<SimpleField name="nombre" type="string"></SimpleField>
	<SimpleField name="circuito" type="string"></SimpleField>
	<SimpleField name="tipo" type="string"></SimpleField>
	<SimpleField name="f_operacio" type="string"></SimpleField>
	<SimpleField name="long_km" type="float"></SimpleField>
	<SimpleField name="tramo" type="string"></SimpleField>
	<SimpleField name="propiedad" type="string"></SimpleField>
	<SimpleField name="tension_kv" type="float"></SimpleField>
	<SimpleField name="rca" type="string"></SimpleField>
	<SimpleField name="sist_elect" type="string"></SimpleField>
	<SimpleField name="estado" type="string"></SimpleField>
	<SimpleField name="region" type="string"></SimpleField>
	<SimpleField name="provincia" type="string"></SimpleField>
	<SimpleField name="comuna" type="string"></SimpleField>
	<SimpleField name="fuente_bas" type="string"></SimpleField>
	<SimpleField name="fech_crea" type="string"></SimpleField>
	<SimpleField name="fech_act" type="string"></SimpleField>
	<SimpleField name="Shape_Leng" type="float"></SimpleField>
</Schema>
<Folder><name>lineas_sing</name>
  <Placemark id="lineas_sing.1">
	<name>POZO ALMONTE - LA CASCADA HMC 66KV</name>
	<Style><LineStyle><color>ff0000ff</color></LineStyle><PolyStyle><fill>0</fill></PolyStyle></Style>
	<ExtendedData><SchemaData schemaUrl="#lineas_sing">
		<SimpleData name="OBJECTID">1</SimpleData>
		<SimpleData name="gml_id">lt_sing_1c966bdb_e893_4b2d_b52e_5945a9a8a68b.6</SimpleData>
		<SimpleData name="layer">Unknown Line Type</SimpleData>
		<SimpleData name="elevation">0</SimpleData>
		<SimpleData name="nombre">POZO ALMONTE - LA CASCADA HMC 66KV</SimpleData>
		<SimpleData name="circuito">C1</SimpleData>
		<SimpleData name="tipo">ADICIONAL</SimpleData>
		<SimpleData name="f_operacio">S/I</SimpleData>
		<SimpleData name="long_km">49.966452796</SimpleData>
		<SimpleData name="tramo">POZO ALMONTE - LA CASCADA</SimpleData>
		<SimpleData name="propiedad">HADELMAN</SimpleData>
		<SimpleData name="tension_kv">66</SimpleData>
		<SimpleData name="rca">S/I</SimpleData>
		<SimpleData name="sist_elect">SING</SimpleData>
		<SimpleData name="estado">EN OPERACION</SimpleData>
		<SimpleData name="region">REGION DE TARAPACA</SimpleData>
		<SimpleData name="provincia">IQUIQUE</SimpleData>
		<SimpleData name="comuna">PICA-POZO ALMONTE</SimpleData>
		<SimpleData name="fuente_bas">CNE</SimpleData>
		<SimpleData name="fech_crea">02-12-2014</SimpleData>
		<SimpleData name="fech_act">20/12/2016</SimpleData>
		<SimpleData name="Shape_Leng">0.474829754690367</SimpleData>
	</SchemaData></ExtendedData>
      <LineString><coordinates>-69.774221358,-20.2574563319999 -69.773542103,-20.257567759 -69.773379335,-20.2575684769999 -69.763079053,-20.258011183 -69.762830025,-20.257994195 -69.719485091,-20.2601472379999 -69.718719563,-20.260249772 -69.71842291,-20.260287132 -69.718135831,-20.260324451 -69.5820867529999,-20.279307671 -69.534696469,-20.285874351 -69.534657822,-20.285775072 -69.534544512,-20.286245295 -69.448591713,-20.259594818 -69.4478632949999,-20.2593527029999 -69.447719536,-20.259307889 -69.447441699,-20.2592543809999 -69.428993514,-20.253535373 -69.4170922769999,-20.24653388 -69.408425892,-20.245994023 -69.4051969289999,-20.245088848 -69.405073562,-20.245513837 -69.398107621,-20.2434424039999 -69.36006316,-20.216153603 -69.359128513,-20.2134988349999 -69.353008619,-20.203670662 -69.346354221,-20.1984970349999 -69.345008362,-20.1958520279999 -69.3433483589999,-20.193966678 -69.3411773619999,-20.1903563569999 -69.3399388829999,-20.1886056989999 -69.3365275589999,-20.1867326939999 -69.3363933529999,-20.1866335509999 -69.3341010899999,-20.188869906 -69.334072261,-20.188815743</coordinates></LineString>
  </Placemark>
  <Placemark id="lineas_sing.2">
	<name>CHACAYA - MEJILLONES</name>
	<Style><LineStyle><color>ff0000ff</color></LineStyle><PolyStyle><fill>0</fill></PolyStyle></Style>
	<ExtendedData><SchemaData schemaUrl="#lineas_sing">
		<SimpleData name="OBJECTID">2</SimpleData>
		<SimpleData name="gml_id">lt_sing_1c966bdb_e893_4b2d_b52e_5945a9a8a68b.139</SimpleData>
		<SimpleData name="layer">Unknown Line Type</SimpleData>
		<SimpleData name="elevation">0</SimpleData>
		<SimpleData name="nombre">CHACAYA - MEJILLONES</SimpleData>
		<SimpleData name="circuito">C1</SimpleData>
		<SimpleData name="tipo">S/I</SimpleData>
		<SimpleData name="f_operacio">S/I</SimpleData>
		<SimpleData name="long_km">1.27948689657</SimpleData>
		<SimpleData name="tramo">CHACAYA - MEJILLONES</SimpleData>
		<SimpleData name="propiedad">E-CL</SimpleData>
		<SimpleData name="tension_kv">220</SimpleData>
		<SimpleData name="rca">S/I</SimpleData>
		<SimpleData name="sist_elect">SING</SimpleData>
		<SimpleData name="estado">EN OPERACION</SimpleData>
		<SimpleData name="region">REGION DE ANTOFAGASTA</SimpleData>
		<SimpleData name="provincia">ANTOFAGASTA</SimpleData>
		<SimpleData name="comuna">MEJILLONES</SimpleData>
		<SimpleData name="fuente_bas">CNE</SimpleData>
		<SimpleData name="fech_crea">02-12-2014</SimpleData>
		<SimpleData name="fech_act">20/12/2016</SimpleData>
		<SimpleData name="Shape_Leng">0.012256682811539</SimpleData>
	</SchemaData></ExtendedData>
      <LineString><coordinates>-70.4114813959999,-23.0915936329999 -70.411046643,-23.092471878 -70.4126726699999,-23.0931300899999 -70.413913033,-23.093625991 -70.4156839029999,-23.0943368819999 -70.4167556039999,-23.0944931459999 -70.418504055,-23.093695264 -70.4198342,-23.094286467 -70.420597738,-23.094625476 -70.4202662,-23.09527241 -70.420030078,-23.095174614</coordinates></LineString>
  </Placemark>
  <Placemark id="lineas_sing.3">
	<name>CAPRICORNIO - ANTOFAGASTA</name>
	<Style><LineStyle><color>ff0000ff</color></LineStyle><PolyStyle><fill>0</fill></PolyStyle></Style>
	<ExtendedData><SchemaData schemaUrl="#lineas_sing">
		<SimpleData name="OBJECTID">3</SimpleData>
		<SimpleData name="gml_id">lt_sing_1c966bdb_e893_4b2d_b52e_5945a9a8a68b.63</SimpleData>
		<SimpleData name="layer">Unknown Line Type</SimpleData>
		<SimpleData name="elevation">0</SimpleData>
		<SimpleData name="nombre">CAPRICORNIO - ANTOFAGASTA</SimpleData>
		<SimpleData name="circuito">C1</SimpleData>
		<SimpleData name="tipo">S/I</SimpleData>
		<SimpleData name="f_operacio">S/I</SimpleData>
		<SimpleData name="long_km">28.6803630597</SimpleData>
		<SimpleData name="tramo">CAPRICORNIO-ANTOFAGASTA</SimpleData>
		<SimpleData name="propiedad">E-CL</SimpleData>
		<SimpleData name="tension_kv">110</SimpleData>
		<SimpleData name="rca">S/I</SimpleData>
		<SimpleData name="sist_elect">SING</SimpleData>
		<SimpleData name="estado">EN OPERACION</SimpleData>
		<SimpleData name="region">REGION DE ANTOFAGASTA</SimpleData>
		<SimpleData name="provincia">ANTOFAGASTA</SimpleData>
		<SimpleData name="comuna">ANTOFAGASTA</SimpleData>
		<SimpleData name="fuente_bas">CNE</SimpleData>
		<SimpleData name="fech_crea">02-12-2014</SimpleData>
		<SimpleData name="fech_act">20/12/2016</SimpleData>
		<SimpleData name="Shape_Leng">0.268278979359644</SimpleData>
	</SchemaData></ExtendedData>
      <LineString><coordinates>-70.2142931989999,-23.455002136 -70.2143059589999,-23.463889056 -70.239343547,-23.5188109279999 -70.2465587849999,-23.5359693689999 -70.260963992,-23.560416228 -70.2669369069999,-23.573345622 -70.286689738,-23.6095068499999 -70.2956304309999,-23.615736232 -70.3097078659999,-23.6199801 -70.316117589,-23.620919288 -70.317100997,-23.621245094 -70.328555788,-23.6209306919999 -70.329758894,-23.6206855789999 -70.352600101,-23.621066135 -70.360971036,-23.623964133 -70.3674796829999,-23.6249454639999 -70.372344684,-23.627151214 -70.378132804,-23.631380566</coordinates></LineString>
  </Placemark>
  <Placemark id="lineas_sing.4">
	<name>CAPRICORNIO - ALTO NORTE 110KV</name>
	<Style><LineStyle><color>ff0000ff</color></LineStyle><PolyStyle><fill>0</fill></PolyStyle></Style>
	<ExtendedData><SchemaData schemaUrl="#lineas_sing">
		<SimpleData name="OBJECTID">4</SimpleData>
		<SimpleData name="gml_id">lt_sing_1c966bdb_e893_4b2d_b52e_5945a9a8a68b.54</SimpleData>
		<SimpleData name="layer">Unknown Line Type</SimpleData>
		<SimpleData name="elevation">0</SimpleData>
		<SimpleData name="nombre">CAPRICORNIO - ALTO NORTE 110KV</SimpleData>
		<SimpleData name="circuito">C1</SimpleData>
		<SimpleData name="tipo">S/I</SimpleData>
		<SimpleData name="f_operacio">S/I</SimpleData>
		<SimpleData name="long_km">42.4538366342</SimpleData>
		<SimpleData name="tramo">CAPRICORNIO-TAP OFF EL NEGRO / TAP OFF EL NEGRO-ALTO NORTE</SimpleData>
		<SimpleData name="propiedad">E-CL</SimpleData>
		<SimpleData name="tension_kv">110</SimpleData>
		<SimpleData name="rca">S/I</SimpleData>
		<SimpleData name="sist_elect">SING</SimpleData>
		<SimpleData name="estado">EN OPERACION</SimpleData>
		<SimpleData name="region">REGION DE ANTOFAGASTA</SimpleData>
		<SimpleData name="provincia">ANTOFAGASTA</SimpleData>
		<SimpleData name="comuna">ANTOFAGASTA</SimpleData>
		<SimpleData name="fuente_bas">CNE</SimpleData>
		<SimpleData name="fech_crea">02-12-2014</SimpleData>
		<SimpleData name="fech_act">20/12/2016</SimpleData>
		<SimpleData name="Shape_Leng">0.387741563440299</SimpleData>
	</SchemaData></ExtendedData>
      <LineString><coordinates>-70.2143059589999,-23.463889056 -70.239343547,-23.5188109279999 -70.240313992,-23.521583348 -70.251163585,-23.543785295 -70.2611045849999,-23.560413645 -70.2669369069999,-23.573345622 -70.286689738,-23.6095068499999 -70.2956304309999,-23.615736232 -70.29932185,-23.620338349 -70.299505672,-23.6227531819999 -70.2956938419999,-23.625173259 -70.300084036,-23.6310248309999 -70.303262132,-23.64213353 -70.302937255,-23.71318371 -70.318694482,-23.755586077 -70.3230332589999,-23.771316984 -70.3259472779999,-23.7780561399999 -70.322285466,-23.807004482 -70.322213448,-23.820244362</coordinates></LineString>
  </Placemark>
  <Placemark id="lineas_sing.5">
	<name>NUEVA ZALDIVAR - ZALD</name>
	<Style><LineStyle><color>ff0000ff</color></LineStyle><PolyStyle><fill>0</fill></PolyStyle></Style>
	<ExtendedData><SchemaData schemaUrl="#lineas_sing">
		<SimpleData name="OBJECTID">5</SimpleData>
		<SimpleData name="gml_id">lt_sing_1c966bdb_e893_4b2d_b52e_5945a9a8a68b.14</SimpleData>
		<SimpleData name="layer">Unknown Line Type</SimpleData>
		<SimpleData name="elevation">0</SimpleData>
		<SimpleData name="nombre">NUEVA ZALDIVAR - ZALD</SimpleData>
		<SimpleData name="circuito">C1</SimpleData>
		<SimpleData name="tipo">ADICIONAL</SimpleData>
		<SimpleData name="f_operacio">2000</SimpleData>
		<SimpleData name="long_km">0.0606058487087</SimpleData>
		<SimpleData name="tramo">NUEVA ZALDIVAR - ZALD</SimpleData>
		<SimpleData name="propiedad">AES GENER</SimpleData>
		<SimpleData name="tension_kv">220</SimpleData>
		<SimpleData name="rca">S/I</SimpleData>
		<SimpleData name="sist_elect">SING</SimpleData>
		<SimpleData name="estado">EN OPERACION</SimpleData>
		<SimpleData name="region">REGION DE ANTOFAGASTA</SimpleData>
		<SimpleData name="provincia">ANTOFAGASTA</SimpleData>
		<SimpleData name="comuna">ANTOFAGASTA</SimpleData>
		<SimpleData name="fuente_bas">CNE</SimpleData>
		<SimpleData name="fech_crea">02-12-2014</SimpleData>
		<SimpleData name="fech_act">20/12/2016</SimpleData>
		<SimpleData name="Shape_Leng">0.000552786228133</SimpleData>
	</SchemaData></ExtendedData>
      <LineString><coordinates>-69.096572999,-24.2505758999999 -69.09638,-24.2510938999999</coordinates></LineString>
  </Placemark>
  <Placemark id="lineas_sing.6">
	<name>DOMEYKO - SULFUROS 220KV</name>
	<Style><LineStyle><color>ff0000ff</color></LineStyle><PolyStyle><fill>0</fill></PolyStyle></Style>
	<ExtendedData><SchemaData schemaUrl="#lineas_sing">
		<SimpleData name="OBJECTID">6</SimpleData>
		<SimpleData name="gml_id">lt_sing_1c966bdb_e893_4b2d_b52e_5945a9a8a68b.41</SimpleData>
		<SimpleData name="layer">Unknown Line Type</SimpleData>
		<SimpleData name="elevation">0</SimpleData>
		<SimpleData name="nombre">DOMEYKO - SULFUROS 220KV</SimpleData>
		<SimpleData name="circuito">C1</SimpleData>
		<SimpleData name="tipo">ADICIONAL</SimpleData>
		<SimpleData name="f_operacio">2006</SimpleData>
		<SimpleData name="long_km">0.945691466335</SimpleData>
		<SimpleData name="tramo">DOMEYKO- SULFUROS</SimpleData>
		<SimpleData name="propiedad">MINERA ESCONDIDA</SimpleData>
		<SimpleData name="tension_kv">220</SimpleData>
		<SimpleData name="rca">S/I</SimpleData>
		<SimpleData name="sist_elect">SING</SimpleData>
		<SimpleData name="estado">EN OPERACION</SimpleData>
		<SimpleData name="region">REGION DE ANTOFAGASTA</SimpleData>
		<SimpleData name="provincia">ANTOFAGASTA</SimpleData>
		<SimpleData name="comuna">ANTOFAGASTA</SimpleData>
		<SimpleData name="fuente_bas">CNE</SimpleData>
		<SimpleData name="fech_crea">02-12-2014</SimpleData>
		<SimpleData name="fech_act">20/12/2016</SimpleData>
		<SimpleData name="Shape_Leng">0.008845494460118</SimpleData>
	</SchemaData></ExtendedData>
      <LineString><coordinates>-69.101778,-24.2446759009999 -69.1011,-24.245159901 -69.099643,-24.2469029009999 -69.0986369999999,-24.2481419009999 -69.097299,-24.248488902 -69.096573,-24.250575902 -69.09638,-24.251093902</coordinates></LineString>
  </Placemark>
  <Placemark id="lineas_sing.7">
	<name>ANTOFAGASTA - ALTO NORTE 110KV</name>
	<Style><LineStyle><color>ff0000ff</color></LineStyle><PolyStyle><fill>0</fill></PolyStyle></Style>
	<ExtendedData><SchemaData schemaUrl="#lineas_sing">
		<SimpleData name="OBJECTID">7</SimpleData>
		<SimpleData name="gml_id">lt_sing_1c966bdb_e893_4b2d_b52e_5945a9a8a68b.109</SimpleData>
		<SimpleData name="layer">Unknown Line Type</SimpleData>
		<SimpleData name="elevation">0</SimpleData>
		<SimpleData name="nombre">ANTOFAGASTA - ALTO NORTE 110KV</SimpleData>
		<SimpleData name="circuito">C1</SimpleData>
		<SimpleData name="tipo">ADICIONAL</SimpleData>
		<SimpleData name="f_operacio">S/I</SimpleData>
		<SimpleData name="long_km">24.3311714394</SimpleData>
		<SimpleData name="tramo">VERTICE 1,2,3,4,5,6,7,8,9,10,11,12,13,14,15,16,17,18</SimpleData>
		<SimpleData name="propiedad">E-CL</SimpleData>
		<SimpleData name="tension_kv">110</SimpleData>
		<SimpleData name="rca">S/I</SimpleData>
		<SimpleData name="sist_elect">SING</SimpleData>
		<SimpleData name="estado">EN OPERACION</SimpleData>
		<SimpleData name="region">REGION DE ANTOFAGASTA</SimpleData>
		<SimpleData name="provincia">ANTOFAGASTA</SimpleData>
		<SimpleData name="comuna">ANTOFAGASTA</SimpleData>
		<SimpleData name="fuente_bas">CNE</SimpleData>
		<SimpleData name="fech_crea">02-12-2014</SimpleData>
		<SimpleData name="fech_act">20/12/2016</SimpleData>
		<SimpleData name="Shape_Leng">0.223802669492431</SimpleData>
	</SchemaData></ExtendedData>
      <LineString><coordinates>-70.379761913,-23.634373383 -70.3787414299999,-23.6342740859999 -70.373144597,-23.6408802019999 -70.370323555,-23.647678363 -70.370458745,-23.655949501 -70.373012788,-23.669572607 -70.353946784,-23.6919113719999 -70.3407445519999,-23.703197568 -70.3253646589999,-23.710807705 -70.324300023,-23.71319197 -70.321218707,-23.749044168 -70.327477399,-23.7702493199999 -70.325158414,-23.774775663 -70.324412583,-23.786395807 -70.320954848,-23.8083976089999 -70.324135959,-23.81042034 -70.324081577,-23.8234433169999 -70.320920184,-23.8253398259999 -70.320380856,-23.825398632</coordinates></LineString>
  </Placemark>
  <Placemark id="lineas_sing.8">
	<name>CONDORES - CERRO DRAGON</name>
	<Style><LineStyle><color>ff0000ff</color></LineStyle><PolyStyle><fill>0</fill></PolyStyle></Style>
	<ExtendedData><SchemaData schemaUrl="#lineas_sing">
		<SimpleData name="OBJECTID">8</SimpleData>
		<SimpleData name="gml_id">lt_sing_1c966bdb_e893_4b2d_b52e_5945a9a8a68b.42</SimpleData>
		<SimpleData name="layer">Unknown Line Type</SimpleData>
		<SimpleData name="elevation">0</SimpleData>
		<SimpleData name="nombre">CONDORES - CERRO DRAGON</SimpleData>
		<SimpleData name="circuito">C1</SimpleData>
		<SimpleData name="tipo">SUBTRANSMISION</SimpleData>
		<SimpleData name="f_operacio">2002</SimpleData>
		<SimpleData name="long_km">3.33560340977</SimpleData>
		<SimpleData name="tramo">CONDORES - CERRO DRAGON</SimpleData>
		<SimpleData name="propiedad">EMEL</SimpleData>
		<SimpleData name="tension_kv">110</SimpleData>
		<SimpleData name="rca">S/I</SimpleData>
		<SimpleData name="sist_elect">SING</SimpleData>
		<SimpleData name="estado">EN OPERACION</SimpleData>
		<SimpleData name="region">REGION DE TARAPACA</SimpleData>
		<SimpleData name="provincia">IQUIQUE</SimpleData>
		<SimpleData name="comuna">ALTO HOSPICIO</SimpleData>
		<SimpleData name="fuente_bas">CNE</SimpleData>
		<SimpleData name="fech_crea">02-12-2014</SimpleData>
		<SimpleData name="fech_act">20/12/2016</SimpleData>
		<SimpleData name="Shape_Leng">0.031847772767013</SimpleData>
	</SchemaData></ExtendedData>
      <LineString><coordinates>-70.111591838,-20.2529857709999 -70.1107296599999,-20.2529099179999 -70.109771877,-20.252852736 -70.107875973,-20.2528105129999 -70.107014245,-20.2527978849999 -70.1061236689999,-20.252767364 -70.105242666,-20.2527367779999 -70.104214934,-20.2522643899999 -70.103177634,-20.251792055 -70.101855055,-20.2515925619999 -70.100503631,-20.251375169 -70.099277553,-20.251283471 -70.0978502469999,-20.2511659199999 -70.096423006,-20.251057392 -70.095225714,-20.2509745209999 -70.0939230549999,-20.250883265 -70.092294716,-20.250766922 -70.0905897919999,-20.25065104 -70.088865724,-20.2505352599999 -70.0871895239999,-20.250419166 -70.08547497,-20.2502942579999 -70.083750907,-20.250178428 -70.0820363559999,-20.250053486 -70.08109774,-20.2499960279999 -70.0811493639999,-20.249155436 -70.080938379,-20.2491025259999</coordinates></LineString>
  </Placemark>
  <Placemark id="lineas_sing.9">
	<name>ATACAMA - DOMEYKO.CIRCUITO N32 220KV</name>
	<Style><LineStyle><color>ff0000ff</color></LineStyle><PolyStyle><fill>0</fill></PolyStyle></Style>
	<ExtendedData><SchemaData schemaUrl="#lineas_sing">
		<SimpleData name="OBJECTID">9</SimpleData>
		<SimpleData name="gml_id">lt_sing_1c966bdb_e893_4b2d_b52e_5945a9a8a68b.107</SimpleData>
		<SimpleData name="layer">Unknown Line Type</SimpleData>
		<SimpleData name="elevation">0</SimpleData>
		<SimpleData name="nombre">ATACAMA - DOMEYKO.CIRCUITO N32 220KV</SimpleData>
		<SimpleData name="circuito">C2</SimpleData>
		<SimpleData name="tipo">ADICIONAL</SimpleData>
		<SimpleData name="f_operacio">1999</SimpleData>
		<SimpleData name="long_km">204.93165385</SimpleData>
		<SimpleData name="tramo">ATACAMA-DOMEYKO</SimpleData>
		<SimpleData name="propiedad">MINERA ESCONDIDA</SimpleData>
		<SimpleData name="tension_kv">220</SimpleData>
		<SimpleData name="rca">S/I</SimpleData>
		<SimpleData name="sist_elect">SING</SimpleData>
		<SimpleData name="estado">EN OPERACION</SimpleData>
		<SimpleData name="region">REGION DE ANTOFAGASTA</SimpleData>
		<SimpleData name="provincia">ANTOFAGASTA</SimpleData>
		<SimpleData name="comuna">ANTOFAGASTA-MEJILLONES</SimpleData>
		<SimpleData name="fuente_bas">CNE</SimpleData>
		<SimpleData name="fech_crea">02-12-2014</SimpleData>
		<SimpleData name="fech_act">20/12/2016</SimpleData>
		<SimpleData name="Shape_Leng">1.9408378805714</SimpleData>
	</SchemaData></ExtendedData>
      <LineString><coordinates>-70.4176197909999,-23.095410806 -70.4207126539999,-23.098329061 -70.420416651,-23.09938542 -70.4221388029999,-23.1007340959999 -70.422760753,-23.103979018 -70.423509978,-23.107795316 -70.42420169,-23.1113938739999 -70.424915943,-23.114968808 -70.425590595,-23.11846215 -70.4262659079999,-23.121865026 -70.4269828719999,-23.125648981 -70.427708755,-23.1292974749999 -70.428277727,-23.132251164 -70.428891591,-23.1353279379999 -70.4296071049999,-23.1389949119999 -70.430324792,-23.1426303699999 -70.42920391,-23.145922073 -70.4280686709999,-23.149401906 -70.426828853,-23.153025925 -70.425706615,-23.1564752899999 -70.424519652,-23.1599383449999 -70.423399875,-23.1633990449999 -70.422192911,-23.166907647 -70.421106879,-23.170272714 -70.419858022,-23.173888012 -70.418668794,-23.177515851 -70.4174248419999,-23.1811697819999 -70.416234833,-23.1847468299999 -70.415084827,-23.188211671 -70.413931965,-23.191705019 -70.412742838,-23.1951811129999 -70.411525731,-23.198878845 -70.410384999,-23.2022698989999 -70.409162999,-23.2059398989999 -70.407823999,-23.2099418989999 -70.406732999,-23.213264899 -70.4055319989999,-23.216816899 -70.404284999,-23.2205478989999 -70.403139999,-23.223956899 -70.401914999,-23.2276638989999 -70.4007579989999,-23.2311169 -70.399553999,-23.234748899 -70.398336999,-23.2382979 -70.397140999,-23.241906899 -70.396185999,-23.244745899 -70.3952259989999,-23.2476209 -70.394182999,-23.2507628989999 -70.3932159989999,-23.2536489 -70.3920009989999,-23.257257899 -70.390870999,-23.260592899 -70.389870999,-23.2636208989999 -70.388801999,-23.266753899 -70.388202999,-23.270110899 -70.387527999,-23.273651899 -70.386839999,-23.277273899 -70.386145999,-23.2809859 -70.385460999,-23.2845449 -70.384768999,-23.2882918989999 -70.3842569989999,-23.2909809 -70.383684999,-23.2941478989999 -70.383301999,-23.2960818999999 -70.382720999,-23.2991938989999 -70.379808999,-23.301997899 -70.376791999,-23.304922899 -70.373870999,-23.307741899 -70.3709069989999,-23.3106488999999 -70.3689719989999,-23.312483899 -70.366098999,-23.3152719 -70.363876999,-23.3174268989999 -70.3601009989999,-23.321064899 -70.3578489989999,-23.3232358989999 -70.356008999,-23.3250118999999 -70.353740999,-23.3272578999999 -70.3507989999999,-23.3301078989999 -70.349391999,-23.3314268999999 -70.348308999,-23.3329188989999 -70.345635999,-23.3365749 -70.344038,-23.3387408999999 -70.3417759989999,-23.341883899 -70.3397469989999,-23.3446559 -70.339108999,-23.3455228999999 -70.336134999,-23.348374899 -70.334712999,-23.349725899 -70.332267999,-23.3520308999999 -70.330073999,-23.3541399 -70.3271169989999,-23.3569768999999 -70.3241879989999,-23.3597559 -70.322535999,-23.361347899 -70.319246999,-23.3644798989999 -70.316639999,-23.3670169 -70.3137179989999,-23.3697369 -70.310955999,-23.3727489 -70.310423999,-23.3733209 -70.307220999,-23.3767458999999 -70.306138999,-23.3779139 -70.303995,-23.3801849 -70.301593999,-23.3827719 -70.299000999,-23.3855229 -70.2967419989999,-23.3879709 -70.294543,-23.3902979 -70.292540999,-23.3924249 -70.2897219989999,-23.3954568999999 -70.2867019989999,-23.3986748999999 -70.284818999,-23.4007308999999 -70.282127999,-23.4035848999999 -70.2794109989999,-23.4064779 -70.2767969989999,-23.4091728999999 -70.275544999,-23.4105709 -70.2732189989999,-23.4131449 -70.272845999,-23.4160679 -70.272308999,-23.4208179 -70.271922999,-23.4237798999999 -70.271406999,-23.4281468999999 -70.271292999,-23.4293769 -70.269519999,-23.4318388999999 -70.267178999,-23.4352019 -70.264782999,-23.4385268999999 -70.2625699989999,-23.441660901 -70.260780999,-23.4441709 -70.257867999,-23.4465878999999 -70.257874999,-23.451100901 -70.257916,-23.4540719 -70.257914999,-23.458366901 -70.257935999,-23.4626828999999 -70.2579719989999,-23.4662839 -70.257978999,-23.4695589 -70.257958999,-23.4728878999999 -70.258008,-23.4801538999999 -70.2580419989999,-23.4814319 -70.2580429989999,-23.4837299 -70.2551639989999,-23.4863639 -70.252583999,-23.4888199 -70.250058999,-23.4911529 -70.247584999,-23.4934188999999 -70.245449999,-23.4954268999999 -70.2434539989999,-23.4972789 -70.2414489989999,-23.4991519 -70.241621999,-23.5024409 -70.2417859989999,-23.5060809 -70.241976999,-23.5098318999999 -70.242152999,-23.5135008999999 -70.242336999,-23.5170909 -70.242478999,-23.5207009 -70.242678999,-23.5246728999999 -70.242848999,-23.5279778999999 -70.243016999,-23.5315519 -70.243193999,-23.5354318999999 -70.2433799999999,-23.5390358999999 -70.2435429989999,-23.5427569 -70.2437249989999,-23.5465009 -70.2439019989999,-23.5501829 -70.2440809989999,-23.5536178999999 -70.2441969989999,-23.5566049 -70.244342,-23.5593408999999 -70.2434789989999,-23.5599938999999 -70.2406649989999,-23.5622069 -70.239659999,-23.5630088999999 -70.2396929989999,-23.5666869 -70.239727999,-23.5703938999999 -70.239778999,-23.5741588999999 -70.239799999,-23.5778488999999 -70.239844999,-23.5815009 -70.2398939989999,-23.5854699 -70.239926,-23.5891219 -70.2399619989999,-23.5929259 -70.239974999,-23.5966419 -70.240018999,-23.5997909 -70.240042999,-23.6023848999999 -70.2400739989999,-23.6050309 -70.240105999,-23.6078969 -70.240138999,-23.6114148999999 -70.240174999,-23.6151558999999 -70.2402109989999,-23.6188268989999 -70.240251999,-23.6225198999999 -70.240284999,-23.6259148999999 -70.2402999989999,-23.6298509 -70.240355,-23.6334249 -70.2403869999999,-23.6370949 -70.240440999,-23.6411979 -70.240453999,-23.6448569 -70.2405009989999,-23.6482349 -70.2405469989999,-23.6523478999999 -70.240561999,-23.6542658999999 -70.240579999,-23.6555579 -70.239676999,-23.6584758999999 -70.2390159989999,-23.6606709 -70.2378469989999,-23.6644659 -70.236758999,-23.6680339 -70.2357279989999,-23.6714239 -70.234755999,-23.674587899 -70.2337739989999,-23.6779119 -70.231055999,-23.6797559 -70.229102999,-23.6811289 -70.226151999,-23.6831688999999 -70.222997999,-23.6854178999999 -70.220052999,-23.687415899 -70.217510999,-23.6891949 -70.214283999,-23.6913838999999 -70.210617,-23.6939649 -70.2073839989999,-23.6961608999999 -70.2041689989999,-23.6984199 -70.2009439989999,-23.7006509 -70.1977269989999,-23.7028708999999 -70.194408999,-23.7051868999999 -70.1913109989999,-23.7073258999999 -70.1883629989999,-23.7093839 -70.185201999,-23.7115638999999 -70.1826859999999,-23.7132629 -70.1810179989999,-23.7144269 -70.177047999,-23.7171949 -70.174965,-23.7186479009999 -70.1716979999999,-23.7198089 -70.168576999,-23.7209249009999 -70.16516,-23.7221759 -70.161121,-23.7235929 -70.1574489989999,-23.7248889009999 -70.154172999,-23.7260709 -70.151531999,-23.7270189 -70.151507,-23.727801901 -70.148491999,-23.7290979009999 -70.144876999,-23.730656901 -70.141360999,-23.7321279 -70.137940999,-23.7336488999999 -70.133981999,-23.7352979 -70.130367999,-23.736875901 -70.1273429989999,-23.738137901 -70.124702999,-23.7393059 -70.121767999,-23.7405419 -70.118898999,-23.7417849 -70.114770999,-23.7433859 -70.1111829989999,-23.7447728999999 -70.107585,-23.7461649009999 -70.103779999,-23.747664901 -70.100176,-23.7490629009999 -70.096602999,-23.750466901 -70.092894999,-23.751896901 -70.088878999,-23.753486901 -70.085432999,-23.754811901 -70.0819119989999,-23.7561759009999 -70.078114999,-23.757649901 -70.0743019989999,-23.759135901 -70.070714999,-23.7605229009999 -70.067934999,-23.7616029009999 -70.062718999,-23.763615901 -70.058747,-23.765193901 -70.0582279989999,-23.765350901 -70.0585829999999,-23.765398901 -70.0580499989999,-23.765552901 -70.058513999,-23.7657509009999 -70.0579559999999,-23.765963901 -70.058302999,-23.766001901 -70.0577299989999,-23.7662409009999 -70.0549849989999,-23.767220901 -70.052249999,-23.768217901 -70.0490429989999,-23.768435901 -70.0451669989999,-23.768686901 -70.041551999,-23.768907901 -70.038117999,-23.769133901 -70.033770999,-23.769411901 -70.030192999,-23.769634901 -70.0264129989999,-23.769884901 -70.022792,-23.7701169009999 -70.019373999,-23.770328901 -70.017370999,-23.771046901 -70.014068999,-23.772238901 -70.010509999,-23.773525901 -70.006949999,-23.774804901 -70.003303999,-23.7761319009999 -69.999741999,-23.777416901 -69.996172999,-23.7786989009999 -69.9925999989999,-23.7799799009999 -69.9892639989999,-23.7811709009999 -69.986078,-23.782131901 -69.982630999,-23.783136901 -69.980616493,-23.783385509 -69.9792929989999,-23.7836889009999 -69.9794749989999,-23.784068901 -69.978922999,-23.783449901 -69.978865,-23.783954901 -69.9787069989999,-23.783409901 -69.9783879989999,-23.7836479009999 -69.978138999,-23.783608901 -69.9755306819999,-23.784926217 -69.97226162,-23.7860751449999 -69.968742902,-23.787339075 -69.9663618179999,-23.7885088379999 -69.96349,-23.7903339009999 -69.9603379989999,-23.792394902 -69.9569069999999,-23.794572901 -69.9536388879999,-23.79668879 -69.950287999,-23.7988409019999 -69.947135999,-23.8008709009999 -69.9438569989999,-23.802993901 -69.940604999,-23.805071902 -69.9372339989999,-23.807271901 -69.933954999,-23.8093559009999 -69.9306589989999,-23.811487901 -69.927422999,-23.813579901 -69.9240869989999,-23.815673901 -69.9207539989999,-23.817737902 -69.917484999,-23.819792901 -69.9142049989999,-23.821912901 -69.9109089999999,-23.8240349019999 -69.907710999,-23.8260849009999 -69.904324,-23.8282869019999 -69.9012749999999,-23.8302529009999 -69.897894,-23.8324629009999 -69.894610999,-23.834654902 -69.8912339999999,-23.836906901 -69.888253999,-23.8388089009999 -69.884834,-23.841022902 -69.882199999,-23.8426969019999 -69.878888999,-23.844834901 -69.8754779989999,-23.847035901 -69.87253,-23.848945902 -69.869289999,-23.8510259019999 -69.866572999,-23.8527939009999 -69.863153,-23.8549689019999 -69.8598699999999,-23.857078902 -69.857038889,-23.858922123 -69.8537989989999,-23.8610029009999 -69.850211999,-23.8633039019999 -69.847369999,-23.8651429019999 -69.843313,-23.867741902 -69.839578999,-23.870137901 -69.836264999,-23.8722639019999 -69.832868,-23.874461901 -69.82935,-23.8767439009999 -69.82597,-23.8788859009999 -69.822598,-23.881050901 -69.8198419989999,-23.882807901 -69.816243,-23.885129901 -69.812894999,-23.887269902 -69.809928999,-23.889196902 -69.806273999,-23.891542902 -69.8037259989999,-23.8931769019999 -69.800419999,-23.895336901 -69.7970409989999,-23.8974959019999 -69.793705,-23.899623902 -69.790706999,-23.901563902 -69.7875569999999,-23.903593902 -69.784478,-23.9055619009999 -69.781359,-23.9075699009999 -69.7790739989999,-23.909040902 -69.7752659989999,-23.911466901 -69.772006999,-23.9135799009999 -69.768776999,-23.915661902 -69.765478999,-23.9177829019999 -69.762636,-23.919600902 -69.7599549989999,-23.921312902 -69.759070999,-23.921898902 -69.755884999,-23.923940902 -69.7525729989999,-23.926038901 -69.749292,-23.9281409019999 -69.746023999,-23.930239902 -69.742713999,-23.9323489019999 -69.7393979989999,-23.9344709019999 -69.735961999,-23.936667901 -69.732592999,-23.938826901 -69.72926111,-23.940958235 -69.725942,-23.9430909019999 -69.722679,-23.945172901 -69.7194259999999,-23.9472519019999 -69.7160039999999,-23.9494469009999 -69.712729,-23.951542902 -69.7095899989999,-23.9535449009999 -69.7065959989999,-23.9554509019999 -69.703746999,-23.957269902 -69.701047,-23.9590059019999 -69.698056,-23.9609079009999 -69.694714,-23.963054901 -69.691500999,-23.965117902 -69.688166999,-23.967235902 -69.684700999,-23.969438902 -69.681325999,-23.9716019009999 -69.677950999,-23.9737569019999 -69.6738359989999,-23.9763859019999 -69.670622,-23.9784589019999 -69.667274999,-23.9805779019999 -69.664108332,-23.98258879 -69.660986,-23.984593901 -69.657722,-23.986666901 -69.6545389999999,-23.9887109009999 -69.6512779989999,-23.9907949019999 -69.6479849999999,-23.992886901 -69.645298999,-23.994616901 -69.6427869999999,-23.996214901 -69.640049,-23.997947901 -69.637122,-23.999797902 -69.6346669989999,-24.001371901 -69.631453999,-24.0034309009999 -69.628396,-24.0053929009999 -69.624659999,-24.007766901 -69.621630555,-24.0096915679999 -69.6182479999999,-24.011856902 -69.615104999,-24.013873901 -69.6118979999999,-24.015908902 -69.6086629989999,-24.017986902 -69.605548999,-24.019992902 -69.602558,-24.021882902 -69.599339,-24.023928902 -69.595969999,-24.026070902 -69.5927439989999,-24.028138901 -69.589506999,-24.030209902 -69.586581,-24.0320699009999 -69.5835809989999,-24.0339809009999 -69.580498999,-24.0359429009999 -69.577645999,-24.0377659019999 -69.5744359989999,-24.039422902 -69.570931999,-24.041245901 -69.567493999,-24.0430319019999 -69.5639899999999,-24.0448559009999 -69.560444999,-24.046708902 -69.5568939999999,-24.0485559009999 -69.5534,-24.0503749009999 -69.5499799999999,-24.052160902 -69.546514999,-24.0539519009999 -69.543088,-24.0557359009999 -69.5395789999999,-24.057567901 -69.536036,-24.0594029009999 -69.532409999,-24.061221901 -69.529323,-24.062725902 -69.526249,-24.064257902 -69.522893,-24.065994901 -69.5200419999999,-24.0675069009999 -69.516561999,-24.0693719019999 -69.5131099989999,-24.071277901 -69.509764999,-24.0730669009999 -69.506288,-24.0748489019999 -69.5028199989999,-24.076663902 -69.499272999,-24.078527902 -69.4963739999999,-24.080015901 -69.492544999,-24.081992901 -69.4892889989999,-24.083709902 -69.486847,-24.0849539019999 -69.4832739999999,-24.086827902 -69.480206,-24.088815901 -69.4773259999999,-24.090660901 -69.474503,-24.0924759019999 -69.471695,-24.0943009009999 -69.4683449999999,-24.096468901 -69.4645149999999,-24.0989089019999 -69.461782,-24.1006719019999 -69.459235,-24.1023159019999 -69.456627,-24.1040049019999 -69.454335999,-24.1054649019999 -69.450778999,-24.106758901 -69.447143,-24.1080799019999 -69.443478,-24.109444901 -69.4397099989999,-24.1107999019999 -69.435943,-24.112165901 -69.432290999,-24.1134619009999 -69.4292629999999,-24.114588902 -69.425466,-24.1159799019999 -69.4215629989999,-24.1173989019999 -69.4178749989999,-24.118733902 -69.414292,-24.120042901 -69.410558,-24.1214099009999 -69.4068329999999,-24.122746902 -69.4029449989999,-24.1241539019999 -69.398929999,-24.125636901 -69.3958019999999,-24.126754901 -69.392869,-24.127817901 -69.390121999,-24.1288379009999 -69.386862999,-24.130807901 -69.383459,-24.132858901 -69.3800449999999,-24.134944901 -69.3765739999999,-24.137061901 -69.373162999,-24.139113901 -69.36975,-24.141206901 -69.3668699999999,-24.142986901 -69.362766,-24.145436902 -69.3601029989999,-24.147085902 -69.356707,-24.1486539009999 -69.353172999,-24.1503199009999 -69.3495339999999,-24.1520059009999 -69.3459589999999,-24.153644901 -69.342389999,-24.155347902 -69.3387539999999,-24.157029902 -69.3351739999999,-24.158699901 -69.3316599999999,-24.1603379009999 -69.328603,-24.161757902 -69.325773999,-24.163097901 -69.323007,-24.164377902 -69.3204709999999,-24.165569901 -69.317353,-24.167009901 -69.314431,-24.168388901 -69.311412,-24.1697889009999 -69.308597999,-24.1710949009999 -69.305818,-24.172388901 -69.302784,-24.173808901 -69.299728,-24.175233901 -69.296613,-24.176694902 -69.2937919999999,-24.177993901 -69.290696,-24.179456901 -69.288916999,-24.181620901 -69.2873099989999,-24.1835209019999 -69.28563,-24.185531902 -69.283494,-24.188067901 -69.282366,-24.189387901 -69.281031,-24.190995901 -69.278534,-24.192314901 -69.275722999,-24.1937969009999 -69.272867,-24.1952719019999 -69.270291,-24.1972359019999 -69.268020999,-24.198959901 -69.265688,-24.2007299009999 -69.2627919989999,-24.2029069019999 -69.259983999,-24.205014901 -69.257441,-24.2069419009999 -69.2551319999999,-24.2087169009999 -69.252447,-24.210739901 -69.250845,-24.211909901 -69.247622,-24.212156901 -69.243913999,-24.212439901 -69.2409929999999,-24.212626902 -69.237809,-24.2128649009999 -69.236344,-24.2129669019999 -69.232545,-24.213258901 -69.2298719999999,-24.213453901 -69.227784,-24.2140599009999 -69.2255519999999,-24.214692901 -69.2224179999999,-24.2156059009999 -69.219971,-24.2163049009999 -69.2160739999999,-24.2174589009999 -69.214514,-24.217888901 -69.2117499999999,-24.2191029009999 -69.2096769999999,-24.2200379019999 -69.206969,-24.221231901 -69.20422,-24.2224449019999 -69.201667,-24.2235759019999 -69.1987129999999,-24.226002901 -69.195997,-24.228221901 -69.193465999,-24.2302879009999 -69.191226,-24.232121902 -69.189253999,-24.233757902 -69.1867589999999,-24.2358079009999 -69.1846899999999,-24.237487901 -69.1833829999999,-24.2385499009999 -69.1805189999999,-24.2387099009999 -69.178144,-24.2388199009999 -69.174998,-24.238948901 -69.171677,-24.239127901 -69.168413,-24.239310901 -69.165155,-24.239459901 -69.162075,-24.2396309009999 -69.1588819999999,-24.2397859009999 -69.155519,-24.239952901 -69.1521949999999,-24.240092901 -69.148811,-24.240273901 -69.14544,-24.2404439009999 -69.1420229999999,-24.240605902 -69.1387139999999,-24.240767901 -69.135294,-24.2409399009999 -69.132039,-24.2411179009999 -69.128655,-24.241290901 -69.125931,-24.241416901 -69.1232419999999,-24.241556901 -69.120255,-24.241710901 -69.116889,-24.241853901 -69.114546,-24.241978901 -69.1111789999999,-24.242135901 -69.109034,-24.242248901 -69.106376,-24.2423749009999 -69.1036488079999,-24.242472344 -69.102675,-24.242486012 -69.102243141,-24.242987292</coordinates></LineString>
  </Placemark>
  <Placemark id="lineas_sing.10">
	<name>SALAR ATACAMA</name>
	<Style><LineStyle><color>ff0000ff</color></LineStyle><PolyStyle><fill>0</fill></PolyStyle></Style>
	<ExtendedData><SchemaData schemaUrl="#lineas_sing">
		<SimpleData name="OBJECTID">10</SimpleData>
		<SimpleData name="gml_id">lt_sing_1c966bdb_e893_4b2d_b52e_5945a9a8a68b.130</SimpleData>
		<SimpleData name="layer">Unknown Line Type</SimpleData>
		<SimpleData name="elevation">0</SimpleData>
		<SimpleData name="nombre">SALAR ATACAMA</SimpleData>
		<SimpleData name="circuito">C1</SimpleData>
		<SimpleData name="tipo">S/I</SimpleData>
		<SimpleData name="f_operacio">S/I</SimpleData>
		<SimpleData name="long_km">17.022105771</SimpleData>
		<SimpleData name="tramo">SALAR ATACAMA</SimpleData>
		<SimpleData name="propiedad">TRANSEMEL</SimpleData>
		<SimpleData name="tension_kv">100</SimpleData>
		<SimpleData name="rca">S/I</SimpleData>
		<SimpleData name="sist_elect">SING</SimpleData>
		<SimpleData name="estado">EN OPERACION</SimpleData>
		<SimpleData name="region">REGION DE ANTOFAGASTA</SimpleData>
		<SimpleData name="provincia">EL LOA</SimpleData>
		<SimpleData name="comuna">CALAMA</SimpleData>
		<SimpleData name="fuente_bas">CNE</SimpleData>
		<SimpleData name="fech_crea">02-12-2014</SimpleData>
		<SimpleData name="fech_act">20/12/2016</SimpleData>
		<SimpleData name="Shape_Leng">0.159198628189162</SimpleData>
	</SchemaData></ExtendedData>
      <LineString><coordinates>-68.92389961,-22.4283515879999 -68.923721515,-22.4278465369999 -68.922856859,-22.4259519239999 -68.9222708999999,-22.423654289 -68.921894762,-22.421884903 -68.921408006,-22.419320608 -68.920898984,-22.4169897689999 -68.920354924,-22.4142820399999 -68.9182710589999,-22.412488432 -68.915605673,-22.413017074 -68.908172764,-22.414147713 -68.895070281,-22.416206539 -68.886060366,-22.417584109 -68.870189021,-22.398168223 -68.863589647,-22.3892759239999 -68.8493840249999,-22.361642511 -68.849752414,-22.358478894 -68.849868914,-22.3552845419999 -68.858052609,-22.3482776399999 -68.862267577,-22.344736191 -68.864423847,-22.3429195639999 -68.8683724539999,-22.3396482539999 -68.872793956,-22.3403351219999 -68.8745537039999,-22.3393110869999 -68.876739035,-22.338425146 -68.877474854,-22.339133821 -68.8772525689999,-22.339958058 -68.876554541,-22.340065903</coordinates></LineString>
  </Placemark>
  <Placemark id="lineas_sing.11">
	<name>ESTACION DE BOMBEO SIERRA GORDA N1</name>
	<Style><LineStyle><color>ff0000ff</color></LineStyle><PolyStyle><fill>0</fill></PolyStyle></Style>
	<ExtendedData><SchemaData schemaUrl="#lineas_sing">
		<SimpleData name="OBJECTID">11</SimpleData>
		<SimpleData name="gml_id">lt_sing_1c966bdb_e893_4b2d_b52e_5945a9a8a68b.129</SimpleData>
		<SimpleData name="layer">Unknown Line Type</SimpleData>
		<SimpleData name="elevation">0</SimpleData>
		<SimpleData name="nombre">ESTACION DE BOMBEO SIERRA GORDA N1</SimpleData>
		<SimpleData name="circuito">C1</SimpleData>
		<SimpleData name="tipo">S/I</SimpleData>
		<SimpleData name="f_operacio">S/I</SimpleData>
		<SimpleData name="long_km">24.2975010545</SimpleData>
		<SimpleData name="tramo">ESTACION DE BOMBEO SIERRA GORDA</SimpleData>
		<SimpleData name="propiedad">TRANSMISORA BAQUEDANO</SimpleData>
		<SimpleData name="tension_kv">110</SimpleData>
		<SimpleData name="rca">S/I</SimpleData>
		<SimpleData name="sist_elect">SING</SimpleData>
		<SimpleData name="estado">EN OPERACION</SimpleData>
		<SimpleData name="region">REGION DE ANTOFAGASTA</SimpleData>
		<SimpleData name="provincia">ANTOFAGASTA</SimpleData>
		<SimpleData name="comuna">MEJILLONES</SimpleData>
		<SimpleData name="fuente_bas">CNE</SimpleData>
		<SimpleData name="fech_crea">02-12-2014</SimpleData>
		<SimpleData name="fech_act">20/12/2016</SimpleData>
		<SimpleData name="Shape_Leng">0.234615994631564</SimpleData>
	</SchemaData></ExtendedData>
      <LineString><coordinates>-70.1853914599999,-23.1304869959999 -70.185291284,-23.1302749289999 -70.191462338,-23.127142917 -70.1968271659999,-23.1270015919999 -70.199822755,-23.127659701 -70.201262452,-23.1279933009999 -70.202893288,-23.128315814 -70.204625188,-23.128684614 -70.205983562,-23.128997738 -70.2067288489999,-23.1289259449999 -70.2080191809999,-23.12852599 -70.209396178,-23.1291729079999 -70.2106510949999,-23.129216621 -70.2119190559999,-23.129293677 -70.213289387,-23.1292733989999 -70.2146936619999,-23.129252578 -70.216045805,-23.129224639 -70.21739364,-23.128936219 -70.220046963,-23.128358899 -70.2213682889999,-23.128042889 -70.222906079,-23.1276438749999 -70.223444082,-23.127494288 -70.2248352509999,-23.127133397 -70.237578163,-23.1306726459999 -70.242921033,-23.132258221 -70.2429759999999,-23.132361288 -70.244190809,-23.132899825 -70.2454082679999,-23.133434189 -70.246869846,-23.134719403 -70.2472735389999,-23.137487203 -70.24734828,-23.137944853 -70.248348493,-23.138962337 -70.2492744899999,-23.1392475 -70.251501017,-23.1402885329999 -70.252596259,-23.140777337 -70.2535955719999,-23.1416193909999 -70.254402688,-23.1422685709999 -70.255271562,-23.142969604 -70.2562846069999,-23.1431113259999 -70.257911371,-23.14276482 -70.258992883,-23.143393583 -70.2612629399999,-23.1448063129999 -70.2629737729999,-23.1459495149999 -70.2644470829999,-23.1458561219999 -70.2659040999999,-23.145782905 -70.267362968,-23.14511504 -70.270218029,-23.1441893959999 -70.271628199,-23.143883079 -70.273210304,-23.143980621 -70.2746471949999,-23.1440823569999 -70.2781285889999,-23.1454940959999 -70.2790650599999,-23.145892198 -70.280336269,-23.1453180939999 -70.289782856,-23.1416690789999 -70.293333941,-23.1402257249999 -70.2944774699999,-23.1397337559999 -70.295461243,-23.139393029 -70.307139987,-23.1377402589999 -70.323992383,-23.135570485 -70.335258105,-23.134193545 -70.336205878,-23.1340801169999 -70.3394972409999,-23.132501539 -70.3401730589999,-23.1323394409999 -70.341689431,-23.1319207509999 -70.3419080209999,-23.131334592 -70.3425594029999,-23.13098092 -70.3438497189999,-23.1303409179999 -70.344900992,-23.1298313089999 -70.3563396289999,-23.124336349 -70.365711093,-23.1198132239999 -70.3844000019999,-23.110803658 -70.3916596079999,-23.10729263 -70.40092999,-23.1028062889999 -70.4017638559999,-23.102842085</coordinates></LineString>
  </Placemark>
  <Placemark id="lineas_sing.12">
	<name>ENCUENTRO - SIERRA GORDA</name>
	<Style><LineStyle><color>ff0000ff</color></LineStyle><PolyStyle><fill>0</fill></PolyStyle></Style>
	<ExtendedData><SchemaData schemaUrl="#lineas_sing">
		<SimpleData name="OBJECTID">12</SimpleData>
		<SimpleData name="gml_id">lt_sing_1c966bdb_e893_4b2d_b52e_5945a9a8a68b.128</SimpleData>
		<SimpleData name="layer">Unknown Line Type</SimpleData>
		<SimpleData name="elevation">0</SimpleData>
		<SimpleData name="nombre">ENCUENTRO - SIERRA GORDA</SimpleData>
		<SimpleData name="circuito">C1</SimpleData>
		<SimpleData name="tipo">S/I</SimpleData>
		<SimpleData name="f_operacio">S/I</SimpleData>
		<SimpleData name="long_km">77.07154805</SimpleData>
		<SimpleData name="tramo">ENCUENTRO - SIERRA GORDA</SimpleData>
		<SimpleData name="propiedad">TRANSMISORA MEJILLONES</SimpleData>
		<SimpleData name="tension_kv">220</SimpleData>
		<SimpleData name="rca">S/I</SimpleData>
		<SimpleData name="sist_elect">SING</SimpleData>
		<SimpleData name="estado">EN OPERACION</SimpleData>
		<SimpleData name="region">REGION DE ANTOFAGASTA</SimpleData>
		<SimpleData name="provincia">TOCOPILLA</SimpleData>
		<SimpleData name="comuna">MARIA ELENA</SimpleData>
		<SimpleData name="fuente_bas">CNE</SimpleData>
		<SimpleData name="fech_crea">02-12-2014</SimpleData>
		<SimpleData name="fech_act">20/12/2016</SimpleData>
		<SimpleData name="Shape_Leng">0.706218972748726</SimpleData>
	</SchemaData></ExtendedData>
      <LineString><coordinates>-69.565856821,-22.2857813259999 -69.564357139,-22.2901988199999 -69.5704220659999,-22.3017124419999 -69.570510847,-22.3059418239999 -69.5680545239999,-22.31023428 -69.566899765,-22.324290494 -69.566901332,-22.341879483 -69.570633207,-22.3513365869999 -69.56622677,-22.369508873 -69.561654757,-22.380843371 -69.531847596,-22.428728227 -69.5248238629999,-22.432963317 -69.5245347269999,-22.47451775 -69.461762724,-22.5854339969999 -69.4466273909999,-22.8569203549999 -69.400015953,-22.888580394 -69.363988717,-22.885295465 -69.358271047,-22.878945813</coordinates></LineString>
  </Placemark>
  <Placemark id="lineas_sing.13">
	<name>CHACAYA - CRUCERO 220KV</name>
	<Style><LineStyle><color>ff0000ff</color></LineStyle><PolyStyle><fill>0</fill></PolyStyle></Style>
	<ExtendedData><SchemaData schemaUrl="#lineas_sing">
		<SimpleData name="OBJECTID">13</SimpleData>
		<SimpleData name="gml_id">lt_sing_1c966bdb_e893_4b2d_b52e_5945a9a8a68b.121</SimpleData>
		<SimpleData name="layer">Unknown Line Type</SimpleData>
		<SimpleData name="elevation">0</SimpleData>
		<SimpleData name="nombre">CHACAYA - CRUCERO 220KV</SimpleData>
		<SimpleData name="circuito">C1</SimpleData>
		<SimpleData name="tipo">ADICIONAL</SimpleData>
		<SimpleData name="f_operacio">S/I</SimpleData>
		<SimpleData name="long_km">153.896352452</SimpleData>
		<SimpleData name="tramo">CHACAYA - CRUCERO</SimpleData>
		<SimpleData name="propiedad">E-CL</SimpleData>
		<SimpleData name="tension_kv">220</SimpleData>
		<SimpleData name="rca">S/I</SimpleData>
		<SimpleData name="sist_elect">SING</SimpleData>
		<SimpleData name="estado">EN OPERACION</SimpleData>
		<SimpleData name="region">REGION DE ANTOFAGASTA</SimpleData>
		<SimpleData name="provincia">ANTOFAGASTA-TOCOPILLA</SimpleData>
		<SimpleData name="comuna">MARIA ELENA-MEJILLONES-SIERRA GORDA</SimpleData>
		<SimpleData name="fuente_bas">CNE</SimpleData>
		<SimpleData name="fech_crea">02-12-2014</SimpleData>
		<SimpleData name="fech_act">20/12/2016</SimpleData>
		<SimpleData name="Shape_Leng">1.44351100967677</SimpleData>
	</SchemaData></ExtendedData>
      <LineString><coordinates>-70.409622573,-23.09231754 -70.4125938189999,-23.0935824759999 -70.414029808,-23.095600415 -70.414228685,-23.095879883 -70.411372495,-23.097224034 -70.4090126949999,-23.098428234 -70.406068255,-23.099745986 -70.405326924,-23.1000809929999 -70.404684042,-23.100371507 -70.402948973,-23.1011555539999 -70.401264522,-23.1020055879999 -70.39987017,-23.102709207 -70.3968479069999,-23.1040726419999 -70.393448662,-23.10580964 -70.39058302,-23.107225765 -70.387512762,-23.108688796 -70.383879054,-23.11043669 -70.380546427,-23.1120373649999 -70.376757241,-23.1138767759999 -70.373657656,-23.115366899 -70.3703057079999,-23.1170126919999 -70.36716692,-23.118503033 -70.363601102,-23.120258921 -70.360364885,-23.1217861 -70.356867052,-23.1235231919999 -70.353281521,-23.125288057 -70.349968027,-23.1269240729999 -70.346517749,-23.12856119 -70.3430377299999,-23.130162362 -70.341157902,-23.131005569 -70.3395280619999,-23.1317366169999 -70.339131267,-23.1319289539999 -70.336795788,-23.133060992 -70.3360195619999,-23.1334372279999 -70.332108596,-23.133948996 -70.331159059,-23.134075969 -70.328431775,-23.134440631 -70.3242087049999,-23.134999992 -70.3204824599999,-23.1354376699999 -70.316883751,-23.1359374159999 -70.313059884,-23.136384767 -70.309020891,-23.136806717 -70.30497385,-23.137409265 -70.3016572459999,-23.137806984 -70.298535837,-23.1381939939999 -70.295473433,-23.138625616 -70.292311033,-23.139834724 -70.289159115,-23.141124971 -70.285705261,-23.1425079369999 -70.2830971719999,-23.143486551 -70.280168659,-23.144666424 -70.2747578039999,-23.1436174419999 -70.270962031,-23.142943621 -70.2707614509999,-23.143033171 -70.267480239,-23.144498024 -70.265534609,-23.145317484 -70.26366711,-23.145097644 -70.262334537,-23.1425523349999 -70.260891301,-23.139655659 -70.2567192989999,-23.1384154949999 -70.2537996089999,-23.137409121 -70.25247683,-23.1369409509999 -70.247080473,-23.1352947849999 -70.244014519,-23.134298413 -70.240507929,-23.1331699689999 -70.236129073,-23.131696045 -70.233004765,-23.130708941 -70.228792969,-23.129332851 -70.226285182,-23.1284762829999 -70.223807866,-23.1277458829999 -70.222726071,-23.12740113 -70.22048778,-23.126687789 -70.2163736259999,-23.125283505 -70.212104699,-23.1240338429999 -70.2081883389999,-23.122889745 -70.206435964,-23.122397372 -70.20252648,-23.120918896 -70.199824032,-23.120099506 -70.197669618,-23.1194113879999 -70.19557069,-23.1183705729999 -70.19207009,-23.116726155 -70.189324428,-23.1154191799999 -70.1846076959999,-23.113151515 -70.182450219,-23.1120928939999 -70.179567967,-23.110777734 -70.1776562329999,-23.109897847 -70.1732625459999,-23.107681608 -70.1705959719999,-23.106445962 -70.168987568,-23.1056269389999 -70.165978106,-23.104249239 -70.163310729,-23.102905086 -70.161282047,-23.102025854 -70.157056003,-23.099943391 -70.155321374,-23.0991883729999 -70.152752751,-23.0979516959999 -70.151164076,-23.0971323389999 -70.146596405,-23.0950249799999 -70.1451257159999,-23.094295023 -70.141627079,-23.0927397459999 -70.137664435,-23.090564516 -70.1346563669999,-23.089276506 -70.131823847,-23.0879600809999 -70.129766445,-23.087098698 -70.126079819,-23.0852011859999 -70.1223157969999,-23.0833763909999 -70.1188566599999,-23.0818112759999 -70.1164257189999,-23.0806181689999 -70.114596482,-23.07780402 -70.112559287,-23.0746209929999 -70.1105620499999,-23.071537008 -70.108436608,-23.0682822809999 -70.1065084799999,-23.065270009 -70.10466961,-23.062419666 -70.103207013,-23.0602169909999 -70.1017735249999,-23.057987001 -70.1000624,-23.055216995 -70.097789909,-23.051818609 -70.09596132,-23.0489861419999 -70.094281025,-23.046378429 -70.092604001,-23.0441680919999 -70.091049391,-23.041396891 -70.089319986,-23.03872623 -70.086957908,-23.03503925 -70.0846517639999,-23.0310086179999 -70.083845009,-23.0301922089999 -70.082136997,-23.0277200209999 -70.079161917,-23.022980318 -70.07802893,-23.021624162 -70.075971598,-23.0181426579999 -70.074143511,-23.0152557 -70.072219503,-23.0125680789999 -70.070421059,-23.0097079679999 -70.068868315,-23.00706295 -70.067741984,-23.005282146 -70.065619152,-23.002089961 -70.063515509,-22.9988434209999 -70.06112559,-22.99515618 -70.059397672,-22.9925212599999 -70.057126592,-22.9890318669999 -70.054967569,-22.986137829 -70.052793074,-22.9824941699999 -70.051034823,-22.979678699 -70.048292343,-22.978251676 -70.04501064,-22.9764668629999 -70.040593913,-22.9742197479999 -70.037597209,-22.972685812 -70.036068862,-22.9718196609999 -70.03397273,-22.9706862259999 -70.031651741,-22.9694819649999 -70.029006995,-22.9680268609999 -70.026809551,-22.96508749 -70.0248784079999,-22.9625257279999 -70.023134285,-22.960179512 -70.021005439,-22.9572486399999 -70.019045532,-22.9547231129999 -70.017074932,-22.95206214 -70.0141201389999,-22.950816505 -70.010725721,-22.949465225 -70.007233774,-22.948105456 -70.0039368119999,-22.94672631 -70.000522686,-22.9453207339999 -69.997450159,-22.9439400329999 -69.9940757689999,-22.942615357 -69.989488297,-22.9407652539999 -69.987825255,-22.940062041 -69.98561461,-22.939154462 -69.984679431,-22.936604046 -69.983731666,-22.9336562669999 -69.982560378,-22.9308092219999 -69.9815848169999,-22.9280512829999 -69.9805718539999,-22.9255103479999 -69.9793984359999,-22.9223471449999 -69.977868025,-22.9183460959999 -69.9766446259999,-22.9149934879999 -69.975421162,-22.9116228039999 -69.974189559,-22.90846894 -69.969851552,-22.907221878 -69.9675549,-22.906468106 -69.963706154,-22.905452742 -69.959680506,-22.9042305999999 -69.95571374,-22.903053163 -69.953553154,-22.9022170709999 -69.950545085,-22.9014853809999 -69.9471450629999,-22.900466923 -69.943685968,-22.8993584139999 -69.9409268169999,-22.8979476059999 -69.937629408,-22.896232813 -69.93388103,-22.894141224 -69.929884282,-22.892782648 -69.926092763,-22.891486003 -69.9223102079999,-22.8900627539999 -69.918607298,-22.8888738049999 -69.914932484,-22.8875039499999 -69.9113274279999,-22.886350395 -69.9075458789999,-22.8850351739999 -69.903686293,-22.8837022389999 -69.900745496,-22.8827253179999 -69.896446302,-22.881232102 -69.892723809,-22.879961351 -69.8895385819999,-22.8788500979999 -69.8868123779999,-22.877862679 -69.883745855,-22.8770035639999 -69.881182278,-22.8770358539999 -69.87744048,-22.87727333 -69.8736983759999,-22.877465555 -69.870648363,-22.877653906 -69.867871399,-22.8778587739999 -69.8641486389999,-22.8780326039999 -69.859900234,-22.876781996 -69.855905348,-22.875529909 -69.8523703669999,-22.874546242 -69.848551629,-22.873383351 -69.843649124,-22.871928033 -69.840630437,-22.8708600649999 -69.836373588,-22.8697533879999 -69.833078714,-22.868135717 -69.829803795,-22.8665811019999 -69.825844245,-22.864632523 -69.8224906419999,-22.8629336339999 -69.8206005449999,-22.861918735 -69.8195081,-22.8613321239999 -69.8188029619999,-22.861485471 -69.8183594229999,-22.8615819249999 -69.814610349,-22.8605533379999 -69.810860738,-22.8594253009999 -69.80762771,-22.85828552 -69.804542742,-22.8574520459999 -69.800324556,-22.856172563 -69.7964968859999,-22.8549903759999 -69.79269857,-22.853816981 -69.789007893,-22.852706192 -69.78568784,-22.8516296189999 -69.781753153,-22.850438566 -69.777750257,-22.849238714 -69.77353235,-22.8479223749999 -69.7694808639999,-22.846722547 -69.7657125329999,-22.84560255 -69.762305059,-22.844516868 -69.7581362139999,-22.843208911 -69.754680675,-22.8422226549999 -69.751361028,-22.841127285 -69.749435739,-22.838372233 -69.7470498389999,-22.83513153 -69.7455184619999,-22.833097225 -69.743564712,-22.8304415919999 -69.742022471,-22.828181473 -69.7396268909999,-22.824886493 -69.7374768829999,-22.821933596 -69.735081378,-22.8186114399999 -69.733216704,-22.816135919 -69.731213082,-22.8131732209999 -69.728720644,-22.809887537 -69.7266308649999,-22.807178097 -69.725011275,-22.804927181 -69.721433259,-22.80265802 -69.718158807,-22.800658405 -69.7145331,-22.798542862 -69.7110830569999,-22.7964625829999 -69.707682575,-22.7945265389999 -69.704721288,-22.792723977 -69.7014088509999,-22.7908235379999 -69.698466058,-22.7887949449999 -69.695163817,-22.7869485259999 -69.692125786,-22.785317688 -69.689018227,-22.7834070599999 -69.6860384779999,-22.781712618 -69.6830480259999,-22.7798104 -69.6810170689999,-22.7769013409999 -69.679358639,-22.774451364 -69.677181639,-22.7715248059999 -69.67496546,-22.768535148 -69.673160735,-22.766004419 -69.6708853659999,-22.7628252499999 -69.6686982479999,-22.759745042 -69.666550889,-22.756809167 -69.664403448,-22.7538371269999 -69.662109183,-22.750694032 -69.6599723689999,-22.747866416 -69.65779565,-22.7448221339999 -69.6555899419999,-22.7418050369999 -69.6534922719999,-22.7389590989999 -69.651414551,-22.736194349 -69.6491799089999,-22.733177273 -69.6469739,-22.7300155139999 -69.644817361,-22.726998055 -69.642582594,-22.723890545 -69.640593129,-22.7211614199999 -69.6382603449999,-22.7178735689999 -69.635879073,-22.71460394 -69.6337035079999,-22.7115773579999 -69.63177311,-22.708911112 -69.6300776159999,-22.70649685 -69.628147402,-22.7038395879999 -69.626325632,-22.701461912 -69.624620755,-22.699083757 -69.6246734229999,-22.695668922 -69.624540383,-22.692092209 -69.624493903,-22.6882802879999 -69.6244777369999,-22.6847121489999 -69.6244610429999,-22.681026575 -69.624434864,-22.677395238 -69.624476827,-22.673763633 -69.6244012079999,-22.6699608499999 -69.624413647,-22.6662570899999 -69.624426864,-22.6627249599999 -69.6243326119999,-22.659102913 -69.62436432,-22.655353906 -69.6243577119999,-22.651740547 -69.6242638849999,-22.648208828 -69.624295193,-22.6443694819999 -69.6230656989999,-22.641492587 -69.6219145979999,-22.638723779 -69.620420554,-22.6354233119999 -69.618944912,-22.631869819 -69.617255713,-22.6284165 -69.61572229,-22.6249625629999 -69.614286931,-22.6216618019999 -69.612812482,-22.6183069749999 -69.6114553049999,-22.615051052 -69.609922341,-22.6116331809999 -69.60852678,-22.60846771 -69.6071120239999,-22.605347465 -69.6056865369999,-22.6019833399999 -69.604124484,-22.598520344 -69.602621472,-22.5951926119999 -69.601088604,-22.591693338 -69.599644815,-22.588527955 -69.598356388,-22.585280676 -69.596824365,-22.581925887 -69.595281993,-22.5784085139999 -69.593524233,-22.574548643 -69.591846163,-22.571104001 -69.5903525219999,-22.567550258 -69.5889294999999,-22.56457439 -69.587739127,-22.561398918 -69.586324921,-22.558179083 -69.584920166,-22.5548778959999 -69.5834856939999,-22.551432264 -69.582100984,-22.5482393789999 -69.580618143,-22.5448209919999 -69.5789892399999,-22.541339879 -69.577468143,-22.538039033 -69.575985493,-22.534611561 -69.574532351,-22.531247203 -69.573177266,-22.5280631529999 -69.5719016689999,-22.525276289 -69.570419855,-22.521984258 -69.5689571149999,-22.518583739 -69.567455889,-22.515264643 -69.5660032019999,-22.511909225 -69.5644921419999,-22.5085268949999 -69.562961457,-22.50508138 -69.561371386,-22.5013560109999 -69.55995854,-22.498162996 -69.558370409,-22.494880236 -69.556821239,-22.4915973239999 -69.555282298,-22.488422763 -69.553713224,-22.4849863109999 -69.552037695,-22.4816495759999 -69.550536752,-22.4781947869999 -69.548774045,-22.474894445 -69.547362229,-22.4718187349999 -69.5457738929999,-22.468328055 -69.544312909,-22.465071805 -69.542784242,-22.4618880369999 -69.5413235039999,-22.458658855 -69.539717017,-22.455421111 -69.538049958,-22.451578288 -69.536238434,-22.448052106 -69.535170017,-22.445679765 -69.534175991,-22.4424218569999 -69.533073599,-22.438766812 -69.532343494,-22.435887437 -69.5314194869999,-22.4331171009999 -69.530621944,-22.4303734449999 -69.53038943,-22.429588049 -69.5291257649999,-22.4253194149999 -69.5284639019999,-22.422457859 -69.527333771,-22.4190919339999 -69.525890331,-22.415076583 -69.524934532,-22.411529392 -69.523883896,-22.408587768 -69.5233595619999,-22.4060780569999 -69.522415162,-22.4029463649999 -69.5211069379999,-22.398632404 -69.5204584539999,-22.396674145 -69.5219902279999,-22.393218272 -69.523268983,-22.389663831 -69.5246838419999,-22.386154107 -69.5263479289999,-22.3817763079999 -69.527869074,-22.378157804 -69.5294961339999,-22.374313091 -69.530814483,-22.3710475419999 -69.5322197409999,-22.367664256 -69.533499392,-22.3644710839999 -69.5347987219999,-22.3613591399999 -69.5360770149999,-22.357840731 -69.537421808,-22.353951701 -69.539175491,-22.35034135 -69.5405026239999,-22.3469492159999 -69.5419265259999,-22.3434844769999 -69.543304115,-22.340616117 -69.544456864,-22.337378111 -69.545472914,-22.333959879 -69.5465187849999,-22.330731251 -69.5475348099999,-22.327331073 -69.5485305559999,-22.3237231759999 -69.5495262169999,-22.320106239 -69.550493729,-22.316751374 -69.551471686,-22.3135952129999 -69.552352334,-22.3103942079999 -69.553253002,-22.3073557399999 -69.554306507,-22.3036934039999 -69.5553513569999,-22.300311141 -69.5564147169999,-22.296711993 -69.55731609,-22.293376081 -69.557438441,-22.2929232609999 -69.557488397,-22.292771584 -69.558483967,-22.289748754 -69.559479294,-22.2861678859999 -69.560542088,-22.282478371 -69.560696332,-22.281926099 -69.56090576,-22.2811762269999 -69.560844314,-22.2808977559999 -69.560693368,-22.28021367 -69.560638852,-22.2799666 -69.560908298,-22.2794288709999 -69.561572968,-22.278102379 -69.5630073299999,-22.2775463409999 -69.564536135,-22.276922441 -69.56472488,-22.276845414 -69.5652846529999,-22.2766169669999</coordinates></LineString>
  </Placemark>
  <Placemark id="lineas_sing.14">
	<name>TOCOPILLA-TAMAYA CTO 3</name>
	<Style><LineStyle><color>ff0000ff</color></LineStyle><PolyStyle><fill>0</fill></PolyStyle></Style>
	<ExtendedData><SchemaData schemaUrl="#lineas_sing">
		<SimpleData name="OBJECTID">14</SimpleData>
		<SimpleData name="gml_id">lt_sing_1c966bdb_e893_4b2d_b52e_5945a9a8a68b.124</SimpleData>
		<SimpleData name="layer">Unknown Line Type</SimpleData>
		<SimpleData name="elevation">0</SimpleData>
		<SimpleData name="nombre">TOCOPILLA-TAMAYA CTO 3</SimpleData>
		<SimpleData name="circuito">C1</SimpleData>
		<SimpleData name="tipo">ADICIONAL</SimpleData>
		<SimpleData name="f_operacio">S/I</SimpleData>
		<SimpleData name="long_km">69.5010036708</SimpleData>
		<SimpleData name="tramo">TOCOPILLA-TAMAYA CTO 3</SimpleData>
		<SimpleData name="propiedad">ELECTROANDINA</SimpleData>
		<SimpleData name="tension_kv">110</SimpleData>
		<SimpleData name="rca">S/I</SimpleData>
		<SimpleData name="sist_elect">SING</SimpleData>
		<SimpleData name="estado">EN OPERACION</SimpleData>
		<SimpleData name="region">REGION DE ANTOFAGASTA</SimpleData>
		<SimpleData name="provincia">TOCOPILLA</SimpleData>
		<SimpleData name="comuna">TOCOPILLA</SimpleData>
		<SimpleData name="fuente_bas">CNE</SimpleData>
		<SimpleData name="fech_crea">02-12-2014</SimpleData>
		<SimpleData name="fech_act">20/12/2016</SimpleData>
		<SimpleData name="Shape_Leng">0.668743380180459</SimpleData>
	</SchemaData></ExtendedData>
      <LineString><coordinates>-70.2042059789999,-22.101627881 -70.1924358269999,-22.107106931 -70.1715032989999,-22.119570476 -70.160875964,-22.124063561 -70.154480528,-22.1292566069999 -70.153159966,-22.130328816 -70.138799064,-22.141987225 -70.13855947,-22.1420797649999 -70.103681179,-22.1555459959999 -70.073852421,-22.1670548009999 -70.0520315209999,-22.17546936 -70.031604412,-22.183342936 -70.024465987,-22.186093624 -70.0121298609999,-22.1908461899999 -69.845776031,-22.2662069469999 -69.839828074,-22.268298575 -69.721987481,-22.283971059 -69.6536851549999,-22.281520214 -69.574236727,-22.278633124</coordinates></LineString>
  </Placemark>
  <Placemark id="lineas_sing.15">
	<name>LAGUNAS MARIA ELENA</name>
	<Style><LineStyle><color>ff0000ff</color></LineStyle><PolyStyle><fill>0</fill></PolyStyle></Style>
	<ExtendedData><SchemaData schemaUrl="#lineas_sing">
		<SimpleData name="OBJECTID">15</SimpleData>
		<SimpleData name="gml_id">lt_sing_1c966bdb_e893_4b2d_b52e_5945a9a8a68b.131</SimpleData>
		<SimpleData name="layer">Unknown Line Type</SimpleData>
		<SimpleData name="elevation">0</SimpleData>
		<SimpleData name="nombre">LAGUNAS MARIA ELENA</SimpleData>
		<SimpleData name="circuito">C1</SimpleData>
		<SimpleData name="tipo">S/I</SimpleData>
		<SimpleData name="f_operacio">S/I</SimpleData>
		<SimpleData name="long_km">166.067708341</SimpleData>
		<SimpleData name="tramo">LAGUNAS MARIA ELENA</SimpleData>
		<SimpleData name="propiedad">TRANSELEC NORTE</SimpleData>
		<SimpleData name="tension_kv">220</SimpleData>
		<SimpleData name="rca">S/I</SimpleData>
		<SimpleData name="sist_elect">SING</SimpleData>
		<SimpleData name="estado">EN OPERACION</SimpleData>
		<SimpleData name="region">REGION DE TARAPACA - REGION DE ANTOFAGASTA</SimpleData>
		<SimpleData name="provincia">TAMARUGAL - TOCOPILLA</SimpleData>
		<SimpleData name="comuna">POZO ALMONTE - MARIA ELENA</SimpleData>
		<SimpleData name="fuente_bas">CNE</SimpleData>
		<SimpleData name="fech_crea">02-12-2014</SimpleData>
		<SimpleData name="fech_act">20/12/2016</SimpleData>
		<SimpleData name="Shape_Leng">1.51322275014782</SimpleData>
	</SchemaData></ExtendedData>
      <LineString><coordinates>-69.695153945,-20.8158893299999 -69.703079766,-20.831225918 -69.7048740669999,-20.8442393409999 -69.690525919,-20.869301707 -69.691792543,-20.87142911 -69.683146907,-20.924650968 -69.6678555829999,-20.96080051 -69.645998252,-20.992411373 -69.644997479,-21.002554962 -69.644927836,-21.020758418 -69.6338144759999,-21.029162103 -69.6318124749999,-21.031854412 -69.6206159709999,-21.0455038019999 -69.6110346149999,-21.053720992 -69.602227656,-21.062401569 -69.600709256,-21.0639256449999 -69.5987238929999,-21.066021061 -69.597015442,-21.067720471 -69.591171668,-21.0736178879999 -69.577145563,-21.115954393 -69.5411190839999,-21.224739465 -69.5103506959999,-21.317480981 -69.498580895,-21.3533278479999 -69.496976117,-21.353804119 -69.4950657749999,-21.392344963 -69.5006867989999,-21.4589464649999 -69.5308419359999,-21.6058516529999 -69.494135477,-21.729004623 -69.4818562309999,-21.770186871 -69.47931693,-21.7786159779999 -69.486420331,-21.8086988869999 -69.487273413,-21.812023627 -69.4955135439999,-21.846751847 -69.500582316,-21.876228625 -69.5046290349999,-21.8976695539999 -69.524377288,-21.91390411 -69.5333098579999,-21.921531655 -69.5613693719999,-21.945712967 -69.5750439879999,-21.957485683 -69.583311721,-21.9776863 -69.592350192,-22.001436175 -69.595073446,-22.008547181 -69.596405578,-22.011927554 -69.597788948,-22.015761864 -69.599290595,-22.01934324 -69.60057038,-22.0224566439999 -69.599690719,-22.024661508 -69.59915245,-22.0256780829999 -69.572647961,-22.0881328209999 -69.5727324869999,-22.1157362019999 -69.5725035999999,-22.157719212 -69.575451503,-22.159047792 -69.579345441,-22.2139094369999 -69.578709335,-22.2139273349999</coordinates></LineString>
  </Placemark>
  <Placemark id="lineas_sing.16">
	<name>MARIA ELENA CRUCERO</name>
	<Style><LineStyle><color>ff0000ff</color></LineStyle><PolyStyle><fill>0</fill></PolyStyle></Style>
	<ExtendedData><SchemaData schemaUrl="#lineas_sing">
		<SimpleData name="OBJECTID">16</SimpleData>
		<SimpleData name="gml_id">lt_sing_1c966bdb_e893_4b2d_b52e_5945a9a8a68b.132</SimpleData>
		<SimpleData name="layer">Unknown Line Type</SimpleData>
		<SimpleData name="elevation">0</SimpleData>
		<SimpleData name="nombre">MARIA ELENA CRUCERO</SimpleData>
		<SimpleData name="circuito">C1</SimpleData>
		<SimpleData name="tipo">S/I</SimpleData>
		<SimpleData name="f_operacio">S/I</SimpleData>
		<SimpleData name="long_km">7.0255165695</SimpleData>
		<SimpleData name="tramo">MARIA ELENA CRUCERO</SimpleData>
		<SimpleData name="propiedad">TRANSELEC NORTE</SimpleData>
		<SimpleData name="tension_kv">220</SimpleData>
		<SimpleData name="rca">S/I</SimpleData>
		<SimpleData name="sist_elect">SING</SimpleData>
		<SimpleData name="estado">EN OPERACION</SimpleData>
		<SimpleData name="region">REGION DE ANTOFAGASTA</SimpleData>
		<SimpleData name="provincia">TOCOPILLA</SimpleData>
		<SimpleData name="comuna">MARIA ELENA</SimpleData>
		<SimpleData name="fuente_bas">CNE</SimpleData>
		<SimpleData name="fech_crea">02-12-2014</SimpleData>
		<SimpleData name="fech_act">20/12/2016</SimpleData>
		<SimpleData name="Shape_Leng">0.06382968946276</SimpleData>
	</SchemaData></ExtendedData>
      <LineString><coordinates>-69.569125142,-22.2744497479999 -69.5712596069999,-22.273371636 -69.5810038559999,-22.2397925069999 -69.579360413,-22.213999047 -69.5787403579999,-22.2141001919999</coordinates></LineString>
  </Placemark>
  <Placemark id="lineas_sing.17">
	<name>CD IQUIQUE - IQUIQUE</name>
	<Style><LineStyle><color>ff0000ff</color></LineStyle><PolyStyle><fill>0</fill></PolyStyle></Style>
	<ExtendedData><SchemaData schemaUrl="#lineas_sing">
		<SimpleData name="OBJECTID">17</SimpleData>
		<SimpleData name="gml_id">lt_sing_1c966bdb_e893_4b2d_b52e_5945a9a8a68b.138</SimpleData>
		<SimpleData name="layer">Unknown Line Type</SimpleData>
		<SimpleData name="elevation">0</SimpleData>
		<SimpleData name="nombre">CD IQUIQUE - IQUIQUE</SimpleData>
		<SimpleData name="circuito">C1</SimpleData>
		<SimpleData name="tipo">S/I</SimpleData>
		<SimpleData name="f_operacio">S/I</SimpleData>
		<SimpleData name="long_km">1.52487032481</SimpleData>
		<SimpleData name="tramo">CD IQUIQUE - IQUIQUE</SimpleData>
		<SimpleData name="propiedad">E-CL</SimpleData>
		<SimpleData name="tension_kv">66</SimpleData>
		<SimpleData name="rca">S/I</SimpleData>
		<SimpleData name="sist_elect">SING</SimpleData>
		<SimpleData name="estado">EN OPERACION</SimpleData>
		<SimpleData name="region">REGION DE TARAPACA</SimpleData>
		<SimpleData name="provincia">IQUIQUE</SimpleData>
		<SimpleData name="comuna">IQUIQUE</SimpleData>
		<SimpleData name="fuente_bas">CNE</SimpleData>
		<SimpleData name="fech_crea">02-12-2014</SimpleData>
		<SimpleData name="fech_act">20/12/2016</SimpleData>
		<SimpleData name="Shape_Leng">0.014454912824273</SimpleData>
	</SchemaData></ExtendedData>
      <LineString><coordinates>-70.1304267519999,-20.2064972209999 -70.130497616,-20.206489415 -70.130688263,-20.2060580529999 -70.130904309,-20.2055661059999 -70.131052177,-20.2052401669999 -70.131479121,-20.204964353 -70.1316439829999,-20.204966134 -70.131962722,-20.2049685769999 -70.132481077,-20.2049646839999 -70.132869908,-20.2049558589999 -70.133690257,-20.2049469139999 -70.1340480119999,-20.2049444149999 -70.134513823,-20.204936296 -70.134915798,-20.204939533 -70.13533669,-20.204932927 -70.135731925,-20.204934877 -70.1362257649999,-20.204931126 -70.136659907,-20.2049254849999 -70.137098275,-20.204900165 -70.137550628,-20.2048971209999 -70.1379793689999,-20.2048846439999 -70.138419808,-20.204881009 -70.138873398,-20.2048849299999 -70.139343977,-20.204889549 -70.13977506,-20.204887245 -70.140209506,-20.2048708899999 -70.1406815839999,-20.2048843809999 -70.1411133889999,-20.2048782009999 -70.1414588929999,-20.20488237 -70.141945688,-20.204876295 -70.1425497289999,-20.2055265119999 -70.142793323,-20.20579987 -70.1431135989999,-20.2061678599999 -70.1433767779999,-20.206308679</coordinates></LineString>
  </Placemark>
  <Placemark id="lineas_sing.18">
	<name>LIXIVIACION - BOOSTER. CIRCUITO N 2 69KV</name>
	<Style><LineStyle><color>ff0000ff</color></LineStyle><PolyStyle><fill>0</fill></PolyStyle></Style>
	<ExtendedData><SchemaData schemaUrl="#lineas_sing">
		<SimpleData name="OBJECTID">18</SimpleData>
		<SimpleData name="gml_id">lt_sing_1c966bdb_e893_4b2d_b52e_5945a9a8a68b.122</SimpleData>
		<SimpleData name="layer">Unknown Line Type</SimpleData>
		<SimpleData name="elevation">0</SimpleData>
		<SimpleData name="nombre">LIXIVIACION - BOOSTER. CIRCUITO N 2 69KV</SimpleData>
		<SimpleData name="circuito">C2</SimpleData>
		<SimpleData name="tipo">ADICIONAL</SimpleData>
		<SimpleData name="f_operacio">2004</SimpleData>
		<SimpleData name="long_km">0.22409135189</SimpleData>
		<SimpleData name="tramo">ATACAMA-DOMEYKO</SimpleData>
		<SimpleData name="propiedad">MINERA ESCONDIDA</SimpleData>
		<SimpleData name="tension_kv">69</SimpleData>
		<SimpleData name="rca">S/I</SimpleData>
		<SimpleData name="sist_elect">SING</SimpleData>
		<SimpleData name="estado">EN OPERACION</SimpleData>
		<SimpleData name="region">REGION DE ANTOFAGASTA</SimpleData>
		<SimpleData name="provincia">ANTOFAGASTA</SimpleData>
		<SimpleData name="comuna">ANTOFAGASTA</SimpleData>
		<SimpleData name="fuente_bas">CNE</SimpleData>
		<SimpleData name="fech_crea">02-12-2014</SimpleData>
		<SimpleData name="fech_act">20/12/2016</SimpleData>
		<SimpleData name="Shape_Leng">0.000587004407127</SimpleData>
	</SchemaData></ExtendedData>
      <LineString><coordinates>-69.095539999,-24.242769901 -69.095540812,-24.243008296 -69.095541999,-24.243356902</coordinates></LineString>
  </Placemark>
  <Placemark id="lineas_sing.19">
	<name>LINEA 220 KV SALAR - CALAMA</name>
	<Style><LineStyle><color>ff0000ff</color></LineStyle><PolyStyle><fill>0</fill></PolyStyle></Style>
	<ExtendedData><SchemaData schemaUrl="#lineas_sing">
		<SimpleData name="OBJECTID">19</SimpleData>
		<SimpleData name="gml_id">lt_sing_1c966bdb_e893_4b2d_b52e_5945a9a8a68b.127</SimpleData>
		<SimpleData name="layer">Unknown Line Type</SimpleData>
		<SimpleData name="elevation">0</SimpleData>
		<SimpleData name="nombre">LINEA 220 KV SALAR - CALAMA</SimpleData>
		<SimpleData name="circuito">C1</SimpleData>
		<SimpleData name="tipo">SUBTRANSMISION</SimpleData>
		<SimpleData name="f_operacio">S/I</SimpleData>
		<SimpleData name="long_km">16.2719005127</SimpleData>
		<SimpleData name="tramo">PARINACOTA-TAPQUIANI / TAPQUIANI-QUIANI</SimpleData>
		<SimpleData name="propiedad">EMEL</SimpleData>
		<SimpleData name="tension_kv">220</SimpleData>
		<SimpleData name="rca">S/I</SimpleData>
		<SimpleData name="sist_elect">SING</SimpleData>
		<SimpleData name="estado">EN OPERACION</SimpleData>
		<SimpleData name="region">REGION DE ANTOFAGASTA</SimpleData>
		<SimpleData name="provincia">EL LOA</SimpleData>
		<SimpleData name="comuna">CALAMA</SimpleData>
		<SimpleData name="fuente_bas">CNE</SimpleData>
		<SimpleData name="fech_crea">02-12-2014</SimpleData>
		<SimpleData name="fech_act">20/12/2016</SimpleData>
		<SimpleData name="Shape_Leng">0.152069146745205</SimpleData>
	</SchemaData></ExtendedData>
      <LineString><coordinates>-68.872700027,-22.3402755509999 -68.87065918,-22.339981318 -68.868170514,-22.339628244 -68.866372489,-22.341145506 -68.8643271289999,-22.342906463 -68.862168502,-22.344745173 -68.8600129389999,-22.346570755 -68.857972777,-22.3483168189999 -68.855829237,-22.3501497629999 -68.853541198,-22.352098456 -68.851492532,-22.3538360269999 -68.8498124229999,-22.355278045 -68.84958872,-22.358380707 -68.849368968,-22.3615930449999 -68.850201768,-22.3632010819999 -68.851074408,-22.364903468 -68.852340312,-22.367380886 -68.853629656,-22.369871052 -68.8548777039999,-22.372325395 -68.856136604,-22.3747539 -68.857390583,-22.377192238 -68.858665935,-22.3796720509999 -68.859945216,-22.382153483 -68.8611527529999,-22.384537364 -68.862400544,-22.386925516 -68.863575705,-22.38922172 -68.864756939,-22.39150473 -68.8665702009999,-22.393758802 -68.868387158,-22.3959671439999 -68.8701068129999,-22.398084594 -68.872029545,-22.4004437579999 -68.873688944,-22.402489482 -68.875329957,-22.404505451 -68.877125822,-22.406708076 -68.879110119,-22.4091575419999 -68.881077432,-22.4115509599999 -68.882737161,-22.413633267 -68.8842347029999,-22.415444689 -68.88598562,-22.4175842129999 -68.888510138,-22.4171777239999 -68.891417223,-22.4167200489999 -68.894981113,-22.4161547919999 -68.897678355,-22.415726138 -68.900638245,-22.4152588439999 -68.904400403,-22.414651944 -68.908092746,-22.4140728319999 -68.91189234,-22.4134730059999 -68.915623411,-22.4128590519999 -68.918087793,-22.4124802549999 -68.920210969,-22.4142368239999 -68.920780678,-22.416916348 -68.9213104099999,-22.4193634009999 -68.9218138049999,-22.421849558 -68.92219636,-22.4235966649999 -68.922762302,-22.425847419 -68.9236163529999,-22.4283283149999</coordinates></LineString>
  </Placemark>
  <Placemark id="lineas_sing.20">
	<name>CRUCERO - CHUQUICAMATA 220KV</name>
	<Style><LineStyle><color>ff0000ff</color></LineStyle><PolyStyle><fill>0</fill></PolyStyle></Style>
	<ExtendedData><SchemaData schemaUrl="#lineas_sing">
		<SimpleData name="OBJECTID">20</SimpleData>
		<SimpleData name="gml_id">lt_sing_1c966bdb_e893_4b2d_b52e_5945a9a8a68b.46</SimpleData>
		<SimpleData name="layer">Unknown Line Type</SimpleData>
		<SimpleData name="elevation">0</SimpleData>
		<SimpleData name="nombre">CRUCERO - CHUQUICAMATA 220KV</SimpleData>
		<SimpleData name="circuito">C1 - C2</SimpleData>
		<SimpleData name="tipo">ADICIONAL</SimpleData>
		<SimpleData name="f_operacio">1986</SimpleData>
		<SimpleData name="long_km">6.56943211971</SimpleData>
		<SimpleData name="tramo">CRUCERO-CHUQUICAMATA 6B - 7B</SimpleData>
		<SimpleData name="propiedad">E-CL</SimpleData>
		<SimpleData name="tension_kv">220</SimpleData>
		<SimpleData name="rca">S/I</SimpleData>
		<SimpleData name="sist_elect">SING</SimpleData>
		<SimpleData name="estado">EN OPERACION</SimpleData>
		<SimpleData name="region">REGION DE ANTOFAGASTA</SimpleData>
		<SimpleData name="provincia">EL LOA</SimpleData>
		<SimpleData name="comuna">CALAMA</SimpleData>
		<SimpleData name="fuente_bas">CNE</SimpleData>
		<SimpleData name="fech_crea">02-12-2014</SimpleData>
		<SimpleData name="fech_act">20/12/2016</SimpleData>
		<SimpleData name="Shape_Leng">0.063093883727633</SimpleData>
	</SchemaData></ExtendedData>
      <LineString><coordinates>-68.976376232,-22.3175033479999 -68.968336527,-22.3177278319999 -68.949965404,-22.318545318 -68.944819702,-22.317296927 -68.9299778389999,-22.308708692 -68.921563106,-22.303212034 -68.9195147139999,-22.302949038 -68.918261308,-22.304637812</coordinates></LineString>
  </Placemark>
  <Placemark id="lineas_sing.21">
	<name>ATACAMA ENCUENTRO</name>
	<Style><LineStyle><color>ff0000ff</color></LineStyle><PolyStyle><fill>0</fill></PolyStyle></Style>
	<ExtendedData><SchemaData schemaUrl="#lineas_sing">
		<SimpleData name="OBJECTID">21</SimpleData>
		<SimpleData name="gml_id">lt_sing_1c966bdb_e893_4b2d_b52e_5945a9a8a68b.133</SimpleData>
		<SimpleData name="layer">Unknown Line Type</SimpleData>
		<SimpleData name="elevation">0</SimpleData>
		<SimpleData name="nombre">ATACAMA ENCUENTRO</SimpleData>
		<SimpleData name="circuito">C2</SimpleData>
		<SimpleData name="tipo">S/I</SimpleData>
		<SimpleData name="f_operacio">S/I</SimpleData>
		<SimpleData name="long_km">153.176011273</SimpleData>
		<SimpleData name="tramo">ATACAMA ENCUENTRO</SimpleData>
		<SimpleData name="propiedad">TRANSELEC NORTE</SimpleData>
		<SimpleData name="tension_kv">220</SimpleData>
		<SimpleData name="rca">S/I</SimpleData>
		<SimpleData name="sist_elect">SING</SimpleData>
		<SimpleData name="estado">EN OPERACION</SimpleData>
		<SimpleData name="region">REGION DE ANTOFAGASTA</SimpleData>
		<SimpleData name="provincia">TOCOPILLA</SimpleData>
		<SimpleData name="comuna">MARIA ELENA</SimpleData>
		<SimpleData name="fuente_bas">CNE</SimpleData>
		<SimpleData name="fech_crea">02-12-2014</SimpleData>
		<SimpleData name="fech_act">20/12/2016</SimpleData>
		<SimpleData name="Shape_Leng">1.43723792017058</SimpleData>
	</SchemaData></ExtendedData>
      <LineString><coordinates>-69.566159222,-22.283095869 -69.5650524759999,-22.285944592 -69.544071166,-22.3379684619999 -69.520826982,-22.396228951 -69.5244391589999,-22.4086598539999 -69.5318802799999,-22.4332415069999 -69.535589882,-22.4456895279999 -69.542857974,-22.4611557919999 -69.5746644079999,-22.530340162 -69.5859762109999,-22.5559995629999 -69.598570961,-22.58481384 -69.6115546199999,-22.614529709 -69.624724214,-22.643513436 -69.6250052619999,-22.6990595889999 -69.650252242,-22.7341526929999 -69.6836467859999,-22.779896128 -69.72491201,-22.804492782 -69.751773519,-22.841040004 -69.8183694049999,-22.8614082409999 -69.8193912899999,-22.8611621269999 -69.836828794,-22.869677333 -69.864257278,-22.877776898 -69.877219366,-22.876957191 -69.8805267349999,-22.876720717 -69.883984176,-22.876529336 -69.887643087,-22.8777652009999 -69.890363996,-22.878717375 -69.8933437219999,-22.8797471469999 -69.8968474279999,-22.8809569539999 -69.901460965,-22.882521847 -69.9041626069999,-22.883482393 -69.907063243,-22.8845105079999 -69.910206758,-22.8855851709999 -69.913579587,-22.886743247 -69.916960866,-22.887920164 -69.9205203239999,-22.889144938 -69.924127803,-22.890387183 -69.9274587359999,-22.8915348319999 -69.930812666,-22.8926944419999 -69.934168985,-22.8938657149999 -69.938092936,-22.895224834 -69.9419195469999,-22.896584758 -69.944771987,-22.897632452 -69.946357373,-22.8982178369999 -69.9503287379999,-22.899677128 -69.954175568,-22.9009829249999 -69.9583712049999,-22.9025385109999 -69.96201516,-22.9038725509999 -69.9648547049999,-22.9048872179999 -69.96787638,-22.905964679 -69.9708022039999,-22.9070202189999 -69.9746005169999,-22.9083676229999 -69.975709334,-22.911310085 -69.977000168,-22.914737095 -69.9781434339999,-22.91776915 -69.979397169,-22.9210745579999 -69.980442618,-22.9238109839999 -69.981519971,-22.926681886 -69.982767284,-22.929949049 -69.98379045,-22.9326810069999 -69.984980885,-22.935838775 -69.9861964199999,-22.939006009 -69.988782419,-22.940072238 -69.991544275,-22.941231602 -69.995451422,-22.9428609449999 -69.99803002,-22.9439206509999 -70.000801987,-22.9450632739999 -70.003986326,-22.9463641749999 -70.0071409289999,-22.947643526 -70.010654006,-22.949084233 -70.01405034,-22.9504856149999 -70.017303448,-22.951790253 -70.0190632159999,-22.9541971469999 -70.021021575,-22.9568306629999 -70.023164837,-22.9597429629999 -70.025107787,-22.962308966 -70.027217983,-22.965197013 -70.029134815,-22.967706189 -70.031798064,-22.9691507649999 -70.035536333,-22.971081587 -70.0376907209999,-22.9722887249999 -70.040921973,-22.9739914789999 -70.045093058,-22.97613804 -70.048492669,-22.977929323 -70.0515335109999,-22.9794829419999 -70.0532050259999,-22.981895659 -70.054759878,-22.9844635499999 -70.05640085,-22.9870091409999 -70.0583189719999,-22.990009653 -70.0602418509999,-22.992984979 -70.061978322,-22.995697091 -70.0638841109999,-22.9986129759999 -70.0658267649999,-23.001591629 -70.067731323,-23.0045594879999 -70.069630559,-23.007562536 -70.0714597529999,-23.0103904219999 -70.073351943,-23.013335718 -70.075309563,-23.0163336969999 -70.07737094,-23.0195078639999 -70.078854979,-23.0218543999999 -70.081343492,-23.025651867 -70.082620687,-23.0276075689999 -70.084122814,-23.0299867799999 -70.0851301719999,-23.0314726199999 -70.08701502,-23.0344319279999 -70.08913998,-23.037708949 -70.090533443,-23.0398247959999 -70.0920259379999,-23.0421787729999 -70.0936949759999,-23.044780373 -70.095628931,-23.047742163 -70.097573815,-23.0507481879999 -70.0995573819999,-23.0537441299999 -70.101470822,-23.0567415959999 -70.1031869189999,-23.059742948 -70.105153746,-23.062759007 -70.107080997,-23.065736274 -70.109030423,-23.068707016 -70.110960325,-23.0717092539999 -70.112904799,-23.074703351 -70.114843874,-23.0777210279999 -70.1165620309999,-23.080395923 -70.1188128219999,-23.081515415 -70.122182836,-23.0830999839999 -70.125322978,-23.08461691 -70.129103272,-23.086385272 -70.132240477,-23.087853577 -70.1351431259999,-23.089278581 -70.138179548,-23.0907459909999 -70.1412555319999,-23.092253264 -70.144027497,-23.0935404049999 -70.146368787,-23.0946532369999 -70.151547235,-23.0970602949999 -70.153739647,-23.09811695 -70.1557920389999,-23.099083149 -70.1571204379999,-23.099689956 -70.1608788739999,-23.101525029 -70.1637905709999,-23.102949576 -70.1661397779999,-23.104076258 -70.169225876,-23.105546117 -70.172083755,-23.1069257849999 -70.177708689,-23.109587958 -70.1805306959999,-23.110953862 -70.1841473279999,-23.112696991 -70.187341031,-23.1142097319999 -70.189859836,-23.115409026 -70.1922217059999,-23.116541438 -70.1951623319999,-23.117966473 -70.197927024,-23.1192559749999 -70.200623611,-23.1200377829999 -70.203158989,-23.120759692 -70.207114398,-23.1218364379999 -70.210689383,-23.122859923 -70.2144316019999,-23.123926544 -70.2181846249999,-23.124951863 -70.222401497,-23.126130482 -70.2265048899999,-23.1273015469999 -70.2298270319999,-23.1282090559999 -70.2333497549999,-23.129201839 -70.2370182769999,-23.130275583 -70.2405706929999,-23.131259814 -70.244115428,-23.1322441049999 -70.2473659939999,-23.133133479 -70.2488009099999,-23.1335735329999 -70.251434103,-23.134681208 -70.256062049,-23.1366358069999 -70.2591984319999,-23.1379511929999 -70.262645536,-23.1393900909999 -70.266759569,-23.140864188 -70.27096828,-23.1423689229999 -70.274273889,-23.143010454 -70.276744311,-23.1434809159999 -70.280237652,-23.144086407 -70.281345646,-23.143662193 -70.284378632,-23.14261441 -70.286877348,-23.141619369 -70.2900355039999,-23.140321962 -70.292728811,-23.139246468 -70.295361121,-23.138164344 -70.298590362,-23.1377533359999 -70.3018296339999,-23.1373390259999 -70.3052888349999,-23.1368852049999 -70.309004532,-23.136416934 -70.312797855,-23.1359401899999 -70.3163509839999,-23.135476624 -70.320086552,-23.1350021709999 -70.324543967,-23.134428515 -70.329244294,-23.1338180139999 -70.3327014669999,-23.1333743989999 -70.336007342,-23.132944526 -70.338755428,-23.1316451239999 -70.341353816,-23.1303865419999 -70.3437903,-23.129200264 -70.346969897,-23.127678729 -70.350315401,-23.126075005 -70.353722427,-23.124432065 -70.3569202959999,-23.1228992759999 -70.360197016,-23.121316051 -70.363448842,-23.1197392089999 -70.366892551,-23.118078102 -70.3700982679999,-23.116545577 -70.373355439,-23.1149604399999 -70.3767986289999,-23.1133084149999 -70.3801402,-23.111701828 -70.383464551,-23.110104205 -70.386807797,-23.1084849699999 -70.3901013879999,-23.106903635 -70.393453161,-23.105278692 -70.396859832,-23.1036493829999 -70.4002833059999,-23.101989142 -70.402150945,-23.102051908 -70.4061151239999,-23.1022086679999 -70.409177787,-23.1023380889999 -70.412410006,-23.102461626 -70.4158424199999,-23.1025989629999 -70.4168639759999,-23.100282735 -70.4181365479999,-23.097468313 -70.4185913109999,-23.0963483369999 -70.4173651579999,-23.0952544579999 -70.416352359,-23.094204959 -70.417020629,-23.093538548 -70.417351883,-23.0931383779999</coordinates></LineString>
  </Placemark>
  <Placemark id="lineas_sing.22">
	<name>CHACAYA MOLYCOP</name>
	<Style><LineStyle><color>ff0000ff</color></LineStyle><PolyStyle><fill>0</fill></PolyStyle></Style>
	<ExtendedData><SchemaData schemaUrl="#lineas_sing">
		<SimpleData name="OBJECTID">22</SimpleData>
		<SimpleData name="gml_id">lt_sing_1c966bdb_e893_4b2d_b52e_5945a9a8a68b.134</SimpleData>
		<SimpleData name="layer">Unknown Line Type</SimpleData>
		<SimpleData name="elevation">0</SimpleData>
		<SimpleData name="nombre">CHACAYA MOLYCOP</SimpleData>
		<SimpleData name="circuito">C1</SimpleData>
		<SimpleData name="tipo">S/I</SimpleData>
		<SimpleData name="f_operacio">S/I</SimpleData>
		<SimpleData name="long_km">0.796157970719</SimpleData>
		<SimpleData name="tramo">CHACAYA MOLYCOP</SimpleData>
		<SimpleData name="propiedad">MOLY-COP</SimpleData>
		<SimpleData name="tension_kv">23</SimpleData>
		<SimpleData name="rca">S/I</SimpleData>
		<SimpleData name="sist_elect">SING</SimpleData>
		<SimpleData name="estado">EN OPERACION</SimpleData>
		<SimpleData name="region">REGION DE ANTOFAGASTA</SimpleData>
		<SimpleData name="provincia">ANTOFAGASTA</SimpleData>
		<SimpleData name="comuna">MEJILLONES</SimpleData>
		<SimpleData name="fuente_bas">CNE</SimpleData>
		<SimpleData name="fech_crea">02-12-2014</SimpleData>
		<SimpleData name="fech_act">20/12/2016</SimpleData>
		<SimpleData name="Shape_Leng">0.007612276194547</SimpleData>
	</SchemaData></ExtendedData>
      <LineString><coordinates>-70.402765184,-23.08799628 -70.40349338,-23.088385113 -70.406260145,-23.089798742 -70.409003462,-23.091192994 -70.409291077,-23.09066358</coordinates></LineString>
  </Placemark>
  <Placemark id="lineas_sing.23">
	<name>LABERINTO - NUEVA ZALDIVAR</name>
	<Style><LineStyle><color>ff0000ff</color></LineStyle><PolyStyle><fill>0</fill></PolyStyle></Style>
	<ExtendedData><SchemaData schemaUrl="#lineas_sing">
		<SimpleData name="OBJECTID">23</SimpleData>
		<SimpleData name="gml_id">lt_sing_1c966bdb_e893_4b2d_b52e_5945a9a8a68b.135</SimpleData>
		<SimpleData name="layer">Unknown Line Type</SimpleData>
		<SimpleData name="elevation">0</SimpleData>
		<SimpleData name="nombre">LABERINTO - NUEVA ZALDIVAR</SimpleData>
		<SimpleData name="circuito">C1</SimpleData>
		<SimpleData name="tipo">S/I</SimpleData>
		<SimpleData name="f_operacio">S/I</SimpleData>
		<SimpleData name="long_km">89.5978424593</SimpleData>
		<SimpleData name="tramo">LABERINTO - NUEVA ZALDIVAR</SimpleData>
		<SimpleData name="propiedad">MINERA ZALDIVAR</SimpleData>
		<SimpleData name="tension_kv">23</SimpleData>
		<SimpleData name="rca">S/I</SimpleData>
		<SimpleData name="sist_elect">SING</SimpleData>
		<SimpleData name="estado">EN OPERACION</SimpleData>
		<SimpleData name="region">REGION DE ANTOFAGASTA</SimpleData>
		<SimpleData name="provincia">ANTOFAGASTA</SimpleData>
		<SimpleData name="comuna">ANTOFAGASTA</SimpleData>
		<SimpleData name="fuente_bas">CNE</SimpleData>
		<SimpleData name="fech_crea">02-12-2014</SimpleData>
		<SimpleData name="fech_act">20/12/2016</SimpleData>
		<SimpleData name="Shape_Leng">0.8250052843148</SimpleData>
	</SchemaData></ExtendedData>
      <LineString><coordinates>-69.065845473,-24.1625938989999 -69.065869198,-24.161469138 -69.065991594,-24.158338167 -69.069078189,-24.1117991799999 -69.211612541,-23.9246090889999 -69.289717632,-23.8217472969999 -69.389037593,-23.657586512 -69.3902981909999,-23.536845339 -69.418441485,-23.4705397349999 -69.418760901,-23.455985558 -69.411619956,-23.4483317479999</coordinates></LineString>
  </Placemark>
  <Placemark id="lineas_sing.24">
	<name>TAP OFF ENLACE ANTUCOYA - ANTUCOYA</name>
	<Style><LineStyle><color>ff0000ff</color></LineStyle><PolyStyle><fill>0</fill></PolyStyle></Style>
	<ExtendedData><SchemaData schemaUrl="#lineas_sing">
		<SimpleData name="OBJECTID">24</SimpleData>
		<SimpleData name="gml_id">lt_sing_1c966bdb_e893_4b2d_b52e_5945a9a8a68b.136</SimpleData>
		<SimpleData name="layer">Unknown Line Type</SimpleData>
		<SimpleData name="elevation">0</SimpleData>
		<SimpleData name="nombre">TAP OFF ENLACE ANTUCOYA - ANTUCOYA</SimpleData>
		<SimpleData name="circuito">C1</SimpleData>
		<SimpleData name="tipo">S/I</SimpleData>
		<SimpleData name="f_operacio">S/I</SimpleData>
		<SimpleData name="long_km">13.868930612</SimpleData>
		<SimpleData name="tramo">TAP OFF ENLACE ANTUCOYA - ANTUCOYA</SimpleData>
		<SimpleData name="propiedad">MINERA ANTUCOYA</SimpleData>
		<SimpleData name="tension_kv">220</SimpleData>
		<SimpleData name="rca">S/I</SimpleData>
		<SimpleData name="sist_elect">SING</SimpleData>
		<SimpleData name="estado">EN OPERACION</SimpleData>
		<SimpleData name="region">REGION DE ANTOFAGASTA</SimpleData>
		<SimpleData name="provincia">TOCOPILLA</SimpleData>
		<SimpleData name="comuna">MARIA ELENA</SimpleData>
		<SimpleData name="fuente_bas">CNE</SimpleData>
		<SimpleData name="fech_crea">02-12-2014</SimpleData>
		<SimpleData name="fech_act">20/12/2016</SimpleData>
		<SimpleData name="Shape_Leng">0.128246659913271</SimpleData>
	</SchemaData></ExtendedData>
      <LineString><coordinates>-69.872641059,-22.7075578299999 -69.872418018,-22.7067270599999 -69.871954436,-22.705441333 -69.871458474,-22.7040657909999 -69.870903933,-22.702527747 -69.8706134989999,-22.700947582 -69.87046552,-22.699651252 -69.870318133,-22.6983601379999 -69.8701703419999,-22.6970654209999 -69.8700201629999,-22.695749705 -69.8698704,-22.6944376619999 -69.8692886969999,-22.692993654 -69.8687723149999,-22.691711789 -69.868342808,-22.69064556 -69.8677348809999,-22.689136369 -69.8675482089999,-22.688011698 -69.867360456,-22.686880526 -69.867096432,-22.6852898299999 -69.867221219,-22.6840401699999 -69.86734624,-22.682788172 -69.867439113,-22.681858028 -69.8675327619999,-22.680920111 -69.867614523,-22.6801012409999 -69.867676038,-22.679485181 -69.867862213,-22.6785793459999 -69.8680921169999,-22.6774606979999 -69.868330922,-22.6762987659999 -69.8683969369999,-22.6750890499999 -69.868462961,-22.6738793329999 -69.868528955,-22.6726695909999 -69.868295358,-22.671361121 -69.8680634409999,-22.670051551 -69.8678098,-22.6686250659999 -69.867657422,-22.6677680449999 -69.867414422,-22.6664013339999 -69.867172038,-22.6650380889999 -69.867036678,-22.6642767449999 -69.866943415,-22.6637521649999 -69.8667292329999,-22.662547478 -69.866725348,-22.661554091 -69.866721431,-22.6605522359999 -69.866485428,-22.6593083659999 -69.866285921,-22.658256863 -69.8661697749999,-22.6576446889999 -69.865538734,-22.6563711809999 -69.8653178329999,-22.6549064189999 -69.864958351,-22.653824517 -69.863897519,-22.653092279 -69.862928547,-22.6532537169999 -69.861791841,-22.653443083 -69.8608648009999,-22.6539799019999 -69.8599377319999,-22.6545165909999 -69.8590106469999,-22.655053282 -69.858181224,-22.655365731 -69.856802234,-22.655885379 -69.8554332099999,-22.65548818 -69.854003349,-22.6550733289999 -69.8524417739999,-22.654620262 -69.8512096819999,-22.6542627159999 -69.850165757,-22.653959812 -69.848912411,-22.6535961349999 -69.848002755,-22.652961358 -69.847093119,-22.652326576 -69.846183481,-22.651691789 -69.8452738509999,-22.651056997 -69.844384417,-22.6504362759999 -69.84381953,-22.649401245 -69.8432546499999,-22.6483662219999 -69.842689779,-22.647331187 -69.8423280219999,-22.6461313959999 -69.8419662709999,-22.644931603 -69.841565206,-22.643601394 -69.841177258,-22.6423146499999 -69.840837802,-22.6411887539999 -69.8404983619999,-22.640062858 -69.8401585,-22.63893558 -69.838740308,-22.638110215 -69.8372911659999,-22.6372668229999 -69.836306077,-22.6366934399999 -69.835356159,-22.6364116079999 -69.834233932,-22.63548745 -69.8327589739999,-22.6346289489999 -69.83187005,-22.6332417699999 -69.831003935,-22.631891246 -69.830147757,-22.630556175 -69.8295352169999,-22.629601024 -69.8290854749999,-22.628899664 -69.8295444519999,-22.627908616 -69.8302301849999,-22.626427935 -69.8309111629999,-22.6249574569999 -69.8313818139999,-22.6239411629999 -69.8319959,-22.6226150799999 -69.832566545,-22.6213828039999 -69.833310822,-22.620549603 -69.834086794,-22.619680923 -69.834808257,-22.618873251 -69.835515931,-22.6180810079999 -69.836136691,-22.617386052 -69.8366953679999,-22.616760583 -69.837328278,-22.6160520019999 -69.838630337,-22.615170506 -69.8399729619999,-22.6142615119999 -69.8407637029999,-22.6137261559999 -69.842316425,-22.613660121 -69.84387564,-22.6135937889999</coordinates></LineString>
  </Placemark>
  <Placemark id="lineas_sing.25">
	<name>TAP OFF QUIANI - ARICA</name>
	<Style><LineStyle><color>ff0000ff</color></LineStyle><PolyStyle><fill>0</fill></PolyStyle></Style>
	<ExtendedData><SchemaData schemaUrl="#lineas_sing">
		<SimpleData name="OBJECTID">25</SimpleData>
		<SimpleData name="gml_id">lt_sing_1c966bdb_e893_4b2d_b52e_5945a9a8a68b.137</SimpleData>
		<SimpleData name="layer">Unknown Line Type</SimpleData>
		<SimpleData name="elevation">0</SimpleData>
		<SimpleData name="nombre">TAP OFF QUIANI - ARICA</SimpleData>
		<SimpleData name="circuito">C1</SimpleData>
		<SimpleData name="tipo">S/I</SimpleData>
		<SimpleData name="f_operacio">S/I</SimpleData>
		<SimpleData name="long_km">4.30373363603</SimpleData>
		<SimpleData name="tramo">TAP OFF QUIANI - ARICA</SimpleData>
		<SimpleData name="propiedad">EMELARI</SimpleData>
		<SimpleData name="tension_kv">66</SimpleData>
		<SimpleData name="rca">S/I</SimpleData>
		<SimpleData name="sist_elect">SING</SimpleData>
		<SimpleData name="estado">EN OPERACION</SimpleData>
		<SimpleData name="region">REGION DE ARICA Y PARINACOTA</SimpleData>
		<SimpleData name="provincia">IQUIQUE</SimpleData>
		<SimpleData name="comuna">IQUIQUE</SimpleData>
		<SimpleData name="fuente_bas">CNE</SimpleData>
		<SimpleData name="fech_crea">02-12-2014</SimpleData>
		<SimpleData name="fech_act">20/12/2016</SimpleData>
		<SimpleData name="Shape_Leng">0.039501518215347</SimpleData>
	</SchemaData></ExtendedData>
      <LineString><coordinates>-70.284675651,-18.4571359569999 -70.2821934849999,-18.45700998 -70.2799926769999,-18.4569566939999 -70.279609286,-18.4581249729999 -70.279332789,-18.460274617 -70.279108432,-18.4619143199999 -70.279005513,-18.462782505 -70.278937927,-18.463463931 -70.279075499,-18.466260124 -70.278260672,-18.4681539059999 -70.2780850459999,-18.469279012 -70.2779809899999,-18.4703741939999 -70.280905866,-18.472258853 -70.282368746,-18.47314406 -70.2826119919999,-18.474650789 -70.283380799,-18.4783501919999 -70.284451469,-18.484363537 -70.284610097,-18.4845927179999 -70.2861959969999,-18.4847658639999 -70.287491957,-18.4849296949999 -70.288400127,-18.485053524 -70.288709723,-18.4853144099999</coordinates></LineString>
  </Placemark>
  <Placemark id="lineas_sing.26">
	<name>NORGENER - CRUCERO</name>
	<Style><LineStyle><color>ff0000ff</color></LineStyle><PolyStyle><fill>0</fill></PolyStyle></Style>
	<ExtendedData><SchemaData schemaUrl="#lineas_sing">
		<SimpleData name="OBJECTID">26</SimpleData>
		<SimpleData name="gml_id">lt_sing_1c966bdb_e893_4b2d_b52e_5945a9a8a68b.140</SimpleData>
		<SimpleData name="layer">Unknown Line Type</SimpleData>
		<SimpleData name="elevation">0</SimpleData>
		<SimpleData name="nombre">NORGENER - CRUCERO</SimpleData>
		<SimpleData name="circuito">C2</SimpleData>
		<SimpleData name="tipo">S/I</SimpleData>
		<SimpleData name="f_operacio">S/I</SimpleData>
		<SimpleData name="long_km">71.1627747015</SimpleData>
		<SimpleData name="tramo">NORGENER - CRUCERO</SimpleData>
		<SimpleData name="propiedad">AES GENER</SimpleData>
		<SimpleData name="tension_kv">220</SimpleData>
		<SimpleData name="rca">S/I</SimpleData>
		<SimpleData name="sist_elect">SING</SimpleData>
		<SimpleData name="estado">EN OPERACION</SimpleData>
		<SimpleData name="region">REGION DE ANTOFAGASTA</SimpleData>
		<SimpleData name="provincia">TOCOPILLA</SimpleData>
		<SimpleData name="comuna">MARIA ELENA</SimpleData>
		<SimpleData name="fuente_bas">CNE</SimpleData>
		<SimpleData name="fech_crea">02-12-2014</SimpleData>
		<SimpleData name="fech_act">20/12/2016</SimpleData>
		<SimpleData name="Shape_Leng">0.68462488163223</SimpleData>
	</SchemaData></ExtendedData>
      <LineString><coordinates>-70.211109988,-22.0972403499999 -70.211195023,-22.097424141 -70.210766921,-22.097958056 -70.210403688,-22.0984449499999 -70.211374024,-22.099176354 -70.211204209,-22.099557128 -70.209311429,-22.100622544 -70.2042661569999,-22.1009859239999 -70.198181392,-22.101300156 -70.1970136209999,-22.102677276 -70.190831885,-22.1067538409999 -70.188148305,-22.1084516939999 -70.185248025,-22.110322265 -70.1839070299999,-22.111186405 -70.179568054,-22.114018701 -70.1754307259999,-22.1166736549999 -70.171428636,-22.1192316949999 -70.166609286,-22.1211889849999 -70.160856091,-22.123317054 -70.157285051,-22.1255763679999 -70.154077367,-22.1276231209999 -70.151293799,-22.1293373569999 -70.149314685,-22.1305486549999 -70.144754065,-22.133393972 -70.1405026159999,-22.135989169 -70.138130137,-22.137469783 -70.135718068,-22.1383976119999 -70.1304396789999,-22.1403847779999 -70.12656211,-22.1418748159999 -70.122702906,-22.14331985 -70.120619913,-22.1441310769999 -70.1150088489999,-22.14623947 -70.1124777859999,-22.147256448 -70.108886468,-22.148603055 -70.105047839,-22.150054234 -70.101514782,-22.151386246 -70.098765245,-22.1524471459999 -70.095633092,-22.1536050999999 -70.092330523,-22.154889805 -70.0879934989999,-22.156509489 -70.0839577469999,-22.158029368 -70.079838845,-22.1595720569999 -70.075773453,-22.161151901 -70.071640434,-22.162686535 -70.0675275569999,-22.164235699 -70.0635749749999,-22.165735307 -70.059836181,-22.167138252 -70.0555201139999,-22.1687643989999 -70.051239714,-22.170400279 -70.0475402709999,-22.1717826839999 -70.043504277,-22.1732860129999 -70.040501631,-22.174422474 -70.037224494,-22.175665388 -70.034196171,-22.17679773 -70.029267321,-22.178691681 -70.024255044,-22.1805676819999 -70.0205327259999,-22.181997408 -70.016380888,-22.1834636359999 -70.013161657,-22.1846841079999 -70.00905312,-22.186215369 -70.005757557,-22.187478352 -70.002139589,-22.1888429649999 -69.999882789,-22.1896704069999 -69.99783959,-22.1913310919999 -69.9948450539999,-22.1936695639999 -69.991657515,-22.1961923439999 -69.989401496,-22.1979506819999 -69.987233534,-22.1996371189999 -69.9833414289999,-22.2014118439999 -69.9799633279999,-22.202980902 -69.975612575,-22.204964837 -69.9717627649999,-22.206718247 -69.967393993,-22.2087183899999 -69.963466636,-22.2104916179999 -69.9597868,-22.212182877 -69.9559995289999,-22.2139079419999 -69.951945686,-22.2157602569999 -69.948281299,-22.217442008 -69.9448579359999,-22.2189896969999 -69.941805288,-22.220388538 -69.937704859,-22.222271865 -69.9342731899999,-22.223841691 -69.93029503,-22.2256372099999 -69.9264644099999,-22.2274116629999 -69.922527983,-22.229198169 -69.9187098479999,-22.230958033 -69.9146265589999,-22.232799186 -69.910637906,-22.2346325899999 -69.906293879,-22.236607691 -69.9023430509999,-22.238413178 -69.898590333,-22.240133037 -69.895185306,-22.2416872159999 -69.891305084,-22.2434604549999 -69.8877217479999,-22.2450761919999 -69.884357945,-22.246616967 -69.880585637,-22.248332675 -69.840648057,-22.266851403 -69.719317626,-22.282605239 -69.5949139639999,-22.276047897 -69.569202928,-22.275467448</coordinates></LineString>
  </Placemark>
  <Placemark id="lineas_sing.27">
	<name>ANDES - LABERINTO</name>
	<Style><LineStyle><color>ff0000ff</color></LineStyle><PolyStyle><fill>0</fill></PolyStyle></Style>
	<ExtendedData><SchemaData schemaUrl="#lineas_sing">
		<SimpleData name="OBJECTID">27</SimpleData>
		<SimpleData name="gml_id">lt_sing_1c966bdb_e893_4b2d_b52e_5945a9a8a68b.141</SimpleData>
		<SimpleData name="layer">Unknown Line Type</SimpleData>
		<SimpleData name="elevation">0</SimpleData>
		<SimpleData name="nombre">ANDES - LABERINTO</SimpleData>
		<SimpleData name="circuito">C1</SimpleData>
		<SimpleData name="tipo">S/I</SimpleData>
		<SimpleData name="f_operacio">S/I</SimpleData>
		<SimpleData name="long_km">122.996235791</SimpleData>
		<SimpleData name="tramo">ANDES - LABERINTO</SimpleData>
		<SimpleData name="propiedad">AES GENER</SimpleData>
		<SimpleData name="tension_kv">220</SimpleData>
		<SimpleData name="rca">S/I</SimpleData>
		<SimpleData name="sist_elect">SING</SimpleData>
		<SimpleData name="estado">EN OPERACION</SimpleData>
		<SimpleData name="region">REGION DE ANTOFAGASTA</SimpleData>
		<SimpleData name="provincia">ANTOFAGASTA</SimpleData>
		<SimpleData name="comuna">SIERRA GORDA</SimpleData>
		<SimpleData name="fuente_bas">CNE</SimpleData>
		<SimpleData name="fech_crea">02-12-2014</SimpleData>
		<SimpleData name="fech_act">20/12/2016</SimpleData>
		<SimpleData name="Shape_Leng">1.17233956019197</SimpleData>
	</SchemaData></ExtendedData>
      <LineString><coordinates>-68.5876843089999,-24.015060078 -68.623729011,-23.9892871559999 -68.61555155,-23.912730355 -68.6141364599999,-23.89984513 -68.610144525,-23.876507294 -68.603772523,-23.841144749 -68.6088450829999,-23.8149592779999 -68.6126630759999,-23.7957294249999 -68.6130895869999,-23.7934357299999 -68.6183831879999,-23.7128670889999 -68.619796841,-23.6910694059999 -68.621473,-23.6903347219999 -68.635064297,-23.685393446 -68.6674191669999,-23.6747684869999 -68.673196648,-23.673260753 -68.684023753,-23.670788972 -68.687977367,-23.669900323 -68.6921759649999,-23.6690882239999 -68.6997880339999,-23.6674661349999 -68.7076074239999,-23.6657012919999 -68.71108221,-23.664933311 -68.71474251,-23.664248824 -68.72835405,-23.6613611079999 -68.742548766,-23.6584567099999 -68.7527469629999,-23.656187104 -68.7630435889999,-23.653782179 -68.7784856649999,-23.649451078 -68.7920578809999,-23.644563811 -68.805898234,-23.63971665 -68.819540182,-23.634944424 -68.8350315499999,-23.6294317049999 -68.859333982,-23.620748259 -68.88018941,-23.613422871 -68.909447922,-23.6029955569999 -68.9316354269999,-23.5951024669999 -68.941827425,-23.591785231 -68.956127381,-23.5867358099999 -68.980696311,-23.576810985 -68.990556327,-23.5721643599999 -69.0033407029999,-23.5659588299999 -69.022622569,-23.556719385 -69.036089439,-23.550461206 -69.0441647329999,-23.546241046 -69.060920852,-23.5406824959999 -69.067178349,-23.5389105739999 -69.080655335,-23.5355573909999 -69.1013954279999,-23.5303179229999 -69.114157781,-23.5272339699999 -69.1346672449999,-23.52157642 -69.155232575,-23.5153790279999 -69.178125039,-23.50838397 -69.197986907,-23.5022849549999 -69.2272908149999,-23.494290275 -69.237439608,-23.4918757739999 -69.247860041,-23.489382314 -69.258287517,-23.486785794 -69.344117223,-23.4682173649999 -69.3516661369999,-23.465686569 -69.3582496069999,-23.463511694 -69.372289086,-23.4584460409999 -69.396176071,-23.4520635599999 -69.405820804,-23.4491493699999 -69.408524486,-23.4481282049999</coordinates></LineString>
  </Placemark>
  <Placemark id="lineas_sing.28">
	<name>ANGAMOS - ESTACION DE BOMBEO SIERRA GORDA N 1</name>
	<Style><LineStyle><color>ff0000ff</color></LineStyle><PolyStyle><fill>0</fill></PolyStyle></Style>
	<ExtendedData><SchemaData schemaUrl="#lineas_sing">
		<SimpleData name="OBJECTID">28</SimpleData>
		<SimpleData name="gml_id">lt_sing_1c966bdb_e893_4b2d_b52e_5945a9a8a68b.142</SimpleData>
		<SimpleData name="layer">Unknown Line Type</SimpleData>
		<SimpleData name="elevation">0</SimpleData>
		<SimpleData name="nombre">ANGAMOS - ESTACION DE BOMBEO SIERRA GORDA N 1</SimpleData>
		<SimpleData name="circuito">C1</SimpleData>
		<SimpleData name="tipo">S/I</SimpleData>
		<SimpleData name="f_operacio">S/I</SimpleData>
		<SimpleData name="long_km">9.12151748561</SimpleData>
		<SimpleData name="tramo">ANGAMOS - ESTACION DE BOMBEO SIERRA GORDA N 1</SimpleData>
		<SimpleData name="propiedad">TRANSMISORA BAQUEDANO</SimpleData>
		<SimpleData name="tension_kv">220</SimpleData>
		<SimpleData name="rca">S/I</SimpleData>
		<SimpleData name="sist_elect">SING</SimpleData>
		<SimpleData name="estado">EN OPERACION</SimpleData>
		<SimpleData name="region">REGION DE ANTOFAGASTA</SimpleData>
		<SimpleData name="provincia">ANTOFAGASTA</SimpleData>
		<SimpleData name="comuna">MEJILLONES</SimpleData>
		<SimpleData name="fuente_bas">CNE</SimpleData>
		<SimpleData name="fech_crea">02-12-2014</SimpleData>
		<SimpleData name="fech_act">20/12/2016</SimpleData>
		<SimpleData name="Shape_Leng">0.087517006335893</SimpleData>
	</SchemaData></ExtendedData>
      <LineString><coordinates>-70.361065401,-23.0646181929999 -70.342526779,-23.080000421 -70.342931278,-23.081933701 -70.344564846,-23.082671762 -70.359737787,-23.087239984 -70.362313795,-23.088071127 -70.3846237129999,-23.0960274289999 -70.3904748429999,-23.0970137049999 -70.399352549,-23.099273776 -70.399836764,-23.100244393 -70.398917653,-23.1010798999999</coordinates></LineString>
  </Placemark>
  <Placemark id="lineas_sing.29">
	<name>TAP OESTE - MINSAL</name>
	<Style><LineStyle><color>ff0000ff</color></LineStyle><PolyStyle><fill>0</fill></PolyStyle></Style>
	<ExtendedData><SchemaData schemaUrl="#lineas_sing">
		<SimpleData name="OBJECTID">29</SimpleData>
		<SimpleData name="gml_id">lt_sing_1c966bdb_e893_4b2d_b52e_5945a9a8a68b.143</SimpleData>
		<SimpleData name="layer">Unknown Line Type</SimpleData>
		<SimpleData name="elevation">0</SimpleData>
		<SimpleData name="nombre">TAP OESTE - MINSAL</SimpleData>
		<SimpleData name="circuito">C1</SimpleData>
		<SimpleData name="tipo">S/I</SimpleData>
		<SimpleData name="f_operacio">S/I</SimpleData>
		<SimpleData name="long_km">33.3775897027</SimpleData>
		<SimpleData name="tramo">TAP OESTE - MINSAL</SimpleData>
		<SimpleData name="propiedad">AES GENER</SimpleData>
		<SimpleData name="tension_kv">110</SimpleData>
		<SimpleData name="rca">S/I</SimpleData>
		<SimpleData name="sist_elect">SING</SimpleData>
		<SimpleData name="estado">EN OPERACION</SimpleData>
		<SimpleData name="region">REGION DE ANTOFAGASTA</SimpleData>
		<SimpleData name="provincia">EL LOA</SimpleData>
		<SimpleData name="comuna">SAN PEDRO DE ATACAMA</SimpleData>
		<SimpleData name="fuente_bas">CNE</SimpleData>
		<SimpleData name="fech_crea">02-12-2014</SimpleData>
		<SimpleData name="fech_act">20/12/2016</SimpleData>
		<SimpleData name="Shape_Leng">0.315413552092751</SimpleData>
	</SchemaData></ExtendedData>
      <LineString><coordinates>-68.3997308099999,-23.5168750669999 -68.39990941,-23.516903058 -68.402676239,-23.517122603 -68.405493028,-23.517358461 -68.4081815929999,-23.5179790769999 -68.41074553,-23.518548784 -68.413569727,-23.5191967219999 -68.416443035,-23.519845361 -68.4192931169999,-23.5205022019999 -68.422180972,-23.521154124 -68.42498019,-23.521804087 -68.4278247399999,-23.52244975 -68.4306882719999,-23.523097375 -68.433529458,-23.523744042 -68.436387697,-23.5243868229999 -68.4392296999999,-23.525037255 -68.4419453799999,-23.525655209 -68.444665616,-23.5262781339999 -68.447562838,-23.5269311979999 -68.4503885779999,-23.5275792739999 -68.4532300669999,-23.528227455 -68.456094696,-23.528875795 -68.458947262,-23.529523356 -68.4617993969999,-23.5301830139999 -68.464652292,-23.530821874 -68.4675104149999,-23.531472181 -68.470377646,-23.532122264 -68.473225337,-23.5327726099999 -68.476080367,-23.5334202449999 -68.478932836,-23.5340767619999 -68.4817878599999,-23.53472865 -68.4845146929999,-23.535345584 -68.487217732,-23.535970162 -68.490113553,-23.536622101 -68.492933904,-23.537263937 -68.4958000239999,-23.537912661 -68.4986418729999,-23.5385581899999 -68.5015029589999,-23.539208983 -68.50433658,-23.5398606869999 -68.507190672,-23.5405017329999 -68.510032022,-23.541151795 -68.512874919,-23.541788305 -68.515959715,-23.5424898489999 -68.51932248,-23.543252045 -68.521917158,-23.5438658269999 -68.5244130199999,-23.5444444149999 -68.526797852,-23.544988909 -68.52930493,-23.545333985 -68.531822265,-23.545667582 -68.53402284,-23.5459609179999 -68.536559537,-23.546285347 -68.540404699,-23.5467861929999 -68.543301631,-23.5471851359999 -68.546226475,-23.54757962 -68.5492206019999,-23.547989108 -68.5522187989999,-23.548404981 -68.55512163,-23.5487908809999 -68.55787959,-23.5491668879999 -68.558798033,-23.551258388 -68.559780339,-23.5535163019999 -68.5608943409999,-23.556029817 -68.5619716739999,-23.5585148289999 -68.562985692,-23.561058562 -68.568611941,-23.574164229 -68.571704138,-23.581065994 -68.573091338,-23.58378419 -68.578594069,-23.596456093 -68.581655116,-23.603361354 -68.585115179,-23.610945605 -68.589121478,-23.6201746309999 -68.594823912,-23.633473405 -68.5992524059999,-23.64362597 -68.605629135,-23.658065216 -68.612267021,-23.673687217 -68.615348298,-23.6806131339999 -68.61864507,-23.6881126389999 -68.619522859,-23.690123905</coordinates></LineString>
  </Placemark>
  <Placemark id="lineas_sing.30">
	<name>CRUCERO - EL ABRA</name>
	<Style><LineStyle><color>ff0000ff</color></LineStyle><PolyStyle><fill>0</fill></PolyStyle></Style>
	<ExtendedData><SchemaData schemaUrl="#lineas_sing">
		<SimpleData name="OBJECTID">30</SimpleData>
		<SimpleData name="gml_id">lt_sing_1c966bdb_e893_4b2d_b52e_5945a9a8a68b.144</SimpleData>
		<SimpleData name="layer">Unknown Line Type</SimpleData>
		<SimpleData name="elevation">0</SimpleData>
		<SimpleData name="nombre">CRUCERO - EL ABRA</SimpleData>
		<SimpleData name="circuito">C1</SimpleData>
		<SimpleData name="tipo">S/I</SimpleData>
		<SimpleData name="f_operacio">S/I</SimpleData>
		<SimpleData name="long_km">0.000280742818488</SimpleData>
		<SimpleData name="tramo">CRUCERO - EL ABRA</SimpleData>
		<SimpleData name="propiedad">ABENOR</SimpleData>
		<SimpleData name="tension_kv">220</SimpleData>
		<SimpleData name="rca">S/I</SimpleData>
		<SimpleData name="sist_elect">SING</SimpleData>
		<SimpleData name="estado">EN OPERACION</SimpleData>
		<SimpleData name="region">REGION DE ANTOFAGASTA</SimpleData>
		<SimpleData name="provincia">EL LOA</SimpleData>
		<SimpleData name="comuna">CALAMA</SimpleData>
		<SimpleData name="fuente_bas">CNE</SimpleData>
		<SimpleData name="fech_crea">02-12-2014</SimpleData>
		<SimpleData name="fech_act">20/12/2016</SimpleData>
		<SimpleData name="Shape_Leng">2.713925034e-06</SimpleData>
	</SchemaData></ExtendedData>
      <LineString><coordinates>-68.776208789,-21.993394171 -68.776211464,-21.993394629</coordinates></LineString>
  </Placemark>
  <Placemark id="lineas_sing.31">
	<name>TAP OFF ENLACE ANTUCOYA - ANTUCOYA 100 KV</name>
	<Style><LineStyle><color>ff0000ff</color></LineStyle><PolyStyle><fill>0</fill></PolyStyle></Style>
	<ExtendedData><SchemaData schemaUrl="#lineas_sing">
		<SimpleData name="OBJECTID">31</SimpleData>
		<SimpleData name="gml_id">lt_sing_1c966bdb_e893_4b2d_b52e_5945a9a8a68b.145</SimpleData>
		<SimpleData name="layer">Unknown Line Type</SimpleData>
		<SimpleData name="elevation">0</SimpleData>
		<SimpleData name="nombre">TAP OFF ENLACE ANTUCOYA - ANTUCOYA 100 KV</SimpleData>
		<SimpleData name="circuito">C1</SimpleData>
		<SimpleData name="tipo">ADICIONAL</SimpleData>
		<SimpleData name="f_operacio">S/I</SimpleData>
		<SimpleData name="long_km">13.8689307815</SimpleData>
		<SimpleData name="tramo">T1,2, 3, 4, 5, 6, 7, 8, 9, 10, 11, 12, 13, 14, 15, 16, 17, 18, 19, 20, 21, 22, 23, 24, 25, 26, 27, 28, 29, 30, 31, 32, 33, 34, 35, 36, 37, 38, 39, 40, 41, 42, 43, 44, 45, 46, 47, 48, 51, 52, 53, 54, 55, 56, 57, 60, 61, 63, 65, 66, 67, 68, 69, 70, 71</SimpleData>
		<SimpleData name="propiedad">MINERA ANTUCOYA</SimpleData>
		<SimpleData name="tension_kv">110</SimpleData>
		<SimpleData name="rca">S/I</SimpleData>
		<SimpleData name="sist_elect">SING</SimpleData>
		<SimpleData name="estado">EN OPERACION</SimpleData>
		<SimpleData name="region">REGION DE ANTOFAGASTA</SimpleData>
		<SimpleData name="provincia">ANTOFAGASTA-TOCOPILLA</SimpleData>
		<SimpleData name="comuna">MARIA ELENA-MEJILLONES</SimpleData>
		<SimpleData name="fuente_bas">CNE</SimpleData>
		<SimpleData name="fech_crea">02-12-2014</SimpleData>
		<SimpleData name="fech_act">20/12/2016</SimpleData>
		<SimpleData name="Shape_Leng">0.128246661547673</SimpleData>
	</SchemaData></ExtendedData>
      <LineString><coordinates>-69.872641059,-22.7075578299999 -69.872418017,-22.7067270599999 -69.871954436,-22.705441332 -69.8714584749999,-22.7040657909999 -69.870903933,-22.7025277459999 -69.8706134989999,-22.700947582 -69.87046552,-22.699651251 -69.870318133,-22.6983601379999 -69.870170343,-22.697065422 -69.8700201629999,-22.695749705 -69.8698704,-22.6944376619999 -69.8692886979999,-22.692993655 -69.8687723149999,-22.691711789 -69.868342808,-22.69064556 -69.8677348809999,-22.6891363679999 -69.8675482089999,-22.688011698 -69.867360456,-22.686880527 -69.867096432,-22.6852898299999 -69.867221219,-22.6840401699999 -69.867346239,-22.682788172 -69.867439113,-22.681858029 -69.8675327619999,-22.680920112 -69.867614523,-22.680101242 -69.867676038,-22.679485181 -69.867862214,-22.6785793459999 -69.8680921169999,-22.6774606979999 -69.868330922,-22.6762987659999 -69.8683969369999,-22.6750890499999 -69.868462961,-22.6738793339999 -69.868528956,-22.6726695899999 -69.8682953589999,-22.671361121 -69.8680634409999,-22.670051552 -69.867809799,-22.6686250659999 -69.867657422,-22.6677680449999 -69.867414422,-22.6664013339999 -69.867172038,-22.6650380889999 -69.867036677,-22.6642767449999 -69.866943415,-22.6637521649999 -69.8667292329999,-22.662547478 -69.8667253469999,-22.661554091 -69.866721431,-22.6605522359999 -69.866485427,-22.6593083659999 -69.866285922,-22.658256863 -69.8661697749999,-22.6576446889999 -69.8655387329999,-22.6563711809999 -69.8653178339999,-22.6549064189999 -69.864958351,-22.653824517 -69.863897519,-22.653092279 -69.862928547,-22.653253718 -69.86179184,-22.6534430839999 -69.8608647999999,-22.6539799029999 -69.8599377319999,-22.6545165909999 -69.8590106469999,-22.655053283 -69.858181224,-22.655365731 -69.856802234,-22.655885379 -69.8554332099999,-22.655488181 -69.85400335,-22.6550733289999 -69.852441773,-22.654620262 -69.8512096809999,-22.6542627159999 -69.850165757,-22.653959812 -69.848912411,-22.6535961349999 -69.848002755,-22.652961358 -69.847093119,-22.652326576 -69.846183481,-22.651691789 -69.84527385,-22.651056997 -69.844384416,-22.6504362759999 -69.843819529,-22.649401245 -69.8432546499999,-22.6483662219999 -69.8426897799999,-22.647331188 -69.8423280219999,-22.6461313959999 -69.8419662709999,-22.644931603 -69.8415652049999,-22.643601394 -69.841177258,-22.6423146499999 -69.840837802,-22.641188755 -69.8404983619999,-22.640062858 -69.8401585,-22.63893558 -69.838740308,-22.638110215 -69.8372911659999,-22.6372668229999 -69.836306078,-22.6366934399999 -69.835356159,-22.6364116079999 -69.834233932,-22.63548745 -69.8327589739999,-22.6346289489999 -69.83187005,-22.6332417699999 -69.831003935,-22.631891246 -69.830147757,-22.630556175 -69.8295352169999,-22.629601024 -69.829085474,-22.6288996649999 -69.8295444519999,-22.6279086169999 -69.8302301849999,-22.626427935 -69.8309111629999,-22.6249574569999 -69.831381815,-22.6239411629999 -69.8319959,-22.622615079 -69.832566545,-22.6213828039999 -69.8333108209999,-22.620549603 -69.834086795,-22.619680923 -69.834808257,-22.618873251 -69.835515932,-22.6180810079999 -69.836136691,-22.617386052 -69.8366953679999,-22.616760583 -69.837328278,-22.6160520019999 -69.838630337,-22.615170506 -69.8399729619999,-22.6142615119999 -69.840763704,-22.6137261559999 -69.842316425,-22.613660121 -69.84387564,-22.6135937889999</coordinates></LineString>
  </Placemark>
  <Placemark id="lineas_sing.32">
	<name>TAP OFF PAMPA LINA - SIERRA GORDA ETAPA 1 220KV</name>
	<Style><LineStyle><color>ff0000ff</color></LineStyle><PolyStyle><fill>0</fill></PolyStyle></Style>
	<ExtendedData><SchemaData schemaUrl="#lineas_sing">
		<SimpleData name="OBJECTID">32</SimpleData>
		<SimpleData name="gml_id">lt_sing_1c966bdb_e893_4b2d_b52e_5945a9a8a68b.150</SimpleData>
		<SimpleData name="layer">Unknown Line Type</SimpleData>
		<SimpleData name="elevation">0</SimpleData>
		<SimpleData name="nombre">TAP OFF PAMPA LINA - SIERRA GORDA ETAPA 1 220KV</SimpleData>
		<SimpleData name="circuito">C1</SimpleData>
		<SimpleData name="tipo">ADICIONAL</SimpleData>
		<SimpleData name="f_operacio">-99</SimpleData>
		<SimpleData name="long_km">12775.0206195</SimpleData>
		<SimpleData name="tramo">1,2,3,4,5,6,7,8,9,10,11,12,13,14,15,16,17,18,19,20,21,22,23,24,25,26,27,28,29,30,31,32,33,34,35,36</SimpleData>
		<SimpleData name="propiedad">SIERRA GORDA SCM</SimpleData>
		<SimpleData name="tension_kv">220</SimpleData>
		<SimpleData name="rca">S/I</SimpleData>
		<SimpleData name="sist_elect">SING</SimpleData>
		<SimpleData name="estado">EN OPERACION</SimpleData>
		<SimpleData name="region">REGION DE ANTOFAGASTA</SimpleData>
		<SimpleData name="provincia">ANTOFAGASTA</SimpleData>
		<SimpleData name="comuna">SIERRA GORDA</SimpleData>
		<SimpleData name="fuente_bas">CDEC SING</SimpleData>
		<SimpleData name="fech_crea">02-12-2014</SimpleData>
		<SimpleData name="fech_act">20/12/2016</SimpleData>
		<SimpleData name="Shape_Leng">0.119185671393209</SimpleData>
	</SchemaData></ExtendedData>
      <LineString><coordinates>-69.302091751,-22.799314758 -69.3040745879999,-22.8008621829999 -69.3066871889999,-22.80290109 -69.309354598,-22.8049826399999 -69.311682619,-22.80679922 -69.3141005479999,-22.808685915 -69.3146550289999,-22.8123029459999 -69.315306828,-22.8165536829999 -69.3158238,-22.8199255009999 -69.3163738339999,-22.823512464 -69.316097312,-22.8268287139999 -69.315778901,-22.830647509 -69.31547289,-22.834317955 -69.315147145,-22.838224684 -69.3148438489999,-22.8418607209999 -69.3145411959999,-22.8454904399999 -69.314235502,-22.849156098 -69.313926662,-22.8528593939999 -69.3136277569999,-22.8564424319999 -69.313344198,-22.859842175 -69.313093148,-22.862851416 -69.314576689,-22.864597639 -69.3167086839999,-22.8671073699999 -69.318870836,-22.8696523859999 -69.322774222,-22.8703640959999 -69.326835731,-22.871104445 -69.329772953,-22.871639842 -69.335257999,-22.8726393589999 -69.336515189,-22.872868432 -69.3393988729999,-22.873393844 -69.3428432599999,-22.8734980309999 -69.3456754809999,-22.8745372729999 -69.348667489,-22.875488553 -69.3539718379999,-22.877174795 -69.355445711,-22.877643371 -69.356739009,-22.8780543789999 -69.358180921,-22.8773251559999</coordinates></LineString>
  </Placemark>
  <Placemark id="lineas_sing.33">
	<name>VALLE DE LOS VIENTOS - CALAMA 110KV</name>
	<Style><LineStyle><color>ff0000ff</color></LineStyle><PolyStyle><fill>0</fill></PolyStyle></Style>
	<ExtendedData><SchemaData schemaUrl="#lineas_sing">
		<SimpleData name="OBJECTID">33</SimpleData>
		<SimpleData name="gml_id">lt_sing_1c966bdb_e893_4b2d_b52e_5945a9a8a68b.1</SimpleData>
		<SimpleData name="layer">Unknown Line Type</SimpleData>
		<SimpleData name="elevation">0</SimpleData>
		<SimpleData name="nombre">VALLE DE LOS VIENTOS - CALAMA 110KV</SimpleData>
		<SimpleData name="circuito">C1</SimpleData>
		<SimpleData name="tipo">ADICIONAL</SimpleData>
		<SimpleData name="f_operacio">2014</SimpleData>
		<SimpleData name="long_km">13.7026016577</SimpleData>
		<SimpleData name="tramo">VALLE DE LOS VIENTOS - CALAMA</SimpleData>
		<SimpleData name="propiedad">VALLE DE LOS VIENTOS</SimpleData>
		<SimpleData name="tension_kv">110</SimpleData>
		<SimpleData name="rca">S/I</SimpleData>
		<SimpleData name="sist_elect">SING</SimpleData>
		<SimpleData name="estado">EN OPERACION</SimpleData>
		<SimpleData name="region">REGION DE ANTOFAGASTA</SimpleData>
		<SimpleData name="provincia">EL LOA</SimpleData>
		<SimpleData name="comuna">CALAMA</SimpleData>
		<SimpleData name="fuente_bas">CNE</SimpleData>
		<SimpleData name="fech_crea">02-12-2014</SimpleData>
		<SimpleData name="fech_act">20/12/2016</SimpleData>
		<SimpleData name="Shape_Leng">0.130062475823369</SimpleData>
	</SchemaData></ExtendedData>
      <LineString><coordinates>-68.9236163529999,-22.4283283149999 -68.9223089829999,-22.428832335 -68.920146022,-22.429092727 -68.9166766389999,-22.4295102459999 -68.913496449,-22.429892975 -68.910316146,-22.430275641 -68.907135922,-22.430658244 -68.903955584,-22.4310407839999 -68.900775326,-22.431423262 -68.897594953,-22.4318056769999 -68.894414564,-22.432187938 -68.891234254,-22.432570228 -68.888053831,-22.432952455 -68.8848734869999,-22.4333346189999 -68.881693029,-22.4337167199999 -68.8781402499999,-22.432111705 -68.874413895,-22.430405295 -68.870200803,-22.4321318089999 -68.866073059,-22.4338235009999 -68.8662613,-22.435742945 -68.8663874229999,-22.436976832 -68.8661771239999,-22.438397445 -68.8657398829999,-22.4413507689999 -68.8653025259999,-22.44430418 -68.864737974,-22.4481170729999 -68.864356044,-22.4506961549999 -68.864021061,-22.4529585409999 -68.863821182,-22.454307878 -68.861769168,-22.456854908 -68.858661715,-22.45759355 -68.8555073699999,-22.458343382 -68.8533109909999,-22.45776024 -68.851124736,-22.4571796979999 -68.84660446,-22.459189242 -68.8446300799999,-22.4608032699999 -68.842367488,-22.4626528709999 -68.840026032,-22.464566775 -68.837988259,-22.466232512 -68.835726756,-22.4680809349999 -68.833608805,-22.4698120319999 -68.8314188959999,-22.4716017449999 -68.829134158,-22.473469021 -68.826944231,-22.4752586719999 -68.824747924,-22.4770534359999 -68.823649917,-22.4788545229999 -68.8236173669999,-22.4793800859999</coordinates></LineString>
  </Placemark>
  <Placemark id="lineas_sing.34">
	<name>TAP OFF NUEVA VICTORIA - LLAMARA 66KV</name>
	<Style><LineStyle><color>ff0000ff</color></LineStyle><PolyStyle><fill>0</fill></PolyStyle></Style>
	<ExtendedData><SchemaData schemaUrl="#lineas_sing">
		<SimpleData name="OBJECTID">34</SimpleData>
		<SimpleData name="gml_id">lt_sing_1c966bdb_e893_4b2d_b52e_5945a9a8a68b.11</SimpleData>
		<SimpleData name="layer">Unknown Line Type</SimpleData>
		<SimpleData name="elevation">0</SimpleData>
		<SimpleData name="nombre">TAP OFF NUEVA VICTORIA - LLAMARA 66KV</SimpleData>
		<SimpleData name="circuito">C1</SimpleData>
		<SimpleData name="tipo">ADICIONAL</SimpleData>
		<SimpleData name="f_operacio">2006</SimpleData>
		<SimpleData name="long_km">22.7935390707</SimpleData>
		<SimpleData name="tramo">TRAMO1 TO-LL / TRAMO 2 TO-LL / TRAMO 3 TO-LL / TRAMO 4 TO-LL / TRAMO 5 TO-LL</SimpleData>
		<SimpleData name="propiedad">SQM</SimpleData>
		<SimpleData name="tension_kv">66</SimpleData>
		<SimpleData name="rca">S/I</SimpleData>
		<SimpleData name="sist_elect">SING</SimpleData>
		<SimpleData name="estado">EN OPERACION</SimpleData>
		<SimpleData name="region">REGION DE TARAPACA</SimpleData>
		<SimpleData name="provincia">IQUIQUE</SimpleData>
		<SimpleData name="comuna">POZO ALMONTE</SimpleData>
		<SimpleData name="fuente_bas">CNE</SimpleData>
		<SimpleData name="fech_crea">02-12-2014</SimpleData>
		<SimpleData name="fech_act">20/12/2016</SimpleData>
		<SimpleData name="Shape_Leng">0.209237932868772</SimpleData>
	</SchemaData></ExtendedData>
      <LineString><coordinates>-69.671653737,-20.953296682 -69.645842962,-20.988100587 -69.642006674,-21.022403574 -69.6020667939999,-21.061952064 -69.5779303049999,-21.1302694149999 -69.5806188449999,-21.13073005</coordinates></LineString>
  </Placemark>
  <Placemark id="lineas_sing.35">
	<name>NUEVA ZALDIVAR - ESCONDIDA 220KV</name>
	<Style><LineStyle><color>ff0000ff</color></LineStyle><PolyStyle><fill>0</fill></PolyStyle></Style>
	<ExtendedData><SchemaData schemaUrl="#lineas_sing">
		<SimpleData name="OBJECTID">35</SimpleData>
		<SimpleData name="gml_id">lt_sing_1c966bdb_e893_4b2d_b52e_5945a9a8a68b.12</SimpleData>
		<SimpleData name="layer">Unknown Line Type</SimpleData>
		<SimpleData name="elevation">0</SimpleData>
		<SimpleData name="nombre">NUEVA ZALDIVAR - ESCONDIDA 220KV</SimpleData>
		<SimpleData name="circuito">C1</SimpleData>
		<SimpleData name="tipo">ADICIONAL</SimpleData>
		<SimpleData name="f_operacio">1994</SimpleData>
		<SimpleData name="long_km">13.84441685</SimpleData>
		<SimpleData name="tramo">NUEVA ZALDIVAR - ESCONDIDA</SimpleData>
		<SimpleData name="propiedad">MINERA ESCONDIDA</SimpleData>
		<SimpleData name="tension_kv">220</SimpleData>
		<SimpleData name="rca">S/I</SimpleData>
		<SimpleData name="sist_elect">SING</SimpleData>
		<SimpleData name="estado">EN OPERACION</SimpleData>
		<SimpleData name="region">REGION DE ANTOFAGASTA</SimpleData>
		<SimpleData name="provincia">ANTOFAGASTA</SimpleData>
		<SimpleData name="comuna">ANTOFAGASTA</SimpleData>
		<SimpleData name="fuente_bas">CNE</SimpleData>
		<SimpleData name="fech_crea">02-12-2014</SimpleData>
		<SimpleData name="fech_act">20/12/2016</SimpleData>
		<SimpleData name="Shape_Leng">0.129038975586814</SimpleData>
	</SchemaData></ExtendedData>
      <LineString><coordinates>-69.065555999,-24.164464902 -69.066592,-24.165229902 -69.069924,-24.1652239009999 -69.0719989999999,-24.167331901 -69.0742509999999,-24.1696559009999 -69.0752209999999,-24.1706489009999 -69.0777459999999,-24.1732339009999 -69.0795019999999,-24.175049901 -69.080789,-24.176351901 -69.084377,-24.180063901 -69.085120999,-24.181074902 -69.087298,-24.184053901 -69.089121,-24.186555902 -69.091469,-24.1898569009999 -69.0930049999999,-24.1919499009999 -69.094792,-24.194410902 -69.0964989999999,-24.196765902 -69.0972869999999,-24.200064902 -69.0977329999999,-24.201958901 -69.0981629999999,-24.203802901 -69.096729,-24.2073689009999 -69.095423,-24.2105669009999 -69.0947379999999,-24.2122519019999 -69.0936849999999,-24.214837901 -69.092415,-24.217963901 -69.091463,-24.220365901 -69.090625,-24.222507901 -69.089783,-24.224487901 -69.0892019999999,-24.2259879019999 -69.084103,-24.229202901 -69.0821309999999,-24.2304649009999 -69.079802,-24.2304889009999 -69.077437,-24.2304909009999 -69.075863,-24.2322459009999 -69.0743229999999,-24.234014901 -69.071177,-24.235006901 -69.0680839999999,-24.236038902 -69.0649349999999,-24.237003901 -69.06388,-24.240109901 -69.0628369999999,-24.2432079009999 -69.062055,-24.245426901 -69.0611729999999,-24.2480549009999 -69.060108,-24.2511799009999 -69.059309,-24.253553902 -69.060331,-24.255806901 -69.060097,-24.257805901 -69.0598919999999,-24.2601189009999</coordinates></LineString>
  </Placemark>
  <Placemark id="lineas_sing.36">
	<name>CONDORES - PACIFICO 110KV</name>
	<Style><LineStyle><color>ff0000ff</color></LineStyle><PolyStyle><fill>0</fill></PolyStyle></Style>
	<ExtendedData><SchemaData schemaUrl="#lineas_sing">
		<SimpleData name="OBJECTID">36</SimpleData>
		<SimpleData name="gml_id">lt_sing_1c966bdb_e893_4b2d_b52e_5945a9a8a68b.43</SimpleData>
		<SimpleData name="layer">Unknown Line Type</SimpleData>
		<SimpleData name="elevation">0</SimpleData>
		<SimpleData name="nombre">CONDORES - PACIFICO 110KV</SimpleData>
		<SimpleData name="circuito">C1</SimpleData>
		<SimpleData name="tipo">SUBTRANSMISION</SimpleData>
		<SimpleData name="f_operacio">2002</SimpleData>
		<SimpleData name="long_km">20.9575529581</SimpleData>
		<SimpleData name="tramo">CONDORES - PACIFICO</SimpleData>
		<SimpleData name="propiedad">EMEL</SimpleData>
		<SimpleData name="tension_kv">110</SimpleData>
		<SimpleData name="rca">S/I</SimpleData>
		<SimpleData name="sist_elect">SING</SimpleData>
		<SimpleData name="estado">EN OPERACION</SimpleData>
		<SimpleData name="region">REGION DE TARAPACA</SimpleData>
		<SimpleData name="provincia">IQUIQUE</SimpleData>
		<SimpleData name="comuna">ALTO HOSPICIO</SimpleData>
		<SimpleData name="fuente_bas">CNE</SimpleData>
		<SimpleData name="fech_crea">02-12-2014</SimpleData>
		<SimpleData name="fech_act">20/12/2016</SimpleData>
		<SimpleData name="Shape_Leng">0.195054952811846</SimpleData>
	</SchemaData></ExtendedData>
      <LineString><coordinates>-70.143882693,-20.2056963379999 -70.143776627,-20.205588607 -70.143223857,-20.2059084329999 -70.1426468669999,-20.205532712 -70.1420582009999,-20.204867942 -70.141498054,-20.2041758789999 -70.141201178,-20.2041507019999 -70.140853819,-20.203764448 -70.14034219,-20.2031624169999 -70.139714736,-20.2024256089999 -70.139453713,-20.202065897 -70.138951467,-20.2014366949999 -70.13878733,-20.201238986 -70.1381047039999,-20.200809723 -70.1370903439999,-20.200825325 -70.1359802169999,-20.2008325039999 -70.1348317439999,-20.200830889 -70.133463094,-20.2008216519999 -70.132053094,-20.2003880189999 -70.132033628,-20.200342969 -70.131995086,-20.2003070769999 -70.13163995,-20.200164802 -70.1304691459999,-20.199720581 -70.1298932509999,-20.199489371 -70.129570542,-20.199861886 -70.128915876,-20.2006521489999 -70.127520718,-20.2022783959999 -70.126742529,-20.203195937 -70.1262022879999,-20.203931247 -70.125349468,-20.2051203149999 -70.124669293,-20.206362484 -70.124663781,-20.2082599 -70.124852085,-20.210490373 -70.121416919,-20.2106117229999 -70.1183073409999,-20.2107580389999 -70.1176088719999,-20.2107895899999 -70.1163706999999,-20.212983971 -70.11582261,-20.2139722859999 -70.1137901939999,-20.217545038 -70.112712895,-20.219494427 -70.111115689,-20.222368686 -70.111079264,-20.222630936 -70.110715458,-20.2253166799999 -70.110207536,-20.229277291 -70.109787684,-20.23216216 -70.109678205,-20.2329218049999 -70.106773275,-20.237701676 -70.106441885,-20.2382187699999 -70.10410551,-20.242199921 -70.102852635,-20.242370434 -70.099773018,-20.2427873139999 -70.096769965,-20.2432036609999 -70.0935276989999,-20.2436395199999 -70.089989095,-20.244140407 -70.088755455,-20.244328772 -70.086048529,-20.244661783 -70.082490724,-20.2451626389999 -70.081475299,-20.2464519019999 -70.081166635,-20.248884274 -70.0809652849999,-20.248840339 -70.081166635,-20.248884274 -70.081475299,-20.2464519019999 -70.082490724,-20.2451626389999 -70.086048529,-20.244661783 -70.088755455,-20.244328772 -70.089989095,-20.244140407 -70.0935276989999,-20.2436395199999 -70.096769965,-20.2432036609999 -70.099773018,-20.2427873139999 -70.102852635,-20.242370434 -70.10410551,-20.242199921 -70.106441885,-20.2382187699999 -70.106773275,-20.237701676 -70.109678205,-20.2329218049999 -70.109787684,-20.23216216 -70.110207536,-20.229277291 -70.110715458,-20.2253166799999 -70.111079264,-20.222630936 -70.111115689,-20.222368686 -70.112712895,-20.219494427 -70.1137901939999,-20.217545038 -70.11582261,-20.2139722859999 -70.1163706999999,-20.212983971 -70.1176088719999,-20.2107895899999 -70.1183073409999,-20.2107580389999 -70.121416919,-20.2106117229999 -70.124852085,-20.210490373 -70.124663781,-20.2082599 -70.124669293,-20.206362484 -70.125349468,-20.2051203149999 -70.1262022879999,-20.203931247 -70.126742529,-20.203195937 -70.127520718,-20.2022783959999 -70.128915876,-20.2006521489999 -70.129570542,-20.199861886 -70.1298932509999,-20.199489371 -70.1304691459999,-20.199720581 -70.13163995,-20.200164802 -70.131995086,-20.2003070769999 -70.132033628,-20.200342969 -70.132053094,-20.2003880189999 -70.133463094,-20.2008216519999 -70.1348317439999,-20.200830889 -70.1359802169999,-20.2008325039999 -70.1370903439999,-20.200825325 -70.1381047039999,-20.200809723 -70.13878733,-20.201238986 -70.138951467,-20.2014366949999 -70.139453713,-20.202065897 -70.139714736,-20.2024256089999 -70.14034219,-20.2031624169999 -70.140853819,-20.203764448 -70.141201178,-20.2041507019999 -70.141498054,-20.2041758789999 -70.1420582009999,-20.204867942 -70.1426468669999,-20.205532712 -70.143223857,-20.2059084329999 -70.143776627,-20.205588607 -70.143882693,-20.2056963379999</coordinates></LineString>
  </Placemark>
  <Placemark id="lineas_sing.37">
	<name>TARAPACA - LAGUNAS.CIRCUITO 1 Y 2</name>
	<Style><LineStyle><color>ff0000ff</color></LineStyle><PolyStyle><fill>0</fill></PolyStyle></Style>
	<ExtendedData><SchemaData schemaUrl="#lineas_sing">
		<SimpleData name="OBJECTID">37</SimpleData>
		<SimpleData name="gml_id">lt_sing_1c966bdb_e893_4b2d_b52e_5945a9a8a68b.2</SimpleData>
		<SimpleData name="layer">Unknown Line Type</SimpleData>
		<SimpleData name="elevation">0</SimpleData>
		<SimpleData name="nombre">TARAPACA - LAGUNAS.CIRCUITO 1 Y 2</SimpleData>
		<SimpleData name="circuito">C1 - C2</SimpleData>
		<SimpleData name="tipo">TRONCAL</SimpleData>
		<SimpleData name="f_operacio">1996</SimpleData>
		<SimpleData name="long_km">55.7055485118</SimpleData>
		<SimpleData name="tramo">TARAPACA</SimpleData>
		<SimpleData name="propiedad">TRANSELEC NORTE</SimpleData>
		<SimpleData name="tension_kv">220</SimpleData>
		<SimpleData name="rca">S/I</SimpleData>
		<SimpleData name="sist_elect">SING</SimpleData>
		<SimpleData name="estado">EN OPERACION</SimpleData>
		<SimpleData name="region">REGION DE TARAPACA</SimpleData>
		<SimpleData name="provincia">IQUIQUE</SimpleData>
		<SimpleData name="comuna">IQUIQUE-POZO ALMONTE</SimpleData>
		<SimpleData name="fuente_bas">CNE</SimpleData>
		<SimpleData name="fech_crea">02-12-2014</SimpleData>
		<SimpleData name="fech_act">20/12/2016</SimpleData>
		<SimpleData name="Shape_Leng">0.531145254326273</SimpleData>
	</SchemaData></ExtendedData>
      <LineString><coordinates>-70.191780498,-20.8071959599999 -70.189745618,-20.809172825 -70.187605882,-20.8112556529999 -70.1849518829999,-20.811652507 -70.181430286,-20.8121875319999 -70.177648507,-20.8127595939999 -70.1723103109999,-20.813568131 -70.170386322,-20.8138582189999 -70.169156238,-20.81404105 -70.165275131,-20.8146287709999 -70.163434573,-20.8149110109999 -70.162944862,-20.8149861059999 -70.157716884,-20.8140366439999 -70.15546761,-20.8136286549999 -70.153102718,-20.81319638 -70.1505778009999,-20.812138805 -70.149113727,-20.811525726 -70.145380065,-20.809961577 -70.142251797,-20.808649133 -70.138938696,-20.807262189 -70.1358629279999,-20.805974068 -70.133131815,-20.8048266609999 -70.129872322,-20.803461974 -70.126773643,-20.802160396 -70.1236299139999,-20.800845817 -70.120614331,-20.799580168 -70.117611599,-20.7983213389999 -70.114430269,-20.7969908699999 -70.111366575,-20.795703322 -70.108367454,-20.794449309 -70.105203763,-20.7931236919999 -70.101146598,-20.7914227379999 -70.097859387,-20.790045329 -70.095811511,-20.789186958 -70.0942810499999,-20.788543353 -70.091181508,-20.787246066 -70.088718715,-20.786212709 -70.085726759,-20.784956214 -70.082476432,-20.783595858 -70.0793388019999,-20.7822795009999 -70.0764153229999,-20.781050804 -70.0735173799999,-20.779835111 -70.070396032,-20.77852603 -70.067815633,-20.77744396 -70.064856106,-20.776203746 -70.061989001,-20.7749995149999 -70.0597344939999,-20.774052511 -70.056994375,-20.7729066159999 -70.05399082,-20.771642941 -70.050379413,-20.7701295369999 -70.046945201,-20.768683736 -70.044175735,-20.7675235049999 -70.042138332,-20.769184582 -70.039495754,-20.7713363309999 -70.03680136,-20.773526889 -70.0342478869999,-20.775607974 -70.032015628,-20.7774280969999 -70.02968268,-20.7793267509999 -70.0270097599999,-20.781504486 -70.0244627869999,-20.7835770369999 -70.022444196,-20.785224087 -70.020143922,-20.7870931849999 -70.017890177,-20.7889324019999 -70.015911198,-20.7905409709999 -70.013374416,-20.792607737 -70.010530466,-20.794920764 -70.007735699,-20.797197341 -70.005368531,-20.7991253439999 -70.0028909769999,-20.801140195 -70.0003878799999,-20.8031770279999 -69.997863955,-20.8052327529999 -69.995417066,-20.807219947 -69.9928513369999,-20.8093091699999 -69.990587541,-20.8111553529999 -69.988611195,-20.812765134 -69.986376304,-20.814584785 -69.983979945,-20.816532019 -69.9819800499999,-20.8181602769999 -69.9797626389999,-20.8199642169999 -69.97661533,-20.8225298569999 -69.9735751379999,-20.825001745 -69.9690937829999,-20.8239952979999 -69.965431915,-20.8231694099999 -69.961859407,-20.822362353 -69.9594736559999,-20.821825314 -69.956845748,-20.821232903 -69.952830547,-20.820328398 -69.950408022,-20.8197841159999 -69.945877115,-20.8187593769999 -69.942596148,-20.818022511 -69.939243022,-20.8172661849999 -69.936504694,-20.816649072 -69.9340790319999,-20.816099304 -69.931055186,-20.815418828 -69.927813368,-20.814686696 -69.923777805,-20.813774414 -69.9207343639999,-20.813088534 -69.9170989529999,-20.812267941 -69.914118217,-20.811598472 -69.911289101,-20.8109612499999 -69.9091940559999,-20.810483663 -69.907341619,-20.810067396 -69.903351323,-20.809168214 -69.899704905,-20.8083384989999 -69.896413491,-20.8075988329999 -69.893697161,-20.8069868489999 -69.891385138,-20.806465306 -69.888860805,-20.805895063 -69.885415659,-20.8051176459999 -69.8818757239999,-20.8043162129999 -69.879740824,-20.8038351279999 -69.878669359,-20.80359328 -69.874338522,-20.8038910239999 -69.869783048,-20.804205945 -69.8672968509999,-20.8043734569999 -69.864194255,-20.8045897389999 -69.8606862999999,-20.804830293 -69.857568843,-20.805041289 -69.8541638789999,-20.8052757199999 -69.850883406,-20.8055009669999 -69.84762621,-20.8057296979999 -69.8442856089999,-20.8059557719999 -69.8410258229999,-20.806182357 -69.837625686,-20.8064154479999 -69.8342317089999,-20.806651545 -69.83093873,-20.806877604 -69.8274675329999,-20.8071170109999 -69.8241288729999,-20.807347649 -69.8217104519999,-20.80751106 -69.819163267,-20.8076882839999 -69.816545294,-20.807869148 -69.812822334,-20.808127618 -69.808964244,-20.808390286 -69.8054223029999,-20.808633313 -69.80217222,-20.808859363 -69.79858928,-20.809101739 -69.795115,-20.8093417979999 -69.792322478,-20.809531099 -69.788167507,-20.8097923729999 -69.7847768629999,-20.810005858 -69.7812665769999,-20.8102270009999 -69.777838812,-20.8104423309999 -69.775023464,-20.8106190249999 -69.771750754,-20.810821424 -69.768603995,-20.8110208319999 -69.765244298,-20.811230081 -69.762141249,-20.811426619 -69.7590821749999,-20.811614828 -69.75591022,-20.8118170239999 -69.752739041,-20.8120135079999 -69.750047287,-20.8121836989999 -69.7471120019999,-20.812365988 -69.744797374,-20.812510066 -69.742149705,-20.8126752159999 -69.739764463,-20.812826458 -69.7365606289999,-20.813026809 -69.733734289,-20.8132024449999 -69.730569793,-20.81340044 -69.72752442,-20.813590854 -69.724686053,-20.813768077 -69.7215411879999,-20.8139662469999 -69.718372073,-20.814105943 -69.7150456589999,-20.814243355 -69.711679008,-20.8143893179999 -69.70841352,-20.8145234369999 -69.7053114619999,-20.814659449 -69.702661798,-20.814773171 -69.699757259,-20.814901355 -69.6968331269999,-20.8150208869999 -69.6951040869999,-20.815096855</coordinates></LineString>
  </Placemark>
  <Placemark id="lineas_sing.38">
	<name>TARAPACA - CONDORES 220KV</name>
	<Style><LineStyle><color>ff0000ff</color></LineStyle><PolyStyle><fill>0</fill></PolyStyle></Style>
	<ExtendedData><SchemaData schemaUrl="#lineas_sing">
		<SimpleData name="OBJECTID">38</SimpleData>
		<SimpleData name="gml_id">lt_sing_1c966bdb_e893_4b2d_b52e_5945a9a8a68b.3</SimpleData>
		<SimpleData name="layer">Unknown Line Type</SimpleData>
		<SimpleData name="elevation">0</SimpleData>
		<SimpleData name="nombre">TARAPACA - CONDORES 220KV</SimpleData>
		<SimpleData name="circuito">C1</SimpleData>
		<SimpleData name="tipo">SUBTRANSMISION</SimpleData>
		<SimpleData name="f_operacio">2001</SimpleData>
		<SimpleData name="long_km">69.5466696307</SimpleData>
		<SimpleData name="tramo">TARAPACA- CONDORES</SimpleData>
		<SimpleData name="propiedad">TRANSELEC NORTE</SimpleData>
		<SimpleData name="tension_kv">220</SimpleData>
		<SimpleData name="rca">S/I</SimpleData>
		<SimpleData name="sist_elect">SING</SimpleData>
		<SimpleData name="estado">EN OPERACION</SimpleData>
		<SimpleData name="region">REGION DE TARAPACA</SimpleData>
		<SimpleData name="provincia">IQUIQUE</SimpleData>
		<SimpleData name="comuna">ALTO HOSPICIO-IQUIQUE-POZO ALMONTE</SimpleData>
		<SimpleData name="fuente_bas">CNE</SimpleData>
		<SimpleData name="fech_crea">02-12-2014</SimpleData>
		<SimpleData name="fech_act">20/12/2016</SimpleData>
		<SimpleData name="Shape_Leng">0.634981877697339</SimpleData>
	</SchemaData></ExtendedData>
      <LineString><coordinates>-70.191200279,-20.8065451539999 -70.190132036,-20.806821188 -70.189363336,-20.8051070449999 -70.188552585,-20.803299131 -70.1881719199999,-20.803130536 -70.18657411,-20.805012548 -70.185637394,-20.8061315759999 -70.183959801,-20.8058332749999 -70.183089638,-20.803547379 -70.182253465,-20.8013525499999 -70.1812666769999,-20.7987626669999 -70.181313318,-20.79630857 -70.1813597299999,-20.7938050669999 -70.181392242,-20.792020669 -70.181215865,-20.789045013 -70.181009634,-20.7856987449999 -70.180815756,-20.782524076 -70.18061377,-20.779228024 -70.180481164,-20.777060396 -70.1802726729999,-20.773646105 -70.180059276,-20.7701624709999 -70.179880138,-20.767213848 -70.1797359189999,-20.7648113619999 -70.1796029019999,-20.762655186 -70.176656115,-20.761492753 -70.172992004,-20.760046733 -70.169102192,-20.758506903 -70.165879914,-20.7572329239999 -70.162457145,-20.7558804609999 -70.154761102,-20.7528274329999 -70.1518761099999,-20.7516800569999 -70.150471646,-20.7511302619999 -70.147599827,-20.749988673 -70.1472146469999,-20.7469611389999 -70.146737547,-20.7431693409999 -70.1463668379999,-20.7402395789999 -70.14604919,-20.7377099619999 -70.145591689,-20.734081105 -70.145339356,-20.7320784579999 -70.145013317,-20.729497894 -70.144548468,-20.725823992 -70.14440883,-20.7247107339999 -70.1441540609999,-20.722677964 -70.143810397,-20.7199713979999 -70.1433148789999,-20.7160326769999 -70.142943079,-20.713100212 -70.142481703,-20.709453826 -70.141930467,-20.7050783249999 -70.14138931,-20.700784093 -70.1409314329999,-20.697136287 -70.140564304,-20.694199543 -70.1398530709999,-20.688573237 -70.139627875,-20.686788393 -70.13854405,-20.684072897 -70.1371357639999,-20.680542166 -70.136195362,-20.6781849929999 -70.1349642559999,-20.67509719 -70.133617649,-20.6717124919999 -70.132026459,-20.667719329 -70.132772734,-20.6654819249999 -70.134598373,-20.6600198259999 -70.136047705,-20.65569391 -70.137544362,-20.6512070979999 -70.138463047,-20.6484536519999 -70.139467039,-20.6454595189999 -70.140685589,-20.641807088 -70.1416951479999,-20.6387872719999 -70.1425869299999,-20.636129528 -70.143445893,-20.633555491 -70.144625677,-20.630034226 -70.1454643609999,-20.627519321 -70.145333052,-20.6216166369999 -70.14528939,-20.619556823 -70.145223684,-20.616638037 -70.1451589179999,-20.613787659 -70.14509774,-20.6110764109999 -70.145018422,-20.607619617 -70.1449332409999,-20.603827887 -70.1448657399999,-20.6008500909999 -70.1447616029999,-20.596174973 -70.1446774299999,-20.5923671639999 -70.1446029109999,-20.5890375889999 -70.144525962,-20.5855720509999 -70.14444704,-20.582273217 -70.140537651,-20.577133601 -70.138187358,-20.574047091 -70.13708479,-20.5725979979999 -70.13424751,-20.568876245 -70.133185667,-20.56748283 -70.1312202459999,-20.564900671 -70.129282277,-20.5623607799999 -70.126627545,-20.558874519 -70.124329158,-20.555861732 -70.122094041,-20.552931165 -70.119907133,-20.5500580259999 -70.117717625,-20.5471887649999 -70.1155988479999,-20.544407814 -70.113659328,-20.5418649129999 -70.111786819,-20.5394016559999 -70.109938321,-20.536975963 -70.108046961,-20.5344969349999 -70.1065980129999,-20.532603416 -70.1071711769999,-20.529019316 -70.107757502,-20.525308916 -70.108412943,-20.521183166 -70.109026273,-20.517319013 -70.109750253,-20.5128192769999 -70.10908982,-20.50860947 -70.108044219,-20.5019199029999 -70.107343795,-20.497420049 -70.1068846429999,-20.494479585 -70.106494574,-20.491982632 -70.106039003,-20.489019444 -70.1053016069999,-20.48431973 -70.10477895,-20.481003932 -70.1041282579999,-20.476760581 -70.103871547,-20.47511639 -70.103297601,-20.471434662 -70.102882349,-20.468769418 -70.102354573,-20.465397117 -70.1028918969999,-20.4610021039999 -70.103368329,-20.457081401 -70.103808191,-20.4534664249999 -70.104263236,-20.4496743889999 -70.1045693469999,-20.44720315 -70.1049053249999,-20.444453498 -70.105196087,-20.4420793309999 -70.105433514,-20.4401236639999 -70.1057149759999,-20.4377795149999 -70.1047281689999,-20.434900356 -70.103943847,-20.432645753 -70.10297565,-20.429824254 -70.10187452,-20.426618853 -70.1007180509999,-20.4232700339999 -70.098485465,-20.4167795569999 -70.0960501929999,-20.413739193 -70.09511451,-20.412570079 -70.092776935,-20.4096513449999 -70.089500673,-20.4055546729999 -70.0866410799999,-20.401982872 -70.084417838,-20.399202391 -70.0826322939999,-20.3969772849999 -70.0807451379999,-20.394617395 -70.078382742,-20.391671647 -70.0766412369999,-20.389492161 -70.074627198,-20.3869753669999 -70.0734055629999,-20.3854483 -70.0700558029999,-20.3812644179999 -70.0691390269999,-20.380119899 -70.06474114,-20.3746229189999 -70.064107784,-20.373836758 -70.060326173,-20.369101185 -70.058028807,-20.366238311 -70.055729819,-20.3633607899999 -70.052932029,-20.3598643779999 -70.050923896,-20.3573573219999 -70.051607455,-20.3534922859999 -70.052258504,-20.34977494 -70.052852882,-20.346388885 -70.053491242,-20.342754062 -70.0539957239999,-20.339875842 -70.0543683499999,-20.337766867 -70.055238765,-20.3328058289999 -70.05588391,-20.329151769 -70.056729516,-20.32434853 -70.0570845359999,-20.3223403649999 -70.057590104,-20.3194820649999 -70.0580233059999,-20.317017908 -70.0584745039999,-20.314455003 -70.0595311709999,-20.308444557 -70.0604171539999,-20.3034102839999 -70.0610631339999,-20.2997608159999 -70.061504703,-20.2972764089999 -70.0615689109999,-20.2935374369999 -70.061619878,-20.290830754 -70.061651535,-20.28910998 -70.061780013,-20.2823062859999 -70.0618217269999,-20.2799003769999 -70.061870831,-20.277251325 -70.061908941,-20.2751866479999 -70.0619386119999,-20.2734870739999 -70.0620542619999,-20.2667872239999 -70.062121732,-20.262981569 -70.064038448,-20.261369374 -70.0655483899999,-20.260090797 -70.067060851,-20.2588125349999 -70.068976159,-20.2571967449999 -70.0714733089999,-20.2550851139999 -70.072446499,-20.254268499 -70.074898904,-20.252188587 -70.077117266,-20.250322125 -70.0791223749999,-20.2490055389999</coordinates></LineString>
  </Placemark>
  <Placemark id="lineas_sing.39">
	<name>ENCUENTRO - EL TESORO 220KV</name>
	<Style><LineStyle><color>ff0000ff</color></LineStyle><PolyStyle><fill>0</fill></PolyStyle></Style>
	<ExtendedData><SchemaData schemaUrl="#lineas_sing">
		<SimpleData name="OBJECTID">39</SimpleData>
		<SimpleData name="gml_id">lt_sing_1c966bdb_e893_4b2d_b52e_5945a9a8a68b.4</SimpleData>
		<SimpleData name="layer">Unknown Line Type</SimpleData>
		<SimpleData name="elevation">0</SimpleData>
		<SimpleData name="nombre">ENCUENTRO - EL TESORO 220KV</SimpleData>
		<SimpleData name="circuito">C1</SimpleData>
		<SimpleData name="tipo">ADICIONAL</SimpleData>
		<SimpleData name="f_operacio">2000</SimpleData>
		<SimpleData name="long_km">86.9139731117</SimpleData>
		<SimpleData name="tramo">ENCUENTRO-TESORO</SimpleData>
		<SimpleData name="propiedad">MINERA EL TESORO</SimpleData>
		<SimpleData name="tension_kv">220</SimpleData>
		<SimpleData name="rca">S/I</SimpleData>
		<SimpleData name="sist_elect">SING</SimpleData>
		<SimpleData name="estado">EN OPERACION</SimpleData>
		<SimpleData name="region">REGION DE ANTOFAGASTA</SimpleData>
		<SimpleData name="provincia">ANTOFAGASTA-TOCOPILLA</SimpleData>
		<SimpleData name="comuna">MARIA ELENA-SIERRA GORDA</SimpleData>
		<SimpleData name="fuente_bas">CNE</SimpleData>
		<SimpleData name="fech_crea">02-12-2014</SimpleData>
		<SimpleData name="fech_act">20/12/2016</SimpleData>
		<SimpleData name="Shape_Leng">0.805101276549822</SimpleData>
	</SchemaData></ExtendedData>
      <LineString><coordinates>-69.566157872,-22.2824083859999 -69.5634830989999,-22.2875678309999 -69.548317778,-22.3018496559999 -69.461644397,-22.4018222899999 -69.4376250569999,-22.4502407809999 -69.438920017,-22.452867144 -69.4058774229999,-22.5408129809999 -69.2129396509999,-22.740217689 -69.099308386,-22.9259718079999</coordinates></LineString>
  </Placemark>
  <Placemark id="lineas_sing.40">
	<name>NUEVA ZALDIVAR - SULFUROS 220KV</name>
	<Style><LineStyle><color>ff0000ff</color></LineStyle><PolyStyle><fill>0</fill></PolyStyle></Style>
	<ExtendedData><SchemaData schemaUrl="#lineas_sing">
		<SimpleData name="OBJECTID">40</SimpleData>
		<SimpleData name="gml_id">lt_sing_1c966bdb_e893_4b2d_b52e_5945a9a8a68b.13</SimpleData>
		<SimpleData name="layer">Unknown Line Type</SimpleData>
		<SimpleData name="elevation">0</SimpleData>
		<SimpleData name="nombre">NUEVA ZALDIVAR - SULFUROS 220KV</SimpleData>
		<SimpleData name="circuito">C1</SimpleData>
		<SimpleData name="tipo">ADICIONAL</SimpleData>
		<SimpleData name="f_operacio">2006</SimpleData>
		<SimpleData name="long_km">12.3344513398</SimpleData>
		<SimpleData name="tramo">NUEVA ZALDIVAR - SULFUROS</SimpleData>
		<SimpleData name="propiedad">MINERA ESCONDIDA</SimpleData>
		<SimpleData name="tension_kv">220</SimpleData>
		<SimpleData name="rca">S/I</SimpleData>
		<SimpleData name="sist_elect">SING</SimpleData>
		<SimpleData name="estado">EN OPERACION</SimpleData>
		<SimpleData name="region">REGION DE ANTOFAGASTA</SimpleData>
		<SimpleData name="provincia">ANTOFAGASTA</SimpleData>
		<SimpleData name="comuna">ANTOFAGASTA</SimpleData>
		<SimpleData name="fuente_bas">CNE</SimpleData>
		<SimpleData name="fech_crea">02-12-2014</SimpleData>
		<SimpleData name="fech_act">20/12/2016</SimpleData>
		<SimpleData name="Shape_Leng">0.114722977964898</SimpleData>
	</SchemaData></ExtendedData>
      <LineString><coordinates>-69.0650929999999,-24.162532902 -69.0654739999999,-24.162075902 -69.066023,-24.1618209009999 -69.066593,-24.1615759009999 -69.0675899999999,-24.1628119009999 -69.068564,-24.164014901 -69.0692529999999,-24.1640949019999 -69.0709439999999,-24.165859902 -69.072807,-24.167734901 -69.0739639999999,-24.168242902 -69.075462,-24.1698819009999 -69.077618,-24.1722419009999 -69.079017,-24.173771901 -69.080304,-24.1751519009999 -69.081155,-24.176108901 -69.0836159999999,-24.1788859009999 -69.084738,-24.179821901 -69.0851749999999,-24.1804189009999 -69.085976,-24.181262901 -69.0885269999999,-24.183847902 -69.090481,-24.1857079009999 -69.0930299999999,-24.188265901 -69.0948549989999,-24.190117901 -69.096738,-24.1919899009999 -69.0983469999999,-24.194808902 -69.0988609999999,-24.1957929019999 -69.100406,-24.198482901 -69.1012059999999,-24.199858901 -69.1021489999999,-24.2015109009999 -69.1010029999999,-24.203534901 -69.0996059999999,-24.206075901 -69.098045,-24.208885901 -69.096712,-24.2112909009999 -69.095252,-24.214022901 -69.0940679999999,-24.214635901 -69.093037,-24.217241901 -69.092072,-24.219697901 -69.090903,-24.222460901 -69.090021999,-24.2247489009999 -69.089418,-24.226184901 -69.09027,-24.226895901 -69.092655,-24.228921902 -69.094578,-24.2305549009999 -69.09574,-24.233177901 -69.096825,-24.235637901 -69.097998,-24.238262902 -69.0989759999999,-24.240392901 -69.100117,-24.242975901 -69.10068,-24.244174901 -69.101079,-24.2451479019999 -69.099638,-24.246938901 -69.098627,-24.248172902 -69.0972619999999,-24.248539901 -69.096573,-24.250623901 -69.096376,-24.2511139009999</coordinates></LineString>
  </Placemark>
  <Placemark id="lineas_sing.41">
	<name>POZO ALMONTE - CERRO COLORADO 110KV</name>
	<Style><LineStyle><color>ff0000ff</color></LineStyle><PolyStyle><fill>0</fill></PolyStyle></Style>
	<ExtendedData><SchemaData schemaUrl="#lineas_sing">
		<SimpleData name="OBJECTID">41</SimpleData>
		<SimpleData name="gml_id">lt_sing_1c966bdb_e893_4b2d_b52e_5945a9a8a68b.5</SimpleData>
		<SimpleData name="layer">Unknown Line Type</SimpleData>
		<SimpleData name="elevation">0</SimpleData>
		<SimpleData name="nombre">POZO ALMONTE - CERRO COLORADO 110KV</SimpleData>
		<SimpleData name="circuito">C1</SimpleData>
		<SimpleData name="tipo">ADICIONAL</SimpleData>
		<SimpleData name="f_operacio">1993</SimpleData>
		<SimpleData name="long_km">60.8400742071</SimpleData>
		<SimpleData name="tramo">POZO ALMONTE - CERRO COLORADO</SimpleData>
		<SimpleData name="propiedad">MINERA CERRO COLORADO</SimpleData>
		<SimpleData name="tension_kv">110</SimpleData>
		<SimpleData name="rca">S/I</SimpleData>
		<SimpleData name="sist_elect">SING</SimpleData>
		<SimpleData name="estado">EN OPERACION</SimpleData>
		<SimpleData name="region">REGION DE TARAPACA</SimpleData>
		<SimpleData name="provincia">IQUIQUE</SimpleData>
		<SimpleData name="comuna">POZO ALMONTE</SimpleData>
		<SimpleData name="fuente_bas">CNE</SimpleData>
		<SimpleData name="fech_crea">02-12-2014</SimpleData>
		<SimpleData name="fech_act">20/12/2016</SimpleData>
		<SimpleData name="Shape_Leng">0.574956509188594</SimpleData>
	</SchemaData></ExtendedData>
      <LineString><coordinates>-69.774030217,-20.2551597409999 -69.774074663,-20.255115544 -69.7719670069999,-20.254974633 -69.769923618,-20.254814106 -69.768111566,-20.254670603 -69.766291399,-20.254528428 -69.7642621109999,-20.2543684949999 -69.762352635,-20.2542185309999 -69.760409301,-20.2540658739999 -69.758518463,-20.253917413 -69.756553915,-20.25376338 -69.754633885,-20.2536123109999 -69.752591836,-20.253451996 -69.75061987,-20.253296269 -69.7486239469999,-20.2531380899999 -69.746527339,-20.252972912 -69.744408122,-20.252807742 -69.742382861,-20.2526475029999 -69.740420746,-20.252493197 -69.738360966,-20.2523302449999 -69.73641208,-20.252175936 -69.7344088849999,-20.252018473 -69.7323506449999,-20.251856152 -69.730258071,-20.251690905 -69.728477372,-20.2515505119999 -69.7265693109999,-20.251399491 -69.724620939,-20.251245648 -69.722718315,-20.251095413 -69.720886428,-20.2509495809999 -69.71881051,-20.2507853659999 -69.716960521,-20.2506387459999 -69.714999714,-20.250483307 -69.713044052,-20.250328125 -69.710773418,-20.250147655 -69.708886316,-20.249036017 -69.707860664,-20.2484312519999 -69.705830578,-20.2472343429999 -69.7041611989999,-20.246250758 -69.702604922,-20.245332849 -69.7026047529999,-20.245332388 -69.700961138,-20.244362157 -69.699390074,-20.243436263 -69.697652354,-20.242411681 -69.696026852,-20.241452911 -69.69425605,-20.240409272 -69.6925064989999,-20.239378944 -69.6907555669999,-20.2383467889999 -69.689028526,-20.237328115 -69.6875794969999,-20.2364720479999 -69.6862591359999,-20.2356959909999 -69.684466371,-20.234636375 -69.682796444,-20.2336538819999 -69.681272156,-20.2327549619999 -69.679713282,-20.2318354729999 -69.6782394379999,-20.23096778 -69.6766967409999,-20.2300567189999 -69.674962624,-20.2290336139999 -69.673202854,-20.227996232 -69.671829096,-20.2271871409999 -69.670350744,-20.226316616 -69.668873431,-20.225445281 -69.667399366,-20.224575366 -69.66592045,-20.223702411 -69.6644400919999,-20.222829189 -69.662899661,-20.221920333 -69.6614831699999,-20.2218848429999 -69.659712433,-20.2218411179999 -69.658261518,-20.2218052709999 -69.656879443,-20.2217711509999 -69.654988955,-20.221722073 -69.6530894749999,-20.2216730169999 -69.651250841,-20.221626795 -69.649342438,-20.221578021 -69.647599919,-20.221534638 -69.645610179,-20.2214833149999 -69.6436549379999,-20.2214346339999 -69.641932437,-20.2213908319999 -69.6399486289999,-20.221341255 -69.6380122909999,-20.221292658 -69.6363497199999,-20.22125105 -69.634875302,-20.2212137939999 -69.632603662,-20.2211580319999 -69.630229163,-20.2210981919999 -69.628752482,-20.221060794 -69.627133654,-20.2210193019999 -69.624921732,-20.220964555 -69.622812225,-20.2209119359999 -69.62125212,-20.220872486 -69.61967096,-20.220833628 -69.6179487369999,-20.2207890629999 -69.616022324,-20.220740441 -69.6140867,-20.2206908279999 -69.6121193989999,-20.220641342 -69.6101484339999,-20.220591095 -69.6082180459999,-20.220543097 -69.6062667699999,-20.2204942179999 -69.604074978,-20.2204380439999 -69.602184016,-20.21920979 -69.6005647699999,-20.2181588289999 -69.599225852,-20.217288998 -69.5976587489999,-20.21627068 -69.596103036,-20.2152606079999 -69.594540313,-20.2142458239999 -69.593012963,-20.2132529909999 -69.591418064,-20.2122170809999 -69.589842682,-20.211193516 -69.588188208,-20.210118021 -69.586659002,-20.2091273569999 -69.58481553,-20.207929065 -69.583474095,-20.2070573789999 -69.5821362729999,-20.2061881019999 -69.5805137739999,-20.2051331549999 -69.5788533529999,-20.2040542669999 -69.5772455009999,-20.2030102329999 -69.575598719,-20.2019382149999 -69.573991023,-20.200893411 -69.572415216,-20.1998692719999 -69.570850289,-20.198851336 -69.569243929,-20.19780666 -69.5676382,-20.19676372 -69.565981173,-20.1957880419999 -69.564360627,-20.1948338449999 -69.5627375,-20.1938777459999 -69.561095332,-20.192910834 -69.559441943,-20.191937213 -69.5578147149999,-20.190978098 -69.556129331,-20.1899853379999 -69.5543750479999,-20.188951705 -69.552572337,-20.187890319 -69.550806694,-20.1868489939999 -69.549004832,-20.1857875279999 -69.5472514209999,-20.184754606 -69.545484605,-20.1837127869999 -69.543779775,-20.182707953 -69.54207576,-20.181704726 -69.5403850829999,-20.180708914 -69.538688936,-20.179708203 -69.536902116,-20.178655055 -69.5351276769999,-20.1776087979999 -69.533380758,-20.176580288 -69.53130235,-20.17535543 -69.531301836,-20.1753550199999 -69.5301333579999,-20.174665804 -69.5280399769999,-20.173430518 -69.526308042,-20.172411089 -69.524684555,-20.171453546 -69.52296167,-20.170436879 -69.521228284,-20.16941545 -69.519545732,-20.1684231639999 -69.517874723,-20.1674369249999 -69.516120372,-20.16640325 -69.514418521,-20.165400366 -69.512712399,-20.164394326 -69.511012512,-20.163391921 -69.509068735,-20.162245808 -69.507069985,-20.1614193959999 -69.5052804819999,-20.160679386 -69.503461224,-20.159926562 -69.501619234,-20.159164312 -69.499875779,-20.158443443 -69.498063555,-20.15769276 -69.496226747,-20.156932389 -69.494747294,-20.1563199469999 -69.493269449,-20.155708682 -69.491359399,-20.1549182689999 -69.489538571,-20.154164427 -69.4875980429999,-20.153362186 -69.485615493,-20.1525423219999 -69.4838481369999,-20.1518113 -69.4819050149999,-20.1510064889999 -69.480235049,-20.1503184979999 -69.4783553349999,-20.149539949 -69.476580187,-20.1488060189999 -69.4747999639999,-20.1480694049999 -69.472924899,-20.147294121 -69.471064616,-20.1465249309999 -69.4692257149999,-20.1457623869999 -69.467368984,-20.14499412 -69.4654215269999,-20.1441875679999 -69.463780081,-20.1435077529999 -69.462007956,-20.142774081 -69.46020148,-20.142025528 -69.458343058,-20.1412552739999 -69.4565124169999,-20.140497674 -69.4547194479999,-20.139754544 -69.4528694269999,-20.1389887879999 -69.4509724279999,-20.1382024879999 -69.449361572,-20.137534107 -69.447574102,-20.136795321 -69.445766362,-20.136049564 -69.4437448689999,-20.1352139319999 -69.4422391909999,-20.133593467 -69.440912812,-20.1321674289999 -69.439526402,-20.130675955 -69.438152515,-20.1291992609999 -69.436776553,-20.1277195769999 -69.4355365219999,-20.126386968 -69.43423839,-20.124988069 -69.4329912819999,-20.123646042 -69.431740143,-20.1222996299999 -69.430489672,-20.120954259 -69.429220598,-20.1195900989999 -69.4279686529999,-20.118243429 -69.426617202,-20.1167890139999 -69.425179913,-20.11524128 -69.423783806,-20.1137397319999 -69.422493182,-20.1123518659999 -69.4212721329999,-20.111037111 -69.4199047239999,-20.1095657449999 -69.418633804,-20.108198441 -69.417297767,-20.106761037 -69.416032935,-20.1054010139999 -69.414927572,-20.1042101159999 -69.4136752209999,-20.102863221 -69.412294634,-20.101377226 -69.410928959,-20.099904664 -69.409501093,-20.0983693329999 -69.40811185,-20.096875665 -69.406600864,-20.0952508789999 -69.405173613,-20.0939496309999 -69.403808375,-20.09270566 -69.4030403799999,-20.092005946 -69.4017269839999,-20.090808378 -69.40044749,-20.089642295 -69.3991006589999,-20.088414315 -69.397510402,-20.0869655119999 -69.396043327,-20.0856284559999 -69.394496822,-20.084219279 -69.393149955,-20.0829916339999 -69.391688465,-20.0816601349999 -69.390102742,-20.080213242 -69.388189504,-20.0796563009999 -69.38624793,-20.0790927749999 -69.384476311,-20.0785778489999 -69.3826707809999,-20.0780529639999 -69.380790325,-20.077506264 -69.379213689,-20.0770229839999 -69.374636932,-20.0757130869999 -69.373517997,-20.0764805909999 -69.3713890499999,-20.077930781 -69.3706533599999,-20.0784360339999 -69.368405174,-20.079981022 -69.3663416699999,-20.081386966 -69.364915041,-20.0823619949999 -69.36338993,-20.0834041689999 -69.36080142,-20.084293863 -69.3587295849999,-20.085006177 -69.3566775629999,-20.085430362 -69.355181218,-20.085740383 -69.353032717,-20.086184991 -69.351018197,-20.0866020459999 -69.349228297,-20.086972353 -69.347331051,-20.087365083 -69.345636449,-20.0877169409999 -69.343693329,-20.088119102 -69.341833083,-20.088503526 -69.339505074,-20.088983707 -69.337340511,-20.089015801 -69.335137547,-20.089047158 -69.3334962179999,-20.0890702029999 -69.3318141199999,-20.0890945469999 -69.330140319,-20.089118831 -69.328416687,-20.089143959 -69.326740926,-20.089167763 -69.325005473,-20.089192899 -69.322747046,-20.0892257089999 -69.3209315839999,-20.08925161 -69.318822683,-20.089282376 -69.317287498,-20.0888201559999 -69.3150303049999,-20.089091997 -69.313247304,-20.089306575 -69.311101433,-20.0895643339999 -69.309088088,-20.0898057819999 -69.3072290169999,-20.090029085 -69.30561639,-20.090222927 -69.303821034,-20.090438696 -69.3020090479999,-20.090656694 -69.300180812,-20.090876538 -69.297950761,-20.0911445739999 -69.2959092409999,-20.0904906919999 -69.29407772,-20.08990324 -69.291870103,-20.0892277799999 -69.290862507,-20.0874582869999 -69.2901906989999,-20.086230427 -69.2895573279999,-20.085092866 -69.288081511,-20.083541 -69.286615436,-20.082070433 -69.2856379309999,-20.081014744 -69.284401873,-20.0797787349999 -69.283309511,-20.078659962 -69.282054232,-20.0773516739999 -69.2806644459999,-20.0756911669999 -69.27972507,-20.074517908 -69.27827787,-20.072812289 -69.2774534069999,-20.071702092 -69.2760829429999,-20.0700957359999 -69.274827304,-20.068507262 -69.273678725,-20.067975889 -69.2725875049999,-20.067426347 -69.2707209659999,-20.066489415 -69.268940615,-20.065606552 -69.267379954,-20.0645516439999 -69.2674948539999,-20.064632799</coordinates></LineString>
  </Placemark>
  <Placemark id="lineas_sing.42">
	<name>POZO ALMONTE - TAMARUGAL 66KV</name>
	<Style><LineStyle><color>ff0000ff</color></LineStyle><PolyStyle><fill>0</fill></PolyStyle></Style>
	<ExtendedData><SchemaData schemaUrl="#lineas_sing">
		<SimpleData name="OBJECTID">42</SimpleData>
		<SimpleData name="gml_id">lt_sing_1c966bdb_e893_4b2d_b52e_5945a9a8a68b.7</SimpleData>
		<SimpleData name="layer">Unknown Line Type</SimpleData>
		<SimpleData name="elevation">0</SimpleData>
		<SimpleData name="nombre">POZO ALMONTE - TAMARUGAL 66KV</SimpleData>
		<SimpleData name="circuito">C1</SimpleData>
		<SimpleData name="tipo">ADICIONAL</SimpleData>
		<SimpleData name="f_operacio">1968</SimpleData>
		<SimpleData name="long_km">20.8111697252</SimpleData>
		<SimpleData name="tramo">POZO ALMONTE - TAMARUGAL</SimpleData>
		<SimpleData name="propiedad">E-CL</SimpleData>
		<SimpleData name="tension_kv">66</SimpleData>
		<SimpleData name="rca">S/I</SimpleData>
		<SimpleData name="sist_elect">SING</SimpleData>
		<SimpleData name="estado">EN OPERACION</SimpleData>
		<SimpleData name="region">REGION DE TARAPACA</SimpleData>
		<SimpleData name="provincia">IQUIQUE</SimpleData>
		<SimpleData name="comuna">POZO ALMONTE</SimpleData>
		<SimpleData name="fuente_bas">CNE</SimpleData>
		<SimpleData name="fech_crea">02-12-2014</SimpleData>
		<SimpleData name="fech_act">20/12/2016</SimpleData>
		<SimpleData name="Shape_Leng">0.189954525260056</SimpleData>
	</SchemaData></ExtendedData>
      <LineString><coordinates>-69.774520051,-20.2578345159999 -69.774553704,-20.258828304 -69.773737227,-20.260232457 -69.7731016279999,-20.2614279859999 -69.772494609,-20.262596279 -69.77185908,-20.2638098739999 -69.771194593,-20.264978416 -69.7701432699999,-20.267314272 -69.769091961,-20.269659158 -69.768003031,-20.2721487759999 -69.766846771,-20.274584467 -69.765643397,-20.277183001 -69.764583091,-20.2796724729999 -69.763426726,-20.282108142 -69.762347112,-20.2845796139999 -69.7612573599999,-20.2869426939999 -69.760148643,-20.2893510289999 -69.759078287,-20.291777262 -69.758016641,-20.2940317709999 -69.757021653,-20.2962137 -69.75603582,-20.298314262 -69.755211942,-20.30024244 -69.754244735,-20.302243518 -69.7533253029999,-20.304226313 -69.752558391,-20.3060638759999 -69.751600606,-20.3080468279999 -69.750710016,-20.3100656299999 -69.749799857,-20.3120031889999 -69.748880532,-20.3140311409999 -69.74796127,-20.31607716 -69.747023089,-20.318177469 -69.746141401,-20.3200787449999 -69.7452694,-20.322007083 -69.7442265179999,-20.324261432 -69.743240691,-20.3264342109999 -69.742093676,-20.3289600639999 -69.741050102,-20.331087897 -69.7401693899999,-20.33322407 -69.739011239,-20.335442734 -69.738206641,-20.337479183 -69.7373248709999,-20.339407524 -69.736357889,-20.3415530779999 -69.735219382,-20.343898136 -69.7342142379999,-20.346089019 -69.7333330979999,-20.348170946 -69.732242572,-20.350551927 -69.7310759659999,-20.353059721 -69.7299473899999,-20.3555131329999 -69.728961305,-20.357712942 -69.727983969,-20.3597410309999 -69.727140447,-20.361705306 -69.726125204,-20.3638329349999 -69.725195533,-20.365824667 -69.72439027,-20.3677887699999 -69.723460554,-20.369780493 -69.7224450419999,-20.37187196 -69.721354446,-20.3743070899999 -69.72025394,-20.376679004 -69.7191449919999,-20.379303948 -69.7179004339999,-20.381622227 -69.7168455679999,-20.3835240729999 -69.715714683,-20.3855707979999 -69.7144026129999,-20.387817044 -69.7131011289999,-20.390289131 -69.711760898,-20.392680045 -69.71054529,-20.395088513 -69.7092338959999,-20.397515434 -69.707874255,-20.3998792909999 -69.706638872,-20.402179384 -69.705317569,-20.404561139 -69.704292999,-20.406869398 -69.703372675,-20.40892423 -69.70235751,-20.4112053339999 -69.701275595,-20.4135680219999 -69.700251072,-20.415912401 -69.6992449539999,-20.418094057 -69.698258263,-20.42033888 -69.697147877,-20.422792015 -69.696123518,-20.4251996199999 -69.6951174879999,-20.427426431 -69.694092381,-20.42968042</coordinates></LineString>
  </Placemark>
  <Placemark id="lineas_sing.43">
	<name>TAP OFF DESALANT - DESALANT 110KV</name>
	<Style><LineStyle><color>ff0000ff</color></LineStyle><PolyStyle><fill>0</fill></PolyStyle></Style>
	<ExtendedData><SchemaData schemaUrl="#lineas_sing">
		<SimpleData name="OBJECTID">43</SimpleData>
		<SimpleData name="gml_id">lt_sing_1c966bdb_e893_4b2d_b52e_5945a9a8a68b.8</SimpleData>
		<SimpleData name="layer">Unknown Line Type</SimpleData>
		<SimpleData name="elevation">0</SimpleData>
		<SimpleData name="nombre">TAP OFF DESALANT - DESALANT 110KV</SimpleData>
		<SimpleData name="circuito">C1</SimpleData>
		<SimpleData name="tipo">ADICIONAL</SimpleData>
		<SimpleData name="f_operacio">2002</SimpleData>
		<SimpleData name="long_km">0.698624057633</SimpleData>
		<SimpleData name="tramo">TAP OFF DESALANT - DESALANT</SimpleData>
		<SimpleData name="propiedad">E-CL</SimpleData>
		<SimpleData name="tension_kv">110</SimpleData>
		<SimpleData name="rca">S/I</SimpleData>
		<SimpleData name="sist_elect">SING</SimpleData>
		<SimpleData name="estado">EN OPERACION</SimpleData>
		<SimpleData name="region">REGION DE ANTOFAGASTA</SimpleData>
		<SimpleData name="provincia">ANTOFAGASTA</SimpleData>
		<SimpleData name="comuna">ANTOFAGASTA</SimpleData>
		<SimpleData name="fuente_bas">CNE</SimpleData>
		<SimpleData name="fech_crea">02-12-2014</SimpleData>
		<SimpleData name="fech_act">20/12/2016</SimpleData>
		<SimpleData name="Shape_Leng">0.006421964481845</SimpleData>
	</SchemaData></ExtendedData>
      <LineString><coordinates>-70.382477799,-23.5373574509999 -70.3823994749999,-23.53239379 -70.3838522999999,-23.53251273</coordinates></LineString>
  </Placemark>
  <Placemark id="lineas_sing.44">
	<name>TAP OFF EL LOA - EL LOA 220KV</name>
	<Style><LineStyle><color>ff0000ff</color></LineStyle><PolyStyle><fill>0</fill></PolyStyle></Style>
	<ExtendedData><SchemaData schemaUrl="#lineas_sing">
		<SimpleData name="OBJECTID">44</SimpleData>
		<SimpleData name="gml_id">lt_sing_1c966bdb_e893_4b2d_b52e_5945a9a8a68b.9</SimpleData>
		<SimpleData name="layer">Unknown Line Type</SimpleData>
		<SimpleData name="elevation">0</SimpleData>
		<SimpleData name="nombre">TAP OFF EL LOA - EL LOA 220KV</SimpleData>
		<SimpleData name="circuito">C1</SimpleData>
		<SimpleData name="tipo">ADICIONAL</SimpleData>
		<SimpleData name="f_operacio">2000</SimpleData>
		<SimpleData name="long_km">9.80337811611</SimpleData>
		<SimpleData name="tramo">EL LOA - SQM</SimpleData>
		<SimpleData name="propiedad">E-CL</SimpleData>
		<SimpleData name="tension_kv">220</SimpleData>
		<SimpleData name="rca">S/I</SimpleData>
		<SimpleData name="sist_elect">SING</SimpleData>
		<SimpleData name="estado">EN OPERACION</SimpleData>
		<SimpleData name="region">REGION DE ANTOFAGASTA</SimpleData>
		<SimpleData name="provincia">TOCOPILLA</SimpleData>
		<SimpleData name="comuna">MARIA ELENA</SimpleData>
		<SimpleData name="fuente_bas">CNE</SimpleData>
		<SimpleData name="fech_crea">02-12-2014</SimpleData>
		<SimpleData name="fech_act">20/12/2016</SimpleData>
		<SimpleData name="Shape_Leng">0.09055946687253</SimpleData>
	</SchemaData></ExtendedData>
      <LineString><coordinates>-69.635809852,-22.280385259 -69.654232744,-22.2802849719999 -69.652186622,-22.284900459 -69.631002775,-22.3252750939999 -69.6313616739999,-22.3467651139999</coordinates></LineString>
  </Placemark>
  <Placemark id="lineas_sing.45">
	<name>TAP OFF LA CRUZ - SE021 66KV</name>
	<Style><LineStyle><color>ff0000ff</color></LineStyle><PolyStyle><fill>0</fill></PolyStyle></Style>
	<ExtendedData><SchemaData schemaUrl="#lineas_sing">
		<SimpleData name="OBJECTID">45</SimpleData>
		<SimpleData name="gml_id">lt_sing_1c966bdb_e893_4b2d_b52e_5945a9a8a68b.10</SimpleData>
		<SimpleData name="layer">Unknown Line Type</SimpleData>
		<SimpleData name="elevation">0</SimpleData>
		<SimpleData name="nombre">TAP OFF LA CRUZ - SE021 66KV</SimpleData>
		<SimpleData name="circuito">C1</SimpleData>
		<SimpleData name="tipo">ADICIONAL</SimpleData>
		<SimpleData name="f_operacio">2007</SimpleData>
		<SimpleData name="long_km">6.98833924085</SimpleData>
		<SimpleData name="tramo">TAP OFF LA CRUZ - SE021</SimpleData>
		<SimpleData name="propiedad">SQM</SimpleData>
		<SimpleData name="tension_kv">66</SimpleData>
		<SimpleData name="rca">S/I</SimpleData>
		<SimpleData name="sist_elect">SING</SimpleData>
		<SimpleData name="estado">EN OPERACION</SimpleData>
		<SimpleData name="region">REGION DE ANTOFAGASTA</SimpleData>
		<SimpleData name="provincia">TOCOPILLA</SimpleData>
		<SimpleData name="comuna">MARIA ELENA</SimpleData>
		<SimpleData name="fuente_bas">CNE</SimpleData>
		<SimpleData name="fech_crea">02-12-2014</SimpleData>
		<SimpleData name="fech_act">20/12/2016</SimpleData>
		<SimpleData name="Shape_Leng">0.063303100608003</SimpleData>
	</SchemaData></ExtendedData>
      <LineString><coordinates>-69.659161995,-22.2785606329999 -69.658500256,-22.279018353 -69.657605084,-22.279123564 -69.657525079,-22.278490484 -69.65084202,-22.22291545 -69.651117222,-22.221577332 -69.652032501,-22.218077545</coordinates></LineString>
  </Placemark>
  <Placemark id="lineas_sing.46">
	<name>O'HIGGINS - COLOSO 220KV</name>
	<Style><LineStyle><color>ff0000ff</color></LineStyle><PolyStyle><fill>0</fill></PolyStyle></Style>
	<ExtendedData><SchemaData schemaUrl="#lineas_sing">
		<SimpleData name="OBJECTID">46</SimpleData>
		<SimpleData name="gml_id">lt_sing_1c966bdb_e893_4b2d_b52e_5945a9a8a68b.15</SimpleData>
		<SimpleData name="layer">Unknown Line Type</SimpleData>
		<SimpleData name="elevation">0</SimpleData>
		<SimpleData name="nombre">O'HIGGINS - COLOSO 220KV</SimpleData>
		<SimpleData name="circuito">C1</SimpleData>
		<SimpleData name="tipo">ADICIONAL</SimpleData>
		<SimpleData name="f_operacio">1992</SimpleData>
		<SimpleData name="long_km">31.9443512017</SimpleData>
		<SimpleData name="tramo">OHIGGINS - COLOSO</SimpleData>
		<SimpleData name="propiedad">MINERA ESCONDIDA</SimpleData>
		<SimpleData name="tension_kv">220</SimpleData>
		<SimpleData name="rca">S/I</SimpleData>
		<SimpleData name="sist_elect">SING</SimpleData>
		<SimpleData name="estado">EN OPERACION</SimpleData>
		<SimpleData name="region">REGION DE ANTOFAGASTA</SimpleData>
		<SimpleData name="provincia">ANTOFAGASTA</SimpleData>
		<SimpleData name="comuna">ANTOFAGASTA</SimpleData>
		<SimpleData name="fuente_bas">CNE</SimpleData>
		<SimpleData name="fech_crea">02-12-2014</SimpleData>
		<SimpleData name="fech_act">20/12/2016</SimpleData>
		<SimpleData name="Shape_Leng">0.306406887662693</SimpleData>
	</SchemaData></ExtendedData>
      <LineString><coordinates>-70.2151279989999,-23.6928569 -70.215412999,-23.6956929 -70.215643999,-23.6981729 -70.215924999,-23.700991566 -70.2163459989999,-23.7054049 -70.217099,-23.7066318999999 -70.219470999,-23.7105738999999 -70.220500999,-23.7122879 -70.222259999,-23.7152288999999 -70.224175999,-23.7184008999999 -70.2257559989999,-23.7210739 -70.227958999,-23.723627899 -70.230052999,-23.726070899 -70.23271111,-23.7291665659999 -70.235357,-23.7322728999999 -70.2378279989999,-23.7351719 -70.240195999,-23.7379379 -70.242557999,-23.7407028989999 -70.244972221,-23.743513788 -70.247357,-23.7463149 -70.2495339989999,-23.7488559 -70.2522079989999,-23.7511519 -70.2543039989999,-23.752934899 -70.256387999,-23.754713899 -70.259152999,-23.7570808999999 -70.2618919989999,-23.7579448989999 -70.2643439989999,-23.7587558989999 -70.2670638879999,-23.7596332329999 -70.2706749989999,-23.760802677 -70.274649999,-23.7620838989999 -70.277665999,-23.763060899 -70.280586999,-23.7640048989999 -70.2841599989999,-23.765153899 -70.2878499989999,-23.7663582329999 -70.291611111,-23.7675693429999 -70.294908999,-23.7686428989999 -70.297468999,-23.769487899 -70.3005029989999,-23.7704438989999 -70.3039669999999,-23.770946899 -70.307175999,-23.771393899 -70.3107699989999,-23.771919899 -70.31438611,-23.77243601 -70.319029999,-23.7730948989999 -70.322054999,-23.773516898 -70.3244129989999,-23.774327899 -70.328516999,-23.775750898 -70.331295999,-23.7767068979999 -70.3332419989999,-23.777365898 -70.336701999,-23.778529899 -70.339751999,-23.7795628979999 -70.342443999,-23.7805038989999 -70.345133999,-23.781391898 -70.348352999,-23.780837898 -70.3519289989999,-23.780202898 -70.356038887,-23.779494343 -70.359389999,-23.778900898 -70.3626649989999,-23.778316898 -70.365059999,-23.778721898 -70.3685679989999,-23.7792948979999 -70.372645999,-23.7807518979999 -70.376855999,-23.7822448979999 -70.378386999,-23.782792898 -70.380254999,-23.7829588979999 -70.3834219989999,-23.783272898 -70.388258999,-23.783766898 -70.3914429989999,-23.784048898 -70.395258332,-23.7844221199999 -70.3986889989999,-23.7847408979999 -70.401665999,-23.785021898 -70.4046989989999,-23.785340898 -70.409151999,-23.785781898 -70.413408999,-23.7865718969999 -70.416712999,-23.787223898 -70.417813999,-23.787436897 -70.419848999,-23.7858438979999 -70.4210499989999,-23.783305453 -70.4221111099999,-23.7816304529999 -70.423831999,-23.779004898 -70.4258229989999,-23.7763058969999 -70.4266109989999,-23.775212897 -70.4290369989999,-23.773410897 -70.432470999,-23.7708998969999 -70.435171999,-23.768882897 -70.438614999,-23.7663948979999 -70.443736999,-23.764016897 -70.448329999,-23.763564898 -70.4534869989999,-23.763027897 -70.457014999,-23.7626588969999 -70.463525999,-23.7620488969999 -70.464953999,-23.7618928969999 -70.4658069989999,-23.762417897 -70.467864999,-23.763688897 -70.4697649989999,-23.764892897</coordinates></LineString>
  </Placemark>
  <Placemark id="lineas_sing.47">
	<name>CHACAYA - MUELLE 110KV</name>
	<Style><LineStyle><color>ff0000ff</color></LineStyle><PolyStyle><fill>0</fill></PolyStyle></Style>
	<ExtendedData><SchemaData schemaUrl="#lineas_sing">
		<SimpleData name="OBJECTID">47</SimpleData>
		<SimpleData name="gml_id">lt_sing_1c966bdb_e893_4b2d_b52e_5945a9a8a68b.16</SimpleData>
		<SimpleData name="layer">Unknown Line Type</SimpleData>
		<SimpleData name="elevation">0</SimpleData>
		<SimpleData name="nombre">CHACAYA - MUELLE 110KV</SimpleData>
		<SimpleData name="circuito">C1</SimpleData>
		<SimpleData name="tipo">ADICIONAL</SimpleData>
		<SimpleData name="f_operacio">2010</SimpleData>
		<SimpleData name="long_km">54.9416735508</SimpleData>
		<SimpleData name="tramo">CHACAYA-MUELLE</SimpleData>
		<SimpleData name="propiedad">E-CL</SimpleData>
		<SimpleData name="tension_kv">110</SimpleData>
		<SimpleData name="rca">S/I</SimpleData>
		<SimpleData name="sist_elect">SING</SimpleData>
		<SimpleData name="estado">EN OPERACION</SimpleData>
		<SimpleData name="region">REGION DE ANTOFAGASTA</SimpleData>
		<SimpleData name="provincia">ANTOFAGASTA</SimpleData>
		<SimpleData name="comuna">MEJILLONES</SimpleData>
		<SimpleData name="fuente_bas">CNE</SimpleData>
		<SimpleData name="fech_crea">02-12-2014</SimpleData>
		<SimpleData name="fech_act">20/12/2016</SimpleData>
		<SimpleData name="Shape_Leng">0.503672071156468</SimpleData>
	</SchemaData></ExtendedData>
      <LineString><coordinates>-70.407091637,-23.088378023 -70.4033357609999,-23.093052261 -70.397929429,-23.0983696339999 -70.339433566,-23.1264888969999 -70.3387262699999,-23.126340462 -70.3299155879999,-23.085636386 -70.31827721,-23.027014556 -70.316991662,-23.025655597 -70.310909281,-22.9970238769999 -70.288292676,-22.9635377349999 -70.278229266,-22.938550069 -70.269056814,-22.9108494449999 -70.2809654019999,-22.838217656 -70.2925344399999,-22.802187336 -70.2875857299999,-22.769100227 -70.275062669,-22.745274788 -70.2757155099999,-22.73031177 -70.27632787,-22.7296723709999 -70.280660531,-22.7296359979999 -70.280631045,-22.726260012</coordinates></LineString>
  </Placemark>
  <Placemark id="lineas_sing.48">
	<name>EL TESORO - ESPERANZA 220KV</name>
	<Style><LineStyle><color>ff0000ff</color></LineStyle><PolyStyle><fill>0</fill></PolyStyle></Style>
	<ExtendedData><SchemaData schemaUrl="#lineas_sing">
		<SimpleData name="OBJECTID">48</SimpleData>
		<SimpleData name="gml_id">lt_sing_1c966bdb_e893_4b2d_b52e_5945a9a8a68b.26</SimpleData>
		<SimpleData name="layer">Unknown Line Type</SimpleData>
		<SimpleData name="elevation">0</SimpleData>
		<SimpleData name="nombre">EL TESORO - ESPERANZA 220KV</SimpleData>
		<SimpleData name="circuito">C1</SimpleData>
		<SimpleData name="tipo">ADICIONAL</SimpleData>
		<SimpleData name="f_operacio">2010</SimpleData>
		<SimpleData name="long_km">12.1536281796</SimpleData>
		<SimpleData name="tramo">EL TESORO - ESPERANZA</SimpleData>
		<SimpleData name="propiedad">MINERA ESPERANZA</SimpleData>
		<SimpleData name="tension_kv">220</SimpleData>
		<SimpleData name="rca">S/I</SimpleData>
		<SimpleData name="sist_elect">SING</SimpleData>
		<SimpleData name="estado">EN OPERACION</SimpleData>
		<SimpleData name="region">REGION DE ANTOFAGASTA</SimpleData>
		<SimpleData name="provincia">ANTOFAGASTA</SimpleData>
		<SimpleData name="comuna">SIERRA GORDA</SimpleData>
		<SimpleData name="fuente_bas">CNE</SimpleData>
		<SimpleData name="fech_crea">02-12-2014</SimpleData>
		<SimpleData name="fech_act">20/12/2016</SimpleData>
		<SimpleData name="Shape_Leng">0.113404173873662</SimpleData>
	</SchemaData></ExtendedData>
      <LineString><coordinates>-69.0994799809999,-22.926171161 -69.101037165,-22.924848122 -69.1029105819999,-22.924293254 -69.112081104,-22.9249278849999 -69.121424035,-22.926328166 -69.127413078,-22.929663164 -69.128286907,-22.944547686 -69.130260417,-22.9490440339999 -69.1291800389999,-22.9590052359999 -69.107713512,-22.9694790519999 -69.104919464,-22.9794255959999 -69.099152685,-22.998424848</coordinates></LineString>
  </Placemark>
  <Placemark id="lineas_sing.49">
	<name>IQUIQUE - POZO ALMONTE. CIRCUITO NT1 66KV</name>
	<Style><LineStyle><color>ff0000ff</color></LineStyle><PolyStyle><fill>0</fill></PolyStyle></Style>
	<ExtendedData><SchemaData schemaUrl="#lineas_sing">
		<SimpleData name="OBJECTID">49</SimpleData>
		<SimpleData name="gml_id">lt_sing_1c966bdb_e893_4b2d_b52e_5945a9a8a68b.30</SimpleData>
		<SimpleData name="layer">Unknown Line Type</SimpleData>
		<SimpleData name="elevation">0</SimpleData>
		<SimpleData name="nombre">IQUIQUE - POZO ALMONTE. CIRCUITO NT1 66KV</SimpleData>
		<SimpleData name="circuito">C1</SimpleData>
		<SimpleData name="tipo">ADICIONAL</SimpleData>
		<SimpleData name="f_operacio">1964</SimpleData>
		<SimpleData name="long_km">84.0609381268</SimpleData>
		<SimpleData name="tramo">IQUIQUE - POZO ALMONTE</SimpleData>
		<SimpleData name="propiedad">E-CL</SimpleData>
		<SimpleData name="tension_kv">66</SimpleData>
		<SimpleData name="rca">S/I</SimpleData>
		<SimpleData name="sist_elect">SING</SimpleData>
		<SimpleData name="estado">EN OPERACION</SimpleData>
		<SimpleData name="region">REGION DE ANTOFAGASTA</SimpleData>
		<SimpleData name="provincia">ANTOFAGASTA</SimpleData>
		<SimpleData name="comuna">ANTOFAGASTA</SimpleData>
		<SimpleData name="fuente_bas">CNE</SimpleData>
		<SimpleData name="fech_crea">02-12-2014</SimpleData>
		<SimpleData name="fech_act">20/12/2016</SimpleData>
		<SimpleData name="Shape_Leng">0.796324897847967</SimpleData>
	</SchemaData></ExtendedData>
      <LineString><coordinates>-70.127717042,-20.202309391 -70.12701635,-20.2008160409999 -70.125745517,-20.200714771 -70.123324263,-20.202702186 -70.11399424,-20.206164679 -70.104147589,-20.2044798809999 -70.101611196,-20.20442099 -70.0906654519999,-20.2106487639999 -70.0798760059999,-20.21456317 -70.0645759659999,-20.2133685049999 -70.051744576,-20.2193389 -70.025494868,-20.224612502 -69.9826134259999,-20.235896238 -69.958314102,-20.229746619 -69.9330343409999,-20.222022887 -69.9270929909999,-20.2160728179999 -69.9183358509999,-20.2130105869999 -69.909524306,-20.2137069959999 -69.862135385,-20.2052626889999 -69.8311998839999,-20.2069387939999 -69.81336745,-20.2031368639999 -69.795019738,-20.2239851049999 -69.773334548,-20.2543248229999 -69.7740306319999,-20.256240142 -69.779466108,-20.24841872 -69.7909458999999,-20.2492648529999 -69.813475258,-20.259859213 -69.8797009689999,-20.2595614709999 -69.978257174,-20.23637804 -70.003634986,-20.2378249609999 -70.030251141,-20.2266656749999 -70.045427301,-20.2229708689999 -70.054916045,-20.2319042199999 -70.0642602949999,-20.2461686789999 -70.087189429,-20.247654398 -70.099944212,-20.2494270829999 -70.101139052,-20.2505218749999 -70.1096563099999,-20.2500616099999 -70.1169085669999,-20.248091094 -70.1227589549999,-20.240238371 -70.1282389469999,-20.216946838</coordinates></LineString>
  </Placemark>
  <Placemark id="lineas_sing.50">
	<name>IQUIQUE - POZO ALMONTE.CIRCUITO NN2 66KV</name>
	<Style><LineStyle><color>ff0000ff</color></LineStyle><PolyStyle><fill>0</fill></PolyStyle></Style>
	<ExtendedData><SchemaData schemaUrl="#lineas_sing">
		<SimpleData name="OBJECTID">50</SimpleData>
		<SimpleData name="gml_id">lt_sing_1c966bdb_e893_4b2d_b52e_5945a9a8a68b.31</SimpleData>
		<SimpleData name="layer">Unknown Line Type</SimpleData>
		<SimpleData name="elevation">0</SimpleData>
		<SimpleData name="nombre">IQUIQUE - POZO ALMONTE.CIRCUITO NN2 66KV</SimpleData>
		<SimpleData name="circuito">C2</SimpleData>
		<SimpleData name="tipo">ADICIONAL</SimpleData>
		<SimpleData name="f_operacio">1987</SimpleData>
		<SimpleData name="long_km">39.3653938032</SimpleData>
		<SimpleData name="tramo">IQUIQUE - POZO ALMONTE</SimpleData>
		<SimpleData name="propiedad">E-CL</SimpleData>
		<SimpleData name="tension_kv">66</SimpleData>
		<SimpleData name="rca">S/I</SimpleData>
		<SimpleData name="sist_elect">SING</SimpleData>
		<SimpleData name="estado">EN OPERACION</SimpleData>
		<SimpleData name="region">REGION DE TARAPACA</SimpleData>
		<SimpleData name="provincia">IQUIQUE</SimpleData>
		<SimpleData name="comuna">IQUIQUE</SimpleData>
		<SimpleData name="fuente_bas">CNE</SimpleData>
		<SimpleData name="fech_crea">02-12-2014</SimpleData>
		<SimpleData name="fech_act">20/12/2016</SimpleData>
		<SimpleData name="Shape_Leng">0.374634594565477</SimpleData>
	</SchemaData></ExtendedData>
      <LineString><coordinates>-70.1302560729999,-20.2060013679999 -70.129274484,-20.205257764 -70.1279910809999,-20.205130481 -70.125545528,-20.2070977549999 -70.1227870449999,-20.208145412 -70.119293136,-20.2094145579999 -70.118070933,-20.209819888 -70.116238067,-20.21049111 -70.109788194,-20.209294158 -70.1092611029999,-20.2091981 -70.1063573609999,-20.2086742999999 -70.103839582,-20.208590751 -70.1030478289999,-20.208966167 -70.1003297139999,-20.2103384919999 -70.095943419,-20.21268796 -70.095027645,-20.213127361 -70.092757455,-20.214243795 -70.0889394169999,-20.215758319 -70.084433863,-20.2175209599999 -70.081952585,-20.2185843509999 -70.079289638,-20.2182935399999 -70.075765095,-20.2179808619999 -70.0743093259999,-20.217854245 -70.071340305,-20.21759229 -70.070008968,-20.2174648779999 -70.068696899,-20.2173554089999 -70.0666378399999,-20.217187221 -70.06286835,-20.218854495 -70.05903251,-20.2206305139999 -70.057266785,-20.221382048 -70.055740089,-20.2220959859999 -70.0537171129999,-20.223029738 -70.051366001,-20.223567879 -70.050285549,-20.2237460169999 -70.047589102,-20.22417775 -70.0431247459999,-20.2250536509999 -70.041738574,-20.225323905 -70.0407349119999,-20.2255376699999 -70.039377266,-20.225780631 -70.034826661,-20.226656835 -70.030017673,-20.227552509 -70.028688647,-20.227786185 -70.027407476,-20.2280195719999 -70.0261749319999,-20.228370125 -70.023651802,-20.228981189 -70.0207653209999,-20.2296575789999 -70.019016495,-20.230110473 -70.0168949869999,-20.2306648979999 -70.0148210899999,-20.2311828819999 -70.01095044,-20.232153932 -70.010080697,-20.2323667539999 -70.00647749,-20.23325485 -70.004852844,-20.233679787 -70.003782583,-20.233975044 -70.003285682,-20.234113416 -69.998009727,-20.235408454 -69.996260761,-20.235861126 -69.9921222849999,-20.2369055729999 -69.989369574,-20.237589735 -69.9884233559999,-20.237829989 -69.987018153,-20.238154138 -69.985747021,-20.238486558 -69.984370809,-20.238855701 -69.980401071,-20.237829817 -69.978051606,-20.2371833409999 -69.975616061,-20.2365463469999 -69.973305205,-20.235944769 -69.9706395589999,-20.235245732 -69.967619188,-20.234458256 -69.9649823629999,-20.233768008 -69.963390695,-20.233352085 -69.961655223,-20.2329007929999 -69.960082605,-20.2324666649999 -69.958764532,-20.23295275 -69.957513292,-20.2334113549999 -69.955230463,-20.234246024 -69.952671046,-20.2352538399999 -69.9507606769999,-20.2359508979999 -69.9485064899999,-20.236785326 -69.945870183,-20.237757319 -69.943272024,-20.2387109979999 -69.941686396,-20.2392977869999 -69.9403777749999,-20.2397836869999 -69.935620676,-20.241525867 -69.931360199,-20.243084575 -69.928035946,-20.244321988 -69.926402438,-20.244926967 -69.9216449589999,-20.246659743 -69.9193331129999,-20.2475121809999 -69.918224916,-20.247915549 -69.914651954,-20.249226301 -69.912569376,-20.2500051709999 -69.909311567,-20.2511967149999 -69.906884852,-20.252076694 -69.904811716,-20.2528463899999 -69.902432817,-20.2537260629999 -69.900369209,-20.2544956579999 -69.898267232,-20.2552563909999 -69.895945598,-20.256117613 -69.8933754729999,-20.257061392 -69.890709778,-20.2580417619999 -69.888502693,-20.2588571279999 -69.8864675629999,-20.259608348 -69.884489655,-20.260323114 -69.8827124859999,-20.2609826349999 -69.881011643,-20.2615965759999 -69.878474238,-20.2615822019999 -69.876482632,-20.2615741 -69.874481451,-20.2615660229999 -69.87202064,-20.261551174 -69.8690523769999,-20.261538807 -69.8680374739999,-20.2615438349999 -69.8654138919999,-20.2615296989999 -69.863709569,-20.261529068 -69.862407277,-20.261508373 -69.859850765,-20.261502859 -69.858031495,-20.2614937019999 -69.8548046609999,-20.261473323 -69.8519895329999,-20.2614508839999 -69.849030883,-20.261447167 -69.8460626569999,-20.2614434459999 -69.8448657329999,-20.2614311469999 -69.8425485289999,-20.261415192 -69.840537761,-20.261406773 -69.838651512,-20.2614067709999 -69.8356065369999,-20.261376132 -69.8340075249999,-20.261374711 -69.831144563,-20.2613612009999 -69.829239065,-20.261343117 -69.828042234,-20.2613487739999 -69.825571783,-20.261324283 -69.822239849,-20.261348977 -69.819741952,-20.2615684959999 -69.8172989879999,-20.261308831 -69.814751889,-20.261275509 -69.8127555579999,-20.260363131 -69.8083498089999,-20.2582601029999 -69.804692561,-20.2564607419999 -69.803195236,-20.2557447469999 -69.801275587,-20.254822847 -69.799327099,-20.25387395 -69.797301902,-20.2528982709999 -69.7953439789999,-20.251967442 -69.793606742,-20.25112595 -69.7921479039999,-20.250427755 -69.790232222,-20.2502647169999 -69.78879552,-20.250153719 -69.784523537,-20.249784341 -69.782694125,-20.249638906 -69.7808359479999,-20.2494845439999 -69.779390838,-20.2515240239999 -69.7780597719999,-20.253400343 -69.7766429989999,-20.2553764259999 -69.775273839,-20.257307109</coordinates></LineString>
  </Placemark>
  <Placemark id="lineas_sing.51">
	<name>LAGUNAS - COLLAHUASI.CIRCUITO 1 Y 2 220KV</name>
	<Style><LineStyle><color>ff0000ff</color></LineStyle><PolyStyle><fill>0</fill></PolyStyle></Style>
	<ExtendedData><SchemaData schemaUrl="#lineas_sing">
		<SimpleData name="OBJECTID">51</SimpleData>
		<SimpleData name="gml_id">lt_sing_1c966bdb_e893_4b2d_b52e_5945a9a8a68b.25</SimpleData>
		<SimpleData name="layer">Unknown Line Type</SimpleData>
		<SimpleData name="elevation">0</SimpleData>
		<SimpleData name="nombre">LAGUNAS - COLLAHUASI.CIRCUITO 1 Y 2 220KV</SimpleData>
		<SimpleData name="circuito">C1 - C2</SimpleData>
		<SimpleData name="tipo">SUBTRANSMISION</SimpleData>
		<SimpleData name="f_operacio">1998</SimpleData>
		<SimpleData name="long_km">147.756269738</SimpleData>
		<SimpleData name="tramo">LAGUNAS - COLLAHUASI</SimpleData>
		<SimpleData name="propiedad">MINERA COLLAHUASI</SimpleData>
		<SimpleData name="tension_kv">220</SimpleData>
		<SimpleData name="rca">S/I</SimpleData>
		<SimpleData name="sist_elect">SING</SimpleData>
		<SimpleData name="estado">EN OPERACION</SimpleData>
		<SimpleData name="region">REGION DE TARAPACA</SimpleData>
		<SimpleData name="provincia">IQUIQUE</SimpleData>
		<SimpleData name="comuna">PICA-POZO ALMONTE</SimpleData>
		<SimpleData name="fuente_bas">CNE</SimpleData>
		<SimpleData name="fech_crea">02-12-2014</SimpleData>
		<SimpleData name="fech_act">20/12/2016</SimpleData>
		<SimpleData name="Shape_Leng">0.334028738617516</SimpleData>
	</SchemaData></ExtendedData>
      <LineString><coordinates>-68.936135484,-20.8493838389999 -68.933539807,-20.850159931 -68.931213347,-20.850728267 -68.928819569,-20.851323652 -68.925993139,-20.852063389 -68.923868485,-20.8526317129999 -68.922253347,-20.8530737419999 -68.920060914,-20.85451846 -68.9164549069999,-20.8567847219999 -68.914396992,-20.8581481099999 -68.911627413,-20.8599628969999 -68.908848156,-20.861777633 -68.906242004,-20.863375559 -68.903501084,-20.865172156 -68.901221752,-20.8666527239999 -68.89823067,-20.868584628 -68.896374415,-20.8698033439999 -68.8939993449999,-20.870515715 -68.891143475,-20.871354249 -68.8885279849999,-20.872102534 -68.885595103,-20.872995139 -68.8822583319999,-20.873977775 -68.87864267,-20.875014361 -68.875603891,-20.8759428619999 -68.872565112,-20.876826131 -68.869737871,-20.8776372199999 -68.8663047219999,-20.8786556119999 -68.8625060959999,-20.879773034 -68.8594286909999,-20.880674109 -68.855264521,-20.8818904619999 -68.8522063039999,-20.8827462429999 -68.849224895,-20.883674323 -68.845483697,-20.884800452 -68.840992291,-20.886124589 -68.837231801,-20.887196305 -68.8341636709999,-20.8881330739999 -68.830585745,-20.8892228899999 -68.82875835,-20.889727071 -68.826142228,-20.8904834329999 -68.8217563699999,-20.891707776 -68.8186783959999,-20.892680398 -68.8135325059999,-20.8941567219999 -68.807097416,-20.8961464769999 -68.8038926629999,-20.898347545 -68.79869436,-20.902823215 -68.7929662,-20.9077860089999 -68.788104225,-20.9119726129999 -68.783908512,-20.914072673 -68.777713029,-20.9157724689999 -68.775673468,-20.916348086 -68.7733548749999,-20.9170136659999 -68.768611845,-20.918344587 -68.765475405,-20.9192438769999 -68.758288366,-20.921321097 -68.755517584,-20.922012899 -68.75124564,-20.923244616 -68.74331735,-20.9255279409999 -68.7398632319999,-20.9264353139999 -68.7335031069999,-20.928223601 -68.7267290569999,-20.9301374849999 -68.719772005,-20.932105012 -68.714373618,-20.9336592299999 -68.7101107409999,-20.9348357109999 -68.7066442949999,-20.936926054 -68.69852614,-20.942080281 -68.692102646,-20.946080622 -68.6855247999999,-20.9501346449999 -68.6831815579999,-20.9529403789999 -68.681704242,-20.9556031289999 -68.679869831,-20.958798294 -68.677639708,-20.9625709659999 -68.676500244,-20.9646018129999 -68.675824227,-20.965829368 -68.675370427,-20.966605564 -68.673733985,-20.967108432 -68.67064408,-20.968006047 -68.666533758,-20.9692088219999 -68.6635592279999,-20.970097498 -68.6597182959999,-20.971237389 -68.6546354719999,-20.972745139 -68.6501783209999,-20.9740552389999 -68.64562979,-20.973286856 -68.643581529,-20.972939234 -68.642193338,-20.9741561239999 -68.6387034259999,-20.9772389149999 -68.637315179,-20.9784467279999</coordinates></LineString>
  </Placemark>
  <Placemark id="lineas_sing.52">
	<name>CONDORES - PALAFITOS 110KV</name>
	<Style><LineStyle><color>ff0000ff</color></LineStyle><PolyStyle><fill>0</fill></PolyStyle></Style>
	<ExtendedData><SchemaData schemaUrl="#lineas_sing">
		<SimpleData name="OBJECTID">52</SimpleData>
		<SimpleData name="gml_id">lt_sing_1c966bdb_e893_4b2d_b52e_5945a9a8a68b.44</SimpleData>
		<SimpleData name="layer">Unknown Line Type</SimpleData>
		<SimpleData name="elevation">0</SimpleData>
		<SimpleData name="nombre">CONDORES - PALAFITOS 110KV</SimpleData>
		<SimpleData name="circuito">C1</SimpleData>
		<SimpleData name="tipo">SUBTRANSMISION</SimpleData>
		<SimpleData name="f_operacio">2002</SimpleData>
		<SimpleData name="long_km">8.58080595648</SimpleData>
		<SimpleData name="tramo">CONDORES - PALAFITOS</SimpleData>
		<SimpleData name="propiedad">EMEL</SimpleData>
		<SimpleData name="tension_kv">110</SimpleData>
		<SimpleData name="rca">S/I</SimpleData>
		<SimpleData name="sist_elect">SING</SimpleData>
		<SimpleData name="estado">EN OPERACION</SimpleData>
		<SimpleData name="region">REGION DE TARAPACA</SimpleData>
		<SimpleData name="provincia">IQUIQUE</SimpleData>
		<SimpleData name="comuna">ALTO HOSPICIO-IQUIQUE</SimpleData>
		<SimpleData name="fuente_bas">CNE</SimpleData>
		<SimpleData name="fech_crea">02-12-2014</SimpleData>
		<SimpleData name="fech_act">20/12/2016</SimpleData>
		<SimpleData name="Shape_Leng">0.079782096100591</SimpleData>
	</SchemaData></ExtendedData>
      <LineString><coordinates>-70.081166635,-20.248884274 -70.081475299,-20.2464519019999 -70.082490724,-20.2451626389999 -70.086048529,-20.244661783 -70.088755455,-20.244328772 -70.089989095,-20.244140407 -70.0935276989999,-20.2436395199999 -70.096769965,-20.2432036609999 -70.099773018,-20.2427873139999 -70.102852635,-20.242370434 -70.10410551,-20.242199921 -70.106441885,-20.2382187699999 -70.106773275,-20.237701676 -70.109678205,-20.2329218049999 -70.109787684,-20.23216216 -70.110207536,-20.229277291 -70.110715458,-20.2253166799999 -70.111079264,-20.222630936 -70.111115689,-20.222368686 -70.112712895,-20.219494427 -70.1137901939999,-20.217545038 -70.11582261,-20.2139722859999 -70.1163706999999,-20.212983971 -70.1176088719999,-20.2107895899999 -70.1183073409999,-20.2107580389999 -70.121416919,-20.2106117229999 -70.124852085,-20.210490373 -70.1257507349999,-20.2116772549999 -70.126513457,-20.2125939479999 -70.126967513,-20.213178319 -70.1278462069999,-20.214247859 -70.128628813,-20.2152638009999 -70.128800317,-20.216482441 -70.1289518999999,-20.217592786 -70.129083365,-20.218567734 -70.130173433,-20.2184161599999 -70.13069939,-20.218349529 -70.1315122839999,-20.2182539419999</coordinates></LineString>
  </Placemark>
  <Placemark id="lineas_sing.53">
	<name>TAP OFF BARRILES - MANTOS DE LA LUNA 110KV</name>
	<Style><LineStyle><color>ff0000ff</color></LineStyle><PolyStyle><fill>0</fill></PolyStyle></Style>
	<ExtendedData><SchemaData schemaUrl="#lineas_sing">
		<SimpleData name="OBJECTID">53</SimpleData>
		<SimpleData name="gml_id">lt_sing_1c966bdb_e893_4b2d_b52e_5945a9a8a68b.17</SimpleData>
		<SimpleData name="layer">Unknown Line Type</SimpleData>
		<SimpleData name="elevation">0</SimpleData>
		<SimpleData name="nombre">TAP OFF BARRILES - MANTOS DE LA LUNA 110KV</SimpleData>
		<SimpleData name="circuito">C1</SimpleData>
		<SimpleData name="tipo">ADICIONAL</SimpleData>
		<SimpleData name="f_operacio">2006</SimpleData>
		<SimpleData name="long_km">29.2404686178</SimpleData>
		<SimpleData name="tramo">TAP OFF BARRILES - MANTOS DE LA LUNA</SimpleData>
		<SimpleData name="propiedad">GRACE</SimpleData>
		<SimpleData name="tension_kv">110</SimpleData>
		<SimpleData name="rca">S/I</SimpleData>
		<SimpleData name="sist_elect">SING</SimpleData>
		<SimpleData name="estado">EN OPERACION</SimpleData>
		<SimpleData name="region">REGION DE ANTOFAGASTA</SimpleData>
		<SimpleData name="provincia">TOCOPILLA</SimpleData>
		<SimpleData name="comuna">TOCOPILLA</SimpleData>
		<SimpleData name="fuente_bas">CNE</SimpleData>
		<SimpleData name="fech_crea">02-12-2014</SimpleData>
		<SimpleData name="fech_act">20/12/2016</SimpleData>
		<SimpleData name="Shape_Leng">0.269241689955446</SimpleData>
	</SchemaData></ExtendedData>
      <LineString><coordinates>-70.067957473,-22.165112709 -70.067955415,-22.165081621 -70.0704019679999,-22.1656269289999 -70.070412873,-22.1656070019999 -70.072863425,-22.166146736 -70.072865868,-22.16611971 -70.07299503,-22.166136782 -70.072999054,-22.166105934 -70.0730091779999,-22.166070087 -70.07472365,-22.168072176 -70.074725241,-22.1680466999999 -70.074747008,-22.1680358429999 -70.074940512,-22.1681756309999 -70.074922891,-22.1681973359999 -70.076589473,-22.1694104219999 -70.076607455,-22.1693940609999 -70.0785497049999,-22.1708476929999 -70.0785681,-22.1708256929999 -70.079875903,-22.172842788 -70.079824996,-22.172839106 -70.079995157,-22.1746305569999 -70.080109835,-22.176411645 -70.080128499,-22.1781307319999 -70.080164152,-22.178121833 -70.081300066,-22.17977622 -70.082345565,-22.181330949 -70.083332862,-22.1828159949999 -70.08447196,-22.184540469 -70.084495951,-22.184527067 -70.085648001,-22.1857698049999 -70.087084878,-22.1873202369999 -70.088331478,-22.1886260429999 -70.089644585,-22.1900201619999 -70.0909354469999,-22.1913841579999 -70.092177315,-22.192728571 -70.092203194,-22.192714694 -70.093460367,-22.1940719739999 -70.0947934439999,-22.195478894 -70.0960570089999,-22.1968197959999 -70.097268711,-22.1981181369999 -70.098633865,-22.1995685269999 -70.099811946,-22.2008409049999 -70.09983383,-22.2008271619999 -70.101125554,-22.2022785579999 -70.1024369,-22.2037436209999 -70.103601968,-22.2050772109999 -70.1048484039999,-22.206473409 -70.106179637,-22.2079594319999 -70.107509324,-22.209441343 -70.108803548,-22.2108967369999 -70.110158315,-22.212380504 -70.110122729,-22.212351976 -70.110688549,-22.214407566 -70.1112018279999,-22.2163712199999 -70.111730447,-22.218308453 -70.1122324259999,-22.2202033739999 -70.112254965,-22.2201875659999 -70.113703888,-22.221312293 -70.1152035759999,-22.222451716 -70.1166697799999,-22.2235523759999 -70.118203114,-22.22472385 -70.12041554,-22.226411561 -70.120430701,-22.226398928 -70.122750748,-22.228142708 -70.1242475669999,-22.2292375919999 -70.125729861,-22.2303418119999 -70.127282137,-22.2314936779999 -70.1288266079999,-22.232638419 -70.1288058769999,-22.232652103 -70.130068493,-22.233712044 -70.130042676,-22.2337086909999 -70.130967499,-22.235300063 -70.131882709,-22.236906093 -70.132543632,-22.2380624259999 -70.1337310709999,-22.240122282 -70.133705081,-22.240134956 -70.134214935,-22.240940027 -70.13424664,-22.240941821 -70.135071818,-22.2424919279999 -70.1350983679999,-22.24247888 -70.1358914469999,-22.243896611 -70.135880324,-22.243943046 -70.13773589,-22.246741082 -70.138707836,-22.2482651999999 -70.139693424,-22.2497565969999 -70.1407513519999,-22.2513480989999 -70.1417286719999,-22.252854264 -70.142756387,-22.2544596829999 -70.1427812329999,-22.254460168 -70.144509118,-22.256874486 -70.144519787,-22.2568450709999 -70.144934011,-22.257409868 -70.145477974,-22.258177315 -70.145465068,-22.258198869 -70.1470117119999,-22.260410785 -70.148128559,-22.262019058 -70.149130117,-22.263466313 -70.150203402,-22.265021421 -70.15121103,-22.2664815709999 -70.1522192039999,-22.267924104 -70.153309303,-22.269484372 -70.153289098,-22.269496213 -70.1549452959999,-22.2738977989999 -70.154924444,-22.273910133 -70.1559439009999,-22.2761992339999 -70.1559687709999,-22.276206843 -70.156575924,-22.277795461 -70.157096993,-22.2791056259999 -70.1577294159999,-22.280754045 -70.15838002,-22.282429222 -70.159069073,-22.2841580209999 -70.1590443919999,-22.2841663899999 -70.1597490249999,-22.285865148 -70.1604436769999,-22.2876106099999 -70.16111259,-22.28925092 -70.16176417,-22.290917599 -70.1617454399999,-22.290928546 -70.162442767,-22.2926390379999 -70.1631046319999,-22.2942872269999 -70.1637664739999,-22.2960454519999 -70.164421884,-22.2976953969999 -70.1649962549999,-22.299113414 -70.1649683589999,-22.2991195939999 -70.165443102,-22.3003449739999 -70.1654601069999,-22.300359919 -70.166071812,-22.3019318899999 -70.1660454239999,-22.3019420159999 -70.166728472,-22.3035828339999 -70.166690371,-22.30360504 -70.16801414,-22.3063845259999 -70.1679868809999,-22.3063996989999 -70.168100302,-22.3082820929999 -70.168103975,-22.3082509939999 -70.1680972089999,-22.310068042 -70.168024967,-22.3117978889999 -70.168117933,-22.313135512 -70.1681468949999,-22.3155626719999 -70.168171692,-22.317255669 -70.168170952,-22.319019162 -70.168219994,-22.319005666 -70.168204105,-22.321513792 -70.168204159,-22.3244732109999 -70.1682320469999,-22.324469027 -70.16823764,-22.3263208399999 -70.168246567,-22.328093656 -70.168258935,-22.329950831 -70.168275867,-22.33168303 -70.168323798,-22.333573224 -70.1683081099999,-22.3357006379999 -70.168336573,-22.3357046149999 -70.168350102,-22.337707199 -70.168337414,-22.337709811 -70.168391314,-22.342020068 -70.1683631669999,-22.342020361 -70.168372865,-22.343241153 -70.168401272,-22.3432393309999 -70.168381191,-22.3453432429999 -70.168411336,-22.34534149 -70.1683916809999,-22.3473437329999 -70.168419985,-22.347344649 -70.168405685,-22.3510512139999 -70.168432695,-22.35105419 -70.1684441959999,-22.353089005 -70.168477222,-22.353079716 -70.168440332,-22.356207501 -70.1684672329999,-22.356212356 -70.1684479739999,-22.357626629 -70.168476964,-22.357625788 -70.168472913,-22.360373124 -70.168447624,-22.3603589439999 -70.168520519,-22.362781581 -70.16849182,-22.3627789519999 -70.168516773,-22.3639062309999 -70.1685261009999,-22.36506829 -70.168534014,-22.365886191 -70.1685491379999,-22.367677569 -70.168564365,-22.369469398 -70.168577579,-22.371020987 -70.1686087959999,-22.3727071239999 -70.168580369,-22.3727129659999 -70.167705097,-22.3739753139999 -70.167681793,-22.373959675 -70.166734875,-22.375293977 -70.165786222,-22.376602786 -70.164834393,-22.377916066 -70.1638836929999,-22.3792270829999 -70.162958566,-22.380510859 -70.162928882,-22.380509419 -70.1639387549999,-22.3821988079999 -70.1639098049999,-22.382202783 -70.165479149,-22.3831533069999 -70.1670218039999,-22.3840946039999 -70.168391135,-22.3849315169999 -70.169534302,-22.385632158 -70.170727773,-22.3863512789999 -70.170716319,-22.3863764549999 -70.171771088,-22.3870257629999 -70.171789987,-22.3870057359999 -70.1732139809999,-22.3878935609999 -70.173225019,-22.3878696969999</coordinates></LineString>
  </Placemark>
  <Placemark id="lineas_sing.54">
	<name>MEJILLONES - ANTOFAGASTA 110KV</name>
	<Style><LineStyle><color>ff0000ff</color></LineStyle><PolyStyle><fill>0</fill></PolyStyle></Style>
	<ExtendedData><SchemaData schemaUrl="#lineas_sing">
		<SimpleData name="OBJECTID">54</SimpleData>
		<SimpleData name="gml_id">lt_sing_1c966bdb_e893_4b2d_b52e_5945a9a8a68b.18</SimpleData>
		<SimpleData name="layer">Unknown Line Type</SimpleData>
		<SimpleData name="elevation">0</SimpleData>
		<SimpleData name="nombre">MEJILLONES - ANTOFAGASTA 110KV</SimpleData>
		<SimpleData name="circuito">C1</SimpleData>
		<SimpleData name="tipo">ADICIONAL</SimpleData>
		<SimpleData name="f_operacio">1987</SimpleData>
		<SimpleData name="long_km">62.2644529455</SimpleData>
		<SimpleData name="tramo">ANTOFAGASTA - T.O PAMPA / T.O. DESALANT - MEJILLONES</SimpleData>
		<SimpleData name="propiedad">E-CL</SimpleData>
		<SimpleData name="tension_kv">110</SimpleData>
		<SimpleData name="rca">S/I</SimpleData>
		<SimpleData name="sist_elect">SING</SimpleData>
		<SimpleData name="estado">EN OPERACION</SimpleData>
		<SimpleData name="region">REGION DE ANTOFAGASTA</SimpleData>
		<SimpleData name="provincia">ANTOFAGASTA</SimpleData>
		<SimpleData name="comuna">ANTOFAGASTA-MEJILLONES</SimpleData>
		<SimpleData name="fuente_bas">CNE</SimpleData>
		<SimpleData name="fech_crea">02-12-2014</SimpleData>
		<SimpleData name="fech_act">20/12/2016</SimpleData>
		<SimpleData name="Shape_Leng">0.566825703796504</SimpleData>
	</SchemaData></ExtendedData>
      <LineString><coordinates>-70.377431251,-23.630844942 -70.3779447589999,-23.630271432 -70.3683830849999,-23.6241608349999 -70.36891339,-23.5997273569999 -70.369061608,-23.594181019 -70.37088232,-23.5751276 -70.377168555,-23.5437253599999 -70.402972274,-23.484784251 -70.416859153,-23.463986651 -70.4261873029999,-23.432871083 -70.4324257229999,-23.409613276 -70.432352083,-23.4036805609999 -70.428840999,-23.3755719129999 -70.429380467,-23.374790311 -70.4155459569999,-23.304554416 -70.41480705,-23.304028246 -70.391037508,-23.255137868 -70.4071029259999,-23.208194567 -70.429997398,-23.139377324 -70.421501602,-23.0967809169999</coordinates></LineString>
  </Placemark>
  <Placemark id="lineas_sing.55">
	<name>MEJILLONES - EL LINCE 110KV</name>
	<Style><LineStyle><color>ff0000ff</color></LineStyle><PolyStyle><fill>0</fill></PolyStyle></Style>
	<ExtendedData><SchemaData schemaUrl="#lineas_sing">
		<SimpleData name="OBJECTID">55</SimpleData>
		<SimpleData name="gml_id">lt_sing_1c966bdb_e893_4b2d_b52e_5945a9a8a68b.19</SimpleData>
		<SimpleData name="layer">Unknown Line Type</SimpleData>
		<SimpleData name="elevation">0</SimpleData>
		<SimpleData name="nombre">MEJILLONES - EL LINCE 110KV</SimpleData>
		<SimpleData name="circuito">C1</SimpleData>
		<SimpleData name="tipo">ADICIONAL</SimpleData>
		<SimpleData name="f_operacio">1991</SimpleData>
		<SimpleData name="long_km">73.6103872767</SimpleData>
		<SimpleData name="tramo">MEJILLONES- LINCE</SimpleData>
		<SimpleData name="propiedad">MINERA MICHILLA</SimpleData>
		<SimpleData name="tension_kv">110</SimpleData>
		<SimpleData name="rca">S/I</SimpleData>
		<SimpleData name="sist_elect">SING</SimpleData>
		<SimpleData name="estado">EN OPERACION</SimpleData>
		<SimpleData name="region">REGION DE ANTOFAGASTA</SimpleData>
		<SimpleData name="provincia">ANTOFAGASTA</SimpleData>
		<SimpleData name="comuna">MEJILLONES</SimpleData>
		<SimpleData name="fuente_bas">CNE</SimpleData>
		<SimpleData name="fech_crea">02-12-2014</SimpleData>
		<SimpleData name="fech_act">20/12/2016</SimpleData>
		<SimpleData name="Shape_Leng">0.681243272131618</SimpleData>
	</SchemaData></ExtendedData>
      <LineString><coordinates>-70.419651576,-23.095388667 -70.4201807969999,-23.095582598 -70.420736056,-23.0945389899999 -70.418372404,-23.0935035699999 -70.335978714,-23.1332569429999 -70.295315019,-23.138401126 -70.280263315,-23.144349545 -70.271075814,-23.142581434 -70.2656585129999,-23.144991346 -70.2638406949999,-23.144861426 -70.261232166,-23.139553583 -70.248248629,-23.134888141 -70.2433422129999,-23.120692762 -70.229503759,-23.0980138219999 -70.214533909,-23.071648077 -70.199084043,-23.048806751 -70.189792892,-23.005477914 -70.1818006299999,-22.925639449 -70.174914671,-22.899424876 -70.1696896129999,-22.8380168639999 -70.1786826969999,-22.809562028 -70.1952805609999,-22.784545431 -70.202594545,-22.753247717 -70.2108795,-22.6998491909999 -70.207382899,-22.6874290009999 -70.190227158,-22.67903991 -70.1896601569999,-22.678755086</coordinates></LineString>
  </Placemark>
  <Placemark id="lineas_sing.56">
	<name>MEJILLONES - ENAEX 110KV</name>
	<Style><LineStyle><color>ff0000ff</color></LineStyle><PolyStyle><fill>0</fill></PolyStyle></Style>
	<ExtendedData><SchemaData schemaUrl="#lineas_sing">
		<SimpleData name="OBJECTID">56</SimpleData>
		<SimpleData name="gml_id">lt_sing_1c966bdb_e893_4b2d_b52e_5945a9a8a68b.20</SimpleData>
		<SimpleData name="layer">Unknown Line Type</SimpleData>
		<SimpleData name="elevation">0</SimpleData>
		<SimpleData name="nombre">MEJILLONES - ENAEX 110KV</SimpleData>
		<SimpleData name="circuito">C1</SimpleData>
		<SimpleData name="tipo">ADICIONAL</SimpleData>
		<SimpleData name="f_operacio">1999</SimpleData>
		<SimpleData name="long_km">1.49023172683</SimpleData>
		<SimpleData name="tramo">SS/EE MEJILLONES - SS/EE ENAEX</SimpleData>
		<SimpleData name="propiedad">ENAEX</SimpleData>
		<SimpleData name="tension_kv">100</SimpleData>
		<SimpleData name="rca">S/I</SimpleData>
		<SimpleData name="sist_elect">SING</SimpleData>
		<SimpleData name="estado">EN OPERACION</SimpleData>
		<SimpleData name="region">REGION DE ANTOFAGASTA</SimpleData>
		<SimpleData name="provincia">ANTOFAGASTA</SimpleData>
		<SimpleData name="comuna">MEJILLONES</SimpleData>
		<SimpleData name="fuente_bas">CNE</SimpleData>
		<SimpleData name="fech_crea">02-12-2014</SimpleData>
		<SimpleData name="fech_act">20/12/2016</SimpleData>
		<SimpleData name="Shape_Leng">0.014144492272006</SimpleData>
	</SchemaData></ExtendedData>
      <LineString><coordinates>-70.4300702369999,-23.095968367 -70.4288523,-23.095668626 -70.4279384239999,-23.098846098 -70.4278096259999,-23.098816014 -70.421532376,-23.097070548 -70.419897984,-23.096326711 -70.419836931,-23.095310775 -70.4197254859999,-23.0952592149999</coordinates></LineString>
  </Placemark>
  <Placemark id="lineas_sing.57">
	<name>ESMERALDA - URIBE 110KV</name>
	<Style><LineStyle><color>ff0000ff</color></LineStyle><PolyStyle><fill>0</fill></PolyStyle></Style>
	<ExtendedData><SchemaData schemaUrl="#lineas_sing">
		<SimpleData name="OBJECTID">57</SimpleData>
		<SimpleData name="gml_id">lt_sing_1c966bdb_e893_4b2d_b52e_5945a9a8a68b.21</SimpleData>
		<SimpleData name="layer">Unknown Line Type</SimpleData>
		<SimpleData name="elevation">0</SimpleData>
		<SimpleData name="nombre">ESMERALDA - URIBE 110KV</SimpleData>
		<SimpleData name="circuito">C1</SimpleData>
		<SimpleData name="tipo">SUBTRANSMISION</SimpleData>
		<SimpleData name="f_operacio">2002</SimpleData>
		<SimpleData name="long_km">16.0969042432</SimpleData>
		<SimpleData name="tramo">ESMERALDA - URIBE</SimpleData>
		<SimpleData name="propiedad">EMEL</SimpleData>
		<SimpleData name="tension_kv">110</SimpleData>
		<SimpleData name="rca">S/I</SimpleData>
		<SimpleData name="sist_elect">SING</SimpleData>
		<SimpleData name="estado">EN OPERACION</SimpleData>
		<SimpleData name="region">REGION DE ANTOFAGASTA</SimpleData>
		<SimpleData name="provincia">ANTOFAGASTA</SimpleData>
		<SimpleData name="comuna">ANTOFAGASTA</SimpleData>
		<SimpleData name="fuente_bas">CNE</SimpleData>
		<SimpleData name="fech_crea">02-12-2014</SimpleData>
		<SimpleData name="fech_act">20/12/2016</SimpleData>
		<SimpleData name="Shape_Leng">0.153173470762276</SimpleData>
	</SchemaData></ExtendedData>
      <LineString><coordinates>-70.38986734,-23.6723392809999 -70.386029588,-23.668246559 -70.384879204,-23.667010585 -70.3824890559999,-23.6634918239999 -70.3810349679999,-23.6613373769999 -70.379879954,-23.659649857 -70.379586608,-23.65785532 -70.378851249,-23.653174824 -70.37861997,-23.651686781 -70.37791722,-23.647304005 -70.3774960059999,-23.6445262239999 -70.376887607,-23.640720578 -70.376593697,-23.638862816 -70.374344083,-23.6355864769999 -70.3724021899999,-23.6326686159999 -70.3694765499999,-23.628458956 -70.368366689,-23.628242976 -70.367787117,-23.628121654 -70.3625217219999,-23.627002994 -70.360023424,-23.626166973 -70.356826691,-23.6250841519999 -70.354170627,-23.624150072 -70.351572405,-23.624073387 -70.349886302,-23.6240519419999 -70.345700355,-23.623988964 -70.3418870199999,-23.623940714 -70.339975497,-23.62392111 -70.338671531,-23.6238872119999 -70.3378425769999,-23.623334437 -70.336028886,-23.623295879 -70.333754832,-23.6232883509999 -70.3313628929999,-23.6232547079999 -70.3283738339999,-23.6232983909999 -70.32523794,-23.6233613319999 -70.32140627,-23.6234391679999 -70.3200536639999,-23.623441651 -70.3178392139999,-23.623514663 -70.315580686,-23.623100337 -70.311429085,-23.622548461 -70.3079681679999,-23.621466847 -70.305136337,-23.6205604859999 -70.301999919,-23.619575348 -70.2983909829999,-23.6183773509999 -70.297506265,-23.6181138159999 -70.295019006,-23.6173488819999 -70.293986584,-23.6170143099999 -70.293264541,-23.6173454509999 -70.2893307309999,-23.6159873839999 -70.286410045,-23.614991098 -70.284000776,-23.614171149 -70.282213965,-23.611846842 -70.280178974,-23.6091904039999 -70.278352664,-23.606821215 -70.2765659679999,-23.6044878019999 -70.274819146,-23.602217256 -70.274463748,-23.6019492369999</coordinates></LineString>
  </Placemark>
  <Placemark id="lineas_sing.58">
	<name>K1 - 10 100KV</name>
	<Style><LineStyle><color>ff0000ff</color></LineStyle><PolyStyle><fill>0</fill></PolyStyle></Style>
	<ExtendedData><SchemaData schemaUrl="#lineas_sing">
		<SimpleData name="OBJECTID">58</SimpleData>
		<SimpleData name="gml_id">lt_sing_1c966bdb_e893_4b2d_b52e_5945a9a8a68b.32</SimpleData>
		<SimpleData name="layer">Unknown Line Type</SimpleData>
		<SimpleData name="elevation">0</SimpleData>
		<SimpleData name="nombre">K1 - 10 100KV</SimpleData>
		<SimpleData name="circuito">C1</SimpleData>
		<SimpleData name="tipo">SUBTRANSMISION</SimpleData>
		<SimpleData name="f_operacio">1988</SimpleData>
		<SimpleData name="long_km">0.633606323174</SimpleData>
		<SimpleData name="tramo">S-E K1 / TORRE VERTICE 1,2,3 / S-E 10</SimpleData>
		<SimpleData name="propiedad">CODELCO NORTE</SimpleData>
		<SimpleData name="tension_kv">100</SimpleData>
		<SimpleData name="rca">S/I</SimpleData>
		<SimpleData name="sist_elect">SING</SimpleData>
		<SimpleData name="estado">EN OPERACION</SimpleData>
		<SimpleData name="region">REGION DE ANTOFAGASTA</SimpleData>
		<SimpleData name="provincia">EL LOA</SimpleData>
		<SimpleData name="comuna">CALAMA</SimpleData>
		<SimpleData name="fuente_bas">CNE</SimpleData>
		<SimpleData name="fech_crea">02-12-2014</SimpleData>
		<SimpleData name="fech_act">20/12/2016</SimpleData>
		<SimpleData name="Shape_Leng">0.005780414459484</SimpleData>
	</SchemaData></ExtendedData>
      <LineString><coordinates>-68.8946882939999,-22.3046061539999 -68.894901306,-22.305383235 -68.8956964349999,-22.3067298469999 -68.8966268999999,-22.308898654 -68.896548455,-22.3099465729999</coordinates></LineString>
  </Placemark>
  <Placemark id="lineas_sing.59">
	<name>LINEA 110 KV CHUQUICAMATA - KM6</name>
	<Style><LineStyle><color>ff0000ff</color></LineStyle><PolyStyle><fill>0</fill></PolyStyle></Style>
	<ExtendedData><SchemaData schemaUrl="#lineas_sing">
		<SimpleData name="OBJECTID">59</SimpleData>
		<SimpleData name="gml_id">lt_sing_1c966bdb_e893_4b2d_b52e_5945a9a8a68b.33</SimpleData>
		<SimpleData name="layer">Unknown Line Type</SimpleData>
		<SimpleData name="elevation">0</SimpleData>
		<SimpleData name="nombre">LINEA 110 KV CHUQUICAMATA - KM6</SimpleData>
		<SimpleData name="circuito">C1</SimpleData>
		<SimpleData name="tipo">SUBTRANSMISION</SimpleData>
		<SimpleData name="f_operacio">1988</SimpleData>
		<SimpleData name="long_km">6.25534942448</SimpleData>
		<SimpleData name="tramo">S-E KM-6 / TORRE N 1 VERTICE 1,2,3,4,5,6,6,7,8,9,10,11,12,13,14,15,16,17,18,19,20,21,22 / PATIO MUFA</SimpleData>
		<SimpleData name="propiedad">CODELCO NORTE</SimpleData>
		<SimpleData name="tension_kv">100</SimpleData>
		<SimpleData name="rca">S/I</SimpleData>
		<SimpleData name="sist_elect">SING</SimpleData>
		<SimpleData name="estado">EN OPERACION</SimpleData>
		<SimpleData name="region">REGION DE ANTOFAGASTA</SimpleData>
		<SimpleData name="provincia">EL LOA</SimpleData>
		<SimpleData name="comuna">CALAMA</SimpleData>
		<SimpleData name="fuente_bas">CNE</SimpleData>
		<SimpleData name="fech_crea">02-12-2014</SimpleData>
		<SimpleData name="fech_act">20/12/2016</SimpleData>
		<SimpleData name="Shape_Leng">0.059232878366861</SimpleData>
	</SchemaData></ExtendedData>
      <LineString><coordinates>-68.884128929,-22.3234894829999 -68.884255302,-22.3233179229999 -68.8869474259999,-22.320311435 -68.8971465399999,-22.315250036 -68.898322659,-22.3135071749999 -68.899401746,-22.3116377659999 -68.901490015,-22.3105459079999 -68.902898009,-22.310320901 -68.9031408769999,-22.3101222939999 -68.90331688,-22.3083245899999 -68.9032789459999,-22.3070146059999 -68.9034250029999,-22.3064003659999 -68.90383302,-22.306048274 -68.904425529,-22.305660152 -68.909648096,-22.30693697 -68.909871107,-22.307397839 -68.910850949,-22.308608966 -68.9121804009999,-22.3097208999999 -68.917257663,-22.310807676 -68.918879427,-22.3102574069999 -68.921490697,-22.311171148 -68.9228403709999,-22.3110182139999 -68.9242293039999,-22.3100793099999 -68.924356458,-22.3083447999999 -68.922561602,-22.30594085 -68.919852824,-22.305921466 -68.918969182,-22.306146882</coordinates></LineString>
  </Placemark>
  <Placemark id="lineas_sing.60">
	<name>MEJILLONES - O'HIGGINS 220KV</name>
	<Style><LineStyle><color>ff0000ff</color></LineStyle><PolyStyle><fill>0</fill></PolyStyle></Style>
	<ExtendedData><SchemaData schemaUrl="#lineas_sing">
		<SimpleData name="OBJECTID">60</SimpleData>
		<SimpleData name="gml_id">lt_sing_1c966bdb_e893_4b2d_b52e_5945a9a8a68b.22</SimpleData>
		<SimpleData name="layer">Unknown Line Type</SimpleData>
		<SimpleData name="elevation">0</SimpleData>
		<SimpleData name="nombre">MEJILLONES - O'HIGGINS 220KV</SimpleData>
		<SimpleData name="circuito">C1</SimpleData>
		<SimpleData name="tipo">ADICIONAL</SimpleData>
		<SimpleData name="f_operacio">1993</SimpleData>
		<SimpleData name="long_km">73.9370663495</SimpleData>
		<SimpleData name="tramo">MEJILLONES - OHIGGINS</SimpleData>
		<SimpleData name="propiedad">MINERA ESCONDIDA</SimpleData>
		<SimpleData name="tension_kv">220</SimpleData>
		<SimpleData name="rca">S/I</SimpleData>
		<SimpleData name="sist_elect">SING</SimpleData>
		<SimpleData name="estado">EN OPERACION</SimpleData>
		<SimpleData name="region">REGION DE ANTOFAGASTA</SimpleData>
		<SimpleData name="provincia">ANTOFAGASTA</SimpleData>
		<SimpleData name="comuna">ANTOFAGASTA-MEJILLONES</SimpleData>
		<SimpleData name="fuente_bas">CNE</SimpleData>
		<SimpleData name="fech_crea">02-12-2014</SimpleData>
		<SimpleData name="fech_act">20/12/2016</SimpleData>
		<SimpleData name="Shape_Leng">0.678196431144374</SimpleData>
	</SchemaData></ExtendedData>
      <LineString><coordinates>-70.417368853,-23.094380894 -70.4167398719999,-23.09539581 -70.419668707,-23.097814205 -70.4227762909999,-23.1003956009999 -70.4235621989999,-23.104381566 -70.424326787,-23.1081418709999 -70.425092804,-23.11196089 -70.4257827009999,-23.11536497 -70.4264027579999,-23.1184649159999 -70.42699871,-23.1214714239999 -70.427595781,-23.1244359419999 -70.4282357719999,-23.1276518509999 -70.4290098079999,-23.1307833339999 -70.4294955829999,-23.1339076519999 -70.430128794,-23.1369775389999 -70.430652444,-23.139711914 -70.431253894,-23.142709081 -70.4303050619999,-23.1455112859999 -70.429454688,-23.148082051 -70.4284582929999,-23.151046494 -70.427266478,-23.154621049 -70.426111002,-23.158032722 -70.424914706,-23.1615539389999 -70.423732715,-23.165118859 -70.422578673,-23.168496045 -70.4214524889999,-23.1719356999999 -70.420315972,-23.175181424 -70.4192580819999,-23.1784396259999 -70.418236555,-23.18180583 -70.417235787,-23.184829339 -70.416229115,-23.187800233 -70.415178972,-23.190883949 -70.41425814,-23.1936484829999 -70.413333376,-23.1963323649999 -70.412302386,-23.199440593 -70.4111851449999,-23.202738229 -70.4099580819999,-23.206369218 -70.408624936,-23.210382384 -70.4074760729999,-23.2137864749999 -70.406261085,-23.2173686209999 -70.405022145,-23.221045095 -70.403894593,-23.224409297 -70.402665825,-23.228048561 -70.401561831,-23.231321367 -70.4005272059999,-23.234377501 -70.399559494,-23.2372687779999 -70.398545433,-23.240273214 -70.3973924749999,-23.243662131 -70.3960990959999,-23.2475045469999 -70.394857901,-23.2512040949999 -70.3937556669999,-23.2545419059999 -70.392697824,-23.257653451 -70.39166812,-23.260658715 -70.390680286,-23.263676774 -70.3896248999999,-23.2668242939999 -70.3887619989999,-23.2706018989999 -70.388096999,-23.2741758989999 -70.3874109989999,-23.2778529 -70.386750999,-23.281501899 -70.385976999,-23.2854568989999 -70.385277999,-23.289166899 -70.3844159989999,-23.2937888989999 -70.383807406,-23.2964185549999 -70.383280385,-23.2994562549999 -70.3801876479999,-23.3024284379999 -70.377543999,-23.305122899 -70.374940999,-23.307669899 -70.371721999,-23.310776899 -70.3681409989999,-23.3142199 -70.364404956,-23.3177804179999 -70.3601689989999,-23.3219788989999 -70.357900999,-23.3241619 -70.3561809989999,-23.3258858999999 -70.353978669,-23.327930711 -70.351541271,-23.330371757 -70.350023826,-23.331858159 -70.348917999,-23.333330899 -70.346557999,-23.3365209 -70.344629686,-23.3391025029999 -70.342466571,-23.34199738 -70.340373999,-23.3448648999999 -70.339554999,-23.3459708999999 -70.336492806,-23.3488664719999 -70.333537999,-23.3517118999999 -70.331498525,-23.3536418469999 -70.3287402509999,-23.3562668669999 -70.326061086,-23.358825183 -70.323410754,-23.361360023 -70.3209846669999,-23.363652459 -70.318750284,-23.365796879 -70.316706725,-23.3677452809999 -70.31430919,-23.370037962 -70.312541999,-23.3719168989999 -70.3106541669999,-23.373956227 -70.307632999,-23.3772218999999 -70.30500409,-23.3800331699999 -70.3025866139999,-23.3826396119999 -70.3003526159999,-23.3850410979999 -70.298287752,-23.387271314 -70.2962489989999,-23.3894688999999 -70.293907272,-23.3919622729999 -70.291748847,-23.394320869 -70.290141999,-23.3960458999999 -70.287790999,-23.3986449 -70.285517571,-23.401038118 -70.283005719,-23.4037162549999 -70.279872325,-23.4070865909999 -70.277502431,-23.409628412 -70.275228,-23.4120698999999 -70.2737612299999,-23.4136452399999 -70.273432999,-23.416444901 -70.272911999,-23.4209379 -70.272532,-23.4243569 -70.272058999,-23.4282999 -70.2718889989999,-23.4296778999999 -70.2702219989999,-23.4321489 -70.267942999,-23.4354809009999 -70.265976999,-23.4383589 -70.263878999,-23.4414288999999 -70.262466999,-23.4434608999999 -70.260845999,-23.4458819 -70.259381999,-23.4480288999999 -70.2593959989999,-23.4509009 -70.259448999,-23.4551169009999 -70.2594779999999,-23.4585939 -70.259516999,-23.4620768999999 -70.2595489989999,-23.4658599009999 -70.259585999,-23.4692209 -70.2596209989999,-23.4722389 -70.259655999,-23.4750728999999 -70.2596889989999,-23.4802079 -70.2597559989999,-23.4826098999999 -70.257038999,-23.4851338999999 -70.254762999,-23.4872579 -70.2524619989999,-23.4894239 -70.2499369989999,-23.4917268999999 -70.2470479999999,-23.4943919 -70.244449,-23.496826901 -70.2418079989999,-23.4992498999999 -70.241998999,-23.5031089 -70.2421919989999,-23.5068299 -70.2423739989999,-23.5109009 -70.242564999,-23.514572901 -70.2427319989999,-23.5184009 -70.242921999,-23.5222939 -70.243093,-23.5261118999999 -70.24322498,-23.529742749 -70.243459999,-23.5333719 -70.2436309989999,-23.5370968999999 -70.243797999,-23.5407549 -70.2439739989999,-23.5445989 -70.244162999,-23.5484949 -70.244354,-23.5521949 -70.2445079989999,-23.5559019 -70.244678999,-23.5593138999999 -70.244835,-23.5623988999999 -70.2429359989999,-23.5642409 -70.241162999,-23.5659739 -70.2411989989999,-23.5694678999999 -70.241231999,-23.5730629 -70.2412659989999,-23.5768459 -70.241315,-23.5804328999999 -70.2413389989999,-23.5844438999999 -70.2413559989999,-23.5880928999999 -70.241412999,-23.5918129 -70.2414499989999,-23.5955178999999 -70.241480999,-23.5991529 -70.241499999,-23.6028398999999 -70.241550999,-23.6064699 -70.241571999,-23.6101118999999 -70.241624999,-23.6139669 -70.241645999,-23.6175999 -70.241688999,-23.6212548999999 -70.2417219989999,-23.6248079 -70.241746999,-23.6286248989999 -70.241782999,-23.6322149 -70.241821999,-23.6358008999999 -70.241843999,-23.639569899 -70.241882999,-23.6429168999999 -70.2419019989999,-23.6460948989999 -70.241938999,-23.6490079 -70.241954999,-23.6521989 -70.240914999,-23.6556308999999 -70.239905999,-23.6588978999999 -70.238761999,-23.6626788999999 -70.237932999,-23.6654139 -70.237015,-23.6683909 -70.235996999,-23.6716749 -70.235114999,-23.6746319 -70.234048999,-23.6781169 -70.231513999,-23.6798439 -70.228774,-23.6817349 -70.2265429989999,-23.6832858999999 -70.223238999,-23.6855808999999 -70.220031999,-23.6877979 -70.2168429989999,-23.6900309 -70.2140469989999,-23.6919629</coordinates></LineString>
  </Placemark>
  <Placemark id="lineas_sing.61">
	<name>LABERINTO - MANTOS BLANCOS 220KV</name>
	<Style><LineStyle><color>ff0000ff</color></LineStyle><PolyStyle><fill>0</fill></PolyStyle></Style>
	<ExtendedData><SchemaData schemaUrl="#lineas_sing">
		<SimpleData name="OBJECTID">61</SimpleData>
		<SimpleData name="gml_id">lt_sing_1c966bdb_e893_4b2d_b52e_5945a9a8a68b.23</SimpleData>
		<SimpleData name="layer">Unknown Line Type</SimpleData>
		<SimpleData name="elevation">0</SimpleData>
		<SimpleData name="nombre">LABERINTO - MANTOS BLANCOS 220KV</SimpleData>
		<SimpleData name="circuito">C1</SimpleData>
		<SimpleData name="tipo">ADICIONAL</SimpleData>
		<SimpleData name="f_operacio">1999</SimpleData>
		<SimpleData name="long_km">71.8491527465</SimpleData>
		<SimpleData name="tramo">LABERINTO - MANTOS BLANCOS</SimpleData>
		<SimpleData name="propiedad">AES GENER</SimpleData>
		<SimpleData name="tension_kv">220</SimpleData>
		<SimpleData name="rca">S/I</SimpleData>
		<SimpleData name="sist_elect">SING</SimpleData>
		<SimpleData name="estado">EN OPERACION</SimpleData>
		<SimpleData name="region">REGION DE ANTOFAGASTA</SimpleData>
		<SimpleData name="provincia">ANTOFAGASTA</SimpleData>
		<SimpleData name="comuna">ANTOFAGASTA-SIERRA GORDA</SimpleData>
		<SimpleData name="fuente_bas">CNE</SimpleData>
		<SimpleData name="fech_crea">02-12-2014</SimpleData>
		<SimpleData name="fech_act">20/12/2016</SimpleData>
		<SimpleData name="Shape_Leng">0.698098809556712</SimpleData>
	</SchemaData></ExtendedData>
      <LineString><coordinates>-69.410539999,-23.447634867 -69.4666186979999,-23.431298737 -69.487093036,-23.4402097679999 -69.514060066,-23.47501334 -69.5913300079999,-23.503589424 -69.630807185,-23.494691109 -69.793950384,-23.4529747129999 -69.990466751,-23.4413558009999 -70.03807411,-23.44936483 -70.042943323,-23.452349015 -70.069668634,-23.4535138269999 -70.073845317,-23.451868437</coordinates></LineString>
  </Placemark>
  <Placemark id="lineas_sing.62">
	<name>LAGUNAS - COLLAHUASI.CIRCUITO 1 Y 2 220KV</name>
	<Style><LineStyle><color>ff0000ff</color></LineStyle><PolyStyle><fill>0</fill></PolyStyle></Style>
	<ExtendedData><SchemaData schemaUrl="#lineas_sing">
		<SimpleData name="OBJECTID">62</SimpleData>
		<SimpleData name="gml_id">lt_sing_1c966bdb_e893_4b2d_b52e_5945a9a8a68b.24</SimpleData>
		<SimpleData name="layer">Unknown Line Type</SimpleData>
		<SimpleData name="elevation">0</SimpleData>
		<SimpleData name="nombre">LAGUNAS - COLLAHUASI.CIRCUITO 1 Y 2 220KV</SimpleData>
		<SimpleData name="circuito">C1 - C2</SimpleData>
		<SimpleData name="tipo">SUBTRANSMISION</SimpleData>
		<SimpleData name="f_operacio">1998</SimpleData>
		<SimpleData name="long_km">147.756269738</SimpleData>
		<SimpleData name="tramo">LAGUNAS - COLLAHUASI</SimpleData>
		<SimpleData name="propiedad">MINERA COLLAHUASI</SimpleData>
		<SimpleData name="tension_kv">220</SimpleData>
		<SimpleData name="rca">S/I</SimpleData>
		<SimpleData name="sist_elect">SING</SimpleData>
		<SimpleData name="estado">EN OPERACION</SimpleData>
		<SimpleData name="region">REGION DE TARAPACA</SimpleData>
		<SimpleData name="provincia">IQUIQUE</SimpleData>
		<SimpleData name="comuna">PICA-POZO ALMONTE</SimpleData>
		<SimpleData name="fuente_bas">CNE</SimpleData>
		<SimpleData name="fech_crea">02-12-2014</SimpleData>
		<SimpleData name="fech_act">20/12/2016</SimpleData>
		<SimpleData name="Shape_Leng">1.07526208819596</SimpleData>
	</SchemaData></ExtendedData>
      <LineString><coordinates>-69.6927726819999,-20.816488329 -69.68859613,-20.8173002629999 -69.684429058,-20.8180939879999 -69.680261899,-20.818878578 -69.676258021,-20.8196533879999 -69.672100501,-20.820464849 -69.667885314,-20.821285471 -69.66375637,-20.822060479 -69.659598708,-20.82287164 -69.655469712,-20.823655486 -69.651225465,-20.8244667769999 -69.6475861879999,-20.8251762909999 -69.644215693,-20.8258214689999 -69.640518647,-20.826522016 -69.6365048019999,-20.827314014 -69.632702077,-20.8280418909999 -69.628563247,-20.828843202 -69.624309044,-20.829644834 -69.6201989149999,-20.8304368039999 -69.615973486,-20.831247162 -69.6118920599999,-20.832029796 -69.6076953689999,-20.832839849 -69.6035947029999,-20.8336404259999 -69.5993979529999,-20.834459313 -69.595306663,-20.835223519 -69.591493906,-20.8359505239999 -69.5883150179999,-20.8365668449999 -69.585164831,-20.8371559029999 -69.581601722,-20.8378456959999 -69.5775320079999,-20.836757135 -69.573443025,-20.835641434 -69.569315589,-20.8345076909999 -69.565246079,-20.8334278689999 -69.561253512,-20.8323476969999 -69.557212912,-20.831258552 -69.553201234,-20.8301782519999 -69.549295458,-20.82913366 -69.5459188039999,-20.8282228259999 -69.5421958219999,-20.827204594 -69.5382131809999,-20.826123847 -69.534288385,-20.825078968 -69.530325073,-20.8239979749999 -69.5264003199999,-20.8229348419999 -69.523023962,-20.822032586 -69.519926587,-20.8212017 -69.516175109,-20.8201829829999 -69.5119379929999,-20.8204757899999 -69.507700858,-20.820768492 -69.503473314,-20.821061062 -69.499274612,-20.8213624799999 -69.4952582189999,-20.821581948 -69.4910115769999,-20.8219284799999 -69.486735908,-20.8222207759999 -69.482517882,-20.8225128039999 -69.4783478319999,-20.8227865219999 -69.474100966,-20.823087459 -69.469921326,-20.823379072 -69.4656744229999,-20.8236798 -69.46146586,-20.823953214 -69.4571612839999,-20.8242629229999 -69.452971933,-20.8245451139999 -69.448676902,-20.824845549 -69.444391383,-20.8251187459999 -69.440048314,-20.825437162 -69.435820474,-20.825728069 -69.431659864,-20.8260096659999 -69.427412741,-20.826291378 -69.42309835,-20.8265821869999 -69.4188608269999,-20.8268727 -69.4146617769999,-20.8271810859999 -69.4103857489999,-20.8274624479999 -69.406148171,-20.827752647 -69.4020066579999,-20.828033481 -69.397865128,-20.8283142139999 -69.394050348,-20.8285940979999 -69.389947204,-20.8288655169999 -69.385613453,-20.829164464 -69.381298858,-20.829445187 -69.3769650689999,-20.8297439159999 -69.373092519,-20.8300144249999 -69.3694793609999,-20.8302481449999 -69.365923965,-20.830526844 -69.3621469189999,-20.830561974 -69.3579373969999,-20.83060696 -69.353333799,-20.8306436199999 -69.348941639,-20.830679727 -69.344857028,-20.8307151019999 -69.341425981,-20.8307581139999 -69.338802196,-20.8307723569999 -69.3359540499999,-20.8292961079999 -69.3339719689999,-20.828287981 -69.331701156,-20.8270816049999 -69.3282135169999,-20.827585284 -69.324341459,-20.828107691 -69.320229158,-20.8286575669999 -69.3165108169999,-20.82917951 -69.3128202189999,-20.829186286 -69.308620258,-20.8292029359999 -69.304362629,-20.829219586 -69.300028128,-20.8292453 -69.295818566,-20.8292706889999 -69.291676261,-20.829286824 -69.2873417339999,-20.8293031819999 -69.283045649,-20.8293193659999 -69.278874521,-20.829344276 -69.2747322069999,-20.8293600009999 -69.2704457249999,-20.829375855 -69.266264979,-20.829400472 -69.261988026,-20.829370921 -69.257768847,-20.8294044259999 -69.253636179,-20.8294467339999 -69.249340105,-20.829480146 -69.2449958569999,-20.829441232 -69.240776696,-20.8294923899999 -69.23666321,-20.829516191 -69.232511319,-20.8295670529999 -69.228388094,-20.8295093469999 -69.224149713,-20.829569157 -69.2199785129999,-20.829565526 -69.215701603,-20.8295709619999 -69.211463212,-20.8296304579999 -69.207320852,-20.829635519 -69.203034326,-20.829640651 -69.198844004,-20.82971785 -69.194528605,-20.8296956949999 -69.190270896,-20.8296914389999 -69.18604203,-20.8296960819999 -69.181890095,-20.829736682 -69.178257112,-20.829740499 -69.174662572,-20.8297441999999 -69.171239826,-20.82868143 -69.1676824639999,-20.8275193289999 -69.163923456,-20.826474812 -69.160500857,-20.8254118249999 -69.156607193,-20.824168485 -69.152559904,-20.823006516 -69.148906746,-20.821880251 -69.145205555,-20.8207178059999 -69.1414083239999,-20.8195643949999 -69.1379571969999,-20.818491944 -69.134650322,-20.817473525 -69.1320346329999,-20.8155418919999 -69.1288996219999,-20.8130865319999 -69.1259859199999,-20.810847812 -69.122966538,-20.8085368289999 -69.1208030559999,-20.8069209519999 -69.118303082,-20.80504324 -69.1148416199999,-20.802361947 -69.11158319,-20.8011984729999 -69.108651633,-20.8001883389999 -69.1058258469999,-20.79922327 -69.102654053,-20.7980866789999 -69.09887682,-20.796769663 -69.095369503,-20.796726469 -69.092400286,-20.796673878 -69.090382368,-20.7966297729999 -69.086404215,-20.796586643 -69.083098698,-20.7965521319999 -69.0780827529999,-20.796464129 -69.0744697439999,-20.7964115199999 -69.0704438399999,-20.796982479 -69.067561376,-20.797534825 -69.061728967,-20.7982598909999 -69.058183405,-20.7987852099999 -69.0565595639999,-20.7990658639999 -69.0526199939999,-20.799609269 -69.0484017429999,-20.8001978409999 -69.045682448,-20.8005961649999 -69.0424346409999,-20.801039756 -69.038764016,-20.80152856 -69.034007553,-20.802207258 -69.0298372089999,-20.8028224719999 -69.0285976279999,-20.802994365 -69.025695636,-20.803302043 -69.021717365,-20.803555597 -69.01695112,-20.803944676 -69.0160190129999,-20.8040622309999 -69.014375876,-20.804965962 -69.01165649,-20.806457085 -69.010013304,-20.807387881 -69.003065572,-20.8112645259999 -69.0008649019999,-20.8124934259999 -68.997472533,-20.8143728659999 -68.993243782,-20.820887593 -68.991090946,-20.822107333 -68.9874483469999,-20.824167275 -68.985083969,-20.8255043889999 -68.9845937869999,-20.825784456 -68.975934341,-20.8261539289999 -68.9741851489999,-20.826216925 -68.968995223,-20.82644196 -68.9655057579999,-20.829549619 -68.963150524,-20.831663512 -68.961920011,-20.8327565779999 -68.956565142,-20.8375442889999 -68.9514214599999,-20.842133103 -68.950210001,-20.8432260879999 -68.947537455,-20.8444360889999 -68.945105218,-20.845510588 -68.943365156,-20.8462328859999 -68.9397214799999,-20.8479123029999 -68.937039147,-20.8491402069999 -68.936279552,-20.8496640029999 -68.934346924,-20.850910214 -68.931654646,-20.852662105 -68.929779638,-20.8538631079999 -68.9269045469999,-20.855750386 -68.923615908,-20.857881398 -68.921904244,-20.8589829919999 -68.9197694329999,-20.860364481 -68.914893853,-20.863497545 -68.9135763369999,-20.8643733559999 -68.910383484,-20.8664589799999 -68.907815683,-20.868120199 -68.905574854,-20.869519523 -68.9026606849999,-20.8714425109999 -68.899515644,-20.8734647059999 -68.896207819,-20.874411487 -68.8928423139999,-20.875294917 -68.889630594,-20.8761783809999 -68.88640921,-20.8770798489999 -68.8826397029999,-20.878080274 -68.879485529,-20.8789906929999 -68.875898616,-20.879973026 -68.872628998,-20.8808741989999 -68.8693881839999,-20.88177533 -68.865839622,-20.8827303739999 -68.8630122929999,-20.8834780999999 -68.860415701,-20.884207896 -68.856482279,-20.8853341089999 -68.8539626209999,-20.8859825499999 -68.852443055,-20.8864420689999 -68.848778892,-20.887405692 -68.8480864479999,-20.887585794 -68.843758537,-20.888810755 -68.8399115409999,-20.8898101629999 -68.8371608149999,-20.8906117459999 -68.832313539,-20.8918178499999 -68.8308418949999,-20.8923043299999 -68.828418163,-20.8929524869999 -68.824176616,-20.8940595719999 -68.820790922,-20.8950319149999 -68.817260979,-20.895985965 -68.814787757,-20.8976910549999 -68.812198881,-20.8995676599999 -68.80919632,-20.9015612269999 -68.8071847149999,-20.90307697 -68.805269461,-20.904412083 -68.800216533,-20.9079030689999 -68.79495152,-20.9116105049999 -68.791746287,-20.913793266 -68.787541631,-20.915414513 -68.781134331,-20.917276811 -68.776699067,-20.918626423 -68.7702431819999,-20.920641852 -68.763729552,-20.9225756349999 -68.758062335,-20.9243386909999 -68.7499895889999,-20.926766691 -68.7434369429999,-20.928717708 -68.738866167,-20.930183589 -68.7302346659999,-20.932790505 -68.724682278,-20.9344532329999 -68.717724763,-20.936547172 -68.712037348,-20.938263476 -68.7051228889999,-20.942751409 -68.700288233,-20.9459235209999 -68.69836206,-20.9471670409999 -68.6942398369999,-20.9498794209999 -68.689356501,-20.953114378 -68.6856554729999,-20.9566495509999 -68.683804837,-20.958444212 -68.680662528,-20.9614833489999 -68.6787347009999,-20.963332022 -68.677221361,-20.964765821 -68.676035606,-20.965947232</coordinates></LineString>
  </Placemark>
  <Placemark id="lineas_sing.63">
	<name>CHUQUICAMATA - 10A 100KV</name>
	<Style><LineStyle><color>ff0000ff</color></LineStyle><PolyStyle><fill>0</fill></PolyStyle></Style>
	<ExtendedData><SchemaData schemaUrl="#lineas_sing">
		<SimpleData name="OBJECTID">63</SimpleData>
		<SimpleData name="gml_id">lt_sing_1c966bdb_e893_4b2d_b52e_5945a9a8a68b.48</SimpleData>
		<SimpleData name="layer">Unknown Line Type</SimpleData>
		<SimpleData name="elevation">0</SimpleData>
		<SimpleData name="nombre">CHUQUICAMATA - 10A 100KV</SimpleData>
		<SimpleData name="circuito">C1</SimpleData>
		<SimpleData name="tipo">SUBTRANSMISION</SimpleData>
		<SimpleData name="f_operacio">1988</SimpleData>
		<SimpleData name="long_km">4.40023338</SimpleData>
		<SimpleData name="tramo">TAP OFF BARRILES / MANTOS DE LA LUNA</SimpleData>
		<SimpleData name="propiedad">CODELCO NORTE</SimpleData>
		<SimpleData name="tension_kv">100</SimpleData>
		<SimpleData name="rca">S/I</SimpleData>
		<SimpleData name="sist_elect">SING</SimpleData>
		<SimpleData name="estado">EN OPERACION</SimpleData>
		<SimpleData name="region">REGION DE ANTOFAGASTA</SimpleData>
		<SimpleData name="provincia">EL LOA</SimpleData>
		<SimpleData name="comuna">CALAMA</SimpleData>
		<SimpleData name="fuente_bas">CNE</SimpleData>
		<SimpleData name="fech_crea">02-12-2014</SimpleData>
		<SimpleData name="fech_act">20/12/2016</SimpleData>
		<SimpleData name="Shape_Leng">0.041809354525079</SimpleData>
	</SchemaData></ExtendedData>
      <LineString><coordinates>-68.918949743,-22.3061830089999 -68.9198333849999,-22.305957593 -68.9225615519999,-22.306031192 -68.924269081,-22.3083357249999 -68.92414195,-22.3100250639999 -68.922791869,-22.310936883 -68.9214907419999,-22.31108984 -68.918830933,-22.3101670409999 -68.917209154,-22.310744411 -68.912161039,-22.309630547 -68.910899512,-22.30858189 -68.909929378,-22.3073707689999 -68.9097452029999,-22.3069099209999 -68.904396439,-22.30560593 -68.903784507,-22.3060030739999 -68.903386186,-22.30637324 -68.903220698,-22.307005537 -68.903258638,-22.308306487 -68.90308264,-22.3100951559999 -68.902868907,-22.310284747 -68.90151918,-22.31049172 -68.8988595019999,-22.309586662 -68.897480827,-22.30954966 -68.896723154,-22.310037027</coordinates></LineString>
  </Placemark>
  <Placemark id="lineas_sing.64">
	<name>DOMEYKO - ESCONDIDA 220KV</name>
	<Style><LineStyle><color>ff0000ff</color></LineStyle><PolyStyle><fill>0</fill></PolyStyle></Style>
	<ExtendedData><SchemaData schemaUrl="#lineas_sing">
		<SimpleData name="OBJECTID">64</SimpleData>
		<SimpleData name="gml_id">lt_sing_1c966bdb_e893_4b2d_b52e_5945a9a8a68b.39</SimpleData>
		<SimpleData name="layer">Unknown Line Type</SimpleData>
		<SimpleData name="elevation">0</SimpleData>
		<SimpleData name="nombre">DOMEYKO - ESCONDIDA 220KV</SimpleData>
		<SimpleData name="circuito">C1</SimpleData>
		<SimpleData name="tipo">ADICIONAL</SimpleData>
		<SimpleData name="f_operacio">1998</SimpleData>
		<SimpleData name="long_km">7.73596831164</SimpleData>
		<SimpleData name="tramo">DOMEYKO- ESCONDIDA</SimpleData>
		<SimpleData name="propiedad">MINERA ESCONDIDA</SimpleData>
		<SimpleData name="tension_kv">220</SimpleData>
		<SimpleData name="rca">S/I</SimpleData>
		<SimpleData name="sist_elect">SING</SimpleData>
		<SimpleData name="estado">EN OPERACION</SimpleData>
		<SimpleData name="region">REGION DE ANTOFAGASTA</SimpleData>
		<SimpleData name="provincia">ANTOFAGASTA</SimpleData>
		<SimpleData name="comuna">ANTOFAGASTA</SimpleData>
		<SimpleData name="fuente_bas">CNE</SimpleData>
		<SimpleData name="fech_crea">02-12-2014</SimpleData>
		<SimpleData name="fech_act">20/12/2016</SimpleData>
		<SimpleData name="Shape_Leng">0.072894598691299</SimpleData>
	</SchemaData></ExtendedData>
      <LineString><coordinates>-69.1020839999999,-24.243040901 -69.101142,-24.243058901 -69.0981409999999,-24.2432119009999 -69.095025,-24.2429679009999 -69.094895,-24.241402901 -69.0947839999999,-24.238634901 -69.0946769999999,-24.235858901 -69.094573,-24.233092901 -69.0928979999999,-24.2321599009999 -69.0905329999999,-24.230843901 -69.086915,-24.230867901 -69.0836389999999,-24.230856901 -69.080930999,-24.230865901 -69.0776309999999,-24.230866901 -69.076071,-24.2325889009999 -69.074518,-24.234331901 -69.0722039999999,-24.2350579009999 -69.069881999,-24.2358059009999 -69.0675429999999,-24.2365469009999 -69.065254,-24.2372879009999 -69.064511,-24.239578901 -69.0637639999999,-24.2418359009999 -69.063238,-24.243517901 -69.06231,-24.2462749009999 -69.061484999,-24.248739901 -69.0606099999999,-24.251235901 -69.059849,-24.2534999009999 -69.060753,-24.2550759009999 -69.0604969999999,-24.2575559009999 -69.0602249999999,-24.2601689009999</coordinates></LineString>
  </Placemark>
  <Placemark id="lineas_sing.65">
	<name>LABERINTO - NUEVA ZALDIVAR. CIRCUITO N01 220KV</name>
	<Style><LineStyle><color>ff0000ff</color></LineStyle><PolyStyle><fill>0</fill></PolyStyle></Style>
	<ExtendedData><SchemaData schemaUrl="#lineas_sing">
		<SimpleData name="OBJECTID">65</SimpleData>
		<SimpleData name="gml_id">lt_sing_1c966bdb_e893_4b2d_b52e_5945a9a8a68b.27</SimpleData>
		<SimpleData name="layer">Unknown Line Type</SimpleData>
		<SimpleData name="elevation">0</SimpleData>
		<SimpleData name="nombre">LABERINTO - NUEVA ZALDIVAR. CIRCUITO N01 220KV</SimpleData>
		<SimpleData name="circuito">C1</SimpleData>
		<SimpleData name="tipo">ADICIONAL</SimpleData>
		<SimpleData name="f_operacio">1994</SimpleData>
		<SimpleData name="long_km">89.8273115557</SimpleData>
		<SimpleData name="tramo">LABERINTO-NUEVA ZALDIVAR</SimpleData>
		<SimpleData name="propiedad">MINERA ESCONDIDA</SimpleData>
		<SimpleData name="tension_kv">220</SimpleData>
		<SimpleData name="rca">S/I</SimpleData>
		<SimpleData name="sist_elect">SING</SimpleData>
		<SimpleData name="estado">EN OPERACION</SimpleData>
		<SimpleData name="region">REGION DE ANTOFAGASTA</SimpleData>
		<SimpleData name="provincia">ANTOFAGASTA</SimpleData>
		<SimpleData name="comuna">ANTOFAGASTA-SIERRA GORDA</SimpleData>
		<SimpleData name="fuente_bas">CNE</SimpleData>
		<SimpleData name="fech_crea">02-12-2014</SimpleData>
		<SimpleData name="fech_act">20/12/2016</SimpleData>
		<SimpleData name="Shape_Leng">0.827246649386421</SimpleData>
	</SchemaData></ExtendedData>
      <LineString><coordinates>-69.411195999,-23.4479519029999 -69.413874,-23.4506979029999 -69.416411,-23.4532809029999 -69.4188379999999,-23.455812903 -69.418692999,-23.459311903 -69.4185899999999,-23.4622869029999 -69.418504,-23.4646129029999 -69.418414,-23.4675149029999 -69.418273999,-23.4705499029999 -69.4169519989999,-23.473665903 -69.4157359989999,-23.476553903 -69.414616,-23.479210903 -69.413462,-23.481958903 -69.412167999,-23.484992903 -69.410851,-23.4881569029999 -69.4094909999999,-23.4913339029999 -69.408225999,-23.494341903 -69.4068199989999,-23.4977089029999 -69.405451,-23.500942903 -69.404171,-23.503911903 -69.4028089999999,-23.507151903 -69.4014559989999,-23.510414903 -69.4000659989999,-23.513655903 -69.3986889999999,-23.516931902 -69.39732,-23.5201099029999 -69.395973,-23.523338903 -69.39455,-23.526668903 -69.3931279999999,-23.530050903 -69.391649,-23.533565903 -69.390304999,-23.536784903 -69.390240999,-23.5399389029999 -69.390202,-23.542994903 -69.3901759999999,-23.546098903 -69.3901309999999,-23.549115903 -69.3901079999999,-23.5524859019999 -69.390052999,-23.556008903 -69.390023,-23.559545903 -69.3899699999999,-23.5630629029999 -69.389941,-23.5665769029999 -69.389893,-23.5706039029999 -69.3898399989999,-23.574785903 -69.389807,-23.577892903 -69.389776,-23.581378903 -69.389742,-23.5846139029999 -69.389723999,-23.5877939019999 -69.389753,-23.591307903 -69.389562,-23.591289902 -69.3896149999999,-23.594918902 -69.389579,-23.5984179029999 -69.389533,-23.601959902 -69.389489,-23.605627903 -69.389469999,-23.608596903 -69.389398,-23.6129439019999 -69.389347,-23.617136903 -69.389334999,-23.6202089029999 -69.389283999,-23.623567903 -69.3892519999999,-23.627331902 -69.389207999,-23.630579903 -69.389184999,-23.6331119029999 -69.389144,-23.636473902 -69.3891139999999,-23.6397359019999 -69.3890749999999,-23.642941903 -69.389020999,-23.6468609029999 -69.38899,-23.6503959029999 -69.3889369999999,-23.653880902 -69.388902999,-23.6575359019999 -69.38704,-23.660592903 -69.385454,-23.663219903 -69.3838059989999,-23.665963903 -69.382151999,-23.668692903 -69.3806039999999,-23.6712479029999 -69.378937,-23.674035902 -69.377078,-23.6771029029999 -69.3753849999999,-23.679944903 -69.373779,-23.682621903 -69.3721849999999,-23.6852129019999 -69.370013,-23.688821902 -69.367946999,-23.6922269029999 -69.36626,-23.695007903 -69.36443,-23.698052902 -69.36259,-23.701069902 -69.3608409999999,-23.703959902 -69.359034,-23.706938903 -69.3571259989999,-23.7100859019999 -69.3552799999999,-23.713140902 -69.353551,-23.715997902 -69.351725,-23.7190299019999 -69.3498739999999,-23.722103902 -69.348035,-23.725120902 -69.346214999,-23.728135903 -69.3444249999999,-23.7311139019999 -69.3425369999999,-23.734226903 -69.34061,-23.7373759029999 -69.338842999,-23.7403009019999 -69.337012,-23.7433399029999 -69.335192999,-23.746326903 -69.333408999,-23.7493119019999 -69.3315229999999,-23.7523669019999 -69.329890999,-23.7551359019999 -69.327985999,-23.758260903 -69.326141,-23.7613049019999 -69.324352,-23.7642599019999 -69.322666,-23.767060903 -69.3206739999999,-23.770331902 -69.318861999,-23.773326902 -69.317066,-23.776273902 -69.3152689999999,-23.779265902 -69.3134489999999,-23.782263902 -69.311606,-23.785316902 -69.3098489989999,-23.7882169019999 -69.308188999,-23.7909589019999 -69.306418,-23.7938869019999 -69.304545,-23.797008902 -69.302811,-23.799846902 -69.3009759999999,-23.8028889019999 -69.299204999,-23.805804902 -69.297605,-23.8084589019999 -69.296145,-23.810834902 -69.294664,-23.8132939019999 -69.293109,-23.8158559029999 -69.29158,-23.8184069019999 -69.289954,-23.8210659019999 -69.288513,-23.823461902 -69.28709,-23.8257899019999 -69.285404,-23.8285849019999 -69.283941999,-23.830983902 -69.2823609989999,-23.8335619019999 -69.280726,-23.8363019019999 -69.279309,-23.8386419019999 -69.277572,-23.8415049019999 -69.2760309999999,-23.844057902 -69.274822999,-23.846093902 -69.2733489999999,-23.848467902 -69.272213,-23.850348902 -69.2708299999999,-23.8526519019999 -69.2693479989999,-23.8550829019999 -69.267904,-23.8574919019999 -69.265825999,-23.860859902 -69.264200999,-23.8635719019999 -69.262914,-23.865634902 -69.261629999,-23.8678469019999 -69.260093,-23.8703499019999 -69.2574529999999,-23.873007902 -69.2554069999999,-23.875102902 -69.2526819999999,-23.877923902 -69.250554,-23.8800989019999 -69.249069999,-23.881586902 -69.245944999,-23.884905902 -69.2442169999999,-23.8866219019999 -69.2415159989999,-23.889408902 -69.2397539999999,-23.891225902 -69.237336,-23.893677902 -69.235945,-23.8951149019999 -69.2332249999999,-23.8978799019999 -69.231589,-23.8995469019999 -69.2298479999999,-23.901317902 -69.227857,-23.903380902 -69.2263849999999,-23.904869902 -69.22434,-23.907545902 -69.222402,-23.9100859019999 -69.2208889999999,-23.912080902 -69.2186449989999,-23.915032902 -69.217008,-23.917206902 -69.214689,-23.920232902 -69.212619,-23.922945902 -69.211181999,-23.924875901 -69.208953,-23.9278249019999 -69.206968,-23.9303729019999 -69.204999,-23.932968901 -69.2030389999999,-23.9355289019999 -69.201017,-23.9382279019999 -69.199033,-23.9408349019999 -69.1970929999999,-23.9433839019999 -69.195093,-23.946010902 -69.19308,-23.9486699019999 -69.1911459999999,-23.951210902 -69.1890969999999,-23.953905902 -69.187102,-23.956543902 -69.185103,-23.9591849019999 -69.1829759999999,-23.961972902 -69.181032,-23.964515902 -69.1790819999999,-23.967096902 -69.177111,-23.9696769019999 -69.175199,-23.9722009019999 -69.173198,-23.9748099019999 -69.171192,-23.977444901 -69.169268,-23.979973902 -69.1673299999999,-23.9825149019999 -69.165358,-23.9850989019999 -69.163459,-23.987606902 -69.161526,-23.9901439019999 -69.159545,-23.992751902 -69.15761,-23.995287902 -69.15567,-23.9978469019999 -69.153768,-24.000332901 -69.15185,-24.002830902 -69.1498589999999,-24.005460902 -69.147947,-24.0079799009999 -69.145906,-24.0106599019999 -69.143974,-24.0132009019999 -69.14195,-24.015840902 -69.139877,-24.018566902 -69.137988,-24.021063902 -69.136043,-24.023613902 -69.1340729999999,-24.0262189009999 -69.132143,-24.0287399019999 -69.1298839999999,-24.0317039019999 -69.128239,-24.033837902 -69.1264839999999,-24.036171902 -69.124792,-24.0383979019999 -69.1228139999999,-24.040994901 -69.121008,-24.0433489009999 -69.118934,-24.0460709019999 -69.1169619999999,-24.048651902 -69.115223,-24.0509389009999 -69.1131799999999,-24.053604902 -69.111656,-24.0555989019999 -69.109982999,-24.0578229019999 -69.107565,-24.060985901 -69.105408,-24.063811901 -69.103135,-24.066789902 -69.101128,-24.0694199009999 -69.099046,-24.072172902 -69.0969959999999,-24.074857902 -69.0948739999999,-24.077619902 -69.093125,-24.079920902 -69.091305999,-24.0822999019999 -69.0893579999999,-24.0848659009999 -69.087417999,-24.0874339009999 -69.085493,-24.0899499019999 -69.0837559999999,-24.0922279009999 -69.08198,-24.094530902 -69.079957,-24.0972029009999 -69.078052,-24.099699901 -69.076294,-24.101982902 -69.0747279999999,-24.104011901 -69.0728339999999,-24.106542901 -69.071386,-24.108425901 -69.06889,-24.111697901 -69.0687399999999,-24.114529901 -69.068519,-24.117641901 -69.068368,-24.120193902 -69.068147,-24.123484901 -69.067953,-24.1266969009999 -69.0677499999999,-24.129724901 -69.067561,-24.132899901 -69.0673869999999,-24.135983901 -69.067171,-24.1391519009999 -69.0670019999999,-24.142216901 -69.06679,-24.145245901 -69.066625,-24.148186902 -69.066452,-24.1508549019999 -69.066265,-24.1536639019999 -69.066124999,-24.155755902 -69.065975,-24.158405901 -69.0657649999999,-24.1615039009999 -69.065572999,-24.1616189009999 -69.065704,-24.162524901 -69.065062,-24.162555902</coordinates></LineString>
  </Placemark>
  <Placemark id="lineas_sing.66">
	<name>LAGUNA SECA - 418 69KV</name>
	<Style><LineStyle><color>ff0000ff</color></LineStyle><PolyStyle><fill>0</fill></PolyStyle></Style>
	<ExtendedData><SchemaData schemaUrl="#lineas_sing">
		<SimpleData name="OBJECTID">66</SimpleData>
		<SimpleData name="gml_id">lt_sing_1c966bdb_e893_4b2d_b52e_5945a9a8a68b.28</SimpleData>
		<SimpleData name="layer">Unknown Line Type</SimpleData>
		<SimpleData name="elevation">0</SimpleData>
		<SimpleData name="nombre">LAGUNA SECA - 418 69KV</SimpleData>
		<SimpleData name="circuito">C1</SimpleData>
		<SimpleData name="tipo">ADICIONAL</SimpleData>
		<SimpleData name="f_operacio">2002</SimpleData>
		<SimpleData name="long_km">11.2523286162</SimpleData>
		<SimpleData name="tramo">LAGUNASECA</SimpleData>
		<SimpleData name="propiedad">MINERA ESCONDIDA</SimpleData>
		<SimpleData name="tension_kv">69</SimpleData>
		<SimpleData name="rca">S/I</SimpleData>
		<SimpleData name="sist_elect">SING</SimpleData>
		<SimpleData name="estado">EN OPERACION</SimpleData>
		<SimpleData name="region">REGION DE ANTOFAGASTA</SimpleData>
		<SimpleData name="provincia">ANTOFAGASTA</SimpleData>
		<SimpleData name="comuna">ANTOFAGASTA</SimpleData>
		<SimpleData name="fuente_bas">CNE</SimpleData>
		<SimpleData name="fech_crea">02-12-2014</SimpleData>
		<SimpleData name="fech_act">20/12/2016</SimpleData>
		<SimpleData name="Shape_Leng">0.107271539083698</SimpleData>
	</SchemaData></ExtendedData>
      <LineString><coordinates>-69.05889,-24.3416439009999 -69.058345,-24.3408089009999 -69.057934,-24.340149901 -69.059049,-24.339566901 -69.060175,-24.338994901 -69.06129,-24.338419901 -69.0624319999999,-24.3378659009999 -69.0635389999999,-24.3372549009999 -69.064743,-24.336656901 -69.0654249999999,-24.336924901 -69.06686,-24.337538901 -69.068122,-24.3380889009999 -69.0692749999999,-24.338570901 -69.070573,-24.339159901 -69.071835,-24.339698901 -69.073046,-24.340175901 -69.0742739999999,-24.3407029009999 -69.0754499999999,-24.341206901 -69.076515,-24.341674901 -69.077883,-24.342125901 -69.0791589999999,-24.3425949009999 -69.080406,-24.3430458999999 -69.081668,-24.3435369009999 -69.082911,-24.343999901 -69.0841839999999,-24.3444628999999 -69.085948,-24.3450649009999 -69.087301,-24.345594901 -69.088562,-24.346002901 -69.089702,-24.3464369009999 -69.09083,-24.346855901 -69.091943,-24.3472699009999 -69.093127,-24.3476979009999 -69.094254,-24.3481109009999 -69.095299,-24.3487779009999 -69.096361999,-24.349427901 -69.097435,-24.3501109009999 -69.09855,-24.3508039009999 -69.099565,-24.351432901 -69.100647,-24.352105901 -69.101668,-24.3527419 -69.102716,-24.353407901 -69.1037909999999,-24.3540719 -69.10482,-24.3547269009999 -69.105847,-24.3554149 -69.106747,-24.356246901 -69.107631,-24.3571089009999 -69.108469,-24.3579429009999 -69.109382,-24.3588219009999 -69.11024,-24.3596799009999 -69.111125,-24.3605369009999 -69.112002,-24.361404901 -69.112871,-24.362261901 -69.113736,-24.363130901 -69.115084999,-24.363291901 -69.1164259999999,-24.363492901 -69.1177959999999,-24.3636229009999 -69.119156,-24.363783901 -69.120524,-24.363968901 -69.1218719989999,-24.364125901 -69.123114,-24.3642759009999 -69.124397,-24.3644089009999 -69.12537,-24.3650789009999 -69.126344999,-24.365770901 -69.127314,-24.366394901 -69.1283769999999,-24.3671189 -69.1293479999999,-24.3677729 -69.1302459999999,-24.368381901 -69.130646,-24.369480901 -69.130995,-24.370561901 -69.131406,-24.3717239009999 -69.1317999999999,-24.3728489009999 -69.1321829999999,-24.3739669 -69.1325899989999,-24.375070901 -69.1329709999999,-24.3762098999999 -69.133371,-24.3773059009999 -69.13375,-24.378425901 -69.1341489989999,-24.379541901 -69.134025,-24.380645901 -69.134532,-24.380667901 -69.13485,-24.3818608999999 -69.135229,-24.383107901 -69.135588,-24.3843649 -69.136023,-24.385655901 -69.136294,-24.3867429009999 -69.136668,-24.387985901 -69.137007,-24.3891859 -69.137238,-24.3900469 -69.136832,-24.3901429009999</coordinates></LineString>
  </Placemark>
  <Placemark id="lineas_sing.67">
	<name>LAGUNAS - POZO ALMONTE 220KV</name>
	<Style><LineStyle><color>ff0000ff</color></LineStyle><PolyStyle><fill>0</fill></PolyStyle></Style>
	<ExtendedData><SchemaData schemaUrl="#lineas_sing">
		<SimpleData name="OBJECTID">67</SimpleData>
		<SimpleData name="gml_id">lt_sing_1c966bdb_e893_4b2d_b52e_5945a9a8a68b.29</SimpleData>
		<SimpleData name="layer">Unknown Line Type</SimpleData>
		<SimpleData name="elevation">0</SimpleData>
		<SimpleData name="nombre">LAGUNAS - POZO ALMONTE 220KV</SimpleData>
		<SimpleData name="circuito">C1</SimpleData>
		<SimpleData name="tipo">ADICIONAL</SimpleData>
		<SimpleData name="f_operacio">1987</SimpleData>
		<SimpleData name="long_km">69.8752873613</SimpleData>
		<SimpleData name="tramo">LAGUNAS - POZO ALMONTE</SimpleData>
		<SimpleData name="propiedad">E-CL</SimpleData>
		<SimpleData name="tension_kv">220</SimpleData>
		<SimpleData name="rca">S/I</SimpleData>
		<SimpleData name="sist_elect">SING</SimpleData>
		<SimpleData name="estado">EN OPERACION</SimpleData>
		<SimpleData name="region">REGION DE TARAPACA</SimpleData>
		<SimpleData name="provincia">IQUIQUE</SimpleData>
		<SimpleData name="comuna">POZO ALMONTE</SimpleData>
		<SimpleData name="fuente_bas">CNE</SimpleData>
		<SimpleData name="fech_crea">02-12-2014</SimpleData>
		<SimpleData name="fech_act">20/12/2016</SimpleData>
		<SimpleData name="Shape_Leng">0.640115501132118</SimpleData>
	</SchemaData></ExtendedData>
      <LineString><coordinates>-69.694868562,-20.814600496 -69.6936372489999,-20.81222015 -69.6924739409999,-20.809993119 -69.6911941239999,-20.807495488 -69.6897981819999,-20.80480857 -69.6882179629999,-20.8017338569999 -69.686521609,-20.798460814 -69.6848639249999,-20.7952237379999 -69.683526187,-20.7926088099999 -69.6822854279999,-20.7901832279999 -69.6806863859999,-20.787126579 -69.679000054,-20.783871479 -69.676606073,-20.781341982 -69.674183391,-20.7788215969999 -69.671866907,-20.776400149 -69.669270503,-20.773663519 -69.666925277,-20.771224041 -69.664531777,-20.768712431 -69.6618393369999,-20.7659218389999 -69.659146918,-20.76311313 -69.656444875,-20.760277306 -69.653771907,-20.7574774679999 -69.6510990369999,-20.754677585 -69.648407017,-20.7518686939999 -69.645946661,-20.7493028449999 -69.64729998,-20.7467949269999 -69.648519592,-20.744477248 -69.649643813,-20.7423225599999 -69.650787135,-20.740149721 -69.651930657,-20.738031087 -69.653007072,-20.735948843 -69.6542361959999,-20.733649159 -69.65587492,-20.7305708549999 -69.657142064,-20.7281987219999 -69.655533557,-20.724897868 -69.654021972,-20.7217863729999 -69.652490934,-20.7186026529999 -69.6509795539999,-20.715509196 -69.649545755,-20.7125780709999 -69.648063268,-20.7094754399999 -69.6465231879999,-20.7063639739999 -69.644992545,-20.703198243 -69.643423178,-20.699942286 -69.642144414,-20.6972725379999 -69.641001339,-20.6948914119999 -69.639558484,-20.691996364 -69.63750497,-20.687712086 -69.6362163639999,-20.684933896 -69.635392425,-20.683057538 -69.6339682829999,-20.679990689 -69.632476208,-20.6767343289999 -69.631235869,-20.6739739879999 -69.629821165,-20.670825743 -69.6283387239999,-20.6675331619999 -69.6270890119999,-20.6647908899999 -69.6260234119999,-20.662454542 -69.624851397,-20.659910752 -69.6232238169999,-20.6562843259999 -69.622090444,-20.6537765159999 -69.620801979,-20.6508897589999 -69.619717195,-20.648508255 -69.61872891,-20.646243859 -69.6175335299999,-20.644983152 -69.6168386379999,-20.641669561 -69.616232092,-20.638834538 -69.615683414,-20.636062556 -69.617783851,-20.6332811139999 -69.61989381,-20.630499614 -69.622032303,-20.627672807 -69.6243044949999,-20.6247009219999 -69.6265670769999,-20.621747114 -69.628829423,-20.6187571359999 -69.631091719,-20.6157761649999 -69.6333636369999,-20.6128222359999 -69.6356256839999,-20.609823137 -69.6379355129999,-20.606796726 -69.639872995,-20.6042505519999 -69.641447689,-20.602166521 -69.643222796,-20.599828733 -69.64529361,-20.5970832209999 -69.6475075989999,-20.5941745069999 -69.649788405,-20.591202266 -69.652040261,-20.5882120329999 -69.654311413,-20.585266877 -69.65656325,-20.58231273 -69.658786334,-20.579385771 -69.661009255,-20.5764407139999 -69.6632800249999,-20.5734864099999 -69.6653692419999,-20.570722524 -69.667134033,-20.568384539 -69.6686890839999,-20.5663635939999 -69.670367827,-20.5641162649999 -69.67250468,-20.561334041 -69.674803512,-20.558316233 -69.6770831869999,-20.555325578 -69.6793723279999,-20.552325821 -69.6814991049999,-20.549507386 -69.6836258439999,-20.5466979619999 -69.685762058,-20.54387944 -69.687898236,-20.541069928 -69.690167693,-20.53805204 -69.692427795,-20.535106447 -69.6943635279999,-20.5325687279999 -69.695955864,-20.530466077 -69.69772933,-20.5281277569999 -69.699836588,-20.52538147 -69.702038859,-20.522454061 -69.7042030969999,-20.519617135 -69.706424344,-20.5166805599999 -69.7108096279999,-20.5109340609999 -69.7107999959999,-20.510925065 -69.7130782849999,-20.5079339599999 -69.715318168,-20.504952021 -69.71760583,-20.501951785 -69.719845794,-20.4990240029999 -69.721742359,-20.496504225 -69.7233148619999,-20.494419487 -69.7250590789999,-20.492153306 -69.727136559,-20.4893977899999 -69.729452275,-20.4863430729999 -69.731491503,-20.483641881 -69.733683172,-20.4807502739999 -69.7358748469999,-20.477876712 -69.737799574,-20.475338576 -69.739981422,-20.4724469349999 -69.742087183,-20.469700162 -69.744345224,-20.466735859 -69.74663168,-20.4637171909999 -69.748517884,-20.461215249 -69.750299492,-20.4589034869999 -69.7523380009999,-20.456202064 -69.752128891,-20.452633895 -69.7519494759999,-20.4492553439999 -69.751732166,-20.4459673119999 -69.75150335,-20.442281759 -69.751312715,-20.4385598969999 -69.751093292,-20.434829121 -69.750874804,-20.431288088 -69.750667666,-20.42810843 -69.750509122,-20.425064096 -69.7503218749999,-20.4220289199999 -69.750074986,-20.4185512519999 -69.749935463,-20.415470689 -69.7497468459999,-20.4121463729999 -69.749540252,-20.409066095 -69.7494011919999,-20.406075883 -69.7492038079999,-20.402914242 -69.749027261,-20.4000958669999 -69.748859432,-20.397096738 -69.748691218,-20.394016289 -69.748837152,-20.390500776 -69.7490114359999,-20.3869038189999 -69.7492147249999,-20.3833609499999 -69.74940873,-20.379881369 -69.7495840449999,-20.3765012609999 -69.7497576969999,-20.3727777999999 -69.749950245,-20.369000043 -69.750117098,-20.365854896 -69.750274759,-20.362791108 -69.7504408619999,-20.3594923539999 -69.750615449,-20.3559676689999 -69.750808362,-20.352271225 -69.7509923009999,-20.3487013179999 -69.7511668719999,-20.345176629 -69.751341525,-20.34167001 -69.7515152999999,-20.3379826789999 -69.751719292,-20.334602431 -69.751867376,-20.3315477099999 -69.7505278099999,-20.329881851 -69.7486485909999,-20.32754061 -69.74667312,-20.325091329 -69.744466659,-20.322399041 -69.745955166,-20.319194033 -69.747291664,-20.3162607369999 -69.748713489,-20.3131553859999 -69.750258596,-20.309805529 -69.751812737,-20.3063562259999 -69.7533195349999,-20.3030336149999 -69.7548266209999,-20.299783277 -69.756314537,-20.296542045 -69.7578022609999,-20.2932736939999 -69.7591954339999,-20.2902677779999 -69.760540454,-20.2872168819999 -69.762047246,-20.2839664859999 -69.763544313,-20.2806980469999 -69.765041453,-20.277456704 -69.7665381319999,-20.2741340279999 -69.7679119599999,-20.2711552379999 -69.769428831,-20.268067381 -69.771041348,-20.2649700539999 -69.772624588,-20.261773449 -69.774028086,-20.259029413</coordinates></LineString>
  </Placemark>
  <Placemark id="lineas_sing.68">
	<name>ENCUENTRO - COLLAHUASI. CIRCUITO N2</name>
	<Style><LineStyle><color>ff0000ff</color></LineStyle><PolyStyle><fill>0</fill></PolyStyle></Style>
	<ExtendedData><SchemaData schemaUrl="#lineas_sing">
		<SimpleData name="OBJECTID">68</SimpleData>
		<SimpleData name="gml_id">lt_sing_1c966bdb_e893_4b2d_b52e_5945a9a8a68b.34</SimpleData>
		<SimpleData name="layer">Unknown Line Type</SimpleData>
		<SimpleData name="elevation">0</SimpleData>
		<SimpleData name="nombre">ENCUENTRO - COLLAHUASI. CIRCUITO N2</SimpleData>
		<SimpleData name="circuito">C1</SimpleData>
		<SimpleData name="tipo">SUBTRANSMISION</SimpleData>
		<SimpleData name="f_operacio">2012</SimpleData>
		<SimpleData name="long_km">201.276688027</SimpleData>
		<SimpleData name="tramo">ENCUENTRO- COLLAHUASI</SimpleData>
		<SimpleData name="propiedad">MINERA COLLAHUASI</SimpleData>
		<SimpleData name="tension_kv">220</SimpleData>
		<SimpleData name="rca">S/I</SimpleData>
		<SimpleData name="sist_elect">SING</SimpleData>
		<SimpleData name="estado">EN OPERACION</SimpleData>
		<SimpleData name="region">REGION DE TARAPACA - REGION DE ANTOFAGASTA</SimpleData>
		<SimpleData name="provincia">IQUIQUE-TOCOPILLA</SimpleData>
		<SimpleData name="comuna">MARIA ELENA-PICA-POZO ALMONTE</SimpleData>
		<SimpleData name="fuente_bas">CNE</SimpleData>
		<SimpleData name="fech_crea">02-12-2014</SimpleData>
		<SimpleData name="fech_act">20/12/2016</SimpleData>
		<SimpleData name="Shape_Leng">1.86003014324188</SimpleData>
	</SchemaData></ExtendedData>
      <LineString><coordinates>-69.566208406,-22.2818444009999 -69.566169652,-22.281862604 -69.5632166889999,-22.281348905 -69.559904129,-22.280718952 -69.5586218729999,-22.280479452 -69.558481065,-22.279242285 -69.55816443,-22.2777256699999 -69.558423529,-22.276974961 -69.5583389569999,-22.275231699 -69.558373049,-22.2740390989999 -69.5582445379999,-22.273452334 -69.5558434229999,-22.270072833 -69.553305941,-22.266540181 -69.550661049,-22.2628091019999 -69.5480358139999,-22.259105012 -69.545410824,-22.255427976 -69.543029914,-22.2520933709999 -69.540707519,-22.248803703 -69.538346485,-22.245532194 -69.535946299,-22.242143335 -69.533702551,-22.2390339789999 -69.532446051,-22.2352257389999 -69.530994091,-22.231029662 -69.529502932,-22.2267072189999 -69.528139187,-22.222700537 -69.5267950959999,-22.218738946 -69.525343315,-22.2144976339999 -69.523921032,-22.210337516 -69.522469663,-22.206159408 -69.521076724,-22.2020172319999 -69.519752807,-22.198154878 -69.5185858369999,-22.194743714 -69.5173797259999,-22.191224255 -69.51621284,-22.1878040359999 -69.5151439699999,-22.184645485 -69.513830449,-22.180882411 -69.512398934,-22.1766589549999 -69.510957971,-22.1724806829999 -69.509487673,-22.168212146 -69.508046628,-22.163961569 -69.5065763819999,-22.159656861 -69.505194253,-22.1555596489999 -69.5038221619999,-22.1515346639999 -69.502430756,-22.147509724 -69.501137268,-22.14372839 -69.4999712539999,-22.1403260879999 -69.498775665,-22.136770284 -69.4975706,-22.133259669 -69.4965714699999,-22.1303898429999 -69.4960346409999,-22.126615187 -69.495408938,-22.122371019 -69.4947828649999,-22.118009403 -69.494137537,-22.1136749419999 -69.4935020089999,-22.109358514 -69.492866271,-22.104969808 -69.492221038,-22.100626296 -69.491575816,-22.096273745 -69.4909694739999,-22.09193914 -69.4902850619999,-22.0874421469999 -69.489639126,-22.082845657 -69.488994013,-22.078475015 -69.488358604,-22.074095304 -69.487753058,-22.069932321 -69.4871575509999,-22.0658596449999 -69.48657202,-22.061859209 -69.486035909,-22.05812965 -69.485490167,-22.05440915 -69.484904768,-22.0504177359999 -69.4842897779999,-22.0462637869999 -69.48368378,-22.041892983 -69.4830294019999,-22.037531352 -69.482394569,-22.033205795 -69.4817986579999,-22.028916255 -69.481193737,-22.0248164569999 -69.4806378769999,-22.0208881619999 -69.480023339,-22.0167883829999 -69.479348946,-22.0121647839999 -69.478733517,-22.007775898 -69.47807962,-22.0034593949999 -69.477494758,-21.9994950239999 -69.476998505,-21.995945971 -69.476473098,-21.9923608619999 -69.4759380909999,-21.988793846 -69.4754816299999,-21.9855337659999 -69.474887537,-21.9816597459999 -69.474272667,-21.977352131 -69.473638404,-21.973026499 -69.473024301,-21.9689266629999 -69.472448619,-21.964718298 -69.4718143859999,-21.960365547 -69.471160735,-21.9559857429999 -69.470536329,-21.951651022 -69.469902369,-21.947343427 -69.469287787,-21.943026736 -69.468605135,-21.938610856 -69.4680001999999,-21.9342579889999 -69.467346831,-21.929887186 -69.4667322349999,-21.925516268 -69.4661377199999,-21.92135308 -69.4655242599999,-21.917307388 -69.464980017,-21.91369515 -69.464415561,-21.909811931 -69.46383084,-21.9056396629999 -69.463216791,-21.901368093 -69.4625442019999,-21.896943097 -69.461920059,-21.892517959 -69.46131616,-21.888354759 -69.4606829099999,-21.884083222 -69.460068973,-21.879784523 -69.4594256619999,-21.875368453 -69.458753067,-21.8708621129999 -69.458109871,-21.866455066 -69.457515741,-21.862246636 -69.456952004,-21.8584537039999 -69.456398006,-21.854669777 -69.455784426,-21.8503981449999 -69.4551119069999,-21.8458375669999 -69.454666859,-21.842812226 -69.45448816,-21.841385262 -69.453623507,-21.837240789 -69.452739639,-21.833123465 -69.451895011,-21.8291596139999 -69.451040727,-21.825186748 -69.450235662,-21.821466707 -69.449527845,-21.8178909499999 -69.448585244,-21.81347561 -69.447898069,-21.8102882709999 -69.4468960679999,-21.805403278 -69.445993256,-21.8012859479999 -69.4450897729999,-21.7969337129999 -69.444245559,-21.7929607629999 -69.44350944,-21.7895205579999 -69.442754012,-21.7860803999999 -69.4419784999999,-21.7823873209999 -69.441379324,-21.7794074999999 -69.440663246,-21.7761479129999 -69.439770236,-21.771949192 -69.4389748789999,-21.7680393119999 -69.437974158,-21.7633710599999 -69.4372084359999,-21.759632746 -69.436394099,-21.755795173 -69.435511075,-21.751614457 -69.4345499789999,-21.7471809689999 -69.433725711,-21.743207882 -69.432823265,-21.7389458829999 -69.431901102,-21.734539372 -69.4310084369999,-21.730277332 -69.430164953,-21.726277162 -69.4294195219999,-21.7227194299999 -69.428674289,-21.7192159009999 -69.4279974949999,-21.715956127 -69.427291542,-21.71263318 -69.426585329,-21.709210847 -69.4256933629999,-21.7050752449999 -69.42480084,-21.700731838 -69.4238892499999,-21.69646075 -69.42300669,-21.692180546 -69.422134273,-21.688044863 -69.421242601,-21.683918257 -69.420330969,-21.6795567899999 -69.4194392219999,-21.675366926 -69.417636272,-21.6668878409999 -69.41764599,-21.6669058859999 -69.41655105,-21.662580987 -69.415166958,-21.65513077 -69.4141105099999,-21.650688299 -69.412521856,-21.642579016 -69.411679281,-21.6385244849999 -69.4108173779999,-21.6344519259999 -69.409945787,-21.630352278 -69.40905459,-21.62613522 -69.4081731859999,-21.621945233 -69.4073113859999,-21.617836505 -69.4064105109999,-21.613556204 -69.4054901659999,-21.6092036639999 -69.40459944,-21.6050588439999 -69.403727913,-21.600850727 -69.40287611,-21.5967690429999 -69.4021029369999,-21.593156973 -69.401251154,-21.5890481709999 -69.400340791,-21.5846955609999 -69.399469742,-21.580568721 -69.3985894799999,-21.5765864529999 -69.397669203,-21.5720802509999 -69.3967589869999,-21.5677005059999 -69.395878368,-21.563528484 -69.394958435,-21.559085501 -69.3940195129999,-21.5547419389999 -69.3931680539999,-21.55057886 -69.392326764,-21.5465874139999 -69.39147601,-21.5426501929999 -69.390644691,-21.5387400239999 -69.3898814469999,-21.534992318 -69.3890991009999,-21.5313078959999 -69.388248338,-21.5272983689999 -69.3873878479999,-21.523243683 -69.386575829,-21.5192430879999 -69.385725426,-21.5153148549999 -69.384864963,-21.5112149739999 -69.3841508899999,-21.5076929859999 -69.383241916,-21.503466714 -69.3824695489999,-21.499773185 -69.38187307,-21.496874325 -69.3811204359999,-21.493316265 -69.380543765,-21.4905890159999 -69.3786702789999,-21.486599811 -69.3768164589999,-21.482709922 -69.3750207479999,-21.478856019 -69.3731864769999,-21.47498411 -69.371381307,-21.471130183 -69.369644186,-21.467429679 -69.3678975239999,-21.46373821 -69.366082917,-21.459857133 -69.3642201489999,-21.455976138 -69.362463912,-21.45220331 -69.3606010299999,-21.4481957789999 -69.358777295,-21.444368841 -69.356963219,-21.4405057189999 -69.3551881459999,-21.436768984 -69.3535390489999,-21.433212661 -69.351851412,-21.4296473659999 -69.350163794,-21.426054947 -69.348524805,-21.422588897 -69.3471573049999,-21.4196463019999 -69.345537801,-21.4161982489999 -69.3440444399999,-21.413020971 -69.342008186,-21.4087063659999 -69.340272522,-21.404987439 -69.338556409,-21.4013407319999 -69.336830673,-21.3976669199999 -69.335017786,-21.393812559 -69.333156495,-21.389840815 -69.3313728859999,-21.386049597 -69.329540854,-21.38213196 -69.327912601,-21.3787108349999 -69.3263327349999,-21.375325738 -69.3248595859999,-21.3721843659999 -69.323289587,-21.368835358 -69.31983138,-21.366519949 -69.315986863,-21.3639251029999 -69.312123248,-21.361357309 -69.308288627,-21.3587532289999 -69.304434832,-21.35614006 -69.300726158,-21.353680138 -69.296814653,-21.3510126809999 -69.2930964989999,-21.3485074279999 -69.289619879,-21.346155272 -69.286037162,-21.3437399769999 -69.282367646,-21.3412615029999 -69.2790072459999,-21.338990243 -69.2759366299999,-21.336917215 -69.272730941,-21.334763031 -69.269013587,-21.332248195 -69.265450877,-21.329859525 -69.261820669,-21.3274076349999 -69.258026431,-21.324829424 -69.254174437,-21.3222331429999 -69.250477013,-21.3197268929999 -69.246808716,-21.317265694 -69.243140511,-21.314786343 -69.239597908,-21.3123880479999 -69.236026465,-21.3099716469999 -69.232233165,-21.307419946 -69.2284013729999,-21.3048320689999 -69.2248399489999,-21.302424447 -69.221722589,-21.300314328 -69.218586048,-21.29821321 -69.2150249169999,-21.295787306 -69.211222687,-21.2932260969999 -69.207430216,-21.2906557539999 -69.2036089549999,-21.288085359 -69.1997298869999,-21.2854426609999 -69.1959378509999,-21.282899159 -69.19205909,-21.2802833869999 -69.188498835,-21.277865945 -69.185073776,-21.275547666 -69.181687416,-21.27325638 -69.17852303,-21.27110032 -69.1751368939999,-21.26882697 -69.171885914,-21.2666437669999 -69.1685095889999,-21.2643431659999 -69.1646510849999,-21.2617357669999 -69.160985636,-21.259263623 -69.157185275,-21.2567011699999 -69.153587581,-21.254264941 -69.149999653,-21.251837661 -69.146392539,-21.2493832129999 -69.142669838,-21.246874573 -69.138870084,-21.244284594 -69.1349644169999,-21.241658472 -69.1313095959999,-21.2391856629999 -69.1277513159999,-21.2367669139999 -69.124607796,-21.23464595 -69.121531853,-21.2325610199999 -69.121548277,-21.229082384 -69.121525533,-21.224844802 -69.1214838069999,-21.220959611 -69.121529295,-21.2176706929999 -69.121502791,-21.208834085 -69.1214711659999,-21.205509075 -69.1214589149999,-21.202310547 -69.121436736,-21.198750607 -69.121452409,-21.1943503439999 -69.121419004,-21.1888387559999 -69.121415639,-21.1847185999999 -69.121355189,-21.181474921 -69.1213614609999,-21.177354755 -69.1213402339999,-21.1749513419999 -69.121318241,-21.1716082409999 -69.121296501,-21.168572345 -69.121253767,-21.1634131289999 -69.121318978,-21.160693409 -69.1212795869999,-21.1596362879999 -69.121237476,-21.155236046 -69.1198774659999,-21.1528697219999 -69.117996633,-21.1495459889999 -69.116183473,-21.146439039 -69.114601793,-21.143666224 -69.112133005,-21.139412164 -69.110406908,-21.136494835 -69.108728992,-21.133523243 -69.1056627579999,-21.128275559 -69.103329463,-21.1242561999999 -69.10193141,-21.1217542109999 -69.10060097,-21.119487093 -69.098258296,-21.1154315219999 -69.0960410559999,-21.1115746259999 -69.095144562,-21.110030057 -69.0933998309999,-21.1070312329999 -69.092416626,-21.105315022 -69.090112999,-21.1014038769999 -69.0888888759999,-21.099208889 -69.0861065,-21.0995807809999 -69.082650154,-21.100007171 -69.080339496,-21.100297418 -69.076161025,-21.100805336 -69.0703842999999,-21.1015306749999 -69.064905999,-21.102246667 -69.06210423,-21.1025729959999 -69.058108578,-21.1030894369999 -69.055374182,-21.103424667 -69.051734719,-21.1038685579999 -69.04923139,-21.104230725 -69.046333265,-21.104565856 -69.044272806,-21.104837473 -69.0406332329999,-21.1051275209999 -69.03723436,-21.105399367 -69.034076187,-21.105643991 -69.030763957,-21.105951832 -69.026970266,-21.1062235439999 -69.0241683209999,-21.1064408199999 -69.0208079069999,-21.106739438 -69.018949563,-21.1069022959999 -69.017120102,-21.107074165 -69.012103496,-21.107408912 -69.010437684,-21.107174099 -69.007722325,-21.106767646 -69.003379705,-21.1061172289999 -69.001540603,-21.105828119 -69.0003658919999,-21.105638379 -68.995445618,-21.1048612619999 -68.993924292,-21.1046082189999 -68.989668449,-21.1040207039999 -68.987906428,-21.1037404849999 -68.984045408,-21.103134785 -68.980463641,-21.102583242 -68.9782876259999,-21.102302876 -68.974638527,-21.101597597 -68.970758346,-21.101063876 -68.9670710839999,-21.099066345 -68.964394749,-21.097629153 -68.961516299,-21.096092482 -68.96033211,-21.095821143 -68.958040763,-21.0952965299999 -68.955884209,-21.0948261349999 -68.952466494,-21.0940481539999 -68.949010312,-21.0932429869999 -68.947643237,-21.0929715039999 -68.9466035039999,-21.092736256 -68.943474578,-21.092337678 -68.938699414,-21.091667389 -68.9316137759999,-21.0906527 -68.9301889559999,-21.090453338 -68.922621993,-21.089546501 -68.921303134,-21.0892838629999 -68.9197051199999,-21.088939764 -68.9160372549999,-21.088441033 -68.9130325519999,-21.0899484559999 -68.911597576,-21.0906976639999 -68.9099218009999,-21.0915913019999 -68.906002456,-21.092881258 -68.90338231,-21.0949669949999 -68.8977671919999,-21.097827969 -68.893452141,-21.100066125 -68.89017726,-21.1017356089999 -68.8859487029999,-21.1038923089999 -68.8821630899999,-21.1058684999999 -68.8794851879999,-21.107240017 -68.8773370649999,-21.108322739 -68.874342762,-21.107977196 -68.87323557,-21.1078227679999 -68.8682771759999,-21.107276858 -68.862741232,-21.106576732 -68.857031964,-21.105939528 -68.8545865419999,-21.105648312 -68.8506392419999,-21.105165998 -68.847337005,-21.104765495 -68.839240296,-21.103827354 -68.836544643,-21.103499499 -68.8330210359999,-21.103089468 -68.830748942,-21.102870363 -68.827860786,-21.102515071 -68.8246838429999,-21.102114254 -68.820717469,-21.1016402609999 -68.818455112,-21.1013667889999 -68.816250466,-21.1011475629999 -68.811802819,-21.100600555 -68.809607893,-21.10032704 -68.8080386899999,-21.100153597 -68.806905254,-21.098056073 -68.8038701039999,-21.09244154 -68.8028039399999,-21.0905247749999 -68.799855403,-21.085163263 -68.798414854,-21.0825231859999 -68.7971856469999,-21.080253806 -68.796110422,-21.078047851 -68.794677661,-21.076844399 -68.791350832,-21.073930904 -68.789475759,-21.072419656 -68.7874662739999,-21.0706823319999 -68.784803064,-21.068374918 -68.7824187259999,-21.0663208139999 -68.779755698,-21.0639952499999 -68.777236939,-21.061805367 -68.7753238339999,-21.060176451 -68.77311284,-21.058239908 -68.770603873,-21.0560680099999 -68.7678354449999,-21.053669833 -68.766633884,-21.0526381349999 -68.763586797,-21.0500226529999 -68.7622997299999,-21.0483221759999 -68.759840905,-21.045093031 -68.7583233829999,-21.043112096 -68.7563640979999,-21.0405612759999 -68.7538767149999,-21.037295861 -68.753002812,-21.0361380439999 -68.749881718,-21.03207652 -68.747951531,-21.0295617859999 -68.7463382999999,-21.027454104 -68.744168214,-21.024604654 -68.7424494809999,-21.022352207 -68.740207423,-21.0222494069999 -68.7376381449999,-21.0221641429999 -68.7316145,-21.021856573 -68.729459084,-21.0217447319999 -68.726206721,-21.021576889 -68.7236471209999,-21.021473359 -68.7199233009999,-21.0212684859999 -68.7164015279999,-21.021090976 -68.7130721939999,-21.020931789 -68.711051498,-21.0208380139999 -68.706230744,-21.020594833 -68.7037481639999,-21.020491137 -68.7006305689999,-21.0203320749999 -68.69923534,-21.0202663649999 -68.698179104,-21.019116982 -68.694827862,-21.0155690739999 -68.69323402,-21.0138313849999 -68.69260995,-21.013143558 -68.6905553189999,-21.0108990209999 -68.687838046,-21.0080568989999 -68.6853418439999,-21.005377783 -68.682999321,-21.002870592 -68.681626498,-21.001395236 -68.679792876,-20.99944012 -68.677632882,-20.9971500519999 -68.674426662,-20.9937285149999 -68.6708174469999,-20.9898724349999 -68.667813356,-20.9865505559999 -68.666478933,-20.9852468289999 -68.664108337,-20.98266704 -68.662083084,-20.9805667869999 -68.660939135,-20.98016695 -68.6544117,-20.9780214469999 -68.653258046,-20.977675752 -68.6519987189999,-20.9772665849999 -68.650393342,-20.9767392369999 -68.6468751359999,-20.975530255 -68.643866362,-20.974530084 -68.640898111,-20.976719492 -68.63928879,-20.977854571 -68.637342099,-20.979250947 -68.636803113,-20.9793491899999</coordinates></LineString>
  </Placemark>
  <Placemark id="lineas_sing.69">
	<name>ENCUENTRO - MMH 220KV</name>
	<Style><LineStyle><color>ff0000ff</color></LineStyle><PolyStyle><fill>0</fill></PolyStyle></Style>
	<ExtendedData><SchemaData schemaUrl="#lineas_sing">
		<SimpleData name="OBJECTID">69</SimpleData>
		<SimpleData name="gml_id">lt_sing_1c966bdb_e893_4b2d_b52e_5945a9a8a68b.35</SimpleData>
		<SimpleData name="layer">Unknown Line Type</SimpleData>
		<SimpleData name="elevation">0</SimpleData>
		<SimpleData name="nombre">ENCUENTRO - MMH 220KV</SimpleData>
		<SimpleData name="circuito">C1</SimpleData>
		<SimpleData name="tipo">ADICIONAL</SimpleData>
		<SimpleData name="f_operacio">2013</SimpleData>
		<SimpleData name="long_km">73.3785168638</SimpleData>
		<SimpleData name="tramo">S/E ENCUENTRO</SimpleData>
		<SimpleData name="propiedad">CODELCO NORTE</SimpleData>
		<SimpleData name="tension_kv">220</SimpleData>
		<SimpleData name="rca">S/I</SimpleData>
		<SimpleData name="sist_elect">SING</SimpleData>
		<SimpleData name="estado">EN OPERACION</SimpleData>
		<SimpleData name="region">REGION DE ANTOFAGASTA</SimpleData>
		<SimpleData name="provincia">EL LOA-TOCOPILLA</SimpleData>
		<SimpleData name="comuna">CALAMA-MARIA ELENA</SimpleData>
		<SimpleData name="fuente_bas">CNE</SimpleData>
		<SimpleData name="fech_crea">02-12-2014</SimpleData>
		<SimpleData name="fech_act">20/12/2016</SimpleData>
		<SimpleData name="Shape_Leng">0.708588017157534</SimpleData>
	</SchemaData></ExtendedData>
      <LineString><coordinates>-69.5646436609999,-22.2831523639999 -69.56425995,-22.2830091549999 -69.563403777,-22.282641918 -69.560321086,-22.281826883 -69.556836754,-22.2811333189999 -69.55562722,-22.280799773 -69.5550165399999,-22.2806960739999 -69.55422842,-22.280690997 -69.368650254,-22.274208272 -69.352189779,-22.274741498 -69.10322934,-22.292557099 -69.0808409589999,-22.2998180499999 -69.071821265,-22.3009325089999 -69.037457418,-22.311343651 -69.029836476,-22.3131047369999 -68.9864310849999,-22.319085398 -68.976512046,-22.3205569319999 -68.962407903,-22.32153783 -68.948753633,-22.3288847699999 -68.927495946,-22.3319258779999 -68.9228646299999,-22.350429633 -68.921720678,-22.356470776 -68.919715821,-22.3568438089999 -68.9042038699999,-22.3633951699999 -68.902300743,-22.3632304239999 -68.8944759,-22.357232704 -68.8920305089999,-22.35444053 -68.893037823,-22.352206779 -68.8922171199999,-22.34959265</coordinates></LineString>
  </Placemark>
  <Placemark id="lineas_sing.70">
	<name>ENCUENTRO - SIERRA GORDA. CIRCUITO NA2 220KV</name>
	<Style><LineStyle><color>ff0000ff</color></LineStyle><PolyStyle><fill>0</fill></PolyStyle></Style>
	<ExtendedData><SchemaData schemaUrl="#lineas_sing">
		<SimpleData name="OBJECTID">70</SimpleData>
		<SimpleData name="gml_id">lt_sing_1c966bdb_e893_4b2d_b52e_5945a9a8a68b.36</SimpleData>
		<SimpleData name="layer">Unknown Line Type</SimpleData>
		<SimpleData name="elevation">0</SimpleData>
		<SimpleData name="nombre">ENCUENTRO - SIERRA GORDA. CIRCUITO NA2 220KV</SimpleData>
		<SimpleData name="circuito">C2</SimpleData>
		<SimpleData name="tipo">ADICIONAL</SimpleData>
		<SimpleData name="f_operacio">2014</SimpleData>
		<SimpleData name="long_km">77.1733729177</SimpleData>
		<SimpleData name="tramo">ENCUENTRO - SIERRA GORDA</SimpleData>
		<SimpleData name="propiedad">TRANSMISORA MEJILLONES</SimpleData>
		<SimpleData name="tension_kv">220</SimpleData>
		<SimpleData name="rca">S/I</SimpleData>
		<SimpleData name="sist_elect">SING</SimpleData>
		<SimpleData name="estado">EN OPERACION</SimpleData>
		<SimpleData name="region">REGION DE ANTOFAGASTA</SimpleData>
		<SimpleData name="provincia">ANTOFAGASTA-TOCOPILLA</SimpleData>
		<SimpleData name="comuna">MARIA ELENA-SIERRA GORDA</SimpleData>
		<SimpleData name="fuente_bas">CNE</SimpleData>
		<SimpleData name="fech_crea">02-12-2014</SimpleData>
		<SimpleData name="fech_act">20/12/2016</SimpleData>
		<SimpleData name="Shape_Leng">0.707140124460524</SimpleData>
	</SchemaData></ExtendedData>
      <LineString><coordinates>-69.565884591,-22.285802052 -69.5652178129999,-22.287687752 -69.5643282739999,-22.2902079529999 -69.570397677,-22.3017129529999 -69.570525943,-22.3059486829999 -69.5680568229999,-22.3103573129999 -69.5669559849999,-22.324290264 -69.566992967,-22.3419684479999 -69.570067186,-22.3497181019999 -69.570238576,-22.350150121 -69.5707054489999,-22.351326962 -69.5662192149999,-22.369516742 -69.5616669949999,-22.3808382739999 -69.558493518,-22.38593128 -69.558451212,-22.385999171 -69.551164832,-22.3976912219999 -69.550794294,-22.3982857459999 -69.5377694109999,-22.419180237 -69.5377362689999,-22.4192333939999 -69.531820878,-22.4287204689999 -69.531269536,-22.429054637 -69.529777369,-22.429958999 -69.5248214329999,-22.432962518 -69.5247084549999,-22.45139046 -69.524705223,-22.4519184229999 -69.52456688,-22.4744891669999 -69.514791588,-22.4917934009999 -69.5142062209999,-22.492829491 -69.509204374,-22.501681746 -69.461852355,-22.585422611 -69.4588443819999,-22.639186256 -69.458803399,-22.6399184969999 -69.450886709,-22.7812503019999 -69.4466435739999,-22.856899627 -69.400041035,-22.8885854179999 -69.364005843,-22.8852467909999 -69.358269223,-22.878925108 -69.358221282,-22.8779682109999</coordinates></LineString>
  </Placemark>
  <Placemark id="lineas_sing.71">
	<name>CRUCERO - RADOMIRO TOMIC 220KV</name>
	<Style><LineStyle><color>ff0000ff</color></LineStyle><PolyStyle><fill>0</fill></PolyStyle></Style>
	<ExtendedData><SchemaData schemaUrl="#lineas_sing">
		<SimpleData name="OBJECTID">71</SimpleData>
		<SimpleData name="gml_id">lt_sing_1c966bdb_e893_4b2d_b52e_5945a9a8a68b.37</SimpleData>
		<SimpleData name="layer">Unknown Line Type</SimpleData>
		<SimpleData name="elevation">0</SimpleData>
		<SimpleData name="nombre">CRUCERO - RADOMIRO TOMIC 220KV</SimpleData>
		<SimpleData name="circuito">C1</SimpleData>
		<SimpleData name="tipo">ADICIONAL</SimpleData>
		<SimpleData name="f_operacio">1996</SimpleData>
		<SimpleData name="long_km">81.643959877</SimpleData>
		<SimpleData name="tramo">CRUCERO - RADOMIRO TOMIC</SimpleData>
		<SimpleData name="propiedad">E-CL</SimpleData>
		<SimpleData name="tension_kv">220</SimpleData>
		<SimpleData name="rca">S/I</SimpleData>
		<SimpleData name="sist_elect">SING</SimpleData>
		<SimpleData name="estado">EN OPERACION</SimpleData>
		<SimpleData name="region">REGION DE ANTOFAGASTA</SimpleData>
		<SimpleData name="provincia">EL LOA-TOCOPILLA</SimpleData>
		<SimpleData name="comuna">CALAMA-MARIA ELENA</SimpleData>
		<SimpleData name="fuente_bas">CNE</SimpleData>
		<SimpleData name="fech_crea">02-12-2014</SimpleData>
		<SimpleData name="fech_act">20/12/2016</SimpleData>
		<SimpleData name="Shape_Leng">0.781783441178159</SimpleData>
	</SchemaData></ExtendedData>
      <LineString><coordinates>-69.5653268409999,-22.2748809449999 -69.5654910759999,-22.2748455939999 -69.3382696429999,-22.270572284 -69.249136012,-22.2432513489999 -69.057468079,-22.189289356 -69.016867308,-22.1460114609999 -68.969615726,-22.115699648 -68.9522703069999,-22.1120439609999 -68.92142315,-22.119284427 -68.903330368,-22.137877306 -68.880714682,-22.192256947 -68.8776083509999,-22.1947171419999 -68.872684163,-22.1948449339999 -68.869469296,-22.193770808</coordinates></LineString>
  </Placemark>
  <Placemark id="lineas_sing.72">
	<name>CRUCERO - SALAR 220KV</name>
	<Style><LineStyle><color>ff0000ff</color></LineStyle><PolyStyle><fill>0</fill></PolyStyle></Style>
	<ExtendedData><SchemaData schemaUrl="#lineas_sing">
		<SimpleData name="OBJECTID">72</SimpleData>
		<SimpleData name="gml_id">lt_sing_1c966bdb_e893_4b2d_b52e_5945a9a8a68b.38</SimpleData>
		<SimpleData name="layer">Unknown Line Type</SimpleData>
		<SimpleData name="elevation">0</SimpleData>
		<SimpleData name="nombre">CRUCERO - SALAR 220KV</SimpleData>
		<SimpleData name="circuito">C1</SimpleData>
		<SimpleData name="tipo">ADICIONAL</SimpleData>
		<SimpleData name="f_operacio">2005</SimpleData>
		<SimpleData name="long_km">17.5304602718</SimpleData>
		<SimpleData name="tramo">MUELLE - GUAYAQUES</SimpleData>
		<SimpleData name="propiedad">CODELCO NORTE</SimpleData>
		<SimpleData name="tension_kv">220</SimpleData>
		<SimpleData name="rca">S/I</SimpleData>
		<SimpleData name="sist_elect">SING</SimpleData>
		<SimpleData name="estado">EN OPERACION</SimpleData>
		<SimpleData name="region">REGION DE ANTOFAGASTA</SimpleData>
		<SimpleData name="provincia">EL LOA</SimpleData>
		<SimpleData name="comuna">CALAMA</SimpleData>
		<SimpleData name="fuente_bas">CNE</SimpleData>
		<SimpleData name="fech_crea">02-12-2014</SimpleData>
		<SimpleData name="fech_act">20/12/2016</SimpleData>
		<SimpleData name="Shape_Leng">0.163676678238649</SimpleData>
	</SchemaData></ExtendedData>
      <LineString><coordinates>-68.876579052,-22.3403326659999 -68.8769675039999,-22.3403329609999 -68.87860419,-22.345555948 -68.9024044019999,-22.363893322 -68.903550422,-22.3640475889999 -68.920794911,-22.3569470579999 -68.927198859,-22.3316182199999 -68.920794911,-22.3569470579999 -68.903550422,-22.3640475889999 -68.9024044019999,-22.363893322 -68.87860419,-22.345555948 -68.8769675039999,-22.3403329609999 -68.876579052,-22.3403326659999</coordinates></LineString>
  </Placemark>
  <Placemark id="lineas_sing.73">
	<name>TAP OFF OESTE - MINSAL 110KV</name>
	<Style><LineStyle><color>ff0000ff</color></LineStyle><PolyStyle><fill>0</fill></PolyStyle></Style>
	<ExtendedData><SchemaData schemaUrl="#lineas_sing">
		<SimpleData name="OBJECTID">73</SimpleData>
		<SimpleData name="gml_id">lt_sing_1c966bdb_e893_4b2d_b52e_5945a9a8a68b.53</SimpleData>
		<SimpleData name="layer">Unknown Line Type</SimpleData>
		<SimpleData name="elevation">0</SimpleData>
		<SimpleData name="nombre">TAP OFF OESTE - MINSAL 110KV</SimpleData>
		<SimpleData name="circuito">C1</SimpleData>
		<SimpleData name="tipo">ADICIONAL</SimpleData>
		<SimpleData name="f_operacio">1997</SimpleData>
		<SimpleData name="long_km">33.3510335228</SimpleData>
		<SimpleData name="tramo">TAP OFF OESTE - MINSAL</SimpleData>
		<SimpleData name="propiedad">NORGENER</SimpleData>
		<SimpleData name="tension_kv">110</SimpleData>
		<SimpleData name="rca">S/I</SimpleData>
		<SimpleData name="sist_elect">SING</SimpleData>
		<SimpleData name="estado">EN OPERACION</SimpleData>
		<SimpleData name="region">REGION DE ANTOFAGASTA</SimpleData>
		<SimpleData name="provincia">EL LOA</SimpleData>
		<SimpleData name="comuna">SAN PEDRO DE ATACAMA</SimpleData>
		<SimpleData name="fuente_bas">CNE</SimpleData>
		<SimpleData name="fech_crea">02-12-2014</SimpleData>
		<SimpleData name="fech_act">20/12/2016</SimpleData>
		<SimpleData name="Shape_Leng">0.315169957472302</SimpleData>
	</SchemaData></ExtendedData>
      <LineString><coordinates>-68.619532883,-23.6901565969999 -68.557753049,-23.549256321 -68.526699121,-23.5451544539999 -68.399794581,-23.516968773</coordinates></LineString>
  </Placemark>
  <Placemark id="lineas_sing.74">
	<name>DOMEYKO - PLANTA OXIDOS 220KV</name>
	<Style><LineStyle><color>ff0000ff</color></LineStyle><PolyStyle><fill>0</fill></PolyStyle></Style>
	<ExtendedData><SchemaData schemaUrl="#lineas_sing">
		<SimpleData name="OBJECTID">74</SimpleData>
		<SimpleData name="gml_id">lt_sing_1c966bdb_e893_4b2d_b52e_5945a9a8a68b.40</SimpleData>
		<SimpleData name="layer">Unknown Line Type</SimpleData>
		<SimpleData name="elevation">0</SimpleData>
		<SimpleData name="nombre">DOMEYKO - PLANTA OXIDOS 220KV</SimpleData>
		<SimpleData name="circuito">C1</SimpleData>
		<SimpleData name="tipo">ADICIONAL</SimpleData>
		<SimpleData name="f_operacio">1998</SimpleData>
		<SimpleData name="long_km">0.802791447705</SimpleData>
		<SimpleData name="tramo">DOMEYKO- PLANTA DE OXIDOS</SimpleData>
		<SimpleData name="propiedad">MINERA ESCONDIDA</SimpleData>
		<SimpleData name="tension_kv">220</SimpleData>
		<SimpleData name="rca">S/I</SimpleData>
		<SimpleData name="sist_elect">SING</SimpleData>
		<SimpleData name="estado">EN OPERACION</SimpleData>
		<SimpleData name="region">REGION DE ANTOFAGASTA</SimpleData>
		<SimpleData name="provincia">ANTOFAGASTA</SimpleData>
		<SimpleData name="comuna">ANTOFAGASTA</SimpleData>
		<SimpleData name="fuente_bas">CNE</SimpleData>
		<SimpleData name="fech_crea">02-12-2014</SimpleData>
		<SimpleData name="fech_act">20/12/2016</SimpleData>
		<SimpleData name="Shape_Leng">0.007320025583856</SimpleData>
	</SchemaData></ExtendedData>
      <LineString><coordinates>-69.102224999,-24.245275901 -69.102922,-24.2471709009999 -69.1038389999999,-24.2496509009999 -69.1047409999999,-24.2521499009999</coordinates></LineString>
  </Placemark>
  <Placemark id="lineas_sing.75">
	<name>CONDORES - PARINACOTA 220KV</name>
	<Style><LineStyle><color>ff0000ff</color></LineStyle><PolyStyle><fill>0</fill></PolyStyle></Style>
	<ExtendedData><SchemaData schemaUrl="#lineas_sing">
		<SimpleData name="OBJECTID">75</SimpleData>
		<SimpleData name="gml_id">lt_sing_1c966bdb_e893_4b2d_b52e_5945a9a8a68b.45</SimpleData>
		<SimpleData name="layer">Unknown Line Type</SimpleData>
		<SimpleData name="elevation">0</SimpleData>
		<SimpleData name="nombre">CONDORES - PARINACOTA 220KV</SimpleData>
		<SimpleData name="circuito">C1</SimpleData>
		<SimpleData name="tipo">SUBTRANSMISION</SimpleData>
		<SimpleData name="f_operacio">2001</SimpleData>
		<SimpleData name="long_km">221.908223674</SimpleData>
		<SimpleData name="tramo">CONDORES- PARINACOTA</SimpleData>
		<SimpleData name="propiedad">TRANSELEC NORTE</SimpleData>
		<SimpleData name="tension_kv">220</SimpleData>
		<SimpleData name="rca">S/I</SimpleData>
		<SimpleData name="sist_elect">SING</SimpleData>
		<SimpleData name="estado">EN OPERACION</SimpleData>
		<SimpleData name="region">REGION DE ARICA Y PARINACOTA - REGION DE TARAPACA</SimpleData>
		<SimpleData name="provincia">ARICA-IQUIQUE</SimpleData>
		<SimpleData name="comuna">ALTO HOSPICIO-ARICA-CAMARONES-HUARA</SimpleData>
		<SimpleData name="fuente_bas">CNE</SimpleData>
		<SimpleData name="fech_crea">02-12-2014</SimpleData>
		<SimpleData name="fech_act">20/12/2016</SimpleData>
		<SimpleData name="Shape_Leng">2.02416001395727</SimpleData>
	</SchemaData></ExtendedData>
      <LineString><coordinates>-70.079151493,-20.2487068569999 -70.0766858009999,-20.246832916 -70.074305306,-20.2450417919999 -70.07098108,-20.242528938 -70.0686653659999,-20.240791096 -70.065742808,-20.2385855329999 -70.062019187,-20.2357794179999 -70.059759798,-20.2340772489999 -70.056562519,-20.2316777459999 -70.0536534779999,-20.229472922 -70.052428762,-20.2269654309999 -70.051020396,-20.224066653 -70.050664071,-20.223336936 -70.048906691,-20.2197316309999 -70.047400673,-20.216634961 -70.046593553,-20.214987723 -70.0448034619999,-20.2113097869999 -70.043202596,-20.2080238619999 -70.044004028,-20.205885096 -70.044737359,-20.2039392619999 -70.045808586,-20.201082718 -70.047980302,-20.195308629 -70.049177883,-20.192118088 -70.0504129399999,-20.1888410029999 -70.051555131,-20.1857966179999 -70.052309292,-20.183794217 -70.05305068,-20.181825826 -70.054590342,-20.177729278 -70.055787567,-20.174534126 -70.057056803,-20.17116636 -70.058287567,-20.1678897809999 -70.059535958,-20.1645734419999 -70.0606217499999,-20.161689807 -70.061673114,-20.1588945149999 -70.063009463,-20.1548969799999 -70.064165981,-20.1514253939999 -70.065356965,-20.147849155 -70.066447194,-20.14458049 -70.067451757,-20.1415666959999 -70.06846702,-20.138520604 -70.069406065,-20.1357049869999 -70.070713482,-20.131787404 -70.0717524,-20.1286626429999 -70.0726340109999,-20.1260256479999 -70.0735548439999,-20.1232570079999 -70.075020891,-20.118852681 -70.0760853579999,-20.1156762379999 -70.077117662,-20.112567941 -70.078040766,-20.109798972 -70.077782306,-20.1059774039999 -70.0775242999999,-20.1021062569999 -70.07720547,-20.0973474529999 -70.076950298,-20.0935604979999 -70.076723497,-20.0902050889999 -70.07648625,-20.086618197 -70.0762302539999,-20.082817415 -70.075929274,-20.0782827859999 -70.0756499669999,-20.0741671559999 -70.075418855,-20.0707049879999 -70.0751776819999,-20.067098108 -70.074936795,-20.063509876 -70.074698226,-20.0599596019999 -70.0744554079999,-20.0563141229999 -70.07421949,-20.052814686 -70.073990991,-20.0494220109999 -70.073810431,-20.046696402 -70.07362052,-20.043894601 -70.0734160979999,-20.0408204739999 -70.073144209,-20.0367543739999 -70.07287243,-20.0327028099999 -70.072606204,-20.0287161699999 -70.0723580379999,-20.0250332259999 -70.072182576,-20.022435023 -70.072003574,-20.01975548 -70.072270729,-20.0167913939999 -70.072561805,-20.013534567 -70.072930556,-20.0095251659999 -70.073275815,-20.005714165 -70.073715721,-20.00085109 -70.0740833519999,-19.9967992389999 -70.0744540589999,-19.99269657 -70.074781086,-19.9890967599999 -70.075069444,-19.985901564 -70.0753977369999,-19.982303708 -70.075766154,-19.9782140409999 -70.076161478,-19.973847931 -70.076552524,-19.969546474 -70.0769370359999,-19.965317397 -70.077323936,-19.961058129 -70.077691742,-19.956998056 -70.078054231,-19.953024273 -70.078447233,-19.948701457 -70.078789382,-19.944896198 -70.078313669,-19.940966298 -70.077809905,-19.9368138889999 -70.077285167,-19.932492268 -70.0768034879999,-19.928523786 -70.076265232,-19.9240977859999 -70.075819246,-19.920434481 -70.07536132,-19.916665876 -70.07484966,-19.9124199889999 -70.074266275,-19.9076134339999 -70.074078788,-19.906085247 -70.073469855,-19.901095256 -70.0730951429999,-19.8979547499999 -70.0728315069999,-19.895799139 -70.072149705,-19.890179893 -70.071677168,-19.8862883529999 -70.071428558,-19.8842605519999 -70.070981087,-19.880601906 -70.070382201,-19.875632207 -70.0697538809999,-19.870454719 -70.069419908,-19.867682725 -70.0688474249999,-19.8629679389999 -70.068417414,-19.8593976999999 -70.0679839439999,-19.855824486 -70.067322641,-19.8503418569999 -70.066855491,-19.8464733009999 -70.066394916,-19.84270255 -70.066241114,-19.839064171 -70.0659883499999,-19.8331931729999 -70.06590963,-19.8313069869999 -70.065667633,-19.825748071 -70.065530473,-19.8225352759999 -70.065376825,-19.819045667 -70.0651888039999,-19.8145990639999 -70.064936319,-19.808816742 -70.06469054,-19.803078574 -70.064499462,-19.798662927 -70.064270415,-19.793338052 -70.0641070729999,-19.7895032989999 -70.063855308,-19.7837573739999 -70.0636900659999,-19.779904293 -70.063515778,-19.775849733 -70.0633458409999,-19.771818384 -70.063202942,-19.768568756 -70.0637044489999,-19.765895219 -70.064672431,-19.760737075 -70.0654566599999,-19.756543381 -70.0662504269999,-19.7522969679999 -70.067074399,-19.7479051 -70.067889066,-19.743551176 -70.068786143,-19.738768901 -70.0695002149999,-19.734961233 -70.0702271439999,-19.731063606 -70.0710143969999,-19.726831908 -70.0718272559999,-19.722480759 -70.072610805,-19.7182967529999 -70.073360297,-19.7142841539999 -70.0739496479999,-19.711114391 -70.074597981,-19.707655732 -70.075336137,-19.703679199 -70.0741009509999,-19.699815703 -70.0728132149999,-19.695794382 -70.071520069,-19.69173375 -70.070213102,-19.6876458899999 -70.068911094,-19.6835701799999 -70.0675224349999,-19.6792008309999 -70.066224797,-19.675134108 -70.0650269779999,-19.671370372 -70.0637452509999,-19.667364054 -70.0602498809999,-19.66541188 -70.056214962,-19.663170857 -70.052159062,-19.6609134449999 -70.0478730309999,-19.658528132 -70.0439848629999,-19.65636375 -70.0389051019999,-19.653535291 -70.0359663249999,-19.6518980929999 -70.0327839189999,-19.65012644 -70.0299310569999,-19.6465599919999 -70.0271715059999,-19.643088624 -70.024026791,-19.63914821 -70.020726767,-19.6350157279999 -70.018931209,-19.6327558429999 -70.01754916,-19.629372003 -70.0159040889999,-19.625338464 -70.014516336,-19.621929043 -70.013430559,-19.6192613379999 -70.01194968,-19.615632101 -70.0099046509999,-19.610612101 -70.006122902,-19.6064715319999 -70.003368537,-19.603448952 -70.000054784,-19.599818989 -69.9987677409999,-19.5966454869999 -69.997016004,-19.5923200089999 -69.995389154,-19.5883010479999 -69.994060077,-19.585024608 -69.992726768,-19.581728901 -69.991253147,-19.578091635 -69.989779732,-19.5744505929999 -69.9882733059999,-19.570728694 -69.986793029,-19.567070378 -69.985498894,-19.56386951 -69.983797404,-19.559676829 -69.9825302249999,-19.556539718 -69.981795193,-19.5547261099999 -69.9790199619999,-19.547872485 -69.978375924,-19.546268686 -69.977313695,-19.5436473579999 -69.9758694079999,-19.5400773339999 -69.9744396849999,-19.536545013 -69.97344082,-19.534068825 -69.9725418949999,-19.5331499989999 -69.973763601,-19.529412696 -69.9750857399999,-19.5253605189999 -69.97632723,-19.5215524889999 -69.977712705,-19.5173008909999 -69.979043302,-19.513218444 -69.9803472089999,-19.509215368 -69.981727828,-19.504978412 -69.9829770589999,-19.501149208 -69.984350515,-19.496935746 -69.985701266,-19.492796525 -69.987010609,-19.4887834789999 -69.9882301659999,-19.485040065 -69.989562583,-19.480967552 -69.9909519239999,-19.4767078739999 -69.9918580299999,-19.4739367339999 -69.992862727,-19.470857279 -69.9936105099999,-19.46855664 -69.9955340779999,-19.461490322 -69.995928621,-19.460044425 -69.9965651109999,-19.456787688 -69.997327797,-19.452889892 -69.99814026,-19.44875869 -69.9988759459999,-19.444987254 -69.999689379,-19.4408260939999 -70.0005581469999,-19.436375357 -70.0013812449999,-19.432201333 -70.002260975,-19.4276797489999 -70.003176275,-19.42299515 -70.00396184,-19.4189617179999 -70.004601846,-19.415721553 -70.005281652,-19.4122209509999 -70.0060270009999,-19.4084041419999 -70.006519307,-19.4057601539999 -70.0070464349999,-19.4029268629999 -70.007672858,-19.39956183 -70.00848243,-19.395204443 -70.009541897,-19.3895270249999 -70.010160093,-19.386212105 -70.010712295,-19.383239515 -70.011202883,-19.380606203 -70.011934332,-19.3767145049999 -70.0128379449999,-19.3718512209999 -70.013789398,-19.3667452729999 -70.0144277809999,-19.3633386999999 -70.015189225,-19.359248443 -70.016029085,-19.354768131 -70.016726998,-19.351011882 -70.0175802859999,-19.34644166 -70.0182127959999,-19.3430336289999 -70.01894927,-19.339093001 -70.019575446,-19.335739179 -70.020167777,-19.3318844899999 -70.0205841489999,-19.329176171 -70.021445581,-19.323559824 -70.021955544,-19.320236199 -70.022362981,-19.317587349 -70.0228309199999,-19.3145438779999 -70.023478316,-19.310324282 -70.024178509,-19.305761799 -70.024781651,-19.3018272699999 -70.025673653,-19.29602184 -70.026287613,-19.292019433 -70.02697051,-19.2875966669999 -70.0275101999999,-19.284084896 -70.027969707,-19.281093862 -70.030164042,-19.278261555 -70.032666714,-19.2750402369999 -70.0350148379999,-19.272014821 -70.0381407579999,-19.26798802 -70.040058716,-19.26550652 -70.041599063,-19.2635218629999 -70.0459242589999,-19.2579439529999 -70.0482692859999,-19.254925718 -70.0509610409999,-19.251456436 -70.053587885,-19.248070212 -70.056200788,-19.244709116 -70.0589745739999,-19.241132443 -70.061565225,-19.237792069 -70.063801954,-19.234910955 -70.0673046699999,-19.230391966 -70.069815235,-19.227161511 -70.072330366,-19.223919834 -70.075057892,-19.220392873 -70.078483922,-19.219478328 -70.082451684,-19.218414219 -70.087796759,-19.216986312 -70.090170406,-19.2163505099999 -70.092732841,-19.215663884 -70.0962791219999,-19.214711205 -70.097278237,-19.214443027 -70.1015184079999,-19.213389583 -70.1069665109999,-19.2119542909999 -70.1118644909999,-19.210663365 -70.115170571,-19.209792572 -70.119447367,-19.2086689449999 -70.123519873,-19.207597719 -70.1281173049999,-19.2063863229999 -70.13300313,-19.20510116 -70.137221374,-19.203991104 -70.141084266,-19.202973082 -70.145985073,-19.201685594 -70.1501459419999,-19.2005907879999 -70.154345806,-19.199487448 -70.158407284,-19.198420122 -70.16131423,-19.1976559779999 -70.163276332,-19.1971430149999 -70.1641873419999,-19.194780152 -70.164779633,-19.1932593399999 -70.1659318,-19.190306398 -70.167372272,-19.1866172209999 -70.1688726909999,-19.1827773489999 -70.170262855,-19.1792233899999 -70.17089895,-19.1775787359999 -70.171171133,-19.176730757 -70.171783139,-19.1748255379999 -70.1729226319999,-19.1712648239999 -70.1753456719999,-19.163724917 -70.175989941,-19.1617287179999 -70.176736649,-19.1594321279999 -70.1776041529999,-19.157521688 -70.177830532,-19.157033864 -70.1786519939999,-19.155273081 -70.178879375,-19.148112257 -70.179127291,-19.140800699 -70.1792554359999,-19.137054292 -70.1793709259999,-19.133857921 -70.179427117,-19.132040135 -70.178029243,-19.12934453 -70.175952936,-19.1253490829999 -70.174879005,-19.123280608 -70.1731804029999,-19.119894953 -70.171395337,-19.116330042 -70.169662973,-19.1128689139999 -70.16797421,-19.1095457229999 -70.1653090359999,-19.1042948529999 -70.1637450819999,-19.101208346 -70.161646834,-19.097077172 -70.1597199779999,-19.093286603 -70.157717812,-19.089331629 -70.156497542,-19.0858420439999 -70.1555993009999,-19.083278263 -70.1538134639999,-19.078169567 -70.152459715,-19.0743181509999 -70.15101932,-19.0701931629999 -70.1496328709999,-19.0662368229999 -70.148344005,-19.062547003 -70.1471612079999,-19.059163902 -70.145670749,-19.0549137579999 -70.143958346,-19.05003729 -70.142273077,-19.045225779 -70.141174459,-19.042074468 -70.139687877,-19.0378208999999 -70.138471307,-19.0343488679999 -70.137077856,-19.0303746709999 -70.135814486,-19.0267674299999 -70.134790725,-19.023824879 -70.1359664189999,-19.020368619 -70.137320503,-19.016384161 -70.1386282729999,-19.01253531 -70.139466222,-19.010078592 -70.140631577,-19.0066478539999 -70.141793396,-19.003227393 -70.143318737,-18.9987492299999 -70.14440432,-18.9955601199999 -70.145913166,-18.9911311179999 -70.147005021,-18.9879211599999 -70.148474032,-18.9836013189999 -70.149669919,-18.980095397 -70.151009142,-18.9761499589999 -70.152495266,-18.971792718 -70.153725196,-18.9681619039999 -70.1549201999999,-18.964662425 -70.1562291389999,-18.960806432 -70.1577270499999,-18.9563937459999 -70.159137448,-18.952246466 -70.16057174,-18.948031611 -70.161926401,-18.944046772 -70.1625902169999,-18.942086144 -70.163389507,-18.939736506 -70.164205894,-18.937339766 -70.165556017,-18.933352842 -70.1669579479999,-18.9292264279999 -70.168377409,-18.9250571219999 -70.169607658,-18.921431533 -70.1709841209999,-18.917397083 -70.172347407,-18.9133702079999 -70.173537655,-18.909879163 -70.174688115,-18.905584754 -70.175732777,-18.901663405 -70.176848161,-18.897499347 -70.177970235,-18.8933105199999 -70.17907474,-18.8891746049999 -70.180037176,-18.88558433 -70.18102537,-18.8818808299999 -70.1821121139999,-18.877811121 -70.182940264,-18.8747339299999 -70.183971232,-18.8708569849999 -70.18508843,-18.866654835 -70.18621131,-18.862447099 -70.187316762,-18.8582913499999 -70.1883694269999,-18.8543418089999 -70.189379786,-18.8505403079999 -70.19036461,-18.846848506 -70.191517666,-18.8424833459999 -70.192600587,-18.838455145 -70.193715577,-18.834251744 -70.194777731,-18.8302661339999 -70.195929868,-18.825937537 -70.1970194359999,-18.8218546049999 -70.198045244,-18.818001174 -70.199087759,-18.814085694 -70.200189355,-18.8099493349999 -70.201239421,-18.8060164249999 -70.202336858,-18.801874148 -70.2031652859999,-18.798764402 -70.20409081,-18.795268602 -70.2050775339999,-18.791555705 -70.2057005029999,-18.7891948819999 -70.206147452,-18.787519436 -70.206712995,-18.785390637 -70.208405173,-18.779030512 -70.208710695,-18.77787073 -70.209612212,-18.774471916 -70.210501554,-18.771165358 -70.2112198689999,-18.768481062 -70.212265309,-18.7645338899999 -70.213133392,-18.761274004 -70.214164763,-18.757398988 -70.2152582589999,-18.7532770409999 -70.21627947,-18.7494375369999 -70.2172256539999,-18.745871553 -70.21686364,-18.741799482 -70.216497923,-18.737648135 -70.2161180689999,-18.73333781 -70.2157361769999,-18.7290463809999 -70.2153673029999,-18.7248905869999 -70.214992045,-18.7205548329999 -70.214623215,-18.7163606459999 -70.2142537679999,-18.712146984 -70.213886929,-18.7079387269999 -70.213522773,-18.703781799 -70.2131664949999,-18.699736112 -70.212793902,-18.695433481 -70.212427351,-18.691238652 -70.212048817,-18.68693624 -70.211689495,-18.682849437 -70.2113118,-18.6785322119999 -70.210943287,-18.67429455 -70.210606761,-18.670477803 -70.210247405,-18.666358121 -70.20989458,-18.6623475119999 -70.209547373,-18.658366229 -70.2092616419999,-18.6551492089999 -70.208855974,-18.6505164929999 -70.208509363,-18.646584106 -70.208144918,-18.642471773 -70.2079265099999,-18.639974073 -70.207543056,-18.635639456 -70.207390495,-18.633865504 -70.20721513,-18.631861753 -70.206813435,-18.627262807 -70.206547714,-18.6242402579999 -70.2061197849999,-18.619394025 -70.205821359,-18.6159710809999 -70.205606863,-18.6134888719999 -70.2052320189999,-18.6092012779999 -70.202841038,-18.605264948 -70.2007976319999,-18.6018993669999 -70.198760393,-18.59855376 -70.196359043,-18.5946061609999 -70.194246068,-18.5911293099999 -70.1921077009999,-18.5876029199999 -70.189827113,-18.5838418559999 -70.1876636059999,-18.580296495 -70.1854967519999,-18.5767324029999 -70.182922386,-18.5725138519999 -70.1802749239999,-18.568139028 -70.180242662,-18.566040323 -70.180186916,-18.5627906899999 -70.1801279869999,-18.558911066 -70.180054341,-18.554328859 -70.17999251,-18.5506182029999 -70.1799212619999,-18.546052742 -70.179885057,-18.543952383 -70.179814082,-18.53938397 -70.179786328,-18.537600326 -70.177744236,-18.534930403 -70.176225049,-18.5329771089999 -70.1740887619999,-18.5301050269999 -70.1726252349999,-18.5282872839999 -70.1719799799999,-18.5269804289999 -70.170939753,-18.524873622 -70.169362298,-18.521678752 -70.171147661,-18.5195139209999 -70.17447874,-18.515479876 -70.176477884,-18.513068529 -70.1782358519999,-18.5109329319999 -70.18201075,-18.509129754 -70.186371073,-18.5070440169999 -70.190542271,-18.50504783 -70.194781307,-18.5030212299999 -70.197691968,-18.5016276429999 -70.201924989,-18.499603887 -70.2062031899999,-18.497558446 -70.20864693,-18.4963831659999 -70.212540142,-18.49478678 -70.216796652,-18.4930323749999 -70.220697764,-18.4914267249999 -70.224698797,-18.4897760649999 -70.2284475769999,-18.488230678 -70.231611033,-18.486925647 -70.2319425589999,-18.4860806039999 -70.235809406,-18.4853691509999 -70.239597926,-18.4846716499999 -70.244205732,-18.483819992 -70.2488845829999,-18.482964377 -70.253383474,-18.482142263 -70.2576047439999,-18.4813661919999 -70.262056382,-18.4805445059999 -70.266370464,-18.4797440249999 -70.270117725,-18.479065146</coordinates></LineString>
  </Placemark>
  <Placemark id="lineas_sing.76">
	<name>CHUQUICAMATA - 10 100KV</name>
	<Style><LineStyle><color>ff0000ff</color></LineStyle><PolyStyle><fill>0</fill></PolyStyle></Style>
	<ExtendedData><SchemaData schemaUrl="#lineas_sing">
		<SimpleData name="OBJECTID">76</SimpleData>
		<SimpleData name="gml_id">lt_sing_1c966bdb_e893_4b2d_b52e_5945a9a8a68b.47</SimpleData>
		<SimpleData name="layer">Unknown Line Type</SimpleData>
		<SimpleData name="elevation">0</SimpleData>
		<SimpleData name="nombre">CHUQUICAMATA - 10 100KV</SimpleData>
		<SimpleData name="circuito">C1</SimpleData>
		<SimpleData name="tipo">SUBTRANSMISION</SimpleData>
		<SimpleData name="f_operacio">1988</SimpleData>
		<SimpleData name="long_km">3.25573847062</SimpleData>
		<SimpleData name="tramo">TAP OFF BARRILES / MANTOS DE LA LUNA</SimpleData>
		<SimpleData name="propiedad">CODELCO NORTE</SimpleData>
		<SimpleData name="tension_kv">100</SimpleData>
		<SimpleData name="rca">S/I</SimpleData>
		<SimpleData name="sist_elect">SING</SimpleData>
		<SimpleData name="estado">EN OPERACION</SimpleData>
		<SimpleData name="region">REGION DE ANTOFAGASTA</SimpleData>
		<SimpleData name="provincia">EL LOA</SimpleData>
		<SimpleData name="comuna">CALAMA</SimpleData>
		<SimpleData name="fuente_bas">CNE</SimpleData>
		<SimpleData name="fech_crea">02-12-2014</SimpleData>
		<SimpleData name="fech_act">20/12/2016</SimpleData>
		<SimpleData name="Shape_Leng">0.0309971227955</SimpleData>
	</SchemaData></ExtendedData>
      <LineString><coordinates>-68.8966260879999,-22.3100008279999 -68.896694877,-22.3088806289999 -68.895745,-22.306702775 -68.89515371,-22.3054195349999 -68.901250364,-22.306164167 -68.903707009,-22.3057500699999 -68.904309139,-22.3054884329999 -68.909881146,-22.306882894 -68.910181784,-22.3074160799999 -68.911530484,-22.308771954 -68.916841529,-22.308503737 -68.917919862,-22.307438248 -68.918648504,-22.30663457 -68.918959494,-22.30611074</coordinates></LineString>
  </Placemark>
  <Placemark id="lineas_sing.77">
	<name>PARINACOTA - QUIANI 66KV</name>
	<Style><LineStyle><color>ff0000ff</color></LineStyle><PolyStyle><fill>0</fill></PolyStyle></Style>
	<ExtendedData><SchemaData schemaUrl="#lineas_sing">
		<SimpleData name="OBJECTID">77</SimpleData>
		<SimpleData name="gml_id">lt_sing_1c966bdb_e893_4b2d_b52e_5945a9a8a68b.49</SimpleData>
		<SimpleData name="layer">Unknown Line Type</SimpleData>
		<SimpleData name="elevation">0</SimpleData>
		<SimpleData name="nombre">PARINACOTA - QUIANI 66KV</SimpleData>
		<SimpleData name="circuito">C1</SimpleData>
		<SimpleData name="tipo">SUBTRANSMISION</SimpleData>
		<SimpleData name="f_operacio">2002</SimpleData>
		<SimpleData name="long_km">7.05628943334</SimpleData>
		<SimpleData name="tramo">PARINACOTA-TAPQUIANI / TAPQUIANI-QUIANI</SimpleData>
		<SimpleData name="propiedad">EMEL</SimpleData>
		<SimpleData name="tension_kv">66</SimpleData>
		<SimpleData name="rca">S/I</SimpleData>
		<SimpleData name="sist_elect">SING</SimpleData>
		<SimpleData name="estado">EN OPERACION</SimpleData>
		<SimpleData name="region">REGION DE ARICA Y PARINACOTA</SimpleData>
		<SimpleData name="provincia">ARICA</SimpleData>
		<SimpleData name="comuna">ARICA</SimpleData>
		<SimpleData name="fuente_bas">CNE</SimpleData>
		<SimpleData name="fech_crea">02-12-2014</SimpleData>
		<SimpleData name="fech_act">20/12/2016</SimpleData>
		<SimpleData name="Shape_Leng">0.028512896503099</SimpleData>
	</SchemaData></ExtendedData>
      <LineString><coordinates>-70.284948695,-18.4525343679999 -70.285705819,-18.452484055 -70.2865200219999,-18.452469497 -70.286589778,-18.451664786 -70.286659802,-18.450896218 -70.28673916,-18.450109515 -70.2868090489999,-18.4493228759999 -70.286995382,-18.4489149739999 -70.287197081,-18.4480280399999 -70.287361042,-18.4471594349999 -70.287543667,-18.446254557 -70.287707558,-18.4453769159999 -70.287890315,-18.4444901099999 -70.288063468,-18.443585296 -70.288236822,-18.4427075899999 -70.288419575,-18.441820783 -70.288592858,-18.4409340409999 -70.288766208,-18.440056334 -70.288920823,-18.439205864 -70.289300095,-18.4380104849999 -70.28968071,-18.436995824 -70.290051922,-18.435990262 -70.290414066,-18.4350389799999 -70.290795074,-18.4340785329999 -70.2911755389999,-18.433045797 -70.291556067,-18.432022097 -70.291908662,-18.431061841 -70.292289451,-18.4300742839999 -70.292651371,-18.4290958899999 -70.293022686,-18.428108396 -70.2932303489999,-18.428025654 -70.2940752009999,-18.428327135 -70.294549087,-18.4283961949999</coordinates></LineString>
  </Placemark>
  <Placemark id="lineas_sing.78">
	<name>PARINACOTA - QUIANI 66KV</name>
	<Style><LineStyle><color>ff0000ff</color></LineStyle><PolyStyle><fill>0</fill></PolyStyle></Style>
	<ExtendedData><SchemaData schemaUrl="#lineas_sing">
		<SimpleData name="OBJECTID">78</SimpleData>
		<SimpleData name="gml_id">lt_sing_1c966bdb_e893_4b2d_b52e_5945a9a8a68b.50</SimpleData>
		<SimpleData name="layer">Unknown Line Type</SimpleData>
		<SimpleData name="elevation">0</SimpleData>
		<SimpleData name="nombre">PARINACOTA - QUIANI 66KV</SimpleData>
		<SimpleData name="circuito">C1</SimpleData>
		<SimpleData name="tipo">SUBTRANSMISION</SimpleData>
		<SimpleData name="f_operacio">2002</SimpleData>
		<SimpleData name="long_km">7.05628943334</SimpleData>
		<SimpleData name="tramo">PARINACOTA-TAPQUIANI / TAPQUIANI-QUIANI</SimpleData>
		<SimpleData name="propiedad">EMEL</SimpleData>
		<SimpleData name="tension_kv">66</SimpleData>
		<SimpleData name="rca">S/I</SimpleData>
		<SimpleData name="sist_elect">SING</SimpleData>
		<SimpleData name="estado">EN OPERACION</SimpleData>
		<SimpleData name="region">REGION DE ARICA Y PARINACOTA</SimpleData>
		<SimpleData name="provincia">ARICA</SimpleData>
		<SimpleData name="comuna">ARICA</SimpleData>
		<SimpleData name="fuente_bas">CNE</SimpleData>
		<SimpleData name="fech_crea">02-12-2014</SimpleData>
		<SimpleData name="fech_act">20/12/2016</SimpleData>
		<SimpleData name="Shape_Leng">0.035573699793647</SimpleData>
	</SchemaData></ExtendedData>
      <LineString><coordinates>-70.272126933,-18.478085407 -70.2720259119999,-18.4759444589999 -70.271791999,-18.4724760519999 -70.271504778,-18.4669115529999 -70.2724667809999,-18.463814645 -70.273466694,-18.460726515 -70.2741795159999,-18.4585168419999 -70.2753079949999,-18.4548946909999 -70.2762148689999,-18.452042122 -70.2783750369999,-18.452217338 -70.2803451729999,-18.452303448 -70.2810358199999,-18.452226493 -70.281500033,-18.4522595019999 -70.28195471,-18.452283538 -70.2824188559999,-18.452307509 -70.282968351,-18.4523489749999 -70.2835366479999,-18.4523722389999 -70.284171021,-18.4523679439999 -70.2845308139999,-18.452365507 -70.284948695,-18.4525343679999</coordinates></LineString>
  </Placemark>
  <Placemark id="lineas_sing.79">
	<name>PARINACOTA - QUIANI 66KV</name>
	<Style><LineStyle><color>ff0000ff</color></LineStyle><PolyStyle><fill>0</fill></PolyStyle></Style>
	<ExtendedData><SchemaData schemaUrl="#lineas_sing">
		<SimpleData name="OBJECTID">79</SimpleData>
		<SimpleData name="gml_id">lt_sing_1c966bdb_e893_4b2d_b52e_5945a9a8a68b.51</SimpleData>
		<SimpleData name="layer">Unknown Line Type</SimpleData>
		<SimpleData name="elevation">0</SimpleData>
		<SimpleData name="nombre">PARINACOTA - QUIANI 66KV</SimpleData>
		<SimpleData name="circuito">C1</SimpleData>
		<SimpleData name="tipo">SUBTRANSMISION</SimpleData>
		<SimpleData name="f_operacio">2002</SimpleData>
		<SimpleData name="long_km">7.05628943334</SimpleData>
		<SimpleData name="tramo">PARINACOTA-TAPQUIANI / TAPQUIANI-QUIANI</SimpleData>
		<SimpleData name="propiedad">EMEL</SimpleData>
		<SimpleData name="tension_kv">66</SimpleData>
		<SimpleData name="rca">S/I</SimpleData>
		<SimpleData name="sist_elect">SING</SimpleData>
		<SimpleData name="estado">EN OPERACION</SimpleData>
		<SimpleData name="region">REGION DE ARICA Y PARINACOTA</SimpleData>
		<SimpleData name="provincia">ARICA</SimpleData>
		<SimpleData name="comuna">ARICA</SimpleData>
		<SimpleData name="fuente_bas">CNE</SimpleData>
		<SimpleData name="fech_crea">02-12-2014</SimpleData>
		<SimpleData name="fech_act">20/12/2016</SimpleData>
		<SimpleData name="Shape_Leng">0.000363748866127</SimpleData>
	</SchemaData></ExtendedData>
      <LineString><coordinates>-70.284948695,-18.4525343679999 -70.28477115,-18.452851844</coordinates></LineString>
  </Placemark>
  <Placemark id="lineas_sing.80">
	<name>TAP OFF ALTO HOSPICIO - ALTO HOSPICIO 110KV</name>
	<Style><LineStyle><color>ff0000ff</color></LineStyle><PolyStyle><fill>0</fill></PolyStyle></Style>
	<ExtendedData><SchemaData schemaUrl="#lineas_sing">
		<SimpleData name="OBJECTID">80</SimpleData>
		<SimpleData name="gml_id">lt_sing_1c966bdb_e893_4b2d_b52e_5945a9a8a68b.52</SimpleData>
		<SimpleData name="layer">Unknown Line Type</SimpleData>
		<SimpleData name="elevation">0</SimpleData>
		<SimpleData name="nombre">TAP OFF ALTO HOSPICIO - ALTO HOSPICIO 110KV</SimpleData>
		<SimpleData name="circuito">C1</SimpleData>
		<SimpleData name="tipo">S/I</SimpleData>
		<SimpleData name="f_operacio">2002</SimpleData>
		<SimpleData name="long_km">0.139090562917</SimpleData>
		<SimpleData name="tramo">TORRE 19 - TAP OFF _ ESTRUCTURA 1 / ESTRUCTURA 1 - ESTRUCTURA 2 / ESTRUCTURA 2 - ML S/E ALTO HOSPICIO</SimpleData>
		<SimpleData name="propiedad">EMEL</SimpleData>
		<SimpleData name="tension_kv">110</SimpleData>
		<SimpleData name="rca">S/I</SimpleData>
		<SimpleData name="sist_elect">SING</SimpleData>
		<SimpleData name="estado">EN OPERACION</SimpleData>
		<SimpleData name="region">REGION DE TARAPACA</SimpleData>
		<SimpleData name="provincia">IQUIQUE</SimpleData>
		<SimpleData name="comuna">ALTO HOSPICIO</SimpleData>
		<SimpleData name="fuente_bas">CNE</SimpleData>
		<SimpleData name="fech_crea">02-12-2014</SimpleData>
		<SimpleData name="fech_act">20/12/2016</SimpleData>
		<SimpleData name="Shape_Leng">0.001259852794277</SimpleData>
	</SchemaData></ExtendedData>
      <LineString><coordinates>-70.105242666,-20.2527367779999 -70.1051503849999,-20.2532252569999 -70.104973733,-20.2539672519999</coordinates></LineString>
  </Placemark>
  <Placemark id="lineas_sing.81">
	<name>CHACAYA - MEJILLONES 110KV</name>
	<Style><LineStyle><color>ff0000ff</color></LineStyle><PolyStyle><fill>0</fill></PolyStyle></Style>
	<ExtendedData><SchemaData schemaUrl="#lineas_sing">
		<SimpleData name="OBJECTID">81</SimpleData>
		<SimpleData name="gml_id">lt_sing_1c966bdb_e893_4b2d_b52e_5945a9a8a68b.55</SimpleData>
		<SimpleData name="layer">Unknown Line Type</SimpleData>
		<SimpleData name="elevation">0</SimpleData>
		<SimpleData name="nombre">CHACAYA - MEJILLONES 110KV</SimpleData>
		<SimpleData name="circuito">C1</SimpleData>
		<SimpleData name="tipo">ADICIONAL</SimpleData>
		<SimpleData name="f_operacio">1995</SimpleData>
		<SimpleData name="long_km">1.13618539772</SimpleData>
		<SimpleData name="tramo">CHACAYA-MEJILLONES</SimpleData>
		<SimpleData name="propiedad">E-CL</SimpleData>
		<SimpleData name="tension_kv">110</SimpleData>
		<SimpleData name="rca">S/I</SimpleData>
		<SimpleData name="sist_elect">SING</SimpleData>
		<SimpleData name="estado">EN OPERACION</SimpleData>
		<SimpleData name="region">REGION DE ANTOFAGASTA</SimpleData>
		<SimpleData name="provincia">ANTOFAGASTA</SimpleData>
		<SimpleData name="comuna">MEJILLONES</SimpleData>
		<SimpleData name="fuente_bas">CNE</SimpleData>
		<SimpleData name="fech_crea">02-12-2014</SimpleData>
		<SimpleData name="fech_act">20/12/2016</SimpleData>
		<SimpleData name="Shape_Leng">0.010933437028946</SimpleData>
	</SchemaData></ExtendedData>
      <LineString><coordinates>-70.40902514,-23.089324435 -70.413720839,-23.091197123 -70.414717262,-23.0912604489999 -70.416378895,-23.090523037 -70.4185358779999,-23.091406814 -70.418191196,-23.092051141</coordinates></LineString>
  </Placemark>
  <Placemark id="lineas_sing.82">
	<name>CHUQUICAMATA - K1 100 KV</name>
	<Style><LineStyle><color>ff0000ff</color></LineStyle><PolyStyle><fill>0</fill></PolyStyle></Style>
	<ExtendedData><SchemaData schemaUrl="#lineas_sing">
		<SimpleData name="OBJECTID">82</SimpleData>
		<SimpleData name="gml_id">lt_sing_1c966bdb_e893_4b2d_b52e_5945a9a8a68b.56</SimpleData>
		<SimpleData name="layer">Unknown Line Type</SimpleData>
		<SimpleData name="elevation">0</SimpleData>
		<SimpleData name="nombre">CHUQUICAMATA - K1 100 KV</SimpleData>
		<SimpleData name="circuito">C1</SimpleData>
		<SimpleData name="tipo">SUBTRANSMISION</SimpleData>
		<SimpleData name="f_operacio">1988</SimpleData>
		<SimpleData name="long_km">2.80849255586</SimpleData>
		<SimpleData name="tramo">PATIO MUFA / TORRE N01 VERTICE 1,2,3,4,5,6,7 / PATIO MUFA / S-E K1</SimpleData>
		<SimpleData name="propiedad">CODELCO NORTE</SimpleData>
		<SimpleData name="tension_kv">100</SimpleData>
		<SimpleData name="rca">S/I</SimpleData>
		<SimpleData name="sist_elect">SING</SimpleData>
		<SimpleData name="estado">EN OPERACION</SimpleData>
		<SimpleData name="region">REGION DE ANTOFAGASTA</SimpleData>
		<SimpleData name="provincia">EL LOA</SimpleData>
		<SimpleData name="comuna">CALAMA</SimpleData>
		<SimpleData name="fuente_bas">CNE</SimpleData>
		<SimpleData name="fech_crea">02-12-2014</SimpleData>
		<SimpleData name="fech_act">20/12/2016</SimpleData>
		<SimpleData name="Shape_Leng">0.026918044715121</SimpleData>
	</SchemaData></ExtendedData>
      <LineString><coordinates>-68.918940112,-22.306047491 -68.918541695,-22.3066525849999 -68.917861624,-22.307411116 -68.916812434,-22.3084495169999 -68.911549942,-22.308708725 -68.910240049,-22.307398044 -68.9099588299999,-22.306864869 -68.904260638,-22.305425165 -68.903668204,-22.3057048749999 -68.901231004,-22.306082847 -68.895114935,-22.305338202 -68.8949407699999,-22.3045430779999</coordinates></LineString>
  </Placemark>
  <Placemark id="lineas_sing.83">
	<name>CHACAYA - EL COBRE. CIRCUITO 1 - 2 220KV</name>
	<Style><LineStyle><color>ff0000ff</color></LineStyle><PolyStyle><fill>0</fill></PolyStyle></Style>
	<ExtendedData><SchemaData schemaUrl="#lineas_sing">
		<SimpleData name="OBJECTID">83</SimpleData>
		<SimpleData name="gml_id">lt_sing_1c966bdb_e893_4b2d_b52e_5945a9a8a68b.57</SimpleData>
		<SimpleData name="layer">Unknown Line Type</SimpleData>
		<SimpleData name="elevation">0</SimpleData>
		<SimpleData name="nombre">CHACAYA - EL COBRE. CIRCUITO 1 - 2 220KV</SimpleData>
		<SimpleData name="circuito">C1 - C2</SimpleData>
		<SimpleData name="tipo">ADICIONAL</SimpleData>
		<SimpleData name="f_operacio">2010</SimpleData>
		<SimpleData name="long_km">140.596450739</SimpleData>
		<SimpleData name="tramo">CHACAYA-ELCOBRE</SimpleData>
		<SimpleData name="propiedad">E-CL</SimpleData>
		<SimpleData name="tension_kv">220</SimpleData>
		<SimpleData name="rca">S/I</SimpleData>
		<SimpleData name="sist_elect">SING</SimpleData>
		<SimpleData name="estado">EN OPERACION</SimpleData>
		<SimpleData name="region">REGION DE ANTOFAGASTA</SimpleData>
		<SimpleData name="provincia">ANTOFAGASTA</SimpleData>
		<SimpleData name="comuna">ANTOFAGASTA-MEJILLONES-SIERRA GORDA</SimpleData>
		<SimpleData name="fuente_bas">CNE</SimpleData>
		<SimpleData name="fech_crea">02-12-2014</SimpleData>
		<SimpleData name="fech_act">20/12/2016</SimpleData>
		<SimpleData name="Shape_Leng">1.34385438296283</SimpleData>
	</SchemaData></ExtendedData>
      <LineString><coordinates>-70.409307895,-23.091926717 -70.409100936,-23.09366639 -70.406704646,-23.0987364439999 -70.404648327,-23.100743237 -70.4030053399999,-23.101535756 -70.402766431,-23.1018529589999 -70.402758159,-23.1023078979999 -70.403027531,-23.102497091 -70.415523347,-23.1030169759999 -70.422996881,-23.1077607399999 -70.429793848,-23.1425886069999 -70.3926185619999,-23.252703427 -70.3879894249999,-23.2665445109999 -70.381404114,-23.299075901 -70.348767472,-23.3308873889999 -70.3384338659999,-23.345004853 -70.312908093,-23.36938925 -70.2913603699999,-23.391170888 -70.272372648,-23.4128286169999 -70.270432907,-23.42909293 -70.260144678,-23.443634975 -70.233116094,-23.454301167 -70.2061349969999,-23.456225977 -70.2051678139999,-23.457693691 -70.16077731,-23.4609419399999 -70.158128862,-23.4630124619999 -70.146146874,-23.464857724 -70.092519298,-23.460686198 -70.082136294,-23.456055631 -70.078556296,-23.4556540209999 -70.075658419,-23.4545703659999 -70.0426085779999,-23.453162371 -70.03771545,-23.450158745 -69.9904196529999,-23.442199853 -69.794131035,-23.453772504 -69.641760774,-23.4927522949999 -69.63119686,-23.495923127 -69.5941163749999,-23.5054618249999 -69.51352572,-23.475654468 -69.486525469,-23.440823993 -69.466574759,-23.432136466 -69.4219940089999,-23.445179686 -69.41567567,-23.4512559679999 -69.414410042,-23.452160605 -69.405814311,-23.453609914 -69.391617652,-23.453644691 -69.385758932,-23.455198427 -69.385222067,-23.455180938</coordinates></LineString>
  </Placemark>
  <Placemark id="lineas_sing.84">
	<name>CAPRICORNIO - SIERRA MIRANDA 110KV</name>
	<Style><LineStyle><color>ff0000ff</color></LineStyle><PolyStyle><fill>0</fill></PolyStyle></Style>
	<ExtendedData><SchemaData schemaUrl="#lineas_sing">
		<SimpleData name="OBJECTID">84</SimpleData>
		<SimpleData name="gml_id">lt_sing_1c966bdb_e893_4b2d_b52e_5945a9a8a68b.58</SimpleData>
		<SimpleData name="layer">Unknown Line Type</SimpleData>
		<SimpleData name="elevation">0</SimpleData>
		<SimpleData name="nombre">CAPRICORNIO - SIERRA MIRANDA 110KV</SimpleData>
		<SimpleData name="circuito">C1</SimpleData>
		<SimpleData name="tipo">S/I</SimpleData>
		<SimpleData name="f_operacio">2000</SimpleData>
		<SimpleData name="long_km">36.4543177384</SimpleData>
		<SimpleData name="tramo">CAPRICORNIO-SIERRA MIRANDA</SimpleData>
		<SimpleData name="propiedad">E-CL</SimpleData>
		<SimpleData name="tension_kv">110</SimpleData>
		<SimpleData name="rca">S/I</SimpleData>
		<SimpleData name="sist_elect">SING</SimpleData>
		<SimpleData name="estado">EN OPERACION</SimpleData>
		<SimpleData name="region">REGION DE ANTOFAGASTA</SimpleData>
		<SimpleData name="provincia">ANTOFAGASTA</SimpleData>
		<SimpleData name="comuna">ANTOFAGASTA-MEJILLONES</SimpleData>
		<SimpleData name="fuente_bas">CNE</SimpleData>
		<SimpleData name="fech_crea">02-12-2014</SimpleData>
		<SimpleData name="fech_act">20/12/2016</SimpleData>
		<SimpleData name="Shape_Leng">0.247689144219325</SimpleData>
	</SchemaData></ExtendedData>
      <LineString><coordinates>-70.11931817,-23.251856731 -70.115971961,-23.264279444 -70.150466858,-23.335580438 -70.152396371,-23.34144523 -70.214645605,-23.452731575 -70.214377493,-23.4542963879999 -70.204441683,-23.455059359 -70.214401938,-23.454625036 -70.214809052,-23.454621866</coordinates></LineString>
  </Placemark>
  <Placemark id="lineas_sing.85">
	<name>CAPRICORNIO - SIERRA MIRANDA 110KV</name>
	<Style><LineStyle><color>ff0000ff</color></LineStyle><PolyStyle><fill>0</fill></PolyStyle></Style>
	<ExtendedData><SchemaData schemaUrl="#lineas_sing">
		<SimpleData name="OBJECTID">85</SimpleData>
		<SimpleData name="gml_id">lt_sing_1c966bdb_e893_4b2d_b52e_5945a9a8a68b.59</SimpleData>
		<SimpleData name="layer">Unknown Line Type</SimpleData>
		<SimpleData name="elevation">0</SimpleData>
		<SimpleData name="nombre">CAPRICORNIO - SIERRA MIRANDA 110KV</SimpleData>
		<SimpleData name="circuito">C1</SimpleData>
		<SimpleData name="tipo">S/I</SimpleData>
		<SimpleData name="f_operacio">2000</SimpleData>
		<SimpleData name="long_km">36.4543177384</SimpleData>
		<SimpleData name="tramo">CAPRICORNIO-SIERRA MIRANDA</SimpleData>
		<SimpleData name="propiedad">E-CL</SimpleData>
		<SimpleData name="tension_kv">110</SimpleData>
		<SimpleData name="rca">S/I</SimpleData>
		<SimpleData name="sist_elect">SING</SimpleData>
		<SimpleData name="estado">EN OPERACION</SimpleData>
		<SimpleData name="region">REGION DE ANTOFAGASTA</SimpleData>
		<SimpleData name="provincia">ANTOFAGASTA</SimpleData>
		<SimpleData name="comuna">ANTOFAGASTA-MEJILLONES</SimpleData>
		<SimpleData name="fuente_bas">CNE</SimpleData>
		<SimpleData name="fech_crea">02-12-2014</SimpleData>
		<SimpleData name="fech_act">20/12/2016</SimpleData>
		<SimpleData name="Shape_Leng">0.091659249382565</SimpleData>
	</SchemaData></ExtendedData>
      <LineString><coordinates>-70.150466858,-23.335580438 -70.22873831,-23.287883501</coordinates></LineString>
  </Placemark>
  <Placemark id="lineas_sing.86">
	<name>CENTRAL DIESEL INACAL - INACESA 23KV</name>
	<Style><LineStyle><color>ff0000ff</color></LineStyle><PolyStyle><fill>0</fill></PolyStyle></Style>
	<ExtendedData><SchemaData schemaUrl="#lineas_sing">
		<SimpleData name="OBJECTID">86</SimpleData>
		<SimpleData name="gml_id">lt_sing_1c966bdb_e893_4b2d_b52e_5945a9a8a68b.60</SimpleData>
		<SimpleData name="layer">Unknown Line Type</SimpleData>
		<SimpleData name="elevation">0</SimpleData>
		<SimpleData name="nombre">CENTRAL DIESEL INACAL - INACESA 23KV</SimpleData>
		<SimpleData name="circuito">C1</SimpleData>
		<SimpleData name="tipo">S/I</SimpleData>
		<SimpleData name="f_operacio">2014</SimpleData>
		<SimpleData name="long_km">0.382430748372</SimpleData>
		<SimpleData name="tramo">CENTRAL DIESEL INACAL - INACESA</SimpleData>
		<SimpleData name="propiedad">EQUIPO DE GENERACION</SimpleData>
		<SimpleData name="tension_kv">23</SimpleData>
		<SimpleData name="rca">S/I</SimpleData>
		<SimpleData name="sist_elect">SING</SimpleData>
		<SimpleData name="estado">EN OPERACION</SimpleData>
		<SimpleData name="region">REGION DE ANTOFAGASTA</SimpleData>
		<SimpleData name="provincia">ANTOFAGASTA</SimpleData>
		<SimpleData name="comuna">ANTOFAGASTA</SimpleData>
		<SimpleData name="fuente_bas">CNE</SimpleData>
		<SimpleData name="fech_crea">02-12-2014</SimpleData>
		<SimpleData name="fech_act">20/12/2016</SimpleData>
		<SimpleData name="Shape_Leng">0.003708620037438</SimpleData>
	</SchemaData></ExtendedData>
      <LineString><coordinates>-70.3237886319999,-23.782211001 -70.3203346559999,-23.780860478</coordinates></LineString>
  </Placemark>
  <Placemark id="lineas_sing.87">
	<name>CENTRAL DIESEL TAMAYA - A 110KV</name>
	<Style><LineStyle><color>ff0000ff</color></LineStyle><PolyStyle><fill>0</fill></PolyStyle></Style>
	<ExtendedData><SchemaData schemaUrl="#lineas_sing">
		<SimpleData name="OBJECTID">87</SimpleData>
		<SimpleData name="gml_id">lt_sing_1c966bdb_e893_4b2d_b52e_5945a9a8a68b.61</SimpleData>
		<SimpleData name="layer">Unknown Line Type</SimpleData>
		<SimpleData name="elevation">0</SimpleData>
		<SimpleData name="nombre">CENTRAL DIESEL TAMAYA - A 110KV</SimpleData>
		<SimpleData name="circuito">C1</SimpleData>
		<SimpleData name="tipo">ADICIONAL</SimpleData>
		<SimpleData name="f_operacio">1915</SimpleData>
		<SimpleData name="long_km">138.208226793</SimpleData>
		<SimpleData name="tramo">LINEA CD TAMAYA-A (CTO 3)</SimpleData>
		<SimpleData name="propiedad">E-CL</SimpleData>
		<SimpleData name="tension_kv">110</SimpleData>
		<SimpleData name="rca">S/I</SimpleData>
		<SimpleData name="sist_elect">SING</SimpleData>
		<SimpleData name="estado">EN OPERACION</SimpleData>
		<SimpleData name="region">REGION DE ANTOFAGASTA</SimpleData>
		<SimpleData name="provincia">EL LOA-TOCOPILLA</SimpleData>
		<SimpleData name="comuna">CALAMA-MAROA ELENA-TOCOPILLA</SimpleData>
		<SimpleData name="fuente_bas">CNE</SimpleData>
		<SimpleData name="fech_crea">02-12-2014</SimpleData>
		<SimpleData name="fech_act">20/12/2016</SimpleData>
		<SimpleData name="Shape_Leng">1.33448747391851</SimpleData>
	</SchemaData></ExtendedData>
      <LineString><coordinates>-70.205223324,-22.102447334 -70.152293001,-22.130792872 -70.138598313,-22.1420060149999 -70.1380676599999,-22.1430135259999 -70.042438777,-22.177843206 -70.0104111489999,-22.1925434779999 -69.841862877,-22.269321025 -69.796647965,-22.275149937 -69.7224433809999,-22.2844494399999 -69.717950021,-22.28463198 -69.5620249199999,-22.279464941 -69.361706697,-22.2728706619999 -69.343772356,-22.274219563 -69.1230273739999,-22.2901660319999 -69.100700557,-22.291816615 -69.029671929,-22.312777458 -68.978026515,-22.319870544 -68.9764923659999,-22.319789021 -68.944323998,-22.318579616 -68.922698168,-22.3047754999999 -68.920834081,-22.3047565329999 -68.917979261,-22.305477852</coordinates></LineString>
  </Placemark>
  <Placemark id="lineas_sing.88">
	<name>CENTRAL DIESEL TAMAYA - SALAR 110KV</name>
	<Style><LineStyle><color>ff0000ff</color></LineStyle><PolyStyle><fill>0</fill></PolyStyle></Style>
	<ExtendedData><SchemaData schemaUrl="#lineas_sing">
		<SimpleData name="OBJECTID">88</SimpleData>
		<SimpleData name="gml_id">lt_sing_1c966bdb_e893_4b2d_b52e_5945a9a8a68b.62</SimpleData>
		<SimpleData name="layer">Unknown Line Type</SimpleData>
		<SimpleData name="elevation">0</SimpleData>
		<SimpleData name="nombre">CENTRAL DIESEL TAMAYA - SALAR 110KV</SimpleData>
		<SimpleData name="circuito">C1</SimpleData>
		<SimpleData name="tipo">ADICIONAL</SimpleData>
		<SimpleData name="f_operacio">1983</SimpleData>
		<SimpleData name="long_km">148.111943725</SimpleData>
		<SimpleData name="tramo">TAMAYA - SALAR</SimpleData>
		<SimpleData name="propiedad">E-CL</SimpleData>
		<SimpleData name="tension_kv">110</SimpleData>
		<SimpleData name="rca">S/I</SimpleData>
		<SimpleData name="sist_elect">SING</SimpleData>
		<SimpleData name="estado">EN OPERACION</SimpleData>
		<SimpleData name="region">REGION DE ANTOFAGASTA</SimpleData>
		<SimpleData name="provincia">EL LOA-TOCOPILLA</SimpleData>
		<SimpleData name="comuna">CALAMA-MAROA ELENA-TOCOPILLA</SimpleData>
		<SimpleData name="fuente_bas">CNE</SimpleData>
		<SimpleData name="fech_crea">02-12-2014</SimpleData>
		<SimpleData name="fech_act">20/12/2016</SimpleData>
		<SimpleData name="Shape_Leng">1.42509261053725</SimpleData>
	</SchemaData></ExtendedData>
      <LineString><coordinates>-70.2056299929999,-22.1027853599999 -70.177859306,-22.1173279509999 -70.1633366469999,-22.1253489649999 -70.15264425,-22.131399846 -70.138793603,-22.1435965499999 -70.1226565649999,-22.150878473 -70.038566471,-22.1801533579999 -69.8399316749999,-22.2709841669999 -69.720380303,-22.285325846 -69.3616406789999,-22.273620642 -69.103234614,-22.292203496 -69.081336995,-22.2983592259999 -69.050470455,-22.31553679 -69.0149575839999,-22.3606607139999 -68.938311336,-22.389983532 -68.903990813,-22.373389163 -68.902316855,-22.364082987 -68.875022429,-22.343493434 -68.874927498,-22.3410451 -68.875520675,-22.3401602079999</coordinates></LineString>
  </Placemark>
  <Placemark id="lineas_sing.89">
	<name>LINEA 110 KV CHUQUICAMATA - A. CIRCUITO 1 Y 2</name>
	<Style><LineStyle><color>ff0000ff</color></LineStyle><PolyStyle><fill>0</fill></PolyStyle></Style>
	<ExtendedData><SchemaData schemaUrl="#lineas_sing">
		<SimpleData name="OBJECTID">89</SimpleData>
		<SimpleData name="gml_id">lt_sing_1c966bdb_e893_4b2d_b52e_5945a9a8a68b.64</SimpleData>
		<SimpleData name="layer">Unknown Line Type</SimpleData>
		<SimpleData name="elevation">0</SimpleData>
		<SimpleData name="nombre">LINEA 110 KV CHUQUICAMATA - A. CIRCUITO 1 Y 2</SimpleData>
		<SimpleData name="circuito">C1 - C2</SimpleData>
		<SimpleData name="tipo">ADICIONAL</SimpleData>
		<SimpleData name="f_operacio">1988</SimpleData>
		<SimpleData name="long_km">0.0800456776491</SimpleData>
		<SimpleData name="tramo">S-E CHUQUICAMATA</SimpleData>
		<SimpleData name="propiedad">CODELCO NORTE</SimpleData>
		<SimpleData name="tension_kv">100</SimpleData>
		<SimpleData name="rca">S/I</SimpleData>
		<SimpleData name="sist_elect">SING</SimpleData>
		<SimpleData name="estado">EN OPERACION</SimpleData>
		<SimpleData name="region">REGION DE ANTOFAGASTA</SimpleData>
		<SimpleData name="provincia">EL LOA</SimpleData>
		<SimpleData name="comuna">CALAMA</SimpleData>
		<SimpleData name="fuente_bas">CNE</SimpleData>
		<SimpleData name="fech_crea">02-12-2014</SimpleData>
		<SimpleData name="fech_act">20/12/2016</SimpleData>
		<SimpleData name="Shape_Leng">0.000748442661431</SimpleData>
	</SchemaData></ExtendedData>
      <LineString><coordinates>-68.9183075299999,-22.305598038 -68.917780802,-22.306129756</coordinates></LineString>
  </Placemark>
  <Placemark id="lineas_sing.90">
	<name>SALAR - KM6 100KV</name>
	<Style><LineStyle><color>ff0000ff</color></LineStyle><PolyStyle><fill>0</fill></PolyStyle></Style>
	<ExtendedData><SchemaData schemaUrl="#lineas_sing">
		<SimpleData name="OBJECTID">90</SimpleData>
		<SimpleData name="gml_id">lt_sing_1c966bdb_e893_4b2d_b52e_5945a9a8a68b.71</SimpleData>
		<SimpleData name="layer">Unknown Line Type</SimpleData>
		<SimpleData name="elevation">0</SimpleData>
		<SimpleData name="nombre">SALAR - KM6 100KV</SimpleData>
		<SimpleData name="circuito">C1 - C2</SimpleData>
		<SimpleData name="tipo">SUBTRANSMISION</SimpleData>
		<SimpleData name="f_operacio">2005</SimpleData>
		<SimpleData name="long_km">2.24472578513</SimpleData>
		<SimpleData name="tramo">S-E KM-6 / TORRE VERTICE NV1,2,3,4,5 / S-E SALAR</SimpleData>
		<SimpleData name="propiedad">CODELCO NORTE</SimpleData>
		<SimpleData name="tension_kv">100</SimpleData>
		<SimpleData name="rca">S/I</SimpleData>
		<SimpleData name="sist_elect">SING</SimpleData>
		<SimpleData name="estado">EN OPERACION</SimpleData>
		<SimpleData name="region">REGION DE ANTOFAGASTA</SimpleData>
		<SimpleData name="provincia">EL LOA</SimpleData>
		<SimpleData name="comuna">CALAMA</SimpleData>
		<SimpleData name="fuente_bas">CNE</SimpleData>
		<SimpleData name="fech_crea">02-12-2014</SimpleData>
		<SimpleData name="fech_act">20/12/2016</SimpleData>
		<SimpleData name="Shape_Leng">0.020765723157995</SimpleData>
	</SchemaData></ExtendedData>
      <LineString><coordinates>-68.883633473,-22.3237782219999 -68.883223828,-22.325964203 -68.877830659,-22.3305044259999 -68.874603145,-22.334522173 -68.8748508639999,-22.3398615639999 -68.875268222,-22.340114843 -68.8757732079999,-22.340115231</coordinates></LineString>
  </Placemark>
  <Placemark id="lineas_sing.91">
	<name>ESMERALDA - LA PORTADA 110KV</name>
	<Style><LineStyle><color>ff0000ff</color></LineStyle><PolyStyle><fill>0</fill></PolyStyle></Style>
	<ExtendedData><SchemaData schemaUrl="#lineas_sing">
		<SimpleData name="OBJECTID">91</SimpleData>
		<SimpleData name="gml_id">lt_sing_1c966bdb_e893_4b2d_b52e_5945a9a8a68b.79</SimpleData>
		<SimpleData name="layer">Unknown Line Type</SimpleData>
		<SimpleData name="elevation">0</SimpleData>
		<SimpleData name="nombre">ESMERALDA - LA PORTADA 110KV</SimpleData>
		<SimpleData name="circuito">C1</SimpleData>
		<SimpleData name="tipo">SUBTRANSMISION</SimpleData>
		<SimpleData name="f_operacio">2002</SimpleData>
		<SimpleData name="long_km">17.0643714445</SimpleData>
		<SimpleData name="tramo">MARCO LINEA - ESTRUCTURA 1 / ESMERALDA - LA PORTADA / ESTRUCTURA 62 - ML</SimpleData>
		<SimpleData name="propiedad">EMEL</SimpleData>
		<SimpleData name="tension_kv">110</SimpleData>
		<SimpleData name="rca">S/I</SimpleData>
		<SimpleData name="sist_elect">SING</SimpleData>
		<SimpleData name="estado">EN OPERACION</SimpleData>
		<SimpleData name="region">REGION DE ANTOFAGASTA</SimpleData>
		<SimpleData name="provincia">ANTOFAGASTA</SimpleData>
		<SimpleData name="comuna">ANTOFAGASTA</SimpleData>
		<SimpleData name="fuente_bas">CNE</SimpleData>
		<SimpleData name="fech_crea">02-12-2014</SimpleData>
		<SimpleData name="fech_act">20/12/2016</SimpleData>
		<SimpleData name="Shape_Leng">0.156158860213687</SimpleData>
	</SchemaData></ExtendedData>
      <LineString><coordinates>-70.38986734,-23.6723392809999 -70.386029588,-23.668246559 -70.384879204,-23.667010585 -70.3824890559999,-23.6634918239999 -70.3810349679999,-23.6613373769999 -70.379879954,-23.659649857 -70.379586608,-23.65785532 -70.378851249,-23.653174824 -70.37861997,-23.651686781 -70.37791722,-23.647304005 -70.3774960059999,-23.6445262239999 -70.376887607,-23.640720578 -70.376593697,-23.638862816 -70.374344083,-23.6355864769999 -70.3724021899999,-23.6326686159999 -70.3694765499999,-23.628458956 -70.370329918,-23.624748726 -70.3706328119999,-23.615236443 -70.370706922,-23.613881143 -70.370425746,-23.6085192259999 -70.371033696,-23.602896587 -70.37108251,-23.600051396 -70.371088587,-23.59875088 -70.370577173,-23.598574775 -70.370708855,-23.5971015609999 -70.3708394659999,-23.5964682389999 -70.371331201,-23.590982084 -70.371599986,-23.588559404 -70.3718378689999,-23.5859924989999 -70.372138788,-23.582892208 -70.3724412,-23.579936398 -70.3725833089999,-23.578526306 -70.372987,-23.5777731659999 -70.372957825,-23.5768522609999 -70.3728136839999,-23.5742977589999 -70.37266927,-23.5717161649999 -70.37251407,-23.568096098 -70.370786186,-23.5649233949999 -70.370503229,-23.5631467769999 -70.370085439,-23.560648865 -70.369813329,-23.55897149 -70.3695124939999,-23.557357585 -70.3692407739999,-23.5557163289999 -70.3689594539999,-23.5540932179999 -70.3685736419999,-23.5518388529999 -70.370062804,-23.546181337 -70.370629434,-23.544144359 -70.3717455669999,-23.5440893649999 -70.373772421,-23.5440082599999 -70.374761125,-23.543945338 -70.375730426,-23.543900644 -70.37671941,-23.5438648009999 -70.377698504,-23.543820008 -70.378667896,-23.543784326 -70.3796469879999,-23.543739521 -70.3806163789999,-23.5437038269999 -70.381203871,-23.54368055 -70.3822567399999,-23.5413231319999 -70.382993633,-23.5396639049999 -70.3838639429999,-23.5376512789999 -70.3846959969999,-23.5357293 -70.3857664829999,-23.5359997309999</coordinates></LineString>
  </Placemark>
  <Placemark id="lineas_sing.92">
	<name>LABERINTO - EL COBRE 220KV</name>
	<Style><LineStyle><color>ff0000ff</color></LineStyle><PolyStyle><fill>0</fill></PolyStyle></Style>
	<ExtendedData><SchemaData schemaUrl="#lineas_sing">
		<SimpleData name="OBJECTID">92</SimpleData>
		<SimpleData name="gml_id">lt_sing_1c966bdb_e893_4b2d_b52e_5945a9a8a68b.80</SimpleData>
		<SimpleData name="layer">Unknown Line Type</SimpleData>
		<SimpleData name="elevation">0</SimpleData>
		<SimpleData name="nombre">LABERINTO - EL COBRE 220KV</SimpleData>
		<SimpleData name="circuito">C1</SimpleData>
		<SimpleData name="tipo">ADICIONAL</SimpleData>
		<SimpleData name="f_operacio">2012</SimpleData>
		<SimpleData name="long_km">2.49706088881</SimpleData>
		<SimpleData name="tramo">ESTRUCTURA 1,2,3,4,5,6,7,7A</SimpleData>
		<SimpleData name="propiedad">E-CL</SimpleData>
		<SimpleData name="tension_kv">220</SimpleData>
		<SimpleData name="rca">S/I</SimpleData>
		<SimpleData name="sist_elect">SING</SimpleData>
		<SimpleData name="estado">EN OPERACION</SimpleData>
		<SimpleData name="region">REGION DE ANTOFAGASTA</SimpleData>
		<SimpleData name="provincia">ANTOFAGASTA</SimpleData>
		<SimpleData name="comuna">SIERRA GORDA</SimpleData>
		<SimpleData name="fuente_bas">CNE</SimpleData>
		<SimpleData name="fech_crea">02-12-2014</SimpleData>
		<SimpleData name="fech_act">20/12/2016</SimpleData>
		<SimpleData name="Shape_Leng">0.024276545778129</SimpleData>
	</SchemaData></ExtendedData>
      <LineString><coordinates>-69.4085333159999,-23.447739493 -69.4054040089999,-23.4489128819999 -69.402430908,-23.449959346 -69.398097402,-23.451180854 -69.393381475,-23.452231583 -69.3892927589999,-23.4535154599999 -69.386142219,-23.454227846 -69.3852619469999,-23.4545371369999</coordinates></LineString>
  </Placemark>
  <Placemark id="lineas_sing.93">
	<name>CENTRAL SALTA - ANDES 345KV</name>
	<Style><LineStyle><color>ff0000ff</color></LineStyle><PolyStyle><fill>0</fill></PolyStyle></Style>
	<ExtendedData><SchemaData schemaUrl="#lineas_sing">
		<SimpleData name="OBJECTID">93</SimpleData>
		<SimpleData name="gml_id">lt_sing_1c966bdb_e893_4b2d_b52e_5945a9a8a68b.65</SimpleData>
		<SimpleData name="layer">Unknown Line Type</SimpleData>
		<SimpleData name="elevation">0</SimpleData>
		<SimpleData name="nombre">CENTRAL SALTA - ANDES 345KV</SimpleData>
		<SimpleData name="circuito">C1</SimpleData>
		<SimpleData name="tipo">ADICIONAL</SimpleData>
		<SimpleData name="f_operacio">1999</SimpleData>
		<SimpleData name="long_km">408.400159562</SimpleData>
		<SimpleData name="tramo">CENTRAL SALTA - ANDES</SimpleData>
		<SimpleData name="propiedad">AES GENER</SimpleData>
		<SimpleData name="tension_kv">345</SimpleData>
		<SimpleData name="rca">S/I</SimpleData>
		<SimpleData name="sist_elect">SING</SimpleData>
		<SimpleData name="estado">EN OPERACION</SimpleData>
		<SimpleData name="region">REGION DE ANTOFAGASTA</SimpleData>
		<SimpleData name="provincia">ANTOFAGASTA-EL LOA</SimpleData>
		<SimpleData name="comuna">ANTOFAGASTA-SAN PEDRO DE ATACAMA</SimpleData>
		<SimpleData name="fuente_bas">CNE</SimpleData>
		<SimpleData name="fech_crea">02-12-2014</SimpleData>
		<SimpleData name="fech_act">20/12/2016</SimpleData>
		<SimpleData name="Shape_Leng">3.95368386082211</SimpleData>
	</SchemaData></ExtendedData>
      <LineString><coordinates>-68.5826930499999,-24.018259244 -68.520591609,-24.0013953289999 -68.498705367,-23.9965835039999 -68.479995558,-23.99192389 -68.46237801,-23.987338097 -68.41452971,-23.968493795 -68.371960332,-23.9603683469999 -68.3330152189999,-23.951831489 -68.280979937,-23.9479206899999 -68.263234779,-23.94048466 -68.2355257299999,-23.951783533 -68.212027249,-23.95355239 -68.1143168309999,-23.961482498 -68.0498064779999,-23.957375767 -67.970093456,-23.9563649959999 -67.829122132,-23.8974923489999 -67.7877361,-23.899980382 -67.727007976,-23.89342998 -67.6915037369999,-23.902957591 -67.6381826809999,-23.925820842 -67.5216644499999,-23.880432024 -67.44931386,-23.888984905 -67.4016882669999,-23.8917302089999 -67.326852506,-23.865063946 -67.311425259,-23.862195594 -67.2831913169999,-23.8713534849999 -67.2748943089999,-23.874032073 -67.267389007,-23.8757634729999 -67.263177704,-23.8764367119999 -67.259369055,-23.8771104049999 -67.247877564,-23.879160025 -67.228700993,-23.88270324 -67.2089735659999,-23.886088284 -67.2049021939999,-23.886936718 -67.1883651969999,-23.889699272 -67.1677217169999,-23.8934264709999 -67.143594029,-23.897706059 -67.1406359389999,-23.900148885 -67.127890114,-23.910117467 -67.1087662259999,-23.925172603 -67.0895374199999,-23.94043283 -67.070402926,-23.9556019899999 -67.051201264,-23.970618346 -67.0352821819999,-23.983195694 -67.0163314989999,-23.9982701439999 -66.99747718,-24.013134226 -66.9913650299999,-24.027834932 -66.985247651,-24.042774107 -66.978595465,-24.058541943 -66.972144596,-24.0738044299999 -66.965384794,-24.089988067 -66.9584176,-24.10682542 -66.95284143,-24.1199485779999 -66.949609467,-24.1206516939999 -66.942135701,-24.122133683 -66.925661868,-24.12489665 -66.92168156,-24.1255889889999 -66.893128996,-24.130811008 -66.8681334739999,-24.121536378 -66.8598253389999,-24.118374629 -66.845534459,-24.1131276849999 -66.818995554,-24.10322644 -66.808718599,-24.099317339 -66.79973864,-24.0994868559999 -66.791634624,-24.0997879339999 -66.770191842,-24.1002826239999 -66.740188371,-24.10115546 -66.7331611119999,-24.101260345 -66.7300694149999,-24.1013637199999 -66.7270714169999,-24.103528512 -66.7101389869999,-24.115576323 -66.696695732,-24.1251668479999 -66.676426352,-24.139727707 -66.662714138,-24.1495197909999 -66.645671179,-24.161617656 -66.6323497179999,-24.171144034 -66.6205095779999,-24.1743929419999 -66.616389426,-24.175463034 -66.595986335,-24.1806357469999 -66.5883000329999,-24.182693641 -66.5847027739999,-24.1836218449999 -66.573643901,-24.1850283969999 -66.5642234709999,-24.185833405 -66.560149348,-24.186156314 -66.547873263,-24.1882280899999 -66.544316752,-24.188708165 -66.5397202729999,-24.189111656 -66.533209802,-24.190887126 -66.521492682,-24.194309151 -66.492261097,-24.202935715 -66.467221626,-24.210073883 -66.4390527149999,-24.21894621 -66.42529927,-24.2230426209999 -66.41723304,-24.2259507649999 -66.4089127999999,-24.228525766 -66.4036054539999,-24.230196502 -66.392105075,-24.2338505669999 -66.3865020229999,-24.235635008 -66.382767799,-24.236764831 -66.3733638369999,-24.23973704 -66.354684377,-24.2504280439999 -66.345993342,-24.251918336 -66.33834547,-24.2533368329999 -66.31373809,-24.257709791 -66.308638323,-24.2586941609999 -66.284618383,-24.262923402 -66.254220473,-24.268436487 -66.227156613,-24.273257971 -66.198097269,-24.2784256919999 -66.1940442759999,-24.2791269099999 -66.180779037,-24.288551791 -66.1714504449999,-24.295123748 -66.1620206009999,-24.30181255 -66.142467654,-24.3154735689999 -66.133035531,-24.322130439 -66.129200958,-24.3258609809999 -66.125576751,-24.329421635 -66.123918483,-24.331309899 -66.120969007,-24.3345202859999 -66.1193839699999,-24.3363907789999 -66.116431228,-24.3397347069999 -66.113547586,-24.343242243 -66.110556668,-24.346505548 -66.108850079,-24.348664884 -66.106937628,-24.350934873 -66.1035199249999,-24.354751923 -66.100934442,-24.357725251 -66.0987178399999,-24.360290138 -66.094824698,-24.3650433509999 -66.092689932,-24.367437789 -66.090698075,-24.369734653 -66.0862414379999,-24.3697062859999 -66.080220244,-24.3697049369999 -66.072262296,-24.369594293 -66.067712598,-24.3695349299999 -66.062792937,-24.371273279 -66.059152664,-24.3724632839999 -66.0482421259999,-24.376247824 -66.0408941599999,-24.37881191 -66.0364159329999,-24.3803717399999 -66.033293456,-24.3814709389999 -66.0282675559999,-24.3830341039999 -66.023708544,-24.3846922229999 -66.020252528,-24.385999456 -66.015192035,-24.387690404 -66.010619112,-24.389261877 -66.0066618979999,-24.390587528 -66.003065213,-24.3918772329999 -66.002297168,-24.3952570549999 -66.000811894,-24.4018457829999 -65.999393035,-24.408263897 -65.997565487,-24.4160777179999 -65.995812089,-24.423391593 -65.993400981,-24.4340157249999 -65.99260034,-24.437423446 -65.989869122,-24.4404202699999 -65.9843767139999,-24.446341516 -65.9787559179999,-24.452374549 -65.97290737,-24.4587465549999 -65.967109954,-24.464918767 -65.9599930689999,-24.472568226 -65.954154578,-24.4797417199999 -65.951291956,-24.483565858 -65.9485142949999,-24.4871051559999 -65.945835535,-24.4904315269999 -65.943460138,-24.493506144 -65.9395762249999,-24.4948741699999 -65.9280092349999,-24.4986928499999 -65.918792546,-24.50175646 -65.899602019,-24.5080668489999 -65.886752778,-24.512371446 -65.883689617,-24.5134254289999 -65.877170908,-24.515568039 -65.8701807969999,-24.51777218 -65.863499877,-24.5201256459999 -65.860296262,-24.521147551 -65.851485716,-24.524129284 -65.8485995349999,-24.522464736 -65.838367327,-24.516564075 -65.8304172749999,-24.5120858179999 -65.822099888,-24.5072986559999 -65.812688264,-24.5018577399999 -65.81074339,-24.5007710359999 -65.806855559,-24.498525985 -65.803990585,-24.4997830359999 -65.798843695,-24.50213746 -65.7694645669999,-24.514917168 -65.7599344019999,-24.5190524289999 -65.7569739639999,-24.520335098 -65.749055259,-24.52387407 -65.735181736,-24.5300336079999 -65.718889022,-24.537055708 -65.717048886,-24.5385767459999 -65.714376343,-24.540795717 -65.708445994,-24.5454498569999 -65.704000176,-24.549004774 -65.6960620259999,-24.552568886 -65.681277177,-24.559232853 -65.6755713869999,-24.561828116 -65.669389923,-24.5599012599999 -65.666503404,-24.5595079719999 -65.6561003689999,-24.557945353 -65.6512466469999,-24.561460837 -65.645580008,-24.565502244 -65.6392880659999,-24.5718352 -65.636598244,-24.574625075 -65.628862908,-24.5763423999999 -65.626483747,-24.5774634279999 -65.622966764,-24.581881423 -65.620634417,-24.5888321529999 -65.6145880829999,-24.594095281 -65.609812512,-24.594617832 -65.6064522849999,-24.5949287139999 -65.6016903989999,-24.595522914 -65.594718037,-24.596768648 -65.5826521179999,-24.598700341 -65.578073879,-24.598295482 -65.570491079,-24.597793348 -65.5643582389999,-24.59753878 -65.560620727,-24.597324451 -65.5587407639999,-24.5990571999999 -65.554228887,-24.6030925229999 -65.5506282429999,-24.60644689 -65.5473703019999,-24.609293485 -65.544216282,-24.6123428719999 -65.542311727,-24.614251016 -65.5376980199999,-24.6149324199999 -65.5313322279999,-24.6157164529999 -65.52371104,-24.615635821 -65.517402604,-24.618115136 -65.496587081,-24.6286815449999 -65.4890384459999,-24.630653294 -65.483171533,-24.6294420569999 -65.479763459,-24.6317965979999 -65.474111819,-24.6359361 -65.471397283,-24.637757778 -65.4693820109999,-24.637925207 -65.46480282,-24.638270937 -65.460821761,-24.6387022179999 -65.4550352049999,-24.637420165 -65.448945129,-24.6357965989999 -65.446109959,-24.6372569449999 -65.4454226889999,-24.6384070829999 -65.44385424,-24.6412338389999 -65.440654551,-24.641730804 -65.438349848,-24.6428933019999 -65.4213623859999,-24.648909164 -65.419604002,-24.652876609 -65.415720226,-24.654454486 -65.397805395,-24.6617578419999 -65.389727114,-24.668770867 -65.386849373,-24.670753954 -65.382668345,-24.6749965609999 -65.379714024,-24.677812901 -65.375216902,-24.680687345 -65.365879489,-24.6865248999999 -65.3639034459999,-24.6882369859999 -65.360287877,-24.691311271 -65.3544141049999,-24.6911983869999 -65.346804619,-24.692385336 -65.3423947379999,-24.6924567899999 -65.336263297,-24.694454811 -65.3206154969999,-24.693624117 -65.2953559599999,-24.692136972 -65.292227425,-24.6930439769999 -65.26751874,-24.70048442 -65.2576345849999,-24.7034593549999 -65.2525328,-24.704823255 -65.249985227,-24.709203868 -65.24326544,-24.713330712 -65.2225203359999,-24.713674048 -65.201680365,-24.713922597 -65.19713795,-24.71189845 -65.1950525679999,-24.7117560199999 -65.1908138539999,-24.7115588249999 -65.183316205,-24.7111592159999 -65.172217081,-24.711084822 -65.168436055,-24.7151339759999 -65.168010556,-24.72049176 -65.1674176509999,-24.731303393 -65.166323158,-24.7329157949999 -65.157205311,-24.745864974 -65.152871548,-24.75189769 -65.141692486,-24.75641171 -65.1287896919999,-24.7617153109999 -65.1143622979999,-24.7676938709999 -65.094735186,-24.7592195889999 -65.0793306099999,-24.7526132789999 -65.0717450499999,-24.751847659 -65.0602858829999,-24.750681481 -65.053385009,-24.749962796 -65.051167794,-24.7477868509999</coordinates></LineString>
  </Placemark>
  <Placemark id="lineas_sing.94">
	<name>CHACAYA - MOLYCOP 220KV</name>
	<Style><LineStyle><color>ff0000ff</color></LineStyle><PolyStyle><fill>0</fill></PolyStyle></Style>
	<ExtendedData><SchemaData schemaUrl="#lineas_sing">
		<SimpleData name="OBJECTID">94</SimpleData>
		<SimpleData name="gml_id">lt_sing_1c966bdb_e893_4b2d_b52e_5945a9a8a68b.66</SimpleData>
		<SimpleData name="layer">Unknown Line Type</SimpleData>
		<SimpleData name="elevation">0</SimpleData>
		<SimpleData name="nombre">CHACAYA - MOLYCOP 220KV</SimpleData>
		<SimpleData name="circuito">C1</SimpleData>
		<SimpleData name="tipo">ADICIONAL</SimpleData>
		<SimpleData name="f_operacio">2004</SimpleData>
		<SimpleData name="long_km">0.644993321572</SimpleData>
		<SimpleData name="tramo">TORRE 1. SALIDA CHACAYA / TORRE 2. EN DEPENDENCIAS EC-L / TORRE 3. LLEGADA A MOLYCOP</SimpleData>
		<SimpleData name="propiedad">MOLY-COP</SimpleData>
		<SimpleData name="tension_kv">220</SimpleData>
		<SimpleData name="rca">S/I</SimpleData>
		<SimpleData name="sist_elect">SING</SimpleData>
		<SimpleData name="estado">EN OPERACION</SimpleData>
		<SimpleData name="region">REGION DE ANTOFAGASTA</SimpleData>
		<SimpleData name="provincia">ANTOFAGASTA</SimpleData>
		<SimpleData name="comuna">MEJILLONES</SimpleData>
		<SimpleData name="fuente_bas">CNE</SimpleData>
		<SimpleData name="fech_crea">02-12-2014</SimpleData>
		<SimpleData name="fech_act">20/12/2016</SimpleData>
		<SimpleData name="Shape_Leng">0.006189909517243</SimpleData>
	</SchemaData></ExtendedData>
      <LineString><coordinates>-70.408841608,-23.0912260169999 -70.406098248,-23.089822872 -70.403325717,-23.088417137</coordinates></LineString>
  </Placemark>
  <Placemark id="lineas_sing.95">
	<name>COLLAHUASI - QUEBRADA BLANCA 220KV</name>
	<Style><LineStyle><color>ff0000ff</color></LineStyle><PolyStyle><fill>0</fill></PolyStyle></Style>
	<ExtendedData><SchemaData schemaUrl="#lineas_sing">
		<SimpleData name="OBJECTID">95</SimpleData>
		<SimpleData name="gml_id">lt_sing_1c966bdb_e893_4b2d_b52e_5945a9a8a68b.67</SimpleData>
		<SimpleData name="layer">Unknown Line Type</SimpleData>
		<SimpleData name="elevation">0</SimpleData>
		<SimpleData name="nombre">COLLAHUASI - QUEBRADA BLANCA 220KV</SimpleData>
		<SimpleData name="circuito">C1</SimpleData>
		<SimpleData name="tipo">SUBTRANSMISION</SimpleData>
		<SimpleData name="f_operacio">2002</SimpleData>
		<SimpleData name="long_km">17.8465256214</SimpleData>
		<SimpleData name="tramo">COLLAHUASI- QUEBRADA BLANCA</SimpleData>
		<SimpleData name="propiedad">MINERA QUEBRADA BLANCA</SimpleData>
		<SimpleData name="tension_kv">220</SimpleData>
		<SimpleData name="rca">S/I</SimpleData>
		<SimpleData name="sist_elect">SING</SimpleData>
		<SimpleData name="estado">EN OPERACION</SimpleData>
		<SimpleData name="region">REGION DE TARAPACA</SimpleData>
		<SimpleData name="provincia">IQUIQUE</SimpleData>
		<SimpleData name="comuna">PICA</SimpleData>
		<SimpleData name="fuente_bas">CNE</SimpleData>
		<SimpleData name="fech_crea">02-12-2014</SimpleData>
		<SimpleData name="fech_act">20/12/2016</SimpleData>
		<SimpleData name="Shape_Leng">0.170062435749051</SimpleData>
	</SchemaData></ExtendedData>
      <LineString><coordinates>-68.63734117,-20.978958195 -68.640014025,-20.97687078 -68.644022724,-20.973906869 -68.6474169159999,-20.974560418 -68.6507454439999,-20.97525045 -68.6534642459999,-20.9757414809999 -68.656342389,-20.976354317 -68.660360805,-20.9771612069999 -68.6617344539999,-20.9779936749999 -68.664409107,-20.979596901 -68.667921255,-20.9817408719999 -68.670674568,-20.9834664959999 -68.672761281,-20.984720766 -68.676827707,-20.98723933 -68.679596467,-20.9889005059999 -68.6813623159999,-20.98999685 -68.685207622,-20.9923414089999 -68.687518301,-20.9937698479999 -68.689593223,-20.9950476559999 -68.692187654,-20.996653105 -68.694772655,-20.9982389799999 -68.699040861,-21.00083382 -68.701945815,-21.0026276089999 -68.704596438,-21.0042705559999 -68.7074479299999,-21.006014734 -68.709829094,-21.0074879009999 -68.713293807,-21.0096084539999 -68.716063425,-21.0091134309999 -68.719478545,-21.0084904 -68.7209575909999,-21.0081376429999 -68.7272262239999,-21.006962791 -68.729737746,-21.0064840269999 -68.734402927,-21.005669586 -68.737065221,-21.005115953 -68.7403483809999,-21.004471064 -68.7446641229999,-21.003622375 -68.748123799,-21.003083407 -68.751311737,-21.002420816 -68.7561438079999,-21.001551354 -68.758648577,-21.0010916689999 -68.7642518609999,-20.9999757639999 -68.7671246039999,-20.999462701 -68.772057318,-20.998536722 -68.774814587,-20.9979966289999 -68.7778804499999,-20.9974273469999 -68.780865798,-20.996829083 -68.784784148,-20.996022141 -68.788733571,-20.995257344 -68.7916177119999,-20.9947972799999 -68.794014197,-20.996945431</coordinates></LineString>
  </Placemark>
  <Placemark id="lineas_sing.96">
	<name>PARINACOTA - CHINCHORRO 66KV</name>
	<Style><LineStyle><color>ff0000ff</color></LineStyle><PolyStyle><fill>0</fill></PolyStyle></Style>
	<ExtendedData><SchemaData schemaUrl="#lineas_sing">
		<SimpleData name="OBJECTID">96</SimpleData>
		<SimpleData name="gml_id">lt_sing_1c966bdb_e893_4b2d_b52e_5945a9a8a68b.68</SimpleData>
		<SimpleData name="layer">Unknown Line Type</SimpleData>
		<SimpleData name="elevation">0</SimpleData>
		<SimpleData name="nombre">PARINACOTA - CHINCHORRO 66KV</SimpleData>
		<SimpleData name="circuito">C1</SimpleData>
		<SimpleData name="tipo">SUBTRANSMISION</SimpleData>
		<SimpleData name="f_operacio">2002</SimpleData>
		<SimpleData name="long_km">3.43140228025</SimpleData>
		<SimpleData name="tramo">PARINACOTA - CHINCHORRO</SimpleData>
		<SimpleData name="propiedad">EMEL</SimpleData>
		<SimpleData name="tension_kv">66</SimpleData>
		<SimpleData name="rca">S/I</SimpleData>
		<SimpleData name="sist_elect">SING</SimpleData>
		<SimpleData name="estado">EN OPERACION</SimpleData>
		<SimpleData name="region">REGION DE ARICA Y PARINACOTA</SimpleData>
		<SimpleData name="provincia">ARICA</SimpleData>
		<SimpleData name="comuna">ARICA</SimpleData>
		<SimpleData name="fuente_bas">CNE</SimpleData>
		<SimpleData name="fech_crea">02-12-2014</SimpleData>
		<SimpleData name="fech_act">20/12/2016</SimpleData>
		<SimpleData name="Shape_Leng">0.031864653527713</SimpleData>
	</SchemaData></ExtendedData>
      <LineString><coordinates>-70.29632743,-18.46731268 -70.296126884,-18.467088143 -70.295888055,-18.46680965 -70.295525045,-18.4663874239999 -70.295228862,-18.4660370309999 -70.294923008,-18.4656595939999 -70.294559867,-18.465219294 -70.294301902,-18.4649138199999 -70.2939580409999,-18.4645185689999 -70.293614249,-18.464132352 -70.293346684,-18.46380887 -70.2931460779999,-18.463575293 -70.2929549409999,-18.4633416519999 -70.2927274859999,-18.4633160939999 -70.2925862659999,-18.463425494 -70.2921814059999,-18.46373549 -70.291776612,-18.464054521 -70.29140949,-18.4643461859999 -70.291070502,-18.464601514 -70.2908257299999,-18.464792944 -70.29041153,-18.465121074 -70.290088979,-18.465041942 -70.289778395,-18.465297074 -70.289542954,-18.465470367 -70.2892793079999,-18.46567096 -70.288921579,-18.465953521 -70.28858272,-18.466226916 -70.28815911,-18.4665641409999 -70.2879331349999,-18.466737367 -70.28780131,-18.466837663 -70.2874246379999,-18.467120349 -70.2871045099999,-18.467366506 -70.286793783,-18.467603561 -70.286520594,-18.4677951799999 -70.286219334,-18.46803217 -70.285936877,-18.46825096 -70.2856262129999,-18.468497049 -70.285372028,-18.468697574 -70.284929467,-18.4690349209999 -70.284618801,-18.4692810089999 -70.2843080659999,-18.469518061 -70.284082151,-18.469700319 -70.283827356,-18.469819518 -70.283562823,-18.469902638 -70.2833076919999,-18.469976657 -70.283024085,-18.4700418319999 -70.2826268479999,-18.470107776 -70.282352509,-18.470145778 -70.279686404,-18.470733093 -70.277841768,-18.4709985609999 -70.275036824,-18.4745868319999 -70.273479561,-18.4765853129999 -70.272175147,-18.4782025559999</coordinates></LineString>
  </Placemark>
  <Placemark id="lineas_sing.97">
	<name>LIXIVIACION - BOOSTER 69KV</name>
	<Style><LineStyle><color>ff0000ff</color></LineStyle><PolyStyle><fill>0</fill></PolyStyle></Style>
	<ExtendedData><SchemaData schemaUrl="#lineas_sing">
		<SimpleData name="OBJECTID">97</SimpleData>
		<SimpleData name="gml_id">lt_sing_1c966bdb_e893_4b2d_b52e_5945a9a8a68b.95</SimpleData>
		<SimpleData name="layer">Unknown Line Type</SimpleData>
		<SimpleData name="elevation">0</SimpleData>
		<SimpleData name="nombre">LIXIVIACION - BOOSTER 69KV</SimpleData>
		<SimpleData name="circuito">C1 - C2</SimpleData>
		<SimpleData name="tipo">ADICIONAL</SimpleData>
		<SimpleData name="f_operacio">2013</SimpleData>
		<SimpleData name="long_km">2.18157622275</SimpleData>
		<SimpleData name="tramo">LIXIVIACION - BOOSTER CTO 1 Y 2</SimpleData>
		<SimpleData name="propiedad">MINERA ESCONDIDA</SimpleData>
		<SimpleData name="tension_kv">69</SimpleData>
		<SimpleData name="rca">S/I</SimpleData>
		<SimpleData name="sist_elect">SING</SimpleData>
		<SimpleData name="estado">EN OPERACION</SimpleData>
		<SimpleData name="region">REGION DE ANTOFAGASTA</SimpleData>
		<SimpleData name="provincia">ANTOFAGASTA</SimpleData>
		<SimpleData name="comuna">ANTOFAGASTA</SimpleData>
		<SimpleData name="fuente_bas">CNE</SimpleData>
		<SimpleData name="fech_crea">02-12-2014</SimpleData>
		<SimpleData name="fech_act">20/12/2016</SimpleData>
		<SimpleData name="Shape_Leng">0.020521937307677</SimpleData>
	</SchemaData></ExtendedData>
      <LineString><coordinates>-69.0131350029999,-24.2674418989999 -69.011204003,-24.269002896 -69.008589002,-24.2710939039999 -69.0063690009999,-24.2728278979999 -69.004189001,-24.2754719 -69.002209998,-24.277917896 -69.000440004,-24.279974904 -68.9988699959999,-24.2820308989999</coordinates></LineString>
  </Placemark>
  <Placemark id="lineas_sing.98">
	<name>ENCUENTRO - COLLAHUASI. CIRCUITO N1 220KV</name>
	<Style><LineStyle><color>ff0000ff</color></LineStyle><PolyStyle><fill>0</fill></PolyStyle></Style>
	<ExtendedData><SchemaData schemaUrl="#lineas_sing">
		<SimpleData name="OBJECTID">98</SimpleData>
		<SimpleData name="gml_id">lt_sing_1c966bdb_e893_4b2d_b52e_5945a9a8a68b.72</SimpleData>
		<SimpleData name="layer">Unknown Line Type</SimpleData>
		<SimpleData name="elevation">0</SimpleData>
		<SimpleData name="nombre">ENCUENTRO - COLLAHUASI. CIRCUITO N1 220KV</SimpleData>
		<SimpleData name="circuito">C1</SimpleData>
		<SimpleData name="tipo">SUBTRANSMISION</SimpleData>
		<SimpleData name="f_operacio">2004</SimpleData>
		<SimpleData name="long_km">201.342452759</SimpleData>
		<SimpleData name="tramo">ENCUENTRO- COLLAHUASI</SimpleData>
		<SimpleData name="propiedad">MINERA COLLAHUASI</SimpleData>
		<SimpleData name="tension_kv">220</SimpleData>
		<SimpleData name="rca">S/I</SimpleData>
		<SimpleData name="sist_elect">SING</SimpleData>
		<SimpleData name="estado">EN OPERACION</SimpleData>
		<SimpleData name="region">REGION DE TARAPACA - REGION DE ANTOFAGASTA</SimpleData>
		<SimpleData name="provincia">IQUIQUE-TOCOPILLA</SimpleData>
		<SimpleData name="comuna">MARIA ELENA-PICA-POZO ALMONTE</SimpleData>
		<SimpleData name="fuente_bas">CNE</SimpleData>
		<SimpleData name="fech_crea">02-12-2014</SimpleData>
		<SimpleData name="fech_act">20/12/2016</SimpleData>
		<SimpleData name="Shape_Leng">1.8594822789383</SimpleData>
	</SchemaData></ExtendedData>
      <LineString><coordinates>-69.566208407,-22.2818444019999 -69.566169653,-22.281862605 -69.5632166889999,-22.2813489059999 -69.5599041299999,-22.280718953 -69.558621874,-22.2804794529999 -69.558481066,-22.2792422859999 -69.558164431,-22.2777256709999 -69.55842353,-22.2769749619999 -69.558338958,-22.2752316999999 -69.5583730499999,-22.2740391 -69.558244539,-22.2734523349999 -69.555843424,-22.270072834 -69.553305942,-22.266540182 -69.55066105,-22.2628091029999 -69.5480358149999,-22.259105013 -69.545410825,-22.255427977 -69.543029915,-22.2520933719999 -69.54070752,-22.248803704 -69.538346486,-22.245532195 -69.5359463,-22.242143336 -69.533702552,-22.2390339799999 -69.532446052,-22.23522574 -69.530994092,-22.231029663 -69.5295029329999,-22.22670722 -69.528139188,-22.222700537 -69.5267950969999,-22.218738947 -69.525343316,-22.2144976349999 -69.523921033,-22.210337517 -69.522469664,-22.206159409 -69.5210767249999,-22.2020172329999 -69.519752808,-22.198154879 -69.518585838,-22.194743715 -69.5173797269999,-22.1912242559999 -69.516212841,-22.187804037 -69.515143971,-22.184645485 -69.5138304499999,-22.180882412 -69.512398935,-22.176658956 -69.510957972,-22.1724806839999 -69.509487674,-22.168212147 -69.508046629,-22.16396157 -69.506576383,-22.159656862 -69.5051942539999,-22.1555596499999 -69.5038221629999,-22.1515346649999 -69.502430757,-22.147509724 -69.501137269,-22.143728391 -69.4999712549999,-22.1403260879999 -69.498775666,-22.136770285 -69.4975706009999,-22.13325967 -69.496571471,-22.130389844 -69.496034642,-22.126615188 -69.495408939,-22.1223710199999 -69.494782866,-22.118009404 -69.494137538,-22.113674943 -69.49350201,-22.1093585149999 -69.492866272,-22.104969809 -69.492221039,-22.100626297 -69.491575817,-22.096273746 -69.490969475,-22.091939141 -69.490285063,-22.087442148 -69.489639127,-22.0828456579999 -69.488994014,-22.078475016 -69.488358605,-22.074095305 -69.4877530589999,-22.0699323219999 -69.487157552,-22.065859646 -69.486572021,-22.06185921 -69.4860359099999,-22.0581296509999 -69.485490168,-22.054409151 -69.484904769,-22.050417737 -69.4842897789999,-22.046263788 -69.483683781,-22.041892984 -69.4830294029999,-22.037531353 -69.4823945699999,-22.0332057959999 -69.4817986589999,-22.0289162559999 -69.4811937379999,-22.024816458 -69.480637878,-22.0208881629999 -69.4800233399999,-22.0167883839999 -69.4793489469999,-22.0121647839999 -69.478733518,-22.007775899 -69.4780796209999,-22.003459396 -69.477494759,-21.9994950249999 -69.476998506,-21.995945972 -69.476473099,-21.9923608629999 -69.475938092,-21.988793847 -69.475481631,-21.9855337669999 -69.474887538,-21.981659747 -69.474272668,-21.977352132 -69.473638405,-21.9730264999999 -69.4730243019999,-21.968926664 -69.47244862,-21.964718299 -69.4718143869999,-21.960365548 -69.4711607359999,-21.955985744 -69.47053633,-21.951651023 -69.4699023699999,-21.947343428 -69.469287788,-21.943026737 -69.468605136,-21.938610856 -69.4680002009999,-21.9342579899999 -69.467346832,-21.929887187 -69.466732236,-21.925516269 -69.4661377209999,-21.9213530809999 -69.465524261,-21.917307389 -69.4649800179999,-21.913695151 -69.4644155619999,-21.909811932 -69.4638308409999,-21.9056396629999 -69.463216792,-21.901368094 -69.4625442029999,-21.896943098 -69.46192006,-21.89251796 -69.461316161,-21.88835476 -69.4606829109999,-21.8840832229999 -69.460068974,-21.8797845239999 -69.4594256629999,-21.875368454 -69.458753068,-21.870862114 -69.458109872,-21.8664550669999 -69.4575157419999,-21.8622466369999 -69.4569520049999,-21.8584537049999 -69.456398007,-21.854669778 -69.455784427,-21.850398146 -69.4551119079999,-21.845837568 -69.45466686,-21.842812227 -69.454488161,-21.8413852629999 -69.453623508,-21.83724079 -69.4527396399999,-21.833123466 -69.451895012,-21.829159615 -69.451040728,-21.825186748 -69.4502356629999,-21.8214667079999 -69.449527846,-21.8178909499999 -69.4485852449999,-21.81347561 -69.44789807,-21.810288272 -69.4468960689999,-21.805403279 -69.4459932569999,-21.801285949 -69.4450897739999,-21.796933714 -69.44424556,-21.7929607639999 -69.4435094409999,-21.789520559 -69.442754013,-21.7860804009999 -69.4419785009999,-21.782387322 -69.441379324,-21.7794074999999 -69.440663247,-21.776147914 -69.4397702369999,-21.771949193 -69.4389748799999,-21.768039313 -69.437974159,-21.7633710609999 -69.437208437,-21.759632747 -69.4363941,-21.755795174 -69.435511076,-21.7516144579999 -69.43454998,-21.7471809699999 -69.433725712,-21.743207883 -69.432823266,-21.738945884 -69.431901103,-21.734539373 -69.4310084379999,-21.7302773329999 -69.430164954,-21.726277163 -69.429419523,-21.722719431 -69.4286742899999,-21.719215902 -69.4279974959999,-21.715956128 -69.427291543,-21.7126331809999 -69.42658533,-21.7092108479999 -69.4256933629999,-21.705075246 -69.424800841,-21.700731839 -69.4238892509999,-21.696460751 -69.423006691,-21.692180546 -69.422134274,-21.6880448639999 -69.4212426019999,-21.6839182579999 -69.42033097,-21.679556791 -69.419439223,-21.675366927 -69.417636273,-21.6668878409999 -69.417645991,-21.6669058869999 -69.4165510509999,-21.6625809879999 -69.415166959,-21.655130771 -69.4141105099999,-21.650688299 -69.4125218569999,-21.6425790169999 -69.411679282,-21.6385244859999 -69.410817379,-21.6344519269999 -69.409945788,-21.630352279 -69.409054591,-21.62613522 -69.408173187,-21.621945234 -69.4073113869999,-21.6178365059999 -69.406410512,-21.613556205 -69.405490167,-21.6092036639999 -69.404599441,-21.605058845 -69.4037279139999,-21.600850728 -69.402876111,-21.5967690439999 -69.402102938,-21.593156974 -69.401251155,-21.5890481719999 -69.400340792,-21.584695562 -69.3994697429999,-21.580568722 -69.398589481,-21.5765864539999 -69.397669203,-21.572080252 -69.396758988,-21.5677005069999 -69.3958783689999,-21.5635284849999 -69.394958436,-21.559085502 -69.394019514,-21.5547419399999 -69.3931680549999,-21.550578861 -69.392326765,-21.546587415 -69.391476011,-21.542650194 -69.390644692,-21.538740025 -69.389881448,-21.534992319 -69.389099102,-21.5313078959999 -69.388248339,-21.52729837 -69.3873878489999,-21.523243684 -69.38657583,-21.5192430889999 -69.385725427,-21.515314856 -69.384864964,-21.511214975 -69.3841508909999,-21.5076929869999 -69.383241917,-21.5034667149999 -69.3824695499999,-21.499773185 -69.381873071,-21.496874326 -69.3811204359999,-21.493316266 -69.380543766,-21.4905890169999 -69.3786702799999,-21.486599812 -69.37681646,-21.482709923 -69.375020749,-21.47885602 -69.373186478,-21.474984111 -69.371381308,-21.4711301839999 -69.3696441869999,-21.46742968 -69.3678975249999,-21.463738211 -69.366082918,-21.4598571339999 -69.3642201499999,-21.455976139 -69.3624639129999,-21.4522033109999 -69.360601031,-21.4481957799999 -69.358777296,-21.444368842 -69.35696322,-21.44050572 -69.355188147,-21.436768984 -69.3535390499999,-21.433212662 -69.351851413,-21.429647367 -69.350163795,-21.426054947 -69.3485248059999,-21.422588898 -69.347157306,-21.419646303 -69.345537802,-21.41619825 -69.3440444409999,-21.413020972 -69.342008187,-21.408706367 -69.340272523,-21.40498744 -69.33855641,-21.4013407329999 -69.3368306739999,-21.3976669209999 -69.335017787,-21.39381256 -69.333156496,-21.3898408159999 -69.331372887,-21.3860495979999 -69.3295408549999,-21.382131961 -69.327912602,-21.378710836 -69.326332736,-21.3753257389999 -69.3248595869999,-21.3721843669999 -69.323289588,-21.3688353589999 -69.319831381,-21.366519949 -69.315986864,-21.363925104 -69.312123249,-21.36135731 -69.308288628,-21.3587532299999 -69.304434833,-21.356140061 -69.300726159,-21.3536801389999 -69.2968146539999,-21.351012682 -69.2930964999999,-21.3485074279999 -69.28961988,-21.346155273 -69.2860371629999,-21.3437399769999 -69.2823676469999,-21.3412615029999 -69.279007247,-21.3389902439999 -69.275936631,-21.336917216 -69.272730942,-21.334763032 -69.269013588,-21.332248196 -69.265450878,-21.329859526 -69.26182067,-21.327407636 -69.258026432,-21.324829425 -69.2541744379999,-21.3222331439999 -69.250477014,-21.3197268939999 -69.246808717,-21.3172656949999 -69.243140512,-21.314786343 -69.2395979089999,-21.3123880489999 -69.2360264659999,-21.3099716479999 -69.232233166,-21.307419947 -69.228401374,-21.3048320689999 -69.2248399499999,-21.302424448 -69.22172259,-21.3003143289999 -69.218586049,-21.298213211 -69.215024918,-21.295787306 -69.211222688,-21.2932260979999 -69.207430217,-21.2906557549999 -69.203608956,-21.28808536 -69.199729888,-21.285442662 -69.195937852,-21.2828991599999 -69.192059091,-21.2802833879999 -69.188498836,-21.277865946 -69.185073777,-21.275547667 -69.181687417,-21.273256381 -69.1785230309999,-21.2711003209999 -69.175136895,-21.268826971 -69.171885915,-21.2666437679999 -69.16850959,-21.2643431669999 -69.1646510859999,-21.2617357669999 -69.160985637,-21.259263624 -69.157185276,-21.256701171 -69.1535875819999,-21.254264942 -69.1499996539999,-21.251837662 -69.14639254,-21.249383214 -69.142669839,-21.2468745739999 -69.138870085,-21.244284595 -69.134964418,-21.241658472 -69.131309597,-21.2391856639999 -69.1277513169999,-21.236766915 -69.124607796,-21.2346459509999 -69.121531854,-21.232561021 -69.121548278,-21.229082385 -69.1215255339999,-21.2248448029999 -69.1214838069999,-21.2209596119999 -69.1215292959999,-21.2176706939999 -69.1215027919999,-21.208834086 -69.121471167,-21.2055090759999 -69.1214589159999,-21.202310548 -69.121436737,-21.198750608 -69.12145241,-21.194350345 -69.121419005,-21.1888387569999 -69.12141564,-21.1847186009999 -69.12135519,-21.1814749219999 -69.121361462,-21.1773547559999 -69.1213402349999,-21.1749513419999 -69.121318242,-21.1716082419999 -69.121296502,-21.168572346 -69.121253767,-21.16341313 -69.121318979,-21.16069341 -69.1212795879999,-21.1596362889999 -69.121237477,-21.155236047 -69.119877467,-21.152869723 -69.117996634,-21.14954599 -69.116183474,-21.14643904 -69.114601794,-21.1436662249999 -69.112133006,-21.139412165 -69.1104069089999,-21.1364948359999 -69.1087289929999,-21.1335232439999 -69.105662759,-21.12827556 -69.103329464,-21.124256201 -69.101931411,-21.1217542119999 -69.1006009709999,-21.119487094 -69.098258297,-21.1154315229999 -69.096041057,-21.111574627 -69.095144563,-21.1100300579999 -69.093399832,-21.107031234 -69.092416627,-21.1053150229999 -69.090113,-21.1014038779999 -69.088888877,-21.099208889 -69.086106501,-21.099580782 -69.082650155,-21.1000071719999 -69.080339497,-21.100297419 -69.076161026,-21.1008053369999 -69.0703843009999,-21.101530676 -69.064906,-21.102246668 -69.062104231,-21.102572997 -69.058108579,-21.1030894379999 -69.055374183,-21.1034246679999 -69.05173472,-21.103868559 -69.049231391,-21.104230725 -69.046333266,-21.104565857 -69.044272807,-21.104837473 -69.040633234,-21.105127522 -69.0372343609999,-21.105399368 -69.034076188,-21.105643992 -69.030763958,-21.1059518329999 -69.026970267,-21.106223545 -69.024168322,-21.106440821 -69.0208079079999,-21.106739439 -69.018949564,-21.1069022959999 -69.017120103,-21.107074166 -69.0121034969999,-21.107408913 -69.0104376849999,-21.1071741 -69.007722325,-21.106767646 -69.003379706,-21.1061172299999 -69.001540604,-21.10582812 -69.000365893,-21.10563838 -68.995445619,-21.104861263 -68.993924293,-21.1046082199999 -68.98966845,-21.1040207039999 -68.987906429,-21.1037404859999 -68.984045409,-21.1031347859999 -68.980463642,-21.102583243 -68.978287627,-21.1023028769999 -68.974638528,-21.101597598 -68.970758347,-21.1010638769999 -68.967071085,-21.099066346 -68.964394749,-21.0976291539999 -68.9615163,-21.0960924829999 -68.960332111,-21.095821144 -68.958040764,-21.095296531 -68.95588421,-21.0948261349999 -68.952466495,-21.0940481549999 -68.949010313,-21.0932429879999 -68.947643238,-21.092971505 -68.946603505,-21.092736257 -68.9434745789999,-21.092337679 -68.938699415,-21.0916673899999 -68.9316137769999,-21.090652701 -68.930188957,-21.090453338 -68.9226219939999,-21.089546501 -68.921303135,-21.089283864 -68.9197051209999,-21.088939764 -68.916037256,-21.088441034 -68.9130325529999,-21.0899484569999 -68.911597577,-21.0906976649999 -68.909921802,-21.091591303 -68.9060024569999,-21.092881259 -68.903382311,-21.094966996 -68.8977671929999,-21.09782797 -68.8934521419999,-21.1000661259999 -68.890177261,-21.1017356099999 -68.885948704,-21.1038923099999 -68.8821630909999,-21.105868501 -68.879485189,-21.107240018 -68.8773370659999,-21.1083227399999 -68.874342763,-21.107977197 -68.873235571,-21.1078227689999 -68.868277177,-21.107276858 -68.862741233,-21.1065767329999 -68.857031965,-21.105939529 -68.854586543,-21.105648313 -68.8506392429999,-21.105165999 -68.847337006,-21.104765496 -68.8392402969999,-21.103827355 -68.836544643,-21.1034994999999 -68.8330210359999,-21.1030894689999 -68.8307489429999,-21.102870364 -68.827860787,-21.102515072 -68.8246838439999,-21.1021142549999 -68.82071747,-21.1016402619999 -68.818455113,-21.1013667899999 -68.816250467,-21.101147564 -68.81180282,-21.100600556 -68.809607894,-21.100327041 -68.808038691,-21.100153597 -68.8069052549999,-21.0980560739999 -68.803870105,-21.092441541 -68.802803941,-21.0905247759999 -68.799855404,-21.085163264 -68.798414855,-21.0825231869999 -68.797185648,-21.080253807 -68.796110423,-21.0780478519999 -68.794677662,-21.0768444 -68.791350833,-21.0739309049999 -68.78947576,-21.072419657 -68.787466275,-21.0706823319999 -68.7848030649999,-21.068374918 -68.7824187269999,-21.066320815 -68.779755699,-21.0639952509999 -68.77723694,-21.061805367 -68.7753238349999,-21.060176452 -68.7731128409999,-21.058239909 -68.770603874,-21.056068011 -68.7678354459999,-21.0536698339999 -68.766633885,-21.0526381359999 -68.7635867979999,-21.050022654 -68.762299731,-21.0483221769999 -68.759840906,-21.045093032 -68.7583233839999,-21.0431120969999 -68.7563640989999,-21.0405612769999 -68.753876716,-21.037295862 -68.753002813,-21.036138045 -68.749881719,-21.032076521 -68.7479515319999,-21.029561787 -68.746338301,-21.0274541049999 -68.7441682149999,-21.024604655 -68.742449482,-21.022352208 -68.7402074239999,-21.0222494069999 -68.7376381459999,-21.0221641439999 -68.731614501,-21.021856574 -68.729459085,-21.0217447329999 -68.726206722,-21.0215768899999 -68.723647122,-21.02147336 -68.719923302,-21.0212684869999 -68.7164015289999,-21.021090977 -68.7130721949999,-21.02093179 -68.711051499,-21.0208380139999 -68.706230745,-21.020594834 -68.703748165,-21.020491138 -68.70063057,-21.0203320759999 -68.699235341,-21.0202663659999 -68.698179105,-21.0191169829999 -68.6948278629999,-21.015569075 -68.693234021,-21.0138313859999 -68.692609951,-21.013143559 -68.69055532,-21.0108990219999 -68.687838047,-21.0080568999999 -68.685341845,-21.005377784 -68.6829993219999,-21.002870593 -68.6816264989999,-21.0013952369999 -68.679792877,-20.999440121 -68.6776328829999,-20.9971500519999 -68.674426663,-20.993728516 -68.670817448,-20.9898724349999 -68.6678133569999,-20.9865505569999 -68.6664789339999,-20.9852468299999 -68.6641083379999,-20.982667041 -68.6620830849999,-20.980566788 -68.660939136,-20.9801669509999 -68.654411701,-20.9780214469999 -68.653258047,-20.977675753 -68.6519987199999,-20.9772665859999 -68.650393343,-20.9767392379999 -68.6468751369999,-20.975530256 -68.643866363,-20.974530085 -68.6408981119999,-20.976719493 -68.639288791,-20.977854572 -68.6373421,-20.979250948</coordinates></LineString>
  </Placemark>
  <Placemark id="lineas_sing.99">
	<name>ENCUENTRO - COLLAHUASI. CIRCUITO N1 220KV</name>
	<Style><LineStyle><color>ff0000ff</color></LineStyle><PolyStyle><fill>0</fill></PolyStyle></Style>
	<ExtendedData><SchemaData schemaUrl="#lineas_sing">
		<SimpleData name="OBJECTID">99</SimpleData>
		<SimpleData name="gml_id">lt_sing_1c966bdb_e893_4b2d_b52e_5945a9a8a68b.73</SimpleData>
		<SimpleData name="layer">Unknown Line Type</SimpleData>
		<SimpleData name="elevation">0</SimpleData>
		<SimpleData name="nombre">ENCUENTRO - COLLAHUASI. CIRCUITO N1 220KV</SimpleData>
		<SimpleData name="circuito">C1</SimpleData>
		<SimpleData name="tipo">SUBTRANSMISION</SimpleData>
		<SimpleData name="f_operacio">2004</SimpleData>
		<SimpleData name="long_km">201.342452759</SimpleData>
		<SimpleData name="tramo">ENCUENTRO- COLLAHUASI</SimpleData>
		<SimpleData name="propiedad">MINERA COLLAHUASI</SimpleData>
		<SimpleData name="tension_kv">220</SimpleData>
		<SimpleData name="rca">S/I</SimpleData>
		<SimpleData name="sist_elect">SING</SimpleData>
		<SimpleData name="estado">EN OPERACION</SimpleData>
		<SimpleData name="region">REGION DE TARAPACA - REGION DE ANTOFAGASTA</SimpleData>
		<SimpleData name="provincia">IQUIQUE-TOCOPILLA</SimpleData>
		<SimpleData name="comuna">MARIA ELENA-PICA-POZO ALMONTE</SimpleData>
		<SimpleData name="fuente_bas">CNE</SimpleData>
		<SimpleData name="fech_crea">02-12-2014</SimpleData>
		<SimpleData name="fech_act">20/12/2016</SimpleData>
		<SimpleData name="Shape_Leng">0.000624273928325</SimpleData>
	</SchemaData></ExtendedData>
      <LineString><coordinates>-68.6373421,-20.979250948 -68.63678479,-20.978969659</coordinates></LineString>
  </Placemark>
  <Placemark id="lineas_sing.100">
	<name>ENCUENTRO - COLLAHUASI. CIRCUITO N1 220KV</name>
	<Style><LineStyle><color>ff0000ff</color></LineStyle><PolyStyle><fill>0</fill></PolyStyle></Style>
	<ExtendedData><SchemaData schemaUrl="#lineas_sing">
		<SimpleData name="OBJECTID">100</SimpleData>
		<SimpleData name="gml_id">lt_sing_1c966bdb_e893_4b2d_b52e_5945a9a8a68b.74</SimpleData>
		<SimpleData name="layer">Unknown Line Type</SimpleData>
		<SimpleData name="elevation">0</SimpleData>
		<SimpleData name="nombre">ENCUENTRO - COLLAHUASI. CIRCUITO N1 220KV</SimpleData>
		<SimpleData name="circuito">C1</SimpleData>
		<SimpleData name="tipo">SUBTRANSMISION</SimpleData>
		<SimpleData name="f_operacio">2004</SimpleData>
		<SimpleData name="long_km">201.342452759</SimpleData>
		<SimpleData name="tramo">ENCUENTRO- COLLAHUASI</SimpleData>
		<SimpleData name="propiedad">MINERA COLLAHUASI</SimpleData>
		<SimpleData name="tension_kv">220</SimpleData>
		<SimpleData name="rca">S/I</SimpleData>
		<SimpleData name="sist_elect">SING</SimpleData>
		<SimpleData name="estado">EN OPERACION</SimpleData>
		<SimpleData name="region">REGION DE TARAPACA - REGION DE ANTOFAGASTA</SimpleData>
		<SimpleData name="provincia">IQUIQUE-TOCOPILLA</SimpleData>
		<SimpleData name="comuna">MARIA ELENA-PICA-POZO ALMONTE</SimpleData>
		<SimpleData name="fuente_bas">CNE</SimpleData>
		<SimpleData name="fech_crea">02-12-2014</SimpleData>
		<SimpleData name="fech_act">20/12/2016</SimpleData>
		<SimpleData name="Shape_Leng">0.00054786640272</SimpleData>
	</SchemaData></ExtendedData>
      <LineString><coordinates>-68.6373421,-20.979250948 -68.636803114,-20.979349191</coordinates></LineString>
  </Placemark>
  <Placemark id="lineas_sing.101">
	<name>CRUCERO - LAGUNAS NA2 220KV</name>
	<Style><LineStyle><color>ff0000ff</color></LineStyle><PolyStyle><fill>0</fill></PolyStyle></Style>
	<ExtendedData><SchemaData schemaUrl="#lineas_sing">
		<SimpleData name="OBJECTID">101</SimpleData>
		<SimpleData name="gml_id">lt_sing_1c966bdb_e893_4b2d_b52e_5945a9a8a68b.69</SimpleData>
		<SimpleData name="layer">Unknown Line Type</SimpleData>
		<SimpleData name="elevation">0</SimpleData>
		<SimpleData name="nombre">CRUCERO - LAGUNAS NA2 220KV</SimpleData>
		<SimpleData name="circuito">C1</SimpleData>
		<SimpleData name="tipo">TRONCAL</SimpleData>
		<SimpleData name="f_operacio">1998</SimpleData>
		<SimpleData name="long_km">173.030224247</SimpleData>
		<SimpleData name="tramo">CRUCERO - LAGUNAS</SimpleData>
		<SimpleData name="propiedad">TRANSELEC NORTE</SimpleData>
		<SimpleData name="tension_kv">220</SimpleData>
		<SimpleData name="rca">S/I</SimpleData>
		<SimpleData name="sist_elect">SING</SimpleData>
		<SimpleData name="estado">EN OPERACION</SimpleData>
		<SimpleData name="region">REGION DE ANTOFAGASTA</SimpleData>
		<SimpleData name="provincia">ANTOFAGASTA</SimpleData>
		<SimpleData name="comuna">ANTOFAGASTA</SimpleData>
		<SimpleData name="fuente_bas">CNE</SimpleData>
		<SimpleData name="fech_crea">02-12-2014</SimpleData>
		<SimpleData name="fech_act">20/12/2016</SimpleData>
		<SimpleData name="Shape_Leng">1.57647015426108</SimpleData>
	</SchemaData></ExtendedData>
      <LineString><coordinates>-69.5690875239999,-22.274418613 -69.571171283,-22.273340144 -69.5722157709999,-22.2697893769999 -69.573084131,-22.2668182109999 -69.5740754139999,-22.263415729 -69.575151042,-22.2597170829999 -69.5761340349999,-22.256355829 -69.577116265,-22.253002001 -69.5781216999999,-22.249563725 -69.5791236109999,-22.246127163 -69.580076042,-22.242856961 -69.580974946,-22.239793724 -69.5807534699999,-22.236381148 -69.580516444,-22.232650441 -69.580278307,-22.228967326 -69.58001096,-22.224842973 -69.579825845,-22.2220600699999 -69.5796004159999,-22.218510124 -69.579374292,-22.214989305 -69.5791413809999,-22.2113509769999 -69.5788963099999,-22.2076025 -69.5786512769999,-22.203840515 -69.5784207889999,-22.2003213419999 -69.578217786,-22.19711311 -69.5779914509999,-22.193647643 -69.577740628,-22.189768628 -69.577484365,-22.185857599 -69.5772342989999,-22.181910762 -69.576982028,-22.178208823 -69.576737867,-22.1743479789999 -69.576487828,-22.1705078599999 -69.576282646,-22.1673883349999 -69.5761095559999,-22.16465921 -69.5759376079999,-22.1620080719999 -69.575744678,-22.1590493689999 -69.5725966099999,-22.1576973529999 -69.5727798779999,-22.155111275 -69.572964419,-22.1525177099999 -69.572940569,-22.1490342129999 -69.5729162109999,-22.145551386 -69.5728974149999,-22.141962577 -69.572870516,-22.1381690279999 -69.5728439979999,-22.13441384 -69.572823719,-22.1307107279999 -69.572801192,-22.127062876 -69.572778506,-22.123279703 -69.572751663,-22.119387451 -69.572729,-22.1157033119999 -69.572704657,-22.11240688 -69.572683734,-22.108666286 -69.572664383,-22.105007842 -69.572637775,-22.101486897 -69.572617404,-22.097975952 -69.5725959169999,-22.0944432489999 -69.572577011,-22.0914220079999 -69.5725574149999,-22.0881524709999 -69.573686181,-22.085488122 -69.574822216,-22.082813522 -69.576388013,-22.079103204 -69.577913694,-22.0755301679999 -69.579426445,-22.07196627 -69.580939186,-22.068399848 -69.5824389859999,-22.064866673 -69.583876204,-22.0614702039999 -69.585350375,-22.058013892 -69.5872805079999,-22.0534651639999 -69.5885805089999,-22.0503978199999 -69.5900599239999,-22.0469175109999 -69.591500439,-22.043523512 -69.593005843,-22.039971336 -69.5944912309999,-22.0364762689999 -69.595988205,-22.032935616 -69.597551916,-22.029247402 -69.599057494,-22.0256980419999 -69.600453938,-22.02242818 -69.599226962,-22.019341073 -69.597834043,-22.015780348 -69.596334691,-22.0119679479999 -69.594977114,-22.0084867859999 -69.593596571,-22.004967892 -69.5922367009999,-22.0014904829999 -69.5909402149999,-21.9981806509999 -69.58976246,-21.995170784 -69.588477081,-21.9918886739999 -69.587057011,-21.988252439 -69.585696446,-21.984775391 -69.5843516799999,-21.9813412669999 -69.5829323309999,-21.9777084309999 -69.5812666859999,-21.97345225 -69.57979016,-21.969669073 -69.5780100969999,-21.9651144389999 -69.5763435379999,-21.96085454 -69.5750084109999,-21.957428824 -69.5723384409999,-21.9551408249999 -69.569756855,-21.9529259569999 -69.567272523,-21.9507917669999 -69.5653159519999,-21.949108069 -69.561358476,-21.9457079869999 -69.5588168799999,-21.943525968 -69.5562260139999,-21.9413017059999 -69.5532140299999,-21.938713687 -69.5505779929999,-21.936451178 -69.547948628,-21.934194997 -69.5453232089999,-21.9319422299999 -69.542483729,-21.9295058549999 -69.538887631,-21.9264097029999 -69.536494331,-21.9243602769999 -69.533200284,-21.9215273579999 -69.530189369,-21.91893898 -69.528098502,-21.917140752 -69.524248488,-21.913830537 -69.520906657,-21.9109503519999 -69.5169885289999,-21.907586148 -69.5140943919999,-21.9050947339999 -69.5116747169999,-21.9030134189999 -69.509634327,-21.9012550539999 -69.507184987,-21.8991531259999 -69.5045145679999,-21.8968515239999 -69.503884951,-21.89336329 -69.503234343,-21.8897270639999 -69.502599335,-21.8861838509999 -69.502083437,-21.8832890639999 -69.501456494,-21.879798137 -69.500883049,-21.876605232 -69.5003948,-21.873881566 -69.49973772,-21.8702021359999 -69.4992090169999,-21.8672659109999 -69.498510025,-21.863361767 -69.497855515,-21.859692567 -69.497260264,-21.8564081929999 -69.496717291,-21.853371277 -69.496028296,-21.849523738 -69.4955405809999,-21.8467943649999 -69.494757234,-21.843510791 -69.4937757829999,-21.839397279 -69.492933378,-21.835870825 -69.4922232769999,-21.832901606 -69.491301568,-21.829045234 -69.4903856769999,-21.8251904709999 -69.489557372,-21.8217192769999 -69.488062395,-21.815460324 -69.487257757,-21.812082634 -69.4864568469999,-21.8087230429999 -69.485620516,-21.805217123 -69.484844801,-21.8019680809999 -69.484172057,-21.7991566969999 -69.482787816,-21.793351714 -69.482058015,-21.790277251 -69.481178165,-21.7865865269999 -69.480453891,-21.783544268 -69.479771706,-21.780707207 -69.4792278589999,-21.778466561 -69.479942991,-21.776124162 -69.481058994,-21.772386889 -69.4817563669999,-21.770069775 -69.4827849019999,-21.766617181 -69.483985495,-21.7626279469999 -69.485078613,-21.7589346259999 -69.486108788,-21.7555016049999 -69.487050698,-21.752390168 -69.4881524209999,-21.7486730539999 -69.489335469,-21.744717629 -69.49099577,-21.739167117 -69.491901371,-21.7361442819999 -69.492991359,-21.7324986849999 -69.4940651379999,-21.728905418 -69.495199597,-21.7251169589999 -69.496251135,-21.7216088659999 -69.49729395,-21.718104855 -69.4983680079999,-21.7145226659999 -69.499524933,-21.710650889 -69.500316055,-21.7079997399999 -69.501183598,-21.7050847679999 -69.5024947319999,-21.700711048 -69.503596788,-21.6970320739999 -69.5042983289999,-21.6946928479999 -69.50546177,-21.69078009 -69.506302739,-21.687961726 -69.5077579439999,-21.6830868389999 -69.508585969,-21.6803284069999 -69.509595836,-21.6769547499999 -69.511505954,-21.6705623729999 -69.5127443499999,-21.666403991 -69.514044296,-21.66206248 -69.5150624899999,-21.6586543989999 -69.515631833,-21.656746504 -69.5169010989999,-21.6524889479999 -69.518184085,-21.6481910799999 -69.519236496,-21.644667764 -69.520474534,-21.6405284429999 -69.52137148,-21.637516987 -69.522745808,-21.6329133089999 -69.523946445,-21.628877965 -69.5246694099999,-21.626464294 -69.5259250729999,-21.622262184 -69.52698816,-21.618699649 -69.528072793,-21.6150701349999 -69.5290723429999,-21.611723931 -69.529955278,-21.6087561799999 -69.53084074,-21.6057983599999 -69.5301231,-21.602307722 -69.5292985739999,-21.598285345 -69.5287238029999,-21.595494334 -69.528111371,-21.592522295 -69.527456623,-21.5893292549999 -69.526807219,-21.5861816 -69.526211468,-21.583285879 -69.525537819,-21.5800057069999 -69.525237391,-21.578554895 -69.524443345,-21.5746914339999 -69.523716849,-21.5711510259999 -69.522973744,-21.5675209779999 -69.522216995,-21.5638515909999 -69.52146063,-21.5601614989999 -69.520714324,-21.556533477 -69.519958156,-21.5528643339999 -69.51919885,-21.54916388 -69.518430515,-21.545427592 -69.517672047,-21.54172428 -69.5169140839999,-21.538050912 -69.516162771,-21.5344022519999 -69.515403944,-21.530695474 -69.5146407189999,-21.526985914 -69.5138789109999,-21.5232830969999 -69.5131298109999,-21.519625973 -69.5123700459999,-21.515936465 -69.511607982,-21.512226282 -69.5108584979999,-21.508582186 -69.510100558,-21.5049070699999 -69.5093926119999,-21.5014546909999 -69.508683848,-21.497990133 -69.5079222429999,-21.494300358 -69.507160732,-21.4905741709999 -69.50639411,-21.4868503119999 -69.5056391749999,-21.483170779 -69.5048897569999,-21.4795242119999 -69.504129233,-21.4758298639999 -69.503421803,-21.47238902 -69.502766574,-21.469178777 -69.502103684,-21.4659595869999 -69.501349752,-21.462282928 -69.50065704,-21.4589114249999 -69.500111739,-21.456262002 -69.4995644959999,-21.453598239 -69.49889531,-21.4503183739999 -69.4980462619999,-21.4461779389999 -69.497366303,-21.4428681699999 -69.4965500919999,-21.438897589 -69.4958008999999,-21.435252388 -69.4950432649999,-21.431552704 -69.4943177449999,-21.428014517 -69.493740437,-21.425189095 -69.4938920819999,-21.421679726 -69.494064867,-21.417868756 -69.4942313339999,-21.414078839 -69.494387226,-21.410549755 -69.494542494,-21.407076849 -69.494709158,-21.403331952 -69.494870077,-21.3996124359999 -69.4950312889999,-21.395979951 -69.4951970119999,-21.392333885 -69.495359815,-21.3885780319999 -69.495520928,-21.385006881 -69.495665607,-21.381759205 -69.4958227819999,-21.378256101 -69.495990261,-21.374476203 -69.496158022,-21.3707046059999 -69.496327298,-21.3669312059999 -69.496492718,-21.363197327 -69.4966529719999,-21.359636176 -69.496781627,-21.356733108 -69.496912655,-21.3537780369999 -69.498516818,-21.3533160969999 -69.499628305,-21.349980409 -69.5008299839999,-21.346355789 -69.502015183,-21.34277902 -69.503209824,-21.3391812959999 -69.504417957,-21.3355415 -69.505607299,-21.331957041 -69.50680168,-21.328332996 -69.507972728,-21.3248217839999 -69.5091820649999,-21.3211653139999 -69.5103896589999,-21.3175259409999 -69.51157743,-21.313948411 -69.512763498,-21.310370172 -69.513920764,-21.3068639159999 -69.515113991,-21.30326545 -69.5163165709999,-21.299635092 -69.517508467,-21.2960490789999 -69.5186876389999,-21.292491786 -69.5198652559999,-21.2889370839999 -69.52105461,-21.285333006 -69.5222641509999,-21.2816950509999 -69.523475473,-21.278039222 -69.5246320919999,-21.2745416189999 -69.52582326,-21.2709486599999 -69.527020415,-21.2673375529999 -69.5281902409999,-21.2637985659999 -69.5292948869999,-21.2604823729999 -69.530411283,-21.257113943 -69.5316298719999,-21.2534448509999 -69.5328577779999,-21.249756748 -69.5340626079999,-21.2461243119999 -69.535266585,-21.242493806 -69.536459802,-21.238900498 -69.5376776909999,-21.2352301299999 -69.538822475,-21.2317762079999 -69.539945492,-21.2283976489999 -69.54115724,-21.22474434 -69.54234669,-21.2211409239999 -69.5435406559999,-21.217529154 -69.544742831,-21.213911969 -69.54585788,-21.2105347099999 -69.54698866,-21.2071161549999 -69.5481830379999,-21.2035025549999 -69.549398826,-21.199834493 -69.550580446,-21.196247811 -69.551777264,-21.1926331609999 -69.552963684,-21.1890305489999 -69.5540775119999,-21.1856619609999 -69.555116443,-21.182521671 -69.5562475359999,-21.179092053 -69.557338677,-21.1757835609999 -69.5585260679999,-21.172192219 -69.5597532209999,-21.168493933 -69.5609354869999,-21.1648979239999 -69.562146351,-21.161242264 -69.563340356,-21.157633693 -69.564425515,-21.154351189 -69.565518701,-21.151052579 -69.5665089679999,-21.1480502649999 -69.567716585,-21.1443995189999 -69.568889266,-21.140858013 -69.570026473,-21.137414771 -69.5712231699999,-21.133790427 -69.572416074,-21.1301881279999 -69.5735933409999,-21.1266254359999 -69.574757015,-21.123103063 -69.5759227569999,-21.119591193 -69.577117191,-21.115977339 -69.578180268,-21.112768209 -69.5792120949999,-21.1096385929999 -69.580317631,-21.106295351 -69.581471193,-21.1028060739999 -69.582478882,-21.099762353 -69.5836921109999,-21.096084778 -69.584886623,-21.0924723799999 -69.586029652,-21.0890125509999 -69.5872168239999,-21.0854234949999 -69.5883576479999,-21.081979992 -69.589351929,-21.078962057 -69.5903839649999,-21.075838507 -69.5911148,-21.07361481 -69.592427086,-21.0722868149999 -69.594742899,-21.0699310549999 -69.5969611089999,-21.067677508 -69.5989202869999,-21.065686786 -69.600656128,-21.0639226499999 -69.602166812,-21.062384466 -69.604900414,-21.059602277 -69.6071434419999,-21.05732632 -69.608387509,-21.056063652 -69.611053883,-21.053739815 -69.6137001869999,-21.051436684 -69.615714208,-21.049685358 -69.618069041,-21.047637434 -69.6206004439999,-21.045434682 -69.622915851,-21.0434193679999 -69.625107998,-21.040530744 -69.627367346,-21.037550465 -69.629450429,-21.03480389 -69.631786451,-21.031723632 -69.633810306,-21.0290504239999 -69.636770703,-21.0268276109999 -69.6393546799999,-21.024889684 -69.6421343769999,-21.0228014899999 -69.6449303599999,-21.020699883 -69.644934661,-21.0168724869999 -69.6449354819999,-21.013217792 -69.6449370079999,-21.0098650589999 -69.644939501,-21.006221604 -69.644942149,-21.002461367 -69.645290377,-20.998948522 -69.645620207,-20.995610158 -69.6459393169999,-20.992326749 -69.647825472,-20.989601082 -69.650071558,-20.986355111 -69.652068148,-20.983464446 -69.654371694,-20.980130044 -69.656634039,-20.976857727 -69.658296858,-20.97444946 -69.6601525579999,-20.971763355 -69.66203689,-20.969044496 -69.663971875,-20.966241351 -69.665955062,-20.9633729179999 -69.667783173,-20.960721599 -69.669453661,-20.9567833909999 -69.670906416,-20.953356449 -69.672355636,-20.9499447279999 -69.673894993,-20.9463185339999 -69.675382768,-20.9428089199999 -69.6767473629999,-20.9395919799999 -69.678031644,-20.936565673 -69.679229488,-20.9337533639999 -69.68048404,-20.930774443 -69.6817316089999,-20.9278413069999 -69.683102301,-20.924604302 -69.6837036919999,-20.9209261729999 -69.684303152,-20.9172749809999 -69.684878091,-20.9137455869999 -69.6854564339999,-20.910204085 -69.686053896,-20.906524342 -69.686610162,-20.903141702 -69.6871351249999,-20.899949603 -69.687714198,-20.8963859849999 -69.6884078799999,-20.8921730499999 -69.689078017,-20.88804828 -69.6896480999999,-20.8845724559999 -69.6901974309999,-20.881202469 -69.690666673,-20.8783505829999 -69.691276468,-20.8746139699999 -69.6917995869999,-20.8714186669999 -69.690445503,-20.86925324 -69.692136658,-20.866327892 -69.694183369,-20.862782302 -69.696315673,-20.8590845369999 -69.6982166299999,-20.855777291 -69.700158449,-20.85241589 -69.702025503,-20.849181367 -69.7038532399999,-20.846008131 -69.704874235,-20.84424279 -69.7044302369999,-20.841076769 -69.703944462,-20.8376554079999 -69.7035076989999,-20.834552124 -69.703047926,-20.831216766 -69.7014191929999,-20.8280735779999 -69.69968527,-20.824711153 -69.697948791,-20.821341861 -69.696473064,-20.8184822489999 -69.695120038,-20.815869364</coordinates></LineString>
  </Placemark>
  <Placemark id="lineas_sing.102">
	<name>TAP OFF NUEVA VICTORIA - SUR VIEJO 66KV</name>
	<Style><LineStyle><color>ff0000ff</color></LineStyle><PolyStyle><fill>0</fill></PolyStyle></Style>
	<ExtendedData><SchemaData schemaUrl="#lineas_sing">
		<SimpleData name="OBJECTID">102</SimpleData>
		<SimpleData name="gml_id">lt_sing_1c966bdb_e893_4b2d_b52e_5945a9a8a68b.70</SimpleData>
		<SimpleData name="layer">Unknown Line Type</SimpleData>
		<SimpleData name="elevation">0</SimpleData>
		<SimpleData name="nombre">TAP OFF NUEVA VICTORIA - SUR VIEJO 66KV</SimpleData>
		<SimpleData name="circuito">C1</SimpleData>
		<SimpleData name="tipo">ADICIONAL</SimpleData>
		<SimpleData name="f_operacio">2006</SimpleData>
		<SimpleData name="long_km">16.0499902056</SimpleData>
		<SimpleData name="tramo">TRAMO1 TO-SV; TRAMO 2 TO-SV; TRAMO 3 TO-SV; TRAMO 4 TO-SV; TRAMO 5 TO-SV; TRAMO 6 TO-SV</SimpleData>
		<SimpleData name="propiedad">SQM</SimpleData>
		<SimpleData name="tension_kv">66</SimpleData>
		<SimpleData name="rca">S/I</SimpleData>
		<SimpleData name="sist_elect">SING</SimpleData>
		<SimpleData name="estado">EN OPERACION</SimpleData>
		<SimpleData name="region">REGION DE TARAPACA</SimpleData>
		<SimpleData name="provincia">IQUIQUE</SimpleData>
		<SimpleData name="comuna">POZO ALMONTE</SimpleData>
		<SimpleData name="fuente_bas">CNE</SimpleData>
		<SimpleData name="fech_crea">02-12-2014</SimpleData>
		<SimpleData name="fech_act">20/12/2016</SimpleData>
		<SimpleData name="Shape_Leng">0.152792991424775</SimpleData>
	</SchemaData></ExtendedData>
      <LineString><coordinates>-69.671692251,-20.953305566 -69.6577498679999,-20.9587087359999 -69.588381678,-20.952095336 -69.585368682,-20.934152534 -69.5619840529999,-20.935432819 -69.5520117679999,-20.9304597679999 -69.5374889129999,-20.935583982</coordinates></LineString>
  </Placemark>
  <Placemark id="lineas_sing.103">
	<name>ESMERALDA - SUR 110KV</name>
	<Style><LineStyle><color>ff0000ff</color></LineStyle><PolyStyle><fill>0</fill></PolyStyle></Style>
	<ExtendedData><SchemaData schemaUrl="#lineas_sing">
		<SimpleData name="OBJECTID">103</SimpleData>
		<SimpleData name="gml_id">lt_sing_1c966bdb_e893_4b2d_b52e_5945a9a8a68b.75</SimpleData>
		<SimpleData name="layer">Unknown Line Type</SimpleData>
		<SimpleData name="elevation">0</SimpleData>
		<SimpleData name="nombre">ESMERALDA - SUR 110KV</SimpleData>
		<SimpleData name="circuito">C1</SimpleData>
		<SimpleData name="tipo">SUBTRANSMISION</SimpleData>
		<SimpleData name="f_operacio">2002</SimpleData>
		<SimpleData name="long_km">6.60741935999</SimpleData>
		<SimpleData name="tramo">ESMERALDA - SUR / ESTRUCTURA 21 - ML</SimpleData>
		<SimpleData name="propiedad">EMEL</SimpleData>
		<SimpleData name="tension_kv">110</SimpleData>
		<SimpleData name="rca">S/I</SimpleData>
		<SimpleData name="sist_elect">SING</SimpleData>
		<SimpleData name="estado">EN OPERACION</SimpleData>
		<SimpleData name="region">REGION DE ANTOFAGASTA</SimpleData>
		<SimpleData name="provincia">ANTOFAGASTA</SimpleData>
		<SimpleData name="comuna">ANTOFAGASTA</SimpleData>
		<SimpleData name="fuente_bas">CNE</SimpleData>
		<SimpleData name="fech_crea">02-12-2014</SimpleData>
		<SimpleData name="fech_act">20/12/2016</SimpleData>
		<SimpleData name="Shape_Leng">0.061823229622294</SimpleData>
	</SchemaData></ExtendedData>
      <LineString><coordinates>-70.420221645,-23.7147342809999 -70.4199047819999,-23.714457237 -70.417865262,-23.7126968869999 -70.4161724529999,-23.711249412 -70.412945119,-23.7084703539999 -70.4094519619999,-23.707409491 -70.401275155,-23.7049190129999 -70.3976050799999,-23.703805291 -70.396385035,-23.7034370109999 -70.3937381659999,-23.7026210069999 -70.3919020019999,-23.701490618 -70.3913271879999,-23.6990755259999 -70.3906907859999,-23.696399089 -70.389858639,-23.692830353 -70.389915193,-23.690761783 -70.3900487299999,-23.68577556 -70.39014542,-23.68286676 -70.389211018,-23.677962362 -70.3893062,-23.677690583 -70.389899564,-23.6763125689999 -70.3909711869999,-23.673801403 -70.389928649,-23.6725735329999</coordinates></LineString>
  </Placemark>
  <Placemark id="lineas_sing.104">
	<name>LABERINTO - LOMAS BAYAS 220KV</name>
	<Style><LineStyle><color>ff0000ff</color></LineStyle><PolyStyle><fill>0</fill></PolyStyle></Style>
	<ExtendedData><SchemaData schemaUrl="#lineas_sing">
		<SimpleData name="OBJECTID">104</SimpleData>
		<SimpleData name="gml_id">lt_sing_1c966bdb_e893_4b2d_b52e_5945a9a8a68b.76</SimpleData>
		<SimpleData name="layer">Unknown Line Type</SimpleData>
		<SimpleData name="elevation">0</SimpleData>
		<SimpleData name="nombre">LABERINTO - LOMAS BAYAS 220KV</SimpleData>
		<SimpleData name="circuito">C1</SimpleData>
		<SimpleData name="tipo">ADICIONAL</SimpleData>
		<SimpleData name="f_operacio">1997</SimpleData>
		<SimpleData name="long_km">10.1024084588</SimpleData>
		<SimpleData name="tramo">LABERINTO - LOMAS BAYA</SimpleData>
		<SimpleData name="propiedad">NORGENER</SimpleData>
		<SimpleData name="tension_kv">220</SimpleData>
		<SimpleData name="rca">S/I</SimpleData>
		<SimpleData name="sist_elect">SING</SimpleData>
		<SimpleData name="estado">EN OPERACION</SimpleData>
		<SimpleData name="region">REGION DE ANTOFAGASTA</SimpleData>
		<SimpleData name="provincia">ANTOFAGASTA</SimpleData>
		<SimpleData name="comuna">SIERRA GORDA</SimpleData>
		<SimpleData name="fuente_bas">CNE</SimpleData>
		<SimpleData name="fech_crea">02-12-2014</SimpleData>
		<SimpleData name="fech_act">20/12/2016</SimpleData>
		<SimpleData name="Shape_Leng">0.097964330896908</SimpleData>
	</SchemaData></ExtendedData>
      <LineString><coordinates>-69.410490489,-23.447454341 -69.46666787,-23.431028511 -69.4872380959999,-23.440016467 -69.502906034,-23.433454195</coordinates></LineString>
  </Placemark>
  <Placemark id="lineas_sing.105">
	<name>NORGENER - CRUCERO.CIRCUITO 1 Y 2 220KV</name>
	<Style><LineStyle><color>ff0000ff</color></LineStyle><PolyStyle><fill>0</fill></PolyStyle></Style>
	<ExtendedData><SchemaData schemaUrl="#lineas_sing">
		<SimpleData name="OBJECTID">105</SimpleData>
		<SimpleData name="gml_id">lt_sing_1c966bdb_e893_4b2d_b52e_5945a9a8a68b.77</SimpleData>
		<SimpleData name="layer">Unknown Line Type</SimpleData>
		<SimpleData name="elevation">0</SimpleData>
		<SimpleData name="nombre">NORGENER - CRUCERO.CIRCUITO 1 Y 2 220KV</SimpleData>
		<SimpleData name="circuito">C1</SimpleData>
		<SimpleData name="tipo">ADICIONAL</SimpleData>
		<SimpleData name="f_operacio">1997</SimpleData>
		<SimpleData name="long_km">70.7727478427</SimpleData>
		<SimpleData name="tramo">NORGENER - CRUCERO</SimpleData>
		<SimpleData name="propiedad">NORGENER</SimpleData>
		<SimpleData name="tension_kv">220</SimpleData>
		<SimpleData name="rca">S/I</SimpleData>
		<SimpleData name="sist_elect">SING</SimpleData>
		<SimpleData name="estado">EN OPERACION</SimpleData>
		<SimpleData name="region">REGION DE ANTOFAGASTA</SimpleData>
		<SimpleData name="provincia">TOCOPILLA</SimpleData>
		<SimpleData name="comuna">MAROA ELENA-TOCOPILLA</SimpleData>
		<SimpleData name="fuente_bas">CNE</SimpleData>
		<SimpleData name="fech_crea">02-12-2014</SimpleData>
		<SimpleData name="fech_act">20/12/2016</SimpleData>
		<SimpleData name="Shape_Leng">0.681008508877157</SimpleData>
	</SchemaData></ExtendedData>
      <LineString><coordinates>-69.569240634,-22.275555211 -69.5895790279999,-22.276349904 -69.59381188,-22.276542261 -69.721908229,-22.282310824 -69.8410986119999,-22.266488443 -69.9871622429999,-22.199786295 -69.999857671,-22.1898263329999 -70.140254629,-22.1361055269999 -70.160548843,-22.123529321 -70.17118138,-22.1193288929999 -70.196732773,-22.102820951 -70.197836546,-22.1015211389999 -70.203979367,-22.101195966 -70.209092647,-22.100634294 -70.2110223879999,-22.0995902399999</coordinates></LineString>
  </Placemark>
  <Placemark id="lineas_sing.106">
	<name>EL COBRE - GABY 220KV</name>
	<Style><LineStyle><color>ff0000ff</color></LineStyle><PolyStyle><fill>0</fill></PolyStyle></Style>
	<ExtendedData><SchemaData schemaUrl="#lineas_sing">
		<SimpleData name="OBJECTID">106</SimpleData>
		<SimpleData name="gml_id">lt_sing_1c966bdb_e893_4b2d_b52e_5945a9a8a68b.78</SimpleData>
		<SimpleData name="layer">Unknown Line Type</SimpleData>
		<SimpleData name="elevation">0</SimpleData>
		<SimpleData name="nombre">EL COBRE - GABY 220KV</SimpleData>
		<SimpleData name="circuito">C1</SimpleData>
		<SimpleData name="tipo">ADICIONAL</SimpleData>
		<SimpleData name="f_operacio">2010</SimpleData>
		<SimpleData name="long_km">57.9022912983</SimpleData>
		<SimpleData name="tramo">ESTRUCTURA 7B,8,9,10,11,12,13,14,15,16,17,18,19,20,21,22,23,24,25,26,27,28,29,30,31,32,33,34,35,36,37,38,39,40,41,42,43,44,45,46,47,48,49,50,51,52,53,54,55,56,57,58,59,60,61,62,63,64,65,66,67,68,69,70,71,72,73,74,75,76,77,78,79,80,81,82,83,84,85,86,8</SimpleData>
		<SimpleData name="propiedad">E-CL</SimpleData>
		<SimpleData name="tension_kv">220</SimpleData>
		<SimpleData name="rca">S/I</SimpleData>
		<SimpleData name="sist_elect">SING</SimpleData>
		<SimpleData name="estado">EN OPERACION</SimpleData>
		<SimpleData name="region">REGION DE ANTOFAGASTA</SimpleData>
		<SimpleData name="provincia">ANTOFAGASTA</SimpleData>
		<SimpleData name="comuna">SIERRA GORDA</SimpleData>
		<SimpleData name="fuente_bas">CNE</SimpleData>
		<SimpleData name="fech_crea">02-12-2014</SimpleData>
		<SimpleData name="fech_act">20/12/2016</SimpleData>
		<SimpleData name="Shape_Leng">0.566131615486154</SimpleData>
	</SchemaData></ExtendedData>
      <LineString><coordinates>-69.384009753,-23.454892502 -69.380331043,-23.455813824 -69.376104475,-23.456908004 -69.3720245,-23.457929459 -69.368601138,-23.4591931429999 -69.3649828549999,-23.4608094869999 -69.361597237,-23.461603225 -69.357870998,-23.4631835239999 -69.354818715,-23.4641750719999 -69.351257942,-23.4654386889999 -69.346949251,-23.465294776 -69.34276858,-23.465430478 -69.338705123,-23.4654574209999 -69.334514234,-23.465430334 -69.330676226,-23.4655559449999 -69.327493868,-23.4655265279999 -69.3237434649999,-23.465444029 -69.319895651,-23.4655693949999 -69.316116069,-23.465568068 -69.312561735,-23.465584264 -69.308703817,-23.465582914 -69.304581566,-23.465600052 -69.300743371,-23.4656616959999 -69.2969832429999,-23.4656056709999 -69.29289048,-23.46567664 -69.288914975,-23.465638891 -69.2846264299999,-23.465737104 -69.280357174,-23.465699672 -69.2761762499999,-23.4657613279999 -69.272210016,-23.465470217 -69.268049097,-23.4657393759999 -69.26577743,-23.465743263 -69.2602942189999,-23.46581574 -69.255789943,-23.465768995 -69.251883235,-23.465865681 -69.2478196,-23.4658270259999 -69.243217489,-23.465825238 -69.239163794,-23.465867638 -69.235433157,-23.465873313 -69.23121295,-23.465888659 -69.2273747409999,-23.4659755979999 -69.223066371,-23.465972786 -69.219521785,-23.4659868479999 -69.215673404,-23.465847691 -69.211658961,-23.465952552 -69.2071548389999,-23.4660037629999 -69.2036004139999,-23.465990378 -69.1990765259999,-23.4659239539999 -69.195169772,-23.466028254 -69.1912531419999,-23.46607827 -69.1872384,-23.465992812 -69.183419746,-23.466087678 -69.179365913,-23.4660562609999 -69.1753905469999,-23.466124012 -69.171640258,-23.466092053 -69.167449398,-23.466105641 -69.1629256269999,-23.4661284979999 -69.158960028,-23.466186787 -69.1549747889999,-23.466199831 -69.151273386,-23.466104103 -69.148120337,-23.4660168 -69.1440371529999,-23.4660025589999 -69.139778013,-23.4662683879999 -69.1349017599999,-23.466326879 -69.1317096179999,-23.466311541 -69.127773275,-23.4662696509999 -69.1239152599999,-23.4662185669999 -69.120214023,-23.466284693 -69.116532341,-23.466323619 -69.112429571,-23.4663175979999 -69.1084540639999,-23.4662752479999 -69.104155495,-23.46631431 -69.100111509,-23.4663530889999 -69.095959771,-23.466337633 -69.091817882,-23.4664033569999 -69.090593863,-23.466340842 -69.085864462,-23.4664067479999 -69.0828583809999,-23.4664174069999 -69.0781387059999,-23.4663837109999 -69.074525538,-23.4664035449999 -69.0702758959999,-23.46641455 -69.0667803269999,-23.4666328759999 -69.062520939,-23.466761102 -69.0577914049999,-23.4665913009999 -69.053169606,-23.4664574519999 -69.04906677,-23.466287171 -69.045747147,-23.465710074 -69.043122736,-23.4650423859999 -69.03956806,-23.464094872 -69.035670758,-23.463255751 -69.0337907159999,-23.463030347 -69.030216545,-23.4619471309999 -69.026720827,-23.461170938 -69.02257887,-23.4601147409999 -69.0187111449999,-23.459130665 -69.01452037,-23.458164589 -69.0106233879999,-23.457180314 -69.0066187629999,-23.456214013 -69.002555451,-23.4552566419999 -68.998580316,-23.454254002 -68.994507332,-23.453251257 -68.992333797,-23.4526640249999 -68.987330804,-23.451516517 -68.983424425,-23.4505586609999 -68.979704123,-23.449600731 -68.976032806,-23.448760148 -68.972283222,-23.447874299 -68.968621817,-23.4469251479999 -68.964901724,-23.4459668649999 -68.961494912,-23.445216328 -68.958049004,-23.4443844099999 -68.954123414,-23.443579374 -68.95098107,-23.4427925539999 -68.947211926,-23.4427009949999 -68.9435015129999,-23.442645499 -68.939634429,-23.4426621169999 -68.935747782,-23.4426425 -68.931890502,-23.442631831 -68.927817851,-23.442602902 -68.923569028,-23.442492484 -68.9195551409999,-23.44243627 -68.915766388,-23.4424433039999 -68.912055961,-23.442441258 -68.90843367,-23.442403043 -68.90431198,-23.442517999 -68.9003177019999,-23.4424342029999 -68.896342939,-23.442440647 -68.89249552,-23.442356748 -68.8885698089999,-23.4422456 -68.8848200739999,-23.442423537 -68.880620182,-23.4423842489999 -68.876743339,-23.4423722029999 -68.872905692,-23.4423239609999 -68.8688722209999,-23.4423025589999 -68.864858332,-23.44228107 -68.860815056,-23.442277517 -68.856987191,-23.4422469579999 -68.8528949769999,-23.4422341219999 -68.848577615,-23.442202895 -68.844289605,-23.4421896429999 -68.8403540799999,-23.442140503 -68.836800556,-23.441938104 -68.832933811,-23.4416991579999 -68.829370521,-23.44149658 -68.82682536,-23.441322151 -68.8243487,-23.441174858 -68.822557375,-23.441001206</coordinates></LineString>
  </Placemark>
  <Placemark id="lineas_sing.107">
	<name>LINEA 220 KV CRUCERO - LABERINTO. CIRCUITO NÂº2</name>
	<Style><LineStyle><color>ff0000ff</color></LineStyle><PolyStyle><fill>0</fill></PolyStyle></Style>
	<ExtendedData><SchemaData schemaUrl="#lineas_sing">
		<SimpleData name="OBJECTID">107</SimpleData>
		<SimpleData name="gml_id">lt_sing_1c966bdb_e893_4b2d_b52e_5945a9a8a68b.147</SimpleData>
		<SimpleData name="layer">Unknown Line Type</SimpleData>
		<SimpleData name="elevation">0</SimpleData>
		<SimpleData name="nombre">LINEA 220 KV CRUCERO - LABERINTO. CIRCUITO NÂº2</SimpleData>
		<SimpleData name="circuito">C2</SimpleData>
		<SimpleData name="tipo">ADICIONAL</SimpleData>
		<SimpleData name="f_operacio">1994</SimpleData>
		<SimpleData name="long_km">133047.335744</SimpleData>
		<SimpleData name="tramo">CRUCERO LABERINTO</SimpleData>
		<SimpleData name="propiedad">MINERA ZALDIVAR</SimpleData>
		<SimpleData name="tension_kv">220</SimpleData>
		<SimpleData name="rca">S/I</SimpleData>
		<SimpleData name="sist_elect">SING</SimpleData>
		<SimpleData name="estado">EN OPERACION</SimpleData>
		<SimpleData name="region">REGION DE ANTOFAGASTA</SimpleData>
		<SimpleData name="provincia">TOCOPILLA</SimpleData>
		<SimpleData name="comuna">TOCOPILLA</SimpleData>
		<SimpleData name="fuente_bas">CNE</SimpleData>
		<SimpleData name="fech_crea">02-12-2014</SimpleData>
		<SimpleData name="fech_act">20/12/2016</SimpleData>
		<SimpleData name="Shape_Leng">1.20629409771285</SimpleData>
	</SchemaData></ExtendedData>
      <LineString><coordinates>-69.565300306,-22.276889006 -69.556312689,-22.2762078969999 -69.54909659,-22.3091612549999 -69.515867151,-22.4077612519999 -69.518003528,-22.4731851179999 -69.4286160949999,-22.956916849 -69.427695827,-23.1021267949999 -69.414960085,-23.184748187 -69.4235383339999,-23.211936118 -69.4008693869999,-23.3243647049999 -69.388294091,-23.4243049959999 -69.408734576,-23.445407426</coordinates></LineString>
  </Placemark>
  <Placemark id="lineas_sing.108">
	<name>LIXIVIACION - SULFUROS. CIRCUITO NA1 69KV</name>
	<Style><LineStyle><color>ff0000ff</color></LineStyle><PolyStyle><fill>0</fill></PolyStyle></Style>
	<ExtendedData><SchemaData schemaUrl="#lineas_sing">
		<SimpleData name="OBJECTID">108</SimpleData>
		<SimpleData name="gml_id">lt_sing_1c966bdb_e893_4b2d_b52e_5945a9a8a68b.81</SimpleData>
		<SimpleData name="layer">Unknown Line Type</SimpleData>
		<SimpleData name="elevation">0</SimpleData>
		<SimpleData name="nombre">LIXIVIACION - SULFUROS. CIRCUITO NA1 69KV</SimpleData>
		<SimpleData name="circuito">C1</SimpleData>
		<SimpleData name="tipo">ADICIONAL</SimpleData>
		<SimpleData name="f_operacio">2004</SimpleData>
		<SimpleData name="long_km">14.0681654335</SimpleData>
		<SimpleData name="tramo">SULFUROS - LIXIVIACION CTO 1</SimpleData>
		<SimpleData name="propiedad">MINERA ESCONDIDA</SimpleData>
		<SimpleData name="tension_kv">69</SimpleData>
		<SimpleData name="rca">S/I</SimpleData>
		<SimpleData name="sist_elect">SING</SimpleData>
		<SimpleData name="estado">EN OPERACION</SimpleData>
		<SimpleData name="region">REGION DE ANTOFAGASTA</SimpleData>
		<SimpleData name="provincia">ANTOFAGASTA</SimpleData>
		<SimpleData name="comuna">ANTOFAGASTA</SimpleData>
		<SimpleData name="fuente_bas">CNE</SimpleData>
		<SimpleData name="fech_crea">02-12-2014</SimpleData>
		<SimpleData name="fech_act">20/12/2016</SimpleData>
		<SimpleData name="Shape_Leng">0.134274690916756</SimpleData>
	</SchemaData></ExtendedData>
      <LineString><coordinates>-69.095945001,-24.2511829009999 -69.096123999,-24.2504619009999 -69.0964719999999,-24.2491039 -69.095514,-24.2467889 -69.0955099989999,-24.2447919009999 -69.095541999,-24.243356902 -69.095408998,-24.243357901 -69.095539999,-24.242769901 -69.095386999,-24.242774901 -69.0954499979999,-24.241359901 -69.095068999,-24.238635901 -69.094964999,-24.235590901 -69.0948549989999,-24.232970902 -69.093081,-24.2319568999999 -69.090627,-24.230590901 -69.087098998,-24.230590901 -69.0836389999999,-24.2306049009999 -69.0827209989999,-24.2303049019999 -69.0825449989999,-24.2304249009999 -69.0822879999999,-24.2302029009999 -69.082099,-24.2303089 -69.082013,-24.2302219009999 -69.079674,-24.2302399009999 -69.077366,-24.2302639009999 -69.075768,-24.2320429019999 -69.074157,-24.233839901 -69.070913,-24.2348749 -69.067618,-24.235928901 -69.064480999,-24.2369549009999 -69.061272999,-24.236690901 -69.05779,-24.236451901 -69.055125999,-24.2362539 -69.052513999,-24.2360709009999 -69.049589,-24.2358469 -69.045361999,-24.2355359009999 -69.0426679999999,-24.2353429 -69.0404112749999,-24.23528751 -69.038855,-24.235068902 -69.035839,-24.235121901 -69.03254,-24.2351859 -69.029508,-24.235252902 -69.0264109999999,-24.2353118999999 -69.023720999,-24.235369901 -69.021129999,-24.2365239009999 -69.019939999,-24.2391729 -69.019010999,-24.2412439 -69.017466999,-24.242440901 -69.015544999,-24.2439279 -69.0129479989999,-24.2459259 -69.010738999,-24.247632901 -69.008701999,-24.249210901 -69.0076119989999,-24.2517298999999 -69.0063969989999,-24.2545349 -69.006701,-24.2561759009999 -69.006998999,-24.2578119 -69.008583,-24.2587659009999 -69.010174999,-24.2597168999999 -69.0113909999999,-24.2604399009999 -69.011714,-24.2610149 -69.012459999,-24.2623498999999 -69.01379,-24.2646119 -69.014364999,-24.2656779</coordinates></LineString>
  </Placemark>
  <Placemark id="lineas_sing.109">
	<name>NEURARA - MONTURAQUI 69KV</name>
	<Style><LineStyle><color>ff0000ff</color></LineStyle><PolyStyle><fill>0</fill></PolyStyle></Style>
	<ExtendedData><SchemaData schemaUrl="#lineas_sing">
		<SimpleData name="OBJECTID">109</SimpleData>
		<SimpleData name="gml_id">lt_sing_1c966bdb_e893_4b2d_b52e_5945a9a8a68b.82</SimpleData>
		<SimpleData name="layer">Unknown Line Type</SimpleData>
		<SimpleData name="elevation">0</SimpleData>
		<SimpleData name="nombre">NEURARA - MONTURAQUI 69KV</SimpleData>
		<SimpleData name="circuito">C1</SimpleData>
		<SimpleData name="tipo">ADICIONAL</SimpleData>
		<SimpleData name="f_operacio">2008</SimpleData>
		<SimpleData name="long_km">15.4623014826</SimpleData>
		<SimpleData name="tramo">NEURARA - MONTURAQUI</SimpleData>
		<SimpleData name="propiedad">MINERA ESCONDIDA</SimpleData>
		<SimpleData name="tension_kv">69</SimpleData>
		<SimpleData name="rca">S/I</SimpleData>
		<SimpleData name="sist_elect">SING</SimpleData>
		<SimpleData name="estado">EN OPERACION</SimpleData>
		<SimpleData name="region">REGION DE ANTOFAGASTA</SimpleData>
		<SimpleData name="provincia">ANTOFAGASTA</SimpleData>
		<SimpleData name="comuna">ANTOFAGASTA</SimpleData>
		<SimpleData name="fuente_bas">CNE</SimpleData>
		<SimpleData name="fech_crea">02-12-2014</SimpleData>
		<SimpleData name="fech_act">20/12/2016</SimpleData>
		<SimpleData name="Shape_Leng">0.148429297976668</SimpleData>
	</SchemaData></ExtendedData>
      <LineString><coordinates>-68.347950001,-24.2204059009999 -68.348687001,-24.2200229009999 -68.349746001,-24.219645901 -68.350891001,-24.219335901 -68.351878001,-24.218948901 -68.352969001,-24.217963901 -68.354230001,-24.217133901 -68.3555679999999,-24.216571901 -68.3563819999999,-24.216203901 -68.357748,-24.215392901 -68.359369,-24.214513901 -68.360146001,-24.2140809009999 -68.3613089999999,-24.213544901 -68.362884,-24.212583901 -68.36357,-24.212200901 -68.365083,-24.211389901 -68.366094,-24.210084901 -68.366585001,-24.2094599009999 -68.3672579999999,-24.208576901 -68.367172001,-24.207082901 -68.367087,-24.2057969009999 -68.368070001,-24.204717901 -68.3686920009999,-24.2039889009999 -68.3697559999999,-24.202837901 -68.3706710009999,-24.2017849009999 -68.371133001,-24.201342901 -68.372128,-24.200179901 -68.372605,-24.1998019009999 -68.373539001,-24.1987719009999 -68.3740359999999,-24.198218901 -68.374649001,-24.1974179009999 -68.375715,-24.197112901 -68.3776109999999,-24.1964059009999 -68.378301,-24.1962049009999 -68.3799539999999,-24.195629901 -68.381329001,-24.1951689009999 -68.383086001,-24.194596901 -68.3842799999999,-24.1942009009999 -68.385007,-24.1939469009999 -68.3865059999999,-24.193416901 -68.387143,-24.193171901 -68.38747,-24.191960901 -68.387841001,-24.1907729009999 -68.3884360009999,-24.190139901 -68.389456001,-24.1896519009999 -68.390746001,-24.188627901 -68.3912779999999,-24.187925901 -68.393148001,-24.188056901 -68.394032,-24.1880699009999 -68.395043001,-24.1880939009999 -68.396285,-24.1879659009999 -68.397862,-24.187929901 -68.398671001,-24.1870849009999 -68.3993790009999,-24.186397901 -68.400332001,-24.184984901 -68.4014760009999,-24.184054901 -68.401981,-24.1835239009999 -68.402581001,-24.182857901 -68.403676,-24.181463901 -68.404614001,-24.180742901 -68.405522,-24.1794649019999 -68.406575,-24.1783059009999 -68.407421001,-24.1772829019999 -68.4080250009999,-24.1764319009999 -68.409212,-24.175347901 -68.410020001,-24.1748389009999 -68.411080001,-24.1745609009999 -68.412571,-24.1736229009999 -68.4141049999999,-24.173312901 -68.415240001,-24.1730609009999 -68.4161770009999,-24.1728129009999 -68.4179109999999,-24.172346901 -68.418616001,-24.172236901 -68.420377,-24.1718859009999 -68.421737,-24.1713879009999 -68.422765,-24.171486901 -68.424005001,-24.171440902 -68.425418,-24.171471901 -68.426301,-24.1709889009999 -68.4278130009999,-24.170702902 -68.428604,-24.169875901 -68.429869001,-24.168841901 -68.43098,-24.1678779009999 -68.431760001,-24.1672039009999 -68.4330209999999,-24.1658329009999 -68.4337159999999,-24.165329901 -68.4348409999999,-24.1639829009999 -68.435534001,-24.163167901 -68.436724001,-24.1625819019999 -68.4377959999999,-24.1621149009999 -68.4392510009999,-24.161447902 -68.4405369999999,-24.1614649009999 -68.441476001,-24.161333901 -68.442415001,-24.161151901 -68.443361,-24.160998901 -68.445391,-24.160703901 -68.447126,-24.1609649009999 -68.4485809999999,-24.1612389009999 -68.4498829999999,-24.161359902 -68.451308,-24.161565901 -68.452891001,-24.161766901 -68.454401001,-24.1620039009999 -68.4559169999999,-24.162231902 -68.4574069999999,-24.162486901 -68.458894001,-24.162728901 -68.460413,-24.1629729009999 -68.461893001,-24.163205901 -68.4632599999999,-24.1634229009999 -68.464792,-24.162727901 -68.46583,-24.1621289019999 -68.466605,-24.1617539009999 -68.46894,-24.1604729009999 -68.4694900009999,-24.1602039009999 -68.4705719999999,-24.1615729019999</coordinates></LineString>
  </Placemark>
  <Placemark id="lineas_sing.110">
	<name>PARINACOTA - PUKARA 66KV</name>
	<Style><LineStyle><color>ff0000ff</color></LineStyle><PolyStyle><fill>0</fill></PolyStyle></Style>
	<ExtendedData><SchemaData schemaUrl="#lineas_sing">
		<SimpleData name="OBJECTID">110</SimpleData>
		<SimpleData name="gml_id">lt_sing_1c966bdb_e893_4b2d_b52e_5945a9a8a68b.83</SimpleData>
		<SimpleData name="layer">Unknown Line Type</SimpleData>
		<SimpleData name="elevation">0</SimpleData>
		<SimpleData name="nombre">PARINACOTA - PUKARA 66KV</SimpleData>
		<SimpleData name="circuito">C1</SimpleData>
		<SimpleData name="tipo">SUBTRANSMISION</SimpleData>
		<SimpleData name="f_operacio">2003</SimpleData>
		<SimpleData name="long_km">2.38351987969</SimpleData>
		<SimpleData name="tramo">ESTRUCTURA 1,2,3,4,5 / C N 1-C N 2 / C NV2-C NR3 / C NE3-C NT4 / C N-4-C N,5 / C N15-C N36 / C N36 A S/E PUKARA</SimpleData>
		<SimpleData name="propiedad">EMEL</SimpleData>
		<SimpleData name="tension_kv">66</SimpleData>
		<SimpleData name="rca">S/I</SimpleData>
		<SimpleData name="sist_elect">SING</SimpleData>
		<SimpleData name="estado">EN OPERACION</SimpleData>
		<SimpleData name="region">REGION DE ARICA Y PARINACOTA</SimpleData>
		<SimpleData name="provincia">ARICA</SimpleData>
		<SimpleData name="comuna">ARICA</SimpleData>
		<SimpleData name="fuente_bas">CNE</SimpleData>
		<SimpleData name="fech_crea">02-12-2014</SimpleData>
		<SimpleData name="fech_act">20/12/2016</SimpleData>
		<SimpleData name="Shape_Leng">0.022294660906544</SimpleData>
	</SchemaData></ExtendedData>
      <LineString><coordinates>-70.272175147,-18.4782025559999 -70.273911375,-18.47863367 -70.276414326,-18.4790144209999 -70.278140029,-18.479300985 -70.2794671349999,-18.479472753 -70.279609114,-18.479462757 -70.2798826499999,-18.480590456 -70.2834958139999,-18.4799876779999 -70.284016988,-18.480029327 -70.290195651,-18.4856350539999 -70.28972492,-18.4860087499999 -70.290002257,-18.4863683149999</coordinates></LineString>
  </Placemark>
  <Placemark id="lineas_sing.111">
	<name>TAP OFF PALESTINA - EL PENON 66KV</name>
	<Style><LineStyle><color>ff0000ff</color></LineStyle><PolyStyle><fill>0</fill></PolyStyle></Style>
	<ExtendedData><SchemaData schemaUrl="#lineas_sing">
		<SimpleData name="OBJECTID">111</SimpleData>
		<SimpleData name="gml_id">lt_sing_1c966bdb_e893_4b2d_b52e_5945a9a8a68b.84</SimpleData>
		<SimpleData name="layer">Unknown Line Type</SimpleData>
		<SimpleData name="elevation">0</SimpleData>
		<SimpleData name="nombre">TAP OFF PALESTINA - EL PENON 66KV</SimpleData>
		<SimpleData name="circuito">C1</SimpleData>
		<SimpleData name="tipo">SUBTRANSMISION</SimpleData>
		<SimpleData name="f_operacio">1999</SimpleData>
		<SimpleData name="long_km">65.7999641843</SimpleData>
		<SimpleData name="tramo">TAP OFF PALESTINA - EL PENON</SimpleData>
		<SimpleData name="propiedad">MINERA MERIDIAN</SimpleData>
		<SimpleData name="tension_kv">66</SimpleData>
		<SimpleData name="rca">S/I</SimpleData>
		<SimpleData name="sist_elect">SING</SimpleData>
		<SimpleData name="estado">EN OPERACION</SimpleData>
		<SimpleData name="region">REGION DE ANTOFAGASTA</SimpleData>
		<SimpleData name="provincia">ANTOFAGASTA</SimpleData>
		<SimpleData name="comuna">ANTOFAGASTA</SimpleData>
		<SimpleData name="fuente_bas">CNE</SimpleData>
		<SimpleData name="fech_crea">02-12-2014</SimpleData>
		<SimpleData name="fech_act">20/12/2016</SimpleData>
		<SimpleData name="Shape_Leng">0.608489753992578</SimpleData>
	</SchemaData></ExtendedData>
      <LineString><coordinates>-69.784168736,-23.908918532 -69.769074712,-23.9358045889999 -69.7683616479999,-23.936388076 -69.689038764,-24.009495871 -69.676889552,-24.1349580689999 -69.632828995,-24.233889416 -69.5723325709999,-24.261823014 -69.5460996689999,-24.2982212869999 -69.504336049,-24.39643023 -69.5052055159999,-24.400437081 -69.500768814,-24.4091754849999 -69.4990018619999,-24.4101176899999 -69.4986586649999,-24.410300621</coordinates></LineString>
  </Placemark>
  <Placemark id="lineas_sing.112">
	<name>ATACAMA - ESMERALDA 220KV</name>
	<Style><LineStyle><color>ff0000ff</color></LineStyle><PolyStyle><fill>0</fill></PolyStyle></Style>
	<ExtendedData><SchemaData schemaUrl="#lineas_sing">
		<SimpleData name="OBJECTID">112</SimpleData>
		<SimpleData name="gml_id">lt_sing_1c966bdb_e893_4b2d_b52e_5945a9a8a68b.85</SimpleData>
		<SimpleData name="layer">Unknown Line Type</SimpleData>
		<SimpleData name="elevation">0</SimpleData>
		<SimpleData name="nombre">ATACAMA - ESMERALDA 220KV</SimpleData>
		<SimpleData name="circuito">C1</SimpleData>
		<SimpleData name="tipo">SUBTRANSMISION</SimpleData>
		<SimpleData name="f_operacio">2001</SimpleData>
		<SimpleData name="long_km">69.759642103</SimpleData>
		<SimpleData name="tramo">ATACAMA- ESMERALDA</SimpleData>
		<SimpleData name="propiedad">TRANSELEC NORTE</SimpleData>
		<SimpleData name="tension_kv">220</SimpleData>
		<SimpleData name="rca">S/I</SimpleData>
		<SimpleData name="sist_elect">SING</SimpleData>
		<SimpleData name="estado">EN OPERACION</SimpleData>
		<SimpleData name="region">REGION DE ANTOFAGASTA</SimpleData>
		<SimpleData name="provincia">ANTOFAGASTA</SimpleData>
		<SimpleData name="comuna">ANTOFAGASTA-MEJILLONES</SimpleData>
		<SimpleData name="fuente_bas">CNE</SimpleData>
		<SimpleData name="fech_crea">02-12-2014</SimpleData>
		<SimpleData name="fech_act">20/12/2016</SimpleData>
		<SimpleData name="Shape_Leng">0.636096855185306</SimpleData>
	</SchemaData></ExtendedData>
      <LineString><coordinates>-70.417360667,-23.0938314919999 -70.418486628,-23.0932687489999 -70.420382821,-23.094098039 -70.422283915,-23.0949261869999 -70.42122791,-23.09704167 -70.423613439,-23.100045531 -70.424334222,-23.103642012 -70.4250871789999,-23.107392513 -70.425929062,-23.1115969059999 -70.426754741,-23.1157129869999 -70.427598022,-23.119950807 -70.4284272639999,-23.124102372 -70.42929549,-23.1284299769999 -70.430025746,-23.1320913329999 -70.43066136,-23.135253463 -70.431283589,-23.138346762 -70.431946269,-23.1416142859999 -70.431038901,-23.1443440039999 -70.429710745,-23.148343461 -70.4283817689999,-23.1523735069999 -70.4270103269999,-23.156497192 -70.42567303,-23.160519512 -70.424318522,-23.1646044519999 -70.4229562799999,-23.1687078319999 -70.421561916,-23.17290416 -70.4202281089999,-23.176921821 -70.4188661649999,-23.1810173489999 -70.4175415669999,-23.185011893 -70.41620753,-23.189009261 -70.4149462569999,-23.1928206809999 -70.413636384,-23.196764975 -70.412383538,-23.2005452249999 -70.411145028,-23.2042752679999 -70.409986707,-23.207771172 -70.408740107,-23.21149249 -70.407402374,-23.215417332 -70.4060503169999,-23.2193567909999 -70.404691149,-23.223316611 -70.403297261,-23.227381286 -70.401881005,-23.231511316 -70.400488592,-23.2355683449999 -70.3990686889999,-23.2397023409999 -70.397649459,-23.243862908 -70.396298163,-23.247816811 -70.3951008189999,-23.2513157449999 -70.393884914,-23.2548965949999 -70.392644858,-23.258530548 -70.3943487189999,-23.2620110309999 -70.396245,-23.265895353 -70.398104549,-23.2697104609999 -70.4000093079999,-23.2736265779999 -70.401853913,-23.2774146799999 -70.4037160789999,-23.281249182 -70.405804255,-23.285544585 -70.4077138119999,-23.2894705369999 -70.409431366,-23.2929981509999 -70.410524285,-23.2952380569999 -70.411726626,-23.2977145999999 -70.4131991259999,-23.3007386859999 -70.4150068019999,-23.3044609569999 -70.416511772,-23.307543519 -70.417226205,-23.3080461 -70.417940162,-23.311655624 -70.41876988,-23.315873972 -70.4196003119999,-23.320064599 -70.420420037,-23.324210572 -70.4212528469999,-23.328411957 -70.422080186,-23.332620748 -70.422902052,-23.336766887 -70.4237352919999,-23.340972715 -70.4245517799999,-23.345117451 -70.42538826,-23.349337712 -70.4261983869999,-23.353400087 -70.4269454189999,-23.35718922 -70.427647169,-23.3607444199999 -70.428419017,-23.364641005 -70.4291802069999,-23.368494067 -70.429891665,-23.3720901459999 -70.43054688,-23.3753806129999 -70.4310760659999,-23.3780826899999 -70.430547356,-23.378829309 -70.431020234,-23.382562207 -70.4315362199999,-23.386688748 -70.432051453,-23.390784475 -70.432597717,-23.3951296079999 -70.4331145959999,-23.399242804 -70.433687967,-23.4038101799999 -70.434088351,-23.407008952 -70.434106672,-23.408452429 -70.4341754389999,-23.413032653 -70.434909265,-23.413760673 -70.434070751,-23.416467492 -70.433201058,-23.419269099 -70.432299628,-23.4221570019999 -70.4313639059999,-23.425189737 -70.430527763,-23.4278795399999 -70.4295759189999,-23.430933518 -70.4287470579999,-23.433616908 -70.4279265599999,-23.43624769 -70.4285859089999,-23.4369815749999 -70.4278212689999,-23.439568715 -70.4271742939999,-23.4417289799999 -70.426224205,-23.444958028 -70.425417091,-23.447689839 -70.4245998659999,-23.450445255 -70.423869371,-23.452916349 -70.423160458,-23.455306708 -70.422414735,-23.457829056 -70.421680414,-23.4603114679999 -70.420932995,-23.462832626 -70.420242892,-23.4651602509999 -70.4197298559999,-23.4668963849999 -70.4187883669999,-23.4670584259999 -70.4169940749999,-23.469749715 -70.415320422,-23.472277595 -70.413811685,-23.4745375909999 -70.412062186,-23.477156416 -70.410479908,-23.479533783 -70.408933377,-23.481871128 -70.4075553919999,-23.4839341209999 -70.406103544,-23.4861100379999 -70.4048037429999,-23.488065698 -70.403450623,-23.4911639539999 -70.401789046,-23.494985131 -70.400040855,-23.49900523 -70.398386753,-23.5027940059999 -70.396550761,-23.5070132659999 -70.394678364,-23.511306528 -70.39284954,-23.515506961 -70.3914228149999,-23.518777723 -70.390024355,-23.521983125 -70.3892762519999,-23.5236970509999 -70.388531243,-23.525408537 -70.3876396589999,-23.52745297 -70.385554557,-23.5269594439999 -70.383478501,-23.526471925 -70.3813977419999,-23.525979972 -70.3769574299999,-23.527880447 -70.374347062,-23.5289946099999 -70.373668588,-23.531517761 -70.372430878,-23.5361152789999 -70.3730826359999,-23.5337116659999 -70.371515975,-23.539529993 -70.370680071,-23.542610563 -70.3697647509999,-23.546053667 -70.368233112,-23.551756699 -70.3689459189999,-23.555850038 -70.369603602,-23.559650038 -70.3703105399999,-23.563739379 -70.3708295499999,-23.5667347739999 -70.3716637599999,-23.571547709 -70.372231514,-23.574814885 -70.372871876,-23.578448909 -70.372448332,-23.5828142359999 -70.372081657,-23.586762381 -70.3716787669999,-23.590940286 -70.37118115,-23.5962277099999 -70.3710457989999,-23.597656378 -70.370760105,-23.5988350439999 -70.3706376809999,-23.603555924 -70.3705193329999,-23.608414754 -70.3703905249999,-23.613732921 -70.370351165,-23.615345759 -70.369827604,-23.6210788819999 -70.369686502,-23.622612564 -70.369141427,-23.628611661 -70.372097749,-23.632986815 -70.373994457,-23.6358061989999 -70.376378201,-23.6393347019999 -70.3767131179999,-23.6420018159999 -70.3771562919999,-23.6453777259999 -70.37739293,-23.647370048 -70.377787595,-23.650531706 -70.378325216,-23.654848048 -70.378588424,-23.656971816 -70.378921787,-23.659574827 -70.3790338589999,-23.6604863389999 -70.38050048,-23.662883408 -70.3814349089999,-23.6643860529999 -70.3835091449999,-23.6677744249999 -70.385893317,-23.6716429049999 -70.3882959379999,-23.67389215</coordinates></LineString>
  </Placemark>
  <Placemark id="lineas_sing.113">
	<name>CHACAYA - MANTOS BLANCOS 220KV</name>
	<Style><LineStyle><color>ff0000ff</color></LineStyle><PolyStyle><fill>0</fill></PolyStyle></Style>
	<ExtendedData><SchemaData schemaUrl="#lineas_sing">
		<SimpleData name="OBJECTID">113</SimpleData>
		<SimpleData name="gml_id">lt_sing_1c966bdb_e893_4b2d_b52e_5945a9a8a68b.86</SimpleData>
		<SimpleData name="layer">Unknown Line Type</SimpleData>
		<SimpleData name="elevation">0</SimpleData>
		<SimpleData name="nombre">CHACAYA - MANTOS BLANCOS 220KV</SimpleData>
		<SimpleData name="circuito">C1</SimpleData>
		<SimpleData name="tipo">ADICIONAL</SimpleData>
		<SimpleData name="f_operacio">1996</SimpleData>
		<SimpleData name="long_km">65.4431327501</SimpleData>
		<SimpleData name="tramo">ESTRUCTURA 1,2,3,4,5,6,7,8,9,10,11,12,13,14,15,16,17,18,19,20,21,22,23,24,25,26,27,28,29,30,31,32,33,34,35,36,37,38,39,40,41,42,43,44,45,46,47,48,49,50,51,52,53,54,55,56,57,58,59,60,70,71,72,73,74,75,76,77,78,79,80,81,82,83,84,85.86,87,88,89.90,91,92</SimpleData>
		<SimpleData name="propiedad">E-CL</SimpleData>
		<SimpleData name="tension_kv">220</SimpleData>
		<SimpleData name="rca">S/I</SimpleData>
		<SimpleData name="sist_elect">SING</SimpleData>
		<SimpleData name="estado">EN OPERACION</SimpleData>
		<SimpleData name="region">REGION DE ANTOFAGASTA</SimpleData>
		<SimpleData name="provincia">ANTOFAGASTA</SimpleData>
		<SimpleData name="comuna">ANTOFAGASTA-MEJILLONES</SimpleData>
		<SimpleData name="fuente_bas">CNE</SimpleData>
		<SimpleData name="fech_crea">02-12-2014</SimpleData>
		<SimpleData name="fech_act">20/12/2016</SimpleData>
		<SimpleData name="Shape_Leng">0.613292885535389</SimpleData>
	</SchemaData></ExtendedData>
      <LineString><coordinates>-70.410316678,-23.0924106859999 -70.4126027299999,-23.0935011129999 -70.415830764,-23.095043662 -70.4174461809999,-23.096410971 -70.4197318929999,-23.09838637 -70.4223714839999,-23.100584329 -70.423053653,-23.1041726719999 -70.4237947249999,-23.1077875729999 -70.4246716649999,-23.111319957 -70.425185895,-23.1147111089999 -70.425896377,-23.118190796 -70.426516641,-23.121445509 -70.4271673769999,-23.124808317 -70.42774703,-23.1279098549999 -70.428365388,-23.1309749119999 -70.428976311,-23.1342567839999 -70.4295943509999,-23.13728571 -70.429756915,-23.1397226949999 -70.430510566,-23.1426420069999 -70.429767767,-23.1453491139999 -70.4292002409999,-23.148009471 -70.4278943319999,-23.1510377719999 -70.4267000959999,-23.1544714619999 -70.4256979739999,-23.157605372 -70.424494822,-23.161129441 -70.4232915159999,-23.164644472 -70.4220499429999,-23.168241123 -70.420915081,-23.171773582 -70.419807846,-23.175152253 -70.4186518179999,-23.1785403879999 -70.4174961159999,-23.181964638 -70.416397257,-23.185225805 -70.415409869,-23.1879440829999 -70.414492439,-23.19081526 -70.413710978,-23.1936129599999 -70.412811214,-23.1963123739999 -70.4116650029999,-23.1997365 -70.410456804,-23.2028450789999 -70.409291894,-23.206359671 -70.407854974,-23.2100302229999 -70.406797323,-23.213534807 -70.405778986,-23.2170661279999 -70.404488906,-23.220780496 -70.4033907849999,-23.2241680139999 -70.402130744,-23.227963379 -70.401012688,-23.2313239659999 -70.399952646,-23.234629841 -70.3989564409999,-23.237501639 -70.397911242,-23.240364836 -70.3968131949999,-23.243788438 -70.3952724059999,-23.247875251 -70.3943567379999,-23.250990153 -70.393754529,-23.254174518 -70.392226055,-23.257583849 -70.3910870569999,-23.260854245 -70.390103643,-23.264051007 -70.38916475,-23.2668319279999 -70.388393258,-23.2706770579999 -70.387688092,-23.274322909 -70.386975551,-23.278203635 -70.3862983349999,-23.281722794 -70.385565146,-23.285504352 -70.3849280919999,-23.2891315259999 -70.384152773,-23.293572733 -70.38368768,-23.2958707839999 -70.383029307,-23.2993355739999 -70.3795532789999,-23.302644555 -70.376678526,-23.3054875879999 -70.373763706,-23.308249643 -70.370559325,-23.311393493 -70.366714811,-23.3150666829999 -70.3640261319999,-23.31798916 -70.35966575,-23.3219376169999 -70.35684709,-23.324608231 -70.35387451,-23.327542036 -70.351608364,-23.329747187 -70.349632325,-23.3316337119999 -70.3486300609999,-23.333105422 -70.3464972419999,-23.33594155 -70.3444425719999,-23.338776982 -70.342146041,-23.3418854019999 -70.3397994159999,-23.3448858429999 -70.33934084,-23.3459735289999 -70.335909531,-23.3490915679999 -70.3329924719999,-23.3518077799999 -70.331082873,-23.3535490199999 -70.328748166,-23.3558266979999 -70.326064039,-23.358387278 -70.3230536,-23.361591801 -70.3204648289999,-23.3639257 -70.3184392969999,-23.365848402 -70.316237453,-23.3677544999999 -70.313950177,-23.369932228 -70.312179777,-23.3719520559999 -70.3107181889999,-23.373544803 -70.307394529,-23.376805857 -70.305440897,-23.3791161509999 -70.302894231,-23.381819714 -70.3005319339999,-23.3843772029999 -70.297975637,-23.3871168969999 -70.295602667,-23.3896021529999 -70.293578581,-23.3917503279999 -70.291653496,-23.394024099 -70.289793075,-23.3959089639999 -70.28693573,-23.3989309479999 -70.2839302679999,-23.40182766 -70.2822679339999,-23.4039817569999 -70.27963374,-23.4068392189999 -70.276988608,-23.4095883529999 -70.275031467,-23.41163641 -70.2734624029999,-23.4133380869999 -70.273197532,-23.4163386819999 -70.272604488,-23.420841168 -70.272170177,-23.424547592 -70.271615644,-23.427965988 -70.271580963,-23.429456455 -70.269650882,-23.432326093 -70.267362299,-23.43558697 -70.265209598,-23.4387383389999 -70.263075858,-23.441835338 -70.2609120559999,-23.4448693329999 -70.257051873,-23.4465712919999 -70.2536413289999,-23.448215357 -70.248726108,-23.4501694379999 -70.247206004,-23.450913144 -70.245188028,-23.451805314 -70.2381688139999,-23.4549138149999 -70.232523675,-23.455274618 -70.2280921349999,-23.4556076069999 -70.2236990549999,-23.4558679159999 -70.2199022419999,-23.456033126 -70.2157555799999,-23.4564809469999 -70.211764188,-23.4567829489999 -70.2083303319999,-23.4570353729999 -70.2049843139999,-23.4572599489999 -70.20032974,-23.4578467589999 -70.1977062779999,-23.457866924 -70.194095824,-23.4580842669999 -70.188890782,-23.4584310979999 -70.184272812,-23.458746205 -70.180007065,-23.4590404489999 -70.175448096,-23.4593909769999 -70.17277699,-23.45956462 -70.171132872,-23.459631163 -70.167758035,-23.459936445 -70.163873817,-23.4602093299999 -70.1602047869999,-23.460462455 -70.157873771,-23.462593182 -70.1537573209999,-23.463192681 -70.149612319,-23.463891632 -70.146122089,-23.46445922 -70.140812024,-23.4640285049999 -70.140009036,-23.464007281 -70.1337580329999,-23.4634477239999 -70.127801758,-23.4630031949999 -70.126097666,-23.4629342229999 -70.1212776369999,-23.4625534899999 -70.118710311,-23.4622829099999 -70.1138709639999,-23.46192918 -70.112784618,-23.461973061 -70.109433162,-23.461590507 -70.1049756479999,-23.461233783 -70.101331812,-23.461006665 -70.098726056,-23.460817311 -70.096070762,-23.460556007 -70.092563336,-23.460246438 -70.0892021829999,-23.4586713159999 -70.084702589,-23.456742767 -70.080359749,-23.454812998 -70.0771563009999,-23.4533358649999 -70.073755317,-23.4516342279999 -70.0746987809999,-23.449667824 -70.076043248,-23.4464522559999</coordinates></LineString>
  </Placemark>
  <Placemark id="lineas_sing.114">
	<name>CHUQUICAMATA - CHAMY 100KV</name>
	<Style><LineStyle><color>ff0000ff</color></LineStyle><PolyStyle><fill>0</fill></PolyStyle></Style>
	<ExtendedData><SchemaData schemaUrl="#lineas_sing">
		<SimpleData name="OBJECTID">114</SimpleData>
		<SimpleData name="gml_id">lt_sing_1c966bdb_e893_4b2d_b52e_5945a9a8a68b.87</SimpleData>
		<SimpleData name="layer">Unknown Line Type</SimpleData>
		<SimpleData name="elevation">0</SimpleData>
		<SimpleData name="nombre">CHUQUICAMATA - CHAMY 100KV</SimpleData>
		<SimpleData name="circuito">C1</SimpleData>
		<SimpleData name="tipo">ADICIONAL</SimpleData>
		<SimpleData name="f_operacio">1991</SimpleData>
		<SimpleData name="long_km">8.27748163649</SimpleData>
		<SimpleData name="tramo">PATIO MUFA / S-E CHAMY</SimpleData>
		<SimpleData name="propiedad">CODELCO NORTE</SimpleData>
		<SimpleData name="tension_kv">100</SimpleData>
		<SimpleData name="rca">S/I</SimpleData>
		<SimpleData name="sist_elect">SING</SimpleData>
		<SimpleData name="estado">EN OPERACION</SimpleData>
		<SimpleData name="region">REGION DE ANTOFAGASTA</SimpleData>
		<SimpleData name="provincia">EL LOA</SimpleData>
		<SimpleData name="comuna">CALAMA</SimpleData>
		<SimpleData name="fuente_bas">CNE</SimpleData>
		<SimpleData name="fech_crea">02-12-2014</SimpleData>
		<SimpleData name="fech_act">20/12/2016</SimpleData>
		<SimpleData name="Shape_Leng">0.076347492072916</SimpleData>
	</SchemaData></ExtendedData>
      <LineString><coordinates>-68.9182519559999,-22.30402348 -68.918397635,-22.303942245 -68.919281814,-22.302759204 -68.9211387619999,-22.29815266 -68.918256565,-22.2794051829999 -68.91457428,-22.268851275 -68.917211913,-22.2565931349999 -68.9095781299999,-22.2496507399999 -68.902046417,-22.250522702 -68.8946475509999,-22.255315276 -68.8945599589999,-22.255640453</coordinates></LineString>
  </Placemark>
  <Placemark id="lineas_sing.115">
	<name>EL COBRE - ESPERANZA 110KV</name>
	<Style><LineStyle><color>ff0000ff</color></LineStyle><PolyStyle><fill>0</fill></PolyStyle></Style>
	<ExtendedData><SchemaData schemaUrl="#lineas_sing">
		<SimpleData name="OBJECTID">115</SimpleData>
		<SimpleData name="gml_id">lt_sing_1c966bdb_e893_4b2d_b52e_5945a9a8a68b.88</SimpleData>
		<SimpleData name="layer">Unknown Line Type</SimpleData>
		<SimpleData name="elevation">0</SimpleData>
		<SimpleData name="nombre">EL COBRE - ESPERANZA 110KV</SimpleData>
		<SimpleData name="circuito">C1</SimpleData>
		<SimpleData name="tipo">ADICIONAL</SimpleData>
		<SimpleData name="f_operacio">2010</SimpleData>
		<SimpleData name="long_km">51.4832167362</SimpleData>
		<SimpleData name="tramo">EL COBRE - ESPERANZA2</SimpleData>
		<SimpleData name="propiedad">MINERA ESPERANZA</SimpleData>
		<SimpleData name="tension_kv">110</SimpleData>
		<SimpleData name="rca">S/I</SimpleData>
		<SimpleData name="sist_elect">SING</SimpleData>
		<SimpleData name="estado">EN OPERACION</SimpleData>
		<SimpleData name="region">REGION DE ANTOFAGASTA</SimpleData>
		<SimpleData name="provincia">ANTOFAGASTA-TOCOPILLA</SimpleData>
		<SimpleData name="comuna">MARIA ELENA-MEJILLONES</SimpleData>
		<SimpleData name="fuente_bas">CNE</SimpleData>
		<SimpleData name="fech_crea">02-12-2014</SimpleData>
		<SimpleData name="fech_act">20/12/2016</SimpleData>
		<SimpleData name="Shape_Leng">0.491362609170844</SimpleData>
	</SchemaData></ExtendedData>
      <LineString><coordinates>-70.28251691,-22.72887894 -70.2825599989999,-22.732382167 -70.279005371,-22.7324007189999 -70.274641259,-22.7294316649999 -70.270152959,-22.7261949439999 -70.2675888589999,-22.725470683 -70.266567933,-22.7251062879999 -70.265167105,-22.7244257849999 -70.262699912,-22.723369646 -70.260333582,-22.721734881 -70.2594820689999,-22.720716796 -70.257903046,-22.720696259 -70.257349323,-22.7203850289999 -70.254811392,-22.718187825 -70.254050488,-22.715641916 -70.2534692149999,-22.7145687459999 -70.251430112,-22.7119746669999 -70.250679025,-22.7107446589999 -70.249190744,-22.7087275549999 -70.246889933,-22.705337904 -70.244536951,-22.704101464 -70.24166758,-22.702542841 -70.2412967829999,-22.7017987479999 -70.241447869,-22.700319081 -70.23935922,-22.698552299 -70.237138004,-22.697399354 -70.23384435,-22.698027602 -70.2318716029999,-22.69748307 -70.230048471,-22.696663593 -70.2287055369999,-22.6960807579999 -70.227518876,-22.695565991 -70.226132197,-22.695348646 -70.2220600429999,-22.6914539799999 -70.2116568389999,-22.689589133 -70.2113863119999,-22.6894435909999 -70.208852666,-22.686610322 -70.204542838,-22.6834578099999 -70.1950157489999,-22.675064208 -70.187431724,-22.670554092 -70.1866046439999,-22.670058921 -70.1863441419999,-22.669872072 -70.1723675229999,-22.6579248359999 -70.172152501,-22.657633575 -70.166206396,-22.6437479169999 -70.154555834,-22.6370630719999 -70.144315029,-22.633857566 -70.132473122,-22.6327112079999 -70.126209149,-22.632408196 -70.125886712,-22.632351838 -70.125418558,-22.632205273 -70.1250714669999,-22.632048824 -70.105954588,-22.6204332629999 -70.105554996,-22.620250937 -70.0731195989999,-22.6139915159999 -70.072794277,-22.6139818579999 -70.069560683,-22.614410098 -70.060873026,-22.618947846 -70.0361202459999,-22.629192673 -70.029191068,-22.636405649 -70.022783969,-22.6428994309999 -70.0172093199999,-22.647029034 -70.010706731,-22.653052622 -69.993215505,-22.664669316 -69.9952575629999,-22.667541919 -69.95914149,-22.680286302 -69.929431111,-22.6923382429999 -69.929058164,-22.692396232 -69.926667605,-22.6922333159999 -69.921128376,-22.6918258379999 -69.899070318,-22.69924831 -69.8903932549999,-22.702722239 -69.8793655699999,-22.705940636 -69.870908715,-22.7088669949999 -69.8702909739999,-22.7093488369999 -69.868999044,-22.7097936919999 -69.868906554,-22.7095478639999</coordinates></LineString>
  </Placemark>
  <Placemark id="lineas_sing.116">
	<name>TAP OFF LLANOS - AGUAS BLANCAS 66KV</name>
	<Style><LineStyle><color>ff0000ff</color></LineStyle><PolyStyle><fill>0</fill></PolyStyle></Style>
	<ExtendedData><SchemaData schemaUrl="#lineas_sing">
		<SimpleData name="OBJECTID">116</SimpleData>
		<SimpleData name="gml_id">lt_sing_1c966bdb_e893_4b2d_b52e_5945a9a8a68b.89</SimpleData>
		<SimpleData name="layer">Unknown Line Type</SimpleData>
		<SimpleData name="elevation">0</SimpleData>
		<SimpleData name="nombre">TAP OFF LLANOS - AGUAS BLANCAS 66KV</SimpleData>
		<SimpleData name="circuito">C1</SimpleData>
		<SimpleData name="tipo">ADICIONAL</SimpleData>
		<SimpleData name="f_operacio">2013</SimpleData>
		<SimpleData name="long_km">27.2235825975</SimpleData>
		<SimpleData name="tramo">LLANOS- AGUAS BLANCAS</SimpleData>
		<SimpleData name="propiedad">MINERA ATACAMA MINERALS</SimpleData>
		<SimpleData name="tension_kv">66</SimpleData>
		<SimpleData name="rca">S/I</SimpleData>
		<SimpleData name="sist_elect">SING</SimpleData>
		<SimpleData name="estado">EN OPERACION</SimpleData>
		<SimpleData name="region">REGION DE ANTOFAGASTA</SimpleData>
		<SimpleData name="provincia">ANTOFAGASTA</SimpleData>
		<SimpleData name="comuna">ANTOFAGASTA</SimpleData>
		<SimpleData name="fuente_bas">CNE</SimpleData>
		<SimpleData name="fech_crea">02-12-2014</SimpleData>
		<SimpleData name="fech_act">20/12/2016</SimpleData>
		<SimpleData name="Shape_Leng">0.248684101708163</SimpleData>
	</SchemaData></ExtendedData>
      <LineString><coordinates>-69.864909215,-24.135467827 -69.862243866,-24.1324421059999 -69.863444762,-24.127235825 -69.856330118,-24.1221659729999 -69.844825495,-24.0885194049999 -69.840575652,-24.0760265599999 -69.839528344,-24.0730381729999 -69.83188931,-24.066098053 -69.825034107,-24.0586032799999 -69.8221160209999,-24.0545305599999 -69.8141019019999,-24.0427757529999 -69.7872907999999,-23.9171319499999 -69.78716267,-23.906669157</coordinates></LineString>
  </Placemark>
  <Placemark id="lineas_sing.117">
	<name>DOMEYKO - LAGUNA SECA 220KV</name>
	<Style><LineStyle><color>ff0000ff</color></LineStyle><PolyStyle><fill>0</fill></PolyStyle></Style>
	<ExtendedData><SchemaData schemaUrl="#lineas_sing">
		<SimpleData name="OBJECTID">117</SimpleData>
		<SimpleData name="gml_id">lt_sing_1c966bdb_e893_4b2d_b52e_5945a9a8a68b.99</SimpleData>
		<SimpleData name="layer">Unknown Line Type</SimpleData>
		<SimpleData name="elevation">0</SimpleData>
		<SimpleData name="nombre">DOMEYKO - LAGUNA SECA 220KV</SimpleData>
		<SimpleData name="circuito">C1</SimpleData>
		<SimpleData name="tipo">ADICIONAL</SimpleData>
		<SimpleData name="f_operacio">2001</SimpleData>
		<SimpleData name="long_km">14.3322706367</SimpleData>
		<SimpleData name="tramo">DOMEYKO- LAGUNA SECA</SimpleData>
		<SimpleData name="propiedad">MINERA ESCONDIDA</SimpleData>
		<SimpleData name="tension_kv">220</SimpleData>
		<SimpleData name="rca">S/I</SimpleData>
		<SimpleData name="sist_elect">SING</SimpleData>
		<SimpleData name="estado">EN OPERACION</SimpleData>
		<SimpleData name="region">REGION DE ANTOFAGASTA</SimpleData>
		<SimpleData name="provincia">ANTOFAGASTA</SimpleData>
		<SimpleData name="comuna">ANTOFAGASTA</SimpleData>
		<SimpleData name="fuente_bas">CNE</SimpleData>
		<SimpleData name="fech_crea">02-12-2014</SimpleData>
		<SimpleData name="fech_act">20/12/2016</SimpleData>
		<SimpleData name="Shape_Leng">0.134076128511275</SimpleData>
	</SchemaData></ExtendedData>
      <LineString><coordinates>-69.1028258659999,-24.2450419749999 -69.10468227,-24.2475536339999 -69.10717342,-24.250839884 -69.1084169919999,-24.252494344 -69.1104903139999,-24.2552721179999 -69.1123577939999,-24.2565865729999 -69.114732047,-24.2582505729999 -69.117479134,-24.260198122 -69.117238598,-24.2629088909999 -69.11695135,-24.266488555 -69.1165901699999,-24.2707750869999 -69.1163753989999,-24.273633489 -69.1161664959999,-24.275756819 -69.1159088539999,-24.2787153629999 -69.115659474,-24.281433834 -69.115420704,-24.284531402 -69.1153279709999,-24.285880407 -69.1151616179999,-24.287866288 -69.114129863,-24.289658173 -69.112589844,-24.29245134 -69.111197198,-24.2949366939999 -69.109054144,-24.298675626 -69.107595631,-24.3012534009999 -69.106106993,-24.303836998 -69.104686473,-24.306347295 -69.1032528649999,-24.308881963 -69.1017992179999,-24.3114360509999 -69.100244103,-24.3141580929999 -69.098700725,-24.3168770099999 -69.0971982039999,-24.319533591 -69.0956624629999,-24.322212366 -69.092719025,-24.3235169609999 -69.089758215,-24.324814116 -69.086822296,-24.3261340459999 -69.083845437,-24.327432689 -69.0808927319999,-24.3287509589999 -69.077948324,-24.3300638219999 -69.07499512,-24.3313785739999 -69.0720453129999,-24.332670198 -69.069085924,-24.3339721309999 -69.066131443,-24.335253694 -69.06317487,-24.336553389 -69.0602434259999,-24.337858759 -69.057321147,-24.3391772959999 -69.058274609,-24.3407309949999 -69.0592011269999,-24.342193328</coordinates></LineString>
  </Placemark>
  <Placemark id="lineas_sing.118">
	<name>ESCONDIDA - ESCONDIDA NORTE 69KV</name>
	<Style><LineStyle><color>ff0000ff</color></LineStyle><PolyStyle><fill>0</fill></PolyStyle></Style>
	<ExtendedData><SchemaData schemaUrl="#lineas_sing">
		<SimpleData name="OBJECTID">118</SimpleData>
		<SimpleData name="gml_id">lt_sing_1c966bdb_e893_4b2d_b52e_5945a9a8a68b.100</SimpleData>
		<SimpleData name="layer">Unknown Line Type</SimpleData>
		<SimpleData name="elevation">0</SimpleData>
		<SimpleData name="nombre">ESCONDIDA - ESCONDIDA NORTE 69KV</SimpleData>
		<SimpleData name="circuito">C1</SimpleData>
		<SimpleData name="tipo">ADICIONAL</SimpleData>
		<SimpleData name="f_operacio">2014</SimpleData>
		<SimpleData name="long_km">4.14009715801</SimpleData>
		<SimpleData name="tramo">ESCONDIDA- ESCONDIDA NORTE</SimpleData>
		<SimpleData name="propiedad">MINERA ESCONDIDA</SimpleData>
		<SimpleData name="tension_kv">69</SimpleData>
		<SimpleData name="rca">S/I</SimpleData>
		<SimpleData name="sist_elect">SING</SimpleData>
		<SimpleData name="estado">EN OPERACION</SimpleData>
		<SimpleData name="region">REGION DE ANTOFAGASTA</SimpleData>
		<SimpleData name="provincia">ANTOFAGASTA</SimpleData>
		<SimpleData name="comuna">ANTOFAGASTA</SimpleData>
		<SimpleData name="fuente_bas">CNE</SimpleData>
		<SimpleData name="fech_crea">02-12-2014</SimpleData>
		<SimpleData name="fech_act">20/12/2016</SimpleData>
		<SimpleData name="Shape_Leng">0.038361413125193</SimpleData>
	</SchemaData></ExtendedData>
      <LineString><coordinates>-69.059666406,-24.259442807 -69.059486841,-24.258598433 -69.059268958,-24.2573674339999 -69.0572223029999,-24.257684731 -69.0555638819999,-24.2579562349999 -69.054634165,-24.2561861359999 -69.0536901789999,-24.2553713619999 -69.05235117,-24.2530565169999 -69.0512895589999,-24.251300648 -69.049992077,-24.2491387809999 -69.04888232,-24.247288399 -69.0486212329999,-24.246046979 -69.047620734,-24.2448293649999 -69.047010698,-24.244068436 -69.0456810859999,-24.2416510309999 -69.0441071229999,-24.2387490799999 -69.042444819,-24.2357415709999 -69.040989676,-24.233054938 -69.039787669,-24.230896171 -69.0396572239999,-24.229902335</coordinates></LineString>
  </Placemark>
  <Placemark id="lineas_sing.119">
	<name>KM6 - 10A 100 KV</name>
	<Style><LineStyle><color>ff0000ff</color></LineStyle><PolyStyle><fill>0</fill></PolyStyle></Style>
	<ExtendedData><SchemaData schemaUrl="#lineas_sing">
		<SimpleData name="OBJECTID">119</SimpleData>
		<SimpleData name="gml_id">lt_sing_1c966bdb_e893_4b2d_b52e_5945a9a8a68b.101</SimpleData>
		<SimpleData name="layer">Unknown Line Type</SimpleData>
		<SimpleData name="elevation">0</SimpleData>
		<SimpleData name="nombre">KM6 - 10A 100 KV</SimpleData>
		<SimpleData name="circuito">C1</SimpleData>
		<SimpleData name="tipo">SUBTRANSMISION</SimpleData>
		<SimpleData name="f_operacio">1984</SimpleData>
		<SimpleData name="long_km">2.51997066445</SimpleData>
		<SimpleData name="tramo">PATIO MUFA / CONCENTRADORA / TORRE N 1 VERTICE 1,2,3,4,5,6,7 / S-E KM-6</SimpleData>
		<SimpleData name="propiedad">CODELCO NORTE</SimpleData>
		<SimpleData name="tension_kv">100</SimpleData>
		<SimpleData name="rca">S/I</SimpleData>
		<SimpleData name="sist_elect">SING</SimpleData>
		<SimpleData name="estado">EN OPERACION</SimpleData>
		<SimpleData name="region">REGION DE ANTOFAGASTA</SimpleData>
		<SimpleData name="provincia">EL LOA</SimpleData>
		<SimpleData name="comuna">CALAMA</SimpleData>
		<SimpleData name="fuente_bas">CNE</SimpleData>
		<SimpleData name="fech_crea">02-12-2014</SimpleData>
		<SimpleData name="fech_act">20/12/2016</SimpleData>
		<SimpleData name="Shape_Leng">0.023755791006182</SimpleData>
	</SchemaData></ExtendedData>
      <LineString><coordinates>-68.896752255,-22.3100731819999 -68.897519604,-22.3096309919999 -68.89919861,-22.3105806369999 -68.8993629349999,-22.311601605 -68.898283841,-22.313480048 -68.897098032,-22.3151958 -68.8868989059999,-22.320275264 -68.8841970719999,-22.323281745 -68.884060988,-22.323453297</coordinates></LineString>
  </Placemark>
  <Placemark id="lineas_sing.120">
	<name>ENCUENTRO - SPENCE 220KV</name>
	<Style><LineStyle><color>ff0000ff</color></LineStyle><PolyStyle><fill>0</fill></PolyStyle></Style>
	<ExtendedData><SchemaData schemaUrl="#lineas_sing">
		<SimpleData name="OBJECTID">120</SimpleData>
		<SimpleData name="gml_id">lt_sing_1c966bdb_e893_4b2d_b52e_5945a9a8a68b.102</SimpleData>
		<SimpleData name="layer">Unknown Line Type</SimpleData>
		<SimpleData name="elevation">0</SimpleData>
		<SimpleData name="nombre">ENCUENTRO - SPENCE 220KV</SimpleData>
		<SimpleData name="circuito">C1</SimpleData>
		<SimpleData name="tipo">ADICIONAL</SimpleData>
		<SimpleData name="f_operacio">2005</SimpleData>
		<SimpleData name="long_km">66.9071980218</SimpleData>
		<SimpleData name="tramo">ENCUENTRO - SPENCE</SimpleData>
		<SimpleData name="propiedad">MINERA SPENCE</SimpleData>
		<SimpleData name="tension_kv">220</SimpleData>
		<SimpleData name="rca">S/I</SimpleData>
		<SimpleData name="sist_elect">SING</SimpleData>
		<SimpleData name="estado">EN OPERACION</SimpleData>
		<SimpleData name="region">REGION DE ANTOFAGASTA</SimpleData>
		<SimpleData name="provincia">ANTOFAGASTA-TOCOPILLA</SimpleData>
		<SimpleData name="comuna">MARIA ELENA- SIERRA GORDA</SimpleData>
		<SimpleData name="fuente_bas">CNE</SimpleData>
		<SimpleData name="fech_crea">02-12-2014</SimpleData>
		<SimpleData name="fech_act">20/12/2016</SimpleData>
		<SimpleData name="Shape_Leng">0.615516039163681</SimpleData>
	</SchemaData></ExtendedData>
      <LineString><coordinates>-69.566187863,-22.28159978 -69.563142332,-22.2874465049999 -69.5480089869999,-22.3016982959999 -69.4612924529999,-22.401720344 -69.437177917,-22.4503306509999 -69.4384820449999,-22.452975765 -69.4056767439999,-22.540289905 -69.4064182879999,-22.5406877799999 -69.2998097669999,-22.737015186 -69.299941866,-22.7974889179999 -69.288625505,-22.804445647 -69.2816750599999,-22.8044580769999 -69.28153982,-22.8047445</coordinates></LineString>
  </Placemark>
  <Placemark id="lineas_sing.121">
	<name>ANDES - NUEVA ZALDIVAR. CIRCUITO 1 - 2 220KV</name>
	<Style><LineStyle><color>ff0000ff</color></LineStyle><PolyStyle><fill>0</fill></PolyStyle></Style>
	<ExtendedData><SchemaData schemaUrl="#lineas_sing">
		<SimpleData name="OBJECTID">121</SimpleData>
		<SimpleData name="gml_id">lt_sing_1c966bdb_e893_4b2d_b52e_5945a9a8a68b.103</SimpleData>
		<SimpleData name="layer">Unknown Line Type</SimpleData>
		<SimpleData name="elevation">0</SimpleData>
		<SimpleData name="nombre">ANDES - NUEVA ZALDIVAR. CIRCUITO 1 - 2 220KV</SimpleData>
		<SimpleData name="circuito">C1</SimpleData>
		<SimpleData name="tipo">ADICIONAL</SimpleData>
		<SimpleData name="f_operacio">1999</SimpleData>
		<SimpleData name="long_km">62.4622798487</SimpleData>
		<SimpleData name="tramo">ANDES - NUEVA ZALDIVAR</SimpleData>
		<SimpleData name="propiedad">AES GENER</SimpleData>
		<SimpleData name="tension_kv">220</SimpleData>
		<SimpleData name="rca">S/I</SimpleData>
		<SimpleData name="sist_elect">SING</SimpleData>
		<SimpleData name="estado">EN OPERACION</SimpleData>
		<SimpleData name="region">REGION DE ANTOFAGASTA</SimpleData>
		<SimpleData name="provincia">ANTOFAGASTA</SimpleData>
		<SimpleData name="comuna">ANTOFAGASTA</SimpleData>
		<SimpleData name="fuente_bas">CNE</SimpleData>
		<SimpleData name="fech_crea">02-12-2014</SimpleData>
		<SimpleData name="fech_act">20/12/2016</SimpleData>
		<SimpleData name="Shape_Leng">0.596793810154574</SimpleData>
	</SchemaData></ExtendedData>
      <LineString><coordinates>-68.587962545,-24.01548258 -68.644105661,-24.0911858549999 -68.71695677,-24.1153092449999 -68.728933782,-24.133449304 -68.7637839779999,-24.15482287 -68.7921424,-24.167481918 -68.807055249,-24.1881848909999 -68.8186739289999,-24.215837134 -68.833222097,-24.2216161769999 -68.8904978529999,-24.2265634849999 -68.924541426,-24.217832135 -68.9705991119999,-24.189532523 -69.041143323,-24.1459138499999 -69.050149596,-24.14596535 -69.055885012,-24.15492095 -69.062192121,-24.1604654829999 -69.064686889,-24.162616342</coordinates></LineString>
  </Placemark>
  <Placemark id="lineas_sing.122">
	<name>KM6 - SOPLADORES 110KV</name>
	<Style><LineStyle><color>ff0000ff</color></LineStyle><PolyStyle><fill>0</fill></PolyStyle></Style>
	<ExtendedData><SchemaData schemaUrl="#lineas_sing">
		<SimpleData name="OBJECTID">122</SimpleData>
		<SimpleData name="gml_id">lt_sing_1c966bdb_e893_4b2d_b52e_5945a9a8a68b.94</SimpleData>
		<SimpleData name="layer">Unknown Line Type</SimpleData>
		<SimpleData name="elevation">0</SimpleData>
		<SimpleData name="nombre">KM6 - SOPLADORES 110KV</SimpleData>
		<SimpleData name="circuito">C1</SimpleData>
		<SimpleData name="tipo">SUBTRANSMISION</SimpleData>
		<SimpleData name="f_operacio">1992</SimpleData>
		<SimpleData name="long_km">1.96074276493</SimpleData>
		<SimpleData name="tramo">S-E KM-6 - TORRE N11 VERTICE 1,2,3,4,5,6,7,8,9,10,11,12 / S-E SOPLADORES</SimpleData>
		<SimpleData name="propiedad">CODELCO NORTE</SimpleData>
		<SimpleData name="tension_kv">100</SimpleData>
		<SimpleData name="rca">S/I</SimpleData>
		<SimpleData name="sist_elect">SING</SimpleData>
		<SimpleData name="estado">EN OPERACION</SimpleData>
		<SimpleData name="region">REGION DE ANTOFAGASTA</SimpleData>
		<SimpleData name="provincia">EL LOA</SimpleData>
		<SimpleData name="comuna">CALAMA</SimpleData>
		<SimpleData name="fuente_bas">CNE</SimpleData>
		<SimpleData name="fech_crea">02-12-2014</SimpleData>
		<SimpleData name="fech_act">20/12/2016</SimpleData>
		<SimpleData name="Shape_Leng">0.018441169816457</SimpleData>
	</SchemaData></ExtendedData>
      <LineString><coordinates>-68.883828132,-22.323227276 -68.8838477099999,-22.323037572 -68.883547184,-22.322450133 -68.8821979799999,-22.3218619359999 -68.880528489,-22.3211199099999 -68.879480225,-22.320640322 -68.8782381299999,-22.3197450079999 -68.878074036,-22.318624644 -68.879173162,-22.316394019 -68.8803202079999,-22.3148590549999 -68.8814478469999,-22.313278897 -68.882564679,-22.312981581 -68.883982609,-22.312548959 -68.8851285809999,-22.312224543 -68.885429592,-22.3121976539999</coordinates></LineString>
  </Placemark>
  <Placemark id="lineas_sing.123">
	<name>ANDES - LABERINTO: ANDES - TAP OFF OESTE 220KV</name>
	<Style><LineStyle><color>ff0000ff</color></LineStyle><PolyStyle><fill>0</fill></PolyStyle></Style>
	<ExtendedData><SchemaData schemaUrl="#lineas_sing">
		<SimpleData name="OBJECTID">123</SimpleData>
		<SimpleData name="gml_id">lt_sing_1c966bdb_e893_4b2d_b52e_5945a9a8a68b.110</SimpleData>
		<SimpleData name="layer">Unknown Line Type</SimpleData>
		<SimpleData name="elevation">0</SimpleData>
		<SimpleData name="nombre">ANDES - LABERINTO: ANDES - TAP OFF OESTE 220KV</SimpleData>
		<SimpleData name="circuito">C1</SimpleData>
		<SimpleData name="tipo">ADICIONAL</SimpleData>
		<SimpleData name="f_operacio">1998</SimpleData>
		<SimpleData name="long_km">123.028438754</SimpleData>
		<SimpleData name="tramo">ANDES OESTE - LABERINTO OESTE</SimpleData>
		<SimpleData name="propiedad">AES GENER</SimpleData>
		<SimpleData name="tension_kv">220</SimpleData>
		<SimpleData name="rca">S/I</SimpleData>
		<SimpleData name="sist_elect">SING</SimpleData>
		<SimpleData name="estado">EN OPERACION</SimpleData>
		<SimpleData name="region">REGION DE ANTOFAGASTA</SimpleData>
		<SimpleData name="provincia">ANTOFAGASTA-EL LOA</SimpleData>
		<SimpleData name="comuna">ANTOFAGASTA-SAN PEDRO DE ATACAMA-SIERRA GORDA</SimpleData>
		<SimpleData name="fuente_bas">CNE</SimpleData>
		<SimpleData name="fech_crea">02-12-2014</SimpleData>
		<SimpleData name="fech_act">20/12/2016</SimpleData>
		<SimpleData name="Shape_Leng">1.17263496862185</SimpleData>
	</SchemaData></ExtendedData>
      <LineString><coordinates>-69.408524831,-23.4481640559999 -69.372349274,-23.458524848 -69.361775473,-23.4623344679999 -69.3441368219999,-23.468209568 -69.3229189269999,-23.47265392 -69.260852638,-23.4858857689999 -69.208440321,-23.498917762 -69.125380035,-23.524118049 -69.0520440609999,-23.5425687489999 -68.970726414,-23.581379607 -68.77268859,-23.6512917049999 -68.679232164,-23.6716575909999 -68.65936105,-23.676312109 -68.619873765,-23.6909884249999 -68.6156242489999,-23.725328501 -68.6132632699999,-23.790590972 -68.603716159,-23.8411298949999 -68.613812717,-23.8967493549999 -68.623751355,-23.989309116 -68.5876590559999,-24.015066287</coordinates></LineString>
  </Placemark>
  <Placemark id="lineas_sing.124">
	<name>10A - 10 100KV</name>
	<Style><LineStyle><color>ff0000ff</color></LineStyle><PolyStyle><fill>0</fill></PolyStyle></Style>
	<ExtendedData><SchemaData schemaUrl="#lineas_sing">
		<SimpleData name="OBJECTID">124</SimpleData>
		<SimpleData name="gml_id">lt_sing_1c966bdb_e893_4b2d_b52e_5945a9a8a68b.111</SimpleData>
		<SimpleData name="layer">Unknown Line Type</SimpleData>
		<SimpleData name="elevation">0</SimpleData>
		<SimpleData name="nombre">10A - 10 100KV</SimpleData>
		<SimpleData name="circuito">C1</SimpleData>
		<SimpleData name="tipo">SUBTRANSMISION</SimpleData>
		<SimpleData name="f_operacio">1980</SimpleData>
		<SimpleData name="long_km">0.183847763109</SimpleData>
		<SimpleData name="tramo">TAP OFF BARRILES / MANTOS DE LA LUNA</SimpleData>
		<SimpleData name="propiedad">CODELCO NORTE</SimpleData>
		<SimpleData name="tension_kv">100</SimpleData>
		<SimpleData name="rca">S/I</SimpleData>
		<SimpleData name="sist_elect">SING</SimpleData>
		<SimpleData name="estado">EN OPERACION</SimpleData>
		<SimpleData name="region">REGION DE ANTOFAGASTA</SimpleData>
		<SimpleData name="provincia">EL LOA</SimpleData>
		<SimpleData name="comuna">CALAMA</SimpleData>
		<SimpleData name="fuente_bas">CNE</SimpleData>
		<SimpleData name="fech_crea">02-12-2014</SimpleData>
		<SimpleData name="fech_act">20/12/2016</SimpleData>
		<SimpleData name="Shape_Leng">0.001777550246146</SimpleData>
	</SchemaData></ExtendedData>
      <LineString><coordinates>-68.8940329289999,-22.3110651919999 -68.895761487,-22.3106507379999</coordinates></LineString>
  </Placemark>
  <Placemark id="lineas_sing.125">
	<name>LINEA 69 KV LIXIVIACION - SULFUROS. CIRCUITO NÂº2</name>
	<Style><LineStyle><color>ff0000ff</color></LineStyle><PolyStyle><fill>0</fill></PolyStyle></Style>
	<ExtendedData><SchemaData schemaUrl="#lineas_sing">
		<SimpleData name="OBJECTID">125</SimpleData>
		<SimpleData name="gml_id">lt_sing_1c966bdb_e893_4b2d_b52e_5945a9a8a68b.148</SimpleData>
		<SimpleData name="layer">Unknown Line Type</SimpleData>
		<SimpleData name="elevation">0</SimpleData>
		<SimpleData name="nombre">LINEA 69 KV LIXIVIACION - SULFUROS. CIRCUITO NÂº2</SimpleData>
		<SimpleData name="circuito">C1</SimpleData>
		<SimpleData name="tipo">ADICIONAL</SimpleData>
		<SimpleData name="f_operacio">2004</SimpleData>
		<SimpleData name="long_km">14068.1653827</SimpleData>
		<SimpleData name="tramo">SULFUROS - LIXIVIACION CTO 1</SimpleData>
		<SimpleData name="propiedad">MINERA ESCONDIDA</SimpleData>
		<SimpleData name="tension_kv">69</SimpleData>
		<SimpleData name="rca">S/I</SimpleData>
		<SimpleData name="sist_elect">SING</SimpleData>
		<SimpleData name="estado">EN OPERACION</SimpleData>
		<SimpleData name="region">REGION DE ANTOFAGASTA</SimpleData>
		<SimpleData name="provincia">ANTOFAGASTA</SimpleData>
		<SimpleData name="comuna">ANTOFAGASTA</SimpleData>
		<SimpleData name="fuente_bas">CNE</SimpleData>
		<SimpleData name="fech_crea">02-12-2014</SimpleData>
		<SimpleData name="fech_act">20/12/2016</SimpleData>
		<SimpleData name="Shape_Leng">0.134274690916756</SimpleData>
	</SchemaData></ExtendedData>
      <LineString><coordinates>-69.095945001,-24.2511829009999 -69.096123999,-24.2504619009999 -69.0964719999999,-24.2491039 -69.095514,-24.2467889 -69.0955099989999,-24.2447919009999 -69.095541999,-24.243356902 -69.095408998,-24.243357901 -69.095539999,-24.242769901 -69.095386999,-24.242774901 -69.0954499979999,-24.241359901 -69.095068999,-24.238635901 -69.094964999,-24.235590901 -69.0948549989999,-24.232970902 -69.093081,-24.2319568999999 -69.090627,-24.230590901 -69.087098998,-24.230590901 -69.0836389999999,-24.2306049009999 -69.0827209989999,-24.2303049019999 -69.0825449989999,-24.2304249009999 -69.0822879999999,-24.2302029009999 -69.082099,-24.2303089 -69.082013,-24.2302219009999 -69.079674,-24.2302399009999 -69.077366,-24.2302639009999 -69.075768,-24.2320429019999 -69.074157,-24.233839901 -69.070913,-24.2348749 -69.067618,-24.235928901 -69.064480999,-24.2369549009999 -69.061272999,-24.236690901 -69.05779,-24.236451901 -69.055125999,-24.2362539 -69.052513999,-24.2360709009999 -69.049589,-24.2358469 -69.045361999,-24.2355359009999 -69.0426679999999,-24.2353429 -69.0404112749999,-24.23528751 -69.038855,-24.235068902 -69.035839,-24.235121901 -69.03254,-24.2351859 -69.029508,-24.235252902 -69.0264109999999,-24.2353118999999 -69.023720999,-24.235369901 -69.021129999,-24.2365239009999 -69.019939999,-24.2391729 -69.019010999,-24.2412439 -69.017466999,-24.242440901 -69.015544999,-24.2439279 -69.0129479989999,-24.2459259 -69.010738999,-24.247632901 -69.008701999,-24.249210901 -69.0076119989999,-24.2517298999999 -69.0063969989999,-24.2545349 -69.006701,-24.2561759009999 -69.006998999,-24.2578119 -69.008583,-24.2587659009999 -69.010174999,-24.2597168999999 -69.0113909999999,-24.2604399009999 -69.011714,-24.2610149 -69.012459999,-24.2623498999999 -69.01379,-24.2646119 -69.014364999,-24.2656779</coordinates></LineString>
  </Placemark>
  <Placemark id="lineas_sing.126">
	<name>LINEA 110 KV MUELLE - GUAYAQUES</name>
	<Style><LineStyle><color>ff0000ff</color></LineStyle><PolyStyle><fill>0</fill></PolyStyle></Style>
	<ExtendedData><SchemaData schemaUrl="#lineas_sing">
		<SimpleData name="OBJECTID">126</SimpleData>
		<SimpleData name="gml_id">lt_sing_1c966bdb_e893_4b2d_b52e_5945a9a8a68b.149</SimpleData>
		<SimpleData name="layer">Unknown Line Type</SimpleData>
		<SimpleData name="elevation">0</SimpleData>
		<SimpleData name="nombre">LINEA 110 KV MUELLE - GUAYAQUES</SimpleData>
		<SimpleData name="circuito">C1</SimpleData>
		<SimpleData name="tipo">ADICIONAL</SimpleData>
		<SimpleData name="f_operacio">2010</SimpleData>
		<SimpleData name="long_km">51483.2167362</SimpleData>
		<SimpleData name="tramo">-99</SimpleData>
		<SimpleData name="propiedad">MINERA ESPERANZA</SimpleData>
		<SimpleData name="tension_kv">110</SimpleData>
		<SimpleData name="rca">S/I</SimpleData>
		<SimpleData name="sist_elect">SING</SimpleData>
		<SimpleData name="estado">EN OPERACION</SimpleData>
		<SimpleData name="region">REGION DE ANTOFAGASTA</SimpleData>
		<SimpleData name="provincia">ANTOFAGASTA-TOCOPILLA</SimpleData>
		<SimpleData name="comuna">MARIA ELENA-MEJILLONES</SimpleData>
		<SimpleData name="fuente_bas">CNE</SimpleData>
		<SimpleData name="fech_crea">02-12-2014</SimpleData>
		<SimpleData name="fech_act">20/12/2016</SimpleData>
		<SimpleData name="Shape_Leng">0.491362609170844</SimpleData>
	</SchemaData></ExtendedData>
      <LineString><coordinates>-70.28251691,-22.72887894 -70.2825599989999,-22.732382167 -70.279005371,-22.7324007189999 -70.274641259,-22.7294316649999 -70.270152959,-22.7261949439999 -70.2675888589999,-22.725470683 -70.266567933,-22.7251062879999 -70.265167105,-22.7244257849999 -70.262699912,-22.723369646 -70.260333582,-22.721734881 -70.2594820689999,-22.720716796 -70.257903046,-22.720696259 -70.257349323,-22.7203850289999 -70.254811392,-22.718187825 -70.254050488,-22.715641916 -70.2534692149999,-22.7145687459999 -70.251430112,-22.7119746669999 -70.250679025,-22.7107446589999 -70.249190744,-22.7087275549999 -70.246889933,-22.705337904 -70.244536951,-22.704101464 -70.24166758,-22.702542841 -70.2412967829999,-22.7017987479999 -70.241447869,-22.700319081 -70.23935922,-22.698552299 -70.237138004,-22.697399354 -70.23384435,-22.698027602 -70.2318716029999,-22.69748307 -70.230048471,-22.696663593 -70.2287055369999,-22.6960807579999 -70.227518876,-22.695565991 -70.226132197,-22.695348646 -70.2220600429999,-22.6914539799999 -70.2116568389999,-22.689589133 -70.2113863119999,-22.6894435909999 -70.208852666,-22.686610322 -70.204542838,-22.6834578099999 -70.1950157489999,-22.675064208 -70.187431724,-22.670554092 -70.1866046439999,-22.670058921 -70.1863441419999,-22.669872072 -70.1723675229999,-22.6579248359999 -70.172152501,-22.657633575 -70.166206396,-22.6437479169999 -70.154555834,-22.6370630719999 -70.144315029,-22.633857566 -70.132473122,-22.6327112079999 -70.126209149,-22.632408196 -70.125886712,-22.632351838 -70.125418558,-22.632205273 -70.1250714669999,-22.632048824 -70.105954588,-22.6204332629999 -70.105554996,-22.620250937 -70.0731195989999,-22.6139915159999 -70.072794277,-22.6139818579999 -70.069560683,-22.614410098 -70.060873026,-22.618947846 -70.0361202459999,-22.629192673 -70.029191068,-22.636405649 -70.022783969,-22.6428994309999 -70.0172093199999,-22.647029034 -70.010706731,-22.653052622 -69.993215505,-22.664669316 -69.9952575629999,-22.667541919 -69.95914149,-22.680286302 -69.929431111,-22.6923382429999 -69.929058164,-22.692396232 -69.926667605,-22.6922333159999 -69.921128376,-22.6918258379999 -69.899070318,-22.69924831 -69.8903932549999,-22.702722239 -69.8793655699999,-22.705940636 -69.870908715,-22.7088669949999 -69.8702909739999,-22.7093488369999 -69.868999044,-22.7097936919999 -69.868906554,-22.7095478639999</coordinates></LineString>
  </Placemark>
  <Placemark id="lineas_sing.127">
	<name>CRUCERO - LABERINTO. CIRCUITO N61 220KV</name>
	<Style><LineStyle><color>ff0000ff</color></LineStyle><PolyStyle><fill>0</fill></PolyStyle></Style>
	<ExtendedData><SchemaData schemaUrl="#lineas_sing">
		<SimpleData name="OBJECTID">127</SimpleData>
		<SimpleData name="gml_id">lt_sing_1c966bdb_e893_4b2d_b52e_5945a9a8a68b.90</SimpleData>
		<SimpleData name="layer">Unknown Line Type</SimpleData>
		<SimpleData name="elevation">0</SimpleData>
		<SimpleData name="nombre">CRUCERO - LABERINTO. CIRCUITO N61 220KV</SimpleData>
		<SimpleData name="circuito">C1</SimpleData>
		<SimpleData name="tipo">ADICIONAL</SimpleData>
		<SimpleData name="f_operacio">1994</SimpleData>
		<SimpleData name="long_km">133.263026239</SimpleData>
		<SimpleData name="tramo">CRUCERO - LABERINTO</SimpleData>
		<SimpleData name="propiedad">MINERA ESCONDIDA</SimpleData>
		<SimpleData name="tension_kv">220</SimpleData>
		<SimpleData name="rca">S/I</SimpleData>
		<SimpleData name="sist_elect">SING</SimpleData>
		<SimpleData name="estado">EN OPERACION</SimpleData>
		<SimpleData name="region">REGION DE ANTOFAGASTA</SimpleData>
		<SimpleData name="provincia">TOCOPILLA</SimpleData>
		<SimpleData name="comuna">TOCOPILLA</SimpleData>
		<SimpleData name="fuente_bas">CNE</SimpleData>
		<SimpleData name="fech_crea">02-12-2014</SimpleData>
		<SimpleData name="fech_act">20/12/2016</SimpleData>
		<SimpleData name="Shape_Leng">1.20827262500907</SimpleData>
	</SchemaData></ExtendedData>
      <LineString><coordinates>-69.565298,-22.276879906 -69.564802,-22.2769639059999 -69.563602999,-22.276776906 -69.562679999,-22.2767149059999 -69.5600479999999,-22.276525906 -69.5582269989999,-22.2763739059999 -69.5563059999999,-22.276224906 -69.5555899999999,-22.279522906 -69.5548679999999,-22.282808906 -69.5542129999999,-22.2858349059999 -69.553442999,-22.2893199059999 -69.552711,-22.292646906 -69.551978,-22.2960329059999 -69.551231,-22.299415906 -69.550473,-22.3028559059999 -69.549766,-22.3060959059999 -69.549089999,-22.309189906 -69.548086,-22.312204906 -69.547072,-22.315219906 -69.546051,-22.318237906 -69.545015,-22.3212959059999 -69.5439969999999,-22.324301906 -69.542947999,-22.327444906 -69.5418769999999,-22.3306149059999 -69.5407299999999,-22.3340169059999 -69.539691999,-22.337080906 -69.538664,-22.3401189059999 -69.53756,-22.3434069059999 -69.536458,-22.3466679059999 -69.5353709999999,-22.3499089059999 -69.534346999,-22.3529669059999 -69.5332349989999,-22.356275906 -69.532211,-22.359288906 -69.531147,-22.362458906 -69.530111,-22.3655329059999 -69.5290409999999,-22.3687119059999 -69.527882999,-22.372140906 -69.526737,-22.3755149049999 -69.525608999,-22.378875906 -69.5245169999999,-22.382091906 -69.52318,-22.3860909059999 -69.522095,-22.389300906 -69.5210069999999,-22.392560906 -69.5198549999999,-22.395922905 -69.518951,-22.3986279059999 -69.5174689999999,-22.403004906 -69.5168879999999,-22.404748906 -69.515860999,-22.4077729059999 -69.515982,-22.4113089059999 -69.516106,-22.415558905 -69.5162159989999,-22.4186019059999 -69.516333999,-22.4219749059999 -69.51643,-22.425162906 -69.516542,-22.428392905 -69.516655,-22.4317919059999 -69.516756,-22.4348299059999 -69.516877999,-22.438292906 -69.516969,-22.441736906 -69.517075,-22.444955906 -69.5171819989999,-22.447957905 -69.517262999,-22.450868906 -69.517392,-22.454314906 -69.5174969989999,-22.457452906 -69.517596,-22.4608609049999 -69.517711,-22.463961906 -69.517805,-22.467086905 -69.5179019999999,-22.470034906 -69.518001,-22.473170905 -69.517467999,-22.476067905 -69.516903,-22.479198905 -69.516288,-22.4824539049999 -69.515689,-22.485772905 -69.5150619999999,-22.489105905 -69.514421,-22.4926999059999 -69.513813,-22.4960069059999 -69.513139,-22.499605905 -69.512509999,-22.5031439049999 -69.511831999,-22.506822905 -69.511185999,-22.5102869049999 -69.5105859989999,-22.513535905 -69.509971999,-22.516886905 -69.5094109999999,-22.519970905 -69.508813,-22.5231419049999 -69.508215,-22.5263809049999 -69.507584999,-22.529832906 -69.5069379999999,-22.533293906 -69.506356,-22.5364049049999 -69.505649999,-22.540260905 -69.5050709989999,-22.543414905 -69.5044829999999,-22.5466019049999 -69.503907,-22.5497699059999 -69.503328,-22.5528539059999 -69.502662,-22.5564349049999 -69.50204,-22.559848905 -69.501448,-22.5630779059999 -69.500876999,-22.566194905 -69.500151,-22.5701039049999 -69.4995539999999,-22.5733899049999 -69.498908999,-22.576852905 -69.4983149999999,-22.580184905 -69.497736999,-22.5832509059999 -69.497196,-22.5861559049999 -69.496662999,-22.589066905 -69.4961,-22.592162905 -69.495483,-22.595501906 -69.494835,-22.598998905 -69.494254,-22.6021619049999 -69.493723,-22.6050219049999 -69.4931809999999,-22.607979905 -69.4926159999999,-22.610984905 -69.491970999,-22.614513905 -69.491346999,-22.6178349049999 -69.490723999,-22.6212829049999 -69.4900739999999,-22.6247729049999 -69.4894679989999,-22.6280109049999 -69.4889209999999,-22.6309789049999 -69.4883589999999,-22.633966906 -69.487794,-22.637115905 -69.487231999,-22.640179905 -69.486591,-22.643650905 -69.4860669989999,-22.646488905 -69.4853729989999,-22.6502089049999 -69.484788,-22.6533139049999 -69.4842429999999,-22.6564249049999 -69.483705,-22.6593469049999 -69.483052,-22.662759905 -69.482454,-22.666025905 -69.481845,-22.6694199049999 -69.481207,-22.6728579049999 -69.480635999,-22.675907905 -69.4800499999999,-22.679079905 -69.479440999,-22.6823859049999 -69.4788339999999,-22.685726905 -69.4781869989999,-22.6891869049999 -69.477536,-22.692642905 -69.4768989999999,-22.696127905 -69.476287,-22.6994539049999 -69.475632,-22.702949905 -69.475001,-22.7063829049999 -69.474350999,-22.709903905 -69.473632,-22.7137869049999 -69.472968,-22.717360905 -69.472325999,-22.7207899049999 -69.4716319999999,-22.724629905 -69.470993999,-22.728102905 -69.470345999,-22.731662905 -69.469710999,-22.735053905 -69.469124,-22.738233905 -69.468652,-22.740778905 -69.46795,-22.744674905 -69.467342,-22.7477689039999 -69.4667249999999,-22.751244905 -69.466127,-22.7543839049999 -69.465494999,-22.757796905 -69.4648329999999,-22.7613489039999 -69.4642289989999,-22.764711905 -69.463587999,-22.768129905 -69.4628779999999,-22.771692904 -69.4622509989999,-22.7752569049999 -69.4616159989999,-22.778742904 -69.460991,-22.7821259049999 -69.460395999,-22.785485905 -69.459706,-22.788894904 -69.459102,-22.792291905 -69.45847,-22.7958099049999 -69.45785,-22.7991519039999 -69.4572679999999,-22.8023859049999 -69.456646,-22.8056359039999 -69.4561899999999,-22.8081949039999 -69.4557359999999,-22.810552905 -69.454962999,-22.814649904 -69.454559,-22.816899904 -69.454157999,-22.8191319049999 -69.45363,-22.821940905 -69.453072999,-22.8250169039999 -69.452507999,-22.8280319049999 -69.451847,-22.831652904 -69.45127,-22.8347409049999 -69.4507619999999,-22.837648905 -69.450205,-22.8405269049999 -69.4495919999999,-22.843839905 -69.448998,-22.8471859049999 -69.448342,-22.850527905 -69.447752,-22.853708905 -69.4471379999999,-22.8570139039999 -69.446563999,-22.860127904 -69.446024,-22.863055904 -69.4454029999999,-22.866378905 -69.444809,-22.869622905 -69.444226,-22.8727669049999 -69.4437169999999,-22.875478905 -69.443142,-22.878648905 -69.442532,-22.8819299039999 -69.441943,-22.8851019049999 -69.4412839999999,-22.888698905 -69.4406949999999,-22.8918399039999 -69.4400459989999,-22.895322904 -69.439444999,-22.898628904 -69.4388509999999,-22.901803904 -69.4382419999999,-22.9051259039999 -69.4376129999999,-22.908504905 -69.436994,-22.9118539049999 -69.436383,-22.915086904 -69.435777999,-22.9183839049999 -69.435232,-22.9213589039999 -69.434671999,-22.924374905 -69.434003,-22.9275459049999 -69.4341739989999,-22.927555904 -69.433457,-22.930814905 -69.4328429999999,-22.934219905 -69.432238,-22.9374579039999 -69.431572,-22.9409149049999 -69.4309479999999,-22.944381904 -69.430354999,-22.947571904 -69.4297549999999,-22.950904904 -69.429184,-22.954012904 -69.428639,-22.9569489039999 -69.4286069999999,-22.960362905 -69.428589,-22.9636389039999 -69.428571,-22.967228904 -69.4285429999999,-22.9704749049999 -69.4285199999999,-22.973681905 -69.4285159999999,-22.976617905 -69.428482999,-22.9800709039999 -69.4284729999999,-22.9835389049999 -69.428449999,-22.9869399049999 -69.4284029999999,-22.990367904 -69.428387,-22.993614904 -69.4283639989999,-22.996862904 -69.428355,-23.0002019039999 -69.428327,-23.003361904 -69.428297,-23.0066819039999 -69.4282909999999,-23.009978904 -69.428257,-23.0134659039999 -69.4282459999999,-23.016986904 -69.428254,-23.020300904 -69.428211,-23.023696904 -69.428194,-23.0272669039999 -69.428176999,-23.030785904 -69.4281569999999,-23.0342189039999 -69.428125999,-23.037534904 -69.4280919999999,-23.0410409039999 -69.4280699989999,-23.044516904 -69.428084,-23.047969904 -69.428054,-23.0514689039999 -69.428017,-23.0548929039999 -69.427997999,-23.0582849039999 -69.427981,-23.0616209039999 -69.4279569999999,-23.065058904 -69.427941,-23.0685079039999 -69.427915,-23.071970904 -69.4278879999999,-23.0753519039999 -69.4278669999999,-23.078919904 -69.427835999,-23.0824199039999 -69.427811999,-23.085896904 -69.427781,-23.0894279039999 -69.427786999,-23.0929589039999 -69.427738,-23.096262904 -69.42774,-23.0993279039999 -69.427715,-23.1021429039999 -69.4272159989999,-23.105328904 -69.4266959989999,-23.1087429039999 -69.426182,-23.112068904 -69.4256589999999,-23.115396904 -69.4251379999999,-23.1188329039999 -69.42459,-23.122356904 -69.4240829989999,-23.125781904 -69.423552,-23.129245904 -69.422995,-23.1326729039999 -69.422472,-23.136080904 -69.421965999,-23.139445904 -69.4214509999999,-23.1428279039999 -69.420921,-23.1462049039999 -69.420396,-23.149620904 -69.4198529999999,-23.1531659029999 -69.419329999,-23.1565629039999 -69.418796,-23.1599899039999 -69.418259999,-23.1634319029999 -69.417776999,-23.166588904 -69.417323,-23.1694899039999 -69.416818999,-23.1727329039999 -69.4163159999999,-23.1760819039999 -69.415878,-23.178957904 -69.415467,-23.181674904 -69.414991,-23.184787904 -69.415881,-23.187645904 -69.4170169989999,-23.191233903 -69.418044999,-23.194494904 -69.4190199999999,-23.1974769029999 -69.4197859989999,-23.2000199029999 -69.420695999,-23.202847903 -69.421526,-23.2056919029999 -69.422583,-23.2088509029999 -69.423552,-23.211939904 -69.423085,-23.214262904 -69.422582,-23.2167939039999 -69.4220089999999,-23.219709904 -69.4211999999999,-23.2235509029999 -69.420513,-23.227003904 -69.41979,-23.230623904 -69.419088,-23.234042904 -69.418414,-23.237475904 -69.417697999,-23.2409499029999 -69.417002,-23.244495903 -69.4162959989999,-23.247962904 -69.4156199999999,-23.2513939039999 -69.41493,-23.254738903 -69.4142419999999,-23.2581549029999 -69.4135879999999,-23.2613719029999 -69.412754999,-23.265452904 -69.4120849999999,-23.268781904 -69.4112729999999,-23.2728079029999 -69.4105969989999,-23.276222904 -69.409993,-23.2792489029999 -69.409368999,-23.2821299039999 -69.408768999,-23.285269903 -69.408292,-23.287672904 -69.4077139999999,-23.290473903 -69.407069,-23.2937469029999 -69.406371,-23.297152903 -69.405677,-23.3006119029999 -69.40495,-23.304227903 -69.404214,-23.307762904 -69.403558,-23.311144903 -69.4028719999999,-23.3145979029999 -69.402192,-23.317850903 -69.4015479999999,-23.320970904 -69.4008729989999,-23.3244069039999 -69.400494,-23.327369903 -69.400072,-23.3309389029999 -69.399662,-23.333964904 -69.3995189999999,-23.3351789029999 -69.399195,-23.3378529039999 -69.398771,-23.341112903 -69.3983729999999,-23.344709904 -69.397857,-23.348470903 -69.397394,-23.352212903 -69.396939,-23.355718903 -69.3964769999999,-23.359355904 -69.396063999,-23.362670903 -69.395635,-23.3661309029999 -69.3951979989999,-23.369614903 -69.394763,-23.373072904 -69.394295999,-23.3767529039999 -69.393795999,-23.380754903 -69.393379,-23.3841469029999 -69.3929499989999,-23.387575903 -69.392530999,-23.390889903 -69.392103,-23.3942939029999 -69.391667,-23.397685904 -69.3912349989999,-23.401107903 -69.390789,-23.4047419029999 -69.390348,-23.408179903 -69.389923,-23.4116309039999 -69.389466,-23.415107903 -69.3890689999999,-23.4184789029999 -69.3886639999999,-23.421705903 -69.388321999,-23.4243319029999 -69.39018,-23.426262903 -69.3921309999999,-23.4282919029999 -69.394382999,-23.4305929029999 -69.396734,-23.433027903 -69.3991569999999,-23.4355189029999 -69.4013219999999,-23.437751904 -69.403756,-23.4402539029999 -69.4062329989999,-23.4428599029999 -69.408741,-23.445393903 -69.4085669999999,-23.445397903 -69.4087299999999,-23.447012903</coordinates></LineString>
  </Placemark>
  <Placemark id="lineas_sing.128">
	<name>EL COBRE - ESPERANZA. CIRCUITO 1 Y 2 220KV</name>
	<Style><LineStyle><color>ff0000ff</color></LineStyle><PolyStyle><fill>0</fill></PolyStyle></Style>
	<ExtendedData><SchemaData schemaUrl="#lineas_sing">
		<SimpleData name="OBJECTID">128</SimpleData>
		<SimpleData name="gml_id">lt_sing_1c966bdb_e893_4b2d_b52e_5945a9a8a68b.91</SimpleData>
		<SimpleData name="layer">Unknown Line Type</SimpleData>
		<SimpleData name="elevation">0</SimpleData>
		<SimpleData name="nombre">EL COBRE - ESPERANZA. CIRCUITO 1 Y 2 220KV</SimpleData>
		<SimpleData name="circuito">C1</SimpleData>
		<SimpleData name="tipo">ADICIONAL</SimpleData>
		<SimpleData name="f_operacio">2010</SimpleData>
		<SimpleData name="long_km">81.0968998474</SimpleData>
		<SimpleData name="tramo">EL COBRE - ESPERANZA</SimpleData>
		<SimpleData name="propiedad">MINERA ESPERANZA</SimpleData>
		<SimpleData name="tension_kv">220</SimpleData>
		<SimpleData name="rca">S/I</SimpleData>
		<SimpleData name="sist_elect">SING</SimpleData>
		<SimpleData name="estado">EN OPERACION</SimpleData>
		<SimpleData name="region">REGION DE ANTOFAGASTA</SimpleData>
		<SimpleData name="provincia">ANTOFAGASTA</SimpleData>
		<SimpleData name="comuna">SIERRA GORDA</SimpleData>
		<SimpleData name="fuente_bas">CNE</SimpleData>
		<SimpleData name="fech_crea">02-12-2014</SimpleData>
		<SimpleData name="fech_act">20/12/2016</SimpleData>
		<SimpleData name="Shape_Leng">0.754145269101501</SimpleData>
	</SchemaData></ExtendedData>
      <LineString><coordinates>-69.3837655899999,-23.4504943159999 -69.3859995349999,-23.429074112 -69.387803568,-23.424486934 -69.400402996,-23.324327814 -69.423053672,-23.2119888469999 -69.414481238,-23.184809076 -69.427226854,-23.102112211 -69.2920819519999,-23.011403666 -69.254562758,-22.99469254 -69.2327699419999,-22.9921737609999 -69.223860149,-22.995329323 -69.2178995689999,-22.9972531669999 -69.2012829729999,-23.0014222099999 -69.1808798559999,-23.0006985859999 -69.135141545,-22.959689704 -69.125915304,-22.9597785079999 -69.107085851,-22.9693777599999 -69.103864824,-22.9763924929999 -69.102778187,-22.984006601 -69.0986089799999,-22.9970761339999</coordinates></LineString>
  </Placemark>
  <Placemark id="lineas_sing.129">
	<name>ESMERALDA - CENTRO 110KV</name>
	<Style><LineStyle><color>ff0000ff</color></LineStyle><PolyStyle><fill>0</fill></PolyStyle></Style>
	<ExtendedData><SchemaData schemaUrl="#lineas_sing">
		<SimpleData name="OBJECTID">129</SimpleData>
		<SimpleData name="gml_id">lt_sing_1c966bdb_e893_4b2d_b52e_5945a9a8a68b.92</SimpleData>
		<SimpleData name="layer">Unknown Line Type</SimpleData>
		<SimpleData name="elevation">0</SimpleData>
		<SimpleData name="nombre">ESMERALDA - CENTRO 110KV</SimpleData>
		<SimpleData name="circuito">C1</SimpleData>
		<SimpleData name="tipo">SUBTRANSMISION</SimpleData>
		<SimpleData name="f_operacio">2002</SimpleData>
		<SimpleData name="long_km">0.531574922377</SimpleData>
		<SimpleData name="tramo">ESMERALDA - CENTRO / ESTRUCTURA 5 - ML</SimpleData>
		<SimpleData name="propiedad">EMEL</SimpleData>
		<SimpleData name="tension_kv">110</SimpleData>
		<SimpleData name="rca">S/I</SimpleData>
		<SimpleData name="sist_elect">SING</SimpleData>
		<SimpleData name="estado">EN OPERACION</SimpleData>
		<SimpleData name="region">REGION DE ANTOFAGASTA</SimpleData>
		<SimpleData name="provincia">ANTOFAGASTA</SimpleData>
		<SimpleData name="comuna">ANTOFAGASTA</SimpleData>
		<SimpleData name="fuente_bas">CNE</SimpleData>
		<SimpleData name="fech_crea">02-12-2014</SimpleData>
		<SimpleData name="fech_act">20/12/2016</SimpleData>
		<SimpleData name="Shape_Leng">0.003309115584104</SimpleData>
	</SchemaData></ExtendedData>
      <LineString><coordinates>-70.391687238,-23.6729009159999 -70.393059009,-23.671886162 -70.393683182,-23.672494645 -70.394054688,-23.6723919629999 -70.394292671,-23.672642685</coordinates></LineString>
  </Placemark>
  <Placemark id="lineas_sing.130">
	<name>ESMERALDA - CENTRO 110KV</name>
	<Style><LineStyle><color>ff0000ff</color></LineStyle><PolyStyle><fill>0</fill></PolyStyle></Style>
	<ExtendedData><SchemaData schemaUrl="#lineas_sing">
		<SimpleData name="OBJECTID">130</SimpleData>
		<SimpleData name="gml_id">lt_sing_1c966bdb_e893_4b2d_b52e_5945a9a8a68b.93</SimpleData>
		<SimpleData name="layer">Unknown Line Type</SimpleData>
		<SimpleData name="elevation">0</SimpleData>
		<SimpleData name="nombre">ESMERALDA - CENTRO 110KV</SimpleData>
		<SimpleData name="circuito">C1</SimpleData>
		<SimpleData name="tipo">SUBTRANSMISION</SimpleData>
		<SimpleData name="f_operacio">2002</SimpleData>
		<SimpleData name="long_km">0.531574922377</SimpleData>
		<SimpleData name="tramo">ESMERALDA - CENTRO / ESTRUCTURA 5 - ML</SimpleData>
		<SimpleData name="propiedad">EMEL</SimpleData>
		<SimpleData name="tension_kv">110</SimpleData>
		<SimpleData name="rca">S/I</SimpleData>
		<SimpleData name="sist_elect">SING</SimpleData>
		<SimpleData name="estado">EN OPERACION</SimpleData>
		<SimpleData name="region">REGION DE ANTOFAGASTA</SimpleData>
		<SimpleData name="provincia">ANTOFAGASTA</SimpleData>
		<SimpleData name="comuna">ANTOFAGASTA</SimpleData>
		<SimpleData name="fuente_bas">CNE</SimpleData>
		<SimpleData name="fech_crea">02-12-2014</SimpleData>
		<SimpleData name="fech_act">20/12/2016</SimpleData>
		<SimpleData name="Shape_Leng">0.001788802644141</SimpleData>
	</SchemaData></ExtendedData>
      <LineString><coordinates>-70.389928649,-23.6725735329999 -70.391687238,-23.6729009159999</coordinates></LineString>
  </Placemark>
  <Placemark id="lineas_sing.131">
	<name>CENTRAL TOCOPILLA - CRUCERO.CIRCUITO N</name>
	<Style><LineStyle><color>ff0000ff</color></LineStyle><PolyStyle><fill>0</fill></PolyStyle></Style>
	<ExtendedData><SchemaData schemaUrl="#lineas_sing">
		<SimpleData name="OBJECTID">131</SimpleData>
		<SimpleData name="gml_id">lt_sing_1c966bdb_e893_4b2d_b52e_5945a9a8a68b.98</SimpleData>
		<SimpleData name="layer">Unknown Line Type</SimpleData>
		<SimpleData name="elevation">0</SimpleData>
		<SimpleData name="nombre">CENTRAL TOCOPILLA - CRUCERO.CIRCUITO N</SimpleData>
		<SimpleData name="circuito">C1 - C2</SimpleData>
		<SimpleData name="tipo">ADICIONAL</SimpleData>
		<SimpleData name="f_operacio">1986</SimpleData>
		<SimpleData name="long_km">129.245734526</SimpleData>
		<SimpleData name="tramo">TOCOPILLA-EL LOA/ EL LOA-CRUCERO</SimpleData>
		<SimpleData name="propiedad">E-CL</SimpleData>
		<SimpleData name="tension_kv">220</SimpleData>
		<SimpleData name="rca">S/I</SimpleData>
		<SimpleData name="sist_elect">SING</SimpleData>
		<SimpleData name="estado">EN OPERACION</SimpleData>
		<SimpleData name="region">REGION DE ANTOFAGASTA</SimpleData>
		<SimpleData name="provincia">EL LOA-TOCOPILLA</SimpleData>
		<SimpleData name="comuna">CALAMA-MAROA ELENA-TOCOPILLA</SimpleData>
		<SimpleData name="fuente_bas">CNE</SimpleData>
		<SimpleData name="fech_crea">02-12-2014</SimpleData>
		<SimpleData name="fech_act">20/12/2016</SimpleData>
		<SimpleData name="Shape_Leng">0.001475594518314</SimpleData>
	</SchemaData></ExtendedData>
      <LineString><coordinates>-69.5678147849999,-22.2758041189999 -69.569147614,-22.275170916</coordinates></LineString>
  </Placemark>
  <Placemark id="lineas_sing.132">
	<name>ATACAMA - ENCUENTRO.CIRCUITO N21 220KV</name>
	<Style><LineStyle><color>ff0000ff</color></LineStyle><PolyStyle><fill>0</fill></PolyStyle></Style>
	<ExtendedData><SchemaData schemaUrl="#lineas_sing">
		<SimpleData name="OBJECTID">132</SimpleData>
		<SimpleData name="gml_id">lt_sing_1c966bdb_e893_4b2d_b52e_5945a9a8a68b.96</SimpleData>
		<SimpleData name="layer">Unknown Line Type</SimpleData>
		<SimpleData name="elevation">0</SimpleData>
		<SimpleData name="nombre">ATACAMA - ENCUENTRO.CIRCUITO N21 220KV</SimpleData>
		<SimpleData name="circuito">C1 - C2</SimpleData>
		<SimpleData name="tipo">TRONCAL</SimpleData>
		<SimpleData name="f_operacio">1999</SimpleData>
		<SimpleData name="long_km">153.218639394</SimpleData>
		<SimpleData name="tramo">ATACAMA- ENCUENTRO</SimpleData>
		<SimpleData name="propiedad">TRANSELEC NORTE</SimpleData>
		<SimpleData name="tension_kv">220</SimpleData>
		<SimpleData name="rca">S/I</SimpleData>
		<SimpleData name="sist_elect">SING</SimpleData>
		<SimpleData name="estado">EN OPERACION</SimpleData>
		<SimpleData name="region">REGION DE ANTOFAGASTA</SimpleData>
		<SimpleData name="provincia">ANTOFAGASTA-TOCOPILLA</SimpleData>
		<SimpleData name="comuna">MARIA ELENA-MEJILLONES-SIERRA GORDA</SimpleData>
		<SimpleData name="fuente_bas">CNE</SimpleData>
		<SimpleData name="fech_crea">02-12-2014</SimpleData>
		<SimpleData name="fech_act">20/12/2016</SimpleData>
		<SimpleData name="Shape_Leng">1.43780620039868</SimpleData>
	</SchemaData></ExtendedData>
      <LineString><coordinates>-70.416106414,-23.094273675 -70.417122444,-23.0953860729999 -70.418346333,-23.096434808 -70.4178517289999,-23.097541309 -70.416583337,-23.100376576 -70.4155819279999,-23.102610306 -70.41225129,-23.10246717 -70.4090008279999,-23.102327615 -70.405976374,-23.102202931 -70.4019788799999,-23.102036686 -70.400056703,-23.101953001 -70.396663116,-23.103596673 -70.3932414509999,-23.105249446 -70.389886221,-23.106870906 -70.3865944349999,-23.108447299 -70.3832462949999,-23.110063286 -70.37993123,-23.1116629979999 -70.3765916569999,-23.113270562 -70.3731485769999,-23.114935986 -70.369880387,-23.116519716 -70.3666776319999,-23.118059822 -70.363274646,-23.119690229 -70.3599829,-23.1212801849999 -70.356724228,-23.1228565769999 -70.3535160009999,-23.124401324 -70.350114085,-23.1260401769999 -70.346796379,-23.127648027 -70.3435900549999,-23.1291875379999 -70.341147935,-23.130359422 -70.3385179169999,-23.13163291 -70.3358249619999,-23.132924481 -70.3325146559999,-23.1333488499999 -70.3290481779999,-23.133789368 -70.324349218,-23.134386089 -70.319952212,-23.134949268 -70.316157031,-23.1354273609999 -70.312639355,-23.1358755329999 -70.3088265069999,-23.136360467 -70.305110978,-23.136838263 -70.3016453929999,-23.1372764299999 -70.2983844409999,-23.137693976 -70.295202387,-23.138097473 -70.2924745729999,-23.139176321 -70.289688185,-23.1402801529999 -70.286486144,-23.1415517369999 -70.284003652,-23.1425243809999 -70.281276362,-23.143602229 -70.280233682,-23.144003407 -70.276730877,-23.1433420349999 -70.274299663,-23.14287804 -70.270968973,-23.1422457379999 -70.266747928,-23.1407516749999 -70.266323432,-23.140604148 -70.262639352,-23.13929525 -70.259180473,-23.137846333 -70.256053623,-23.136531641 -70.253382829,-23.135416348 -70.251416204,-23.1345882159999 -70.248792497,-23.133488578 -70.247360181,-23.133057182 -70.244117175,-23.13214262 -70.240579302,-23.131151958 -70.237017688,-23.1301526939999 -70.233353597,-23.1291190709999 -70.229841796,-23.1281285749999 -70.226526625,-23.127198047 -70.222421904,-23.126041915 -70.2181898109999,-23.1248472729999 -70.21445288,-23.123795679 -70.210680752,-23.1227369289999 -70.207138935,-23.12173633 -70.203159337,-23.1206143379999 -70.200650454,-23.1199097419999 -70.197948932,-23.119147445 -70.195200255,-23.117837064 -70.192238244,-23.1164220279999 -70.1898688169999,-23.115288138 -70.187336805,-23.1140896709999 -70.18418249,-23.1125797879999 -70.180536441,-23.1108364589999 -70.1777122729999,-23.1094891019999 -70.1721074179999,-23.1068186699999 -70.1692237349999,-23.105437213 -70.1661663909999,-23.1039801819999 -70.163811353,-23.1028564559999 -70.160890111,-23.101456734 -70.1570979259999,-23.099645455 -70.155777811,-23.099017578 -70.153747477,-23.0980457589999 -70.151563443,-23.09700105 -70.146402209,-23.09453833 -70.1440724449999,-23.093430535 -70.14132483,-23.092118881 -70.1382166819999,-23.0906324009999 -70.13517018,-23.0891745829999 -70.1322561009999,-23.087779445 -70.129116191,-23.086285099 -70.125348351,-23.0844889869999 -70.1221936009999,-23.0829802709999 -70.1189081369999,-23.0814114369999 -70.1166619049999,-23.080353036 -70.1149687239999,-23.0777171949999 -70.113006761,-23.0746885409999 -70.111070356,-23.0717015019999 -70.1091200559999,-23.068690929 -70.107184075,-23.0657020369999 -70.1052352889999,-23.062696498 -70.103293832,-23.059696511 -70.101385745,-23.0567529579999 -70.099448318,-23.053763524 -70.0974952559999,-23.0507423609999 -70.0955546119999,-23.047750322 -70.0936235469999,-23.044760573 -70.0919380559999,-23.0421514339999 -70.090453412,-23.0398545199999 -70.0890536969999,-23.03769639 -70.086949139,-23.034448158 -70.085038748,-23.0314918609999 -70.084060101,-23.029973479 -70.082560052,-23.027658077 -70.0812689539999,-23.025670367 -70.0788242639999,-23.0218881499999 -70.0772916289999,-23.0195177919999 -70.075209512,-23.016304807 -70.0732534319999,-23.0132867789999 -70.071377006,-23.010378752 -70.0695225269999,-23.0075161889999 -70.0676106619999,-23.004560199 -70.065694803,-23.001592404 -70.063764766,-22.9986201749999 -70.061874728,-22.9956983449999 -70.060120167,-22.9929802 -70.0582093519999,-22.990024865 -70.05628258,-22.987044784 -70.054652511,-22.9845263559999 -70.0529794179999,-22.981941822 -70.051410725,-22.979513611 -70.048381697,-22.977905388 -70.045159923,-22.9761984969999 -70.040952335,-22.973982023 -70.037745902,-22.972282127 -70.035561768,-22.971121836 -70.03184119,-22.9691470339999 -70.029159303,-22.9677355489999 -70.027259317,-22.965182054 -70.025131771,-22.9623235609999 -70.023204645,-22.959734263 -70.021129555,-22.956928676 -70.019147785,-22.954273305 -70.0173475459999,-22.951840723 -70.014079351,-22.95049884 -70.010694218,-22.949107356 -70.007161599,-22.9476620039999 -70.004027203,-22.946370991 -70.0008453299999,-22.945064588 -69.9980767069999,-22.943923556 -69.995480532,-22.942851344 -69.991577976,-22.9412487009999 -69.988836466,-22.940111611 -69.986272523,-22.939062032 -69.985060227,-22.9358686099999 -69.983872307,-22.932723199 -69.982843386,-22.929999047 -69.981596953,-22.9267045359999 -69.9805192009999,-22.923868586 -69.979480645,-22.9211070609999 -69.9782251779999,-22.917809341 -69.9770799089999,-22.914784297 -69.9757970809999,-22.9113806999999 -69.974652583,-22.9083708479999 -69.9708352819999,-22.9070019979999 -69.967925932,-22.905954521 -69.964884914,-22.9048620209999 -69.962059546,-22.903847717 -69.958427727,-22.9025365059999 -69.954226988,-22.9010359129999 -69.9503698239999,-22.899659401 -69.94640966,-22.8982285279999 -69.944828472,-22.8976617349999 -69.941971048,-22.8966283079999 -69.938140515,-22.895256751 -69.9342086789999,-22.893844121 -69.9308575599999,-22.892691618 -69.9275026779999,-22.891537924 -69.9241667049999,-22.8903954479999 -69.9205692899999,-22.889153817 -69.9170213789999,-22.887930029 -69.913639554,-22.8867686689999 -69.9102567369999,-22.8856020869999 -69.90711406,-22.884528218 -69.9042009,-22.883517621 -69.901517015,-22.882591911 -69.896906321,-22.881007891 -69.893393426,-22.8798006279999 -69.89040634,-22.8787703899999 -69.887711257,-22.8778423439999 -69.884022795,-22.876570858 -69.880378192,-22.8767857679999 -69.877116599,-22.876965269 -69.873384057,-22.8771865329999 -69.870420098,-22.8773600549999 -69.86631345,-22.877602698 -69.864177005,-22.877719457 -69.860402197,-22.876598761 -69.856615403,-22.875474703 -69.853155602,-22.874444292 -69.8494885429999,-22.873355623 -69.846212865,-22.872381646 -69.843092702,-22.8714556219999 -69.839565024,-22.8704109299999 -69.8366948629999,-22.8695490389999 -69.833231637,-22.867864057 -69.830068927,-22.866316371 -69.827000889,-22.864832669 -69.824302783,-22.863519266 -69.821413752,-22.862114732 -69.8183376279999,-22.8613733089999 -69.819317116,-22.861095898 -69.8152206889999,-22.8604160639999 -69.811978703,-22.8594185699999 -69.808570555,-22.858371769 -69.8052702259999,-22.8573582929999 -69.801723373,-22.856268948 -69.7987632799999,-22.855363817 -69.79505643,-22.8542221819999 -69.7913950179999,-22.853093515 -69.787572774,-22.851926653 -69.7838581189999,-22.850783688 -69.7804591299999,-22.8497449549999 -69.776908149,-22.848649822 -69.7731870929999,-22.847497442 -69.7695114379999,-22.846379707 -69.765927169,-22.845275316 -69.762572486,-22.8442436249999 -69.7587493939999,-22.8430698509999 -69.755355499,-22.842025008 -69.7515761989999,-22.840858125 -69.749775953,-22.8383938389999 -69.747907894,-22.835831694 -69.746175447,-22.8334422199999 -69.7438127789999,-22.830195094 -69.741744405,-22.8273546149999 -69.7395832409999,-22.824370599 -69.737468494,-22.8214663329999 -69.735279578,-22.818441504 -69.733525856,-22.816022377 -69.731485461,-22.813222556 -69.729716088,-22.810785611 -69.728054228,-22.808505258 -69.726246459,-22.806015031 -69.725118424,-22.8044551629999 -69.722244887,-22.802759303 -69.7191129729999,-22.8009040329999 -69.7159648109999,-22.7990364029999 -69.7129010849999,-22.797230337 -69.709717481,-22.795347083 -69.7067984999999,-22.7936178959999 -69.704041173,-22.791984124 -69.7012432889999,-22.790318344 -69.69794982,-22.7883809649999 -69.6947986289999,-22.7865202909999 -69.6919615579999,-22.784838282 -69.6890483179999,-22.7831124059999 -69.6863045869999,-22.78149755 -69.683598246,-22.779885329 -69.681738689,-22.777326785 -69.6799607569999,-22.774890238 -69.677851402,-22.7719834499999 -69.6757730739999,-22.7691292919999 -69.673796736,-22.766408075 -69.671713988,-22.763527224 -69.669600115,-22.7606181039999 -69.667542133,-22.7577876359999 -69.665425714,-22.7548695039999 -69.6633213269999,-22.7519705139999 -69.661251415,-22.7491160239999 -69.659184771,-22.746263396 -69.657065613,-22.7433430199999 -69.6550140319999,-22.740513273 -69.652941278,-22.737657719 -69.6508360349999,-22.73474529 -69.648786808,-22.7319290029999 -69.646737409,-22.729091533 -69.6447919559999,-22.7264053449999 -69.6427192159999,-22.723549706 -69.6405905619999,-22.720620039 -69.638377355,-22.717547682 -69.63625424,-22.7146288509999 -69.63418767,-22.7117919689999 -69.632062209,-22.7088462569999 -69.63005328,-22.706080265 -69.6282295459999,-22.703559877 -69.6264494759999,-22.7011002359999 -69.6249189659999,-22.698996532 -69.624900199,-22.695694862 -69.624883841,-22.692309806 -69.6248699449999,-22.688799816 -69.6248502079999,-22.685319305 -69.624838521,-22.681791072 -69.624831945,-22.678283372 -69.624803567,-22.6747873809999 -69.6247876629999,-22.6712752139999 -69.62477587,-22.667786841 -69.624754025,-22.6643157889999 -69.6247344669999,-22.6608980849999 -69.624723634,-22.6574750259999 -69.6247003509999,-22.6539738619999 -69.624688194,-22.650407829 -69.624674726,-22.646840444 -69.624659085,-22.643489845 -69.623480672,-22.64080802 -69.6222012389999,-22.6378850999999 -69.6210295349999,-22.635230145 -69.619828281,-22.6325177419999 -69.6186220549999,-22.629754362 -69.617282624,-22.62671254 -69.6158543669999,-22.623458918 -69.614471879,-22.620289413 -69.6130315199999,-22.617010331 -69.6116312519999,-22.6138293449999 -69.610207218,-22.610581398 -69.6087851299999,-22.6073361059999 -69.607345768,-22.6040734499999 -69.6059041569999,-22.600781216 -69.604470624,-22.597513106 -69.6030331159999,-22.5942520159999 -69.601575189,-22.590917777 -69.600080895,-22.587513464 -69.598685775,-22.584340954 -69.597275394,-22.581116997 -69.595865438,-22.577901206 -69.594415783,-22.574615697 -69.593079201,-22.5715616529999 -69.5917058919999,-22.568430549 -69.590241813,-22.5651114959999 -69.588972676,-22.56219372 -69.587531198,-22.558919693 -69.586106291,-22.555668209 -69.584654982,-22.5523771379999 -69.58322297,-22.549096995 -69.581828582,-22.545917247 -69.580386033,-22.542624852 -69.578962615,-22.539382501 -69.577561679,-22.536170882 -69.5761479,-22.532964072 -69.574728766,-22.5297262619999 -69.573359035,-22.526601909 -69.571963905,-22.5234121559999 -69.5705757279999,-22.520253539 -69.569166275,-22.517044165 -69.5677506609999,-22.513796965 -69.566284157,-22.51047719 -69.565084708,-22.507722078 -69.565799926,-22.5064766799999 -69.5649827519999,-22.5050476609999 -69.5635701209999,-22.502568206 -69.5621438219999,-22.500092674 -69.5607292619999,-22.4976236549999 -69.5595710809999,-22.4956039209999 -69.5581903629999,-22.493180411 -69.5567401599999,-22.4906711419999 -69.5553582649999,-22.487725876 -69.5540229599999,-22.4848974069999 -69.552655149,-22.4820019059999 -69.5512860589999,-22.479096055 -69.5499736099999,-22.4763073309999 -69.5486442279999,-22.4735043499999 -69.547464244,-22.471009422 -69.545944569,-22.4677902129999 -69.544411412,-22.4645238909999 -69.542836817,-22.461177531 -69.5413562219999,-22.4580415259999 -69.539808375,-22.454777368 -69.538274792,-22.451511894 -69.536629577,-22.448031514 -69.535524449,-22.445684499 -69.5346045489999,-22.442604289 -69.5336392789999,-22.439374791 -69.532810244,-22.4365647029999 -69.531814578,-22.433227223 -69.5310011669999,-22.4305131469999 -69.529874875,-22.426721614 -69.529006511,-22.423832075 -69.528091149,-22.420771015 -69.5272420169999,-22.417921855 -69.5263166,-22.4148024249999 -69.525342365,-22.4115669829999 -69.524446519,-22.4085633079999 -69.5235108699999,-22.405391306 -69.5226062999999,-22.4023501089999 -69.521363553,-22.3982132689999 -69.5207649709999,-22.396210868 -69.521991042,-22.393226254 -69.5231698279999,-22.3903465389999 -69.524247878,-22.3877069399999 -69.525354823,-22.385009468 -69.526752152,-22.381589763 -69.5280638529999,-22.378380132 -69.5293843119999,-22.375165357 -69.5306028969999,-22.372173817 -69.531958742,-22.3688615209999 -69.533345233,-22.365475428 -69.5346734519999,-22.3622183319999 -69.536004577,-22.3589662689999 -69.537258298,-22.3559057379999 -69.538575184,-22.3526716219999 -69.539824516,-22.3496216629999 -69.541119867,-22.3464315859999 -69.542361189,-22.343388505 -69.543605137,-22.340345993 -69.544755175,-22.33751167 -69.545974325,-22.33440188 -69.5471833519999,-22.33131888 -69.548433609,-22.328119321 -69.5497219919999,-22.324848784 -69.5510239929999,-22.3215153199999 -69.552270398,-22.318349585 -69.553531291,-22.315118621 -69.5547768719999,-22.311931049 -69.556091532,-22.308580369 -69.557382041,-22.3052882979999 -69.558633781,-22.302091876 -69.55974345,-22.2992561049999 -69.560896296,-22.296321892 -69.562174048,-22.2930555209999 -69.563974666,-22.2884601229999 -69.564973777,-22.2859134999999 -69.566079513,-22.2830865079999</coordinates></LineString>
  </Placemark>
  <Placemark id="lineas_sing.133">
	<name>CENTRAL TOCOPILLA - CRUCERO.CIRCUITO N</name>
	<Style><LineStyle><color>ff0000ff</color></LineStyle><PolyStyle><fill>0</fill></PolyStyle></Style>
	<ExtendedData><SchemaData schemaUrl="#lineas_sing">
		<SimpleData name="OBJECTID">133</SimpleData>
		<SimpleData name="gml_id">lt_sing_1c966bdb_e893_4b2d_b52e_5945a9a8a68b.97</SimpleData>
		<SimpleData name="layer">Unknown Line Type</SimpleData>
		<SimpleData name="elevation">0</SimpleData>
		<SimpleData name="nombre">CENTRAL TOCOPILLA - CRUCERO.CIRCUITO N</SimpleData>
		<SimpleData name="circuito">C1 - C2</SimpleData>
		<SimpleData name="tipo">ADICIONAL</SimpleData>
		<SimpleData name="f_operacio">1986</SimpleData>
		<SimpleData name="long_km">129.245734526</SimpleData>
		<SimpleData name="tramo">TOCOPILLA-EL LOA/ EL LOA-CRUCERO</SimpleData>
		<SimpleData name="propiedad">E-CL</SimpleData>
		<SimpleData name="tension_kv">220</SimpleData>
		<SimpleData name="rca">S/I</SimpleData>
		<SimpleData name="sist_elect">SING</SimpleData>
		<SimpleData name="estado">EN OPERACION</SimpleData>
		<SimpleData name="region">REGION DE ANTOFAGASTA</SimpleData>
		<SimpleData name="provincia">EL LOA-TOCOPILLA</SimpleData>
		<SimpleData name="comuna">CALAMA-MAROA ELENA-TOCOPILLA</SimpleData>
		<SimpleData name="fuente_bas">CNE</SimpleData>
		<SimpleData name="fech_crea">02-12-2014</SimpleData>
		<SimpleData name="fech_act">20/12/2016</SimpleData>
		<SimpleData name="Shape_Leng">1.24646790210437</SimpleData>
	</SchemaData></ExtendedData>
      <LineString><coordinates>-70.21215261,-22.098001085 -70.212756355,-22.099459951 -70.209640076,-22.1034485389999 -70.2079477459999,-22.1061980599999 -70.2057674659999,-22.108571781 -70.201521914,-22.108612098 -70.164703456,-22.1238932639999 -70.1574257619999,-22.1277735629999 -70.153439132,-22.1297809709999 -70.135816112,-22.142423542 -70.000220644,-22.190402239 -69.987544151,-22.200298882 -69.841373705,-22.2670471 -69.72225037,-22.282779057 -69.656623205,-22.280844454 -69.5654279619999,-22.27604733 -69.4359254789999,-22.270728022 -69.100379357,-22.290642364 -69.0113307399999,-22.3111445819999</coordinates></LineString>
  </Placemark>
  <Placemark id="lineas_sing.134">
	<name>O'HIGGINS - DOMEYKO 220KV</name>
	<Style><LineStyle><color>ff0000ff</color></LineStyle><PolyStyle><fill>0</fill></PolyStyle></Style>
	<ExtendedData><SchemaData schemaUrl="#lineas_sing">
		<SimpleData name="OBJECTID">134</SimpleData>
		<SimpleData name="gml_id">lt_sing_1c966bdb_e893_4b2d_b52e_5945a9a8a68b.104</SimpleData>
		<SimpleData name="layer">Unknown Line Type</SimpleData>
		<SimpleData name="elevation">0</SimpleData>
		<SimpleData name="nombre">O'HIGGINS - DOMEYKO 220KV</SimpleData>
		<SimpleData name="circuito">C1</SimpleData>
		<SimpleData name="tipo">ADICIONAL</SimpleData>
		<SimpleData name="f_operacio">1993</SimpleData>
		<SimpleData name="long_km">131.35352667</SimpleData>
		<SimpleData name="tramo">OHIGGINS - DOMEYKO</SimpleData>
		<SimpleData name="propiedad">MINERA ESCONDIDA</SimpleData>
		<SimpleData name="tension_kv">220</SimpleData>
		<SimpleData name="rca">S/I</SimpleData>
		<SimpleData name="sist_elect">SING</SimpleData>
		<SimpleData name="estado">EN OPERACION</SimpleData>
		<SimpleData name="region">REGION DE ANTOFAGASTA</SimpleData>
		<SimpleData name="provincia">ANTOFAGASTA</SimpleData>
		<SimpleData name="comuna">ANTOFAGASTA</SimpleData>
		<SimpleData name="fuente_bas">CNE</SimpleData>
		<SimpleData name="fech_crea">02-12-2014</SimpleData>
		<SimpleData name="fech_act">20/12/2016</SimpleData>
		<SimpleData name="Shape_Leng">1.26555219498337</SimpleData>
	</SchemaData></ExtendedData>
      <LineString><coordinates>-69.102657,-24.2429179009999 -69.105791,-24.242818901 -69.108283,-24.2427159009999 -69.110539,-24.242597901 -69.112982,-24.2424679009999 -69.116361,-24.2423119009999 -69.120533999,-24.242110902 -69.123642,-24.2419489019999 -69.1263949999999,-24.2418199009999 -69.128681,-24.2416989019999 -69.1316899999999,-24.2415459009999 -69.1347929999999,-24.2413909009999 -69.1379229999999,-24.2412289009999 -69.140680999,-24.2410979009999 -69.1435559999999,-24.240967901 -69.1466569999999,-24.2407989019999 -69.149682,-24.240655901 -69.1527149999999,-24.2405069009999 -69.155658,-24.240343901 -69.158761,-24.240189901 -69.161599,-24.240068901 -69.164612,-24.239891901 -69.167887,-24.2397409009999 -69.171317,-24.2395909009999 -69.174776,-24.2394079009999 -69.1776869999999,-24.2392699009999 -69.180376,-24.2391359009999 -69.183566,-24.238966901 -69.185352,-24.2375129009999 -69.186968,-24.236126902 -69.1887409999999,-24.234691901 -69.190651999,-24.233089901 -69.19262,-24.231486901 -69.19487,-24.2295949009999 -69.196964,-24.2278829009999 -69.19936,-24.2258799009999 -69.20186,-24.2238239009999 -69.204415,-24.2226589009999 -69.207545,-24.221311901 -69.2098599999999,-24.220256901 -69.211846,-24.2194399009999 -69.2147219999999,-24.2181459019999 -69.216892,-24.217536901 -69.220454,-24.2164899009999 -69.2227379999999,-24.2158129009999 -69.225512,-24.2150279009999 -69.22813,-24.214267901 -69.22995,-24.213726901 -69.232765,-24.2135199009999 -69.236548,-24.213256901 -69.2385829999999,-24.213093902 -69.241841,-24.212878901 -69.244721,-24.2126609009999 -69.2479549999999,-24.2124319009999 -69.25101,-24.212198901 -69.253167999,-24.210598901 -69.255443999,-24.208888901 -69.257036,-24.207739901 -69.259337,-24.2059989009999 -69.2617509999999,-24.204210901 -69.2643909989999,-24.202264901 -69.267171,-24.2001869009999 -69.2692959999999,-24.198581901 -69.270433,-24.1977359009999 -69.2710049999999,-24.198031902 -69.271213,-24.197147902 -69.273201,-24.1956839009999 -69.2759369999999,-24.1941569009999 -69.278648,-24.192653901 -69.28124,-24.191208902 -69.283251,-24.188966901 -69.2851939999999,-24.186689901 -69.28727,-24.1843109009999 -69.2893109999999,-24.1819249009999 -69.291103,-24.179872901 -69.293504,-24.178757901 -69.295913,-24.177614902 -69.298221,-24.176526902 -69.300622,-24.175405901 -69.303213,-24.1742019009999 -69.305913999,-24.1729039009999 -69.308463,-24.171714901 -69.311319,-24.1703819009999 -69.314049999,-24.1690889019999 -69.316746,-24.1678079009999 -69.319507,-24.166510902 -69.322331,-24.1651999009999 -69.325057,-24.1639369019999 -69.327775,-24.162641901 -69.3303749999999,-24.161423901 -69.33278,-24.1602879009999 -69.335253,-24.1591399009999 -69.3380329999999,-24.1578119009999 -69.340766,-24.1565289009999 -69.343426,-24.1552919019999 -69.346389,-24.1538929019999 -69.349368999,-24.152487901 -69.352111,-24.151209901 -69.354837,-24.149929901 -69.357613999,-24.1486249009999 -69.360287,-24.147355902 -69.363415,-24.145888901 -69.366878,-24.143736901 -69.3692399999999,-24.1422759019999 -69.371554999,-24.140830901 -69.374181,-24.139185901 -69.377353,-24.1372349019999 -69.3806769999999,-24.135151902 -69.3840949999999,-24.133036901 -69.38733,-24.1310229019999 -69.3905179989999,-24.1290399019999 -69.393614,-24.1279149019999 -69.396777,-24.126775901 -69.399934,-24.125632901 -69.403611,-24.124313902 -69.407350999,-24.1229819009999 -69.41117,-24.1215839019999 -69.414824999,-24.1202829019999 -69.418580999,-24.118938902 -69.422492,-24.1174959009999 -69.426258,-24.116132901 -69.429456,-24.114979901 -69.4325539989999,-24.113852901 -69.435909,-24.112642901 -69.4395329989999,-24.111334902 -69.4433739999999,-24.109954901 -69.44715,-24.108589901 -69.450861,-24.107257902 -69.454605999,-24.105905902 -69.457213,-24.104193902 -69.459493,-24.102710901 -69.462113,-24.101002901 -69.464828,-24.099236901 -69.4683699999999,-24.096926902 -69.471896999,-24.094622901 -69.474906999,-24.092671901 -69.477612,-24.090907901 -69.479925,-24.089395902 -69.479849999,-24.089174902 -69.479795999,-24.088931902 -69.479688999,-24.0886049009999 -69.4806189989999,-24.088932902 -69.483464999,-24.087086901 -69.4877059999999,-24.0848849019999 -69.4909479999999,-24.0831959019999 -69.494113888,-24.081583235 -69.4978009989999,-24.079649901 -69.501409,-24.077754902 -69.5048939989999,-24.075958901 -69.508946999,-24.073874901 -69.51237,-24.0720939019999 -69.515588999,-24.0704169009999 -69.5190219999999,-24.0686269019999 -69.522861,-24.0666269019999 -69.526662,-24.064655902 -69.529891,-24.062975901 -69.5334599999999,-24.0611129019999 -69.536613,-24.059483902 -69.539733,-24.057862902 -69.543022,-24.0561419009999 -69.546341,-24.0544309009999 -69.549794999,-24.052630902 -69.553287999,-24.050815902 -69.5569609999999,-24.0488869009999 -69.5607189999999,-24.046964902 -69.564292,-24.0451039009999 -69.567625999,-24.0433549009999 -69.571119,-24.041550902 -69.574608,-24.0397309009999 -69.577847999,-24.038046902 -69.580774999,-24.036177902 -69.583609999,-24.034358902 -69.5865669999999,-24.032484902 -69.590004,-24.0302959009999 -69.5932339999999,-24.028233902 -69.596693999,-24.0260139009999 -69.60016,-24.0238029019999 -69.603514,-24.021663901 -69.60711,-24.019374902 -69.610625,-24.0171219009999 -69.6140149989999,-24.0149619009999 -69.617317,-24.0128639019999 -69.620474999,-24.010867901 -69.623454,-24.008951902 -69.626684,-24.0069169019999 -69.6300739989999,-24.004727902 -69.6331249999999,-24.0027769009999 -69.636278999,-24.000764902 -69.639594,-23.998644901 -69.6427889999999,-23.996627901 -69.646158,-23.994453902 -69.649392999,-23.9923999019999 -69.6526959989999,-23.990277901 -69.656262999,-23.988023901 -69.6594249999999,-23.9859809019999 -69.662811,-23.983836901 -69.666013,-23.981757902 -69.668737999,-23.980048901 -69.6709369989999,-23.978630901 -69.673843,-23.976789901 -69.678515999,-23.973809901 -69.68163,-23.9718199019999 -69.684815999,-23.969785901 -69.688257999,-23.967602901 -69.691562999,-23.965452902 -69.694826,-23.963371901 -69.698222,-23.9612159009999 -69.701919,-23.958844902 -69.705386,-23.9566219009999 -69.708364,-23.9547139009999 -69.711441999,-23.952759901 -69.714435999,-23.9508439009999 -69.717767999,-23.948713902 -69.720855999,-23.946735901 -69.7241799999999,-23.944617901 -69.727502999,-23.942489902 -69.7305459999999,-23.940540901 -69.733325,-23.938754901 -69.736302999,-23.9368549009999 -69.73956,-23.9347689009999 -69.742845,-23.9326649019999 -69.7461579989999,-23.9305579009999 -69.749292,-23.928540902 -69.752627,-23.9264049019999 -69.755864999,-23.9243399019999 -69.759304,-23.9221549009999 -69.760212999,-23.9215649019999 -69.7630209989999,-23.919757902 -69.7655149989999,-23.9181479009999 -69.7682399999999,-23.9163899019999 -69.771557,-23.9142709019999 -69.7748849989999,-23.9121349019999 -69.7782309999999,-23.909986902 -69.781623999,-23.907800901 -69.7825329999999,-23.907217901 -69.783452999,-23.908432902 -69.7850599989999,-23.905593902 -69.786014999,-23.904983901 -69.7869529989999,-23.9062109019999 -69.7884299999999,-23.903447902 -69.791464,-23.901495901 -69.7946659999999,-23.899432901 -69.798011,-23.8972789009999 -69.801303999,-23.895156901 -69.8045999989999,-23.8930389019999 -69.807727999,-23.891026902 -69.811361999,-23.888690902 -69.814424999,-23.886721902 -69.8182239989999,-23.884273901 -69.820622999,-23.8827259019999 -69.822913999,-23.881256902 -69.826069,-23.879233901 -69.8294569989999,-23.877051901 -69.8330159989999,-23.874770902 -69.836430999,-23.872549901 -69.8396279999999,-23.870510902 -69.8431399999999,-23.868244901 -69.8463639999999,-23.8661849019999 -69.848590999,-23.864733901 -69.8512059989999,-23.863044902 -69.854441,-23.8609829019999 -69.857427999,-23.859055902 -69.860226999,-23.857234902 -69.863455,-23.8551739019999 -69.867250999,-23.8527139019999 -69.8703909989999,-23.8506919019999 -69.873466,-23.848724901 -69.876011999,-23.847083902 -69.8786299989999,-23.845409902 -69.881249999,-23.843720901 -69.8840509999999,-23.841918902 -69.88739,-23.8397509009999 -69.890726,-23.837621901 -69.891761,-23.8369379009999 -69.892167,-23.837427901 -69.8942979989999,-23.835324901 -69.897573,-23.833216901 -69.900883,-23.8310869009999 -69.904019999,-23.8290549009999 -69.907191,-23.8270089019999 -69.9104639999999,-23.8248939019999 -69.913712,-23.822805901 -69.9169749989999,-23.820700901 -69.920249999,-23.818576902 -69.923553,-23.816457901 -69.926912,-23.814296901 -69.929872,-23.812407902 -69.932757,-23.8105259009999 -69.9357969989999,-23.8085689009999 -69.9390819989999,-23.806447901 -69.942334,-23.8043589009999 -69.945575,-23.802271901 -69.9488519989999,-23.8001469019999 -69.952145999,-23.7980349009999 -69.955438999,-23.795920902 -69.958618999,-23.7938509009999 -69.961718999,-23.7918629009999 -69.965359999,-23.789518901 -69.968719999,-23.7873439009999 -69.972234999,-23.7860759009999 -69.9754899989999,-23.7849059009999 -69.978901999,-23.783658902 -69.982366,-23.7824059009999 -69.9857029999999,-23.7812149009999 -69.9890429989999,-23.780950901 -69.992228999,-23.7797959009999 -69.995537999,-23.7786019009999 -69.9986559989999,-23.777489901 -70.0012849989999,-23.7755869009999 -70.0048777769999,-23.77431379 -70.008587999,-23.772968901 -70.012237999,-23.7716509009999 -70.01582,-23.770372901 -70.0193869989999,-23.7690779009999 -70.0233949989999,-23.768957901 -70.0270889989999,-23.768845901 -70.030388999,-23.768733901 -70.033284999,-23.7686539009999 -70.037078,-23.768531901 -70.040891,-23.7684269009999 -70.044654999,-23.7683139009999 -70.0484309989999,-23.7681829009999 -70.052194443,-23.768061012 -70.054887999,-23.767036901 -70.0582269989999,-23.765714901 -70.063,-23.7638379009999 -70.068084999,-23.761890901 -70.0709719989999,-23.7607879 -70.0745069989999,-23.759383901 -70.078293,-23.7579119 -70.0820219989999,-23.756461901 -70.085634999,-23.7550519009999 -70.0892719989999,-23.7536689 -70.092958,-23.7522428999999 -70.096622999,-23.750811901 -70.100112999,-23.7494449009999 -70.103699999,-23.7480499009999 -70.107428999,-23.7465849 -70.1109579989999,-23.7451899009999 -70.114547,-23.7438199009999 -70.119033999,-23.742058901 -70.122468999,-23.740590901 -70.125550999,-23.7392709009999 -70.1285869989999,-23.737995901 -70.131965999,-23.7365339 -70.135388999,-23.7350648999999 -70.1389649989999,-23.733543901 -70.142425999,-23.7320409 -70.1459459989999,-23.7305459 -70.149628999,-23.7289739 -70.152927999,-23.7275539 -70.153266,-23.726741901 -70.1570899989999,-23.7253679 -70.160847221,-23.7240332339999 -70.1649459989999,-23.7225728999999 -70.168801999,-23.721200901 -70.1722879989999,-23.7199548999999 -70.175107999,-23.7189539 -70.178486999,-23.7165939 -70.181304999,-23.7146569 -70.1833879989999,-23.7132008999999 -70.186383,-23.7111288999999 -70.189200999,-23.7091948999999 -70.191727999,-23.7074309 -70.194614999,-23.7054219 -70.197874999,-23.703166567 -70.201066666,-23.700938789 -70.2042549999999,-23.6987478999999 -70.2076119989999,-23.6964278999999 -70.2107189989999,-23.6942609 -70.2136419989999,-23.6922529 -70.2140489989999,-23.6919589</coordinates></LineString>
  </Placemark>
  <Placemark id="lineas_sing.135">
	<name>SALAR - CHUQUICAMATA 220KV</name>
	<Style><LineStyle><color>ff0000ff</color></LineStyle><PolyStyle><fill>0</fill></PolyStyle></Style>
	<ExtendedData><SchemaData schemaUrl="#lineas_sing">
		<SimpleData name="OBJECTID">135</SimpleData>
		<SimpleData name="gml_id">lt_sing_1c966bdb_e893_4b2d_b52e_5945a9a8a68b.105</SimpleData>
		<SimpleData name="layer">Unknown Line Type</SimpleData>
		<SimpleData name="elevation">0</SimpleData>
		<SimpleData name="nombre">SALAR - CHUQUICAMATA 220KV</SimpleData>
		<SimpleData name="circuito">C1</SimpleData>
		<SimpleData name="tipo">SUBTRANSMISION</SimpleData>
		<SimpleData name="f_operacio">2005</SimpleData>
		<SimpleData name="long_km">12.4878477889</SimpleData>
		<SimpleData name="tramo">TORRE 1,2,3,4,5,6,7,8,9,10,11,12,13,14 /SE CHUQUICAMATA S/E</SimpleData>
		<SimpleData name="propiedad">CODELCO NORTE</SimpleData>
		<SimpleData name="tension_kv">220</SimpleData>
		<SimpleData name="rca">S/I</SimpleData>
		<SimpleData name="sist_elect">SING</SimpleData>
		<SimpleData name="estado">EN OPERACION</SimpleData>
		<SimpleData name="region">REGION DE ANTOFAGASTA</SimpleData>
		<SimpleData name="provincia">EL LOA</SimpleData>
		<SimpleData name="comuna">CALAMA</SimpleData>
		<SimpleData name="fuente_bas">CNE</SimpleData>
		<SimpleData name="fech_crea">02-12-2014</SimpleData>
		<SimpleData name="fech_act">20/12/2016</SimpleData>
		<SimpleData name="Shape_Leng">0.116109165670454</SimpleData>
	</SchemaData></ExtendedData>
      <LineString><coordinates>-68.8765790529999,-22.3403326669999 -68.8769675039999,-22.3403329619999 -68.878604191,-22.345555949 -68.9024044029999,-22.363893322 -68.903550423,-22.3640475899999 -68.920794912,-22.3569470589999 -68.92719886,-22.3316182209999 -68.925966164,-22.330551627 -68.924354995,-22.329078309 -68.9242022769999,-22.324172667 -68.926908128,-22.3118422119999 -68.926841386,-22.309493285 -68.9248226679999,-22.308019784 -68.922901677,-22.3054621979999 -68.920523843,-22.3039704029999 -68.9194657049999,-22.303762094 -68.918581945,-22.304213364</coordinates></LineString>
  </Placemark>
  <Placemark id="lineas_sing.136">
	<name>TAP OFF LA NEGRA - INACESA 23KV</name>
	<Style><LineStyle><color>ff0000ff</color></LineStyle><PolyStyle><fill>0</fill></PolyStyle></Style>
	<ExtendedData><SchemaData schemaUrl="#lineas_sing">
		<SimpleData name="OBJECTID">136</SimpleData>
		<SimpleData name="gml_id">lt_sing_1c966bdb_e893_4b2d_b52e_5945a9a8a68b.106</SimpleData>
		<SimpleData name="layer">Unknown Line Type</SimpleData>
		<SimpleData name="elevation">0</SimpleData>
		<SimpleData name="nombre">TAP OFF LA NEGRA - INACESA 23KV</SimpleData>
		<SimpleData name="circuito">C1</SimpleData>
		<SimpleData name="tipo">S/I</SimpleData>
		<SimpleData name="f_operacio">2014</SimpleData>
		<SimpleData name="long_km">0.0790306586074</SimpleData>
		<SimpleData name="tramo">LA NEGRA - INACESA</SimpleData>
		<SimpleData name="propiedad">EQUIPO DE GENERACION</SimpleData>
		<SimpleData name="tension_kv">23</SimpleData>
		<SimpleData name="rca">S/I</SimpleData>
		<SimpleData name="sist_elect">SING</SimpleData>
		<SimpleData name="estado">EN OPERACION</SimpleData>
		<SimpleData name="region">REGION DE ANTOFAGASTA</SimpleData>
		<SimpleData name="provincia">ANTOFAGASTA</SimpleData>
		<SimpleData name="comuna">ANTOFAGASTA</SimpleData>
		<SimpleData name="fuente_bas">CNE</SimpleData>
		<SimpleData name="fech_crea">02-12-2014</SimpleData>
		<SimpleData name="fech_act">20/12/2016</SimpleData>
		<SimpleData name="Shape_Leng">0.000714137551463</SimpleData>
	</SchemaData></ExtendedData>
      <LineString><coordinates>-70.3202005329999,-23.780872824 -70.320135782,-23.78158402</coordinates></LineString>
  </Placemark>
  <Placemark id="lineas_sing.137">
	<name>ATACAMA - DOMEYKO.CIRCUITO N31 220KV</name>
	<Style><LineStyle><color>ff0000ff</color></LineStyle><PolyStyle><fill>0</fill></PolyStyle></Style>
	<ExtendedData><SchemaData schemaUrl="#lineas_sing">
		<SimpleData name="OBJECTID">137</SimpleData>
		<SimpleData name="gml_id">lt_sing_1c966bdb_e893_4b2d_b52e_5945a9a8a68b.108</SimpleData>
		<SimpleData name="layer">Unknown Line Type</SimpleData>
		<SimpleData name="elevation">0</SimpleData>
		<SimpleData name="nombre">ATACAMA - DOMEYKO.CIRCUITO N31 220KV</SimpleData>
		<SimpleData name="circuito">C2</SimpleData>
		<SimpleData name="tipo">ADICIONAL</SimpleData>
		<SimpleData name="f_operacio">1999</SimpleData>
		<SimpleData name="long_km">204.93165385</SimpleData>
		<SimpleData name="tramo">ATACAMA-DOMEYKO</SimpleData>
		<SimpleData name="propiedad">MINERA ESCONDIDA</SimpleData>
		<SimpleData name="tension_kv">220</SimpleData>
		<SimpleData name="rca">S/I</SimpleData>
		<SimpleData name="sist_elect">SING</SimpleData>
		<SimpleData name="estado">EN OPERACION</SimpleData>
		<SimpleData name="region">REGION DE ANTOFAGASTA</SimpleData>
		<SimpleData name="provincia">ANTOFAGASTA</SimpleData>
		<SimpleData name="comuna">ANTOFAGASTA-MEJILLONES</SimpleData>
		<SimpleData name="fuente_bas">CNE</SimpleData>
		<SimpleData name="fech_crea">02-12-2014</SimpleData>
		<SimpleData name="fech_act">20/12/2016</SimpleData>
		<SimpleData name="Shape_Leng">1.9408378805714</SimpleData>
	</SchemaData></ExtendedData>
      <LineString><coordinates>-70.4176197909999,-23.095410806 -70.4207126539999,-23.098329061 -70.420416651,-23.09938542 -70.4221388029999,-23.1007340959999 -70.422760753,-23.103979018 -70.423509978,-23.107795316 -70.42420169,-23.1113938739999 -70.424915943,-23.114968808 -70.425590595,-23.11846215 -70.4262659079999,-23.121865026 -70.4269828719999,-23.125648981 -70.427708755,-23.1292974749999 -70.428277727,-23.132251164 -70.428891591,-23.1353279379999 -70.4296071049999,-23.1389949119999 -70.430324792,-23.1426303699999 -70.42920391,-23.145922073 -70.4280686709999,-23.149401906 -70.426828853,-23.153025925 -70.425706615,-23.1564752899999 -70.424519652,-23.1599383449999 -70.423399875,-23.1633990449999 -70.422192911,-23.166907647 -70.421106879,-23.170272714 -70.419858022,-23.173888012 -70.418668794,-23.177515851 -70.4174248419999,-23.1811697819999 -70.416234833,-23.1847468299999 -70.415084827,-23.188211671 -70.413931965,-23.191705019 -70.412742838,-23.1951811129999 -70.411525731,-23.198878845 -70.410384999,-23.2022698989999 -70.409162999,-23.2059398989999 -70.407823999,-23.2099418989999 -70.406732999,-23.213264899 -70.4055319989999,-23.216816899 -70.404284999,-23.2205478989999 -70.403139999,-23.223956899 -70.401914999,-23.2276638989999 -70.4007579989999,-23.2311169 -70.399553999,-23.234748899 -70.398336999,-23.2382979 -70.397140999,-23.241906899 -70.396185999,-23.244745899 -70.3952259989999,-23.2476209 -70.394182999,-23.2507628989999 -70.3932159989999,-23.2536489 -70.3920009989999,-23.257257899 -70.390870999,-23.260592899 -70.389870999,-23.2636208989999 -70.388801999,-23.266753899 -70.388202999,-23.270110899 -70.387527999,-23.273651899 -70.386839999,-23.277273899 -70.386145999,-23.2809859 -70.385460999,-23.2845449 -70.384768999,-23.2882918989999 -70.3842569989999,-23.2909809 -70.383684999,-23.2941478989999 -70.383301999,-23.2960818999999 -70.382720999,-23.2991938989999 -70.379808999,-23.301997899 -70.376791999,-23.304922899 -70.373870999,-23.307741899 -70.3709069989999,-23.3106488999999 -70.3689719989999,-23.312483899 -70.366098999,-23.3152719 -70.363876999,-23.3174268989999 -70.3601009989999,-23.321064899 -70.3578489989999,-23.3232358989999 -70.356008999,-23.3250118999999 -70.353740999,-23.3272578999999 -70.3507989999999,-23.3301078989999 -70.349391999,-23.3314268999999 -70.348308999,-23.3329188989999 -70.345635999,-23.3365749 -70.344038,-23.3387408999999 -70.3417759989999,-23.341883899 -70.3397469989999,-23.3446559 -70.339108999,-23.3455228999999 -70.336134999,-23.348374899 -70.334712999,-23.349725899 -70.332267999,-23.3520308999999 -70.330073999,-23.3541399 -70.3271169989999,-23.3569768999999 -70.3241879989999,-23.3597559 -70.322535999,-23.361347899 -70.319246999,-23.3644798989999 -70.316639999,-23.3670169 -70.3137179989999,-23.3697369 -70.310955999,-23.3727489 -70.310423999,-23.3733209 -70.307220999,-23.3767458999999 -70.306138999,-23.3779139 -70.303995,-23.3801849 -70.301593999,-23.3827719 -70.299000999,-23.3855229 -70.2967419989999,-23.3879709 -70.294543,-23.3902979 -70.292540999,-23.3924249 -70.2897219989999,-23.3954568999999 -70.2867019989999,-23.3986748999999 -70.284818999,-23.4007308999999 -70.282127999,-23.4035848999999 -70.2794109989999,-23.4064779 -70.2767969989999,-23.4091728999999 -70.275544999,-23.4105709 -70.2732189989999,-23.4131449 -70.272845999,-23.4160679 -70.272308999,-23.4208179 -70.271922999,-23.4237798999999 -70.271406999,-23.4281468999999 -70.271292999,-23.4293769 -70.269519999,-23.4318388999999 -70.267178999,-23.4352019 -70.264782999,-23.4385268999999 -70.2625699989999,-23.441660901 -70.260780999,-23.4441709 -70.257867999,-23.4465878999999 -70.257874999,-23.451100901 -70.257916,-23.4540719 -70.257914999,-23.458366901 -70.257935999,-23.4626828999999 -70.2579719989999,-23.4662839 -70.257978999,-23.4695589 -70.257958999,-23.4728878999999 -70.258008,-23.4801538999999 -70.2580419989999,-23.4814319 -70.2580429989999,-23.4837299 -70.2551639989999,-23.4863639 -70.252583999,-23.4888199 -70.250058999,-23.4911529 -70.247584999,-23.4934188999999 -70.245449999,-23.4954268999999 -70.2434539989999,-23.4972789 -70.2414489989999,-23.4991519 -70.241621999,-23.5024409 -70.2417859989999,-23.5060809 -70.241976999,-23.5098318999999 -70.242152999,-23.5135008999999 -70.242336999,-23.5170909 -70.242478999,-23.5207009 -70.242678999,-23.5246728999999 -70.242848999,-23.5279778999999 -70.243016999,-23.5315519 -70.243193999,-23.5354318999999 -70.2433799999999,-23.5390358999999 -70.2435429989999,-23.5427569 -70.2437249989999,-23.5465009 -70.2439019989999,-23.5501829 -70.2440809989999,-23.5536178999999 -70.2441969989999,-23.5566049 -70.244342,-23.5593408999999 -70.2434789989999,-23.5599938999999 -70.2406649989999,-23.5622069 -70.239659999,-23.5630088999999 -70.2396929989999,-23.5666869 -70.239727999,-23.5703938999999 -70.239778999,-23.5741588999999 -70.239799999,-23.5778488999999 -70.239844999,-23.5815009 -70.2398939989999,-23.5854699 -70.239926,-23.5891219 -70.2399619989999,-23.5929259 -70.239974999,-23.5966419 -70.240018999,-23.5997909 -70.240042999,-23.6023848999999 -70.2400739989999,-23.6050309 -70.240105999,-23.6078969 -70.240138999,-23.6114148999999 -70.240174999,-23.6151558999999 -70.2402109989999,-23.6188268989999 -70.240251999,-23.6225198999999 -70.240284999,-23.6259148999999 -70.2402999989999,-23.6298509 -70.240355,-23.6334249 -70.2403869999999,-23.6370949 -70.240440999,-23.6411979 -70.240453999,-23.6448569 -70.2405009989999,-23.6482349 -70.2405469989999,-23.6523478999999 -70.240561999,-23.6542658999999 -70.240579999,-23.6555579 -70.239676999,-23.6584758999999 -70.2390159989999,-23.6606709 -70.2378469989999,-23.6644659 -70.236758999,-23.6680339 -70.2357279989999,-23.6714239 -70.234755999,-23.674587899 -70.2337739989999,-23.6779119 -70.231055999,-23.6797559 -70.229102999,-23.6811289 -70.226151999,-23.6831688999999 -70.222997999,-23.6854178999999 -70.220052999,-23.687415899 -70.217510999,-23.6891949 -70.214283999,-23.6913838999999 -70.210617,-23.6939649 -70.2073839989999,-23.6961608999999 -70.2041689989999,-23.6984199 -70.2009439989999,-23.7006509 -70.1977269989999,-23.7028708999999 -70.194408999,-23.7051868999999 -70.1913109989999,-23.7073258999999 -70.1883629989999,-23.7093839 -70.185201999,-23.7115638999999 -70.1826859999999,-23.7132629 -70.1810179989999,-23.7144269 -70.177047999,-23.7171949 -70.174965,-23.7186479009999 -70.1716979999999,-23.7198089 -70.168576999,-23.7209249009999 -70.16516,-23.7221759 -70.161121,-23.7235929 -70.1574489989999,-23.7248889009999 -70.154172999,-23.7260709 -70.151531999,-23.7270189 -70.151507,-23.727801901 -70.148491999,-23.7290979009999 -70.144876999,-23.730656901 -70.141360999,-23.7321279 -70.137940999,-23.7336488999999 -70.133981999,-23.7352979 -70.130367999,-23.736875901 -70.1273429989999,-23.738137901 -70.124702999,-23.7393059 -70.121767999,-23.7405419 -70.118898999,-23.7417849 -70.114770999,-23.7433859 -70.1111829989999,-23.7447728999999 -70.107585,-23.7461649009999 -70.103779999,-23.747664901 -70.100176,-23.7490629009999 -70.096602999,-23.750466901 -70.092894999,-23.751896901 -70.088878999,-23.753486901 -70.085432999,-23.754811901 -70.0819119989999,-23.7561759009999 -70.078114999,-23.757649901 -70.0743019989999,-23.759135901 -70.070714999,-23.7605229009999 -70.067934999,-23.7616029009999 -70.062718999,-23.763615901 -70.058747,-23.765193901 -70.0582279989999,-23.765350901 -70.0585829999999,-23.765398901 -70.0580499989999,-23.765552901 -70.058513999,-23.7657509009999 -70.0579559999999,-23.765963901 -70.058302999,-23.766001901 -70.0577299989999,-23.7662409009999 -70.0549849989999,-23.767220901 -70.052249999,-23.768217901 -70.0490429989999,-23.768435901 -70.0451669989999,-23.768686901 -70.041551999,-23.768907901 -70.038117999,-23.769133901 -70.033770999,-23.769411901 -70.030192999,-23.769634901 -70.0264129989999,-23.769884901 -70.022792,-23.7701169009999 -70.019373999,-23.770328901 -70.017370999,-23.771046901 -70.014068999,-23.772238901 -70.010509999,-23.773525901 -70.006949999,-23.774804901 -70.003303999,-23.7761319009999 -69.999741999,-23.777416901 -69.996172999,-23.7786989009999 -69.9925999989999,-23.7799799009999 -69.9892639989999,-23.7811709009999 -69.986078,-23.782131901 -69.982630999,-23.783136901 -69.980616493,-23.783385509 -69.9792929989999,-23.7836889009999 -69.9794749989999,-23.784068901 -69.978922999,-23.783449901 -69.978865,-23.783954901 -69.9787069989999,-23.783409901 -69.9783879989999,-23.7836479009999 -69.978138999,-23.783608901 -69.9755306819999,-23.784926217 -69.97226162,-23.7860751449999 -69.968742902,-23.787339075 -69.9663618179999,-23.7885088379999 -69.96349,-23.7903339009999 -69.9603379989999,-23.792394902 -69.9569069999999,-23.794572901 -69.9536388879999,-23.79668879 -69.950287999,-23.7988409019999 -69.947135999,-23.8008709009999 -69.9438569989999,-23.802993901 -69.940604999,-23.805071902 -69.9372339989999,-23.807271901 -69.933954999,-23.8093559009999 -69.9306589989999,-23.811487901 -69.927422999,-23.813579901 -69.9240869989999,-23.815673901 -69.9207539989999,-23.817737902 -69.917484999,-23.819792901 -69.9142049989999,-23.821912901 -69.9109089999999,-23.8240349019999 -69.907710999,-23.8260849009999 -69.904324,-23.8282869019999 -69.9012749999999,-23.8302529009999 -69.897894,-23.8324629009999 -69.894610999,-23.834654902 -69.8912339999999,-23.836906901 -69.888253999,-23.8388089009999 -69.884834,-23.841022902 -69.882199999,-23.8426969019999 -69.878888999,-23.844834901 -69.8754779989999,-23.847035901 -69.87253,-23.848945902 -69.869289999,-23.8510259019999 -69.866572999,-23.8527939009999 -69.863153,-23.8549689019999 -69.8598699999999,-23.857078902 -69.857038889,-23.858922123 -69.8537989989999,-23.8610029009999 -69.850211999,-23.8633039019999 -69.847369999,-23.8651429019999 -69.843313,-23.867741902 -69.839578999,-23.870137901 -69.836264999,-23.8722639019999 -69.832868,-23.874461901 -69.82935,-23.8767439009999 -69.82597,-23.8788859009999 -69.822598,-23.881050901 -69.8198419989999,-23.882807901 -69.816243,-23.885129901 -69.812894999,-23.887269902 -69.809928999,-23.889196902 -69.806273999,-23.891542902 -69.8037259989999,-23.8931769019999 -69.800419999,-23.895336901 -69.7970409989999,-23.8974959019999 -69.793705,-23.899623902 -69.790706999,-23.901563902 -69.7875569999999,-23.903593902 -69.784478,-23.9055619009999 -69.781359,-23.9075699009999 -69.7790739989999,-23.909040902 -69.7752659989999,-23.911466901 -69.772006999,-23.9135799009999 -69.768776999,-23.915661902 -69.765478999,-23.9177829019999 -69.762636,-23.919600902 -69.7599549989999,-23.921312902 -69.759070999,-23.921898902 -69.755884999,-23.923940902 -69.7525729989999,-23.926038901 -69.749292,-23.9281409019999 -69.746023999,-23.930239902 -69.742713999,-23.9323489019999 -69.7393979989999,-23.9344709019999 -69.735961999,-23.936667901 -69.732592999,-23.938826901 -69.72926111,-23.940958235 -69.725942,-23.9430909019999 -69.722679,-23.945172901 -69.7194259999999,-23.9472519019999 -69.7160039999999,-23.9494469009999 -69.712729,-23.951542902 -69.7095899989999,-23.9535449009999 -69.7065959989999,-23.9554509019999 -69.703746999,-23.957269902 -69.701047,-23.9590059019999 -69.698056,-23.9609079009999 -69.694714,-23.963054901 -69.691500999,-23.965117902 -69.688166999,-23.967235902 -69.684700999,-23.969438902 -69.681325999,-23.9716019009999 -69.677950999,-23.9737569019999 -69.6738359989999,-23.9763859019999 -69.670622,-23.9784589019999 -69.667274999,-23.9805779019999 -69.664108332,-23.98258879 -69.660986,-23.984593901 -69.657722,-23.986666901 -69.6545389999999,-23.9887109009999 -69.6512779989999,-23.9907949019999 -69.6479849999999,-23.992886901 -69.645298999,-23.994616901 -69.6427869999999,-23.996214901 -69.640049,-23.997947901 -69.637122,-23.999797902 -69.6346669989999,-24.001371901 -69.631453999,-24.0034309009999 -69.628396,-24.0053929009999 -69.624659999,-24.007766901 -69.621630555,-24.0096915679999 -69.6182479999999,-24.011856902 -69.615104999,-24.013873901 -69.6118979999999,-24.015908902 -69.6086629989999,-24.017986902 -69.605548999,-24.019992902 -69.602558,-24.021882902 -69.599339,-24.023928902 -69.595969999,-24.026070902 -69.5927439989999,-24.028138901 -69.589506999,-24.030209902 -69.586581,-24.0320699009999 -69.5835809989999,-24.0339809009999 -69.580498999,-24.0359429009999 -69.577645999,-24.0377659019999 -69.5744359989999,-24.039422902 -69.570931999,-24.041245901 -69.567493999,-24.0430319019999 -69.5639899999999,-24.0448559009999 -69.560444999,-24.046708902 -69.5568939999999,-24.0485559009999 -69.5534,-24.0503749009999 -69.5499799999999,-24.052160902 -69.546514999,-24.0539519009999 -69.543088,-24.0557359009999 -69.5395789999999,-24.057567901 -69.536036,-24.0594029009999 -69.532409999,-24.061221901 -69.529323,-24.062725902 -69.526249,-24.064257902 -69.522893,-24.065994901 -69.5200419999999,-24.0675069009999 -69.516561999,-24.0693719019999 -69.5131099989999,-24.071277901 -69.509764999,-24.0730669009999 -69.506288,-24.0748489019999 -69.5028199989999,-24.076663902 -69.499272999,-24.078527902 -69.4963739999999,-24.080015901 -69.492544999,-24.081992901 -69.4892889989999,-24.083709902 -69.486847,-24.0849539019999 -69.4832739999999,-24.086827902 -69.480206,-24.088815901 -69.4773259999999,-24.090660901 -69.474503,-24.0924759019999 -69.471695,-24.0943009009999 -69.4683449999999,-24.096468901 -69.4645149999999,-24.0989089019999 -69.461782,-24.1006719019999 -69.459235,-24.1023159019999 -69.456627,-24.1040049019999 -69.454335999,-24.1054649019999 -69.450778999,-24.106758901 -69.447143,-24.1080799019999 -69.443478,-24.109444901 -69.4397099989999,-24.1107999019999 -69.435943,-24.112165901 -69.432290999,-24.1134619009999 -69.4292629999999,-24.114588902 -69.425466,-24.1159799019999 -69.4215629989999,-24.1173989019999 -69.4178749989999,-24.118733902 -69.414292,-24.120042901 -69.410558,-24.1214099009999 -69.4068329999999,-24.122746902 -69.4029449989999,-24.1241539019999 -69.398929999,-24.125636901 -69.3958019999999,-24.126754901 -69.392869,-24.127817901 -69.390121999,-24.1288379009999 -69.386862999,-24.130807901 -69.383459,-24.132858901 -69.3800449999999,-24.134944901 -69.3765739999999,-24.137061901 -69.373162999,-24.139113901 -69.36975,-24.141206901 -69.3668699999999,-24.142986901 -69.362766,-24.145436902 -69.3601029989999,-24.147085902 -69.356707,-24.1486539009999 -69.353172999,-24.1503199009999 -69.3495339999999,-24.1520059009999 -69.3459589999999,-24.153644901 -69.342389999,-24.155347902 -69.3387539999999,-24.157029902 -69.3351739999999,-24.158699901 -69.3316599999999,-24.1603379009999 -69.328603,-24.161757902 -69.325773999,-24.163097901 -69.323007,-24.164377902 -69.3204709999999,-24.165569901 -69.317353,-24.167009901 -69.314431,-24.168388901 -69.311412,-24.1697889009999 -69.308597999,-24.1710949009999 -69.305818,-24.172388901 -69.302784,-24.173808901 -69.299728,-24.175233901 -69.296613,-24.176694902 -69.2937919999999,-24.177993901 -69.290696,-24.179456901 -69.288916999,-24.181620901 -69.2873099989999,-24.1835209019999 -69.28563,-24.185531902 -69.283494,-24.188067901 -69.282366,-24.189387901 -69.281031,-24.190995901 -69.278534,-24.192314901 -69.275722999,-24.1937969009999 -69.272867,-24.1952719019999 -69.270291,-24.1972359019999 -69.268020999,-24.198959901 -69.265688,-24.2007299009999 -69.2627919989999,-24.2029069019999 -69.259983999,-24.205014901 -69.257441,-24.2069419009999 -69.2551319999999,-24.2087169009999 -69.252447,-24.210739901 -69.250845,-24.211909901 -69.247622,-24.212156901 -69.243913999,-24.212439901 -69.2409929999999,-24.212626902 -69.237809,-24.2128649009999 -69.236344,-24.2129669019999 -69.232545,-24.213258901 -69.2298719999999,-24.213453901 -69.227784,-24.2140599009999 -69.2255519999999,-24.214692901 -69.2224179999999,-24.2156059009999 -69.219971,-24.2163049009999 -69.2160739999999,-24.2174589009999 -69.214514,-24.217888901 -69.2117499999999,-24.2191029009999 -69.2096769999999,-24.2200379019999 -69.206969,-24.221231901 -69.20422,-24.2224449019999 -69.201667,-24.2235759019999 -69.1987129999999,-24.226002901 -69.195997,-24.228221901 -69.193465999,-24.2302879009999 -69.191226,-24.232121902 -69.189253999,-24.233757902 -69.1867589999999,-24.2358079009999 -69.1846899999999,-24.237487901 -69.1833829999999,-24.2385499009999 -69.1805189999999,-24.2387099009999 -69.178144,-24.2388199009999 -69.174998,-24.238948901 -69.171677,-24.239127901 -69.168413,-24.239310901 -69.165155,-24.239459901 -69.162075,-24.2396309009999 -69.1588819999999,-24.2397859009999 -69.155519,-24.239952901 -69.1521949999999,-24.240092901 -69.148811,-24.240273901 -69.14544,-24.2404439009999 -69.1420229999999,-24.240605902 -69.1387139999999,-24.240767901 -69.135294,-24.2409399009999 -69.132039,-24.2411179009999 -69.128655,-24.241290901 -69.125931,-24.241416901 -69.1232419999999,-24.241556901 -69.120255,-24.241710901 -69.116889,-24.241853901 -69.114546,-24.241978901 -69.1111789999999,-24.242135901 -69.109034,-24.242248901 -69.106376,-24.2423749009999 -69.1036488079999,-24.242472344 -69.102675,-24.242486012 -69.102243141,-24.242987292</coordinates></LineString>
  </Placemark>
  <Placemark id="lineas_sing.138">
	<name>ARICA - POZO ALMONTE 110KV</name>
	<Style><LineStyle><color>ff0000ff</color></LineStyle><PolyStyle><fill>0</fill></PolyStyle></Style>
	<ExtendedData><SchemaData schemaUrl="#lineas_sing">
		<SimpleData name="OBJECTID">138</SimpleData>
		<SimpleData name="gml_id">lt_sing_1c966bdb_e893_4b2d_b52e_5945a9a8a68b.112</SimpleData>
		<SimpleData name="layer">Unknown Line Type</SimpleData>
		<SimpleData name="elevation">0</SimpleData>
		<SimpleData name="nombre">ARICA - POZO ALMONTE 110KV</SimpleData>
		<SimpleData name="circuito">C1</SimpleData>
		<SimpleData name="tipo">SUBTRANSMISION</SimpleData>
		<SimpleData name="f_operacio">1987</SimpleData>
		<SimpleData name="long_km">215.529315715</SimpleData>
		<SimpleData name="tramo">ARICA - DOLORES / DOLORES - POZO ALMONTE</SimpleData>
		<SimpleData name="propiedad">E-CL</SimpleData>
		<SimpleData name="tension_kv">110</SimpleData>
		<SimpleData name="rca">S/I</SimpleData>
		<SimpleData name="sist_elect">SING</SimpleData>
		<SimpleData name="estado">EN OPERACION</SimpleData>
		<SimpleData name="region">REGION DE ARICA Y PARINACOTA - REGION DE TARAPACA</SimpleData>
		<SimpleData name="provincia">ARICA-IQUIQUE</SimpleData>
		<SimpleData name="comuna">ARICA-CAMARONES-HUARA</SimpleData>
		<SimpleData name="fuente_bas">CNE</SimpleData>
		<SimpleData name="fech_crea">02-12-2014</SimpleData>
		<SimpleData name="fech_act">20/12/2016</SimpleData>
		<SimpleData name="Shape_Leng">1.96360862321824</SimpleData>
	</SchemaData></ExtendedData>
      <LineString><coordinates>-70.2891774129999,-18.4862474249999 -70.289573866,-18.487338122 -70.2899070089999,-18.488826848 -70.2892717519999,-18.4899968629999 -70.288297716,-18.491458345 -70.2876825279999,-18.4927818359999 -70.2866080649999,-18.4947500279999 -70.285635599,-18.4964283589999 -70.284625771,-18.4981792309999 -70.2835788479999,-18.500038785 -70.28265368,-18.5017167829999 -70.281625388,-18.503540056 -70.280412891,-18.504795282 -70.279087326,-18.506132593 -70.2773580269999,-18.5079515479999 -70.2761640749999,-18.509161443 -70.274970576,-18.510434582 -70.2736636669999,-18.511744623 -70.2720656559999,-18.513399996 -70.2708248719999,-18.5146915029999 -70.2694711409999,-18.5160831599999 -70.2683992139999,-18.5171566449999 -70.268546676,-18.5191707669999 -70.268875556,-18.525231962 -70.2689630629999,-18.528104937 -70.269277787,-18.533524638 -70.2694201469999,-18.534842989 -70.269602075,-18.5376701449999 -70.269691945,-18.53957621 -70.2697626039999,-18.5414462589999 -70.269934878,-18.544246368 -70.2695384749999,-18.5457309929999 -70.268744447,-18.5485375969999 -70.2680793599999,-18.5508463319999 -70.2674516179999,-18.5530825239999 -70.2667765589999,-18.5553280689999 -70.266102883,-18.557763365 -70.265438132,-18.5601263089999 -70.264902809,-18.5620546389999 -70.264292478,-18.5640919059999 -70.263553749,-18.566708358 -70.2630277969999,-18.568627584 -70.262445983,-18.570682728 -70.261763389,-18.573208435 -70.2610139189999,-18.575662296 -70.2604046989999,-18.577862199 -70.259804343,-18.579980715 -70.2591758789999,-18.5821445989999 -70.258464509,-18.584634342 -70.25801161,-18.586191616 -70.257115465,-18.5893332049999 -70.256413385,-18.591804807 -70.2560804619999,-18.592927533 -70.254039166,-18.600170201 -70.253392477,-18.602451663 -70.252727282,-18.6047965 -70.2520893779999,-18.606987536 -70.251275822,-18.6097851709999 -70.25086953,-18.611251758 -70.249751503,-18.6151899889999 -70.248669757,-18.618911102 -70.2483652399999,-18.620042664 -70.2478293149999,-18.6219348129999 -70.247062297,-18.624632725 -70.246433608,-18.626805611 -70.2456477919999,-18.6295307519999 -70.244871169,-18.6322196849999 -70.2441872699999,-18.634627875 -70.243484856,-18.6370994389999 -70.2427732739999,-18.639616244 -70.2420891899999,-18.642006356 -70.241547931,-18.6444858859999 -70.2410163339999,-18.64699246 -70.240429686,-18.6497524129999 -70.2399619239999,-18.651915183 -70.239439177,-18.654340367 -70.2388707229999,-18.657000797 -70.2384035169999,-18.659244886 -70.23782549,-18.661896339 -70.237357737,-18.6640681389999 -70.236890366,-18.666294153 -70.2364038279999,-18.6684931839999 -70.235899627,-18.6708730559999 -70.2354139179999,-18.673189551 -70.234900016,-18.675542376 -70.234414218,-18.677849833 -70.2338727659999,-18.680329345 -70.2333593509999,-18.682754453 -70.232863905,-18.685043897 -70.23227664,-18.6877496139999 -70.231735591,-18.6902923719999 -70.231166801,-18.69293471 -70.2306257239999,-18.695477465 -70.2300572299999,-18.6981649799999 -70.229534241,-18.700590142 -70.228974678,-18.7032053039999 -70.228451988,-18.7056756429999 -70.2278920059999,-18.708236588 -70.227227504,-18.710771106 -70.226572012,-18.7132423099999 -70.225842331,-18.715948941 -70.225214796,-18.718356704 -70.224550224,-18.7208912149999 -70.223839127,-18.7235525359999 -70.223100469,-18.726340544 -70.222453964,-18.728757459 -70.2218723999999,-18.730975149 -70.221308882,-18.733066212 -70.220754966,-18.735175284 -70.22012724,-18.737573997 -70.2194529189999,-18.740090483 -70.218760324,-18.742706486 -70.218067646,-18.745313451 -70.2173933999999,-18.7478480039999 -70.216719266,-18.7504006259999 -70.216054211,-18.7528989689999 -70.215389397,-18.755433454 -70.2147425009999,-18.7578232399999 -70.214105462,-18.7602671779999 -70.213892919,-18.7610547159999 -70.213569583,-18.7622676789999 -70.213117191,-18.764005584 -70.212507406,-18.7662866859999 -70.211853017,-18.768965674 -70.211427567,-18.770495566 -70.210568773,-18.7737813059999 -70.2094582619999,-18.777692176 -70.207445623,-18.7854854449999 -70.206392352,-18.789459184 -70.2062712709999,-18.789776236 -70.205829006,-18.7916224959999 -70.205430182,-18.792908225 -70.2047185489999,-18.795569487 -70.20409023,-18.797941049 -70.2036648449999,-18.799498034 -70.2030920129999,-18.8016704369999 -70.2023990339999,-18.8042954269999 -70.2016871879999,-18.8069386089999 -70.2010496889999,-18.8093644379999 -70.200300684,-18.8121253259999 -70.1996722549999,-18.814496876 -70.1990455389999,-18.8171123929999 -70.198369312,-18.8194390639999 -70.197722304,-18.8218739819999 -70.196991988,-18.824607629 -70.196252417,-18.8273774789999 -70.1955405259999,-18.830038713 -70.194865679,-18.8325732 -70.194209282,-18.8350352759999 -70.193506504,-18.8376512639999 -70.192804026,-18.8403124289999 -70.192138341,-18.8428107029999 -70.19142627,-18.8454628879999 -70.1908161539999,-18.8477710409999 -70.1902350679999,-18.850160333 -70.1895490589999,-18.852478004 -70.1889020149999,-18.854940004 -70.188245463,-18.8574020619999 -70.187542774,-18.860054175 -70.186839747,-18.862661106 -70.18614651,-18.865313154 -70.185452745,-18.8678929129999 -70.1847495329999,-18.870481766 -70.184074714,-18.8730613999999 -70.183457591,-18.8757491 -70.182837407,-18.878003077 -70.182087483,-18.8807096899999 -70.181429295,-18.882963904 -70.1807265419999,-18.885634067 -70.180199068,-18.887580214 -70.1795977909999,-18.8898340609999 -70.17898726,-18.8921241099999 -70.1783398159999,-18.894568008 -70.177571722,-18.897410265 -70.1769725939999,-18.89998036 -70.1762792709999,-18.902659485 -70.1755663719999,-18.905257406 -70.174817433,-18.908135676 -70.174188048,-18.910461976 -70.173360277,-18.912934107 -70.172541285,-18.915306781 -70.1717411979999,-18.917670297 -70.170894623,-18.920178683 -70.170047836,-18.9226599579999 -70.169154495,-18.925277067 -70.168110084,-18.928021631 -70.167396157,-18.93050206 -70.1666329139999,-18.9327207439999 -70.165804877,-18.9351838119999 -70.164948895,-18.937728379 -70.163836125,-18.940220336 -70.1629987699999,-18.942719597 -70.16212397,-18.945300416 -70.16128613,-18.94773642 -70.160439147,-18.950226695 -70.159564088,-18.952780396 -70.1587929679999,-18.955261154 -70.158039512,-18.957552037 -70.1568735289999,-18.960622612 -70.1560915969999,-18.962922702 -70.1551886089999,-18.9655759579999 -70.154267034,-18.968292581 -70.153354494,-18.9709458889999 -70.1525721,-18.9731917519999 -70.151464214,-18.976451697 -70.150564441,-18.979592872 -70.149707726,-18.9820922019999 -70.1491399829999,-18.9837945429999 -70.148320418,-18.986176166 -70.147510391,-18.9885667619999 -70.14662559,-18.991138543 -70.145629188,-18.994063426 -70.144762961,-18.996580867 -70.143859886,-18.999270221 -70.1429939179999,-19.001832835 -70.141996967,-19.0046944499999 -70.141298921,-19.0068132439999 -70.140078476,-19.0103449119999 -70.13941734,-19.012309855 -70.138448652,-19.015153208 -70.137712892,-19.0173264389999 -70.137042204,-19.019291433 -70.13628784,-19.021528028 -70.135524386,-19.02382793 -70.1362712329999,-19.0260733659999 -70.1371142789999,-19.028489894 -70.137753769,-19.0303112779999 -70.138868314,-19.0335213119999 -70.139623956,-19.0356492029999 -70.140544599,-19.038282099 -70.141513646,-19.041041197 -70.142483037,-19.0438454659999 -70.1432000899999,-19.0458741759999 -70.144285672,-19.048984944 -70.14497377,-19.0509415339999 -70.146039984,-19.053989153 -70.146854205,-19.0563154339999 -70.147677269,-19.058542256 -70.148473155,-19.0609590029999 -70.1492773859999,-19.0632040039999 -70.150120649,-19.0655933369999 -70.150770694,-19.067523024 -70.151739918,-19.0702549339999 -70.152709488,-19.073032016 -70.153591685,-19.075538552 -70.154338417,-19.07769352 -70.155298639,-19.080479677 -70.156287971,-19.0833469689999 -70.15733468,-19.086259073 -70.1582562999999,-19.088946052 -70.159366972,-19.0914782199999 -70.160645802,-19.093584622 -70.1619465759999,-19.096106537 -70.163189856,-19.0985565139999 -70.164375197,-19.1008713049999 -70.1653971499999,-19.1029250729999 -70.166225733,-19.104510181 -70.168125085,-19.10832041 -70.168895928,-19.109797436 -70.170111224,-19.1122927119999 -70.1711618419999,-19.114346256 -70.1723475429999,-19.1166790509999 -70.17359057,-19.1190476149999 -70.175104404,-19.122065036 -70.176280203,-19.124325573 -70.1776012569999,-19.12695565 -70.1788745649999,-19.1295498759999 -70.17980009,-19.1313601859999 -70.179748504,-19.13212858 -70.179730636,-19.133628678 -70.1796686339999,-19.1356079679999 -70.179655324,-19.1377495949999 -70.1793908609999,-19.1487029629999 -70.179208777,-19.155191997 -70.179250016,-19.158318196 -70.1770363259999,-19.163934727 -70.173684166,-19.172630764 -70.17245983,-19.1756566189999 -70.1715992909999,-19.1776861819999 -70.1710860479999,-19.1790719689999 -70.170338825,-19.1809923719999 -70.1694606189999,-19.183220832 -70.168480143,-19.185784272 -70.167461407,-19.188320844 -70.166584083,-19.1906848269999 -70.1655749299999,-19.1932394 -70.164780989,-19.195295621 -70.163799234,-19.1976963989999 -70.161302469,-19.1983537859999 -70.1585303799999,-19.199085168 -70.156043079,-19.199742425 -70.153128468,-19.2005017339999 -70.150508158,-19.2011868619999 -70.1491791609999,-19.2015566389999 -70.146416404,-19.202278748 -70.1438052939999,-19.2029275809999 -70.140615553,-19.2038058809999 -70.138574306,-19.2043426619999 -70.136380991,-19.2048984369999 -70.134206993,-19.2054992459999 -70.13153908,-19.206202477 -70.1295072789999,-19.206739101 -70.1272284199999,-19.207313368 -70.1240288559999,-19.2081733749999 -70.1221965559999,-19.2086815879999 -70.120249985,-19.20917241 -70.1183699809999,-19.209662806 -70.115455052,-19.2104305679999 -70.113973888,-19.210828131 -70.1111535439999,-19.2115229619999 -70.106567473,-19.212743482 -70.101924078,-19.213937126 -70.0974710849999,-19.21516566 -70.0957144069999,-19.2156279819999 -70.092096388,-19.216553199 -70.090387177,-19.217006152 -70.0879370979999,-19.217626141 -70.0833602879999,-19.218864111 -70.080739583,-19.219584413 -70.0768461169999,-19.220601323 -70.075440381,-19.220925849 -70.0732145819999,-19.223875673 -70.0717805469999,-19.2257093859999 -70.070120227,-19.227860678 -70.068507019,-19.2299484289999 -70.0669312969999,-19.2319546219999 -70.064072374,-19.235612858 -70.06266691,-19.2374824849999 -70.0614214559999,-19.2390891229999 -70.0599211479999,-19.241013498 -70.0585340979999,-19.242801663 -70.056901691,-19.244907504 -70.055363513,-19.246877245 -70.0536556659999,-19.249100965 -70.052004165,-19.251215912 -70.0503715369999,-19.253312665 -70.0486065869999,-19.2555547429999 -70.047228639,-19.2573156679999 -70.045794434,-19.2592124499999 -70.041952938,-19.2641229889999 -70.04074509,-19.265720248 -70.0391594119999,-19.2677624249999 -70.038319353,-19.2688425119999 -70.036110615,-19.2716833919999 -70.0343928569999,-19.2739250769999 -70.032882751,-19.275903522 -70.0315704559999,-19.27756457 -70.030135731,-19.2794341329999 -70.0285964129999,-19.2813223479999 -70.028354435,-19.2837183199999 -70.0279533299999,-19.28653989 -70.027435537,-19.288964521 -70.026978212,-19.291930986 -70.026621948,-19.29431856 -70.0262006359999,-19.296959515 -70.025580866,-19.301354616 -70.025204408,-19.3035615759999 -70.0249020529999,-19.3054428139999 -70.0245272669999,-19.30792085 -70.024098349,-19.31087811 -70.023705352,-19.3134917899999 -70.0232840159999,-19.316141772 -70.022919438,-19.318737218 -70.022442714,-19.3216676329999 -70.022048718,-19.3241276979999 -70.021400215,-19.328522941 -70.021098852,-19.330575854 -70.020641445,-19.333560372 -70.020017825,-19.335840993 -70.019871602,-19.338353883 -70.019354912,-19.3409953519999 -70.018941013,-19.343329013 -70.0185169119999,-19.3455542959999 -70.018000688,-19.348277084 -70.017522415,-19.3509815859999 -70.016959625,-19.3538763199999 -70.016566333,-19.35647191 -70.016028939,-19.358860471 -70.015691236,-19.3612117709999 -70.015295339,-19.3633917069999 -70.01481274,-19.3654094729999 -70.014492822,-19.367561875 -70.013753061,-19.371108192 -70.013531429,-19.3722208799999 -70.012768372,-19.3766257619999 -70.0120299929999,-19.3804070039999 -70.011608182,-19.38302985 -70.0112491639999,-19.3850288469999 -70.010770312,-19.387670079 -70.010493239,-19.389063194 -70.010150175,-19.390565109 -70.009329274,-19.394879934 -70.0088134499999,-19.397711127 -70.008373736,-19.400532859 -70.0079865819999,-19.4026133309999 -70.00745741,-19.404830132 -70.006978343,-19.4074532829999 -70.0065265539999,-19.4098684479999 -70.0061142919999,-19.412518335 -70.005623218,-19.4147439559999 -70.005089069,-19.417710781 -70.004741772,-19.4200892179999 -70.0042714309999,-19.422594843 -70.0038068279999,-19.4244859729999 -70.003225389,-19.427516307 -70.002763979,-19.429931516 -70.002349459,-19.432228994 -70.0020654479999,-19.4340649059999 -70.001651409,-19.4364437049999 -70.001086124,-19.4390130969999 -70.0007197429999,-19.441400668 -70.0000439999999,-19.444603198 -69.999724116,-19.446809786 -69.999131467,-19.449587154 -69.998625583,-19.45253573 -69.998239099,-19.4547607549999 -69.997852329,-19.4569405989999 -69.997323872,-19.459320017 -69.997121477,-19.4604958309999 -69.996867857,-19.461084576 -69.9956719909999,-19.464940552 -69.99450322,-19.4685614319999 -69.994353658,-19.4690321329999 -69.993615527,-19.471412691 -69.992623613,-19.474363915 -69.992035067,-19.4762828029999 -69.991202371,-19.4787903759999 -69.990323221,-19.4814969949999 -69.989667384,-19.483325883 -69.9888816,-19.485724756 -69.988198793,-19.4878248709999 -69.987478569,-19.4900426569999 -69.986730564,-19.492396135 -69.9859630449999,-19.494677426 -69.985195942,-19.497031002 -69.984392235,-19.4996377859999 -69.982990377,-19.502609263 -69.9828477409999,-19.504236544 -69.982128963,-19.506716352 -69.981389908,-19.5089974709999 -69.980660036,-19.5112243209999 -69.9799012839999,-19.5134061439999 -69.979151771,-19.515542733 -69.978440902,-19.5177694719999 -69.977778642,-19.5201585959999 -69.9769452049999,-19.5226118959999 -69.976073462,-19.5250382899999 -69.9752122,-19.5276272749999 -69.974454392,-19.529989794 -69.9736212939999,-19.532515367 -69.9728444359999,-19.5348870189999 -69.972142506,-19.5370413979999 -69.9714966619999,-19.53901475 -69.970888875,-19.5409788589999 -69.970661432,-19.544386704 -69.968023825,-19.549623746 -69.9673593099999,-19.5516785089999 -69.9668817,-19.5531087759999 -69.9656933749999,-19.5568470589999 -69.964982004,-19.5590466429999 -69.963876488,-19.56229652 -69.9634276319999,-19.56376277 -69.962537714,-19.566406069 -69.9616485189999,-19.569175865 -69.960852535,-19.571592752 -69.960084915,-19.57397334 -69.959279943,-19.5764896659999 -69.958577355,-19.5785897819999 -69.957724833,-19.581133462 -69.9569483939999,-19.5836496269999 -69.956198934,-19.585894561 -69.955496164,-19.5879765949999 -69.954793643,-19.5901038059999 -69.9539697169999,-19.59266539 -69.9527700319999,-19.596186787 -69.9516656439999,-19.599707673 -69.950841361,-19.602224065 -69.949970069,-19.604858172 -69.949155377,-19.607392579 -69.94843453,-19.6096734769999 -69.9477323639999,-19.611891021 -69.9470106329999,-19.6140273409999 -69.946336668,-19.616181479 -69.945952212,-19.617294941 -69.9451938249999,-19.6196934939999 -69.944255713,-19.622345997 -69.9435442229999,-19.624617792 -69.942794358,-19.62685364 -69.942073767,-19.6292068019999 -69.9412374039999,-19.631334664 -69.9404797839999,-19.6338868079999 -69.939645743,-19.636421276 -69.9388869749999,-19.6387836609999 -69.93813683,-19.6409923849999 -69.937434404,-19.6432098929999 -69.9366846409999,-19.6454908969999 -69.9359251119999,-19.647735806 -69.935259576,-19.649745283 -69.9344999039999,-19.6519721139999 -69.933694406,-19.65452448 -69.9323238969999,-19.656691221 -69.930991347,-19.6588306479999 -69.9295546239999,-19.661106145 -69.9280327439999,-19.6635085779999 -69.926634301,-19.6658200009999 -69.925216534,-19.668095369 -69.923770164,-19.670379909 -69.922304934,-19.672709717 -69.920886997,-19.6749760179999 -69.919506816,-19.6771788629999 -69.9180889049999,-19.6794632149999 -69.9166423359999,-19.681747704 -69.915195727,-19.684032182 -69.913815754,-19.6862982379999 -69.9123879919999,-19.6885554909999 -69.9109508559999,-19.6908489259999 -69.9095137309999,-19.693151385 -69.9080671259999,-19.695471955 -69.906629869,-19.697765358 -69.905239818,-19.6999771869999 -69.9037929419999,-19.702270617 -69.902336636,-19.7045911929999 -69.900908811,-19.7068935419999 -69.899499423,-19.709087355 -69.898033707,-19.711453126 -69.896558408,-19.713818933 -69.8950736259999,-19.716202849 -69.893579409,-19.7186139089999 -69.8921226639999,-19.720907301 -69.890685213,-19.723245767 -69.889237779,-19.7255119829999 -69.8878094899999,-19.727796165 -69.8863433399999,-19.730143777 -69.884886442,-19.732446152 -69.8834391949999,-19.7347755759999 -69.881991559,-19.737041738 -69.8805441809999,-19.7393621049999 -69.8791248969999,-19.741591962 -69.8777624379999,-19.7437492409999 -69.87627657,-19.746033621 -69.8748574649999,-19.748317662 -69.873409592,-19.750583761 -69.871905103,-19.75297663 -69.8704193139999,-19.755306144 -69.86898096,-19.7575902359999 -69.867504632,-19.7599196809999 -69.866038002,-19.7622852129999 -69.8646560139999,-19.7644244209999 -69.8632837279999,-19.766599718 -69.86180719,-19.7689200839999 -69.860311762,-19.771285711 -69.8587878009999,-19.7736785709999 -69.857301929,-19.7760622 -69.855882107,-19.7783099599999 -69.854481192,-19.7805305109999 -69.8530516989999,-19.78276926 -69.851650564,-19.784962682 -69.8502021419999,-19.7872466809999 -69.848763177,-19.789521587 -69.847428845,-19.7917327339999 -69.84591367,-19.794053161 -69.8443985,-19.7963826119999 -69.842959373,-19.798657476 -69.841511231,-19.801040804 -69.8400336459999,-19.803279682 -69.8385848039999,-19.8055455219999 -69.837154969,-19.807802226 -69.835696641,-19.810095197 -69.834276226,-19.812342799 -69.832836678,-19.8145904799999 -69.831387917,-19.816910482 -69.829910331,-19.819203498 -69.828451894,-19.821514486 -69.826993321,-19.8238073919999 -69.8255820759999,-19.826027778 -69.8240475009999,-19.8284113739999 -69.822541433,-19.830776753 -69.821054095,-19.833078782 -69.819605188,-19.835434839 -69.818146413,-19.837736713 -69.816697007,-19.8400114249999 -69.8152191899999,-19.842340473 -69.813807669,-19.8445698089999 -69.812348731,-19.84687164 -69.810879879,-19.849110251 -69.8094780659999,-19.8513937279999 -69.808208769,-19.8534506899999 -69.80687259,-19.8555079459999 -69.805612232,-19.857456417 -69.804352162,-19.85946813 -69.8030066059999,-19.861579618 -69.80151871,-19.863881496 -69.800078707,-19.866219292 -69.798657267,-19.8684575949999 -69.797226146,-19.870677859 -69.7957762,-19.8729614499999 -69.794316661,-19.8752450719999 -69.7928666779999,-19.877537676 -69.791407147,-19.879839348 -69.790004527,-19.882068467 -69.788535408,-19.884379195 -69.7877936309999,-19.8869758509999 -69.7870513399999,-19.88947311 -69.786299786,-19.8920336589999 -69.7855864649999,-19.8946030719999 -69.784816118,-19.8972359869999 -69.7840457029999,-19.899859862 -69.7833511979999,-19.902384003 -69.7825900679999,-19.90496265 -69.781838734,-19.907595468 -69.781049739,-19.910345918 -69.7803262209999,-19.912815957 -69.779518557,-19.9156658799999 -69.778766995,-19.9182715769999 -69.778034208,-19.9208139369999 -69.7772919339999,-19.923374407 -69.7765213709999,-19.926016322 -69.775798072,-19.9285586309999 -69.7750462189999,-19.931128169 -69.7742945639999,-19.933742884 -69.7735143519999,-19.936384829 -69.7727627369999,-19.939017609 -69.772001368,-19.941614285 -69.77125891,-19.9441747299999 -69.7705166499999,-19.946780352 -69.7697648549999,-19.9493950479999 -69.769022417,-19.9519735559999 -69.7682799999999,-19.954561097 -69.76755628,-19.957067229 -69.766823244,-19.9596276149999 -69.7661180699999,-19.962025228 -69.76539446,-19.964567495 -69.7646518449999,-19.967136949 -69.763890311,-19.969751662 -69.7631476939999,-19.9723301459999 -69.7623862,-19.974962924 -69.7616435799999,-19.977550438 -69.76089151,-19.9801650969999 -69.7601394169999,-19.9827797529999 -69.759387213,-19.985376334 -69.7586350729999,-19.987990984 -69.757931263,-19.9907228929999 -69.757140454,-19.993256377 -69.75645373,-19.9955725469999 -69.755711057,-19.9981871439999 -69.754996134,-20.000611862 -69.7542908349999,-20.003054608 -69.753557268,-20.0055878319999 -69.7527953869999,-20.0082024979999 -69.7520525589999,-20.0108080429999 -69.751300062,-20.0133955549999 -69.7505476709999,-20.0160101709999 -69.749795299,-20.0186338189999 -69.749052378,-20.0212393529999 -69.748299703,-20.02380878 -69.7475754719999,-20.026332903 -69.746832312,-20.028902283 -69.746079654,-20.031489773 -69.7453181349999,-20.03423091 -69.744535852,-20.0366287599999 -69.743811169,-20.039080581 -69.7429917429999,-20.0417225539999 -69.7421625169999,-20.0443193839999 -69.7413616539999,-20.0468528389999 -69.7405421079999,-20.0494857649999 -69.739722452,-20.052100616 -69.738883476,-20.0546793999999 -69.738073204,-20.057267096 -69.737319395,-20.0596647949999 -69.7366125349999,-20.061881575 -69.7359153039999,-20.0641163829999 -69.7351895749999,-20.066396488 -69.73445422,-20.068667594 -69.7337001399999,-20.0710291349999 -69.732880186,-20.073625883 -69.733580773,-20.076207283 -69.734262047,-20.0787435789999 -69.734981978,-20.0813610349999 -69.735673074,-20.083942463 -69.736373885,-20.086550954 -69.737093891,-20.0891683959999 -69.7377848909999,-20.091713668 -69.738485818,-20.094331182 -69.7392643059999,-20.097165231 -69.7399845419999,-20.0998097629999 -69.740694941,-20.10239108 -69.741376627,-20.1049634779999 -69.742077595,-20.107562898 -69.742778459,-20.1101352069999 -69.743489212,-20.1127707219999 -69.744180431,-20.115315955 -69.744871846,-20.117897327 -69.745601849,-20.120541784 -69.74626397,-20.122987732 -69.746926113,-20.1254336759999 -69.747617665,-20.1280240679999 -69.748328461,-20.1306324449999 -69.749039282,-20.1332408179999 -69.7496332109999,-20.1354069229999 -69.749759739,-20.1358581819999 -69.751166649,-20.1379666029999 -69.7526699639999,-20.140219175 -69.75417341,-20.1424898029999 -69.755695993,-20.1447512989999 -69.757209051,-20.1470128199999 -69.758683752,-20.149247385 -69.760138965,-20.1514006959999 -69.761459343,-20.153364822 -69.762799156,-20.155383069 -69.764032958,-20.157239117 -69.765421165,-20.159356525 -69.765643529,-20.1617862169999 -69.7658457489999,-20.1640081689999 -69.766067643,-20.166338466 -69.766279931,-20.168659767 -69.7665023709999,-20.17109849 -69.7667547189999,-20.1737810499999 -69.766997508,-20.17646365 -69.767240263,-20.179137214 -69.767492687,-20.181828805 -69.76774512,-20.184520396 -69.767977494,-20.1870223189999 -69.7682201549999,-20.189668769 -69.7684630479999,-20.192360397 -69.768715788,-20.1951061959999 -69.7689586129999,-20.1977797489999 -69.769211151,-20.200480366 -69.7694539519999,-20.203144881 -69.7697066439999,-20.2058726029999 -69.769949509,-20.208546151 -69.770211616,-20.211237684 -69.7704443069999,-20.2137847719999 -69.77067714,-20.216358966 -69.7708995639999,-20.218761523 -69.7711321039999,-20.221272464 -69.771344972,-20.2236750609999 -69.7715772609999,-20.2261317859999 -69.771810317,-20.228742116 -69.772053,-20.231361438 -69.772285718,-20.2338994799999 -69.7725480569999,-20.236618107 -69.7727810169999,-20.239201324 -69.773014255,-20.241838754 -69.7732669179999,-20.2445303119999 -69.773519591,-20.2472218679999 -69.7737624759999,-20.249868287 -69.7740149909999,-20.2525236979999 -69.774248143,-20.255134015 -69.774197639,-20.256534786</coordinates></LineString>
  </Placemark>
  <Placemark id="lineas_sing.139">
	<name>LINEA 220 KV ANGAMOS - LABERINTO</name>
	<Style><LineStyle><color>ff0000ff</color></LineStyle><PolyStyle><fill>0</fill></PolyStyle></Style>
	<ExtendedData><SchemaData schemaUrl="#lineas_sing">
		<SimpleData name="OBJECTID">139</SimpleData>
		<SimpleData name="gml_id">lt_sing_1c966bdb_e893_4b2d_b52e_5945a9a8a68b.113</SimpleData>
		<SimpleData name="layer">Unknown Line Type</SimpleData>
		<SimpleData name="elevation">0</SimpleData>
		<SimpleData name="nombre">LINEA 220 KV ANGAMOS - LABERINTO</SimpleData>
		<SimpleData name="circuito">C1 - C2</SimpleData>
		<SimpleData name="tipo">ADICIONAL</SimpleData>
		<SimpleData name="f_operacio">2010</SimpleData>
		<SimpleData name="long_km">141.128718098</SimpleData>
		<SimpleData name="tramo">LINEA110 KV TAP OFF BARRILES - MANTOS DE LA LUNA</SimpleData>
		<SimpleData name="propiedad">ANGAMOS</SimpleData>
		<SimpleData name="tension_kv">220</SimpleData>
		<SimpleData name="rca">S/I</SimpleData>
		<SimpleData name="sist_elect">SING</SimpleData>
		<SimpleData name="estado">EN OPERACION</SimpleData>
		<SimpleData name="region">REGION DE ANTOFAGASTA</SimpleData>
		<SimpleData name="provincia">ANTOFAGASTA</SimpleData>
		<SimpleData name="comuna">ANTOFAGASTA-MEJILLONES-SIERRA GORDA</SimpleData>
		<SimpleData name="fuente_bas">CNE</SimpleData>
		<SimpleData name="fech_crea">02-12-2014</SimpleData>
		<SimpleData name="fech_act">20/12/2016</SimpleData>
		<SimpleData name="Shape_Leng">1.34787140282152</SimpleData>
	</SchemaData></ExtendedData>
      <LineString><coordinates>-70.363780838,-23.0635843379999 -70.332164172,-23.09010905 -70.354402925,-23.191181367 -70.357067275,-23.203486358 -70.388117096,-23.2487334109999 -70.3923938569999,-23.254918126 -70.3884688109999,-23.26664843 -70.382370723,-23.298998194 -70.349119157,-23.3311775359999 -70.338815602,-23.34529164 -70.3268593559999,-23.356718766 -70.313476365,-23.3695027009999 -70.305847402,-23.3776677349999 -70.30157995,-23.381487466 -70.2917556369999,-23.391440272 -70.2886789949999,-23.396053626 -70.2845241049999,-23.400495162 -70.281831231,-23.40334411 -70.279119193,-23.406247359 -70.2765225539999,-23.4089509309999 -70.27523437,-23.4103432599999 -70.272842722,-23.413008975 -70.2709036109999,-23.429245217 -70.260521419,-23.443933221 -70.2585787479999,-23.4455203699999 -70.247455837,-23.450414418 -70.2432628189999,-23.4511071819999 -70.2378587389999,-23.4531551389999 -70.233223599,-23.454745262 -70.160259262,-23.459974342 -70.157724015,-23.462260123 -70.1461185799999,-23.4640528209999 -70.092766093,-23.45990181 -70.080248028,-23.4543170229999 -70.042770026,-23.452720482 -70.037900732,-23.4497272589999 -69.990450069,-23.441744284 -69.7940503889999,-23.453326465 -69.6309459679999,-23.495042815 -69.591272735,-23.503923845 -69.513835898,-23.4752850589999 -69.486848169,-23.4404693189999 -69.466611324,-23.4316519389999 -69.4218385899999,-23.4447503819999 -69.412019801,-23.4481097039999 -69.411736165,-23.44820078 -69.4112283589999,-23.4486176259999 -69.410506783,-23.449558935</coordinates></LineString>
  </Placemark>
  <Placemark id="lineas_sing.140">
	<name>LINEA 66 KV CENTRAL CHAPIQUINA - ARICA</name>
	<Style><LineStyle><color>ff0000ff</color></LineStyle><PolyStyle><fill>0</fill></PolyStyle></Style>
	<ExtendedData><SchemaData schemaUrl="#lineas_sing">
		<SimpleData name="OBJECTID">140</SimpleData>
		<SimpleData name="gml_id">lt_sing_1c966bdb_e893_4b2d_b52e_5945a9a8a68b.114</SimpleData>
		<SimpleData name="layer">Unknown Line Type</SimpleData>
		<SimpleData name="elevation">0</SimpleData>
		<SimpleData name="nombre">LINEA 66 KV CENTRAL CHAPIQUINA - ARICA</SimpleData>
		<SimpleData name="circuito">C1</SimpleData>
		<SimpleData name="tipo">S/I</SimpleData>
		<SimpleData name="f_operacio">1967</SimpleData>
		<SimpleData name="long_km">83.3414731184</SimpleData>
		<SimpleData name="tramo">CENTRAL CHAPIQUINA - ARICA</SimpleData>
		<SimpleData name="propiedad">E-CL</SimpleData>
		<SimpleData name="tension_kv">66</SimpleData>
		<SimpleData name="rca">S/I</SimpleData>
		<SimpleData name="sist_elect">SING</SimpleData>
		<SimpleData name="estado">EN OPERACION</SimpleData>
		<SimpleData name="region">REGION DE ARICA Y PARINACOTA</SimpleData>
		<SimpleData name="provincia">ARICA-PARINACOTA</SimpleData>
		<SimpleData name="comuna">ARICA-PUTRE</SimpleData>
		<SimpleData name="fuente_bas">CNE</SimpleData>
		<SimpleData name="fech_crea">02-12-2014</SimpleData>
		<SimpleData name="fech_act">20/12/2016</SimpleData>
		<SimpleData name="Shape_Leng">0.785237631915761</SimpleData>
	</SchemaData></ExtendedData>
      <LineString><coordinates>-69.548857813,-18.3725738759999 -69.5496223709999,-18.371884786 -69.551033322,-18.372052428 -69.551856905,-18.3720681189999 -69.5548206,-18.372339681 -69.557623587,-18.372674934 -69.558721565,-18.372653639 -69.561106546,-18.372520094 -69.564305583,-18.372384107 -69.5655360499999,-18.3723533419999 -69.567940068,-18.3722558059999 -69.571073009,-18.372174131 -69.572350563,-18.3720708779999 -69.5750007409999,-18.3719905889999 -69.578038772,-18.3718367819999 -69.5794206209999,-18.3717873919999 -69.580925404,-18.3717014649999 -69.583764762,-18.3715843259999 -69.585638794,-18.371524343 -69.588345502,-18.371371391 -69.590787564,-18.3713367149999 -69.5929358779999,-18.3712125439999 -69.594951948,-18.3711701029999 -69.596920408,-18.3710464489999 -69.5987659039999,-18.3709502749999 -69.600971187,-18.370880062 -69.603451003,-18.370817991 -69.60413231,-18.370752565 -69.606129279,-18.370664878 -69.609649958,-18.370499993 -69.611902523,-18.3704204639999 -69.613284344,-18.370370829 -69.6150211,-18.371648604 -69.616330862,-18.3726294959999 -69.619766624,-18.3751850949999 -69.621835689,-18.376714783 -69.622803876,-18.3774527219999 -69.6244173539999,-18.378631394 -69.6260879119999,-18.3798821669999 -69.628897417,-18.381951607 -69.6309668389999,-18.383535416 -69.6334156149999,-18.3852986959999 -69.6348964749999,-18.386414451 -69.6367190779999,-18.3877821099999 -69.639167938,-18.389536273 -69.6417027489999,-18.391479907 -69.642614,-18.3921365909999 -69.644417655,-18.3934680849999 -69.6455664389999,-18.394349894 -69.647113722,-18.3954653229999 -69.648385874,-18.396418997 -69.6501137449999,-18.39771454 -69.6518037389999,-18.39900116 -69.65356953,-18.4002965399999 -69.6550030029999,-18.401330953 -69.656180191,-18.402185483 -69.657735123,-18.402785641 -69.661642106,-18.4044621479999 -69.662931676,-18.404981845 -69.664116974,-18.4054657479999 -69.6658143559999,-18.406164756 -69.667824735,-18.407007253 -69.669636036,-18.407778127 -69.671636914,-18.4086025409999 -69.673429276,-18.4093644069999 -69.675193075,-18.410081169 -69.676795654,-18.410726186 -69.6786733759999,-18.411514811 -69.680133751,-18.4121060809999 -69.68177438,-18.41278707 -69.683471899,-18.413485915 -69.684941953,-18.4141223 -69.686516236,-18.4147763729999 -69.6881853529999,-18.415466239 -69.6899966829999,-18.4162007629999 -69.692016649,-18.4170158479999 -69.6932117539999,-18.4175447169999 -69.694292887,-18.417983616 -69.696625959,-18.418951148 -69.698484809,-18.4197125269999 -69.7000779799999,-18.420330264 -69.702468107,-18.421342699 -69.704535786,-18.4222207349999 -69.705958387,-18.422793865 -69.7073335809999,-18.4233490849999 -69.7099702639999,-18.424432807 -69.711279167,-18.424979208 -69.7124268169999,-18.4254539029999 -69.715518871,-18.426734665 -69.7178521719999,-18.4277019269999 -69.719758621,-18.4284809869999 -69.721266726,-18.429098863 -69.723030948,-18.429824203 -69.726056721,-18.4310688899999 -69.727906315,-18.4318209699999 -69.730799363,-18.4330118619999 -69.733294182,-18.434068683 -69.7345367139999,-18.4345609489999 -69.7368891959999,-18.435536933 -69.738122356,-18.436047286 -69.739905576,-18.436754316 -69.740560059,-18.4370138539999 -69.7457471279999,-18.438737804 -69.7484689039999,-18.4396850759999 -69.749322459,-18.4399889859999 -69.7525846469999,-18.441078664 -69.756253617,-18.442067251 -69.7587777539999,-18.443268211 -69.759530039,-18.4442231849999 -69.760520222,-18.4454392919999 -69.763272215,-18.448898669 -69.7639957819999,-18.449772401 -69.7651004649999,-18.451168771 -69.766185706,-18.452447725 -69.767319276,-18.453943377 -69.769433385,-18.4565828149999 -69.7701535899999,-18.4566883429999 -69.7715181619999,-18.456881622 -69.7736693159999,-18.457198209 -69.7759151769999,-18.457514384 -69.777753589,-18.457777979 -69.780264952,-18.4581653129999 -69.7818852359999,-18.4583574649999 -69.7839890719999,-18.458674129 -69.787040379,-18.459086252 -69.7882723609999,-18.459270922 -69.7904519369999,-18.459578161 -69.792347249,-18.459850413 -69.794185704,-18.460113846 -69.795986241,-18.4603683829999 -69.798923915,-18.460771752 -69.8006771139999,-18.461026444 -69.802373496,-18.4612813589999 -69.804230918,-18.4615446139999 -69.806552723,-18.461878175 -69.8077515529999,-18.4630660189999 -69.810422809,-18.46319018 -69.81202367,-18.463264667 -69.81314159,-18.46335025 -69.814954041,-18.4641106519999 -69.817649734,-18.4653913999999 -69.818807694,-18.465928649 -69.820449728,-18.466689733 -69.822357465,-18.4675580979999 -69.824851791,-18.4682973669999 -69.8275167799999,-18.469072007 -69.828512621,-18.4693658919999 -69.831149404,-18.4701767519999 -69.833120645,-18.4704482569999 -69.83542367,-18.470781541 -69.836997068,-18.471036683 -69.838551265,-18.471237673 -69.8407026899999,-18.4715534869999 -69.8420862899999,-18.471728092 -69.842875668,-18.472402388 -69.8457101659999,-18.474884082 -69.8468804039999,-18.4759633419999 -69.848079024,-18.4770334299999 -69.849572463,-18.4783461979999 -69.851294256,-18.4798657869999 -69.854899438,-18.483003595 -69.8569308199999,-18.4820003039999 -69.859292452,-18.4807514849999 -69.8611828419999,-18.4799747239999 -69.862665508,-18.479109428 -69.864120153,-18.4783255849999 -69.866132572,-18.477340359 -69.869986727,-18.475343519 -69.870515314,-18.4749886349999 -69.874360488,-18.473109235 -69.8751197459999,-18.473422037 -69.8763726769999,-18.4739675239999 -69.8790303709999,-18.4751119929999 -69.882039259,-18.4763993839999 -69.8843932619999,-18.477409628 -69.8855038139999,-18.477883418 -69.888085717,-18.479000996 -69.889357622,-18.4795372679999 -69.891455475,-18.4804492119999 -69.8931640979999,-18.481182222 -69.894493095,-18.481763375 -69.896457981,-18.4825945539999 -69.8979293479999,-18.4832292319999 -69.898697926,-18.4834967049999 -69.900471586,-18.4839762939999 -69.901865932,-18.4843673 -69.906125585,-18.485693521 -69.9073677979999,-18.4859677279999 -69.9096253989999,-18.4866075799999 -69.9116459919999,-18.48720336 -69.9135431839999,-18.487745489 -69.915260238,-18.4882523209999 -69.9168349409999,-18.488705602 -69.918419124,-18.489158824 -69.920031825,-18.489629969 -69.921682421,-18.490100914 -69.923352113,-18.4905988639999 -69.92504066,-18.491078632 -69.927023369,-18.4916563539999 -69.930591455,-18.492895022 -69.931122891,-18.4930821899999 -69.9353649449999,-18.494579528 -69.9377943699999,-18.495426042 -69.9409261599999,-18.496531112 -69.942947607,-18.497244027 -69.94457998,-18.497823304 -69.946250102,-18.498375267 -69.9492967469999,-18.4994806189999 -69.9518402159999,-18.50037156 -69.953102437,-18.5008080279999 -69.954317455,-18.5012718369999 -69.9568227839999,-18.502108678 -69.958796994,-18.502821657 -69.960097188,-18.503266922 -69.963523391,-18.5044604829999 -69.9643396659999,-18.5047545489999 -69.9665986589999,-18.505565401 -69.967737762,-18.5059933599999 -69.9704332219999,-18.506928451 -69.971600505,-18.5073110559999 -69.9730814,-18.5078727819999 -69.975548964,-18.5087005239999 -69.9778554169999,-18.5095109919999 -69.9803423819999,-18.510410866 -69.982582416,-18.511194507 -69.983560095,-18.511541872 -69.9850408029999,-18.512058317 -69.9885148,-18.5132692349999 -69.9900430549999,-18.513812502 -69.99321342,-18.5149255119999 -69.994485261,-18.515352607 -69.997390025,-18.5163946439999 -69.999478379,-18.5171336929999 -70.0009650759999,-18.517035458 -70.0027737899999,-18.516926468 -70.004468671,-18.5167909539999 -70.006258381,-18.516672994 -70.007697703,-18.516574959 -70.0091938589999,-18.5164766099999 -70.011599019,-18.516310129 -70.0136631029999,-18.5161364099999 -70.014960537,-18.516075229 -70.017261483,-18.515909236 -70.019818076,-18.515723763 -70.023056528,-18.515507456 -70.0248366759999,-18.515380337 -70.027923549,-18.515164769 -70.0293912019999,-18.5150573789999 -70.031209227,-18.514929993 -70.03280949,-18.5148218539999 -70.0347694879999,-18.514675585 -70.0362561279999,-18.514577075 -70.038983118,-18.514381374 -70.040346664,-18.5142925449999 -70.0418332959999,-18.514193991 -70.0437366039999,-18.5140750529999 -70.045516656,-18.5139387039999 -70.047230508,-18.513820778 -70.048783326,-18.5137037289999 -70.0504309199999,-18.5135951789999 -70.0520594559999,-18.513468647 -70.0537828779999,-18.513368683 -70.055534549,-18.513241434 -70.0571157689999,-18.51312416 -70.058981101,-18.512996244 -70.060884374,-18.5128771349999 -70.063090535,-18.5127201559999 -70.0652293219999,-18.5123918309999 -70.06713146,-18.512091927 -70.069052535,-18.511791898 -70.071001907,-18.5114736149999 -70.072989385,-18.511191244 -70.074815771,-18.5109007309999 -70.0769733929999,-18.510563131 -70.078752573,-18.5102999599999 -70.0807776249999,-18.5099721089999 -70.0827081739999,-18.5096809259999 -70.084591299,-18.5093809589999 -70.0867016299999,-18.5090615939999 -70.088830897,-18.5087420959999 -70.0904395379999,-18.5084797989999 -70.0924458819999,-18.508197117 -70.094309105,-18.5077525799999 -70.096428749,-18.50741498 -70.098416008,-18.5071142739999 -70.10028024,-18.5068323359999 -70.102286427,-18.5065314789999 -70.104112583,-18.506222615 -70.106099752,-18.5059127919999 -70.108512853,-18.5055552699999 -70.110112769,-18.5054193739999 -70.112127512,-18.504982812 -70.113859146,-18.5047105579999 -70.115761146,-18.50441921 -70.117634606,-18.5041099389999 -70.1195745369999,-18.5038273659999 -70.121618412,-18.503508011 -70.123387838,-18.50322641 -70.1254034,-18.502925256 -70.127381009,-18.50261527 -70.129349256,-18.502323394 -70.1314026209999,-18.502012914 -70.133313785,-18.501685191 -70.135319835,-18.50138399 -70.13734464,-18.5010555449999 -70.139473801,-18.50075356 -70.1413377539999,-18.500453152 -70.1432585869999,-18.5001614189999 -70.1452455319999,-18.4998421559999 -70.147289357,-18.4995315639999 -70.1490216449999,-18.4993764669999 -70.1510078429999,-18.4989487089999 -70.153004226,-18.498629308 -70.154783126,-18.4983654339999 -70.156599843,-18.498092276 -70.158340724,-18.4978105289999 -70.1603087839999,-18.4975092989999 -70.1624660159999,-18.4971707409999 -70.16433947,-18.4968881249999 -70.166241269,-18.496596279 -70.168115321,-18.4964039879999 -70.169988018,-18.4960128819999 -70.171965501,-18.495711475 -70.1738672079999,-18.495410517 -70.1757027949999,-18.495137061 -70.1777464899999,-18.494826147 -70.1797238789999,-18.494515624 -70.1817391439999,-18.494204844 -70.183659629,-18.493885599 -70.1857317019999,-18.4935744229999 -70.1877382169999,-18.493372074 -70.189591946,-18.4929899329999 -70.1914273479999,-18.4926982549999 -70.1933100969999,-18.4924062609999 -70.195296892,-18.492095519 -70.197122801,-18.491803847 -70.198911008,-18.491539506 -70.200973671,-18.491246298 -70.202875197,-18.490936018 -70.204710421,-18.4906261419999 -70.206357237,-18.490462033 -70.2086366779999,-18.4900227759999 -70.21065182,-18.489711695 -70.212714241,-18.489391252 -70.214984687,-18.48902427 -70.2168767479999,-18.48872295 -70.218872913,-18.488411904 -70.2205286449999,-18.4881753239999 -70.222468036,-18.4878736439999 -70.224521,-18.487562172 -70.226952255,-18.487175936 -70.228910947,-18.486928285 -70.230991649,-18.486526199 -70.2326095879999,-18.4863078349999 -70.234643502,-18.485987343 -70.236403289,-18.485740912 -70.2384274569999,-18.4853842979999 -70.240489821,-18.485072595 -70.243308879,-18.484629393 -70.2455224189999,-18.4842714609999 -70.2473860759999,-18.4839881 -70.2493537,-18.4836769259999 -70.2511511169999,-18.483403003 -70.252967401,-18.483119901 -70.254830963,-18.482827433 -70.2567228619999,-18.4825257219999 -70.258690579,-18.482232525 -70.2604976279999,-18.481985559 -70.262550625,-18.481700792 -70.2669485919999,-18.48220457 -70.270086008,-18.482572121 -70.2712808219999,-18.4827809779999 -70.273584093,-18.483045631 -70.2775469589999,-18.48361534 -70.279575683,-18.483890806 -70.2814335479999,-18.484113189 -70.283320299,-18.4843986129999 -70.284884669,-18.484631986 -70.2866772679999,-18.4849903049999 -70.28875242,-18.485138847 -70.289041318,-18.4857784609999</coordinates></LineString>
  </Placemark>
  <Placemark id="lineas_sing.141">
	<name>LINEA 33 KV CHACAYA - TAP OFF E.B. ALGORTA N 2</name>
	<Style><LineStyle><color>ff0000ff</color></LineStyle><PolyStyle><fill>0</fill></PolyStyle></Style>
	<ExtendedData><SchemaData schemaUrl="#lineas_sing">
		<SimpleData name="OBJECTID">141</SimpleData>
		<SimpleData name="gml_id">lt_sing_1c966bdb_e893_4b2d_b52e_5945a9a8a68b.115</SimpleData>
		<SimpleData name="layer">Unknown Line Type</SimpleData>
		<SimpleData name="elevation">0</SimpleData>
		<SimpleData name="nombre">LINEA 33 KV CHACAYA - TAP OFF E.B. ALGORTA N 2</SimpleData>
		<SimpleData name="circuito">C1</SimpleData>
		<SimpleData name="tipo">ADICIONAL</SimpleData>
		<SimpleData name="f_operacio">2012</SimpleData>
		<SimpleData name="long_km">39.2150706229</SimpleData>
		<SimpleData name="tramo">CHACAYA NODO 0 / NODO 0 CAPTACION / NODO 0 EB1 - EB1 - EB2</SimpleData>
		<SimpleData name="propiedad">ALGORTA</SimpleData>
		<SimpleData name="tension_kv">33</SimpleData>
		<SimpleData name="rca">S/I</SimpleData>
		<SimpleData name="sist_elect">SING</SimpleData>
		<SimpleData name="estado">EN OPERACION</SimpleData>
		<SimpleData name="region">REGION DE ANTOFAGASTA</SimpleData>
		<SimpleData name="provincia">ANTOFAGASTA</SimpleData>
		<SimpleData name="comuna">ANTOFAGASTA</SimpleData>
		<SimpleData name="fuente_bas">CNE</SimpleData>
		<SimpleData name="fech_crea">02-12-2014</SimpleData>
		<SimpleData name="fech_act">20/12/2016</SimpleData>
		<SimpleData name="Shape_Leng">0.081925880571677</SimpleData>
	</SchemaData></ExtendedData>
      <LineString><coordinates>-70.408852918,-23.0924689129999 -70.404525566,-23.1006718969999 -70.339273115,-23.132614845</coordinates></LineString>
  </Placemark>
  <Placemark id="lineas_sing.142">
	<name>LINEA 33 KV CHACAYA - TAP OFF E.B. ALGORTA N 2</name>
	<Style><LineStyle><color>ff0000ff</color></LineStyle><PolyStyle><fill>0</fill></PolyStyle></Style>
	<ExtendedData><SchemaData schemaUrl="#lineas_sing">
		<SimpleData name="OBJECTID">142</SimpleData>
		<SimpleData name="gml_id">lt_sing_1c966bdb_e893_4b2d_b52e_5945a9a8a68b.116</SimpleData>
		<SimpleData name="layer">Unknown Line Type</SimpleData>
		<SimpleData name="elevation">0</SimpleData>
		<SimpleData name="nombre">LINEA 33 KV CHACAYA - TAP OFF E.B. ALGORTA N 2</SimpleData>
		<SimpleData name="circuito">C1</SimpleData>
		<SimpleData name="tipo">ADICIONAL</SimpleData>
		<SimpleData name="f_operacio">2012</SimpleData>
		<SimpleData name="long_km">39.2150706229</SimpleData>
		<SimpleData name="tramo">CHACAYA NODO 0 / NODO 0 CAPTACION / NODO 0 EB1 - EB1 - EB2</SimpleData>
		<SimpleData name="propiedad">ALGORTA</SimpleData>
		<SimpleData name="tension_kv">33</SimpleData>
		<SimpleData name="rca">S/I</SimpleData>
		<SimpleData name="sist_elect">SING</SimpleData>
		<SimpleData name="estado">EN OPERACION</SimpleData>
		<SimpleData name="region">REGION DE ANTOFAGASTA</SimpleData>
		<SimpleData name="provincia">ANTOFAGASTA</SimpleData>
		<SimpleData name="comuna">ANTOFAGASTA</SimpleData>
		<SimpleData name="fuente_bas">CNE</SimpleData>
		<SimpleData name="fech_crea">02-12-2014</SimpleData>
		<SimpleData name="fech_act">20/12/2016</SimpleData>
		<SimpleData name="Shape_Leng">0.129220422749544</SimpleData>
	</SchemaData></ExtendedData>
      <LineString><coordinates>-70.339273115,-23.132614845 -70.3183743499999,-23.031473531 -70.343476016,-23.0249221139999</coordinates></LineString>
  </Placemark>
  <Placemark id="lineas_sing.143">
	<name>LINEA 33 KV CHACAYA - TAP OFF E.B. ALGORTA N 2</name>
	<Style><LineStyle><color>ff0000ff</color></LineStyle><PolyStyle><fill>0</fill></PolyStyle></Style>
	<ExtendedData><SchemaData schemaUrl="#lineas_sing">
		<SimpleData name="OBJECTID">143</SimpleData>
		<SimpleData name="gml_id">lt_sing_1c966bdb_e893_4b2d_b52e_5945a9a8a68b.117</SimpleData>
		<SimpleData name="layer">Unknown Line Type</SimpleData>
		<SimpleData name="elevation">0</SimpleData>
		<SimpleData name="nombre">LINEA 33 KV CHACAYA - TAP OFF E.B. ALGORTA N 2</SimpleData>
		<SimpleData name="circuito">C1</SimpleData>
		<SimpleData name="tipo">ADICIONAL</SimpleData>
		<SimpleData name="f_operacio">2012</SimpleData>
		<SimpleData name="long_km">39.2150706229</SimpleData>
		<SimpleData name="tramo">CHACAYA NODO 0 / NODO 0 CAPTACION / NODO 0 EB1 - EB1 - EB2</SimpleData>
		<SimpleData name="propiedad">ALGORTA</SimpleData>
		<SimpleData name="tension_kv">33</SimpleData>
		<SimpleData name="rca">S/I</SimpleData>
		<SimpleData name="sist_elect">SING</SimpleData>
		<SimpleData name="estado">EN OPERACION</SimpleData>
		<SimpleData name="region">REGION DE ANTOFAGASTA</SimpleData>
		<SimpleData name="provincia">ANTOFAGASTA</SimpleData>
		<SimpleData name="comuna">ANTOFAGASTA</SimpleData>
		<SimpleData name="fuente_bas">CNE</SimpleData>
		<SimpleData name="fech_crea">02-12-2014</SimpleData>
		<SimpleData name="fech_act">20/12/2016</SimpleData>
		<SimpleData name="Shape_Leng">0.020374886605475</SimpleData>
	</SchemaData></ExtendedData>
      <LineString><coordinates>-70.339273115,-23.132614845 -70.319220606,-23.1362249539999</coordinates></LineString>
  </Placemark>
  <Placemark id="lineas_sing.144">
	<name>LINEA 33 KV CHACAYA - TAP OFF E.B. ALGORTA N 2</name>
	<Style><LineStyle><color>ff0000ff</color></LineStyle><PolyStyle><fill>0</fill></PolyStyle></Style>
	<ExtendedData><SchemaData schemaUrl="#lineas_sing">
		<SimpleData name="OBJECTID">144</SimpleData>
		<SimpleData name="gml_id">lt_sing_1c966bdb_e893_4b2d_b52e_5945a9a8a68b.118</SimpleData>
		<SimpleData name="layer">Unknown Line Type</SimpleData>
		<SimpleData name="elevation">0</SimpleData>
		<SimpleData name="nombre">LINEA 33 KV CHACAYA - TAP OFF E.B. ALGORTA N 2</SimpleData>
		<SimpleData name="circuito">C1</SimpleData>
		<SimpleData name="tipo">ADICIONAL</SimpleData>
		<SimpleData name="f_operacio">2012</SimpleData>
		<SimpleData name="long_km">39.2150706229</SimpleData>
		<SimpleData name="tramo">CHACAYA NODO 0 / NODO 0 CAPTACION / NODO 0 EB1 - EB1 - EB2</SimpleData>
		<SimpleData name="propiedad">ALGORTA</SimpleData>
		<SimpleData name="tension_kv">33</SimpleData>
		<SimpleData name="rca">S/I</SimpleData>
		<SimpleData name="sist_elect">SING</SimpleData>
		<SimpleData name="estado">EN OPERACION</SimpleData>
		<SimpleData name="region">REGION DE ANTOFAGASTA</SimpleData>
		<SimpleData name="provincia">ANTOFAGASTA</SimpleData>
		<SimpleData name="comuna">ANTOFAGASTA</SimpleData>
		<SimpleData name="fuente_bas">CNE</SimpleData>
		<SimpleData name="fech_crea">02-12-2014</SimpleData>
		<SimpleData name="fech_act">20/12/2016</SimpleData>
		<SimpleData name="Shape_Leng">0.000858561433609</SimpleData>
	</SchemaData></ExtendedData>
      <LineString><coordinates>-70.319220606,-23.1362249539999 -70.319355859,-23.1370727949999</coordinates></LineString>
  </Placemark>
  <Placemark id="lineas_sing.145">
	<name>LINEA 33 KV CHACAYA - TAP OFF E.B. ALGORTA N 2</name>
	<Style><LineStyle><color>ff0000ff</color></LineStyle><PolyStyle><fill>0</fill></PolyStyle></Style>
	<ExtendedData><SchemaData schemaUrl="#lineas_sing">
		<SimpleData name="OBJECTID">145</SimpleData>
		<SimpleData name="gml_id">lt_sing_1c966bdb_e893_4b2d_b52e_5945a9a8a68b.119</SimpleData>
		<SimpleData name="layer">Unknown Line Type</SimpleData>
		<SimpleData name="elevation">0</SimpleData>
		<SimpleData name="nombre">LINEA 33 KV CHACAYA - TAP OFF E.B. ALGORTA N 2</SimpleData>
		<SimpleData name="circuito">C1</SimpleData>
		<SimpleData name="tipo">ADICIONAL</SimpleData>
		<SimpleData name="f_operacio">2012</SimpleData>
		<SimpleData name="long_km">39.2150706229</SimpleData>
		<SimpleData name="tramo">CHACAYA NODO 0 / NODO 0 CAPTACION / NODO 0 EB1 - EB1 - EB2</SimpleData>
		<SimpleData name="propiedad">ALGORTA</SimpleData>
		<SimpleData name="tension_kv">33</SimpleData>
		<SimpleData name="rca">S/I</SimpleData>
		<SimpleData name="sist_elect">SING</SimpleData>
		<SimpleData name="estado">EN OPERACION</SimpleData>
		<SimpleData name="region">REGION DE ANTOFAGASTA</SimpleData>
		<SimpleData name="provincia">ANTOFAGASTA</SimpleData>
		<SimpleData name="comuna">ANTOFAGASTA</SimpleData>
		<SimpleData name="fuente_bas">CNE</SimpleData>
		<SimpleData name="fech_crea">02-12-2014</SimpleData>
		<SimpleData name="fech_act">20/12/2016</SimpleData>
		<SimpleData name="Shape_Leng">0.139547437270383</SimpleData>
	</SchemaData></ExtendedData>
      <LineString><coordinates>-70.319220606,-23.1362249539999 -70.2791160949999,-23.1459303779999 -70.2248861039999,-23.1271143129999 -70.2094261989999,-23.1291664619999 -70.191488152,-23.127126323 -70.185334499,-23.130306784 -70.1854639059999,-23.1305858019999</coordinates></LineString>
  </Placemark>
  <Placemark id="lineas_sing.146">
	<name>CHACAYA - GNL MEJILLONES 110KV</name>
	<Style><LineStyle><color>ff0000ff</color></LineStyle><PolyStyle><fill>0</fill></PolyStyle></Style>
	<ExtendedData><SchemaData schemaUrl="#lineas_sing">
		<SimpleData name="OBJECTID">146</SimpleData>
		<SimpleData name="gml_id">lt_sing_1c966bdb_e893_4b2d_b52e_5945a9a8a68b.120</SimpleData>
		<SimpleData name="layer">Unknown Line Type</SimpleData>
		<SimpleData name="elevation">0</SimpleData>
		<SimpleData name="nombre">CHACAYA - GNL MEJILLONES 110KV</SimpleData>
		<SimpleData name="circuito">C1</SimpleData>
		<SimpleData name="tipo">ADICIONAL</SimpleData>
		<SimpleData name="f_operacio">2010</SimpleData>
		<SimpleData name="long_km">10.8825798782</SimpleData>
		<SimpleData name="tramo">POZO ALMONTE - TAMARUGAL</SimpleData>
		<SimpleData name="propiedad">E-CL</SimpleData>
		<SimpleData name="tension_kv">110</SimpleData>
		<SimpleData name="rca">S/I</SimpleData>
		<SimpleData name="sist_elect">SING</SimpleData>
		<SimpleData name="estado">EN OPERACION</SimpleData>
		<SimpleData name="region">REGION DE ANTOFAGASTA</SimpleData>
		<SimpleData name="provincia">ANTOFAGASTA</SimpleData>
		<SimpleData name="comuna">MEJILLONES</SimpleData>
		<SimpleData name="fuente_bas">CNE</SimpleData>
		<SimpleData name="fech_crea">02-12-2014</SimpleData>
		<SimpleData name="fech_act">20/12/2016</SimpleData>
		<SimpleData name="Shape_Leng">0.103985914861713</SimpleData>
	</SchemaData></ExtendedData>
      <LineString><coordinates>-70.4089089989999,-23.0914180199999 -70.4062632289999,-23.0937548869999 -70.404418569,-23.098925102 -70.403389241,-23.0999821039999 -70.397633968,-23.0985117459999 -70.3904183659999,-23.096667956 -70.384388942,-23.095663036 -70.362314138,-23.087785781 -70.3446698449999,-23.0823296099999 -70.344151713,-23.0800540549999 -70.344024552,-23.0794955699999 -70.366377029,-23.060742079</coordinates></LineString>
  </Placemark>
  <Placemark id="lineas_sing.147">
	<name>LIXIVIACION - BOOSTER. CIRCUITO N 2 69KV</name>
	<Style><LineStyle><color>ff0000ff</color></LineStyle><PolyStyle><fill>0</fill></PolyStyle></Style>
	<ExtendedData><SchemaData schemaUrl="#lineas_sing">
		<SimpleData name="OBJECTID">147</SimpleData>
		<SimpleData name="gml_id">lt_sing_1c966bdb_e893_4b2d_b52e_5945a9a8a68b.123</SimpleData>
		<SimpleData name="layer">Unknown Line Type</SimpleData>
		<SimpleData name="elevation">0</SimpleData>
		<SimpleData name="nombre">LIXIVIACION - BOOSTER. CIRCUITO N 2 69KV</SimpleData>
		<SimpleData name="circuito">C2</SimpleData>
		<SimpleData name="tipo">ADICIONAL</SimpleData>
		<SimpleData name="f_operacio">2004</SimpleData>
		<SimpleData name="long_km">0.22409135189</SimpleData>
		<SimpleData name="tramo">ATACAMA-DOMEYKO</SimpleData>
		<SimpleData name="propiedad">MINERA ESCONDIDA</SimpleData>
		<SimpleData name="tension_kv">69</SimpleData>
		<SimpleData name="rca">S/I</SimpleData>
		<SimpleData name="sist_elect">SING</SimpleData>
		<SimpleData name="estado">EN OPERACION</SimpleData>
		<SimpleData name="region">REGION DE ANTOFAGASTA</SimpleData>
		<SimpleData name="provincia">ANTOFAGASTA</SimpleData>
		<SimpleData name="comuna">ANTOFAGASTA</SimpleData>
		<SimpleData name="fuente_bas">CNE</SimpleData>
		<SimpleData name="fech_crea">02-12-2014</SimpleData>
		<SimpleData name="fech_act">20/12/2016</SimpleData>
		<SimpleData name="Shape_Leng">0.001437552433785</SimpleData>
	</SchemaData></ExtendedData>
      <LineString><coordinates>-69.095408999,-24.243357901 -69.0955099989999,-24.2447919009999</coordinates></LineString>
  </Placemark>
  <Placemark id="lineas_sing.148">
	<name>LINEA 220 KV CALAMA - JAMA</name>
	<Style><LineStyle><color>ff0000ff</color></LineStyle><PolyStyle><fill>0</fill></PolyStyle></Style>
	<ExtendedData><SchemaData schemaUrl="#lineas_sing">
		<SimpleData name="OBJECTID">148</SimpleData>
		<SimpleData name="gml_id">lt_sing_1c966bdb_e893_4b2d_b52e_5945a9a8a68b.151</SimpleData>
		<SimpleData name="layer">Unknown Line Type</SimpleData>
		<SimpleData name="elevation">0</SimpleData>
		<SimpleData name="nombre">LINEA 220 KV CALAMA - JAMA</SimpleData>
		<SimpleData name="circuito">C1</SimpleData>
		<SimpleData name="tipo">S/I</SimpleData>
		<SimpleData name="f_operacio">2014</SimpleData>
		<SimpleData name="long_km">31.8338134283</SimpleData>
		<SimpleData name="tramo">S/E SAN PEDRO III - S/E CALAMA</SimpleData>
		<SimpleData name="propiedad">PLANTA SOLAR SAN PEDRO III S.A.</SimpleData>
		<SimpleData name="tension_kv">220</SimpleData>
		<SimpleData name="rca">317-2013</SimpleData>
		<SimpleData name="sist_elect">SING</SimpleData>
		<SimpleData name="estado">EN OPERACION</SimpleData>
		<SimpleData name="region">REGION DE ANTOFAGASTA</SimpleData>
		<SimpleData name="provincia">EL LOA</SimpleData>
		<SimpleData name="comuna">CALAMA</SimpleData>
		<SimpleData name="fuente_bas">CDEC SING</SimpleData>
		<SimpleData name="fech_crea">02-12-2014</SimpleData>
		<SimpleData name="fech_act">20/12/2016</SimpleData>
		<SimpleData name="Shape_Leng">0.301180134361066</SimpleData>
	</SchemaData></ExtendedData>
      <LineString><coordinates>-68.9229316129999,-22.427540759 -68.920948536,-22.427983194 -68.918775905,-22.428513772 -68.91638882,-22.429163279 -68.9129502439999,-22.429555078 -68.909012735,-22.4299716369999 -68.9051556809999,-22.4305071269999 -68.9012288599999,-22.4309930659999 -68.897404088,-22.431424498 -68.89351493,-22.4318954569999 -68.889754421,-22.432351684 -68.885795545,-22.432812833 -68.8817668409999,-22.4333087049999 -68.8779956229999,-22.431588071 -68.874428278,-22.429971581 -68.8713920129999,-22.4311615989999 -68.868629342,-22.432356661 -68.865593137,-22.4335814409999 -68.865973931,-22.436967997 -68.8654911899999,-22.440042068 -68.865062001,-22.4427888779999 -68.86462211,-22.445629901 -68.864203703,-22.448346902 -68.863774071,-22.4511548999999 -68.863398952,-22.4541375909999 -68.8614893129999,-22.456497462 -68.858528102,-22.457181571 -68.8555025649999,-22.4579152539999 -68.8521444679999,-22.457022992 -68.8484644659999,-22.455991776 -68.845835856,-22.458470575 -68.842735346,-22.459928115 -68.839527427,-22.461504557 -68.836308704,-22.463031507 -68.833326126,-22.464459172 -68.8300430789999,-22.465936514 -68.826856592,-22.467483092 -68.8238739569999,-22.468881129 -68.820859186,-22.4702789849999 -68.817779967,-22.4717067039999 -68.814636509,-22.473223456 -68.8114500029999,-22.474750303 -68.811020851,-22.478537397 -68.8105488049999,-22.4819674139999 -68.8101517699999,-22.485407364 -68.809668989,-22.488976124 -68.8073515949999,-22.4914740689999 -68.805034214,-22.4941109219999 -68.80260944,-22.4967972059999 -68.8002169329999,-22.499493338 -68.7977815259999,-22.502209164 -68.795474815,-22.5046177799999 -68.793307506,-22.507184996 -68.790968736,-22.509662794 -68.7884473519999,-22.5124777349999 -68.7851857539999,-22.514261689 -68.781967241,-22.51598619 -68.778727099,-22.5178097899999 -68.7756264069999,-22.519573893 -68.772461393,-22.521258798 -68.769307129,-22.522983224 -68.765959691,-22.5248662139999 -68.7641037179999,-22.527978042 -68.762279935,-22.531143894 -68.760434355,-22.5342312339999 -68.758674919,-22.537104913 -68.756979676,-22.539988606 -68.7551880409999,-22.5430603999999 -68.7534176679999,-22.546052887 -68.751636742,-22.5489759559999 -68.749866455,-22.5519981219999 -68.748203525,-22.554881404 -68.7476885099999,-22.5578836409999 -68.7471734539999,-22.560895632 -68.74667998,-22.563848121 -68.743182384,-22.564125513 -68.7394488049999,-22.564452404 -68.735779501,-22.564729808 -68.732088844,-22.5650765629999 -68.728569674,-22.565363899 -68.72508292,-22.5656314299999 -68.7213706809999,-22.565948541 -68.7175298189999,-22.5662258629999 -68.714032243,-22.5665329729999 -68.7102771369999,-22.56685987 -68.706457587,-22.5671572009999 -68.702960009,-22.567444467 -68.699451728,-22.567771385</coordinates></LineString>
  </Placemark>
  <Placemark id="lineas_sing.149">
	<name>CRUCERO - EL ABRA 220KV</name>
	<Style><LineStyle><color>ff0000ff</color></LineStyle><PolyStyle><fill>0</fill></PolyStyle></Style>
	<ExtendedData><SchemaData schemaUrl="#lineas_sing">
		<SimpleData name="OBJECTID">149</SimpleData>
		<SimpleData name="gml_id">lt_sing_1c966bdb_e893_4b2d_b52e_5945a9a8a68b.125</SimpleData>
		<SimpleData name="layer">Unknown Line Type</SimpleData>
		<SimpleData name="elevation">0</SimpleData>
		<SimpleData name="nombre">CRUCERO - EL ABRA 220KV</SimpleData>
		<SimpleData name="circuito">C1</SimpleData>
		<SimpleData name="tipo">ADICIONAL</SimpleData>
		<SimpleData name="f_operacio">1995</SimpleData>
		<SimpleData name="long_km">100.341514556</SimpleData>
		<SimpleData name="tramo">ATACAMA- ESMERALDA</SimpleData>
		<SimpleData name="propiedad">TRANSELEC NORTE</SimpleData>
		<SimpleData name="tension_kv">220</SimpleData>
		<SimpleData name="rca">S/I</SimpleData>
		<SimpleData name="sist_elect">SING</SimpleData>
		<SimpleData name="estado">EN OPERACION</SimpleData>
		<SimpleData name="region">REGION DE ANTOFAGASTA</SimpleData>
		<SimpleData name="provincia">EL LOA-TOCOPILLA</SimpleData>
		<SimpleData name="comuna">CALAMA-MARIA ELENA</SimpleData>
		<SimpleData name="fuente_bas">CNE</SimpleData>
		<SimpleData name="fech_crea">02-12-2014</SimpleData>
		<SimpleData name="fech_act">20/12/2016</SimpleData>
		<SimpleData name="Shape_Leng">0.961254550329591</SimpleData>
	</SchemaData></ExtendedData>
      <LineString><coordinates>-69.5653268409999,-22.2748809449999 -69.564272134,-22.2748235189999 -69.562251637,-22.274713489 -69.558768556,-22.274551211 -69.5583589409999,-22.274532628 -69.5553717719999,-22.274397081 -69.552189352,-22.274281193 -69.549045534,-22.2741677619999 -69.545897893,-22.2740530569999 -69.5427232719999,-22.273936996 -69.539565995,-22.2738222579999 -69.536460781,-22.2737099409999 -69.533384886,-22.273598712 -69.530430219,-22.273490011 -69.527294274,-22.27337735 -69.524049878,-22.2732619459999 -69.520791478,-22.273142255 -69.517542422,-22.2730201319999 -69.5143238319999,-22.272906217 -69.511096204,-22.27278912 -69.5078364029999,-22.272669714 -69.50462781,-22.2725545559999 -69.5015895509999,-22.272446386 -69.498557735,-22.272333155 -69.4953958139999,-22.272219148 -69.4923000439999,-22.27210514 -69.489035515,-22.2719859599999 -69.485933887,-22.271873531 -69.4827097419999,-22.2717567879999 -69.479913256,-22.27165581 -69.4766738229999,-22.271537816 -69.4734586179999,-22.2714215899999 -69.470306658,-22.271306029 -69.46710086,-22.271187025 -69.4638671229999,-22.271065509 -69.4606643819999,-22.270949559 -69.457720977,-22.270839135 -69.4551447979999,-22.2707420409999 -69.4524027539999,-22.27064094 -69.449456267,-22.2705336029999 -69.4461088039999,-22.270412252 -69.4429573689999,-22.270296135 -69.4398737619999,-22.270182408 -69.435908943,-22.2700425039999 -69.432354255,-22.27006871 -69.429060605,-22.2700844139999 -69.425941608,-22.270104402 -69.422704113,-22.270121058 -69.419876405,-22.27013439 -69.416408535,-22.2701562739999 -69.41293595,-22.2701767369999 -69.409899282,-22.270191014 -69.406007276,-22.2702133929999 -69.402633717,-22.270233011 -69.399166276,-22.270256445 -69.395604551,-22.2702776259999 -69.3935005119999,-22.270287977 -69.390646944,-22.270305466 -69.387891885,-22.270322955 -69.384944288,-22.2703417129999 -69.381868394,-22.2703600469999 -69.378471952,-22.270381938 -69.3747124029999,-22.270402401 -69.3720345579999,-22.270423341 -69.368434136,-22.2704476709999 -69.364768279,-22.270468788 -69.361472249,-22.2704884189999 -69.358013399,-22.2705110439999 -69.35461852,-22.2705337539999 -69.3511070919999,-22.2705574519999 -69.3478012039999,-22.270579668 -69.344860571,-22.2705979199999 -69.341787871,-22.2706152809999 -69.340815832,-22.270621933 -69.338241205,-22.2706395239999 -69.334923359,-22.2695573629999 -69.334464005,-22.269407015 -69.3318010309999,-22.268535384 -69.32867085,-22.267511026 -69.32551705,-22.2664804189999 -69.322382526,-22.2654542729999 -69.3192572459999,-22.264430445 -69.3161248929999,-22.263404008 -69.313004882,-22.262384004 -69.309884815,-22.261363796 -69.306779165,-22.2603493039999 -69.303663108,-22.259328621 -69.3003321369999,-22.2582395659999 -69.297561033,-22.2573365699999 -69.294868078,-22.256455575 -69.2913369779999,-22.255300779 -69.288199202,-22.254278003 -69.285339999,-22.2533420399999 -69.282672486,-22.252471511 -69.280569155,-22.25178455 -69.277877963,-22.250907952 -69.2756277359999,-22.25017213 -69.271949809,-22.2489728219999 -69.269573248,-22.248196696 -69.26719738,-22.247420505 -69.264311521,-22.246479317 -69.261519162,-22.2455653169999 -69.260266348,-22.2451583609999 -69.257861291,-22.244370337 -69.255205285,-22.243502763 -69.25213421,-22.2425003989999 -69.2491230209999,-22.2415134469999 -69.245911738,-22.2404626819999 -69.242448612,-22.239322769 -69.2393139129999,-22.238298405 -69.236210151,-22.2372821239999 -69.2331059799999,-22.2362671779999 -69.2299469339999,-22.235229838 -69.226823597,-22.234207875 -69.223711377,-22.2331877089999 -69.2205540369999,-22.232153653 -69.21759443,-22.231177744 -69.215262778,-22.2304182239999 -69.212658544,-22.22957967 -69.210005495,-22.228698487 -69.207834718,-22.227988711 -69.2056680439999,-22.227250349 -69.202752032,-22.2262864689999 -69.2008652979999,-22.225667664 -69.1981573269999,-22.2247681969999 -69.1947225489999,-22.2236036699999 -69.191453686,-22.222762275 -69.1882143449999,-22.221932953 -69.185532982,-22.2213440309999 -69.182360753,-22.220546664 -69.1788201429999,-22.219663907 -69.173696745,-22.218383213 -69.169242734,-22.2172811839999 -69.1653526759999,-22.2163134059999 -69.161816003,-22.2154354309999 -69.158066377,-22.214500512 -69.154495594,-22.2136076909999 -69.150868384,-22.212705612 -69.14723995,-22.211807914 -69.143592682,-22.2109194349999 -69.140005017,-22.2100333559999 -69.136424687,-22.209146427 -69.133118966,-22.208334776 -69.12978079,-22.207501093 -69.1272820419999,-22.206863444 -69.124052349,-22.2060558809999 -69.1215102529999,-22.2054199679999 -69.117130773,-22.2043067499999 -69.113076522,-22.203282891 -69.110187175,-22.2025589859999 -69.1078849479999,-22.2019854119999 -69.104102515,-22.2010258829999 -69.1004581399999,-22.2001170939999 -69.096131973,-22.199034411 -69.0933363739999,-22.198329572 -69.0885817389999,-22.197127496 -69.0847826839999,-22.196181198 -69.082543544,-22.1956198939999 -69.0798099149999,-22.1949338809999 -69.077527333,-22.194367287 -69.073446212,-22.1933397769999 -69.069980704,-22.1924726519999 -69.0667529419999,-22.191652028 -69.063593203,-22.190868064 -69.060478659,-22.190087508 -69.058897744,-22.1896928539999 -69.0573901399999,-22.189316484 -69.054768204,-22.186641515 -69.052299252,-22.1841317299999 -69.049754321,-22.1815408329999 -69.046640554,-22.178371317 -69.0438341189999,-22.175513458 -69.0411771829999,-22.172804212 -69.038557317,-22.170136982 -69.0360107069999,-22.167542958 -69.0336711849999,-22.1651615919999 -69.031558543,-22.163010159 -69.029197712,-22.160601673 -69.026648622,-22.1580000889999 -69.023920183,-22.155222442 -69.0212894589999,-22.1525419779999 -69.018832663,-22.150041608 -69.0163270159999,-22.147487423 -69.0135428259999,-22.1446501579999 -69.0115065059999,-22.14257386 -69.0108451039999,-22.1418994549999 -69.007982361,-22.1389832859999 -69.005341218,-22.1362877839999 -69.002660842,-22.133553443 -68.999963432,-22.1308015129999 -68.9972537689999,-22.1280442459999 -68.994713727,-22.1254522639999 -68.9920626369999,-22.122749008 -68.989310331,-22.119942406 -68.9866144819999,-22.1171905379999 -68.983902663,-22.1144227739999 -68.9812726439999,-22.111740541 -68.9789371689999,-22.109356103 -68.9764639589999,-22.1068334949999 -68.973769336,-22.104081462 -68.971018062,-22.1012733159999 -68.968456078,-22.0986576359999 -68.966211378,-22.0963683579999 -68.963903257,-22.094012439 -68.961191131,-22.0912489999999 -68.9587802779999,-22.088788655 -68.95661094,-22.086574388 -68.9538399159999,-22.0837469859999 -68.952546517,-22.082427427 -68.949910439,-22.079741471 -68.9471902129999,-22.0770498279999 -68.94478951,-22.074668378 -68.9440342349999,-22.073940915 -68.940690644,-22.070723686 -68.9377966339999,-22.067938317 -68.9352439579999,-22.065482645 -68.932497935,-22.0628407729999 -68.929577567,-22.060029291 -68.926643859,-22.057205917 -68.9239513099999,-22.054616301 -68.92108997,-22.051861344 -68.918259491,-22.049138214 -68.915303745,-22.04629311 -68.912358586,-22.0434557259999 -68.9098034959999,-22.0409955989999 -68.9071668249999,-22.038454767 -68.904521233,-22.035911523 -68.9018433269999,-22.0333325039999 -68.898782485,-22.0303879539999 -68.895742648,-22.027466396 -68.893114533,-22.0249351479999 -68.8902097439999,-22.0236367589999 -68.8864004019999,-22.0219255709999 -68.8842427879999,-22.020952504 -68.8802585289999,-22.019165191 -68.876030213,-22.0172652749999 -68.872091929,-22.0154964669999 -68.8686330689999,-22.013944121 -68.8647686909999,-22.0122056979999 -68.860994321,-22.010507689 -68.8581966369999,-22.0092496679999 -68.855714501,-22.008132565 -68.850956943,-22.0059930269999 -68.847895288,-22.004615524 -68.8456854089999,-22.003621187 -68.8432951939999,-22.002553307 -68.839907098,-22.001019511 -68.835235368,-21.998916537 -68.8312869929999,-21.9971371579999 -68.827776855,-21.9955599649999 -68.824610493,-21.9941250109999 -68.8219523,-21.992921743 -68.818409501,-21.9913421439999 -68.815218471,-21.9918328109999 -68.811392126,-21.9924151669999 -68.809269195,-21.9927370849999 -68.806961899,-21.9930856299999 -68.8019459989999,-21.993846489 -68.7979145199999,-21.994456047 -68.794829899,-21.9949202879999 -68.7922227569999,-21.995313118 -68.789813597,-21.995677691 -68.785810973,-21.995002368 -68.780720846,-21.9941485809999 -68.779239801,-21.993899728 -68.775004365,-21.99319328 -68.771768778,-21.9926537659999 -68.767246315,-21.991897003 -68.7636731699999,-21.991298016 -68.760832839,-21.9908226859999 -68.756861296,-21.9901592529999 -68.7525350069999,-21.9894345029999 -68.748188897,-21.988704619 -68.743712965,-21.987955175 -68.739688284,-21.9872770659999 -68.735818985,-21.986629481 -68.732048028,-21.986001544 -68.7279782799999,-21.985324583 -68.7241981129999,-21.984700104 -68.720317585,-21.984048598 -68.7167166359999,-21.983450714 -68.713601957,-21.982931487 -68.710811846,-21.982467234 -68.708343903,-21.9820584139999 -68.705489497,-21.9801093959999 -68.702753264,-21.9782416379999 -68.699637717,-21.978595958 -68.69695899,-21.979980069 -68.6945325999999,-21.9812238289999</coordinates></LineString>
  </Placemark>
  <Placemark id="lineas_sing.150">
	<name>LINEA CRUCERO-LAGUNAS NO 1</name>
	<Style><LineStyle><color>ff0000ff</color></LineStyle><PolyStyle><fill>0</fill></PolyStyle></Style>
	<ExtendedData><SchemaData schemaUrl="#lineas_sing">
		<SimpleData name="OBJECTID">150</SimpleData>
		<SimpleData name="gml_id">lt_sing_1c966bdb_e893_4b2d_b52e_5945a9a8a68b.126</SimpleData>
		<SimpleData name="layer">Unknown Line Type</SimpleData>
		<SimpleData name="elevation">0</SimpleData>
		<SimpleData name="nombre">LINEA CRUCERO-LAGUNAS NO 1</SimpleData>
		<SimpleData name="circuito">C1</SimpleData>
		<SimpleData name="tipo">S/I</SimpleData>
		<SimpleData name="f_operacio">1987</SimpleData>
		<SimpleData name="long_km">174.948520594</SimpleData>
		<SimpleData name="tramo">CRUCERO-LAGUNAS</SimpleData>
		<SimpleData name="propiedad">TRANSELEC S.A</SimpleData>
		<SimpleData name="tension_kv">220</SimpleData>
		<SimpleData name="rca">S/I</SimpleData>
		<SimpleData name="sist_elect">SING</SimpleData>
		<SimpleData name="estado">EN OPERACION</SimpleData>
		<SimpleData name="region">REGION DE ANTOFAGASTA - REGION DE TARAPACA</SimpleData>
		<SimpleData name="provincia">TAMARUGAL - TOCOPILLA</SimpleData>
		<SimpleData name="comuna">MARIA ELENA-POZO ALMONTE</SimpleData>
		<SimpleData name="fuente_bas">CNE</SimpleData>
		<SimpleData name="fech_crea">02-12-2014</SimpleData>
		<SimpleData name="fech_act">20/12/2016</SimpleData>
		<SimpleData name="Shape_Leng">1.59494942536398</SimpleData>
	</SchemaData></ExtendedData>
      <LineString><coordinates>-69.565925571,-22.274274943 -69.568424954,-22.2755142409999 -69.5699861799999,-22.2762883299999 -69.573560528,-22.27806048 -69.5756677749999,-22.277095426 -69.575814797,-22.2765963109999 -69.57604309,-22.2758212919999 -69.58594256,-22.242205731 -69.5766873429999,-22.173572038 -69.5746679389999,-22.158586946 -69.57395551,-22.1532994959999 -69.5763320359999,-22.1248247149999 -69.574619793,-22.1234123959999 -69.583992682,-22.0708095859999 -69.5946041409999,-22.0362092189999 -69.599536642,-22.020120252 -69.599892547,-22.018959211 -69.59906585,-21.985924139 -69.583068473,-21.961038177 -69.5673684129999,-21.936447587 -69.5679357069999,-21.932994519 -69.560723056,-21.920040027 -69.558448929,-21.9116815629999 -69.557125161,-21.900630701 -69.5548018869999,-21.8794241799999 -69.5549888749999,-21.874052252 -69.539330373,-21.851388798 -69.5200206489999,-21.8221687139999 -69.514198764,-21.804856662 -69.5067776559999,-21.787250458 -69.5067640039999,-21.7833661079999 -69.5095388669999,-21.77875848 -69.5116574639999,-21.772242142 -69.508314083,-21.769317766 -69.502552033,-21.7681401749999 -69.496461972,-21.7645729619999 -69.496754084,-21.75650447 -69.500674497,-21.7495342289999 -69.5088601269999,-21.7427228569999 -69.515550836,-21.735530938 -69.522869659,-21.7253487639999 -69.5594455579999,-21.6181331989999 -69.564147814,-21.610602639 -69.564386132,-21.60740699 -69.5515514589999,-21.5995115179999 -69.545788912,-21.5642370909999 -69.528730851,-21.470967276 -69.509369509,-21.4322802899999 -69.506784623,-21.3549640849999 -69.537222543,-21.240289678 -69.598353932,-21.0662622689999 -69.6008814259999,-21.0590581179999 -69.61048711,-21.050008265 -69.621417379,-21.0403817499999 -69.63229841,-21.0260081779999 -69.6424588369999,-21.018361184 -69.6435057589999,-21.017573166 -69.643505959,-21.008999047 -69.643506206,-20.99918795 -69.644516763,-20.9889913069999 -69.666215231,-20.957496331 -69.667271967,-20.9550187479999 -69.6816524929999,-20.9212942079999 -69.690366021,-20.867954195 -69.6891007259999,-20.865690893 -69.703569538,-20.8407045549999 -69.701751245,-20.828714396 -69.701596522,-20.827694024 -69.6954633839999,-20.815837721</coordinates></LineString>
  </Placemark>
  <Placemark id="lineas_sing.151">
	<name>LINEA 13,8 KV PAS3 - POZO ALMONTE</name>
	<Style><LineStyle><color>ff0000ff</color></LineStyle><PolyStyle><fill>0</fill></PolyStyle></Style>
	<ExtendedData><SchemaData schemaUrl="#lineas_sing">
		<SimpleData name="OBJECTID">151</SimpleData>
		<SimpleData name="gml_id">lt_sing_1c966bdb_e893_4b2d_b52e_5945a9a8a68b.146</SimpleData>
		<SimpleData name="layer">Unknown Line Type</SimpleData>
		<SimpleData name="elevation">0</SimpleData>
		<SimpleData name="nombre">LINEA 13,8 KV PAS3 - POZO ALMONTE</SimpleData>
		<SimpleData name="circuito">C1</SimpleData>
		<SimpleData name="tipo">ADICIONAL</SimpleData>
		<SimpleData name="f_operacio">2014</SimpleData>
		<SimpleData name="long_km">212.251403827</SimpleData>
		<SimpleData name="tramo">PAS3 13.8 KV / CAMARA ELECT. 1,2,3,4,5,6,7,8,9,10,11,12,13 / POZO ALMONTE 13,8 KV - AUTOTRAFO N32</SimpleData>
		<SimpleData name="propiedad">POZO ALMONTE SOLAR 3</SimpleData>
		<SimpleData name="tension_kv">13.8</SimpleData>
		<SimpleData name="rca">S/I</SimpleData>
		<SimpleData name="sist_elect">SING</SimpleData>
		<SimpleData name="estado">EN OPERACION</SimpleData>
		<SimpleData name="region">REGION DE TARAPACA</SimpleData>
		<SimpleData name="provincia">IQUIQUE</SimpleData>
		<SimpleData name="comuna">POZO ALMONTE</SimpleData>
		<SimpleData name="fuente_bas">CNE</SimpleData>
		<SimpleData name="fech_crea">02-12-2014</SimpleData>
		<SimpleData name="fech_act">20/12/2016</SimpleData>
		<SimpleData name="Shape_Leng">0.001994068405019</SimpleData>
	</SchemaData></ExtendedData>
      <LineString><coordinates>-69.773254686,-20.257532883 -69.773331238,-20.2575235099999 -69.77333079,-20.257433154 -69.773464834,-20.257432562 -69.7741539319999,-20.257375307 -69.77418382,-20.257610105 -69.774270529,-20.2577181519999 -69.774366274,-20.257717729 -69.7743760279999,-20.257753829 -69.774328066,-20.257735969 -69.774270663,-20.2577452589999 -69.7741455669999,-20.2576193099999 -69.77407859,-20.2576286409999 -69.774079038,-20.2577189969999 -69.7741269099999,-20.2577187859999</coordinates></LineString>
  </Placemark>
</Folder>
</Document></kml>
