<?xml version="1.0" encoding="utf-8" ?>
<kml xmlns="http://www.opengis.net/kml/2.2">
<Document id="root_doc">
<Schema name="subestaciones_sing" id="subestaciones_sing">
	<SimpleField name="OBJECTID" type="string"></SimpleField>
	<SimpleField name="gml_id" type="string"></SimpleField>
	<SimpleField name="nombre" type="string"></SimpleField>
	<SimpleField name="propiedad" type="string"></SimpleField>
	<SimpleField name="tension_kv" type="string"></SimpleField>
	<SimpleField name="tipo" type="string"></SimpleField>
	<SimpleField name="f_operacio" type="string"></SimpleField>
	<SimpleField name="rca" type="string"></SimpleField>
	<SimpleField name="sist_elect" type="string"></SimpleField>
	<SimpleField name="estado" type="string"></SimpleField>
	<SimpleField name="coord_este" type="float"></SimpleField>
	<SimpleField name="coord_nort" type="float"></SimpleField>
	<SimpleField name="huso" type="string"></SimpleField>
	<SimpleField name="datum" type="string"></SimpleField>
	<SimpleField name="region" type="string"></SimpleField>
	<SimpleField name="provincia" type="string"></SimpleField>
	<SimpleField name="comuna" type="string"></SimpleField>
	<SimpleField name="fuente_bas" type="string"></SimpleField>
	<SimpleField name="fech_crea" type="string"></SimpleField>
	<SimpleField name="fech_act" type="string"></SimpleField>
</Schema>
<Folder><name>subestaciones_sing</name>
  <Placemark id="subestaciones_sing.1">
	<name>EL PENON</name>
	<ExtendedData><SchemaData schemaUrl="#subestaciones_sing">
		<SimpleData name="OBJECTID">1</SimpleData>
		<SimpleData name="gml_id">se_sing_9de4172c_23ff_43c8_9f78_ddd7f7e3cf32.1</SimpleData>
		<SimpleData name="nombre">EL PENON</SimpleData>
		<SimpleData name="propiedad">MINERA MERIDIAN</SimpleData>
		<SimpleData name="tension_kv">66|6,6</SimpleData>
		<SimpleData name="tipo">S/I</SimpleData>
		<SimpleData name="f_operacio">18-08-1999</SimpleData>
		<SimpleData name="rca">S/I</SimpleData>
		<SimpleData name="sist_elect">SING</SimpleData>
		<SimpleData name="estado">EN OPERACION</SimpleData>
		<SimpleData name="coord_este">449473.76</SimpleData>
		<SimpleData name="coord_nort">7300234.57</SimpleData>
		<SimpleData name="huso">19S</SimpleData>
		<SimpleData name="datum">WGS-84</SimpleData>
		<SimpleData name="region">REGION DE ANTOFAGASTA</SimpleData>
		<SimpleData name="provincia">ANTOFAGASTA</SimpleData>
		<SimpleData name="comuna">ANTOFAGASTA</SimpleData>
		<SimpleData name="fuente_bas">CDEC-SING</SimpleData>
		<SimpleData name="fech_crea">2014-12-04</SimpleData>
		<SimpleData name="fech_act">2016-12-15</SimpleData>
	</SchemaData></ExtendedData>
      <Point><coordinates>-69.498351767,-24.4104891229999</coordinates></Point>
  </Placemark>
  <Placemark id="subestaciones_sing.2">
	<name>OGP1</name>
	<ExtendedData><SchemaData schemaUrl="#subestaciones_sing">
		<SimpleData name="OBJECTID">2</SimpleData>
		<SimpleData name="gml_id">se_sing_9de4172c_23ff_43c8_9f78_ddd7f7e3cf32.2</SimpleData>
		<SimpleData name="nombre">OGP1</SimpleData>
		<SimpleData name="propiedad">MINERA ESCONDIDA</SimpleData>
		<SimpleData name="tension_kv">220|69|33</SimpleData>
		<SimpleData name="tipo">S/I</SimpleData>
		<SimpleData name="f_operacio">23-10-2014</SimpleData>
		<SimpleData name="rca">S/I</SimpleData>
		<SimpleData name="sist_elect">SING</SimpleData>
		<SimpleData name="estado">EN OPERACION</SimpleData>
		<SimpleData name="coord_este">493499.1</SimpleData>
		<SimpleData name="coord_nort">7307370.32</SimpleData>
		<SimpleData name="huso">19S</SimpleData>
		<SimpleData name="datum">WGS-84</SimpleData>
		<SimpleData name="region">REGION DE ANTOFAGASTA</SimpleData>
		<SimpleData name="provincia">ANTOFAGASTA</SimpleData>
		<SimpleData name="comuna">ANTOFAGASTA</SimpleData>
		<SimpleData name="fuente_bas">CDEC-SING</SimpleData>
		<SimpleData name="fech_crea">2014-12-04</SimpleData>
		<SimpleData name="fech_act">2016-12-15</SimpleData>
	</SchemaData></ExtendedData>
      <Point><coordinates>-69.06408829,-24.346846834</coordinates></Point>
  </Placemark>
  <Placemark id="subestaciones_sing.3">
	<name>TAP OFF 538</name>
	<ExtendedData><SchemaData schemaUrl="#subestaciones_sing">
		<SimpleData name="OBJECTID">3</SimpleData>
		<SimpleData name="gml_id">se_sing_9de4172c_23ff_43c8_9f78_ddd7f7e3cf32.3</SimpleData>
		<SimpleData name="nombre">TAP OFF 538</SimpleData>
		<SimpleData name="propiedad">MINERA ESCONDIDA</SimpleData>
		<SimpleData name="tension_kv">69|4,16</SimpleData>
		<SimpleData name="tipo">TAP OFF</SimpleData>
		<SimpleData name="f_operacio">S/I</SimpleData>
		<SimpleData name="rca">S/I</SimpleData>
		<SimpleData name="sist_elect">SING</SimpleData>
		<SimpleData name="estado">EN OPERACION</SimpleData>
		<SimpleData name="coord_este">494175</SimpleData>
		<SimpleData name="coord_nort">7307440</SimpleData>
		<SimpleData name="huso">19S</SimpleData>
		<SimpleData name="datum">WGS-84</SimpleData>
		<SimpleData name="region">REGION DE ANTOFAGASTA</SimpleData>
		<SimpleData name="provincia">ANTOFAGASTA</SimpleData>
		<SimpleData name="comuna">ANTOFAGASTA</SimpleData>
		<SimpleData name="fuente_bas">CDEC-SING</SimpleData>
		<SimpleData name="fech_crea">2014-12-04</SimpleData>
		<SimpleData name="fech_act">2016-12-15</SimpleData>
	</SchemaData></ExtendedData>
      <Point><coordinates>-69.057424735,-24.346220162</coordinates></Point>
  </Placemark>
  <Placemark id="subestaciones_sing.4">
	<name>LAGUNA SECA</name>
	<ExtendedData><SchemaData schemaUrl="#subestaciones_sing">
		<SimpleData name="OBJECTID">4</SimpleData>
		<SimpleData name="gml_id">se_sing_9de4172c_23ff_43c8_9f78_ddd7f7e3cf32.4</SimpleData>
		<SimpleData name="nombre">LAGUNA SECA</SimpleData>
		<SimpleData name="propiedad">MINERA ESCONDIDA</SimpleData>
		<SimpleData name="tension_kv">220|69|66|23|13,8</SimpleData>
		<SimpleData name="tipo">S/I</SimpleData>
		<SimpleData name="f_operacio">14-05-2001</SimpleData>
		<SimpleData name="rca">S/I</SimpleData>
		<SimpleData name="sist_elect">SING</SimpleData>
		<SimpleData name="estado">EN OPERACION</SimpleData>
		<SimpleData name="coord_este">493933</SimpleData>
		<SimpleData name="coord_nort">7308012.13</SimpleData>
		<SimpleData name="huso">19S</SimpleData>
		<SimpleData name="datum">WGS-84</SimpleData>
		<SimpleData name="region">REGION DE ANTOFAGASTA</SimpleData>
		<SimpleData name="provincia">ANTOFAGASTA</SimpleData>
		<SimpleData name="comuna">ANTOFAGASTA</SimpleData>
		<SimpleData name="fuente_bas">CDEC-SING</SimpleData>
		<SimpleData name="fech_crea">2014-12-04</SimpleData>
		<SimpleData name="fech_act">2016-12-15</SimpleData>
	</SchemaData></ExtendedData>
      <Point><coordinates>-69.059808022,-24.3410518319999</coordinates></Point>
  </Placemark>
  <Placemark id="subestaciones_sing.5">
	<name>ESTE 6</name>
	<ExtendedData><SchemaData schemaUrl="#subestaciones_sing">
		<SimpleData name="OBJECTID">5</SimpleData>
		<SimpleData name="gml_id">se_sing_9de4172c_23ff_43c8_9f78_ddd7f7e3cf32.5</SimpleData>
		<SimpleData name="nombre">ESTE 6</SimpleData>
		<SimpleData name="propiedad">MINERA ESCONDIDA</SimpleData>
		<SimpleData name="tension_kv">69</SimpleData>
		<SimpleData name="tipo">S/I</SimpleData>
		<SimpleData name="f_operacio">02-08-2016</SimpleData>
		<SimpleData name="rca">S/I</SimpleData>
		<SimpleData name="sist_elect">SING</SimpleData>
		<SimpleData name="estado">EN OPERACION</SimpleData>
		<SimpleData name="coord_este">495108.44</SimpleData>
		<SimpleData name="coord_nort">7308923.83</SimpleData>
		<SimpleData name="huso">19S</SimpleData>
		<SimpleData name="datum">WGS-84</SimpleData>
		<SimpleData name="region">REGION DE ANTOFAGASTA</SimpleData>
		<SimpleData name="provincia">ANTOFAGASTA</SimpleData>
		<SimpleData name="comuna">ANTOFAGASTA</SimpleData>
		<SimpleData name="fuente_bas">CDEC-SING</SimpleData>
		<SimpleData name="fech_crea">2014-12-04</SimpleData>
		<SimpleData name="fech_act">2016-12-15</SimpleData>
	</SchemaData></ExtendedData>
      <Point><coordinates>-69.048217511,-24.332821587</coordinates></Point>
  </Placemark>
  <Placemark id="subestaciones_sing.6">
	<name>TAP OFF 537</name>
	<ExtendedData><SchemaData schemaUrl="#subestaciones_sing">
		<SimpleData name="OBJECTID">6</SimpleData>
		<SimpleData name="gml_id">se_sing_9de4172c_23ff_43c8_9f78_ddd7f7e3cf32.6</SimpleData>
		<SimpleData name="nombre">TAP OFF 537</SimpleData>
		<SimpleData name="propiedad">MINERA ESCONDIDA</SimpleData>
		<SimpleData name="tension_kv">69|4,16</SimpleData>
		<SimpleData name="tipo">TAP OFF</SimpleData>
		<SimpleData name="f_operacio">S/I</SimpleData>
		<SimpleData name="rca">S/I</SimpleData>
		<SimpleData name="sist_elect">SING</SimpleData>
		<SimpleData name="estado">EN OPERACION</SimpleData>
		<SimpleData name="coord_este">495120</SimpleData>
		<SimpleData name="coord_nort">7309280</SimpleData>
		<SimpleData name="huso">19S</SimpleData>
		<SimpleData name="datum">WGS-84</SimpleData>
		<SimpleData name="region">REGION DE ANTOFAGASTA</SimpleData>
		<SimpleData name="provincia">ANTOFAGASTA</SimpleData>
		<SimpleData name="comuna">ANTOFAGASTA</SimpleData>
		<SimpleData name="fuente_bas">CDEC-SING</SimpleData>
		<SimpleData name="fech_crea">2014-12-04</SimpleData>
		<SimpleData name="fech_act">2016-12-15</SimpleData>
	</SchemaData></ExtendedData>
      <Point><coordinates>-69.048102346,-24.3296047339999</coordinates></Point>
  </Placemark>
  <Placemark id="subestaciones_sing.7">
	<name>TAP OFF 536</name>
	<ExtendedData><SchemaData schemaUrl="#subestaciones_sing">
		<SimpleData name="OBJECTID">7</SimpleData>
		<SimpleData name="gml_id">se_sing_9de4172c_23ff_43c8_9f78_ddd7f7e3cf32.7</SimpleData>
		<SimpleData name="nombre">TAP OFF 536</SimpleData>
		<SimpleData name="propiedad">MINERA ESCONDIDA</SimpleData>
		<SimpleData name="tension_kv">69|4,16</SimpleData>
		<SimpleData name="tipo">TAP OFF</SimpleData>
		<SimpleData name="f_operacio">S/I</SimpleData>
		<SimpleData name="rca">S/I</SimpleData>
		<SimpleData name="sist_elect">SING</SimpleData>
		<SimpleData name="estado">EN OPERACION</SimpleData>
		<SimpleData name="coord_este">496500</SimpleData>
		<SimpleData name="coord_nort">7312650</SimpleData>
		<SimpleData name="huso">19S</SimpleData>
		<SimpleData name="datum">WGS-84</SimpleData>
		<SimpleData name="region">REGION DE ANTOFAGASTA</SimpleData>
		<SimpleData name="provincia">ANTOFAGASTA</SimpleData>
		<SimpleData name="comuna">ANTOFAGASTA</SimpleData>
		<SimpleData name="fuente_bas">CDEC-SING</SimpleData>
		<SimpleData name="fech_crea">2014-12-04</SimpleData>
		<SimpleData name="fech_act">2016-12-15</SimpleData>
	</SchemaData></ExtendedData>
      <Point><coordinates>-69.034491402,-24.2991708829999</coordinates></Point>
  </Placemark>
  <Placemark id="subestaciones_sing.8">
	<name>HAMBURGO</name>
	<ExtendedData><SchemaData schemaUrl="#subestaciones_sing">
		<SimpleData name="OBJECTID">8</SimpleData>
		<SimpleData name="gml_id">se_sing_9de4172c_23ff_43c8_9f78_ddd7f7e3cf32.8</SimpleData>
		<SimpleData name="nombre">HAMBURGO</SimpleData>
		<SimpleData name="propiedad">MINERA ESCONDIDA</SimpleData>
		<SimpleData name="tension_kv">69|4,16</SimpleData>
		<SimpleData name="tipo">S/I</SimpleData>
		<SimpleData name="f_operacio">01-01-1995</SimpleData>
		<SimpleData name="rca">S/I</SimpleData>
		<SimpleData name="sist_elect">SING</SimpleData>
		<SimpleData name="estado">EN OPERACION</SimpleData>
		<SimpleData name="coord_este">492501.74</SimpleData>
		<SimpleData name="coord_nort">7312683.26</SimpleData>
		<SimpleData name="huso">19S</SimpleData>
		<SimpleData name="datum">WGS-84</SimpleData>
		<SimpleData name="region">REGION DE ANTOFAGASTA</SimpleData>
		<SimpleData name="provincia">ANTOFAGASTA</SimpleData>
		<SimpleData name="comuna">ANTOFAGASTA</SimpleData>
		<SimpleData name="fuente_bas">CDEC-SING</SimpleData>
		<SimpleData name="fech_crea">2014-12-04</SimpleData>
		<SimpleData name="fech_act">2016-12-15</SimpleData>
	</SchemaData></ExtendedData>
      <Point><coordinates>-69.073892808,-24.2988564259999</coordinates></Point>
  </Placemark>
  <Placemark id="subestaciones_sing.9">
	<name>TAP OFF 535</name>
	<ExtendedData><SchemaData schemaUrl="#subestaciones_sing">
		<SimpleData name="OBJECTID">9</SimpleData>
		<SimpleData name="gml_id">se_sing_9de4172c_23ff_43c8_9f78_ddd7f7e3cf32.9</SimpleData>
		<SimpleData name="nombre">TAP OFF 535</SimpleData>
		<SimpleData name="propiedad">MINERA ESCONDIDA</SimpleData>
		<SimpleData name="tension_kv">69|4,16</SimpleData>
		<SimpleData name="tipo">TAP OFF</SimpleData>
		<SimpleData name="f_operacio">S/I</SimpleData>
		<SimpleData name="rca">S/I</SimpleData>
		<SimpleData name="sist_elect">SING</SimpleData>
		<SimpleData name="estado">EN OPERACION</SimpleData>
		<SimpleData name="coord_este">494790</SimpleData>
		<SimpleData name="coord_nort">7315650</SimpleData>
		<SimpleData name="huso">19S</SimpleData>
		<SimpleData name="datum">WGS-84</SimpleData>
		<SimpleData name="region">REGION DE ANTOFAGASTA</SimpleData>
		<SimpleData name="provincia">ANTOFAGASTA</SimpleData>
		<SimpleData name="comuna">ANTOFAGASTA</SimpleData>
		<SimpleData name="fuente_bas">CDEC-SING</SimpleData>
		<SimpleData name="fech_crea">2014-12-04</SimpleData>
		<SimpleData name="fech_act">2016-12-15</SimpleData>
	</SchemaData></ExtendedData>
      <Point><coordinates>-69.051332018,-24.2720702829999</coordinates></Point>
  </Placemark>
  <Placemark id="subestaciones_sing.10">
	<name>LIXIVIACION</name>
	<ExtendedData><SchemaData schemaUrl="#subestaciones_sing">
		<SimpleData name="OBJECTID">10</SimpleData>
		<SimpleData name="gml_id">se_sing_9de4172c_23ff_43c8_9f78_ddd7f7e3cf32.10</SimpleData>
		<SimpleData name="nombre">LIXIVIACION</SimpleData>
		<SimpleData name="propiedad">MINERA ESCONDIDA</SimpleData>
		<SimpleData name="tension_kv">69|13,8</SimpleData>
		<SimpleData name="tipo">S/I</SimpleData>
		<SimpleData name="f_operacio">01-01-2005</SimpleData>
		<SimpleData name="rca">S/I</SimpleData>
		<SimpleData name="sist_elect">SING</SimpleData>
		<SimpleData name="estado">EN OPERACION</SimpleData>
		<SimpleData name="coord_este">498490.7</SimpleData>
		<SimpleData name="coord_nort">7316294.93</SimpleData>
		<SimpleData name="huso">19S</SimpleData>
		<SimpleData name="datum">WGS-84</SimpleData>
		<SimpleData name="region">REGION DE ANTOFAGASTA</SimpleData>
		<SimpleData name="provincia">ANTOFAGASTA</SimpleData>
		<SimpleData name="comuna">ANTOFAGASTA</SimpleData>
		<SimpleData name="fuente_bas">CDEC-SING</SimpleData>
		<SimpleData name="fech_crea">2014-12-04</SimpleData>
		<SimpleData name="fech_act">2016-12-15</SimpleData>
	</SchemaData></ExtendedData>
      <Point><coordinates>-69.014869845,-24.2662532319999</coordinates></Point>
  </Placemark>
  <Placemark id="subestaciones_sing.11">
	<name>ESCONDIDA</name>
	<ExtendedData><SchemaData schemaUrl="#subestaciones_sing">
		<SimpleData name="OBJECTID">11</SimpleData>
		<SimpleData name="gml_id">se_sing_9de4172c_23ff_43c8_9f78_ddd7f7e3cf32.11</SimpleData>
		<SimpleData name="nombre">ESCONDIDA</SimpleData>
		<SimpleData name="propiedad">MINERA ESCONDIDA</SimpleData>
		<SimpleData name="tension_kv">220|69|66|13,8|6,9</SimpleData>
		<SimpleData name="tipo">S/I</SimpleData>
		<SimpleData name="f_operacio">15-07-1989</SimpleData>
		<SimpleData name="rca">S/I</SimpleData>
		<SimpleData name="sist_elect">SING</SimpleData>
		<SimpleData name="estado">EN OPERACION</SimpleData>
		<SimpleData name="coord_este">493926.02</SimpleData>
		<SimpleData name="coord_nort">7316906.78</SimpleData>
		<SimpleData name="huso">19S</SimpleData>
		<SimpleData name="datum">WGS-84</SimpleData>
		<SimpleData name="region">REGION DE ANTOFAGASTA</SimpleData>
		<SimpleData name="provincia">ANTOFAGASTA</SimpleData>
		<SimpleData name="comuna">ANTOFAGASTA</SimpleData>
		<SimpleData name="fuente_bas">CDEC-SING</SimpleData>
		<SimpleData name="fech_crea">2014-12-04</SimpleData>
		<SimpleData name="fech_act">2016-12-15</SimpleData>
	</SchemaData></ExtendedData>
      <Point><coordinates>-69.059839144,-24.2607159729999</coordinates></Point>
  </Placemark>
  <Placemark id="subestaciones_sing.12">
	<name>PLANTA OXIDOS</name>
	<ExtendedData><SchemaData schemaUrl="#subestaciones_sing">
		<SimpleData name="OBJECTID">12</SimpleData>
		<SimpleData name="gml_id">se_sing_9de4172c_23ff_43c8_9f78_ddd7f7e3cf32.12</SimpleData>
		<SimpleData name="nombre">PLANTA OXIDOS</SimpleData>
		<SimpleData name="propiedad">MINERA ESCONDIDA</SimpleData>
		<SimpleData name="tension_kv">220|13,8</SimpleData>
		<SimpleData name="tipo">S/I</SimpleData>
		<SimpleData name="f_operacio">01-06-1995</SimpleData>
		<SimpleData name="rca">S/I</SimpleData>
		<SimpleData name="sist_elect">SING</SimpleData>
		<SimpleData name="estado">EN OPERACION</SimpleData>
		<SimpleData name="coord_este">489365.56</SimpleData>
		<SimpleData name="coord_nort">7317765.84</SimpleData>
		<SimpleData name="huso">19S</SimpleData>
		<SimpleData name="datum">WGS-84</SimpleData>
		<SimpleData name="region">REGION DE ANTOFAGASTA</SimpleData>
		<SimpleData name="provincia">ANTOFAGASTA</SimpleData>
		<SimpleData name="comuna">ANTOFAGASTA</SimpleData>
		<SimpleData name="fuente_bas">CDEC-SING</SimpleData>
		<SimpleData name="fech_crea">2014-12-04</SimpleData>
		<SimpleData name="fech_act">2016-12-15</SimpleData>
	</SchemaData></ExtendedData>
      <Point><coordinates>-69.104761111,-24.252932658</coordinates></Point>
  </Placemark>
  <Placemark id="subestaciones_sing.13">
	<name>SULFUROS</name>
	<ExtendedData><SchemaData schemaUrl="#subestaciones_sing">
		<SimpleData name="OBJECTID">13</SimpleData>
		<SimpleData name="gml_id">se_sing_9de4172c_23ff_43c8_9f78_ddd7f7e3cf32.13</SimpleData>
		<SimpleData name="nombre">SULFUROS</SimpleData>
		<SimpleData name="propiedad">MINERA ESCONDIDA</SimpleData>
		<SimpleData name="tension_kv">220|69|13,8</SimpleData>
		<SimpleData name="tipo">S/I</SimpleData>
		<SimpleData name="f_operacio">11-07-2006</SimpleData>
		<SimpleData name="rca">S/I</SimpleData>
		<SimpleData name="sist_elect">SING</SimpleData>
		<SimpleData name="estado">EN OPERACION</SimpleData>
		<SimpleData name="coord_este">490241.16</SimpleData>
		<SimpleData name="coord_nort">7317888.05</SimpleData>
		<SimpleData name="huso">19S</SimpleData>
		<SimpleData name="datum">WGS-84</SimpleData>
		<SimpleData name="region">REGION DE ANTOFAGASTA</SimpleData>
		<SimpleData name="provincia">ANTOFAGASTA</SimpleData>
		<SimpleData name="comuna">ANTOFAGASTA</SimpleData>
		<SimpleData name="fuente_bas">CDEC-SING</SimpleData>
		<SimpleData name="fech_crea">2014-12-04</SimpleData>
		<SimpleData name="fech_act">2016-12-15</SimpleData>
	</SchemaData></ExtendedData>
      <Point><coordinates>-69.096134654,-24.2518345559999</coordinates></Point>
  </Placemark>
  <Placemark id="subestaciones_sing.14">
	<name>DOMEYKO</name>
	<ExtendedData><SchemaData schemaUrl="#subestaciones_sing">
		<SimpleData name="OBJECTID">14</SimpleData>
		<SimpleData name="gml_id">se_sing_9de4172c_23ff_43c8_9f78_ddd7f7e3cf32.14</SimpleData>
		<SimpleData name="nombre">DOMEYKO</SimpleData>
		<SimpleData name="propiedad">MINERA ESCONDIDA</SimpleData>
		<SimpleData name="tension_kv">220</SimpleData>
		<SimpleData name="tipo">S/I</SimpleData>
		<SimpleData name="f_operacio">01-01-1998</SimpleData>
		<SimpleData name="rca">S/I</SimpleData>
		<SimpleData name="sist_elect">SING</SimpleData>
		<SimpleData name="estado">EN OPERACION</SimpleData>
		<SimpleData name="coord_este">489619.31</SimpleData>
		<SimpleData name="coord_nort">7318774.47</SimpleData>
		<SimpleData name="huso">19S</SimpleData>
		<SimpleData name="datum">WGS-84</SimpleData>
		<SimpleData name="region">REGION DE ANTOFAGASTA</SimpleData>
		<SimpleData name="provincia">ANTOFAGASTA</SimpleData>
		<SimpleData name="comuna">ANTOFAGASTA</SimpleData>
		<SimpleData name="fuente_bas">CDEC-SING</SimpleData>
		<SimpleData name="fech_crea">2014-12-04</SimpleData>
		<SimpleData name="fech_act">2016-12-15</SimpleData>
	</SchemaData></ExtendedData>
      <Point><coordinates>-69.102254111,-24.2438244329999</coordinates></Point>
  </Placemark>
  <Placemark id="subestaciones_sing.15">
	<name>SVC DOMEYKO</name>
	<ExtendedData><SchemaData schemaUrl="#subestaciones_sing">
		<SimpleData name="OBJECTID">15</SimpleData>
		<SimpleData name="gml_id">se_sing_9de4172c_23ff_43c8_9f78_ddd7f7e3cf32.15</SimpleData>
		<SimpleData name="nombre">SVC DOMEYKO</SimpleData>
		<SimpleData name="propiedad">MINERA ESCONDIDA</SimpleData>
		<SimpleData name="tension_kv">220|19,5</SimpleData>
		<SimpleData name="tipo">S/I</SimpleData>
		<SimpleData name="f_operacio">S/I</SimpleData>
		<SimpleData name="rca">S/I</SimpleData>
		<SimpleData name="sist_elect">SING</SimpleData>
		<SimpleData name="estado">EN OPERACION</SimpleData>
		<SimpleData name="coord_este">489649.34</SimpleData>
		<SimpleData name="coord_nort">7318927.13</SimpleData>
		<SimpleData name="huso">19S</SimpleData>
		<SimpleData name="datum">WGS-84</SimpleData>
		<SimpleData name="region">REGION DE ANTOFAGASTA</SimpleData>
		<SimpleData name="provincia">ANTOFAGASTA</SimpleData>
		<SimpleData name="comuna">ANTOFAGASTA</SimpleData>
		<SimpleData name="fuente_bas">CDEC-SING</SimpleData>
		<SimpleData name="fech_crea">2014-12-04</SimpleData>
		<SimpleData name="fech_act">2016-12-15</SimpleData>
	</SchemaData></ExtendedData>
      <Point><coordinates>-69.101957205,-24.242445808</coordinates></Point>
  </Placemark>
  <Placemark id="subestaciones_sing.16">
	<name>CHIMBORAZO</name>
	<ExtendedData><SchemaData schemaUrl="#subestaciones_sing">
		<SimpleData name="OBJECTID">16</SimpleData>
		<SimpleData name="gml_id">se_sing_9de4172c_23ff_43c8_9f78_ddd7f7e3cf32.16</SimpleData>
		<SimpleData name="nombre">CHIMBORAZO</SimpleData>
		<SimpleData name="propiedad">MINERA ESCONDIDA</SimpleData>
		<SimpleData name="tension_kv">220|6,9</SimpleData>
		<SimpleData name="tipo">S/I</SimpleData>
		<SimpleData name="f_operacio">08-06-2016</SimpleData>
		<SimpleData name="rca">S/I</SimpleData>
		<SimpleData name="sist_elect">SING</SimpleData>
		<SimpleData name="estado">EN OPERACION</SimpleData>
		<SimpleData name="coord_este">473811.18</SimpleData>
		<SimpleData name="coord_nort">7322001.86</SimpleData>
		<SimpleData name="huso">19S</SimpleData>
		<SimpleData name="datum">WGS-84</SimpleData>
		<SimpleData name="region">REGION DE ANTOFAGASTA</SimpleData>
		<SimpleData name="provincia">ANTOFAGASTA</SimpleData>
		<SimpleData name="comuna">ANTOFAGASTA</SimpleData>
		<SimpleData name="fuente_bas">CDEC-SING</SimpleData>
		<SimpleData name="fech_crea">2014-12-04</SimpleData>
		<SimpleData name="fech_act">2016-12-15</SimpleData>
	</SchemaData></ExtendedData>
      <Point><coordinates>-69.257911172,-24.2144905879999</coordinates></Point>
  </Placemark>
  <Placemark id="subestaciones_sing.17">
	<name>TAP OFF ESTACION DE BOMBEO N 4</name>
	<ExtendedData><SchemaData schemaUrl="#subestaciones_sing">
		<SimpleData name="OBJECTID">17</SimpleData>
		<SimpleData name="gml_id">se_sing_9de4172c_23ff_43c8_9f78_ddd7f7e3cf32.17</SimpleData>
		<SimpleData name="nombre">TAP OFF ESTACION DE BOMBEO N 4</SimpleData>
		<SimpleData name="propiedad">MINERA ESCONDIDA</SimpleData>
		<SimpleData name="tension_kv">220|4,6</SimpleData>
		<SimpleData name="tipo">TAP OFF</SimpleData>
		<SimpleData name="f_operacio">01-01-2005</SimpleData>
		<SimpleData name="rca">S/I</SimpleData>
		<SimpleData name="sist_elect">SING</SimpleData>
		<SimpleData name="estado">EN OPERACION</SimpleData>
		<SimpleData name="coord_este">472435</SimpleData>
		<SimpleData name="coord_nort">7323853</SimpleData>
		<SimpleData name="huso">19S</SimpleData>
		<SimpleData name="datum">WGS-84</SimpleData>
		<SimpleData name="region">REGION DE ANTOFAGASTA</SimpleData>
		<SimpleData name="provincia">ANTOFAGASTA</SimpleData>
		<SimpleData name="comuna">ANTOFAGASTA</SimpleData>
		<SimpleData name="fuente_bas">CDEC-SING</SimpleData>
		<SimpleData name="fech_crea">2014-12-04</SimpleData>
		<SimpleData name="fech_act">2016-12-15</SimpleData>
	</SchemaData></ExtendedData>
      <Point><coordinates>-69.2714284589999,-24.197747646</coordinates></Point>
  </Placemark>
  <Placemark id="subestaciones_sing.18">
	<name>ZALDIVAR</name>
	<ExtendedData><SchemaData schemaUrl="#subestaciones_sing">
		<SimpleData name="OBJECTID">18</SimpleData>
		<SimpleData name="gml_id">se_sing_9de4172c_23ff_43c8_9f78_ddd7f7e3cf32.18</SimpleData>
		<SimpleData name="nombre">ZALDIVAR</SimpleData>
		<SimpleData name="propiedad">MINERA ZALDIVAR</SimpleData>
		<SimpleData name="tension_kv">220|69|23</SimpleData>
		<SimpleData name="tipo">S/I</SimpleData>
		<SimpleData name="f_operacio">18-12-1994</SimpleData>
		<SimpleData name="rca">S/I</SimpleData>
		<SimpleData name="sist_elect">SING</SimpleData>
		<SimpleData name="estado">EN OPERACION</SimpleData>
		<SimpleData name="coord_este">493343.12</SimpleData>
		<SimpleData name="coord_nort">7327434.85</SimpleData>
		<SimpleData name="huso">19S</SimpleData>
		<SimpleData name="datum">WGS-84</SimpleData>
		<SimpleData name="region">REGION DE ANTOFAGASTA</SimpleData>
		<SimpleData name="provincia">ANTOFAGASTA</SimpleData>
		<SimpleData name="comuna">ANTOFAGASTA</SimpleData>
		<SimpleData name="fuente_bas">CDEC-SING</SimpleData>
		<SimpleData name="fech_crea">2014-12-04</SimpleData>
		<SimpleData name="fech_act">2016-12-15</SimpleData>
	</SchemaData></ExtendedData>
      <Point><coordinates>-69.065533054,-24.1656237569999</coordinates></Point>
  </Placemark>
  <Placemark id="subestaciones_sing.19">
	<name>NUEVA ZALDIVAR</name>
	<ExtendedData><SchemaData schemaUrl="#subestaciones_sing">
		<SimpleData name="OBJECTID">19</SimpleData>
		<SimpleData name="gml_id">se_sing_9de4172c_23ff_43c8_9f78_ddd7f7e3cf32.19</SimpleData>
		<SimpleData name="nombre">NUEVA ZALDIVAR</SimpleData>
		<SimpleData name="propiedad">AES GENER</SimpleData>
		<SimpleData name="tension_kv">220</SimpleData>
		<SimpleData name="tipo">S/I</SimpleData>
		<SimpleData name="f_operacio">01-01-1999</SimpleData>
		<SimpleData name="rca">S/I</SimpleData>
		<SimpleData name="sist_elect">SING</SimpleData>
		<SimpleData name="estado">EN OPERACION</SimpleData>
		<SimpleData name="coord_este">493363.16</SimpleData>
		<SimpleData name="coord_nort">7327673.86</SimpleData>
		<SimpleData name="huso">19S</SimpleData>
		<SimpleData name="datum">WGS-84</SimpleData>
		<SimpleData name="region">REGION DE ANTOFAGASTA</SimpleData>
		<SimpleData name="provincia">ANTOFAGASTA</SimpleData>
		<SimpleData name="comuna">ANTOFAGASTA</SimpleData>
		<SimpleData name="fuente_bas">CDEC-SING</SimpleData>
		<SimpleData name="fech_crea">2014-12-04</SimpleData>
		<SimpleData name="fech_act">2016-12-15</SimpleData>
	</SchemaData></ExtendedData>
      <Point><coordinates>-69.065334674,-24.1634650829999</coordinates></Point>
  </Placemark>
  <Placemark id="subestaciones_sing.20">
	<name>AGUAS BLANCAS</name>
	<ExtendedData><SchemaData schemaUrl="#subestaciones_sing">
		<SimpleData name="OBJECTID">20</SimpleData>
		<SimpleData name="gml_id">se_sing_9de4172c_23ff_43c8_9f78_ddd7f7e3cf32.20</SimpleData>
		<SimpleData name="nombre">AGUAS BLANCAS</SimpleData>
		<SimpleData name="propiedad">MINERA ATACAMA MINERALS</SimpleData>
		<SimpleData name="tension_kv">66|23|13,8|0,4</SimpleData>
		<SimpleData name="tipo">S/I</SimpleData>
		<SimpleData name="f_operacio">01-01-2013</SimpleData>
		<SimpleData name="rca">S/I</SimpleData>
		<SimpleData name="sist_elect">SING</SimpleData>
		<SimpleData name="estado">EN OPERACION</SimpleData>
		<SimpleData name="coord_este">412121.35</SimpleData>
		<SimpleData name="coord_nort">7330498.83</SimpleData>
		<SimpleData name="huso">19S</SimpleData>
		<SimpleData name="datum">WGS-84</SimpleData>
		<SimpleData name="region">REGION DE ANTOFAGASTA</SimpleData>
		<SimpleData name="provincia">ANTOFAGASTA</SimpleData>
		<SimpleData name="comuna">ANTOFAGASTA</SimpleData>
		<SimpleData name="fuente_bas">CDEC-SING</SimpleData>
		<SimpleData name="fech_crea">2014-12-04</SimpleData>
		<SimpleData name="fech_act">2016-12-15</SimpleData>
	</SchemaData></ExtendedData>
      <Point><coordinates>-69.864888858,-24.135513913</coordinates></Point>
  </Placemark>
  <Placemark id="subestaciones_sing.21">
	<name>PURI</name>
	<ExtendedData><SchemaData schemaUrl="#subestaciones_sing">
		<SimpleData name="OBJECTID">21</SimpleData>
		<SimpleData name="gml_id">se_sing_9de4172c_23ff_43c8_9f78_ddd7f7e3cf32.21</SimpleData>
		<SimpleData name="nombre">PURI</SimpleData>
		<SimpleData name="propiedad">MINERA ESCONDIDA</SimpleData>
		<SimpleData name="tension_kv">220|6,9</SimpleData>
		<SimpleData name="tipo">S/I</SimpleData>
		<SimpleData name="f_operacio">08-07-2016</SimpleData>
		<SimpleData name="rca">S/I</SimpleData>
		<SimpleData name="sist_elect">SING</SimpleData>
		<SimpleData name="estado">EN OPERACION</SimpleData>
		<SimpleData name="coord_este">455243.9</SimpleData>
		<SimpleData name="coord_nort">7333050.87</SimpleData>
		<SimpleData name="huso">19S</SimpleData>
		<SimpleData name="datum">WGS-84</SimpleData>
		<SimpleData name="region">REGION DE ANTOFAGASTA</SimpleData>
		<SimpleData name="provincia">ANTOFAGASTA</SimpleData>
		<SimpleData name="comuna">ANTOFAGASTA</SimpleData>
		<SimpleData name="fuente_bas">CDEC-SING</SimpleData>
		<SimpleData name="fech_crea">2014-12-04</SimpleData>
		<SimpleData name="fech_act">2016-12-15</SimpleData>
	</SchemaData></ExtendedData>
      <Point><coordinates>-69.440418612,-24.114278483</coordinates></Point>
  </Placemark>
  <Placemark id="subestaciones_sing.22">
	<name>TAP OFF ESTACION DE BOMBEO N 3</name>
	<ExtendedData><SchemaData schemaUrl="#subestaciones_sing">
		<SimpleData name="OBJECTID">22</SimpleData>
		<SimpleData name="gml_id">se_sing_9de4172c_23ff_43c8_9f78_ddd7f7e3cf32.22</SimpleData>
		<SimpleData name="nombre">TAP OFF ESTACION DE BOMBEO N 3</SimpleData>
		<SimpleData name="propiedad">MINERA ESCONDIDA</SimpleData>
		<SimpleData name="tension_kv">220|4,6</SimpleData>
		<SimpleData name="tipo">TAP OFF</SimpleData>
		<SimpleData name="f_operacio">01-11-2005</SimpleData>
		<SimpleData name="rca">S/I</SimpleData>
		<SimpleData name="sist_elect">SING</SimpleData>
		<SimpleData name="estado">EN OPERACION</SimpleData>
		<SimpleData name="coord_este">451190</SimpleData>
		<SimpleData name="coord_nort">7335907</SimpleData>
		<SimpleData name="huso">19S</SimpleData>
		<SimpleData name="datum">WGS-84</SimpleData>
		<SimpleData name="region">REGION DE ANTOFAGASTA</SimpleData>
		<SimpleData name="provincia">ANTOFAGASTA</SimpleData>
		<SimpleData name="comuna">ANTOFAGASTA</SimpleData>
		<SimpleData name="fuente_bas">CDEC-SING</SimpleData>
		<SimpleData name="fech_crea">2014-12-04</SimpleData>
		<SimpleData name="fech_act">2016-12-15</SimpleData>
	</SchemaData></ExtendedData>
      <Point><coordinates>-69.480213432,-24.088362149</coordinates></Point>
  </Placemark>
  <Placemark id="subestaciones_sing.23">
	<name>ANDES</name>
	<ExtendedData><SchemaData schemaUrl="#subestaciones_sing">
		<SimpleData name="OBJECTID">23</SimpleData>
		<SimpleData name="gml_id">se_sing_9de4172c_23ff_43c8_9f78_ddd7f7e3cf32.23</SimpleData>
		<SimpleData name="nombre">ANDES</SimpleData>
		<SimpleData name="propiedad">AES GENER</SimpleData>
		<SimpleData name="tension_kv">345|220|23</SimpleData>
		<SimpleData name="tipo">S/I</SimpleData>
		<SimpleData name="f_operacio">01-01-1999</SimpleData>
		<SimpleData name="rca">S/I</SimpleData>
		<SimpleData name="sist_elect">SING</SimpleData>
		<SimpleData name="estado">EN OPERACION</SimpleData>
		<SimpleData name="coord_este">542193.14</SimpleData>
		<SimpleData name="coord_nort">7343826.27</SimpleData>
		<SimpleData name="huso">19S</SimpleData>
		<SimpleData name="datum">WGS-84</SimpleData>
		<SimpleData name="region">REGION DE ANTOFAGASTA</SimpleData>
		<SimpleData name="provincia">ANTOFAGASTA</SimpleData>
		<SimpleData name="comuna">ANTOFAGASTA</SimpleData>
		<SimpleData name="fuente_bas">CDEC-SING</SimpleData>
		<SimpleData name="fech_crea">2014-12-04</SimpleData>
		<SimpleData name="fech_act">2016-12-15</SimpleData>
	</SchemaData></ExtendedData>
      <Point><coordinates>-68.585114544,-24.017025981</coordinates></Point>
  </Placemark>
  <Placemark id="subestaciones_sing.24">
	<name>ANDES SOLAR</name>
	<ExtendedData><SchemaData schemaUrl="#subestaciones_sing">
		<SimpleData name="OBJECTID">24</SimpleData>
		<SimpleData name="gml_id">se_sing_9de4172c_23ff_43c8_9f78_ddd7f7e3cf32.24</SimpleData>
		<SimpleData name="nombre">ANDES SOLAR</SimpleData>
		<SimpleData name="propiedad">AES GENER</SimpleData>
		<SimpleData name="tension_kv">23</SimpleData>
		<SimpleData name="tipo">S/I</SimpleData>
		<SimpleData name="f_operacio">28-05-2016</SimpleData>
		<SimpleData name="rca">S/I</SimpleData>
		<SimpleData name="sist_elect">SING</SimpleData>
		<SimpleData name="estado">EN OPERACION</SimpleData>
		<SimpleData name="coord_este">542260.14</SimpleData>
		<SimpleData name="coord_nort">7344264.59</SimpleData>
		<SimpleData name="huso">19S</SimpleData>
		<SimpleData name="datum">WGS-84</SimpleData>
		<SimpleData name="region">REGION DE ANTOFAGASTA</SimpleData>
		<SimpleData name="provincia">ANTOFAGASTA</SimpleData>
		<SimpleData name="comuna">ANTOFAGASTA</SimpleData>
		<SimpleData name="fuente_bas">CDEC-SING</SimpleData>
		<SimpleData name="fech_crea">2014-12-04</SimpleData>
		<SimpleData name="fech_act">2016-12-15</SimpleData>
	</SchemaData></ExtendedData>
      <Point><coordinates>-68.584468468,-24.013065276</coordinates></Point>
  </Placemark>
  <Placemark id="subestaciones_sing.25">
	<name>TAP OFF PALESTINA</name>
	<ExtendedData><SchemaData schemaUrl="#subestaciones_sing">
		<SimpleData name="OBJECTID">25</SimpleData>
		<SimpleData name="gml_id">se_sing_9de4172c_23ff_43c8_9f78_ddd7f7e3cf32.25</SimpleData>
		<SimpleData name="nombre">TAP OFF PALESTINA</SimpleData>
		<SimpleData name="propiedad">MINERA MERIDIAN</SimpleData>
		<SimpleData name="tension_kv">220|66</SimpleData>
		<SimpleData name="tipo">TAP OFF</SimpleData>
		<SimpleData name="f_operacio">18-08-1999</SimpleData>
		<SimpleData name="rca">S/I</SimpleData>
		<SimpleData name="sist_elect">SING</SimpleData>
		<SimpleData name="estado">EN OPERACION</SimpleData>
		<SimpleData name="coord_este">420220.72</SimpleData>
		<SimpleData name="coord_nort">7355633.47</SimpleData>
		<SimpleData name="huso">19S</SimpleData>
		<SimpleData name="datum">WGS-84</SimpleData>
		<SimpleData name="region">REGION DE ANTOFAGASTA</SimpleData>
		<SimpleData name="provincia">ANTOFAGASTA</SimpleData>
		<SimpleData name="comuna">ANTOFAGASTA</SimpleData>
		<SimpleData name="fuente_bas">CDEC-SING</SimpleData>
		<SimpleData name="fech_crea">2014-12-04</SimpleData>
		<SimpleData name="fech_act">2016-12-15</SimpleData>
	</SchemaData></ExtendedData>
      <Point><coordinates>-69.783804566,-23.908943364</coordinates></Point>
  </Placemark>
  <Placemark id="subestaciones_sing.26">
	<name>TAP OFF LLANOS</name>
	<ExtendedData><SchemaData schemaUrl="#subestaciones_sing">
		<SimpleData name="OBJECTID">26</SimpleData>
		<SimpleData name="gml_id">se_sing_9de4172c_23ff_43c8_9f78_ddd7f7e3cf32.26</SimpleData>
		<SimpleData name="nombre">TAP OFF LLANOS</SimpleData>
		<SimpleData name="propiedad">MINERA ATACAMA MINERALS</SimpleData>
		<SimpleData name="tension_kv">220|66|13,8</SimpleData>
		<SimpleData name="tipo">TAP OFF</SimpleData>
		<SimpleData name="f_operacio">01-01-2013</SimpleData>
		<SimpleData name="rca">S/I</SimpleData>
		<SimpleData name="sist_elect">SING</SimpleData>
		<SimpleData name="estado">EN OPERACION</SimpleData>
		<SimpleData name="coord_este">419877</SimpleData>
		<SimpleData name="coord_nort">7355883</SimpleData>
		<SimpleData name="huso">19S</SimpleData>
		<SimpleData name="datum">WGS-84</SimpleData>
		<SimpleData name="region">REGION DE ANTOFAGASTA</SimpleData>
		<SimpleData name="provincia">ANTOFAGASTA</SimpleData>
		<SimpleData name="comuna">ANTOFAGASTA</SimpleData>
		<SimpleData name="fuente_bas">CDEC-SING</SimpleData>
		<SimpleData name="fech_crea">2014-12-04</SimpleData>
		<SimpleData name="fech_act">2016-12-15</SimpleData>
	</SchemaData></ExtendedData>
      <Point><coordinates>-69.787167602,-23.9066724739999</coordinates></Point>
  </Placemark>
  <Placemark id="subestaciones_sing.27">
	<name>FARELLON</name>
	<ExtendedData><SchemaData schemaUrl="#subestaciones_sing">
		<SimpleData name="OBJECTID">27</SimpleData>
		<SimpleData name="gml_id">se_sing_9de4172c_23ff_43c8_9f78_ddd7f7e3cf32.27</SimpleData>
		<SimpleData name="nombre">FARELLON</SimpleData>
		<SimpleData name="propiedad">MINERA ESCONDIDA</SimpleData>
		<SimpleData name="tension_kv">220|6,9</SimpleData>
		<SimpleData name="tipo">S/I</SimpleData>
		<SimpleData name="f_operacio">08-06-2016</SimpleData>
		<SimpleData name="rca">S/I</SimpleData>
		<SimpleData name="sist_elect">SING</SimpleData>
		<SimpleData name="estado">EN OPERACION</SimpleData>
		<SimpleData name="coord_este">411667.46</SimpleData>
		<SimpleData name="coord_nort">7361367.7</SimpleData>
		<SimpleData name="huso">19S</SimpleData>
		<SimpleData name="datum">WGS-84</SimpleData>
		<SimpleData name="region">REGION DE ANTOFAGASTA</SimpleData>
		<SimpleData name="provincia">ANTOFAGASTA</SimpleData>
		<SimpleData name="comuna">ANTOFAGASTA</SimpleData>
		<SimpleData name="fuente_bas">CDEC-SING</SimpleData>
		<SimpleData name="fech_crea">2014-12-04</SimpleData>
		<SimpleData name="fech_act">2016-12-15</SimpleData>
	</SchemaData></ExtendedData>
      <Point><coordinates>-69.8674849889999,-23.85670405</coordinates></Point>
  </Placemark>
  <Placemark id="subestaciones_sing.28">
	<name>TAP OFF ESTACION DE BOMBEO N 2</name>
	<ExtendedData><SchemaData schemaUrl="#subestaciones_sing">
		<SimpleData name="OBJECTID">28</SimpleData>
		<SimpleData name="gml_id">se_sing_9de4172c_23ff_43c8_9f78_ddd7f7e3cf32.28</SimpleData>
		<SimpleData name="nombre">TAP OFF ESTACION DE BOMBEO N 2</SimpleData>
		<SimpleData name="propiedad">MINERA ESCONDIDA</SimpleData>
		<SimpleData name="tension_kv">220|4,6</SimpleData>
		<SimpleData name="tipo">TAP OFF</SimpleData>
		<SimpleData name="f_operacio">01-01-2005</SimpleData>
		<SimpleData name="rca">S/I</SimpleData>
		<SimpleData name="sist_elect">SING</SimpleData>
		<SimpleData name="estado">EN OPERACION</SimpleData>
		<SimpleData name="coord_este">409108</SimpleData>
		<SimpleData name="coord_nort">7363508</SimpleData>
		<SimpleData name="huso">19S</SimpleData>
		<SimpleData name="datum">WGS-84</SimpleData>
		<SimpleData name="region">REGION DE ANTOFAGASTA</SimpleData>
		<SimpleData name="provincia">ANTOFAGASTA</SimpleData>
		<SimpleData name="comuna">ANTOFAGASTA</SimpleData>
		<SimpleData name="fuente_bas">CDEC-SING</SimpleData>
		<SimpleData name="fech_crea">2014-12-04</SimpleData>
		<SimpleData name="fech_act">2016-12-15</SimpleData>
	</SchemaData></ExtendedData>
      <Point><coordinates>-69.892485898,-23.837230604</coordinates></Point>
  </Placemark>
  <Placemark id="subestaciones_sing.29">
	<name>ALTO NORTE</name>
	<ExtendedData><SchemaData schemaUrl="#subestaciones_sing">
		<SimpleData name="OBJECTID">29</SimpleData>
		<SimpleData name="gml_id">se_sing_9de4172c_23ff_43c8_9f78_ddd7f7e3cf32.29</SimpleData>
		<SimpleData name="nombre">ALTO NORTE</SimpleData>
		<SimpleData name="propiedad">XSTRATA COPPER - ALTONORTE</SimpleData>
		<SimpleData name="tension_kv">110|13,2</SimpleData>
		<SimpleData name="tipo">S/I</SimpleData>
		<SimpleData name="f_operacio">01-01-1993</SimpleData>
		<SimpleData name="rca">S/I</SimpleData>
		<SimpleData name="sist_elect">SING</SimpleData>
		<SimpleData name="estado">EN OPERACION</SimpleData>
		<SimpleData name="coord_este">365538.18</SimpleData>
		<SimpleData name="coord_nort">7364424.57</SimpleData>
		<SimpleData name="huso">19S</SimpleData>
		<SimpleData name="datum">WGS-84</SimpleData>
		<SimpleData name="region">REGION DE ANTOFAGASTA</SimpleData>
		<SimpleData name="provincia">ANTOFAGASTA</SimpleData>
		<SimpleData name="comuna">ANTOFAGASTA</SimpleData>
		<SimpleData name="fuente_bas">CDEC-SING</SimpleData>
		<SimpleData name="fech_crea">2014-12-04</SimpleData>
		<SimpleData name="fech_act">2016-12-15</SimpleData>
	</SchemaData></ExtendedData>
      <Point><coordinates>-70.3201483889999,-23.825883142</coordinates></Point>
  </Placemark>
  <Placemark id="subestaciones_sing.30">
	<name>TAP OFF LA NEGRA</name>
	<ExtendedData><SchemaData schemaUrl="#subestaciones_sing">
		<SimpleData name="OBJECTID">30</SimpleData>
		<SimpleData name="gml_id">se_sing_9de4172c_23ff_43c8_9f78_ddd7f7e3cf32.30</SimpleData>
		<SimpleData name="nombre">TAP OFF LA NEGRA</SimpleData>
		<SimpleData name="propiedad">ELECDA</SimpleData>
		<SimpleData name="tension_kv">110|23</SimpleData>
		<SimpleData name="tipo">TAP OFF</SimpleData>
		<SimpleData name="f_operacio">01-02-2001</SimpleData>
		<SimpleData name="rca">S/I</SimpleData>
		<SimpleData name="sist_elect">SING</SimpleData>
		<SimpleData name="estado">EN OPERACION</SimpleData>
		<SimpleData name="coord_este">365086</SimpleData>
		<SimpleData name="coord_nort">7369249</SimpleData>
		<SimpleData name="huso">19S</SimpleData>
		<SimpleData name="datum">WGS-84</SimpleData>
		<SimpleData name="region">REGION DE ANTOFAGASTA</SimpleData>
		<SimpleData name="provincia">ANTOFAGASTA</SimpleData>
		<SimpleData name="comuna">ANTOFAGASTA</SimpleData>
		<SimpleData name="fuente_bas">CDEC-SING</SimpleData>
		<SimpleData name="fech_crea">2014-12-04</SimpleData>
		<SimpleData name="fech_act">2016-12-15</SimpleData>
	</SchemaData></ExtendedData>
      <Point><coordinates>-70.32414517,-23.78228001</coordinates></Point>
  </Placemark>
  <Placemark id="subestaciones_sing.31">
	<name>INACESA</name>
	<ExtendedData><SchemaData schemaUrl="#subestaciones_sing">
		<SimpleData name="OBJECTID">31</SimpleData>
		<SimpleData name="gml_id">se_sing_9de4172c_23ff_43c8_9f78_ddd7f7e3cf32.31</SimpleData>
		<SimpleData name="nombre">INACESA</SimpleData>
		<SimpleData name="propiedad">EQUIPOS DE GENERACION</SimpleData>
		<SimpleData name="tension_kv">23</SimpleData>
		<SimpleData name="tipo">S/I</SimpleData>
		<SimpleData name="f_operacio">S/I</SimpleData>
		<SimpleData name="rca">S/I</SimpleData>
		<SimpleData name="sist_elect">SING</SimpleData>
		<SimpleData name="estado">EN OPERACION</SimpleData>
		<SimpleData name="coord_este">365508.72</SimpleData>
		<SimpleData name="coord_nort">7369309.12</SimpleData>
		<SimpleData name="huso">19S</SimpleData>
		<SimpleData name="datum">WGS-84</SimpleData>
		<SimpleData name="region">REGION DE ANTOFAGASTA</SimpleData>
		<SimpleData name="provincia">ANTOFAGASTA</SimpleData>
		<SimpleData name="comuna">ANTOFAGASTA</SimpleData>
		<SimpleData name="fuente_bas">CDEC-SING</SimpleData>
		<SimpleData name="fech_crea">2014-12-04</SimpleData>
		<SimpleData name="fech_act">2016-12-15</SimpleData>
	</SchemaData></ExtendedData>
      <Point><coordinates>-70.3199916619999,-23.7817726439999</coordinates></Point>
  </Placemark>
  <Placemark id="subestaciones_sing.32">
	<name>TAP OFF EL NEGRO</name>
	<ExtendedData><SchemaData schemaUrl="#subestaciones_sing">
		<SimpleData name="OBJECTID">32</SimpleData>
		<SimpleData name="gml_id">se_sing_9de4172c_23ff_43c8_9f78_ddd7f7e3cf32.32</SimpleData>
		<SimpleData name="nombre">TAP OFF EL NEGRO</SimpleData>
		<SimpleData name="propiedad">ENGIE</SimpleData>
		<SimpleData name="tension_kv">110|23</SimpleData>
		<SimpleData name="tipo">TAP OFF</SimpleData>
		<SimpleData name="f_operacio">01-03-2003</SimpleData>
		<SimpleData name="rca">S/I</SimpleData>
		<SimpleData name="sist_elect">SING</SimpleData>
		<SimpleData name="estado">EN OPERACION</SimpleData>
		<SimpleData name="coord_este">365622</SimpleData>
		<SimpleData name="coord_nort">7370884</SimpleData>
		<SimpleData name="huso">19S</SimpleData>
		<SimpleData name="datum">WGS-84</SimpleData>
		<SimpleData name="region">REGION DE ANTOFAGASTA</SimpleData>
		<SimpleData name="provincia">ANTOFAGASTA</SimpleData>
		<SimpleData name="comuna">ANTOFAGASTA</SimpleData>
		<SimpleData name="fuente_bas">CDEC-SING</SimpleData>
		<SimpleData name="fech_crea">2014-12-04</SimpleData>
		<SimpleData name="fech_act">2016-12-15</SimpleData>
	</SchemaData></ExtendedData>
      <Point><coordinates>-70.318736663,-23.767560745</coordinates></Point>
  </Placemark>
  <Placemark id="subestaciones_sing.33">
	<name>COLOSO</name>
	<ExtendedData><SchemaData schemaUrl="#subestaciones_sing">
		<SimpleData name="OBJECTID">33</SimpleData>
		<SimpleData name="gml_id">se_sing_9de4172c_23ff_43c8_9f78_ddd7f7e3cf32.33</SimpleData>
		<SimpleData name="nombre">COLOSO</SimpleData>
		<SimpleData name="propiedad">MINERA ESCONDIDA</SimpleData>
		<SimpleData name="tension_kv">220|13,8|6,9</SimpleData>
		<SimpleData name="tipo">S/I</SimpleData>
		<SimpleData name="f_operacio">01-06-1989</SimpleData>
		<SimpleData name="rca">S/I</SimpleData>
		<SimpleData name="sist_elect">SING</SimpleData>
		<SimpleData name="estado">EN OPERACION</SimpleData>
		<SimpleData name="coord_este">350124.58</SimpleData>
		<SimpleData name="coord_nort">7371135.8</SimpleData>
		<SimpleData name="huso">19S</SimpleData>
		<SimpleData name="datum">WGS-84</SimpleData>
		<SimpleData name="region">REGION DE ANTOFAGASTA</SimpleData>
		<SimpleData name="provincia">ANTOFAGASTA</SimpleData>
		<SimpleData name="comuna">ANTOFAGASTA</SimpleData>
		<SimpleData name="fuente_bas">CDEC-SING</SimpleData>
		<SimpleData name="fech_crea">2014-12-04</SimpleData>
		<SimpleData name="fech_act">2016-12-15</SimpleData>
	</SchemaData></ExtendedData>
      <Point><coordinates>-70.4707601539999,-23.763913916</coordinates></Point>
  </Placemark>
  <Placemark id="subestaciones_sing.34">
	<name>SUR</name>
	<ExtendedData><SchemaData schemaUrl="#subestaciones_sing">
		<SimpleData name="OBJECTID">34</SimpleData>
		<SimpleData name="gml_id">se_sing_9de4172c_23ff_43c8_9f78_ddd7f7e3cf32.34</SimpleData>
		<SimpleData name="nombre">SUR</SimpleData>
		<SimpleData name="propiedad">ELECDA</SimpleData>
		<SimpleData name="tension_kv">110|13,8</SimpleData>
		<SimpleData name="tipo">S/I</SimpleData>
		<SimpleData name="f_operacio">01-12-2001</SimpleData>
		<SimpleData name="rca">S/I</SimpleData>
		<SimpleData name="sist_elect">SING</SimpleData>
		<SimpleData name="estado">EN OPERACION</SimpleData>
		<SimpleData name="coord_este">355220</SimpleData>
		<SimpleData name="coord_nort">7376634</SimpleData>
		<SimpleData name="huso">19S</SimpleData>
		<SimpleData name="datum">WGS-84</SimpleData>
		<SimpleData name="region">REGION DE ANTOFAGASTA</SimpleData>
		<SimpleData name="provincia">ANTOFAGASTA</SimpleData>
		<SimpleData name="comuna">ANTOFAGASTA</SimpleData>
		<SimpleData name="fuente_bas">CDEC-SING</SimpleData>
		<SimpleData name="fech_crea">2014-12-04</SimpleData>
		<SimpleData name="fech_act">2016-12-15</SimpleData>
	</SchemaData></ExtendedData>
      <Point><coordinates>-70.4202314519999,-23.7147341909999</coordinates></Point>
  </Placemark>
  <Placemark id="subestaciones_sing.35">
	<name>OHIGGINS</name>
	<ExtendedData><SchemaData schemaUrl="#subestaciones_sing">
		<SimpleData name="OBJECTID">35</SimpleData>
		<SimpleData name="gml_id">se_sing_9de4172c_23ff_43c8_9f78_ddd7f7e3cf32.35</SimpleData>
		<SimpleData name="nombre">OHIGGINS</SimpleData>
		<SimpleData name="propiedad">MINERA ESCONDIDA</SimpleData>
		<SimpleData name="tension_kv">220</SimpleData>
		<SimpleData name="tipo">S/I</SimpleData>
		<SimpleData name="f_operacio">01-01-1993</SimpleData>
		<SimpleData name="rca">S/I</SimpleData>
		<SimpleData name="sist_elect">SING</SimpleData>
		<SimpleData name="estado">EN OPERACION</SimpleData>
		<SimpleData name="coord_este">376136.5</SimpleData>
		<SimpleData name="coord_nort">7379322.11</SimpleData>
		<SimpleData name="huso">19S</SimpleData>
		<SimpleData name="datum">WGS-84</SimpleData>
		<SimpleData name="region">REGION DE ANTOFAGASTA</SimpleData>
		<SimpleData name="provincia">ANTOFAGASTA</SimpleData>
		<SimpleData name="comuna">ANTOFAGASTA</SimpleData>
		<SimpleData name="fuente_bas">CDEC-SING</SimpleData>
		<SimpleData name="fech_crea">2014-12-04</SimpleData>
		<SimpleData name="fech_act">2016-12-15</SimpleData>
	</SchemaData></ExtendedData>
      <Point><coordinates>-70.21486344,-23.69220633</coordinates></Point>
  </Placemark>
  <Placemark id="subestaciones_sing.36">
	<name>TAP OFF OESTE</name>
	<ExtendedData><SchemaData schemaUrl="#subestaciones_sing">
		<SimpleData name="OBJECTID">36</SimpleData>
		<SimpleData name="gml_id">se_sing_9de4172c_23ff_43c8_9f78_ddd7f7e3cf32.36</SimpleData>
		<SimpleData name="nombre">TAP OFF OESTE</SimpleData>
		<SimpleData name="propiedad">AES GENER</SimpleData>
		<SimpleData name="tension_kv">220|110|12,2</SimpleData>
		<SimpleData name="tipo">TAP OFF</SimpleData>
		<SimpleData name="f_operacio">01-01-1997</SimpleData>
		<SimpleData name="rca">S/I</SimpleData>
		<SimpleData name="sist_elect">SING</SimpleData>
		<SimpleData name="estado">EN OPERACION</SimpleData>
		<SimpleData name="coord_este">538780.47</SimpleData>
		<SimpleData name="coord_nort">7379986.31</SimpleData>
		<SimpleData name="huso">19S</SimpleData>
		<SimpleData name="datum">WGS-84</SimpleData>
		<SimpleData name="region">REGION DE ANTOFAGASTA</SimpleData>
		<SimpleData name="provincia">EL LOA</SimpleData>
		<SimpleData name="comuna">SAN PEDRO DE ATACAMA</SimpleData>
		<SimpleData name="fuente_bas">CDEC-SING</SimpleData>
		<SimpleData name="fech_crea">2014-12-04</SimpleData>
		<SimpleData name="fech_act">2016-12-15</SimpleData>
	</SchemaData></ExtendedData>
      <Point><coordinates>-68.6196253429999,-23.690506292</coordinates></Point>
  </Placemark>
  <Placemark id="subestaciones_sing.37">
	<name>CENTRO</name>
	<ExtendedData><SchemaData schemaUrl="#subestaciones_sing">
		<SimpleData name="OBJECTID">37</SimpleData>
		<SimpleData name="gml_id">se_sing_9de4172c_23ff_43c8_9f78_ddd7f7e3cf32.37</SimpleData>
		<SimpleData name="nombre">CENTRO</SimpleData>
		<SimpleData name="propiedad">ELECDA</SimpleData>
		<SimpleData name="tension_kv">110|23|13,8</SimpleData>
		<SimpleData name="tipo">S/I</SimpleData>
		<SimpleData name="f_operacio">01-12-2001</SimpleData>
		<SimpleData name="rca">S/I</SimpleData>
		<SimpleData name="sist_elect">SING</SimpleData>
		<SimpleData name="estado">EN OPERACION</SimpleData>
		<SimpleData name="coord_este">357793</SimpleData>
		<SimpleData name="coord_nort">7381304</SimpleData>
		<SimpleData name="huso">19S</SimpleData>
		<SimpleData name="datum">WGS-84</SimpleData>
		<SimpleData name="region">REGION DE ANTOFAGASTA</SimpleData>
		<SimpleData name="provincia">ANTOFAGASTA</SimpleData>
		<SimpleData name="comuna">ANTOFAGASTA</SimpleData>
		<SimpleData name="fuente_bas">CDEC-SING</SimpleData>
		<SimpleData name="fech_crea">2014-12-04</SimpleData>
		<SimpleData name="fech_act">2016-12-15</SimpleData>
	</SchemaData></ExtendedData>
      <Point><coordinates>-70.39454921,-23.6727938999999</coordinates></Point>
  </Placemark>
  <Placemark id="subestaciones_sing.38">
	<name>ESMERALDA</name>
	<ExtendedData><SchemaData schemaUrl="#subestaciones_sing">
		<SimpleData name="OBJECTID">38</SimpleData>
		<SimpleData name="gml_id">se_sing_9de4172c_23ff_43c8_9f78_ddd7f7e3cf32.38</SimpleData>
		<SimpleData name="nombre">ESMERALDA</SimpleData>
		<SimpleData name="propiedad">TRANSEMEL</SimpleData>
		<SimpleData name="tension_kv">220|110|13,8</SimpleData>
		<SimpleData name="tipo">S/I</SimpleData>
		<SimpleData name="f_operacio">01-12-2001</SimpleData>
		<SimpleData name="rca">S/I</SimpleData>
		<SimpleData name="sist_elect">SING</SimpleData>
		<SimpleData name="estado">EN OPERACION</SimpleData>
		<SimpleData name="coord_este">358340</SimpleData>
		<SimpleData name="coord_nort">7381312</SimpleData>
		<SimpleData name="huso">19S</SimpleData>
		<SimpleData name="datum">WGS-84</SimpleData>
		<SimpleData name="region">REGION DE ANTOFAGASTA</SimpleData>
		<SimpleData name="provincia">ANTOFAGASTA</SimpleData>
		<SimpleData name="comuna">ANTOFAGASTA</SimpleData>
		<SimpleData name="fuente_bas">CDEC-SING</SimpleData>
		<SimpleData name="fech_crea">2014-12-04</SimpleData>
		<SimpleData name="fech_act">2016-12-15</SimpleData>
	</SchemaData></ExtendedData>
      <Point><coordinates>-70.389185533,-23.672769848</coordinates></Point>
  </Placemark>
  <Placemark id="subestaciones_sing.39">
	<name>ANTOFAGASTA</name>
	<ExtendedData><SchemaData schemaUrl="#subestaciones_sing">
		<SimpleData name="OBJECTID">39</SimpleData>
		<SimpleData name="gml_id">se_sing_9de4172c_23ff_43c8_9f78_ddd7f7e3cf32.39</SimpleData>
		<SimpleData name="nombre">ANTOFAGASTA</SimpleData>
		<SimpleData name="propiedad">ENGIE</SimpleData>
		<SimpleData name="tension_kv">110|13,8</SimpleData>
		<SimpleData name="tipo">S/I</SimpleData>
		<SimpleData name="f_operacio">01-06-1987</SimpleData>
		<SimpleData name="rca">S/I</SimpleData>
		<SimpleData name="sist_elect">SING</SimpleData>
		<SimpleData name="estado">EN OPERACION</SimpleData>
		<SimpleData name="coord_este">359219</SimpleData>
		<SimpleData name="coord_nort">7385646</SimpleData>
		<SimpleData name="huso">19S</SimpleData>
		<SimpleData name="datum">WGS-84</SimpleData>
		<SimpleData name="region">REGION DE ANTOFAGASTA</SimpleData>
		<SimpleData name="provincia">ANTOFAGASTA</SimpleData>
		<SimpleData name="comuna">ANTOFAGASTA</SimpleData>
		<SimpleData name="fuente_bas">CDEC-SING</SimpleData>
		<SimpleData name="fech_crea">2014-12-04</SimpleData>
		<SimpleData name="fech_act">2016-12-15</SimpleData>
	</SchemaData></ExtendedData>
      <Point><coordinates>-70.3801568599999,-23.633710611</coordinates></Point>
  </Placemark>
  <Placemark id="subestaciones_sing.40">
	<name>TAP OFF URIBE</name>
	<ExtendedData><SchemaData schemaUrl="#subestaciones_sing">
		<SimpleData name="OBJECTID">40</SimpleData>
		<SimpleData name="gml_id">se_sing_9de4172c_23ff_43c8_9f78_ddd7f7e3cf32.40</SimpleData>
		<SimpleData name="nombre">TAP OFF URIBE</SimpleData>
		<SimpleData name="propiedad">TRANSEMEL</SimpleData>
		<SimpleData name="tension_kv">110</SimpleData>
		<SimpleData name="tipo">TAP OFF</SimpleData>
		<SimpleData name="f_operacio">01-01-2013</SimpleData>
		<SimpleData name="rca">S/I</SimpleData>
		<SimpleData name="sist_elect">SING</SimpleData>
		<SimpleData name="estado">EN OPERACION</SimpleData>
		<SimpleData name="coord_este">364193.27</SimpleData>
		<SimpleData name="coord_nort">7386847.25</SimpleData>
		<SimpleData name="huso">19S</SimpleData>
		<SimpleData name="datum">WGS-84</SimpleData>
		<SimpleData name="region">REGION DE ANTOFAGASTA</SimpleData>
		<SimpleData name="provincia">ANTOFAGASTA</SimpleData>
		<SimpleData name="comuna">ANTOFAGASTA</SimpleData>
		<SimpleData name="fuente_bas">CDEC-SING</SimpleData>
		<SimpleData name="fech_crea">2014-12-04</SimpleData>
		<SimpleData name="fech_act">2016-12-15</SimpleData>
	</SchemaData></ExtendedData>
      <Point><coordinates>-70.331291984,-23.6232891829999</coordinates></Point>
  </Placemark>
  <Placemark id="subestaciones_sing.41">
	<name>URIBE</name>
	<ExtendedData><SchemaData schemaUrl="#subestaciones_sing">
		<SimpleData name="OBJECTID">41</SimpleData>
		<SimpleData name="gml_id">se_sing_9de4172c_23ff_43c8_9f78_ddd7f7e3cf32.41</SimpleData>
		<SimpleData name="nombre">URIBE</SimpleData>
		<SimpleData name="propiedad">ELECDA</SimpleData>
		<SimpleData name="tension_kv">110|23</SimpleData>
		<SimpleData name="tipo">S/I</SimpleData>
		<SimpleData name="f_operacio">01-02-2001</SimpleData>
		<SimpleData name="rca">S/I</SimpleData>
		<SimpleData name="sist_elect">SING</SimpleData>
		<SimpleData name="estado">EN OPERACION</SimpleData>
		<SimpleData name="coord_este">369974</SimpleData>
		<SimpleData name="coord_nort">7389266</SimpleData>
		<SimpleData name="huso">19S</SimpleData>
		<SimpleData name="datum">WGS-84</SimpleData>
		<SimpleData name="region">REGION DE ANTOFAGASTA</SimpleData>
		<SimpleData name="provincia">ANTOFAGASTA</SimpleData>
		<SimpleData name="comuna">ANTOFAGASTA</SimpleData>
		<SimpleData name="fuente_bas">CDEC-SING</SimpleData>
		<SimpleData name="fech_crea">2014-12-04</SimpleData>
		<SimpleData name="fech_act">2016-12-15</SimpleData>
	</SchemaData></ExtendedData>
      <Point><coordinates>-70.274424288,-23.6019224679999</coordinates></Point>
  </Placemark>
  <Placemark id="subestaciones_sing.42">
	<name>DESALANT</name>
	<ExtendedData><SchemaData schemaUrl="#subestaciones_sing">
		<SimpleData name="OBJECTID">42</SimpleData>
		<SimpleData name="gml_id">se_sing_9de4172c_23ff_43c8_9f78_ddd7f7e3cf32.42</SimpleData>
		<SimpleData name="nombre">DESALANT</SimpleData>
		<SimpleData name="propiedad">AGUAS ANTOFAGASTA</SimpleData>
		<SimpleData name="tension_kv">110|6,6</SimpleData>
		<SimpleData name="tipo">S/I</SimpleData>
		<SimpleData name="f_operacio">01-01-2003</SimpleData>
		<SimpleData name="rca">S/I</SimpleData>
		<SimpleData name="sist_elect">SING</SimpleData>
		<SimpleData name="estado">EN OPERACION</SimpleData>
		<SimpleData name="coord_este">357232</SimpleData>
		<SimpleData name="coord_nort">7395687</SimpleData>
		<SimpleData name="huso">19S</SimpleData>
		<SimpleData name="datum">WGS-84</SimpleData>
		<SimpleData name="region">REGION DE ANTOFAGASTA</SimpleData>
		<SimpleData name="provincia">ANTOFAGASTA</SimpleData>
		<SimpleData name="comuna">ANTOFAGASTA</SimpleData>
		<SimpleData name="fuente_bas">CDEC-SING</SimpleData>
		<SimpleData name="fech_crea">2014-12-04</SimpleData>
		<SimpleData name="fech_act">2016-12-15</SimpleData>
	</SchemaData></ExtendedData>
      <Point><coordinates>-70.398670521,-23.542865213</coordinates></Point>
  </Placemark>
  <Placemark id="subestaciones_sing.43">
	<name>LA PORTADA</name>
	<ExtendedData><SchemaData schemaUrl="#subestaciones_sing">
		<SimpleData name="OBJECTID">43</SimpleData>
		<SimpleData name="gml_id">se_sing_9de4172c_23ff_43c8_9f78_ddd7f7e3cf32.43</SimpleData>
		<SimpleData name="nombre">LA PORTADA</SimpleData>
		<SimpleData name="propiedad">ELECDA</SimpleData>
		<SimpleData name="tension_kv">110|23|0,38</SimpleData>
		<SimpleData name="tipo">S/I</SimpleData>
		<SimpleData name="f_operacio">01-12-2001</SimpleData>
		<SimpleData name="rca">S/I</SimpleData>
		<SimpleData name="sist_elect">SING</SimpleData>
		<SimpleData name="estado">EN OPERACION</SimpleData>
		<SimpleData name="coord_este">358545</SimpleData>
		<SimpleData name="coord_nort">7396480</SimpleData>
		<SimpleData name="huso">19S</SimpleData>
		<SimpleData name="datum">WGS-84</SimpleData>
		<SimpleData name="region">REGION DE ANTOFAGASTA</SimpleData>
		<SimpleData name="provincia">ANTOFAGASTA</SimpleData>
		<SimpleData name="comuna">ANTOFAGASTA</SimpleData>
		<SimpleData name="fuente_bas">CDEC-SING</SimpleData>
		<SimpleData name="fech_crea">2014-12-04</SimpleData>
		<SimpleData name="fech_act">2016-12-15</SimpleData>
	</SchemaData></ExtendedData>
      <Point><coordinates>-70.385735209,-23.535819389</coordinates></Point>
  </Placemark>
  <Placemark id="subestaciones_sing.44">
	<name>TAP OFF DESALANT</name>
	<ExtendedData><SchemaData schemaUrl="#subestaciones_sing">
		<SimpleData name="OBJECTID">44</SimpleData>
		<SimpleData name="gml_id">se_sing_9de4172c_23ff_43c8_9f78_ddd7f7e3cf32.44</SimpleData>
		<SimpleData name="nombre">TAP OFF DESALANT</SimpleData>
		<SimpleData name="propiedad">ENGIE</SimpleData>
		<SimpleData name="tension_kv">110</SimpleData>
		<SimpleData name="tipo">TAP OFF</SimpleData>
		<SimpleData name="f_operacio">01-12-2002</SimpleData>
		<SimpleData name="rca">S/I</SimpleData>
		<SimpleData name="sist_elect">SING</SimpleData>
		<SimpleData name="estado">EN OPERACION</SimpleData>
		<SimpleData name="coord_este">358691</SimpleData>
		<SimpleData name="coord_nort">7396483</SimpleData>
		<SimpleData name="huso">19S</SimpleData>
		<SimpleData name="datum">WGS-84</SimpleData>
		<SimpleData name="region">REGION DE ANTOFAGASTA</SimpleData>
		<SimpleData name="provincia">ANTOFAGASTA</SimpleData>
		<SimpleData name="comuna">ANTOFAGASTA</SimpleData>
		<SimpleData name="fuente_bas">CDEC-SING</SimpleData>
		<SimpleData name="fech_crea">2014-12-04</SimpleData>
		<SimpleData name="fech_act">2016-12-15</SimpleData>
	</SchemaData></ExtendedData>
      <Point><coordinates>-70.38430499,-23.535805027</coordinates></Point>
  </Placemark>
  <Placemark id="subestaciones_sing.45">
	<name>MINSAL</name>
	<ExtendedData><SchemaData schemaUrl="#subestaciones_sing">
		<SimpleData name="OBJECTID">45</SimpleData>
		<SimpleData name="gml_id">se_sing_9de4172c_23ff_43c8_9f78_ddd7f7e3cf32.45</SimpleData>
		<SimpleData name="nombre">MINSAL</SimpleData>
		<SimpleData name="propiedad">AES GENER</SimpleData>
		<SimpleData name="tension_kv">110|23</SimpleData>
		<SimpleData name="tipo">S/I</SimpleData>
		<SimpleData name="f_operacio">01-01-1997</SimpleData>
		<SimpleData name="rca">S/I</SimpleData>
		<SimpleData name="sist_elect">SING</SimpleData>
		<SimpleData name="estado">EN OPERACION</SimpleData>
		<SimpleData name="coord_este">561319.49</SimpleData>
		<SimpleData name="coord_nort">7399119.78</SimpleData>
		<SimpleData name="huso">19S</SimpleData>
		<SimpleData name="datum">WGS-84</SimpleData>
		<SimpleData name="region">REGION DE ANTOFAGASTA</SimpleData>
		<SimpleData name="provincia">EL LOA</SimpleData>
		<SimpleData name="comuna">SAN PEDRO DE ATACAMA</SimpleData>
		<SimpleData name="fuente_bas">CDEC-SING</SimpleData>
		<SimpleData name="fech_crea">2014-12-04</SimpleData>
		<SimpleData name="fech_act">2016-12-15</SimpleData>
	</SchemaData></ExtendedData>
      <Point><coordinates>-68.399348915,-23.5169871059999</coordinates></Point>
  </Placemark>
  <Placemark id="subestaciones_sing.46">
	<name>CAPRICORNIO</name>
	<ExtendedData><SchemaData schemaUrl="#subestaciones_sing">
		<SimpleData name="OBJECTID">46</SimpleData>
		<SimpleData name="gml_id">se_sing_9de4172c_23ff_43c8_9f78_ddd7f7e3cf32.46</SimpleData>
		<SimpleData name="nombre">CAPRICORNIO</SimpleData>
		<SimpleData name="propiedad">ENGIE</SimpleData>
		<SimpleData name="tension_kv">220|110|13,8</SimpleData>
		<SimpleData name="tipo">S/I</SimpleData>
		<SimpleData name="f_operacio">01-02-1999</SimpleData>
		<SimpleData name="rca">S/I</SimpleData>
		<SimpleData name="sist_elect">SING</SimpleData>
		<SimpleData name="estado">EN OPERACION</SimpleData>
		<SimpleData name="coord_este">375845</SimpleData>
		<SimpleData name="coord_nort">7405327</SimpleData>
		<SimpleData name="huso">19S</SimpleData>
		<SimpleData name="datum">WGS-84</SimpleData>
		<SimpleData name="region">REGION DE ANTOFAGASTA</SimpleData>
		<SimpleData name="provincia">ANTOFAGASTA</SimpleData>
		<SimpleData name="comuna">ANTOFAGASTA</SimpleData>
		<SimpleData name="fuente_bas">CDEC-SING</SimpleData>
		<SimpleData name="fech_crea">2014-12-04</SimpleData>
		<SimpleData name="fech_act">2016-12-15</SimpleData>
	</SchemaData></ExtendedData>
      <Point><coordinates>-70.215557869,-23.4573404829999</coordinates></Point>
  </Placemark>
  <Placemark id="subestaciones_sing.47">
	<name>EL COBRE</name>
	<ExtendedData><SchemaData schemaUrl="#subestaciones_sing">
		<SimpleData name="OBJECTID">47</SimpleData>
		<SimpleData name="gml_id">se_sing_9de4172c_23ff_43c8_9f78_ddd7f7e3cf32.47</SimpleData>
		<SimpleData name="nombre">EL COBRE</SimpleData>
		<SimpleData name="propiedad">ENGIE</SimpleData>
		<SimpleData name="tension_kv">220|23</SimpleData>
		<SimpleData name="tipo">S/I</SimpleData>
		<SimpleData name="f_operacio">18-08-2010</SimpleData>
		<SimpleData name="rca">S/I</SimpleData>
		<SimpleData name="sist_elect">SING</SimpleData>
		<SimpleData name="estado">EN OPERACION</SimpleData>
		<SimpleData name="coord_este">460598</SimpleData>
		<SimpleData name="coord_nort">7406126</SimpleData>
		<SimpleData name="huso">19S</SimpleData>
		<SimpleData name="datum">WGS-84</SimpleData>
		<SimpleData name="region">REGION DE ANTOFAGASTA</SimpleData>
		<SimpleData name="provincia">ANTOFAGASTA</SimpleData>
		<SimpleData name="comuna">SIERRA GORDA</SimpleData>
		<SimpleData name="fuente_bas">CDEC-SING</SimpleData>
		<SimpleData name="fech_crea">2014-12-04</SimpleData>
		<SimpleData name="fech_act">2016-12-15</SimpleData>
	</SchemaData></ExtendedData>
      <Point><coordinates>-69.3857804099999,-23.4543822979999</coordinates></Point>
  </Placemark>
  <Placemark id="subestaciones_sing.48">
	<name>MANTOS BLANCOS</name>
	<ExtendedData><SchemaData schemaUrl="#subestaciones_sing">
		<SimpleData name="OBJECTID">48</SimpleData>
		<SimpleData name="gml_id">se_sing_9de4172c_23ff_43c8_9f78_ddd7f7e3cf32.48</SimpleData>
		<SimpleData name="nombre">MANTOS BLANCOS</SimpleData>
		<SimpleData name="propiedad">MINERA MANTOS BLANCOS</SimpleData>
		<SimpleData name="tension_kv">220|23|6,3</SimpleData>
		<SimpleData name="tipo">S/I</SimpleData>
		<SimpleData name="f_operacio">01-01-1995</SimpleData>
		<SimpleData name="rca">S/I</SimpleData>
		<SimpleData name="sist_elect">SING</SimpleData>
		<SimpleData name="estado">EN OPERACION</SimpleData>
		<SimpleData name="coord_este">390109.08</SimpleData>
		<SimpleData name="coord_nort">7406745.76</SimpleData>
		<SimpleData name="huso">19S</SimpleData>
		<SimpleData name="datum">WGS-84</SimpleData>
		<SimpleData name="region">REGION DE ANTOFAGASTA</SimpleData>
		<SimpleData name="provincia">ANTOFAGASTA</SimpleData>
		<SimpleData name="comuna">ANTOFAGASTA</SimpleData>
		<SimpleData name="fuente_bas">CDEC-SING</SimpleData>
		<SimpleData name="fech_crea">2014-12-04</SimpleData>
		<SimpleData name="fech_act">2016-12-15</SimpleData>
	</SchemaData></ExtendedData>
      <Point><coordinates>-70.0758198199999,-23.4455527809999</coordinates></Point>
  </Placemark>
  <Placemark id="subestaciones_sing.49">
	<name>LABERINTO</name>
	<ExtendedData><SchemaData schemaUrl="#subestaciones_sing">
		<SimpleData name="OBJECTID">49</SimpleData>
		<SimpleData name="gml_id">se_sing_9de4172c_23ff_43c8_9f78_ddd7f7e3cf32.49</SimpleData>
		<SimpleData name="nombre">LABERINTO</SimpleData>
		<SimpleData name="propiedad">AES GENER</SimpleData>
		<SimpleData name="tension_kv">220</SimpleData>
		<SimpleData name="tipo">S/I</SimpleData>
		<SimpleData name="f_operacio">01-01-1997</SimpleData>
		<SimpleData name="rca">S/I</SimpleData>
		<SimpleData name="sist_elect">SING</SimpleData>
		<SimpleData name="estado">EN OPERACION</SimpleData>
		<SimpleData name="coord_este">458194.58</SimpleData>
		<SimpleData name="coord_nort">7406859.72</SimpleData>
		<SimpleData name="huso">19S</SimpleData>
		<SimpleData name="datum">WGS-84</SimpleData>
		<SimpleData name="region">REGION DE ANTOFAGASTA</SimpleData>
		<SimpleData name="provincia">ANTOFAGASTA</SimpleData>
		<SimpleData name="comuna">SIERRA GORDA</SimpleData>
		<SimpleData name="fuente_bas">CDEC-SING</SimpleData>
		<SimpleData name="fech_crea">2014-12-04</SimpleData>
		<SimpleData name="fech_act">2016-12-15</SimpleData>
	</SchemaData></ExtendedData>
      <Point><coordinates>-69.409291141,-23.4476948729999</coordinates></Point>
  </Placemark>
  <Placemark id="subestaciones_sing.50">
	<name>GABY</name>
	<ExtendedData><SchemaData schemaUrl="#subestaciones_sing">
		<SimpleData name="OBJECTID">50</SimpleData>
		<SimpleData name="gml_id">se_sing_9de4172c_23ff_43c8_9f78_ddd7f7e3cf32.50</SimpleData>
		<SimpleData name="nombre">GABY</SimpleData>
		<SimpleData name="propiedad">CODELCO CHILE</SimpleData>
		<SimpleData name="tension_kv">220|23</SimpleData>
		<SimpleData name="tipo">S/I</SimpleData>
		<SimpleData name="f_operacio">02-12-2007</SimpleData>
		<SimpleData name="rca">S/I</SimpleData>
		<SimpleData name="sist_elect">SING</SimpleData>
		<SimpleData name="estado">EN OPERACION</SimpleData>
		<SimpleData name="coord_este">518150</SimpleData>
		<SimpleData name="coord_nort">7407659</SimpleData>
		<SimpleData name="huso">19S</SimpleData>
		<SimpleData name="datum">WGS-84</SimpleData>
		<SimpleData name="region">REGION DE ANTOFAGASTA</SimpleData>
		<SimpleData name="provincia">ANTOFAGASTA</SimpleData>
		<SimpleData name="comuna">SIERRA GORDA</SimpleData>
		<SimpleData name="fuente_bas">CDEC-SING</SimpleData>
		<SimpleData name="fech_crea">2014-12-04</SimpleData>
		<SimpleData name="fech_act">2016-12-15</SimpleData>
	</SchemaData></ExtendedData>
      <Point><coordinates>-68.8223127479999,-23.4409105989999</coordinates></Point>
  </Placemark>
  <Placemark id="subestaciones_sing.51">
	<name>LOMAS BAYAS</name>
	<ExtendedData><SchemaData schemaUrl="#subestaciones_sing">
		<SimpleData name="OBJECTID">51</SimpleData>
		<SimpleData name="gml_id">se_sing_9de4172c_23ff_43c8_9f78_ddd7f7e3cf32.51</SimpleData>
		<SimpleData name="nombre">LOMAS BAYAS</SimpleData>
		<SimpleData name="propiedad">AES GENER</SimpleData>
		<SimpleData name="tension_kv">220|6,6</SimpleData>
		<SimpleData name="tipo">S/I</SimpleData>
		<SimpleData name="f_operacio">01-01-1997</SimpleData>
		<SimpleData name="rca">S/I</SimpleData>
		<SimpleData name="sist_elect">SING</SimpleData>
		<SimpleData name="estado">EN OPERACION</SimpleData>
		<SimpleData name="coord_este">448584.03</SimpleData>
		<SimpleData name="coord_nort">7408431.51</SimpleData>
		<SimpleData name="huso">19S</SimpleData>
		<SimpleData name="datum">WGS-84</SimpleData>
		<SimpleData name="region">REGION DE ANTOFAGASTA</SimpleData>
		<SimpleData name="provincia">ANTOFAGASTA</SimpleData>
		<SimpleData name="comuna">SIERRA GORDA</SimpleData>
		<SimpleData name="fuente_bas">CDEC-SING</SimpleData>
		<SimpleData name="fech_crea">2014-12-04</SimpleData>
		<SimpleData name="fech_act">2016-12-15</SimpleData>
	</SchemaData></ExtendedData>
      <Point><coordinates>-69.503325795,-23.433222418</coordinates></Point>
  </Placemark>
  <Placemark id="subestaciones_sing.52">
	<name>SIERRA MIRANDA</name>
	<ExtendedData><SchemaData schemaUrl="#subestaciones_sing">
		<SimpleData name="OBJECTID">52</SimpleData>
		<SimpleData name="gml_id">se_sing_9de4172c_23ff_43c8_9f78_ddd7f7e3cf32.52</SimpleData>
		<SimpleData name="nombre">SIERRA MIRANDA</SimpleData>
		<SimpleData name="propiedad">ENGIE</SimpleData>
		<SimpleData name="tension_kv">110|23</SimpleData>
		<SimpleData name="tipo">S/I</SimpleData>
		<SimpleData name="f_operacio">01-06-2007</SimpleData>
		<SimpleData name="rca">S/I</SimpleData>
		<SimpleData name="sist_elect">SING</SimpleData>
		<SimpleData name="estado">EN OPERACION</SimpleData>
		<SimpleData name="coord_este">385320</SimpleData>
		<SimpleData name="coord_nort">7427752</SimpleData>
		<SimpleData name="huso">19S</SimpleData>
		<SimpleData name="datum">WGS-84</SimpleData>
		<SimpleData name="region">REGION DE ANTOFAGASTA</SimpleData>
		<SimpleData name="provincia">ANTOFAGASTA</SimpleData>
		<SimpleData name="comuna">ANTOFAGASTA</SimpleData>
		<SimpleData name="fuente_bas">CDEC-SING</SimpleData>
		<SimpleData name="fech_crea">2014-12-04</SimpleData>
		<SimpleData name="fech_act">2016-12-15</SimpleData>
	</SchemaData></ExtendedData>
      <Point><coordinates>-70.1211026949999,-23.25550881</coordinates></Point>
  </Placemark>
  <Placemark id="subestaciones_sing.53">
	<name>KAPATUR</name>
	<ExtendedData><SchemaData schemaUrl="#subestaciones_sing">
		<SimpleData name="OBJECTID">53</SimpleData>
		<SimpleData name="gml_id">se_sing_9de4172c_23ff_43c8_9f78_ddd7f7e3cf32.53</SimpleData>
		<SimpleData name="nombre">KAPATUR</SimpleData>
		<SimpleData name="propiedad">STN S.A.</SimpleData>
		<SimpleData name="tension_kv">220|0,4</SimpleData>
		<SimpleData name="tipo">S/I</SimpleData>
		<SimpleData name="f_operacio">02-05-2016</SimpleData>
		<SimpleData name="rca">S/I</SimpleData>
		<SimpleData name="sist_elect">SING</SimpleData>
		<SimpleData name="estado">EN OPERACION</SimpleData>
		<SimpleData name="coord_este">362948</SimpleData>
		<SimpleData name="coord_nort">7439807</SimpleData>
		<SimpleData name="huso">19S</SimpleData>
		<SimpleData name="datum">WGS-84</SimpleData>
		<SimpleData name="region">REGION DE ANTOFAGASTA</SimpleData>
		<SimpleData name="provincia">ANTOFAGASTA</SimpleData>
		<SimpleData name="comuna">MEJILLONES</SimpleData>
		<SimpleData name="fuente_bas">CDEC-SING</SimpleData>
		<SimpleData name="fech_crea">2014-12-04</SimpleData>
		<SimpleData name="fech_act">2016-12-15</SimpleData>
	</SchemaData></ExtendedData>
      <Point><coordinates>-70.338682508,-23.144929895</coordinates></Point>
  </Placemark>
  <Placemark id="subestaciones_sing.54">
	<name>TAP OFF E.B. ALGORTA N 1</name>
	<ExtendedData><SchemaData schemaUrl="#subestaciones_sing">
		<SimpleData name="OBJECTID">54</SimpleData>
		<SimpleData name="gml_id">se_sing_9de4172c_23ff_43c8_9f78_ddd7f7e3cf32.54</SimpleData>
		<SimpleData name="nombre">TAP OFF E.B. ALGORTA N 1</SimpleData>
		<SimpleData name="propiedad">ALGORTA</SimpleData>
		<SimpleData name="tension_kv">33|4,16|0,4</SimpleData>
		<SimpleData name="tipo">TAP OFF</SimpleData>
		<SimpleData name="f_operacio">01-05-2012</SimpleData>
		<SimpleData name="rca">S/I</SimpleData>
		<SimpleData name="sist_elect">SING</SimpleData>
		<SimpleData name="estado">EN OPERACION</SimpleData>
		<SimpleData name="coord_este">364915.34</SimpleData>
		<SimpleData name="coord_nort">7440654.41</SimpleData>
		<SimpleData name="huso">19S</SimpleData>
		<SimpleData name="datum">WGS-84</SimpleData>
		<SimpleData name="region">REGION DE ANTOFAGASTA</SimpleData>
		<SimpleData name="provincia">ANTOFAGASTA</SimpleData>
		<SimpleData name="comuna">MEJILLONES</SimpleData>
		<SimpleData name="fuente_bas">CDEC-SING</SimpleData>
		<SimpleData name="fech_crea">2014-12-04</SimpleData>
		<SimpleData name="fech_act">2016-12-15</SimpleData>
	</SchemaData></ExtendedData>
      <Point><coordinates>-70.319395186,-23.137439059</coordinates></Point>
  </Placemark>
  <Placemark id="subestaciones_sing.55">
	<name>ANTUCOYA</name>
	<ExtendedData><SchemaData schemaUrl="#subestaciones_sing">
		<SimpleData name="OBJECTID">55</SimpleData>
		<SimpleData name="gml_id">se_sing_9de4172c_23ff_43c8_9f78_ddd7f7e3cf32.82</SimpleData>
		<SimpleData name="nombre">ANTUCOYA</SimpleData>
		<SimpleData name="propiedad">MINERA ANTUCOYA</SimpleData>
		<SimpleData name="tension_kv">220|110|23</SimpleData>
		<SimpleData name="tipo">S/I</SimpleData>
		<SimpleData name="f_operacio">23-05-2014</SimpleData>
		<SimpleData name="rca">S/I</SimpleData>
		<SimpleData name="sist_elect">SING</SimpleData>
		<SimpleData name="estado">EN OPERACION</SimpleData>
		<SimpleData name="coord_este">413218</SimpleData>
		<SimpleData name="coord_nort">7498953</SimpleData>
		<SimpleData name="huso">19S</SimpleData>
		<SimpleData name="datum">WGS-84</SimpleData>
		<SimpleData name="region">REGION DE ANTOFAGASTA</SimpleData>
		<SimpleData name="provincia">ANTOFAGASTA</SimpleData>
		<SimpleData name="comuna">MEJILLONES</SimpleData>
		<SimpleData name="fuente_bas">CDEC-SING</SimpleData>
		<SimpleData name="fech_crea">2014-12-04</SimpleData>
		<SimpleData name="fech_act">2016-12-15</SimpleData>
	</SchemaData></ExtendedData>
      <Point><coordinates>-69.8444032319999,-22.6140937919999</coordinates></Point>
  </Placemark>
  <Placemark id="subestaciones_sing.56">
	<name>TAP OFF E.B. ALGORTA N 2</name>
	<ExtendedData><SchemaData schemaUrl="#subestaciones_sing">
		<SimpleData name="OBJECTID">56</SimpleData>
		<SimpleData name="gml_id">se_sing_9de4172c_23ff_43c8_9f78_ddd7f7e3cf32.55</SimpleData>
		<SimpleData name="nombre">TAP OFF E.B. ALGORTA N 2</SimpleData>
		<SimpleData name="propiedad">ALGORTA</SimpleData>
		<SimpleData name="tension_kv">33|4,16|0,4</SimpleData>
		<SimpleData name="tipo">TAP OFF</SimpleData>
		<SimpleData name="f_operacio">01-05-2012</SimpleData>
		<SimpleData name="rca">S/I</SimpleData>
		<SimpleData name="sist_elect">SING</SimpleData>
		<SimpleData name="estado">EN OPERACION</SimpleData>
		<SimpleData name="coord_este">378611.73</SimpleData>
		<SimpleData name="coord_nort">7441535.84</SimpleData>
		<SimpleData name="huso">19S</SimpleData>
		<SimpleData name="datum">WGS-84</SimpleData>
		<SimpleData name="region">REGION DE ANTOFAGASTA</SimpleData>
		<SimpleData name="provincia">ANTOFAGASTA</SimpleData>
		<SimpleData name="comuna">MEJILLONES</SimpleData>
		<SimpleData name="fuente_bas">CDEC-SING</SimpleData>
		<SimpleData name="fech_crea">2014-12-04</SimpleData>
		<SimpleData name="fech_act">2016-12-15</SimpleData>
	</SchemaData></ExtendedData>
      <Point><coordinates>-70.185573576,-23.1305412629999</coordinates></Point>
  </Placemark>
  <Placemark id="subestaciones_sing.57">
	<name>ESTACION DE BOMBEO SIERRA GORDA N 1</name>
	<ExtendedData><SchemaData schemaUrl="#subestaciones_sing">
		<SimpleData name="OBJECTID">57</SimpleData>
		<SimpleData name="gml_id">se_sing_9de4172c_23ff_43c8_9f78_ddd7f7e3cf32.56</SimpleData>
		<SimpleData name="nombre">ESTACION DE BOMBEO SIERRA GORDA N 1</SimpleData>
		<SimpleData name="propiedad">TRANSMISORA BAQUEDANO</SimpleData>
		<SimpleData name="tension_kv">220|110|13,8|6,9</SimpleData>
		<SimpleData name="tipo">S/I</SimpleData>
		<SimpleData name="f_operacio">01-08-2014</SimpleData>
		<SimpleData name="rca">S/I</SimpleData>
		<SimpleData name="sist_elect">SING</SimpleData>
		<SimpleData name="estado">EN OPERACION</SimpleData>
		<SimpleData name="coord_este">356528.67</SimpleData>
		<SimpleData name="coord_nort">7444293.13</SimpleData>
		<SimpleData name="huso">19S</SimpleData>
		<SimpleData name="datum">WGS-84</SimpleData>
		<SimpleData name="region">REGION DE ANTOFAGASTA</SimpleData>
		<SimpleData name="provincia">ANTOFAGASTA</SimpleData>
		<SimpleData name="comuna">MEJILLONES</SimpleData>
		<SimpleData name="fuente_bas">CDEC-SING</SimpleData>
		<SimpleData name="fech_crea">2014-12-04</SimpleData>
		<SimpleData name="fech_act">2016-12-15</SimpleData>
	</SchemaData></ExtendedData>
      <Point><coordinates>-70.400949652,-23.103872543</coordinates></Point>
  </Placemark>
  <Placemark id="subestaciones_sing.58">
	<name>CENTRAL DIESEL ENAEX</name>
	<ExtendedData><SchemaData schemaUrl="#subestaciones_sing">
		<SimpleData name="OBJECTID">58</SimpleData>
		<SimpleData name="gml_id">se_sing_9de4172c_23ff_43c8_9f78_ddd7f7e3cf32.57</SimpleData>
		<SimpleData name="nombre">CENTRAL DIESEL ENAEX</SimpleData>
		<SimpleData name="propiedad">ENAEX</SimpleData>
		<SimpleData name="tension_kv">110|23|4,16|0,4</SimpleData>
		<SimpleData name="tipo">S/I</SimpleData>
		<SimpleData name="f_operacio">01-01-1996</SimpleData>
		<SimpleData name="rca">S/I</SimpleData>
		<SimpleData name="sist_elect">SING</SimpleData>
		<SimpleData name="estado">EN OPERACION</SimpleData>
		<SimpleData name="coord_este">353436</SimpleData>
		<SimpleData name="coord_nort">7445113.74</SimpleData>
		<SimpleData name="huso">19S</SimpleData>
		<SimpleData name="datum">WGS-84</SimpleData>
		<SimpleData name="region">REGION DE ANTOFAGASTA</SimpleData>
		<SimpleData name="provincia">ANTOFAGASTA</SimpleData>
		<SimpleData name="comuna">MEJILLONES</SimpleData>
		<SimpleData name="fuente_bas">CDEC-SING</SimpleData>
		<SimpleData name="fech_crea">2014-12-04</SimpleData>
		<SimpleData name="fech_act">2016-12-15</SimpleData>
	</SchemaData></ExtendedData>
      <Point><coordinates>-70.4310628229999,-23.0961911169999</coordinates></Point>
  </Placemark>
  <Placemark id="subestaciones_sing.59">
	<name>MEJILLONES</name>
	<ExtendedData><SchemaData schemaUrl="#subestaciones_sing">
		<SimpleData name="OBJECTID">59</SimpleData>
		<SimpleData name="gml_id">se_sing_9de4172c_23ff_43c8_9f78_ddd7f7e3cf32.58</SimpleData>
		<SimpleData name="nombre">MEJILLONES</SimpleData>
		<SimpleData name="propiedad">ENGIE</SimpleData>
		<SimpleData name="tension_kv">220|110|23|13,8</SimpleData>
		<SimpleData name="tipo">S/I</SimpleData>
		<SimpleData name="f_operacio">01-06-1987</SimpleData>
		<SimpleData name="rca">S/I</SimpleData>
		<SimpleData name="sist_elect">SING</SimpleData>
		<SimpleData name="estado">EN OPERACION</SimpleData>
		<SimpleData name="coord_este">354732</SimpleData>
		<SimpleData name="coord_nort">7445216</SimpleData>
		<SimpleData name="huso">19S</SimpleData>
		<SimpleData name="datum">WGS-84</SimpleData>
		<SimpleData name="region">REGION DE ANTOFAGASTA</SimpleData>
		<SimpleData name="provincia">ANTOFAGASTA</SimpleData>
		<SimpleData name="comuna">MEJILLONES</SimpleData>
		<SimpleData name="fuente_bas">CDEC-SING</SimpleData>
		<SimpleData name="fech_crea">2014-12-04</SimpleData>
		<SimpleData name="fech_act">2016-12-15</SimpleData>
	</SchemaData></ExtendedData>
      <Point><coordinates>-70.418401886,-23.095381838</coordinates></Point>
  </Placemark>
  <Placemark id="subestaciones_sing.60">
	<name>ATACAMA</name>
	<ExtendedData><SchemaData schemaUrl="#subestaciones_sing">
		<SimpleData name="OBJECTID">60</SimpleData>
		<SimpleData name="gml_id">se_sing_9de4172c_23ff_43c8_9f78_ddd7f7e3cf32.59</SimpleData>
		<SimpleData name="nombre">ATACAMA</SimpleData>
		<SimpleData name="propiedad">TRANSELEC</SimpleData>
		<SimpleData name="tension_kv">220|23</SimpleData>
		<SimpleData name="tipo">S/I</SimpleData>
		<SimpleData name="f_operacio">01-11-1998</SimpleData>
		<SimpleData name="rca">S/I</SimpleData>
		<SimpleData name="sist_elect">SING</SimpleData>
		<SimpleData name="estado">EN OPERACION</SimpleData>
		<SimpleData name="coord_este">354920.67</SimpleData>
		<SimpleData name="coord_nort">7445528.36</SimpleData>
		<SimpleData name="huso">19S</SimpleData>
		<SimpleData name="datum">WGS-84</SimpleData>
		<SimpleData name="region">REGION DE ANTOFAGASTA</SimpleData>
		<SimpleData name="provincia">ANTOFAGASTA</SimpleData>
		<SimpleData name="comuna">MEJILLONES</SimpleData>
		<SimpleData name="fuente_bas">CDEC-SING</SimpleData>
		<SimpleData name="fech_crea">2014-12-04</SimpleData>
		<SimpleData name="fech_act">2016-12-15</SimpleData>
	</SchemaData></ExtendedData>
      <Point><coordinates>-70.416530565,-23.092577589</coordinates></Point>
  </Placemark>
  <Placemark id="subestaciones_sing.61">
	<name>CENTRAL ATACAMA</name>
	<ExtendedData><SchemaData schemaUrl="#subestaciones_sing">
		<SimpleData name="OBJECTID">61</SimpleData>
		<SimpleData name="gml_id">se_sing_9de4172c_23ff_43c8_9f78_ddd7f7e3cf32.60</SimpleData>
		<SimpleData name="nombre">CENTRAL ATACAMA</SimpleData>
		<SimpleData name="propiedad">GASATACAMA</SimpleData>
		<SimpleData name="tension_kv">220|15</SimpleData>
		<SimpleData name="tipo">S/I</SimpleData>
		<SimpleData name="f_operacio">07-05-1999</SimpleData>
		<SimpleData name="rca">S/I</SimpleData>
		<SimpleData name="sist_elect">SING</SimpleData>
		<SimpleData name="estado">EN OPERACION</SimpleData>
		<SimpleData name="coord_este">354839.91</SimpleData>
		<SimpleData name="coord_nort">7445653.89</SimpleData>
		<SimpleData name="huso">19S</SimpleData>
		<SimpleData name="datum">WGS-84</SimpleData>
		<SimpleData name="region">REGION DE ANTOFAGASTA</SimpleData>
		<SimpleData name="provincia">ANTOFAGASTA</SimpleData>
		<SimpleData name="comuna">MEJILLONES</SimpleData>
		<SimpleData name="fuente_bas">CDEC-SING</SimpleData>
		<SimpleData name="fech_crea">2014-12-04</SimpleData>
		<SimpleData name="fech_act">2016-12-15</SimpleData>
	</SchemaData></ExtendedData>
      <Point><coordinates>-70.4173070159999,-23.091436906</coordinates></Point>
  </Placemark>
  <Placemark id="subestaciones_sing.62">
	<name>CHACAYA</name>
	<ExtendedData><SchemaData schemaUrl="#subestaciones_sing">
		<SimpleData name="OBJECTID">62</SimpleData>
		<SimpleData name="gml_id">se_sing_9de4172c_23ff_43c8_9f78_ddd7f7e3cf32.61</SimpleData>
		<SimpleData name="nombre">CHACAYA</SimpleData>
		<SimpleData name="propiedad">ENGIE</SimpleData>
		<SimpleData name="tension_kv">220|110|33|23|15</SimpleData>
		<SimpleData name="tipo">S/I</SimpleData>
		<SimpleData name="f_operacio">01-06-1995</SimpleData>
		<SimpleData name="rca">S/I</SimpleData>
		<SimpleData name="sist_elect">SING</SimpleData>
		<SimpleData name="estado">EN OPERACION</SimpleData>
		<SimpleData name="coord_este">355529</SimpleData>
		<SimpleData name="coord_nort">7445770</SimpleData>
		<SimpleData name="huso">19S</SimpleData>
		<SimpleData name="datum">WGS-84</SimpleData>
		<SimpleData name="region">REGION DE ANTOFAGASTA</SimpleData>
		<SimpleData name="provincia">ANTOFAGASTA</SimpleData>
		<SimpleData name="comuna">MEJILLONES</SimpleData>
		<SimpleData name="fuente_bas">CDEC-SING</SimpleData>
		<SimpleData name="fech_crea">2014-12-04</SimpleData>
		<SimpleData name="fech_act">2016-12-15</SimpleData>
	</SchemaData></ExtendedData>
      <Point><coordinates>-70.410569545,-23.0904486059999</coordinates></Point>
  </Placemark>
  <Placemark id="subestaciones_sing.63">
	<name>CENTRAL MEJILLONES</name>
	<ExtendedData><SchemaData schemaUrl="#subestaciones_sing">
		<SimpleData name="OBJECTID">63</SimpleData>
		<SimpleData name="gml_id">se_sing_9de4172c_23ff_43c8_9f78_ddd7f7e3cf32.62</SimpleData>
		<SimpleData name="nombre">CENTRAL MEJILLONES</SimpleData>
		<SimpleData name="propiedad">ENGIE</SimpleData>
		<SimpleData name="tension_kv">115|15|13,8|11,5|6,9|4,16</SimpleData>
		<SimpleData name="tipo">S/I</SimpleData>
		<SimpleData name="f_operacio">01-01-1995</SimpleData>
		<SimpleData name="rca">S/I</SimpleData>
		<SimpleData name="sist_elect">SING</SimpleData>
		<SimpleData name="estado">EN OPERACION</SimpleData>
		<SimpleData name="coord_este">355313</SimpleData>
		<SimpleData name="coord_nort">7446001</SimpleData>
		<SimpleData name="huso">19S</SimpleData>
		<SimpleData name="datum">WGS-84</SimpleData>
		<SimpleData name="region">REGION DE ANTOFAGASTA</SimpleData>
		<SimpleData name="provincia">ANTOFAGASTA</SimpleData>
		<SimpleData name="comuna">MEJILLONES</SimpleData>
		<SimpleData name="fuente_bas">CDEC-SING</SimpleData>
		<SimpleData name="fech_crea">2014-12-04</SimpleData>
		<SimpleData name="fech_act">2016-12-15</SimpleData>
	</SchemaData></ExtendedData>
      <Point><coordinates>-70.4126562,-23.0883436889999</coordinates></Point>
  </Placemark>
  <Placemark id="subestaciones_sing.64">
	<name>MOLYCOP</name>
	<ExtendedData><SchemaData schemaUrl="#subestaciones_sing">
		<SimpleData name="OBJECTID">64</SimpleData>
		<SimpleData name="gml_id">se_sing_9de4172c_23ff_43c8_9f78_ddd7f7e3cf32.63</SimpleData>
		<SimpleData name="nombre">MOLYCOP</SimpleData>
		<SimpleData name="propiedad">MOLY-COP</SimpleData>
		<SimpleData name="tension_kv">220|13,8</SimpleData>
		<SimpleData name="tipo">S/I</SimpleData>
		<SimpleData name="f_operacio">01-08-2004</SimpleData>
		<SimpleData name="rca">S/I</SimpleData>
		<SimpleData name="sist_elect">SING</SimpleData>
		<SimpleData name="estado">EN OPERACION</SimpleData>
		<SimpleData name="coord_este">356360.14</SimpleData>
		<SimpleData name="coord_nort">7446049.7</SimpleData>
		<SimpleData name="huso">19S</SimpleData>
		<SimpleData name="datum">WGS-84</SimpleData>
		<SimpleData name="region">REGION DE ANTOFAGASTA</SimpleData>
		<SimpleData name="provincia">ANTOFAGASTA</SimpleData>
		<SimpleData name="comuna">MEJILLONES</SimpleData>
		<SimpleData name="fuente_bas">CDEC-SING</SimpleData>
		<SimpleData name="fech_crea">2014-12-04</SimpleData>
		<SimpleData name="fech_act">2016-12-15</SimpleData>
	</SchemaData></ExtendedData>
      <Point><coordinates>-70.4024302249999,-23.0879950149999</coordinates></Point>
  </Placemark>
  <Placemark id="subestaciones_sing.65">
	<name>PLANTA RECUPERADORA DE METALES</name>
	<ExtendedData><SchemaData schemaUrl="#subestaciones_sing">
		<SimpleData name="OBJECTID">65</SimpleData>
		<SimpleData name="gml_id">se_sing_9de4172c_23ff_43c8_9f78_ddd7f7e3cf32.64</SimpleData>
		<SimpleData name="nombre">PLANTA RECUPERADORA DE METALES</SimpleData>
		<SimpleData name="propiedad">S/I</SimpleData>
		<SimpleData name="tension_kv">23|6,6</SimpleData>
		<SimpleData name="tipo">S/I</SimpleData>
		<SimpleData name="f_operacio">S/I</SimpleData>
		<SimpleData name="rca">S/I</SimpleData>
		<SimpleData name="sist_elect">SING</SimpleData>
		<SimpleData name="estado">EN OPERACION</SimpleData>
		<SimpleData name="coord_este">359009.33</SimpleData>
		<SimpleData name="coord_nort">7446442.53</SimpleData>
		<SimpleData name="huso">19S</SimpleData>
		<SimpleData name="datum">WGS-84</SimpleData>
		<SimpleData name="region">REGION DE ANTOFAGASTA</SimpleData>
		<SimpleData name="provincia">ANTOFAGASTA</SimpleData>
		<SimpleData name="comuna">MEJILLONES</SimpleData>
		<SimpleData name="fuente_bas">CDEC-SING</SimpleData>
		<SimpleData name="fech_crea">2014-12-04</SimpleData>
		<SimpleData name="fech_act">2016-12-15</SimpleData>
	</SchemaData></ExtendedData>
      <Point><coordinates>-70.376534502,-23.0846750379999</coordinates></Point>
  </Placemark>
  <Placemark id="subestaciones_sing.66">
	<name>PLANTA MOLYB</name>
	<ExtendedData><SchemaData schemaUrl="#subestaciones_sing">
		<SimpleData name="OBJECTID">66</SimpleData>
		<SimpleData name="gml_id">se_sing_9de4172c_23ff_43c8_9f78_ddd7f7e3cf32.65</SimpleData>
		<SimpleData name="nombre">PLANTA MOLYB</SimpleData>
		<SimpleData name="propiedad">MOLYB</SimpleData>
		<SimpleData name="tension_kv">23</SimpleData>
		<SimpleData name="tipo">S/I</SimpleData>
		<SimpleData name="f_operacio">S/I</SimpleData>
		<SimpleData name="rca">S/I</SimpleData>
		<SimpleData name="sist_elect">SING</SimpleData>
		<SimpleData name="estado">EN OPERACION</SimpleData>
		<SimpleData name="coord_este">359059.18</SimpleData>
		<SimpleData name="coord_nort">7447346.4</SimpleData>
		<SimpleData name="huso">19S</SimpleData>
		<SimpleData name="datum">WGS-84</SimpleData>
		<SimpleData name="region">REGION DE ANTOFAGASTA</SimpleData>
		<SimpleData name="provincia">ANTOFAGASTA</SimpleData>
		<SimpleData name="comuna">MEJILLONES</SimpleData>
		<SimpleData name="fuente_bas">CDEC-SING</SimpleData>
		<SimpleData name="fech_crea">2014-12-04</SimpleData>
		<SimpleData name="fech_act">2016-12-15</SimpleData>
	</SchemaData></ExtendedData>
      <Point><coordinates>-70.375964831,-23.076516666</coordinates></Point>
  </Placemark>
  <Placemark id="subestaciones_sing.67">
	<name>ANGAMOS</name>
	<ExtendedData><SchemaData schemaUrl="#subestaciones_sing">
		<SimpleData name="OBJECTID">67</SimpleData>
		<SimpleData name="gml_id">se_sing_9de4172c_23ff_43c8_9f78_ddd7f7e3cf32.66</SimpleData>
		<SimpleData name="nombre">ANGAMOS</SimpleData>
		<SimpleData name="propiedad">ANGAMOS</SimpleData>
		<SimpleData name="tension_kv">220|13,8</SimpleData>
		<SimpleData name="tipo">S/I</SimpleData>
		<SimpleData name="f_operacio">11-04-2011</SimpleData>
		<SimpleData name="rca">S/I</SimpleData>
		<SimpleData name="sist_elect">SING</SimpleData>
		<SimpleData name="estado">EN OPERACION</SimpleData>
		<SimpleData name="coord_este">359770.25</SimpleData>
		<SimpleData name="coord_nort">7448315.11</SimpleData>
		<SimpleData name="huso">19S</SimpleData>
		<SimpleData name="datum">WGS-84</SimpleData>
		<SimpleData name="region">REGION DE ANTOFAGASTA</SimpleData>
		<SimpleData name="provincia">ANTOFAGASTA</SimpleData>
		<SimpleData name="comuna">MEJILLONES</SimpleData>
		<SimpleData name="fuente_bas">CDEC-SING</SimpleData>
		<SimpleData name="fech_crea">2014-12-04</SimpleData>
		<SimpleData name="fech_act">2016-12-15</SimpleData>
	</SchemaData></ExtendedData>
      <Point><coordinates>-70.368935845,-23.0678287699999</coordinates></Point>
  </Placemark>
  <Placemark id="subestaciones_sing.68">
	<name>COCHRANE</name>
	<ExtendedData><SchemaData schemaUrl="#subestaciones_sing">
		<SimpleData name="OBJECTID">68</SimpleData>
		<SimpleData name="gml_id">se_sing_9de4172c_23ff_43c8_9f78_ddd7f7e3cf32.67</SimpleData>
		<SimpleData name="nombre">COCHRANE</SimpleData>
		<SimpleData name="propiedad">COCHRANE</SimpleData>
		<SimpleData name="tension_kv">220|18|6,9</SimpleData>
		<SimpleData name="tipo">S/I</SimpleData>
		<SimpleData name="f_operacio">09-07-2016</SimpleData>
		<SimpleData name="rca">S/I</SimpleData>
		<SimpleData name="sist_elect">SING</SimpleData>
		<SimpleData name="estado">EN OPERACION</SimpleData>
		<SimpleData name="coord_este">360335.7</SimpleData>
		<SimpleData name="coord_nort">7448542.45</SimpleData>
		<SimpleData name="huso">19S</SimpleData>
		<SimpleData name="datum">WGS-84</SimpleData>
		<SimpleData name="region">REGION DE ANTOFAGASTA</SimpleData>
		<SimpleData name="provincia">ANTOFAGASTA</SimpleData>
		<SimpleData name="comuna">MEJILLONES</SimpleData>
		<SimpleData name="fuente_bas">CDEC-SING</SimpleData>
		<SimpleData name="fech_crea">2014-12-04</SimpleData>
		<SimpleData name="fech_act">2016-12-15</SimpleData>
	</SchemaData></ExtendedData>
      <Point><coordinates>-70.363396388,-23.065823425</coordinates></Point>
  </Placemark>
  <Placemark id="subestaciones_sing.69">
	<name>GNL MEJILLONES</name>
	<ExtendedData><SchemaData schemaUrl="#subestaciones_sing">
		<SimpleData name="OBJECTID">69</SimpleData>
		<SimpleData name="gml_id">se_sing_9de4172c_23ff_43c8_9f78_ddd7f7e3cf32.68</SimpleData>
		<SimpleData name="nombre">GNL MEJILLONES</SimpleData>
		<SimpleData name="propiedad">GNL MEJILLONES</SimpleData>
		<SimpleData name="tension_kv">110|4,16</SimpleData>
		<SimpleData name="tipo">S/I</SimpleData>
		<SimpleData name="f_operacio">04-04-2010</SimpleData>
		<SimpleData name="rca">S/I</SimpleData>
		<SimpleData name="sist_elect">SING</SimpleData>
		<SimpleData name="estado">EN OPERACION</SimpleData>
		<SimpleData name="coord_este">360029.61</SimpleData>
		<SimpleData name="coord_nort">7449120.87</SimpleData>
		<SimpleData name="huso">19S</SimpleData>
		<SimpleData name="datum">WGS-84</SimpleData>
		<SimpleData name="region">REGION DE ANTOFAGASTA</SimpleData>
		<SimpleData name="provincia">ANTOFAGASTA</SimpleData>
		<SimpleData name="comuna">MEJILLONES</SimpleData>
		<SimpleData name="fuente_bas">CDEC-SING</SimpleData>
		<SimpleData name="fech_crea">2014-12-04</SimpleData>
		<SimpleData name="fech_act">2016-12-15</SimpleData>
	</SchemaData></ExtendedData>
      <Point><coordinates>-70.366331021,-23.060574029</coordinates></Point>
  </Placemark>
  <Placemark id="subestaciones_sing.70">
	<name>KELAR</name>
	<ExtendedData><SchemaData schemaUrl="#subestaciones_sing">
		<SimpleData name="OBJECTID">70</SimpleData>
		<SimpleData name="gml_id">se_sing_9de4172c_23ff_43c8_9f78_ddd7f7e3cf32.69</SimpleData>
		<SimpleData name="nombre">KELAR</SimpleData>
		<SimpleData name="propiedad">TAMAKAYA ENERGIA</SimpleData>
		<SimpleData name="tension_kv">220|15|6,6</SimpleData>
		<SimpleData name="tipo">S/I</SimpleData>
		<SimpleData name="f_operacio">08-07-2016</SimpleData>
		<SimpleData name="rca">S/I</SimpleData>
		<SimpleData name="sist_elect">SING</SimpleData>
		<SimpleData name="estado">EN OPERACION</SimpleData>
		<SimpleData name="coord_este">362750</SimpleData>
		<SimpleData name="coord_nort">7452239</SimpleData>
		<SimpleData name="huso">19S</SimpleData>
		<SimpleData name="datum">WGS-84</SimpleData>
		<SimpleData name="region">REGION DE ANTOFAGASTA</SimpleData>
		<SimpleData name="provincia">ANTOFAGASTA</SimpleData>
		<SimpleData name="comuna">MEJILLONES</SimpleData>
		<SimpleData name="fuente_bas">CDEC-SING</SimpleData>
		<SimpleData name="fech_crea">2014-12-04</SimpleData>
		<SimpleData name="fech_act">2016-12-15</SimpleData>
	</SchemaData></ExtendedData>
      <Point><coordinates>-70.339502829,-23.032641766</coordinates></Point>
  </Placemark>
  <Placemark id="subestaciones_sing.71">
	<name>TAP OFF E.C. ALGORTA</name>
	<ExtendedData><SchemaData schemaUrl="#subestaciones_sing">
		<SimpleData name="OBJECTID">71</SimpleData>
		<SimpleData name="gml_id">se_sing_9de4172c_23ff_43c8_9f78_ddd7f7e3cf32.70</SimpleData>
		<SimpleData name="nombre">TAP OFF E.C. ALGORTA</SimpleData>
		<SimpleData name="propiedad">ALGORTA</SimpleData>
		<SimpleData name="tension_kv">33|4,16|0,4</SimpleData>
		<SimpleData name="tipo">TAP OFF</SimpleData>
		<SimpleData name="f_operacio">01-05-2012</SimpleData>
		<SimpleData name="rca">S/I</SimpleData>
		<SimpleData name="sist_elect">SING</SimpleData>
		<SimpleData name="estado">EN OPERACION</SimpleData>
		<SimpleData name="coord_este">362308.4</SimpleData>
		<SimpleData name="coord_nort">7453109.55</SimpleData>
		<SimpleData name="huso">19S</SimpleData>
		<SimpleData name="datum">WGS-84</SimpleData>
		<SimpleData name="region">REGION DE ANTOFAGASTA</SimpleData>
		<SimpleData name="provincia">ANTOFAGASTA</SimpleData>
		<SimpleData name="comuna">MEJILLONES</SimpleData>
		<SimpleData name="fuente_bas">CDEC-SING</SimpleData>
		<SimpleData name="fech_crea">2014-12-04</SimpleData>
		<SimpleData name="fech_act">2016-12-15</SimpleData>
	</SchemaData></ExtendedData>
      <Point><coordinates>-70.343733801,-23.0247433559999</coordinates></Point>
  </Placemark>
  <Placemark id="subestaciones_sing.72">
	<name>ESPERANZA</name>
	<ExtendedData><SchemaData schemaUrl="#subestaciones_sing">
		<SimpleData name="OBJECTID">72</SimpleData>
		<SimpleData name="gml_id">se_sing_9de4172c_23ff_43c8_9f78_ddd7f7e3cf32.71</SimpleData>
		<SimpleData name="nombre">ESPERANZA</SimpleData>
		<SimpleData name="propiedad">MINERA CENTINELA</SimpleData>
		<SimpleData name="tension_kv">220|23</SimpleData>
		<SimpleData name="tipo">S/I</SimpleData>
		<SimpleData name="f_operacio">21-12-2010</SimpleData>
		<SimpleData name="rca">S/I</SimpleData>
		<SimpleData name="sist_elect">SING</SimpleData>
		<SimpleData name="estado">EN OPERACION</SimpleData>
		<SimpleData name="coord_este">489918.07</SimpleData>
		<SimpleData name="coord_nort">7456603.73</SimpleData>
		<SimpleData name="huso">19S</SimpleData>
		<SimpleData name="datum">WGS-84</SimpleData>
		<SimpleData name="region">REGION DE ANTOFAGASTA</SimpleData>
		<SimpleData name="provincia">ANTOFAGASTA</SimpleData>
		<SimpleData name="comuna">SIERRA GORDA</SimpleData>
		<SimpleData name="fuente_bas">CDEC-SING</SimpleData>
		<SimpleData name="fech_crea">2014-12-04</SimpleData>
		<SimpleData name="fech_act">2016-12-15</SimpleData>
	</SchemaData></ExtendedData>
      <Point><coordinates>-69.0983771589999,-22.998853878</coordinates></Point>
  </Placemark>
  <Placemark id="subestaciones_sing.73">
	<name>EL TESORO</name>
	<ExtendedData><SchemaData schemaUrl="#subestaciones_sing">
		<SimpleData name="OBJECTID">73</SimpleData>
		<SimpleData name="gml_id">se_sing_9de4172c_23ff_43c8_9f78_ddd7f7e3cf32.72</SimpleData>
		<SimpleData name="nombre">EL TESORO</SimpleData>
		<SimpleData name="propiedad">MINERA CENTINELA</SimpleData>
		<SimpleData name="tension_kv">220|23</SimpleData>
		<SimpleData name="tipo">S/I</SimpleData>
		<SimpleData name="f_operacio">01-12-2000</SimpleData>
		<SimpleData name="rca">S/I</SimpleData>
		<SimpleData name="sist_elect">SING</SimpleData>
		<SimpleData name="estado">EN OPERACION</SimpleData>
		<SimpleData name="coord_este">489905.33</SimpleData>
		<SimpleData name="coord_nort">7464598.72</SimpleData>
		<SimpleData name="huso">19S</SimpleData>
		<SimpleData name="datum">WGS-84</SimpleData>
		<SimpleData name="region">REGION DE ANTOFAGASTA</SimpleData>
		<SimpleData name="provincia">ANTOFAGASTA</SimpleData>
		<SimpleData name="comuna">SIERRA GORDA</SimpleData>
		<SimpleData name="fuente_bas">CDEC-SING</SimpleData>
		<SimpleData name="fech_crea">2014-12-04</SimpleData>
		<SimpleData name="fech_act">2016-12-15</SimpleData>
	</SchemaData></ExtendedData>
      <Point><coordinates>-69.098449176,-22.926631249</coordinates></Point>
  </Placemark>
  <Placemark id="subestaciones_sing.74">
	<name>SIERRA GORDA</name>
	<ExtendedData><SchemaData schemaUrl="#subestaciones_sing">
		<SimpleData name="OBJECTID">74</SimpleData>
		<SimpleData name="gml_id">se_sing_9de4172c_23ff_43c8_9f78_ddd7f7e3cf32.73</SimpleData>
		<SimpleData name="nombre">SIERRA GORDA</SimpleData>
		<SimpleData name="propiedad">SIERRA GORDA SCM</SimpleData>
		<SimpleData name="tension_kv">220|33</SimpleData>
		<SimpleData name="tipo">S/I</SimpleData>
		<SimpleData name="f_operacio">24-12-2012</SimpleData>
		<SimpleData name="rca">S/I</SimpleData>
		<SimpleData name="sist_elect">SING</SimpleData>
		<SimpleData name="estado">EN OPERACION</SimpleData>
		<SimpleData name="coord_este">463092</SimpleData>
		<SimpleData name="coord_nort">7470152</SimpleData>
		<SimpleData name="huso">19S</SimpleData>
		<SimpleData name="datum">WGS-84</SimpleData>
		<SimpleData name="region">REGION DE ANTOFAGASTA</SimpleData>
		<SimpleData name="provincia">ANTOFAGASTA</SimpleData>
		<SimpleData name="comuna">SIERRA GORDA</SimpleData>
		<SimpleData name="fuente_bas">CDEC-SING</SimpleData>
		<SimpleData name="fech_crea">2014-12-04</SimpleData>
		<SimpleData name="fech_act">2016-12-15</SimpleData>
	</SchemaData></ExtendedData>
      <Point><coordinates>-69.359813701,-22.8760889079999</coordinates></Point>
  </Placemark>
  <Placemark id="subestaciones_sing.75">
	<name>SPENCE</name>
	<ExtendedData><SchemaData schemaUrl="#subestaciones_sing">
		<SimpleData name="OBJECTID">75</SimpleData>
		<SimpleData name="gml_id">se_sing_9de4172c_23ff_43c8_9f78_ddd7f7e3cf32.74</SimpleData>
		<SimpleData name="nombre">SPENCE</SimpleData>
		<SimpleData name="propiedad">MINERA SPENCE</SimpleData>
		<SimpleData name="tension_kv">220|23</SimpleData>
		<SimpleData name="tipo">S/I</SimpleData>
		<SimpleData name="f_operacio">01-01-2005</SimpleData>
		<SimpleData name="rca">S/I</SimpleData>
		<SimpleData name="sist_elect">SING</SimpleData>
		<SimpleData name="estado">EN OPERACION</SimpleData>
		<SimpleData name="coord_este">471129.76</SimpleData>
		<SimpleData name="coord_nort">7478071.21</SimpleData>
		<SimpleData name="huso">19S</SimpleData>
		<SimpleData name="datum">WGS-84</SimpleData>
		<SimpleData name="region">REGION DE ANTOFAGASTA</SimpleData>
		<SimpleData name="provincia">ANTOFAGASTA</SimpleData>
		<SimpleData name="comuna">SIERRA GORDA</SimpleData>
		<SimpleData name="fuente_bas">CDEC-SING</SimpleData>
		<SimpleData name="fech_crea">2014-12-04</SimpleData>
		<SimpleData name="fech_act">2016-12-15</SimpleData>
	</SchemaData></ExtendedData>
      <Point><coordinates>-69.281307794,-22.804708531</coordinates></Point>
  </Placemark>
  <Placemark id="subestaciones_sing.76">
	<name>MUELLE</name>
	<ExtendedData><SchemaData schemaUrl="#subestaciones_sing">
		<SimpleData name="OBJECTID">76</SimpleData>
		<SimpleData name="gml_id">se_sing_9de4172c_23ff_43c8_9f78_ddd7f7e3cf32.75</SimpleData>
		<SimpleData name="nombre">MUELLE</SimpleData>
		<SimpleData name="propiedad">MINERA CENTINELA</SimpleData>
		<SimpleData name="tension_kv">110|23</SimpleData>
		<SimpleData name="tipo">S/I</SimpleData>
		<SimpleData name="f_operacio">21-12-2010</SimpleData>
		<SimpleData name="rca">S/I</SimpleData>
		<SimpleData name="sist_elect">SING</SimpleData>
		<SimpleData name="estado">EN OPERACION</SimpleData>
		<SimpleData name="coord_este">368310.91</SimpleData>
		<SimpleData name="coord_nort">7485884.88</SimpleData>
		<SimpleData name="huso">19S</SimpleData>
		<SimpleData name="datum">WGS-84</SimpleData>
		<SimpleData name="region">REGION DE ANTOFAGASTA</SimpleData>
		<SimpleData name="provincia">ANTOFAGASTA</SimpleData>
		<SimpleData name="comuna">MEJILLONES</SimpleData>
		<SimpleData name="fuente_bas">CDEC-SING</SimpleData>
		<SimpleData name="fech_crea">2014-12-04</SimpleData>
		<SimpleData name="fech_act">2016-12-15</SimpleData>
	</SchemaData></ExtendedData>
      <Point><coordinates>-70.282383828,-22.729225759</coordinates></Point>
  </Placemark>
  <Placemark id="subestaciones_sing.77">
	<name>TAP OFF SAIRECABUR</name>
	<ExtendedData><SchemaData schemaUrl="#subestaciones_sing">
		<SimpleData name="OBJECTID">77</SimpleData>
		<SimpleData name="gml_id">se_sing_9de4172c_23ff_43c8_9f78_ddd7f7e3cf32.76</SimpleData>
		<SimpleData name="nombre">TAP OFF SAIRECABUR</SimpleData>
		<SimpleData name="propiedad">MINERA CENTINELA</SimpleData>
		<SimpleData name="tension_kv">110|3,45</SimpleData>
		<SimpleData name="tipo">TAP OFF</SimpleData>
		<SimpleData name="f_operacio">21-12-2010</SimpleData>
		<SimpleData name="rca">S/I</SimpleData>
		<SimpleData name="sist_elect">SING</SimpleData>
		<SimpleData name="estado">EN OPERACION</SimpleData>
		<SimpleData name="coord_este">370513.82</SimpleData>
		<SimpleData name="coord_nort">7486704.39</SimpleData>
		<SimpleData name="huso">19S</SimpleData>
		<SimpleData name="datum">WGS-84</SimpleData>
		<SimpleData name="region">REGION DE ANTOFAGASTA</SimpleData>
		<SimpleData name="provincia">ANTOFAGASTA</SimpleData>
		<SimpleData name="comuna">MEJILLONES</SimpleData>
		<SimpleData name="fuente_bas">CDEC-SING</SimpleData>
		<SimpleData name="fech_crea">2014-12-04</SimpleData>
		<SimpleData name="fech_act">2016-12-15</SimpleData>
	</SchemaData></ExtendedData>
      <Point><coordinates>-70.260868154,-22.721994949</coordinates></Point>
  </Placemark>
  <Placemark id="subestaciones_sing.78">
	<name>GUAYAQUES</name>
	<ExtendedData><SchemaData schemaUrl="#subestaciones_sing">
		<SimpleData name="OBJECTID">78</SimpleData>
		<SimpleData name="gml_id">se_sing_9de4172c_23ff_43c8_9f78_ddd7f7e3cf32.77</SimpleData>
		<SimpleData name="nombre">GUAYAQUES</SimpleData>
		<SimpleData name="propiedad">MINERA CENTINELA</SimpleData>
		<SimpleData name="tension_kv">110|3,45</SimpleData>
		<SimpleData name="tipo">S/I</SimpleData>
		<SimpleData name="f_operacio">21-12-2010</SimpleData>
		<SimpleData name="rca">S/I</SimpleData>
		<SimpleData name="sist_elect">SING</SimpleData>
		<SimpleData name="estado">EN OPERACION</SimpleData>
		<SimpleData name="coord_este">410774.78</SimpleData>
		<SimpleData name="coord_nort">7488373.71</SimpleData>
		<SimpleData name="huso">19S</SimpleData>
		<SimpleData name="datum">WGS-84</SimpleData>
		<SimpleData name="region">REGION DE ANTOFAGASTA</SimpleData>
		<SimpleData name="provincia">TOCOPILLA</SimpleData>
		<SimpleData name="comuna">MARIA ELENA</SimpleData>
		<SimpleData name="fuente_bas">CDEC-SING</SimpleData>
		<SimpleData name="fech_crea">2014-12-04</SimpleData>
		<SimpleData name="fech_act">2016-12-15</SimpleData>
	</SchemaData></ExtendedData>
      <Point><coordinates>-69.868775472,-22.7095274389999</coordinates></Point>
  </Placemark>
  <Placemark id="subestaciones_sing.79">
	<name>TAP OFF ENLACE</name>
	<ExtendedData><SchemaData schemaUrl="#subestaciones_sing">
		<SimpleData name="OBJECTID">79</SimpleData>
		<SimpleData name="gml_id">se_sing_9de4172c_23ff_43c8_9f78_ddd7f7e3cf32.78</SimpleData>
		<SimpleData name="nombre">TAP OFF ENLACE</SimpleData>
		<SimpleData name="propiedad">MINERA ANTUCOYA</SimpleData>
		<SimpleData name="tension_kv">220</SimpleData>
		<SimpleData name="tipo">TAP OFF</SimpleData>
		<SimpleData name="f_operacio">16-10-2014</SimpleData>
		<SimpleData name="rca">S/I</SimpleData>
		<SimpleData name="sist_elect">SING</SimpleData>
		<SimpleData name="estado">EN OPERACION</SimpleData>
		<SimpleData name="coord_este">410369.07</SimpleData>
		<SimpleData name="coord_nort">7488551.02</SimpleData>
		<SimpleData name="huso">19S</SimpleData>
		<SimpleData name="datum">WGS-84</SimpleData>
		<SimpleData name="region">REGION DE ANTOFAGASTA</SimpleData>
		<SimpleData name="provincia">TOCOPILLA</SimpleData>
		<SimpleData name="comuna">MARIA ELENA</SimpleData>
		<SimpleData name="fuente_bas">CDEC-SING</SimpleData>
		<SimpleData name="fech_crea">2014-12-04</SimpleData>
		<SimpleData name="fech_act">2016-12-15</SimpleData>
	</SchemaData></ExtendedData>
      <Point><coordinates>-69.872715319,-22.7079043429999</coordinates></Point>
  </Placemark>
  <Placemark id="subestaciones_sing.80">
	<name>TAP OFF ENLACE ANTUCOYA</name>
	<ExtendedData><SchemaData schemaUrl="#subestaciones_sing">
		<SimpleData name="OBJECTID">80</SimpleData>
		<SimpleData name="gml_id">se_sing_9de4172c_23ff_43c8_9f78_ddd7f7e3cf32.79</SimpleData>
		<SimpleData name="nombre">TAP OFF ENLACE ANTUCOYA</SimpleData>
		<SimpleData name="propiedad">MINERA ANTUCOYA</SimpleData>
		<SimpleData name="tension_kv">110</SimpleData>
		<SimpleData name="tipo">TAP OFF</SimpleData>
		<SimpleData name="f_operacio">23-05-2014</SimpleData>
		<SimpleData name="rca">S/I</SimpleData>
		<SimpleData name="sist_elect">SING</SimpleData>
		<SimpleData name="estado">EN OPERACION</SimpleData>
		<SimpleData name="coord_este">435685.38</SimpleData>
		<SimpleData name="coord_nort">7489645.96</SimpleData>
		<SimpleData name="huso">19S</SimpleData>
		<SimpleData name="datum">WGS-84</SimpleData>
		<SimpleData name="region">REGION DE ANTOFAGASTA</SimpleData>
		<SimpleData name="provincia">TOCOPILLA</SimpleData>
		<SimpleData name="comuna">MARIA ELENA</SimpleData>
		<SimpleData name="fuente_bas">CDEC-SING</SimpleData>
		<SimpleData name="fech_crea">2014-12-04</SimpleData>
		<SimpleData name="fech_act">2016-12-15</SimpleData>
	</SchemaData></ExtendedData>
      <Point><coordinates>-69.626184936,-22.699168339</coordinates></Point>
  </Placemark>
  <Placemark id="subestaciones_sing.81">
	<name>TAP OFF LICANCABUR</name>
	<ExtendedData><SchemaData schemaUrl="#subestaciones_sing">
		<SimpleData name="OBJECTID">81</SimpleData>
		<SimpleData name="gml_id">se_sing_9de4172c_23ff_43c8_9f78_ddd7f7e3cf32.80</SimpleData>
		<SimpleData name="nombre">TAP OFF LICANCABUR</SimpleData>
		<SimpleData name="propiedad">MINERA CENTINELA</SimpleData>
		<SimpleData name="tension_kv">110|3,45</SimpleData>
		<SimpleData name="tipo">TAP OFF</SimpleData>
		<SimpleData name="f_operacio">21-12-2010</SimpleData>
		<SimpleData name="rca">S/I</SimpleData>
		<SimpleData name="sist_elect">SING</SimpleData>
		<SimpleData name="estado">EN OPERACION</SimpleData>
		<SimpleData name="coord_este">374270.04</SimpleData>
		<SimpleData name="coord_nort">7489745.3</SimpleData>
		<SimpleData name="huso">19S</SimpleData>
		<SimpleData name="datum">WGS-84</SimpleData>
		<SimpleData name="region">REGION DE ANTOFAGASTA</SimpleData>
		<SimpleData name="provincia">ANTOFAGASTA</SimpleData>
		<SimpleData name="comuna">MEJILLONES</SimpleData>
		<SimpleData name="fuente_bas">CDEC-SING</SimpleData>
		<SimpleData name="fech_crea">2014-12-04</SimpleData>
		<SimpleData name="fech_act">2016-12-15</SimpleData>
	</SchemaData></ExtendedData>
      <Point><coordinates>-70.2240543779999,-22.694814575</coordinates></Point>
  </Placemark>
  <Placemark id="subestaciones_sing.82">
	<name>EL LINCE</name>
	<ExtendedData><SchemaData schemaUrl="#subestaciones_sing">
		<SimpleData name="OBJECTID">82</SimpleData>
		<SimpleData name="gml_id">se_sing_9de4172c_23ff_43c8_9f78_ddd7f7e3cf32.81</SimpleData>
		<SimpleData name="nombre">EL LINCE</SimpleData>
		<SimpleData name="propiedad">MINERA MICHILLA</SimpleData>
		<SimpleData name="tension_kv">110|23</SimpleData>
		<SimpleData name="tipo">S/I</SimpleData>
		<SimpleData name="f_operacio">03-09-1991</SimpleData>
		<SimpleData name="rca">S/I</SimpleData>
		<SimpleData name="sist_elect">SING</SimpleData>
		<SimpleData name="estado">EN OPERACION</SimpleData>
		<SimpleData name="coord_este">377800.66</SimpleData>
		<SimpleData name="coord_nort">7491562.78</SimpleData>
		<SimpleData name="huso">19S</SimpleData>
		<SimpleData name="datum">WGS-84</SimpleData>
		<SimpleData name="region">REGION DE ANTOFAGASTA</SimpleData>
		<SimpleData name="provincia">ANTOFAGASTA</SimpleData>
		<SimpleData name="comuna">MEJILLONES</SimpleData>
		<SimpleData name="fuente_bas">CDEC-SING</SimpleData>
		<SimpleData name="fech_crea">2014-12-04</SimpleData>
		<SimpleData name="fech_act">2016-12-15</SimpleData>
	</SchemaData></ExtendedData>
      <Point><coordinates>-70.189545832,-22.678658566</coordinates></Point>
  </Placemark>
  <Placemark id="subestaciones_sing.83">
	<name>SOLAR JAMA</name>
	<ExtendedData><SchemaData schemaUrl="#subestaciones_sing">
		<SimpleData name="OBJECTID">83</SimpleData>
		<SimpleData name="gml_id">se_sing_9de4172c_23ff_43c8_9f78_ddd7f7e3cf32.83</SimpleData>
		<SimpleData name="nombre">SOLAR JAMA</SimpleData>
		<SimpleData name="propiedad">PLANTA SOLAR SAN PEDRO III</SimpleData>
		<SimpleData name="tension_kv">220|23</SimpleData>
		<SimpleData name="tipo">S/I</SimpleData>
		<SimpleData name="f_operacio">14-04-2015</SimpleData>
		<SimpleData name="rca">S/I</SimpleData>
		<SimpleData name="sist_elect">SING</SimpleData>
		<SimpleData name="estado">EN OPERACION</SimpleData>
		<SimpleData name="coord_este">530963.96</SimpleData>
		<SimpleData name="coord_nort">7504202.76</SimpleData>
		<SimpleData name="huso">19S</SimpleData>
		<SimpleData name="datum">WGS-84</SimpleData>
		<SimpleData name="region">REGION DE ANTOFAGASTA</SimpleData>
		<SimpleData name="provincia">EL LOA</SimpleData>
		<SimpleData name="comuna">CALAMA</SimpleData>
		<SimpleData name="fuente_bas">CDEC-SING</SimpleData>
		<SimpleData name="fech_crea">2014-12-04</SimpleData>
		<SimpleData name="fech_act">2016-12-15</SimpleData>
	</SchemaData></ExtendedData>
      <Point><coordinates>-68.698807731,-22.568607256</coordinates></Point>
  </Placemark>
  <Placemark id="subestaciones_sing.84">
	<name>VALLE DE LOS VIENTOS</name>
	<ExtendedData><SchemaData schemaUrl="#subestaciones_sing">
		<SimpleData name="OBJECTID">84</SimpleData>
		<SimpleData name="gml_id">se_sing_9de4172c_23ff_43c8_9f78_ddd7f7e3cf32.84</SimpleData>
		<SimpleData name="nombre">VALLE DE LOS VIENTOS</SimpleData>
		<SimpleData name="propiedad">VALLE DE LOS VIENTOS</SimpleData>
		<SimpleData name="tension_kv">110|23</SimpleData>
		<SimpleData name="tipo">S/I</SimpleData>
		<SimpleData name="f_operacio">21-03-2014</SimpleData>
		<SimpleData name="rca">S/I</SimpleData>
		<SimpleData name="sist_elect">SING</SimpleData>
		<SimpleData name="estado">EN OPERACION</SimpleData>
		<SimpleData name="coord_este">518149.91</SimpleData>
		<SimpleData name="coord_nort">7514030.81</SimpleData>
		<SimpleData name="huso">19S</SimpleData>
		<SimpleData name="datum">WGS-84</SimpleData>
		<SimpleData name="region">REGION DE ANTOFAGASTA</SimpleData>
		<SimpleData name="provincia">EL LOA</SimpleData>
		<SimpleData name="comuna">CALAMA</SimpleData>
		<SimpleData name="fuente_bas">CDEC-SING</SimpleData>
		<SimpleData name="fech_crea">2014-12-04</SimpleData>
		<SimpleData name="fech_act">2016-12-15</SimpleData>
	</SchemaData></ExtendedData>
      <Point><coordinates>-68.823564566,-22.4800064459999</coordinates></Point>
  </Placemark>
  <Placemark id="subestaciones_sing.85">
	<name>CALAMA</name>
	<ExtendedData><SchemaData schemaUrl="#subestaciones_sing">
		<SimpleData name="OBJECTID">85</SimpleData>
		<SimpleData name="gml_id">se_sing_9de4172c_23ff_43c8_9f78_ddd7f7e3cf32.85</SimpleData>
		<SimpleData name="nombre">CALAMA</SimpleData>
		<SimpleData name="propiedad">ELECDA</SimpleData>
		<SimpleData name="tension_kv">220|110|23</SimpleData>
		<SimpleData name="tipo">S/I</SimpleData>
		<SimpleData name="f_operacio">01-06-1985</SimpleData>
		<SimpleData name="rca">S/I</SimpleData>
		<SimpleData name="sist_elect">SING</SimpleData>
		<SimpleData name="estado">EN OPERACION</SimpleData>
		<SimpleData name="coord_este">507839</SimpleData>
		<SimpleData name="coord_nort">7519722</SimpleData>
		<SimpleData name="huso">19S</SimpleData>
		<SimpleData name="datum">WGS-84</SimpleData>
		<SimpleData name="region">REGION DE ANTOFAGASTA</SimpleData>
		<SimpleData name="provincia">EL LOA</SimpleData>
		<SimpleData name="comuna">CALAMA</SimpleData>
		<SimpleData name="fuente_bas">CDEC-SING</SimpleData>
		<SimpleData name="fech_crea">2014-12-04</SimpleData>
		<SimpleData name="fech_act">2016-12-15</SimpleData>
	</SchemaData></ExtendedData>
      <Point><coordinates>-68.923824993,-22.428670444</coordinates></Point>
  </Placemark>
  <Placemark id="subestaciones_sing.86">
	<name>MIRAJE</name>
	<ExtendedData><SchemaData schemaUrl="#subestaciones_sing">
		<SimpleData name="OBJECTID">86</SimpleData>
		<SimpleData name="gml_id">se_sing_9de4172c_23ff_43c8_9f78_ddd7f7e3cf32.86</SimpleData>
		<SimpleData name="nombre">MIRAJE</SimpleData>
		<SimpleData name="propiedad">TRANSELEC</SimpleData>
		<SimpleData name="tension_kv">220</SimpleData>
		<SimpleData name="tipo">S/I</SimpleData>
		<SimpleData name="f_operacio">28-05-2016</SimpleData>
		<SimpleData name="rca">S/I</SimpleData>
		<SimpleData name="sist_elect">SING</SimpleData>
		<SimpleData name="estado">EN OPERACION</SimpleData>
		<SimpleData name="coord_este">445836</SimpleData>
		<SimpleData name="coord_nort">7520558</SimpleData>
		<SimpleData name="huso">19S</SimpleData>
		<SimpleData name="datum">WGS-84</SimpleData>
		<SimpleData name="region">REGION DE ANTOFAGASTA</SimpleData>
		<SimpleData name="provincia">TOCOPILLA</SimpleData>
		<SimpleData name="comuna">MARIA ELENA</SimpleData>
		<SimpleData name="fuente_bas">CDEC-SING</SimpleData>
		<SimpleData name="fech_crea">2014-12-04</SimpleData>
		<SimpleData name="fech_act">2016-12-15</SimpleData>
	</SchemaData></ExtendedData>
      <Point><coordinates>-69.526298579,-22.4202787409999</coordinates></Point>
  </Placemark>
  <Placemark id="subestaciones_sing.87">
	<name>MANTOS DE LA LUNA</name>
	<ExtendedData><SchemaData schemaUrl="#subestaciones_sing">
		<SimpleData name="OBJECTID">87</SimpleData>
		<SimpleData name="gml_id">se_sing_9de4172c_23ff_43c8_9f78_ddd7f7e3cf32.87</SimpleData>
		<SimpleData name="nombre">MANTOS DE LA LUNA</SimpleData>
		<SimpleData name="propiedad">GRACE</SimpleData>
		<SimpleData name="tension_kv">110|23</SimpleData>
		<SimpleData name="tipo">S/I</SimpleData>
		<SimpleData name="f_operacio">01-01-2006</SimpleData>
		<SimpleData name="rca">S/I</SimpleData>
		<SimpleData name="sist_elect">SING</SimpleData>
		<SimpleData name="estado">EN OPERACION</SimpleData>
		<SimpleData name="coord_este">379190.38</SimpleData>
		<SimpleData name="coord_nort">7523744.3</SimpleData>
		<SimpleData name="huso">19S</SimpleData>
		<SimpleData name="datum">WGS-84</SimpleData>
		<SimpleData name="region">REGION DE ANTOFAGASTA</SimpleData>
		<SimpleData name="provincia">TOCOPILLA</SimpleData>
		<SimpleData name="comuna">TOCOPILLA</SimpleData>
		<SimpleData name="fuente_bas">CDEC-SING</SimpleData>
		<SimpleData name="fech_crea">2014-12-04</SimpleData>
		<SimpleData name="fech_act">2016-12-15</SimpleData>
	</SchemaData></ExtendedData>
      <Point><coordinates>-70.1735609259999,-22.388092854</coordinates></Point>
  </Placemark>
  <Placemark id="subestaciones_sing.88">
	<name>EL LOA</name>
	<ExtendedData><SchemaData schemaUrl="#subestaciones_sing">
		<SimpleData name="OBJECTID">88</SimpleData>
		<SimpleData name="gml_id">se_sing_9de4172c_23ff_43c8_9f78_ddd7f7e3cf32.88</SimpleData>
		<SimpleData name="nombre">EL LOA</SimpleData>
		<SimpleData name="propiedad">SQM</SimpleData>
		<SimpleData name="tension_kv">220|23|10</SimpleData>
		<SimpleData name="tipo">S/I</SimpleData>
		<SimpleData name="f_operacio">01-03-2000</SimpleData>
		<SimpleData name="rca">S/I</SimpleData>
		<SimpleData name="sist_elect">SING</SimpleData>
		<SimpleData name="estado">EN OPERACION</SimpleData>
		<SimpleData name="coord_este">434789</SimpleData>
		<SimpleData name="coord_nort">7528195</SimpleData>
		<SimpleData name="huso">19S</SimpleData>
		<SimpleData name="datum">WGS-84</SimpleData>
		<SimpleData name="region">REGION DE ANTOFAGASTA</SimpleData>
		<SimpleData name="provincia">TOCOPILLA</SimpleData>
		<SimpleData name="comuna">MARIA ELENA</SimpleData>
		<SimpleData name="fuente_bas">CDEC-SING</SimpleData>
		<SimpleData name="fech_crea">2014-12-04</SimpleData>
		<SimpleData name="fech_act">2016-12-15</SimpleData>
	</SchemaData></ExtendedData>
      <Point><coordinates>-69.6333226419999,-22.350903967</coordinates></Point>
  </Placemark>
  <Placemark id="subestaciones_sing.89">
	<name>MMH</name>
	<ExtendedData><SchemaData schemaUrl="#subestaciones_sing">
		<SimpleData name="OBJECTID">89</SimpleData>
		<SimpleData name="gml_id">se_sing_9de4172c_23ff_43c8_9f78_ddd7f7e3cf32.89</SimpleData>
		<SimpleData name="nombre">MMH</SimpleData>
		<SimpleData name="propiedad">CODELCO CHILE</SimpleData>
		<SimpleData name="tension_kv">220|23</SimpleData>
		<SimpleData name="tipo">S/I</SimpleData>
		<SimpleData name="f_operacio">01-08-2013</SimpleData>
		<SimpleData name="rca">S/I</SimpleData>
		<SimpleData name="sist_elect">SING</SimpleData>
		<SimpleData name="estado">EN OPERACION</SimpleData>
		<SimpleData name="coord_este">511787</SimpleData>
		<SimpleData name="coord_nort">7528510</SimpleData>
		<SimpleData name="huso">19S</SimpleData>
		<SimpleData name="datum">WGS-84</SimpleData>
		<SimpleData name="region">REGION DE ANTOFAGASTA</SimpleData>
		<SimpleData name="provincia">EL LOA</SimpleData>
		<SimpleData name="comuna">CALAMA</SimpleData>
		<SimpleData name="fuente_bas">CDEC-SING</SimpleData>
		<SimpleData name="fech_crea">2014-12-04</SimpleData>
		<SimpleData name="fech_act">2016-12-15</SimpleData>
	</SchemaData></ExtendedData>
      <Point><coordinates>-68.885525579,-22.349255963</coordinates></Point>
  </Placemark>
  <Placemark id="subestaciones_sing.90">
	<name>SALAR</name>
	<ExtendedData><SchemaData schemaUrl="#subestaciones_sing">
		<SimpleData name="OBJECTID">90</SimpleData>
		<SimpleData name="gml_id">se_sing_9de4172c_23ff_43c8_9f78_ddd7f7e3cf32.90</SimpleData>
		<SimpleData name="nombre">SALAR</SimpleData>
		<SimpleData name="propiedad">CODELCO CHILE</SimpleData>
		<SimpleData name="tension_kv">100|13,8</SimpleData>
		<SimpleData name="tipo">S/I</SimpleData>
		<SimpleData name="f_operacio">10-06-2005</SimpleData>
		<SimpleData name="rca">S/I</SimpleData>
		<SimpleData name="sist_elect">SING</SimpleData>
		<SimpleData name="estado">EN OPERACION</SimpleData>
		<SimpleData name="coord_este">512728</SimpleData>
		<SimpleData name="coord_nort">7529501</SimpleData>
		<SimpleData name="huso">19S</SimpleData>
		<SimpleData name="datum">WGS-84</SimpleData>
		<SimpleData name="region">REGION DE ANTOFAGASTA</SimpleData>
		<SimpleData name="provincia">EL LOA</SimpleData>
		<SimpleData name="comuna">CALAMA</SimpleData>
		<SimpleData name="fuente_bas">CDEC-SING</SimpleData>
		<SimpleData name="fech_crea">2014-12-04</SimpleData>
		<SimpleData name="fech_act">2016-12-15</SimpleData>
	</SchemaData></ExtendedData>
      <Point><coordinates>-68.8763945699999,-22.3402963889999</coordinates></Point>
  </Placemark>
  <Placemark id="subestaciones_sing.91">
	<name>RANDE</name>
	<ExtendedData><SchemaData schemaUrl="#subestaciones_sing">
		<SimpleData name="OBJECTID">91</SimpleData>
		<SimpleData name="gml_id">se_sing_9de4172c_23ff_43c8_9f78_ddd7f7e3cf32.91</SimpleData>
		<SimpleData name="nombre">RANDE</SimpleData>
		<SimpleData name="propiedad">PER</SimpleData>
		<SimpleData name="tension_kv">220|33</SimpleData>
		<SimpleData name="tipo">S/I</SimpleData>
		<SimpleData name="f_operacio">06-01-2016</SimpleData>
		<SimpleData name="rca">S/I</SimpleData>
		<SimpleData name="sist_elect">SING</SimpleData>
		<SimpleData name="estado">EN OPERACION</SimpleData>
		<SimpleData name="coord_este">445762</SimpleData>
		<SimpleData name="coord_nort">7530614</SimpleData>
		<SimpleData name="huso">19S</SimpleData>
		<SimpleData name="datum">WGS-84</SimpleData>
		<SimpleData name="region">REGION DE ANTOFAGASTA</SimpleData>
		<SimpleData name="provincia">TOCOPILLA</SimpleData>
		<SimpleData name="comuna">MARIA ELENA</SimpleData>
		<SimpleData name="fuente_bas">CDEC-SING</SimpleData>
		<SimpleData name="fech_crea">2014-12-04</SimpleData>
		<SimpleData name="fech_act">2016-12-15</SimpleData>
	</SchemaData></ExtendedData>
      <Point><coordinates>-69.5266756889999,-22.329432821</coordinates></Point>
  </Placemark>
  <Placemark id="subestaciones_sing.92">
	<name>KM6</name>
	<ExtendedData><SchemaData schemaUrl="#subestaciones_sing">
		<SimpleData name="OBJECTID">92</SimpleData>
		<SimpleData name="gml_id">se_sing_9de4172c_23ff_43c8_9f78_ddd7f7e3cf32.92</SimpleData>
		<SimpleData name="nombre">KM6</SimpleData>
		<SimpleData name="propiedad">CODELCO CHILE</SimpleData>
		<SimpleData name="tension_kv">100|13,8</SimpleData>
		<SimpleData name="tipo">S/I</SimpleData>
		<SimpleData name="f_operacio">01-10-1983</SimpleData>
		<SimpleData name="rca">S/I</SimpleData>
		<SimpleData name="sist_elect">SING</SimpleData>
		<SimpleData name="estado">EN OPERACION</SimpleData>
		<SimpleData name="coord_este">511970</SimpleData>
		<SimpleData name="coord_nort">7531365</SimpleData>
		<SimpleData name="huso">19S</SimpleData>
		<SimpleData name="datum">WGS-84</SimpleData>
		<SimpleData name="region">REGION DE ANTOFAGASTA</SimpleData>
		<SimpleData name="provincia">EL LOA</SimpleData>
		<SimpleData name="comuna">CALAMA</SimpleData>
		<SimpleData name="fuente_bas">CDEC-SING</SimpleData>
		<SimpleData name="fech_crea">2014-12-04</SimpleData>
		<SimpleData name="fech_act">2016-12-15</SimpleData>
	</SchemaData></ExtendedData>
      <Point><coordinates>-68.883769677,-22.323462123</coordinates></Point>
  </Placemark>
  <Placemark id="subestaciones_sing.93">
	<name>SOPLADORES</name>
	<ExtendedData><SchemaData schemaUrl="#subestaciones_sing">
		<SimpleData name="OBJECTID">93</SimpleData>
		<SimpleData name="gml_id">se_sing_9de4172c_23ff_43c8_9f78_ddd7f7e3cf32.93</SimpleData>
		<SimpleData name="nombre">SOPLADORES</SimpleData>
		<SimpleData name="propiedad">CODELCO CHILE</SimpleData>
		<SimpleData name="tension_kv">100|13,8</SimpleData>
		<SimpleData name="tipo">S/I</SimpleData>
		<SimpleData name="f_operacio">07-07-1993</SimpleData>
		<SimpleData name="rca">S/I</SimpleData>
		<SimpleData name="sist_elect">SING</SimpleData>
		<SimpleData name="estado">EN OPERACION</SimpleData>
		<SimpleData name="coord_este">511787</SimpleData>
		<SimpleData name="coord_nort">7532611</SimpleData>
		<SimpleData name="huso">19S</SimpleData>
		<SimpleData name="datum">WGS-84</SimpleData>
		<SimpleData name="region">REGION DE ANTOFAGASTA</SimpleData>
		<SimpleData name="provincia">EL LOA</SimpleData>
		<SimpleData name="comuna">CALAMA</SimpleData>
		<SimpleData name="fuente_bas">CDEC-SING</SimpleData>
		<SimpleData name="fech_crea">2014-12-04</SimpleData>
		<SimpleData name="fech_act">2016-12-15</SimpleData>
	</SchemaData></ExtendedData>
      <Point><coordinates>-68.885555806,-22.312206777</coordinates></Point>
  </Placemark>
  <Placemark id="subestaciones_sing.94">
	<name>10</name>
	<ExtendedData><SchemaData schemaUrl="#subestaciones_sing">
		<SimpleData name="OBJECTID">94</SimpleData>
		<SimpleData name="gml_id">se_sing_9de4172c_23ff_43c8_9f78_ddd7f7e3cf32.94</SimpleData>
		<SimpleData name="nombre">10</SimpleData>
		<SimpleData name="propiedad">CODELCO CHILE</SimpleData>
		<SimpleData name="tension_kv">100|13,8</SimpleData>
		<SimpleData name="tipo">S/I</SimpleData>
		<SimpleData name="f_operacio">04-07-1952</SimpleData>
		<SimpleData name="rca">S/I</SimpleData>
		<SimpleData name="sist_elect">SING</SimpleData>
		<SimpleData name="estado">EN OPERACION</SimpleData>
		<SimpleData name="coord_este">510914</SimpleData>
		<SimpleData name="coord_nort">7532738</SimpleData>
		<SimpleData name="huso">19S</SimpleData>
		<SimpleData name="datum">WGS-84</SimpleData>
		<SimpleData name="region">REGION DE ANTOFAGASTA</SimpleData>
		<SimpleData name="provincia">EL LOA</SimpleData>
		<SimpleData name="comuna">CALAMA</SimpleData>
		<SimpleData name="fuente_bas">CDEC-SING</SimpleData>
		<SimpleData name="fech_crea">2014-12-04</SimpleData>
		<SimpleData name="fech_act">2016-12-15</SimpleData>
	</SchemaData></ExtendedData>
      <Point><coordinates>-68.8940329289999,-22.3110651919999</coordinates></Point>
  </Placemark>
  <Placemark id="subestaciones_sing.95">
	<name>10A</name>
	<ExtendedData><SchemaData schemaUrl="#subestaciones_sing">
		<SimpleData name="OBJECTID">95</SimpleData>
		<SimpleData name="gml_id">se_sing_9de4172c_23ff_43c8_9f78_ddd7f7e3cf32.95</SimpleData>
		<SimpleData name="nombre">10A</SimpleData>
		<SimpleData name="propiedad">CODELCO CHILE</SimpleData>
		<SimpleData name="tension_kv">100|13,8</SimpleData>
		<SimpleData name="tipo">S/I</SimpleData>
		<SimpleData name="f_operacio">19-09-1981</SimpleData>
		<SimpleData name="rca">S/I</SimpleData>
		<SimpleData name="sist_elect">SING</SimpleData>
		<SimpleData name="estado">EN OPERACION</SimpleData>
		<SimpleData name="coord_este">510736</SimpleData>
		<SimpleData name="coord_nort">7532784</SimpleData>
		<SimpleData name="huso">19S</SimpleData>
		<SimpleData name="datum">WGS-84</SimpleData>
		<SimpleData name="region">REGION DE ANTOFAGASTA</SimpleData>
		<SimpleData name="provincia">EL LOA</SimpleData>
		<SimpleData name="comuna">CALAMA</SimpleData>
		<SimpleData name="fuente_bas">CDEC-SING</SimpleData>
		<SimpleData name="fech_crea">2014-12-04</SimpleData>
		<SimpleData name="fech_act">2016-12-15</SimpleData>
	</SchemaData></ExtendedData>
      <Point><coordinates>-68.895761487,-22.3106507379999</coordinates></Point>
  </Placemark>
  <Placemark id="subestaciones_sing.96">
	<name>A</name>
	<ExtendedData><SchemaData schemaUrl="#subestaciones_sing">
		<SimpleData name="OBJECTID">96</SimpleData>
		<SimpleData name="gml_id">se_sing_9de4172c_23ff_43c8_9f78_ddd7f7e3cf32.96</SimpleData>
		<SimpleData name="nombre">A</SimpleData>
		<SimpleData name="propiedad">CODELCO CHILE</SimpleData>
		<SimpleData name="tension_kv">100|13,8|5</SimpleData>
		<SimpleData name="tipo">S/I</SimpleData>
		<SimpleData name="f_operacio">19-05-1915</SimpleData>
		<SimpleData name="rca">S/I</SimpleData>
		<SimpleData name="sist_elect">SING</SimpleData>
		<SimpleData name="estado">EN OPERACION</SimpleData>
		<SimpleData name="coord_este">508434</SimpleData>
		<SimpleData name="coord_nort">7533277</SimpleData>
		<SimpleData name="huso">19S</SimpleData>
		<SimpleData name="datum">WGS-84</SimpleData>
		<SimpleData name="region">REGION DE ANTOFAGASTA</SimpleData>
		<SimpleData name="provincia">EL LOA</SimpleData>
		<SimpleData name="comuna">CALAMA</SimpleData>
		<SimpleData name="fuente_bas">CDEC-SING</SimpleData>
		<SimpleData name="fech_crea">2014-12-04</SimpleData>
		<SimpleData name="fech_act">2016-12-15</SimpleData>
	</SchemaData></ExtendedData>
      <Point><coordinates>-68.9181147589999,-22.306209693</coordinates></Point>
  </Placemark>
  <Placemark id="subestaciones_sing.97">
	<name>CHUQUICAMATA</name>
	<ExtendedData><SchemaData schemaUrl="#subestaciones_sing">
		<SimpleData name="OBJECTID">97</SimpleData>
		<SimpleData name="gml_id">se_sing_9de4172c_23ff_43c8_9f78_ddd7f7e3cf32.97</SimpleData>
		<SimpleData name="nombre">CHUQUICAMATA</SimpleData>
		<SimpleData name="propiedad">CODELCO CHILE</SimpleData>
		<SimpleData name="tension_kv">220|100|13,8</SimpleData>
		<SimpleData name="tipo">S/I</SimpleData>
		<SimpleData name="f_operacio">31-08-1988</SimpleData>
		<SimpleData name="rca">S/I</SimpleData>
		<SimpleData name="sist_elect">SING</SimpleData>
		<SimpleData name="estado">EN OPERACION</SimpleData>
		<SimpleData name="coord_este">508434</SimpleData>
		<SimpleData name="coord_nort">7533442</SimpleData>
		<SimpleData name="huso">19S</SimpleData>
		<SimpleData name="datum">WGS-84</SimpleData>
		<SimpleData name="region">REGION DE ANTOFAGASTA</SimpleData>
		<SimpleData name="provincia">EL LOA</SimpleData>
		<SimpleData name="comuna">CALAMA</SimpleData>
		<SimpleData name="fuente_bas">CDEC-SING</SimpleData>
		<SimpleData name="fech_crea">2014-12-04</SimpleData>
		<SimpleData name="fech_act">2016-12-15</SimpleData>
	</SchemaData></ExtendedData>
      <Point><coordinates>-68.918115628,-22.3047190459999</coordinates></Point>
  </Placemark>
  <Placemark id="subestaciones_sing.98">
	<name>K1</name>
	<ExtendedData><SchemaData schemaUrl="#subestaciones_sing">
		<SimpleData name="OBJECTID">98</SimpleData>
		<SimpleData name="gml_id">se_sing_9de4172c_23ff_43c8_9f78_ddd7f7e3cf32.98</SimpleData>
		<SimpleData name="nombre">K1</SimpleData>
		<SimpleData name="propiedad">CODELCO CHILE</SimpleData>
		<SimpleData name="tension_kv">100|13,8</SimpleData>
		<SimpleData name="tipo">S/I</SimpleData>
		<SimpleData name="f_operacio">05-03-1982</SimpleData>
		<SimpleData name="rca">S/I</SimpleData>
		<SimpleData name="sist_elect">SING</SimpleData>
		<SimpleData name="estado">EN OPERACION</SimpleData>
		<SimpleData name="coord_este">510851</SimpleData>
		<SimpleData name="coord_nort">7533479</SimpleData>
		<SimpleData name="huso">19S</SimpleData>
		<SimpleData name="datum">WGS-84</SimpleData>
		<SimpleData name="region">REGION DE ANTOFAGASTA</SimpleData>
		<SimpleData name="provincia">EL LOA</SimpleData>
		<SimpleData name="comuna">CALAMA</SimpleData>
		<SimpleData name="fuente_bas">CDEC-SING</SimpleData>
		<SimpleData name="fech_crea">2014-12-04</SimpleData>
		<SimpleData name="fech_act">2016-12-15</SimpleData>
	</SchemaData></ExtendedData>
      <Point><coordinates>-68.894649635,-22.304371239</coordinates></Point>
  </Placemark>
  <Placemark id="subestaciones_sing.99">
	<name>ACL</name>
	<ExtendedData><SchemaData schemaUrl="#subestaciones_sing">
		<SimpleData name="OBJECTID">99</SimpleData>
		<SimpleData name="gml_id">se_sing_9de4172c_23ff_43c8_9f78_ddd7f7e3cf32.99</SimpleData>
		<SimpleData name="nombre">ACL</SimpleData>
		<SimpleData name="propiedad">ECOMETALES</SimpleData>
		<SimpleData name="tension_kv">100|13,8</SimpleData>
		<SimpleData name="tipo">S/I</SimpleData>
		<SimpleData name="f_operacio">04-06-2003</SimpleData>
		<SimpleData name="rca">S/I</SimpleData>
		<SimpleData name="sist_elect">SING</SimpleData>
		<SimpleData name="estado">EN OPERACION</SimpleData>
		<SimpleData name="coord_este">516552</SimpleData>
		<SimpleData name="coord_nort">7533710</SimpleData>
		<SimpleData name="huso">19S</SimpleData>
		<SimpleData name="datum">WGS-84</SimpleData>
		<SimpleData name="region">REGION DE ANTOFAGASTA</SimpleData>
		<SimpleData name="provincia">EL LOA</SimpleData>
		<SimpleData name="comuna">CALAMA</SimpleData>
		<SimpleData name="fuente_bas">CDEC-SING</SimpleData>
		<SimpleData name="fech_crea">2014-12-04</SimpleData>
		<SimpleData name="fech_act">2016-12-15</SimpleData>
	</SchemaData></ExtendedData>
      <Point><coordinates>-68.839302198,-22.3022389569999</coordinates></Point>
  </Placemark>
  <Placemark id="subestaciones_sing.100">
	<name>ENCUENTRO</name>
	<ExtendedData><SchemaData schemaUrl="#subestaciones_sing">
		<SimpleData name="OBJECTID">100</SimpleData>
		<SimpleData name="gml_id">se_sing_9de4172c_23ff_43c8_9f78_ddd7f7e3cf32.100</SimpleData>
		<SimpleData name="nombre">ENCUENTRO</SimpleData>
		<SimpleData name="propiedad">TRANSELEC</SimpleData>
		<SimpleData name="tension_kv">220|23</SimpleData>
		<SimpleData name="tipo">S/I</SimpleData>
		<SimpleData name="f_operacio">01-11-1998</SimpleData>
		<SimpleData name="rca">S/I</SimpleData>
		<SimpleData name="sist_elect">SING</SimpleData>
		<SimpleData name="estado">EN OPERACION</SimpleData>
		<SimpleData name="coord_este">441553.32</SimpleData>
		<SimpleData name="coord_nort">7535733.4</SimpleData>
		<SimpleData name="huso">19S</SimpleData>
		<SimpleData name="datum">WGS-84</SimpleData>
		<SimpleData name="region">REGION DE ANTOFAGASTA</SimpleData>
		<SimpleData name="provincia">TOCOPILLA</SimpleData>
		<SimpleData name="comuna">MARIA ELENA</SimpleData>
		<SimpleData name="fuente_bas">CDEC-SING</SimpleData>
		<SimpleData name="fech_crea">2014-12-04</SimpleData>
		<SimpleData name="fech_act">2016-12-15</SimpleData>
	</SchemaData></ExtendedData>
      <Point><coordinates>-69.567355571,-22.283047331</coordinates></Point>
  </Placemark>
  <Placemark id="subestaciones_sing.101">
	<name>TAP OFF EL LOA</name>
	<ExtendedData><SchemaData schemaUrl="#subestaciones_sing">
		<SimpleData name="OBJECTID">101</SimpleData>
		<SimpleData name="gml_id">se_sing_9de4172c_23ff_43c8_9f78_ddd7f7e3cf32.101</SimpleData>
		<SimpleData name="nombre">TAP OFF EL LOA</SimpleData>
		<SimpleData name="propiedad">ENGIE</SimpleData>
		<SimpleData name="tension_kv">220|110|23</SimpleData>
		<SimpleData name="tipo">TAP OFF</SimpleData>
		<SimpleData name="f_operacio">01-06-2000</SimpleData>
		<SimpleData name="rca">S/I</SimpleData>
		<SimpleData name="sist_elect">SING</SimpleData>
		<SimpleData name="estado">EN OPERACION</SimpleData>
		<SimpleData name="coord_este">432352.72</SimpleData>
		<SimpleData name="coord_nort">7535951.75</SimpleData>
		<SimpleData name="huso">19S</SimpleData>
		<SimpleData name="datum">WGS-84</SimpleData>
		<SimpleData name="region">REGION DE ANTOFAGASTA</SimpleData>
		<SimpleData name="provincia">TOCOPILLA</SimpleData>
		<SimpleData name="comuna">MARIA ELENA</SimpleData>
		<SimpleData name="fuente_bas">CDEC-SING</SimpleData>
		<SimpleData name="fech_crea">2014-12-04</SimpleData>
		<SimpleData name="fech_act">2016-12-15</SimpleData>
	</SchemaData></ExtendedData>
      <Point><coordinates>-69.656654547,-22.28073818</coordinates></Point>
  </Placemark>
  <Placemark id="subestaciones_sing.102">
	<name>TAP OFF LA CRUZ</name>
	<ExtendedData><SchemaData schemaUrl="#subestaciones_sing">
		<SimpleData name="OBJECTID">102</SimpleData>
		<SimpleData name="gml_id">se_sing_9de4172c_23ff_43c8_9f78_ddd7f7e3cf32.102</SimpleData>
		<SimpleData name="nombre">TAP OFF LA CRUZ</SimpleData>
		<SimpleData name="propiedad">AES GENER</SimpleData>
		<SimpleData name="tension_kv">220|66|23</SimpleData>
		<SimpleData name="tipo">TAP OFF</SimpleData>
		<SimpleData name="f_operacio">01-01-1997</SimpleData>
		<SimpleData name="rca">S/I</SimpleData>
		<SimpleData name="sist_elect">SING</SimpleData>
		<SimpleData name="estado">EN OPERACION</SimpleData>
		<SimpleData name="coord_este">432078.1</SimpleData>
		<SimpleData name="coord_nort">7536157.14</SimpleData>
		<SimpleData name="huso">19S</SimpleData>
		<SimpleData name="datum">WGS-84</SimpleData>
		<SimpleData name="region">REGION DE ANTOFAGASTA</SimpleData>
		<SimpleData name="provincia">TOCOPILLA</SimpleData>
		<SimpleData name="comuna">MARIA ELENA</SimpleData>
		<SimpleData name="fuente_bas">CDEC-SING</SimpleData>
		<SimpleData name="fech_crea">2014-12-04</SimpleData>
		<SimpleData name="fech_act">2016-12-15</SimpleData>
	</SchemaData></ExtendedData>
      <Point><coordinates>-69.65931146,-22.2788719549999</coordinates></Point>
  </Placemark>
  <Placemark id="subestaciones_sing.103">
	<name>CRUCERO</name>
	<ExtendedData><SchemaData schemaUrl="#subestaciones_sing">
		<SimpleData name="OBJECTID">103</SimpleData>
		<SimpleData name="gml_id">se_sing_9de4172c_23ff_43c8_9f78_ddd7f7e3cf32.103</SimpleData>
		<SimpleData name="nombre">CRUCERO</SimpleData>
		<SimpleData name="propiedad">ENGIE</SimpleData>
		<SimpleData name="tension_kv">220|23</SimpleData>
		<SimpleData name="tipo">S/I</SimpleData>
		<SimpleData name="f_operacio">01-06-1987</SimpleData>
		<SimpleData name="rca">S/I</SimpleData>
		<SimpleData name="sist_elect">SING</SimpleData>
		<SimpleData name="estado">EN OPERACION</SimpleData>
		<SimpleData name="coord_este">441527</SimpleData>
		<SimpleData name="coord_nort">7536404</SimpleData>
		<SimpleData name="huso">19S</SimpleData>
		<SimpleData name="datum">WGS-84</SimpleData>
		<SimpleData name="region">REGION DE ANTOFAGASTA</SimpleData>
		<SimpleData name="provincia">TOCOPILLA</SimpleData>
		<SimpleData name="comuna">MARIA ELENA</SimpleData>
		<SimpleData name="fuente_bas">CDEC-SING</SimpleData>
		<SimpleData name="fech_crea">2014-12-04</SimpleData>
		<SimpleData name="fech_act">2016-12-15</SimpleData>
	</SchemaData></ExtendedData>
      <Point><coordinates>-69.567586607,-22.276988364</coordinates></Point>
  </Placemark>
  <Placemark id="subestaciones_sing.104">
	<name>CHAMY</name>
	<ExtendedData><SchemaData schemaUrl="#subestaciones_sing">
		<SimpleData name="OBJECTID">104</SimpleData>
		<SimpleData name="gml_id">se_sing_9de4172c_23ff_43c8_9f78_ddd7f7e3cf32.104</SimpleData>
		<SimpleData name="nombre">CHAMY</SimpleData>
		<SimpleData name="propiedad">CODELCO CHILE</SimpleData>
		<SimpleData name="tension_kv">100|23|13,8</SimpleData>
		<SimpleData name="tipo">S/I</SimpleData>
		<SimpleData name="f_operacio">15-07-2003</SimpleData>
		<SimpleData name="rca">S/I</SimpleData>
		<SimpleData name="sist_elect">SING</SimpleData>
		<SimpleData name="estado">EN OPERACION</SimpleData>
		<SimpleData name="coord_este">510868</SimpleData>
		<SimpleData name="coord_nort">7538837</SimpleData>
		<SimpleData name="huso">19S</SimpleData>
		<SimpleData name="datum">WGS-84</SimpleData>
		<SimpleData name="region">REGION DE ANTOFAGASTA</SimpleData>
		<SimpleData name="provincia">EL LOA</SimpleData>
		<SimpleData name="comuna">CALAMA</SimpleData>
		<SimpleData name="fuente_bas">CDEC-SING</SimpleData>
		<SimpleData name="fech_crea">2014-12-04</SimpleData>
		<SimpleData name="fech_act">2016-12-15</SimpleData>
	</SchemaData></ExtendedData>
      <Point><coordinates>-68.8945208929999,-22.2559656609999</coordinates></Point>
  </Placemark>
  <Placemark id="subestaciones_sing.105">
	<name>SE021-A</name>
	<ExtendedData><SchemaData schemaUrl="#subestaciones_sing">
		<SimpleData name="OBJECTID">105</SimpleData>
		<SimpleData name="gml_id">se_sing_9de4172c_23ff_43c8_9f78_ddd7f7e3cf32.105</SimpleData>
		<SimpleData name="nombre">SE021-A</SimpleData>
		<SimpleData name="propiedad">SQM</SimpleData>
		<SimpleData name="tension_kv">66|4,16</SimpleData>
		<SimpleData name="tipo">S/I</SimpleData>
		<SimpleData name="f_operacio">01-03-2007</SimpleData>
		<SimpleData name="rca">S/I</SimpleData>
		<SimpleData name="sist_elect">SING</SimpleData>
		<SimpleData name="estado">EN OPERACION</SimpleData>
		<SimpleData name="coord_este">432794.55</SimpleData>
		<SimpleData name="coord_nort">7542914.13</SimpleData>
		<SimpleData name="huso">19S</SimpleData>
		<SimpleData name="datum">WGS-84</SimpleData>
		<SimpleData name="region">REGION DE ANTOFAGASTA</SimpleData>
		<SimpleData name="provincia">TOCOPILLA</SimpleData>
		<SimpleData name="comuna">MARIA ELENA</SimpleData>
		<SimpleData name="fuente_bas">CDEC-SING</SimpleData>
		<SimpleData name="fech_crea">2014-12-04</SimpleData>
		<SimpleData name="fech_act">2016-12-15</SimpleData>
	</SchemaData></ExtendedData>
      <Point><coordinates>-69.652074668,-22.217859388</coordinates></Point>
  </Placemark>
  <Placemark id="subestaciones_sing.106">
	<name>MAR├ìA ELENA</name>
	<ExtendedData><SchemaData schemaUrl="#subestaciones_sing">
		<SimpleData name="OBJECTID">106</SimpleData>
		<SimpleData name="gml_id">se_sing_9de4172c_23ff_43c8_9f78_ddd7f7e3cf32.106</SimpleData>
		<SimpleData name="nombre">MAR├ìA ELENA</SimpleData>
		<SimpleData name="propiedad">GENERACION SOLAR SPA</SimpleData>
		<SimpleData name="tension_kv">220|22</SimpleData>
		<SimpleData name="tipo">S/I</SimpleData>
		<SimpleData name="f_operacio">21-01-2015</SimpleData>
		<SimpleData name="rca">S/I</SimpleData>
		<SimpleData name="sist_elect">SING</SimpleData>
		<SimpleData name="estado">EN OPERACION</SimpleData>
		<SimpleData name="coord_este">440391</SimpleData>
		<SimpleData name="coord_nort">7543344</SimpleData>
		<SimpleData name="huso">19S</SimpleData>
		<SimpleData name="datum">WGS-84</SimpleData>
		<SimpleData name="region">REGION DE ANTOFAGASTA</SimpleData>
		<SimpleData name="provincia">TOCOPILLA</SimpleData>
		<SimpleData name="comuna">MARIA ELENA</SimpleData>
		<SimpleData name="fuente_bas">CDEC-SING</SimpleData>
		<SimpleData name="fech_crea">2014-12-04</SimpleData>
		<SimpleData name="fech_act">2016-12-15</SimpleData>
	</SchemaData></ExtendedData>
      <Point><coordinates>-69.578355691,-22.214254645</coordinates></Point>
  </Placemark>
  <Placemark id="subestaciones_sing.107">
	<name>RADOMIRO TOMIC</name>
	<ExtendedData><SchemaData schemaUrl="#subestaciones_sing">
		<SimpleData name="OBJECTID">107</SimpleData>
		<SimpleData name="gml_id">se_sing_9de4172c_23ff_43c8_9f78_ddd7f7e3cf32.107</SimpleData>
		<SimpleData name="nombre">RADOMIRO TOMIC</SimpleData>
		<SimpleData name="propiedad">CODELCO CHILE</SimpleData>
		<SimpleData name="tension_kv">220|23</SimpleData>
		<SimpleData name="tipo">S/I</SimpleData>
		<SimpleData name="f_operacio">15-05-1997</SimpleData>
		<SimpleData name="rca">S/I</SimpleData>
		<SimpleData name="sist_elect">SING</SimpleData>
		<SimpleData name="estado">EN OPERACION</SimpleData>
		<SimpleData name="coord_este">513363</SimpleData>
		<SimpleData name="coord_nort">7545447</SimpleData>
		<SimpleData name="huso">19S</SimpleData>
		<SimpleData name="datum">WGS-84</SimpleData>
		<SimpleData name="region">REGION DE ANTOFAGASTA</SimpleData>
		<SimpleData name="provincia">EL LOA</SimpleData>
		<SimpleData name="comuna">CALAMA</SimpleData>
		<SimpleData name="fuente_bas">CDEC-SING</SimpleData>
		<SimpleData name="fech_crea">2014-12-04</SimpleData>
		<SimpleData name="fech_act">2016-12-15</SimpleData>
	</SchemaData></ExtendedData>
      <Point><coordinates>-68.870360682,-22.1962314529999</coordinates></Point>
  </Placemark>
  <Placemark id="subestaciones_sing.108">
	<name>TAP OFF BARRILES</name>
	<ExtendedData><SchemaData schemaUrl="#subestaciones_sing">
		<SimpleData name="OBJECTID">108</SimpleData>
		<SimpleData name="gml_id">se_sing_9de4172c_23ff_43c8_9f78_ddd7f7e3cf32.108</SimpleData>
		<SimpleData name="nombre">TAP OFF BARRILES</SimpleData>
		<SimpleData name="propiedad">GRACE</SimpleData>
		<SimpleData name="tension_kv">220|110|13,2</SimpleData>
		<SimpleData name="tipo">TAP OFF</SimpleData>
		<SimpleData name="f_operacio">01-01-2006</SimpleData>
		<SimpleData name="rca">S/I</SimpleData>
		<SimpleData name="sist_elect">SING</SimpleData>
		<SimpleData name="estado">EN OPERACION</SimpleData>
		<SimpleData name="coord_este">389931.14</SimpleData>
		<SimpleData name="coord_nort">7548547.58</SimpleData>
		<SimpleData name="huso">19S</SimpleData>
		<SimpleData name="datum">WGS-84</SimpleData>
		<SimpleData name="region">REGION DE ANTOFAGASTA</SimpleData>
		<SimpleData name="provincia">TOCOPILLA</SimpleData>
		<SimpleData name="comuna">TOCOPILLA</SimpleData>
		<SimpleData name="fuente_bas">CDEC-SING</SimpleData>
		<SimpleData name="fech_crea">2014-12-04</SimpleData>
		<SimpleData name="fech_act">2016-12-15</SimpleData>
	</SchemaData></ExtendedData>
      <Point><coordinates>-70.067536559,-22.1647759959999</coordinates></Point>
  </Placemark>
  <Placemark id="subestaciones_sing.109">
	<name>CENTRAL DIESEL TAMAYA</name>
	<ExtendedData><SchemaData schemaUrl="#subestaciones_sing">
		<SimpleData name="OBJECTID">109</SimpleData>
		<SimpleData name="gml_id">se_sing_9de4172c_23ff_43c8_9f78_ddd7f7e3cf32.109</SimpleData>
		<SimpleData name="nombre">CENTRAL DIESEL TAMAYA</SimpleData>
		<SimpleData name="propiedad">ENGIE</SimpleData>
		<SimpleData name="tension_kv">110|23|11</SimpleData>
		<SimpleData name="tipo">S/I</SimpleData>
		<SimpleData name="f_operacio">30-12-2008</SimpleData>
		<SimpleData name="rca">S/I</SimpleData>
		<SimpleData name="sist_elect">SING</SimpleData>
		<SimpleData name="estado">EN OPERACION</SimpleData>
		<SimpleData name="coord_este">387665.16</SimpleData>
		<SimpleData name="coord_nort">7548592.12</SimpleData>
		<SimpleData name="huso">19S</SimpleData>
		<SimpleData name="datum">WGS-84</SimpleData>
		<SimpleData name="region">REGION DE ANTOFAGASTA</SimpleData>
		<SimpleData name="provincia">TOCOPILLA</SimpleData>
		<SimpleData name="comuna">TOCOPILLA</SimpleData>
		<SimpleData name="fuente_bas">CDEC-SING</SimpleData>
		<SimpleData name="fech_crea">2014-12-04</SimpleData>
		<SimpleData name="fech_act">2016-12-15</SimpleData>
	</SchemaData></ExtendedData>
      <Point><coordinates>-70.089507753,-22.164228303</coordinates></Point>
  </Placemark>
  <Placemark id="subestaciones_sing.110">
	<name>CENTRAL TOCOPILLA</name>
	<ExtendedData><SchemaData schemaUrl="#subestaciones_sing">
		<SimpleData name="OBJECTID">110</SimpleData>
		<SimpleData name="gml_id">se_sing_9de4172c_23ff_43c8_9f78_ddd7f7e3cf32.110</SimpleData>
		<SimpleData name="nombre">CENTRAL TOCOPILLA</SimpleData>
		<SimpleData name="propiedad">ENGIE</SimpleData>
		<SimpleData name="tension_kv">220|110|21|13,8|13,2|11,5|5</SimpleData>
		<SimpleData name="tipo">S/I</SimpleData>
		<SimpleData name="f_operacio">01-06-1970</SimpleData>
		<SimpleData name="rca">S/I</SimpleData>
		<SimpleData name="sist_elect">SING</SimpleData>
		<SimpleData name="estado">EN OPERACION</SimpleData>
		<SimpleData name="coord_este">374883.69</SimpleData>
		<SimpleData name="coord_nort">7555757.62</SimpleData>
		<SimpleData name="huso">19S</SimpleData>
		<SimpleData name="datum">WGS-84</SimpleData>
		<SimpleData name="region">REGION DE ANTOFAGASTA</SimpleData>
		<SimpleData name="provincia">TOCOPILLA</SimpleData>
		<SimpleData name="comuna">TOCOPILLA</SimpleData>
		<SimpleData name="fuente_bas">CDEC-SING</SimpleData>
		<SimpleData name="fech_crea">2014-12-04</SimpleData>
		<SimpleData name="fech_act">2016-12-15</SimpleData>
	</SchemaData></ExtendedData>
      <Point><coordinates>-70.212897675,-22.098631299</coordinates></Point>
  </Placemark>
  <Placemark id="subestaciones_sing.111">
	<name>TOCOPILLA</name>
	<ExtendedData><SchemaData schemaUrl="#subestaciones_sing">
		<SimpleData name="OBJECTID">111</SimpleData>
		<SimpleData name="gml_id">se_sing_9de4172c_23ff_43c8_9f78_ddd7f7e3cf32.111</SimpleData>
		<SimpleData name="nombre">TOCOPILLA</SimpleData>
		<SimpleData name="propiedad">ELECDA</SimpleData>
		<SimpleData name="tension_kv">23|5</SimpleData>
		<SimpleData name="tipo">S/I</SimpleData>
		<SimpleData name="f_operacio">01-01-1982</SimpleData>
		<SimpleData name="rca">S/I</SimpleData>
		<SimpleData name="sist_elect">SING</SimpleData>
		<SimpleData name="estado">EN OPERACION</SimpleData>
		<SimpleData name="coord_este">375056</SimpleData>
		<SimpleData name="coord_nort">7555876</SimpleData>
		<SimpleData name="huso">19S</SimpleData>
		<SimpleData name="datum">WGS-84</SimpleData>
		<SimpleData name="region">REGION DE ANTOFAGASTA</SimpleData>
		<SimpleData name="provincia">TOCOPILLA</SimpleData>
		<SimpleData name="comuna">TOCOPILLA</SimpleData>
		<SimpleData name="fuente_bas">CDEC-SING</SimpleData>
		<SimpleData name="fech_crea">2014-12-04</SimpleData>
		<SimpleData name="fech_act">2016-12-15</SimpleData>
	</SchemaData></ExtendedData>
      <Point><coordinates>-70.2112184329999,-22.097574428</coordinates></Point>
  </Placemark>
  <Placemark id="subestaciones_sing.112">
	<name>NORGENER</name>
	<ExtendedData><SchemaData schemaUrl="#subestaciones_sing">
		<SimpleData name="OBJECTID">112</SimpleData>
		<SimpleData name="gml_id">se_sing_9de4172c_23ff_43c8_9f78_ddd7f7e3cf32.112</SimpleData>
		<SimpleData name="nombre">NORGENER</SimpleData>
		<SimpleData name="propiedad">AES GENER</SimpleData>
		<SimpleData name="tension_kv">220|13,8|5</SimpleData>
		<SimpleData name="tipo">S/I</SimpleData>
		<SimpleData name="f_operacio">01-01-1997</SimpleData>
		<SimpleData name="rca">S/I</SimpleData>
		<SimpleData name="sist_elect">SING</SimpleData>
		<SimpleData name="estado">EN OPERACION</SimpleData>
		<SimpleData name="coord_este">375085.91</SimpleData>
		<SimpleData name="coord_nort">7555949.03</SimpleData>
		<SimpleData name="huso">19S</SimpleData>
		<SimpleData name="datum">WGS-84</SimpleData>
		<SimpleData name="region">REGION DE ANTOFAGASTA</SimpleData>
		<SimpleData name="provincia">TOCOPILLA</SimpleData>
		<SimpleData name="comuna">TOCOPILLA</SimpleData>
		<SimpleData name="fuente_bas">CDEC-SING</SimpleData>
		<SimpleData name="fech_crea">2014-12-04</SimpleData>
		<SimpleData name="fech_act">2016-12-15</SimpleData>
	</SchemaData></ExtendedData>
      <Point><coordinates>-70.210922904,-22.0969169379999</coordinates></Point>
  </Placemark>
  <Placemark id="subestaciones_sing.113">
	<name>EL ABRA</name>
	<ExtendedData><SchemaData schemaUrl="#subestaciones_sing">
		<SimpleData name="OBJECTID">113</SimpleData>
		<SimpleData name="gml_id">se_sing_9de4172c_23ff_43c8_9f78_ddd7f7e3cf32.113</SimpleData>
		<SimpleData name="nombre">EL ABRA</SimpleData>
		<SimpleData name="propiedad">MINERA EL ABRA</SimpleData>
		<SimpleData name="tension_kv">220|23</SimpleData>
		<SimpleData name="tipo">S/I</SimpleData>
		<SimpleData name="f_operacio">01-01-1996</SimpleData>
		<SimpleData name="rca">S/I</SimpleData>
		<SimpleData name="sist_elect">SING</SimpleData>
		<SimpleData name="estado">EN OPERACION</SimpleData>
		<SimpleData name="coord_este">531635.23</SimpleData>
		<SimpleData name="coord_nort">7569181.07</SimpleData>
		<SimpleData name="huso">19S</SimpleData>
		<SimpleData name="datum">WGS-84</SimpleData>
		<SimpleData name="region">REGION DE ANTOFAGASTA</SimpleData>
		<SimpleData name="provincia">EL LOA</SimpleData>
		<SimpleData name="comuna">CALAMA</SimpleData>
		<SimpleData name="fuente_bas">CDEC-SING</SimpleData>
		<SimpleData name="fech_crea">2014-12-04</SimpleData>
		<SimpleData name="fech_act">2016-12-15</SimpleData>
	</SchemaData></ExtendedData>
      <Point><coordinates>-68.693559611,-21.981572227</coordinates></Point>
  </Placemark>
  <Placemark id="subestaciones_sing.114">
	<name>PEQ</name>
	<ExtendedData><SchemaData schemaUrl="#subestaciones_sing">
		<SimpleData name="OBJECTID">114</SimpleData>
		<SimpleData name="gml_id">se_sing_9de4172c_23ff_43c8_9f78_ddd7f7e3cf32.114</SimpleData>
		<SimpleData name="nombre">PEQ</SimpleData>
		<SimpleData name="propiedad">PARQUE QUILLAGUA</SimpleData>
		<SimpleData name="tension_kv">220|23</SimpleData>
		<SimpleData name="tipo">S/I</SimpleData>
		<SimpleData name="f_operacio">S/I</SimpleData>
		<SimpleData name="rca">S/I</SimpleData>
		<SimpleData name="sist_elect">SING</SimpleData>
		<SimpleData name="estado">EN OPERACION</SimpleData>
		<SimpleData name="coord_este">448863.72</SimpleData>
		<SimpleData name="coord_nort">7604871.03</SimpleData>
		<SimpleData name="huso">19S</SimpleData>
		<SimpleData name="datum">WGS-84</SimpleData>
		<SimpleData name="region">REGION DE ANTOFAGASTA</SimpleData>
		<SimpleData name="provincia">TOCOPILLA</SimpleData>
		<SimpleData name="comuna">MARIA ELENA</SimpleData>
		<SimpleData name="fuente_bas">CDEC-SING</SimpleData>
		<SimpleData name="fech_crea">2014-12-04</SimpleData>
		<SimpleData name="fech_act">2016-12-15</SimpleData>
	</SchemaData></ExtendedData>
      <Point><coordinates>-69.49422807,-21.6586724859999</coordinates></Point>
  </Placemark>
  <Placemark id="subestaciones_sing.115">
	<name>TAP OFF QUILLAGUA</name>
	<ExtendedData><SchemaData schemaUrl="#subestaciones_sing">
		<SimpleData name="OBJECTID">115</SimpleData>
		<SimpleData name="gml_id">se_sing_9de4172c_23ff_43c8_9f78_ddd7f7e3cf32.115</SimpleData>
		<SimpleData name="nombre">TAP OFF QUILLAGUA</SimpleData>
		<SimpleData name="propiedad">PARQUE QUILLAGUA</SimpleData>
		<SimpleData name="tension_kv">220</SimpleData>
		<SimpleData name="tipo">TAP OFF</SimpleData>
		<SimpleData name="f_operacio">S/I</SimpleData>
		<SimpleData name="rca">S/I</SimpleData>
		<SimpleData name="sist_elect">SING</SimpleData>
		<SimpleData name="estado">EN OPERACION</SimpleData>
		<SimpleData name="coord_este">443729.15</SimpleData>
		<SimpleData name="coord_nort">7604907.88</SimpleData>
		<SimpleData name="huso">19S</SimpleData>
		<SimpleData name="datum">WGS-84</SimpleData>
		<SimpleData name="region">REGION DE ANTOFAGASTA</SimpleData>
		<SimpleData name="provincia">TOCOPILLA</SimpleData>
		<SimpleData name="comuna">MARIA ELENA</SimpleData>
		<SimpleData name="fuente_bas">CDEC-SING</SimpleData>
		<SimpleData name="fech_crea">2014-12-04</SimpleData>
		<SimpleData name="fech_act">2016-12-15</SimpleData>
	</SchemaData></ExtendedData>
      <Point><coordinates>-69.543850409,-21.658184462</coordinates></Point>
  </Placemark>
  <Placemark id="subestaciones_sing.116">
	<name>LLAMARA</name>
	<ExtendedData><SchemaData schemaUrl="#subestaciones_sing">
		<SimpleData name="OBJECTID">116</SimpleData>
		<SimpleData name="gml_id">se_sing_9de4172c_23ff_43c8_9f78_ddd7f7e3cf32.116</SimpleData>
		<SimpleData name="nombre">LLAMARA</SimpleData>
		<SimpleData name="propiedad">SQM</SimpleData>
		<SimpleData name="tension_kv">66|23</SimpleData>
		<SimpleData name="tipo">S/I</SimpleData>
		<SimpleData name="f_operacio">05-01-2006</SimpleData>
		<SimpleData name="rca">S/I</SimpleData>
		<SimpleData name="sist_elect">SING</SimpleData>
		<SimpleData name="estado">EN OPERACION</SimpleData>
		<SimpleData name="coord_este">439679.11</SimpleData>
		<SimpleData name="coord_nort">7663261.99</SimpleData>
		<SimpleData name="huso">19S</SimpleData>
		<SimpleData name="datum">WGS-84</SimpleData>
		<SimpleData name="region">REGION DE TARAPACA</SimpleData>
		<SimpleData name="provincia">IQUIQUE</SimpleData>
		<SimpleData name="comuna">POZO ALMONTE</SimpleData>
		<SimpleData name="fuente_bas">CDEC-SING</SimpleData>
		<SimpleData name="fech_crea">2014-12-04</SimpleData>
		<SimpleData name="fech_act">2016-12-15</SimpleData>
	</SchemaData></ExtendedData>
      <Point><coordinates>-69.580906166,-21.130836385</coordinates></Point>
  </Placemark>
  <Placemark id="subestaciones_sing.117">
	<name>QUEBRADA BLANCA</name>
	<ExtendedData><SchemaData schemaUrl="#subestaciones_sing">
		<SimpleData name="OBJECTID">117</SimpleData>
		<SimpleData name="gml_id">se_sing_9de4172c_23ff_43c8_9f78_ddd7f7e3cf32.117</SimpleData>
		<SimpleData name="nombre">QUEBRADA BLANCA</SimpleData>
		<SimpleData name="propiedad">MINERA QUEBRADA BLANCA</SimpleData>
		<SimpleData name="tension_kv">220|13,8</SimpleData>
		<SimpleData name="tipo">S/I</SimpleData>
		<SimpleData name="f_operacio">01-01-2002</SimpleData>
		<SimpleData name="rca">S/I</SimpleData>
		<SimpleData name="sist_elect">SING</SimpleData>
		<SimpleData name="estado">EN OPERACION</SimpleData>
		<SimpleData name="coord_este">521397.5</SimpleData>
		<SimpleData name="coord_nort">7678122.86</SimpleData>
		<SimpleData name="huso">19S</SimpleData>
		<SimpleData name="datum">WGS-84</SimpleData>
		<SimpleData name="region">REGION DE TARAPACA</SimpleData>
		<SimpleData name="provincia">IQUIQUE</SimpleData>
		<SimpleData name="comuna">PICA</SimpleData>
		<SimpleData name="fuente_bas">CDEC-SING</SimpleData>
		<SimpleData name="fech_crea">2014-12-04</SimpleData>
		<SimpleData name="fech_act">2016-12-15</SimpleData>
	</SchemaData></ExtendedData>
      <Point><coordinates>-68.7941177339999,-20.9974314</coordinates></Point>
  </Placemark>
  <Placemark id="subestaciones_sing.118">
	<name>COLLAHUASI</name>
	<ExtendedData><SchemaData schemaUrl="#subestaciones_sing">
		<SimpleData name="OBJECTID">118</SimpleData>
		<SimpleData name="gml_id">se_sing_9de4172c_23ff_43c8_9f78_ddd7f7e3cf32.118</SimpleData>
		<SimpleData name="nombre">COLLAHUASI</SimpleData>
		<SimpleData name="propiedad">MINERA COLLAHUASI</SimpleData>
		<SimpleData name="tension_kv">220|23</SimpleData>
		<SimpleData name="tipo">S/I</SimpleData>
		<SimpleData name="f_operacio">03-09-1998</SimpleData>
		<SimpleData name="rca">S/I</SimpleData>
		<SimpleData name="sist_elect">SING</SimpleData>
		<SimpleData name="estado">EN OPERACION</SimpleData>
		<SimpleData name="coord_este">537799</SimpleData>
		<SimpleData name="coord_nort">7680212</SimpleData>
		<SimpleData name="huso">19S</SimpleData>
		<SimpleData name="datum">WGS-84</SimpleData>
		<SimpleData name="region">REGION DE TARAPACA</SimpleData>
		<SimpleData name="provincia">IQUIQUE</SimpleData>
		<SimpleData name="comuna">PICA</SimpleData>
		<SimpleData name="fuente_bas">CDEC-SING</SimpleData>
		<SimpleData name="fech_crea">2014-12-04</SimpleData>
		<SimpleData name="fech_act">2016-12-15</SimpleData>
	</SchemaData></ExtendedData>
      <Point><coordinates>-68.636353511,-20.978291074</coordinates></Point>
  </Placemark>
  <Placemark id="subestaciones_sing.119">
	<name>UJINA</name>
	<ExtendedData><SchemaData schemaUrl="#subestaciones_sing">
		<SimpleData name="OBJECTID">119</SimpleData>
		<SimpleData name="gml_id">se_sing_9de4172c_23ff_43c8_9f78_ddd7f7e3cf32.119</SimpleData>
		<SimpleData name="nombre">UJINA</SimpleData>
		<SimpleData name="propiedad">MINERA COLLAHUASI</SimpleData>
		<SimpleData name="tension_kv">11</SimpleData>
		<SimpleData name="tipo">S/I</SimpleData>
		<SimpleData name="f_operacio">30-03-2016</SimpleData>
		<SimpleData name="rca">S/I</SimpleData>
		<SimpleData name="sist_elect">SING</SimpleData>
		<SimpleData name="estado">EN OPERACION</SimpleData>
		<SimpleData name="coord_este">542415</SimpleData>
		<SimpleData name="coord_nort">7680270</SimpleData>
		<SimpleData name="huso">19S</SimpleData>
		<SimpleData name="datum">WGS-84</SimpleData>
		<SimpleData name="region">REGION DE TARAPACA</SimpleData>
		<SimpleData name="provincia">IQUIQUE</SimpleData>
		<SimpleData name="comuna">PICA</SimpleData>
		<SimpleData name="fuente_bas">CDEC-SING</SimpleData>
		<SimpleData name="fech_crea">2014-12-04</SimpleData>
		<SimpleData name="fech_act">2016-12-15</SimpleData>
	</SchemaData></ExtendedData>
      <Point><coordinates>-68.591947362,-20.97766646</coordinates></Point>
  </Placemark>
  <Placemark id="subestaciones_sing.120">
	<name>COLLAHUASI UNITARIA N 4</name>
	<ExtendedData><SchemaData schemaUrl="#subestaciones_sing">
		<SimpleData name="OBJECTID">120</SimpleData>
		<SimpleData name="gml_id">se_sing_9de4172c_23ff_43c8_9f78_ddd7f7e3cf32.120</SimpleData>
		<SimpleData name="nombre">COLLAHUASI UNITARIA N 4</SimpleData>
		<SimpleData name="propiedad">MINERA COLLAHUASI</SimpleData>
		<SimpleData name="tension_kv">23|11</SimpleData>
		<SimpleData name="tipo">S/I</SimpleData>
		<SimpleData name="f_operacio">30-03-2016</SimpleData>
		<SimpleData name="rca">S/I</SimpleData>
		<SimpleData name="sist_elect">SING</SimpleData>
		<SimpleData name="estado">EN OPERACION</SimpleData>
		<SimpleData name="coord_este">542407</SimpleData>
		<SimpleData name="coord_nort">7680275</SimpleData>
		<SimpleData name="huso">19S</SimpleData>
		<SimpleData name="datum">WGS-84</SimpleData>
		<SimpleData name="region">REGION DE TARAPACA</SimpleData>
		<SimpleData name="provincia">IQUIQUE</SimpleData>
		<SimpleData name="comuna">PICA</SimpleData>
		<SimpleData name="fuente_bas">CDEC-SING</SimpleData>
		<SimpleData name="fech_crea">2014-12-04</SimpleData>
		<SimpleData name="fech_act">2016-12-15</SimpleData>
	</SchemaData></ExtendedData>
      <Point><coordinates>-68.592024447,-20.9776214669999</coordinates></Point>
  </Placemark>
  <Placemark id="subestaciones_sing.121">
	<name>COLLAHUASI UNITARIA N 3</name>
	<ExtendedData><SchemaData schemaUrl="#subestaciones_sing">
		<SimpleData name="OBJECTID">121</SimpleData>
		<SimpleData name="gml_id">se_sing_9de4172c_23ff_43c8_9f78_ddd7f7e3cf32.121</SimpleData>
		<SimpleData name="nombre">COLLAHUASI UNITARIA N 3</SimpleData>
		<SimpleData name="propiedad">MINERA COLLAHUASI</SimpleData>
		<SimpleData name="tension_kv">23|11</SimpleData>
		<SimpleData name="tipo">S/I</SimpleData>
		<SimpleData name="f_operacio">30-03-2016</SimpleData>
		<SimpleData name="rca">S/I</SimpleData>
		<SimpleData name="sist_elect">SING</SimpleData>
		<SimpleData name="estado">EN OPERACION</SimpleData>
		<SimpleData name="coord_este">542414</SimpleData>
		<SimpleData name="coord_nort">7680279</SimpleData>
		<SimpleData name="huso">19S</SimpleData>
		<SimpleData name="datum">WGS-84</SimpleData>
		<SimpleData name="region">REGION DE TARAPACA</SimpleData>
		<SimpleData name="provincia">IQUIQUE</SimpleData>
		<SimpleData name="comuna">PICA</SimpleData>
		<SimpleData name="fuente_bas">CDEC-SING</SimpleData>
		<SimpleData name="fech_crea">2014-12-04</SimpleData>
		<SimpleData name="fech_act">2016-12-15</SimpleData>
	</SchemaData></ExtendedData>
      <Point><coordinates>-68.5919572029999,-20.9775851639999</coordinates></Point>
  </Placemark>
  <Placemark id="subestaciones_sing.122">
	<name>COLLAHUASI SALA ELECTRICA 3501</name>
	<ExtendedData><SchemaData schemaUrl="#subestaciones_sing">
		<SimpleData name="OBJECTID">122</SimpleData>
		<SimpleData name="gml_id">se_sing_9de4172c_23ff_43c8_9f78_ddd7f7e3cf32.122</SimpleData>
		<SimpleData name="nombre">COLLAHUASI SALA ELECTRICA 3501</SimpleData>
		<SimpleData name="propiedad">MINERA COLLAHUASI</SimpleData>
		<SimpleData name="tension_kv">11</SimpleData>
		<SimpleData name="tipo">S/I</SimpleData>
		<SimpleData name="f_operacio">30-03-2016</SimpleData>
		<SimpleData name="rca">S/I</SimpleData>
		<SimpleData name="sist_elect">SING</SimpleData>
		<SimpleData name="estado">EN OPERACION</SimpleData>
		<SimpleData name="coord_este">542434</SimpleData>
		<SimpleData name="coord_nort">7680280</SimpleData>
		<SimpleData name="huso">19S</SimpleData>
		<SimpleData name="datum">WGS-84</SimpleData>
		<SimpleData name="region">REGION DE TARAPACA</SimpleData>
		<SimpleData name="provincia">IQUIQUE</SimpleData>
		<SimpleData name="comuna">PICA</SimpleData>
		<SimpleData name="fuente_bas">CDEC-SING</SimpleData>
		<SimpleData name="fech_crea">2014-12-04</SimpleData>
		<SimpleData name="fech_act">2016-12-15</SimpleData>
	</SchemaData></ExtendedData>
      <Point><coordinates>-68.591764822,-20.9775756679999</coordinates></Point>
  </Placemark>
  <Placemark id="subestaciones_sing.123">
	<name>COLLAHUASI UNITARIA N 2</name>
	<ExtendedData><SchemaData schemaUrl="#subestaciones_sing">
		<SimpleData name="OBJECTID">123</SimpleData>
		<SimpleData name="gml_id">se_sing_9de4172c_23ff_43c8_9f78_ddd7f7e3cf32.123</SimpleData>
		<SimpleData name="nombre">COLLAHUASI UNITARIA N 2</SimpleData>
		<SimpleData name="propiedad">MINERA COLLAHUASI</SimpleData>
		<SimpleData name="tension_kv">23|11</SimpleData>
		<SimpleData name="tipo">S/I</SimpleData>
		<SimpleData name="f_operacio">30-03-2016</SimpleData>
		<SimpleData name="rca">S/I</SimpleData>
		<SimpleData name="sist_elect">SING</SimpleData>
		<SimpleData name="estado">EN OPERACION</SimpleData>
		<SimpleData name="coord_este">542421</SimpleData>
		<SimpleData name="coord_nort">7680283</SimpleData>
		<SimpleData name="huso">19S</SimpleData>
		<SimpleData name="datum">WGS-84</SimpleData>
		<SimpleData name="region">REGION DE TARAPACA</SimpleData>
		<SimpleData name="provincia">IQUIQUE</SimpleData>
		<SimpleData name="comuna">PICA</SimpleData>
		<SimpleData name="fuente_bas">CDEC-SING</SimpleData>
		<SimpleData name="fech_crea">2014-12-04</SimpleData>
		<SimpleData name="fech_act">2016-12-15</SimpleData>
	</SchemaData></ExtendedData>
      <Point><coordinates>-68.591889959,-20.9775488609999</coordinates></Point>
  </Placemark>
  <Placemark id="subestaciones_sing.124">
	<name>COLLAHUASI UNITARIA N 1</name>
	<ExtendedData><SchemaData schemaUrl="#subestaciones_sing">
		<SimpleData name="OBJECTID">124</SimpleData>
		<SimpleData name="gml_id">se_sing_9de4172c_23ff_43c8_9f78_ddd7f7e3cf32.124</SimpleData>
		<SimpleData name="nombre">COLLAHUASI UNITARIA N 1</SimpleData>
		<SimpleData name="propiedad">MINERA COLLAHUASI</SimpleData>
		<SimpleData name="tension_kv">23|11</SimpleData>
		<SimpleData name="tipo">S/I</SimpleData>
		<SimpleData name="f_operacio">30-03-2016</SimpleData>
		<SimpleData name="rca">S/I</SimpleData>
		<SimpleData name="sist_elect">SING</SimpleData>
		<SimpleData name="estado">EN OPERACION</SimpleData>
		<SimpleData name="coord_este">542430</SimpleData>
		<SimpleData name="coord_nort">7680288</SimpleData>
		<SimpleData name="huso">19S</SimpleData>
		<SimpleData name="datum">WGS-84</SimpleData>
		<SimpleData name="region">REGION DE TARAPACA</SimpleData>
		<SimpleData name="provincia">IQUIQUE</SimpleData>
		<SimpleData name="comuna">PICA</SimpleData>
		<SimpleData name="fuente_bas">CDEC-SING</SimpleData>
		<SimpleData name="fech_crea">2014-12-04</SimpleData>
		<SimpleData name="fech_act">2016-12-15</SimpleData>
	</SchemaData></ExtendedData>
      <Point><coordinates>-68.5918035,-20.977503477</coordinates></Point>
  </Placemark>
  <Placemark id="subestaciones_sing.125">
	<name>COLLAHUASI SALA ELECTRICA 3502</name>
	<ExtendedData><SchemaData schemaUrl="#subestaciones_sing">
		<SimpleData name="OBJECTID">125</SimpleData>
		<SimpleData name="gml_id">se_sing_9de4172c_23ff_43c8_9f78_ddd7f7e3cf32.125</SimpleData>
		<SimpleData name="nombre">COLLAHUASI SALA ELECTRICA 3502</SimpleData>
		<SimpleData name="propiedad">MINERA COLLAHUASI</SimpleData>
		<SimpleData name="tension_kv">23</SimpleData>
		<SimpleData name="tipo">S/I</SimpleData>
		<SimpleData name="f_operacio">30-03-2016</SimpleData>
		<SimpleData name="rca">S/I</SimpleData>
		<SimpleData name="sist_elect">SING</SimpleData>
		<SimpleData name="estado">EN OPERACION</SimpleData>
		<SimpleData name="coord_este">542128</SimpleData>
		<SimpleData name="coord_nort">7680653</SimpleData>
		<SimpleData name="huso">19S</SimpleData>
		<SimpleData name="datum">WGS-84</SimpleData>
		<SimpleData name="region">REGION DE TARAPACA</SimpleData>
		<SimpleData name="provincia">IQUIQUE</SimpleData>
		<SimpleData name="comuna">PICA</SimpleData>
		<SimpleData name="fuente_bas">CDEC-SING</SimpleData>
		<SimpleData name="fech_crea">2014-12-04</SimpleData>
		<SimpleData name="fech_act">2016-12-15</SimpleData>
	</SchemaData></ExtendedData>
      <Point><coordinates>-68.594717718,-20.974212474</coordinates></Point>
  </Placemark>
  <Placemark id="subestaciones_sing.126">
	<name>TAP OFF NUEVA VICTORIA</name>
	<ExtendedData><SchemaData schemaUrl="#subestaciones_sing">
		<SimpleData name="OBJECTID">126</SimpleData>
		<SimpleData name="gml_id">se_sing_9de4172c_23ff_43c8_9f78_ddd7f7e3cf32.126</SimpleData>
		<SimpleData name="nombre">TAP OFF NUEVA VICTORIA</SimpleData>
		<SimpleData name="propiedad">SQM</SimpleData>
		<SimpleData name="tension_kv">220|66|23</SimpleData>
		<SimpleData name="tipo">TAP OFF</SimpleData>
		<SimpleData name="f_operacio">05-01-2006</SimpleData>
		<SimpleData name="rca">S/I</SimpleData>
		<SimpleData name="sist_elect">SING</SimpleData>
		<SimpleData name="estado">EN OPERACION</SimpleData>
		<SimpleData name="coord_este">430129.9</SimpleData>
		<SimpleData name="coord_nort">7682853.11</SimpleData>
		<SimpleData name="huso">19S</SimpleData>
		<SimpleData name="datum">WGS-84</SimpleData>
		<SimpleData name="region">REGION DE TARAPACA</SimpleData>
		<SimpleData name="provincia">IQUIQUE</SimpleData>
		<SimpleData name="comuna">POZO ALMONTE</SimpleData>
		<SimpleData name="fuente_bas">CDEC-SING</SimpleData>
		<SimpleData name="fech_crea">2014-12-04</SimpleData>
		<SimpleData name="fech_act">2016-12-15</SimpleData>
	</SchemaData></ExtendedData>
      <Point><coordinates>-69.6720685349999,-20.9534907239999</coordinates></Point>
  </Placemark>
  <Placemark id="subestaciones_sing.127">
	<name>SUR VIEJO</name>
	<ExtendedData><SchemaData schemaUrl="#subestaciones_sing">
		<SimpleData name="OBJECTID">127</SimpleData>
		<SimpleData name="gml_id">se_sing_9de4172c_23ff_43c8_9f78_ddd7f7e3cf32.127</SimpleData>
		<SimpleData name="nombre">SUR VIEJO</SimpleData>
		<SimpleData name="propiedad">SQM</SimpleData>
		<SimpleData name="tension_kv">66|23</SimpleData>
		<SimpleData name="tipo">S/I</SimpleData>
		<SimpleData name="f_operacio">05-01-2006</SimpleData>
		<SimpleData name="rca">S/I</SimpleData>
		<SimpleData name="sist_elect">SING</SimpleData>
		<SimpleData name="estado">EN OPERACION</SimpleData>
		<SimpleData name="coord_este">444093.19</SimpleData>
		<SimpleData name="coord_nort">7684908.24</SimpleData>
		<SimpleData name="huso">19S</SimpleData>
		<SimpleData name="datum">WGS-84</SimpleData>
		<SimpleData name="region">REGION DE TARAPACA</SimpleData>
		<SimpleData name="provincia">IQUIQUE</SimpleData>
		<SimpleData name="comuna">POZO ALMONTE</SimpleData>
		<SimpleData name="fuente_bas">CDEC-SING</SimpleData>
		<SimpleData name="fech_crea">2014-12-04</SimpleData>
		<SimpleData name="fech_act">2016-12-15</SimpleData>
	</SchemaData></ExtendedData>
      <Point><coordinates>-69.537696749,-20.935398345</coordinates></Point>
  </Placemark>
  <Placemark id="subestaciones_sing.128">
	<name>LAGUNAS</name>
	<ExtendedData><SchemaData schemaUrl="#subestaciones_sing">
		<SimpleData name="OBJECTID">128</SimpleData>
		<SimpleData name="gml_id">se_sing_9de4172c_23ff_43c8_9f78_ddd7f7e3cf32.128</SimpleData>
		<SimpleData name="nombre">LAGUNAS</SimpleData>
		<SimpleData name="propiedad">TRANSELEC</SimpleData>
		<SimpleData name="tension_kv">220|23</SimpleData>
		<SimpleData name="tipo">S/I</SimpleData>
		<SimpleData name="f_operacio">01-11-1996</SimpleData>
		<SimpleData name="rca">S/I</SimpleData>
		<SimpleData name="sist_elect">SING</SimpleData>
		<SimpleData name="estado">EN OPERACION</SimpleData>
		<SimpleData name="coord_este">427796.59</SimpleData>
		<SimpleData name="coord_nort">7698103.97</SimpleData>
		<SimpleData name="huso">19S</SimpleData>
		<SimpleData name="datum">WGS-84</SimpleData>
		<SimpleData name="region">REGION DE TARAPACA</SimpleData>
		<SimpleData name="provincia">IQUIQUE</SimpleData>
		<SimpleData name="comuna">POZO ALMONTE</SimpleData>
		<SimpleData name="fuente_bas">CDEC-SING</SimpleData>
		<SimpleData name="fech_crea">2014-12-04</SimpleData>
		<SimpleData name="fech_act">2016-12-15</SimpleData>
	</SchemaData></ExtendedData>
      <Point><coordinates>-69.693877711,-20.815607703</coordinates></Point>
  </Placemark>
  <Placemark id="subestaciones_sing.129">
	<name>TARAPACA</name>
	<ExtendedData><SchemaData schemaUrl="#subestaciones_sing">
		<SimpleData name="OBJECTID">129</SimpleData>
		<SimpleData name="gml_id">se_sing_9de4172c_23ff_43c8_9f78_ddd7f7e3cf32.129</SimpleData>
		<SimpleData name="nombre">TARAPACA</SimpleData>
		<SimpleData name="propiedad">TRANSELEC</SimpleData>
		<SimpleData name="tension_kv">220</SimpleData>
		<SimpleData name="tipo">S/I</SimpleData>
		<SimpleData name="f_operacio">01-11-1996</SimpleData>
		<SimpleData name="rca">S/I</SimpleData>
		<SimpleData name="sist_elect">SING</SimpleData>
		<SimpleData name="estado">EN OPERACION</SimpleData>
		<SimpleData name="coord_este">375940.06</SimpleData>
		<SimpleData name="coord_nort">7698810.06</SimpleData>
		<SimpleData name="huso">19S</SimpleData>
		<SimpleData name="datum">WGS-84</SimpleData>
		<SimpleData name="region">REGION DE TARAPACA</SimpleData>
		<SimpleData name="provincia">IQUIQUE</SimpleData>
		<SimpleData name="comuna">IQUIQUE</SimpleData>
		<SimpleData name="fuente_bas">CDEC-SING</SimpleData>
		<SimpleData name="fech_crea">2014-12-04</SimpleData>
		<SimpleData name="fech_act">2016-12-15</SimpleData>
	</SchemaData></ExtendedData>
      <Point><coordinates>-70.19210656,-20.8064886889999</coordinates></Point>
  </Placemark>
  <Placemark id="subestaciones_sing.130">
	<name>CENTRAL TARAPACA</name>
	<ExtendedData><SchemaData schemaUrl="#subestaciones_sing">
		<SimpleData name="OBJECTID">130</SimpleData>
		<SimpleData name="gml_id">se_sing_9de4172c_23ff_43c8_9f78_ddd7f7e3cf32.130</SimpleData>
		<SimpleData name="nombre">CENTRAL TARAPACA</SimpleData>
		<SimpleData name="propiedad">CELTA</SimpleData>
		<SimpleData name="tension_kv">220|13,8|11,5|6,9</SimpleData>
		<SimpleData name="tipo">S/I</SimpleData>
		<SimpleData name="f_operacio">01-01-1999</SimpleData>
		<SimpleData name="rca">S/I</SimpleData>
		<SimpleData name="sist_elect">SING</SimpleData>
		<SimpleData name="estado">EN OPERACION</SimpleData>
		<SimpleData name="coord_este">375817</SimpleData>
		<SimpleData name="coord_nort">7698954</SimpleData>
		<SimpleData name="huso">19S</SimpleData>
		<SimpleData name="datum">WGS-84</SimpleData>
		<SimpleData name="region">REGION DE TARAPACA</SimpleData>
		<SimpleData name="provincia">IQUIQUE</SimpleData>
		<SimpleData name="comuna">IQUIQUE</SimpleData>
		<SimpleData name="fuente_bas">CDEC-SING</SimpleData>
		<SimpleData name="fech_crea">2014-12-04</SimpleData>
		<SimpleData name="fech_act">2016-12-15</SimpleData>
	</SchemaData></ExtendedData>
      <Point><coordinates>-70.193278633,-20.8051801299999</coordinates></Point>
  </Placemark>
  <Placemark id="subestaciones_sing.131">
	<name>LA HUAYCA II</name>
	<ExtendedData><SchemaData schemaUrl="#subestaciones_sing">
		<SimpleData name="OBJECTID">131</SimpleData>
		<SimpleData name="gml_id">se_sing_9de4172c_23ff_43c8_9f78_ddd7f7e3cf32.131</SimpleData>
		<SimpleData name="nombre">LA HUAYCA II</SimpleData>
		<SimpleData name="propiedad">SPS LA HUAYCA</SimpleData>
		<SimpleData name="tension_kv">66|23</SimpleData>
		<SimpleData name="tipo">S/I</SimpleData>
		<SimpleData name="f_operacio">03-07-2015</SimpleData>
		<SimpleData name="rca">S/I</SimpleData>
		<SimpleData name="sist_elect">SING</SimpleData>
		<SimpleData name="estado">EN OPERACION</SimpleData>
		<SimpleData name="coord_este">444142.5</SimpleData>
		<SimpleData name="coord_nort">7738080.66</SimpleData>
		<SimpleData name="huso">19S</SimpleData>
		<SimpleData name="datum">WGS-84</SimpleData>
		<SimpleData name="region">REGION DE TARAPACA</SimpleData>
		<SimpleData name="provincia">IQUIQUE</SimpleData>
		<SimpleData name="comuna">POZO ALMONTE</SimpleData>
		<SimpleData name="fuente_bas">CDEC-SING</SimpleData>
		<SimpleData name="fech_crea">2014-12-04</SimpleData>
		<SimpleData name="fech_act">2016-12-15</SimpleData>
	</SchemaData></ExtendedData>
      <Point><coordinates>-69.5355333109999,-20.454956629</coordinates></Point>
  </Placemark>
  <Placemark id="subestaciones_sing.132">
	<name>TAP OFF TAMARUGAL</name>
	<ExtendedData><SchemaData schemaUrl="#subestaciones_sing">
		<SimpleData name="OBJECTID">132</SimpleData>
		<SimpleData name="gml_id">se_sing_9de4172c_23ff_43c8_9f78_ddd7f7e3cf32.132</SimpleData>
		<SimpleData name="nombre">TAP OFF TAMARUGAL</SimpleData>
		<SimpleData name="propiedad">SPS LA HUAYCA</SimpleData>
		<SimpleData name="tension_kv">66</SimpleData>
		<SimpleData name="tipo">TAP OFF</SimpleData>
		<SimpleData name="f_operacio">03-07-2015</SimpleData>
		<SimpleData name="rca">S/I</SimpleData>
		<SimpleData name="sist_elect">SING</SimpleData>
		<SimpleData name="estado">EN OPERACION</SimpleData>
		<SimpleData name="coord_este">427719.71</SimpleData>
		<SimpleData name="coord_nort">7740655.31</SimpleData>
		<SimpleData name="huso">19S</SimpleData>
		<SimpleData name="datum">WGS-84</SimpleData>
		<SimpleData name="region">REGION DE TARAPACA</SimpleData>
		<SimpleData name="provincia">IQUIQUE</SimpleData>
		<SimpleData name="comuna">POZO ALMONTE</SimpleData>
		<SimpleData name="fuente_bas">CDEC-SING</SimpleData>
		<SimpleData name="fech_crea">2014-12-04</SimpleData>
		<SimpleData name="fech_act">2016-12-15</SimpleData>
	</SchemaData></ExtendedData>
      <Point><coordinates>-69.692874741,-20.431137223</coordinates></Point>
  </Placemark>
  <Placemark id="subestaciones_sing.133">
	<name>TAP OFF ESTACION DE BOMBEO 1 HMC</name>
	<ExtendedData><SchemaData schemaUrl="#subestaciones_sing">
		<SimpleData name="OBJECTID">133</SimpleData>
		<SimpleData name="gml_id">se_sing_9de4172c_23ff_43c8_9f78_ddd7f7e3cf32.133</SimpleData>
		<SimpleData name="nombre">TAP OFF ESTACION DE BOMBEO 1 HMC</SimpleData>
		<SimpleData name="propiedad">HALDEMAN</SimpleData>
		<SimpleData name="tension_kv">66|4,16</SimpleData>
		<SimpleData name="tipo">TAP OFF</SimpleData>
		<SimpleData name="f_operacio">01-01-1971</SimpleData>
		<SimpleData name="rca">S/I</SimpleData>
		<SimpleData name="sist_elect">SING</SimpleData>
		<SimpleData name="estado">EN OPERACION</SimpleData>
		<SimpleData name="coord_este">444190.06</SimpleData>
		<SimpleData name="coord_nort">7756749.66</SimpleData>
		<SimpleData name="huso">19S</SimpleData>
		<SimpleData name="datum">WGS-84</SimpleData>
		<SimpleData name="region">REGION DE TARAPACA</SimpleData>
		<SimpleData name="provincia">IQUIQUE</SimpleData>
		<SimpleData name="comuna">POZO ALMONTE</SimpleData>
		<SimpleData name="fuente_bas">CDEC-SING</SimpleData>
		<SimpleData name="fech_crea">2014-12-04</SimpleData>
		<SimpleData name="fech_act">2016-12-15</SimpleData>
	</SchemaData></ExtendedData>
      <Point><coordinates>-69.534496126,-20.2862665869999</coordinates></Point>
  </Placemark>
  <Placemark id="subestaciones_sing.134">
	<name>CENTRAL SOLAR PAS2</name>
	<ExtendedData><SchemaData schemaUrl="#subestaciones_sing">
		<SimpleData name="OBJECTID">134</SimpleData>
		<SimpleData name="gml_id">se_sing_9de4172c_23ff_43c8_9f78_ddd7f7e3cf32.134</SimpleData>
		<SimpleData name="nombre">CENTRAL SOLAR PAS2</SimpleData>
		<SimpleData name="propiedad">POZO ALMONTE SOLAR 2</SimpleData>
		<SimpleData name="tension_kv">13,8</SimpleData>
		<SimpleData name="tipo">S/I</SimpleData>
		<SimpleData name="f_operacio">29-03-2014</SimpleData>
		<SimpleData name="rca">S/I</SimpleData>
		<SimpleData name="sist_elect">SING</SimpleData>
		<SimpleData name="estado">EN OPERACION</SimpleData>
		<SimpleData name="coord_este">421079.85</SimpleData>
		<SimpleData name="coord_nort">7758236.33</SimpleData>
		<SimpleData name="huso">19S</SimpleData>
		<SimpleData name="datum">WGS-84</SimpleData>
		<SimpleData name="region">REGION DE TARAPACA</SimpleData>
		<SimpleData name="provincia">IQUIQUE</SimpleData>
		<SimpleData name="comuna">POZO ALMONTE</SimpleData>
		<SimpleData name="fuente_bas">CDEC-SING</SimpleData>
		<SimpleData name="fech_crea">2014-12-04</SimpleData>
		<SimpleData name="fech_act">2016-12-15</SimpleData>
	</SchemaData></ExtendedData>
      <Point><coordinates>-69.755746979,-20.272018364</coordinates></Point>
  </Placemark>
  <Placemark id="subestaciones_sing.135">
	<name>PAS3</name>
	<ExtendedData><SchemaData schemaUrl="#subestaciones_sing">
		<SimpleData name="OBJECTID">135</SimpleData>
		<SimpleData name="gml_id">se_sing_9de4172c_23ff_43c8_9f78_ddd7f7e3cf32.135</SimpleData>
		<SimpleData name="nombre">PAS3</SimpleData>
		<SimpleData name="propiedad">POZO ALMONTE SOLAR 3</SimpleData>
		<SimpleData name="tension_kv">13,8</SimpleData>
		<SimpleData name="tipo">S/I</SimpleData>
		<SimpleData name="f_operacio">07-06-2014</SimpleData>
		<SimpleData name="rca">S/I</SimpleData>
		<SimpleData name="sist_elect">SING</SimpleData>
		<SimpleData name="estado">EN OPERACION</SimpleData>
		<SimpleData name="coord_este">419235.22</SimpleData>
		<SimpleData name="coord_nort">7759836.45</SimpleData>
		<SimpleData name="huso">19S</SimpleData>
		<SimpleData name="datum">WGS-84</SimpleData>
		<SimpleData name="region">REGION DE TARAPACA</SimpleData>
		<SimpleData name="provincia">IQUIQUE</SimpleData>
		<SimpleData name="comuna">POZO ALMONTE</SimpleData>
		<SimpleData name="fuente_bas">CDEC-SING</SimpleData>
		<SimpleData name="fech_crea">2014-12-04</SimpleData>
		<SimpleData name="fech_act">2016-12-15</SimpleData>
	</SchemaData></ExtendedData>
      <Point><coordinates>-69.7733385079999,-20.257483269</coordinates></Point>
  </Placemark>
  <Placemark id="subestaciones_sing.136">
	<name>POZO ALMONTE</name>
	<ExtendedData><SchemaData schemaUrl="#subestaciones_sing">
		<SimpleData name="OBJECTID">136</SimpleData>
		<SimpleData name="gml_id">se_sing_9de4172c_23ff_43c8_9f78_ddd7f7e3cf32.136</SimpleData>
		<SimpleData name="nombre">POZO ALMONTE</SimpleData>
		<SimpleData name="propiedad">ENGIE</SimpleData>
		<SimpleData name="tension_kv">220|110|66|23|1,8</SimpleData>
		<SimpleData name="tipo">S/I</SimpleData>
		<SimpleData name="f_operacio">01-06-1987</SimpleData>
		<SimpleData name="rca">S/I</SimpleData>
		<SimpleData name="sist_elect">SING</SimpleData>
		<SimpleData name="estado">EN OPERACION</SimpleData>
		<SimpleData name="coord_este">419056</SimpleData>
		<SimpleData name="coord_nort">7759844</SimpleData>
		<SimpleData name="huso">19S</SimpleData>
		<SimpleData name="datum">WGS-84</SimpleData>
		<SimpleData name="region">REGION DE TARAPACA</SimpleData>
		<SimpleData name="provincia">IQUIQUE</SimpleData>
		<SimpleData name="comuna">POZO ALMONTE</SimpleData>
		<SimpleData name="fuente_bas">CDEC-SING</SimpleData>
		<SimpleData name="fech_crea">2014-12-04</SimpleData>
		<SimpleData name="fech_act">2016-12-15</SimpleData>
	</SchemaData></ExtendedData>
      <Point><coordinates>-69.775054118,-20.2574074739999</coordinates></Point>
  </Placemark>
  <Placemark id="subestaciones_sing.137">
	<name>ALTO HOSPICIO</name>
	<ExtendedData><SchemaData schemaUrl="#subestaciones_sing">
		<SimpleData name="OBJECTID">137</SimpleData>
		<SimpleData name="gml_id">se_sing_9de4172c_23ff_43c8_9f78_ddd7f7e3cf32.137</SimpleData>
		<SimpleData name="nombre">ALTO HOSPICIO</SimpleData>
		<SimpleData name="propiedad">ELIQSA</SimpleData>
		<SimpleData name="tension_kv">110|13,8</SimpleData>
		<SimpleData name="tipo">S/I</SimpleData>
		<SimpleData name="f_operacio">01-12-2001</SimpleData>
		<SimpleData name="rca">S/I</SimpleData>
		<SimpleData name="sist_elect">SING</SimpleData>
		<SimpleData name="estado">EN OPERACION</SimpleData>
		<SimpleData name="coord_este">384635.67</SimpleData>
		<SimpleData name="coord_nort">7760040.55</SimpleData>
		<SimpleData name="huso">19S</SimpleData>
		<SimpleData name="datum">WGS-84</SimpleData>
		<SimpleData name="region">REGION DE TARAPACA</SimpleData>
		<SimpleData name="provincia">IQUIQUE</SimpleData>
		<SimpleData name="comuna">ALTO HOSPICIO</SimpleData>
		<SimpleData name="fuente_bas">CDEC-SING</SimpleData>
		<SimpleData name="fech_crea">2014-12-04</SimpleData>
		<SimpleData name="fech_act">2016-12-15</SimpleData>
	</SchemaData></ExtendedData>
      <Point><coordinates>-70.1045836439999,-20.253865354</coordinates></Point>
  </Placemark>
  <Placemark id="subestaciones_sing.138">
	<name>CERRO DRAG├ôN</name>
	<ExtendedData><SchemaData schemaUrl="#subestaciones_sing">
		<SimpleData name="OBJECTID">138</SimpleData>
		<SimpleData name="gml_id">se_sing_9de4172c_23ff_43c8_9f78_ddd7f7e3cf32.138</SimpleData>
		<SimpleData name="nombre">CERRO DRAG├ôN</SimpleData>
		<SimpleData name="propiedad">ELIQSA</SimpleData>
		<SimpleData name="tension_kv">110|13,8</SimpleData>
		<SimpleData name="tipo">S/I</SimpleData>
		<SimpleData name="f_operacio">01-06-2002</SimpleData>
		<SimpleData name="rca">S/I</SimpleData>
		<SimpleData name="sist_elect">SING</SimpleData>
		<SimpleData name="estado">EN OPERACION</SimpleData>
		<SimpleData name="coord_este">382551</SimpleData>
		<SimpleData name="coord_nort">7760390</SimpleData>
		<SimpleData name="huso">19S</SimpleData>
		<SimpleData name="datum">WGS-84</SimpleData>
		<SimpleData name="region">REGION DE TARAPACA</SimpleData>
		<SimpleData name="provincia">IQUIQUE</SimpleData>
		<SimpleData name="comuna">IQUIQUE</SimpleData>
		<SimpleData name="fuente_bas">CDEC-SING</SimpleData>
		<SimpleData name="fech_crea">2014-12-04</SimpleData>
		<SimpleData name="fech_act">2016-12-15</SimpleData>
	</SchemaData></ExtendedData>
      <Point><coordinates>-70.124518232,-20.2505813349999</coordinates></Point>
  </Placemark>
  <Placemark id="subestaciones_sing.139">
	<name>CENTRAL SOLAR PAS3</name>
	<ExtendedData><SchemaData schemaUrl="#subestaciones_sing">
		<SimpleData name="OBJECTID">139</SimpleData>
		<SimpleData name="gml_id">se_sing_9de4172c_23ff_43c8_9f78_ddd7f7e3cf32.139</SimpleData>
		<SimpleData name="nombre">CENTRAL SOLAR PAS3</SimpleData>
		<SimpleData name="propiedad">POZO ALMONTE SOLAR 3</SimpleData>
		<SimpleData name="tension_kv">13,8</SimpleData>
		<SimpleData name="tipo">S/I</SimpleData>
		<SimpleData name="f_operacio">07-06-2014</SimpleData>
		<SimpleData name="rca">S/I</SimpleData>
		<SimpleData name="sist_elect">SING</SimpleData>
		<SimpleData name="estado">EN OPERACION</SimpleData>
		<SimpleData name="coord_este">420743.07</SimpleData>
		<SimpleData name="coord_nort">7760491.23</SimpleData>
		<SimpleData name="huso">19S</SimpleData>
		<SimpleData name="datum">WGS-84</SimpleData>
		<SimpleData name="region">REGION DE TARAPACA</SimpleData>
		<SimpleData name="provincia">IQUIQUE</SimpleData>
		<SimpleData name="comuna">POZO ALMONTE</SimpleData>
		<SimpleData name="fuente_bas">CDEC-SING</SimpleData>
		<SimpleData name="fech_crea">2014-12-04</SimpleData>
		<SimpleData name="fech_act">2016-12-15</SimpleData>
	</SchemaData></ExtendedData>
      <Point><coordinates>-69.758872761,-20.2516299989999</coordinates></Point>
  </Placemark>
  <Placemark id="subestaciones_sing.140">
	<name>CONDORES</name>
	<ExtendedData><SchemaData schemaUrl="#subestaciones_sing">
		<SimpleData name="OBJECTID">140</SimpleData>
		<SimpleData name="gml_id">se_sing_9de4172c_23ff_43c8_9f78_ddd7f7e3cf32.140</SimpleData>
		<SimpleData name="nombre">CONDORES</SimpleData>
		<SimpleData name="propiedad">TRANSEMEL</SimpleData>
		<SimpleData name="tension_kv">220|110|23</SimpleData>
		<SimpleData name="tipo">S/I</SimpleData>
		<SimpleData name="f_operacio">01-12-2001</SimpleData>
		<SimpleData name="rca">S/I</SimpleData>
		<SimpleData name="sist_elect">SING</SimpleData>
		<SimpleData name="estado">EN OPERACION</SimpleData>
		<SimpleData name="coord_este">387191</SimpleData>
		<SimpleData name="coord_nort">7760606</SimpleData>
		<SimpleData name="huso">19S</SimpleData>
		<SimpleData name="datum">WGS-84</SimpleData>
		<SimpleData name="region">REGION DE TARAPACA</SimpleData>
		<SimpleData name="provincia">IQUIQUE</SimpleData>
		<SimpleData name="comuna">ALTO HOSPICIO</SimpleData>
		<SimpleData name="fuente_bas">CDEC-SING</SimpleData>
		<SimpleData name="fech_crea">2014-12-04</SimpleData>
		<SimpleData name="fech_act">2016-12-15</SimpleData>
	</SchemaData></ExtendedData>
      <Point><coordinates>-70.080084991,-20.2489090089999</coordinates></Point>
  </Placemark>
  <Placemark id="subestaciones_sing.141">
	<name>TAP OFF ESTACION DE BOMBEO 2 HMC</name>
	<ExtendedData><SchemaData schemaUrl="#subestaciones_sing">
		<SimpleData name="OBJECTID">141</SimpleData>
		<SimpleData name="gml_id">se_sing_9de4172c_23ff_43c8_9f78_ddd7f7e3cf32.141</SimpleData>
		<SimpleData name="nombre">TAP OFF ESTACION DE BOMBEO 2 HMC</SimpleData>
		<SimpleData name="propiedad">HALDEMAN</SimpleData>
		<SimpleData name="tension_kv">66|4,16</SimpleData>
		<SimpleData name="tipo">TAP OFF</SimpleData>
		<SimpleData name="f_operacio">01-01-1971</SimpleData>
		<SimpleData name="rca">S/I</SimpleData>
		<SimpleData name="sist_elect">SING</SimpleData>
		<SimpleData name="estado">EN OPERACION</SimpleData>
		<SimpleData name="coord_este">457690.16</SimpleData>
		<SimpleData name="coord_nort">7761291.03</SimpleData>
		<SimpleData name="huso">19S</SimpleData>
		<SimpleData name="datum">WGS-84</SimpleData>
		<SimpleData name="region">REGION DE TARAPACA</SimpleData>
		<SimpleData name="provincia">IQUIQUE</SimpleData>
		<SimpleData name="comuna">POZO ALMONTE</SimpleData>
		<SimpleData name="fuente_bas">CDEC-SING</SimpleData>
		<SimpleData name="fech_crea">2014-12-04</SimpleData>
		<SimpleData name="fech_act">2016-12-15</SimpleData>
	</SchemaData></ExtendedData>
      <Point><coordinates>-69.405100917,-20.245576757</coordinates></Point>
  </Placemark>
  <Placemark id="subestaciones_sing.142">
	<name>PALAFITOS</name>
	<ExtendedData><SchemaData schemaUrl="#subestaciones_sing">
		<SimpleData name="OBJECTID">142</SimpleData>
		<SimpleData name="gml_id">se_sing_9de4172c_23ff_43c8_9f78_ddd7f7e3cf32.142</SimpleData>
		<SimpleData name="nombre">PALAFITOS</SimpleData>
		<SimpleData name="propiedad">ELIQSA</SimpleData>
		<SimpleData name="tension_kv">110|13,8</SimpleData>
		<SimpleData name="tipo">S/I</SimpleData>
		<SimpleData name="f_operacio">01-06-2001</SimpleData>
		<SimpleData name="rca">S/I</SimpleData>
		<SimpleData name="sist_elect">SING</SimpleData>
		<SimpleData name="estado">EN OPERACION</SimpleData>
		<SimpleData name="coord_este">381800</SimpleData>
		<SimpleData name="coord_nort">7763974</SimpleData>
		<SimpleData name="huso">19S</SimpleData>
		<SimpleData name="datum">WGS-84</SimpleData>
		<SimpleData name="region">REGION DE TARAPACA</SimpleData>
		<SimpleData name="provincia">IQUIQUE</SimpleData>
		<SimpleData name="comuna">IQUIQUE</SimpleData>
		<SimpleData name="fuente_bas">CDEC-SING</SimpleData>
		<SimpleData name="fech_crea">2014-12-04</SimpleData>
		<SimpleData name="fech_act">2016-12-15</SimpleData>
	</SchemaData></ExtendedData>
      <Point><coordinates>-70.13147328,-20.218154807</coordinates></Point>
  </Placemark>
  <Placemark id="subestaciones_sing.143">
	<name>IQUIQUE</name>
	<ExtendedData><SchemaData schemaUrl="#subestaciones_sing">
		<SimpleData name="OBJECTID">143</SimpleData>
		<SimpleData name="gml_id">se_sing_9de4172c_23ff_43c8_9f78_ddd7f7e3cf32.143</SimpleData>
		<SimpleData name="nombre">IQUIQUE</SimpleData>
		<SimpleData name="propiedad">ENGIE</SimpleData>
		<SimpleData name="tension_kv">66|13,8</SimpleData>
		<SimpleData name="tipo">S/I</SimpleData>
		<SimpleData name="f_operacio">01-06-1987</SimpleData>
		<SimpleData name="rca">S/I</SimpleData>
		<SimpleData name="sist_elect">SING</SimpleData>
		<SimpleData name="estado">EN OPERACION</SimpleData>
		<SimpleData name="coord_este">381950</SimpleData>
		<SimpleData name="coord_nort">7765227</SimpleData>
		<SimpleData name="huso">19S</SimpleData>
		<SimpleData name="datum">WGS-84</SimpleData>
		<SimpleData name="region">REGION DE TARAPACA</SimpleData>
		<SimpleData name="provincia">IQUIQUE</SimpleData>
		<SimpleData name="comuna">IQUIQUE</SimpleData>
		<SimpleData name="fuente_bas">CDEC-SING</SimpleData>
		<SimpleData name="fech_crea">2014-12-04</SimpleData>
		<SimpleData name="fech_act">2016-12-15</SimpleData>
	</SchemaData></ExtendedData>
      <Point><coordinates>-70.129955884,-20.206843566</coordinates></Point>
  </Placemark>
  <Placemark id="subestaciones_sing.144">
	<name>CENTRAL DIESEL IQUIQUE</name>
	<ExtendedData><SchemaData schemaUrl="#subestaciones_sing">
		<SimpleData name="OBJECTID">144</SimpleData>
		<SimpleData name="gml_id">se_sing_9de4172c_23ff_43c8_9f78_ddd7f7e3cf32.144</SimpleData>
		<SimpleData name="nombre">CENTRAL DIESEL IQUIQUE</SimpleData>
		<SimpleData name="propiedad">ENGIE</SimpleData>
		<SimpleData name="tension_kv">66|13,8|11,5|6,6|3</SimpleData>
		<SimpleData name="tipo">S/I</SimpleData>
		<SimpleData name="f_operacio">01-06-1957</SimpleData>
		<SimpleData name="rca">S/I</SimpleData>
		<SimpleData name="sist_elect">SING</SimpleData>
		<SimpleData name="estado">EN OPERACION</SimpleData>
		<SimpleData name="coord_este">380524</SimpleData>
		<SimpleData name="coord_nort">7765252</SimpleData>
		<SimpleData name="huso">19S</SimpleData>
		<SimpleData name="datum">WGS-84</SimpleData>
		<SimpleData name="region">REGION DE TARAPACA</SimpleData>
		<SimpleData name="provincia">IQUIQUE</SimpleData>
		<SimpleData name="comuna">IQUIQUE</SimpleData>
		<SimpleData name="fuente_bas">CDEC-SING</SimpleData>
		<SimpleData name="fech_crea">2014-12-04</SimpleData>
		<SimpleData name="fech_act">2016-12-15</SimpleData>
	</SchemaData></ExtendedData>
      <Point><coordinates>-70.143601654,-20.206529396</coordinates></Point>
  </Placemark>
  <Placemark id="subestaciones_sing.145">
	<name>CENTRAL DIESEL ZOFRI</name>
	<ExtendedData><SchemaData schemaUrl="#subestaciones_sing">
		<SimpleData name="OBJECTID">145</SimpleData>
		<SimpleData name="gml_id">se_sing_9de4172c_23ff_43c8_9f78_ddd7f7e3cf32.145</SimpleData>
		<SimpleData name="nombre">CENTRAL DIESEL ZOFRI</SimpleData>
		<SimpleData name="propiedad">ENORCHILE</SimpleData>
		<SimpleData name="tension_kv">13,2|0,4</SimpleData>
		<SimpleData name="tipo">S/I</SimpleData>
		<SimpleData name="f_operacio">01-02-2007</SimpleData>
		<SimpleData name="rca">S/I</SimpleData>
		<SimpleData name="sist_elect">SING</SimpleData>
		<SimpleData name="estado">EN OPERACION</SimpleData>
		<SimpleData name="coord_este">381945</SimpleData>
		<SimpleData name="coord_nort">7765271</SimpleData>
		<SimpleData name="huso">19S</SimpleData>
		<SimpleData name="datum">WGS-84</SimpleData>
		<SimpleData name="region">REGION DE TARAPACA</SimpleData>
		<SimpleData name="provincia">IQUIQUE</SimpleData>
		<SimpleData name="comuna">IQUIQUE</SimpleData>
		<SimpleData name="fuente_bas">CDEC-SING</SimpleData>
		<SimpleData name="fech_crea">2014-12-04</SimpleData>
		<SimpleData name="fech_act">2016-12-15</SimpleData>
	</SchemaData></ExtendedData>
      <Point><coordinates>-70.130000867,-20.206445731</coordinates></Point>
  </Placemark>
  <Placemark id="subestaciones_sing.146">
	<name>PACIFICO</name>
	<ExtendedData><SchemaData schemaUrl="#subestaciones_sing">
		<SimpleData name="OBJECTID">146</SimpleData>
		<SimpleData name="gml_id">se_sing_9de4172c_23ff_43c8_9f78_ddd7f7e3cf32.146</SimpleData>
		<SimpleData name="nombre">PACIFICO</SimpleData>
		<SimpleData name="propiedad">ELIQSA</SimpleData>
		<SimpleData name="tension_kv">110|13,8</SimpleData>
		<SimpleData name="tipo">S/I</SimpleData>
		<SimpleData name="f_operacio">01-02-2001</SimpleData>
		<SimpleData name="rca">S/I</SimpleData>
		<SimpleData name="sist_elect">SING</SimpleData>
		<SimpleData name="estado">EN OPERACION</SimpleData>
		<SimpleData name="coord_este">380490</SimpleData>
		<SimpleData name="coord_nort">7765337</SimpleData>
		<SimpleData name="huso">19S</SimpleData>
		<SimpleData name="datum">WGS-84</SimpleData>
		<SimpleData name="region">REGION DE TARAPACA</SimpleData>
		<SimpleData name="provincia">IQUIQUE</SimpleData>
		<SimpleData name="comuna">IQUIQUE</SimpleData>
		<SimpleData name="fuente_bas">CDEC-SING</SimpleData>
		<SimpleData name="fech_crea">2014-12-04</SimpleData>
		<SimpleData name="fech_act">2016-12-15</SimpleData>
	</SchemaData></ExtendedData>
      <Point><coordinates>-70.143921436,-20.205759331</coordinates></Point>
  </Placemark>
  <Placemark id="subestaciones_sing.147">
	<name>LA CASCADA HMC (SAGASCA)</name>
	<ExtendedData><SchemaData schemaUrl="#subestaciones_sing">
		<SimpleData name="OBJECTID">147</SimpleData>
		<SimpleData name="gml_id">se_sing_9de4172c_23ff_43c8_9f78_ddd7f7e3cf32.147</SimpleData>
		<SimpleData name="nombre">LA CASCADA HMC (SAGASCA)</SimpleData>
		<SimpleData name="propiedad">HALDEMAN</SimpleData>
		<SimpleData name="tension_kv">66|13,2|4,16</SimpleData>
		<SimpleData name="tipo">S/I</SimpleData>
		<SimpleData name="f_operacio">01-01-1971</SimpleData>
		<SimpleData name="rca">S/I</SimpleData>
		<SimpleData name="sist_elect">SING</SimpleData>
		<SimpleData name="estado">EN OPERACION</SimpleData>
		<SimpleData name="coord_este">465107.09</SimpleData>
		<SimpleData name="coord_nort">7767594.01</SimpleData>
		<SimpleData name="huso">19S</SimpleData>
		<SimpleData name="datum">WGS-84</SimpleData>
		<SimpleData name="region">REGION DE TARAPACA</SimpleData>
		<SimpleData name="provincia">IQUIQUE</SimpleData>
		<SimpleData name="comuna">POZO ALMONTE</SimpleData>
		<SimpleData name="fuente_bas">CDEC-SING</SimpleData>
		<SimpleData name="fech_crea">2014-12-04</SimpleData>
		<SimpleData name="fech_act">2016-12-15</SimpleData>
	</SchemaData></ExtendedData>
      <Point><coordinates>-69.333966022,-20.188770672</coordinates></Point>
  </Placemark>
  <Placemark id="subestaciones_sing.148">
	<name>CERRO COLORADO</name>
	<ExtendedData><SchemaData schemaUrl="#subestaciones_sing">
		<SimpleData name="OBJECTID">148</SimpleData>
		<SimpleData name="gml_id">se_sing_9de4172c_23ff_43c8_9f78_ddd7f7e3cf32.148</SimpleData>
		<SimpleData name="nombre">CERRO COLORADO</SimpleData>
		<SimpleData name="propiedad">MINERA CERRO COLORADO</SimpleData>
		<SimpleData name="tension_kv">110|12</SimpleData>
		<SimpleData name="tipo">S/I</SimpleData>
		<SimpleData name="f_operacio">01-09-1992</SimpleData>
		<SimpleData name="rca">S/I</SimpleData>
		<SimpleData name="sist_elect">SING</SimpleData>
		<SimpleData name="estado">EN OPERACION</SimpleData>
		<SimpleData name="coord_este">472023.99</SimpleData>
		<SimpleData name="coord_nort">7781410.29</SimpleData>
		<SimpleData name="huso">19S</SimpleData>
		<SimpleData name="datum">WGS-84</SimpleData>
		<SimpleData name="region">REGION DE TARAPACA</SimpleData>
		<SimpleData name="provincia">IQUIQUE</SimpleData>
		<SimpleData name="comuna">POZO ALMONTE</SimpleData>
		<SimpleData name="fuente_bas">CDEC-SING</SimpleData>
		<SimpleData name="fech_crea">2014-12-04</SimpleData>
		<SimpleData name="fech_act">2016-12-15</SimpleData>
	</SchemaData></ExtendedData>
      <Point><coordinates>-69.267551316,-20.064033681</coordinates></Point>
  </Placemark>
  <Placemark id="subestaciones_sing.149">
	<name>TAP OFF CERRO BALC├ôN</name>
	<ExtendedData><SchemaData schemaUrl="#subestaciones_sing">
		<SimpleData name="OBJECTID">149</SimpleData>
		<SimpleData name="gml_id">se_sing_9de4172c_23ff_43c8_9f78_ddd7f7e3cf32.149</SimpleData>
		<SimpleData name="nombre">TAP OFF CERRO BALC├ôN</SimpleData>
		<SimpleData name="propiedad">ENGIE</SimpleData>
		<SimpleData name="tension_kv">110</SimpleData>
		<SimpleData name="tipo">TAP OFF</SimpleData>
		<SimpleData name="f_operacio">01-06-1987</SimpleData>
		<SimpleData name="rca">S/I</SimpleData>
		<SimpleData name="sist_elect">SING</SimpleData>
		<SimpleData name="estado">EN OPERACION</SimpleData>
		<SimpleData name="coord_este">408667</SimpleData>
		<SimpleData name="coord_nort">7815654</SimpleData>
		<SimpleData name="huso">19S</SimpleData>
		<SimpleData name="datum">WGS-84</SimpleData>
		<SimpleData name="region">REGION DE TARAPACA</SimpleData>
		<SimpleData name="provincia">IQUIQUE</SimpleData>
		<SimpleData name="comuna">HUARA</SimpleData>
		<SimpleData name="fuente_bas">CDEC-SING</SimpleData>
		<SimpleData name="fech_crea">2014-12-04</SimpleData>
		<SimpleData name="fech_act">2016-12-15</SimpleData>
	</SchemaData></ExtendedData>
      <Point><coordinates>-69.87174114,-19.752661164</coordinates></Point>
  </Placemark>
  <Placemark id="subestaciones_sing.150">
	<name>TAP OFF DOLORES</name>
	<ExtendedData><SchemaData schemaUrl="#subestaciones_sing">
		<SimpleData name="OBJECTID">150</SimpleData>
		<SimpleData name="gml_id">se_sing_9de4172c_23ff_43c8_9f78_ddd7f7e3cf32.150</SimpleData>
		<SimpleData name="nombre">TAP OFF DOLORES</SimpleData>
		<SimpleData name="propiedad">ENGIE</SimpleData>
		<SimpleData name="tension_kv">110|24|13,8</SimpleData>
		<SimpleData name="tipo">TAP OFF</SimpleData>
		<SimpleData name="f_operacio">01-06-1987</SimpleData>
		<SimpleData name="rca">S/I</SimpleData>
		<SimpleData name="sist_elect">SING</SimpleData>
		<SimpleData name="estado">EN OPERACION</SimpleData>
		<SimpleData name="coord_este">400781</SimpleData>
		<SimpleData name="coord_nort">7830616</SimpleData>
		<SimpleData name="huso">19S</SimpleData>
		<SimpleData name="datum">WGS-84</SimpleData>
		<SimpleData name="region">REGION DE TARAPACA</SimpleData>
		<SimpleData name="provincia">IQUIQUE</SimpleData>
		<SimpleData name="comuna">HUARA</SimpleData>
		<SimpleData name="fuente_bas">CDEC-SING</SimpleData>
		<SimpleData name="fech_crea">2014-12-04</SimpleData>
		<SimpleData name="fech_act">2016-12-15</SimpleData>
	</SchemaData></ExtendedData>
      <Point><coordinates>-69.946208457,-19.617085764</coordinates></Point>
  </Placemark>
  <Placemark id="subestaciones_sing.151">
	<name>TAP OFF CHIZA</name>
	<ExtendedData><SchemaData schemaUrl="#subestaciones_sing">
		<SimpleData name="OBJECTID">151</SimpleData>
		<SimpleData name="gml_id">se_sing_9de4172c_23ff_43c8_9f78_ddd7f7e3cf32.151</SimpleData>
		<SimpleData name="nombre">TAP OFF CHIZA</SimpleData>
		<SimpleData name="propiedad">ENGIE</SimpleData>
		<SimpleData name="tension_kv">110</SimpleData>
		<SimpleData name="tipo">TAP OFF</SimpleData>
		<SimpleData name="f_operacio">01-06-1987</SimpleData>
		<SimpleData name="rca">S/I</SimpleData>
		<SimpleData name="sist_elect">SING</SimpleData>
		<SimpleData name="estado">EN OPERACION</SimpleData>
		<SimpleData name="coord_este">392516</SimpleData>
		<SimpleData name="coord_nort">7863852</SimpleData>
		<SimpleData name="huso">19S</SimpleData>
		<SimpleData name="datum">WGS-84</SimpleData>
		<SimpleData name="region">REGION DE TARAPACA</SimpleData>
		<SimpleData name="provincia">IQUIQUE</SimpleData>
		<SimpleData name="comuna">HUARA</SimpleData>
		<SimpleData name="fuente_bas">CDEC-SING</SimpleData>
		<SimpleData name="fech_crea">2014-12-04</SimpleData>
		<SimpleData name="fech_act">2016-12-15</SimpleData>
	</SchemaData></ExtendedData>
      <Point><coordinates>-70.023132968,-19.3163414169999</coordinates></Point>
  </Placemark>
  <Placemark id="subestaciones_sing.152">
	<name>TAP OFF CUYA</name>
	<ExtendedData><SchemaData schemaUrl="#subestaciones_sing">
		<SimpleData name="OBJECTID">152</SimpleData>
		<SimpleData name="gml_id">se_sing_9de4172c_23ff_43c8_9f78_ddd7f7e3cf32.152</SimpleData>
		<SimpleData name="nombre">TAP OFF CUYA</SimpleData>
		<SimpleData name="propiedad">ENGIE</SimpleData>
		<SimpleData name="tension_kv">110</SimpleData>
		<SimpleData name="tipo">TAP OFF</SimpleData>
		<SimpleData name="f_operacio">01-06-1987</SimpleData>
		<SimpleData name="rca">S/I</SimpleData>
		<SimpleData name="sist_elect">SING</SimpleData>
		<SimpleData name="estado">EN OPERACION</SimpleData>
		<SimpleData name="coord_este">375878</SimpleData>
		<SimpleData name="coord_nort">7881146</SimpleData>
		<SimpleData name="huso">19S</SimpleData>
		<SimpleData name="datum">WGS-84</SimpleData>
		<SimpleData name="region">REGION DE TARAPACA</SimpleData>
		<SimpleData name="provincia">IQUIQUE</SimpleData>
		<SimpleData name="comuna">HUARA</SimpleData>
		<SimpleData name="fuente_bas">CDEC-SING</SimpleData>
		<SimpleData name="fech_crea">2014-12-04</SimpleData>
		<SimpleData name="fech_act">2016-12-15</SimpleData>
	</SchemaData></ExtendedData>
      <Point><coordinates>-70.1803682619999,-19.1591242549999</coordinates></Point>
  </Placemark>
  <Placemark id="subestaciones_sing.153">
	<name>TAP OFF VITOR</name>
	<ExtendedData><SchemaData schemaUrl="#subestaciones_sing">
		<SimpleData name="OBJECTID">153</SimpleData>
		<SimpleData name="gml_id">se_sing_9de4172c_23ff_43c8_9f78_ddd7f7e3cf32.153</SimpleData>
		<SimpleData name="nombre">TAP OFF VITOR</SimpleData>
		<SimpleData name="propiedad">ENGIE</SimpleData>
		<SimpleData name="tension_kv">110</SimpleData>
		<SimpleData name="tipo">TAP OFF</SimpleData>
		<SimpleData name="f_operacio">01-06-1987</SimpleData>
		<SimpleData name="rca">S/I</SimpleData>
		<SimpleData name="sist_elect">SING</SimpleData>
		<SimpleData name="estado">EN OPERACION</SimpleData>
		<SimpleData name="coord_este">377574</SimpleData>
		<SimpleData name="coord_nort">7905097</SimpleData>
		<SimpleData name="huso">19S</SimpleData>
		<SimpleData name="datum">WGS-84</SimpleData>
		<SimpleData name="region">REGION DE ARICA Y PARINACOTA</SimpleData>
		<SimpleData name="provincia">ARICA</SimpleData>
		<SimpleData name="comuna">CAMARONES</SimpleData>
		<SimpleData name="fuente_bas">CDEC-SING</SimpleData>
		<SimpleData name="fech_crea">2014-12-04</SimpleData>
		<SimpleData name="fech_act">2016-12-15</SimpleData>
	</SchemaData></ExtendedData>
      <Point><coordinates>-70.162733508,-18.942811623</coordinates></Point>
  </Placemark>
  <Placemark id="subestaciones_sing.154">
	<name>TAP OFF VITOR N 2 MOVIL</name>
	<ExtendedData><SchemaData schemaUrl="#subestaciones_sing">
		<SimpleData name="OBJECTID">154</SimpleData>
		<SimpleData name="gml_id">se_sing_9de4172c_23ff_43c8_9f78_ddd7f7e3cf32.154</SimpleData>
		<SimpleData name="nombre">TAP OFF VITOR N 2 MOVIL</SimpleData>
		<SimpleData name="propiedad">ENGIE</SimpleData>
		<SimpleData name="tension_kv">110</SimpleData>
		<SimpleData name="tipo">TAP OFF</SimpleData>
		<SimpleData name="f_operacio">07-05-2016</SimpleData>
		<SimpleData name="rca">S/I</SimpleData>
		<SimpleData name="sist_elect">SING</SimpleData>
		<SimpleData name="estado">EN OPERACION</SimpleData>
		<SimpleData name="coord_este">377574</SimpleData>
		<SimpleData name="coord_nort">7905097</SimpleData>
		<SimpleData name="huso">19S</SimpleData>
		<SimpleData name="datum">WGS-84</SimpleData>
		<SimpleData name="region">REGION DE ARICA Y PARINACOTA</SimpleData>
		<SimpleData name="provincia">ARICA</SimpleData>
		<SimpleData name="comuna">CAMARONES</SimpleData>
		<SimpleData name="fuente_bas">CDEC-SING</SimpleData>
		<SimpleData name="fech_crea">2014-12-04</SimpleData>
		<SimpleData name="fech_act">2016-12-15</SimpleData>
	</SchemaData></ExtendedData>
      <Point><coordinates>-70.162733508,-18.942811623</coordinates></Point>
  </Placemark>
  <Placemark id="subestaciones_sing.155">
	<name>CHACA</name>
	<ExtendedData><SchemaData schemaUrl="#subestaciones_sing">
		<SimpleData name="OBJECTID">155</SimpleData>
		<SimpleData name="gml_id">se_sing_9de4172c_23ff_43c8_9f78_ddd7f7e3cf32.155</SimpleData>
		<SimpleData name="nombre">CHACA</SimpleData>
		<SimpleData name="propiedad">ENGIE</SimpleData>
		<SimpleData name="tension_kv">23</SimpleData>
		<SimpleData name="tipo">S/I</SimpleData>
		<SimpleData name="f_operacio">07-05-2016</SimpleData>
		<SimpleData name="rca">S/I</SimpleData>
		<SimpleData name="sist_elect">SING</SimpleData>
		<SimpleData name="estado">EN OPERACION</SimpleData>
		<SimpleData name="coord_este">382617.24</SimpleData>
		<SimpleData name="coord_nort">7911258.56</SimpleData>
		<SimpleData name="huso">19S</SimpleData>
		<SimpleData name="datum">WGS-84</SimpleData>
		<SimpleData name="region">REGION DE ARICA Y PARINACOTA</SimpleData>
		<SimpleData name="provincia">ARICA</SimpleData>
		<SimpleData name="comuna">CAMARONES</SimpleData>
		<SimpleData name="fuente_bas">CDEC-SING</SimpleData>
		<SimpleData name="fech_crea">2014-12-04</SimpleData>
		<SimpleData name="fech_act">2016-12-15</SimpleData>
	</SchemaData></ExtendedData>
      <Point><coordinates>-70.114473511,-18.8874295319999</coordinates></Point>
  </Placemark>
  <Placemark id="subestaciones_sing.156">
	<name>TAP OFF MAL PASO</name>
	<ExtendedData><SchemaData schemaUrl="#subestaciones_sing">
		<SimpleData name="OBJECTID">156</SimpleData>
		<SimpleData name="gml_id">se_sing_9de4172c_23ff_43c8_9f78_ddd7f7e3cf32.156</SimpleData>
		<SimpleData name="nombre">TAP OFF MAL PASO</SimpleData>
		<SimpleData name="propiedad">ENGIE</SimpleData>
		<SimpleData name="tension_kv">110</SimpleData>
		<SimpleData name="tipo">TAP OFF</SimpleData>
		<SimpleData name="f_operacio">01-06-1987</SimpleData>
		<SimpleData name="rca">S/I</SimpleData>
		<SimpleData name="sist_elect">SING</SimpleData>
		<SimpleData name="estado">EN OPERACION</SimpleData>
		<SimpleData name="coord_este">368291</SimpleData>
		<SimpleData name="coord_nort">7940723</SimpleData>
		<SimpleData name="huso">19S</SimpleData>
		<SimpleData name="datum">WGS-84</SimpleData>
		<SimpleData name="region">REGION DE ARICA Y PARINACOTA</SimpleData>
		<SimpleData name="provincia">ARICA</SimpleData>
		<SimpleData name="comuna">ARICA</SimpleData>
		<SimpleData name="fuente_bas">CDEC-SING</SimpleData>
		<SimpleData name="fech_crea">2014-12-04</SimpleData>
		<SimpleData name="fech_act">2016-12-15</SimpleData>
	</SchemaData></ExtendedData>
      <Point><coordinates>-70.248509515,-18.62033087</coordinates></Point>
  </Placemark>
  <Placemark id="subestaciones_sing.157">
	<name>PUKARA</name>
	<ExtendedData><SchemaData schemaUrl="#subestaciones_sing">
		<SimpleData name="OBJECTID">157</SimpleData>
		<SimpleData name="gml_id">se_sing_9de4172c_23ff_43c8_9f78_ddd7f7e3cf32.157</SimpleData>
		<SimpleData name="nombre">PUKARA</SimpleData>
		<SimpleData name="propiedad">EMELARI</SimpleData>
		<SimpleData name="tension_kv">66|13,8</SimpleData>
		<SimpleData name="tipo">S/I</SimpleData>
		<SimpleData name="f_operacio">01-06-2002</SimpleData>
		<SimpleData name="rca">S/I</SimpleData>
		<SimpleData name="sist_elect">SING</SimpleData>
		<SimpleData name="estado">EN OPERACION</SimpleData>
		<SimpleData name="coord_este">363812</SimpleData>
		<SimpleData name="coord_nort">7955487</SimpleData>
		<SimpleData name="huso">19S</SimpleData>
		<SimpleData name="datum">WGS-84</SimpleData>
		<SimpleData name="region">REGION DE ARICA Y PARINACOTA</SimpleData>
		<SimpleData name="provincia">ARICA</SimpleData>
		<SimpleData name="comuna">ARICA</SimpleData>
		<SimpleData name="fuente_bas">CDEC-SING</SimpleData>
		<SimpleData name="fech_crea">2014-12-04</SimpleData>
		<SimpleData name="fech_act">2016-12-15</SimpleData>
	</SchemaData></ExtendedData>
      <Point><coordinates>-70.289956936,-18.486639715</coordinates></Point>
  </Placemark>
  <Placemark id="subestaciones_sing.158">
	<name>ARICA</name>
	<ExtendedData><SchemaData schemaUrl="#subestaciones_sing">
		<SimpleData name="OBJECTID">158</SimpleData>
		<SimpleData name="gml_id">se_sing_9de4172c_23ff_43c8_9f78_ddd7f7e3cf32.158</SimpleData>
		<SimpleData name="nombre">ARICA</SimpleData>
		<SimpleData name="propiedad">ENGIE</SimpleData>
		<SimpleData name="tension_kv">110|66|13,8</SimpleData>
		<SimpleData name="tipo">S/I</SimpleData>
		<SimpleData name="f_operacio">01-06-1987</SimpleData>
		<SimpleData name="rca">S/I</SimpleData>
		<SimpleData name="sist_elect">SING</SimpleData>
		<SimpleData name="estado">EN OPERACION</SimpleData>
		<SimpleData name="coord_este">363942</SimpleData>
		<SimpleData name="coord_nort">7955631</SimpleData>
		<SimpleData name="huso">19S</SimpleData>
		<SimpleData name="datum">WGS-84</SimpleData>
		<SimpleData name="region">REGION DE ARICA Y PARINACOTA</SimpleData>
		<SimpleData name="provincia">ARICA</SimpleData>
		<SimpleData name="comuna">ARICA</SimpleData>
		<SimpleData name="fuente_bas">CDEC-SING</SimpleData>
		<SimpleData name="fech_crea">2014-12-04</SimpleData>
		<SimpleData name="fech_act">2016-12-15</SimpleData>
	</SchemaData></ExtendedData>
      <Point><coordinates>-70.2887160939999,-18.485346931</coordinates></Point>
  </Placemark>
  <Placemark id="subestaciones_sing.159">
	<name>PARINACOTA</name>
	<ExtendedData><SchemaData schemaUrl="#subestaciones_sing">
		<SimpleData name="OBJECTID">159</SimpleData>
		<SimpleData name="gml_id">se_sing_9de4172c_23ff_43c8_9f78_ddd7f7e3cf32.159</SimpleData>
		<SimpleData name="nombre">PARINACOTA</SimpleData>
		<SimpleData name="propiedad">TRANSEMEL</SimpleData>
		<SimpleData name="tension_kv">220|66|13,8</SimpleData>
		<SimpleData name="tipo">S/I</SimpleData>
		<SimpleData name="f_operacio">01-06-2002</SimpleData>
		<SimpleData name="rca">S/I</SimpleData>
		<SimpleData name="sist_elect">SING</SimpleData>
		<SimpleData name="estado">EN OPERACION</SimpleData>
		<SimpleData name="coord_este">365794</SimpleData>
		<SimpleData name="coord_nort">7956387</SimpleData>
		<SimpleData name="huso">19S</SimpleData>
		<SimpleData name="datum">WGS-84</SimpleData>
		<SimpleData name="region">REGION DE ARICA Y PARINACOTA</SimpleData>
		<SimpleData name="provincia">ARICA</SimpleData>
		<SimpleData name="comuna">ARICA</SimpleData>
		<SimpleData name="fuente_bas">CDEC-SING</SimpleData>
		<SimpleData name="fech_crea">2014-12-04</SimpleData>
		<SimpleData name="fech_act">2016-12-15</SimpleData>
	</SchemaData></ExtendedData>
      <Point><coordinates>-70.271127139,-18.478634303</coordinates></Point>
  </Placemark>
  <Placemark id="subestaciones_sing.160">
	<name>TAP OFF EL ├üGUILA</name>
	<ExtendedData><SchemaData schemaUrl="#subestaciones_sing">
		<SimpleData name="OBJECTID">160</SimpleData>
		<SimpleData name="gml_id">se_sing_9de4172c_23ff_43c8_9f78_ddd7f7e3cf32.160</SimpleData>
		<SimpleData name="nombre">TAP OFF EL ├üGUILA</SimpleData>
		<SimpleData name="propiedad">ENGIE</SimpleData>
		<SimpleData name="tension_kv">66|13,8</SimpleData>
		<SimpleData name="tipo">TAP OFF</SimpleData>
		<SimpleData name="f_operacio">01-02-1997</SimpleData>
		<SimpleData name="rca">S/I</SimpleData>
		<SimpleData name="sist_elect">SING</SimpleData>
		<SimpleData name="estado">EN OPERACION</SimpleData>
		<SimpleData name="coord_este">408566.731</SimpleData>
		<SimpleData name="coord_nort">7956796.344</SimpleData>
		<SimpleData name="huso">19S</SimpleData>
		<SimpleData name="datum">WGS-84</SimpleData>
		<SimpleData name="region">REGION DE ARICA Y PARINACOTA</SimpleData>
		<SimpleData name="provincia">ARICA</SimpleData>
		<SimpleData name="comuna">ARICA</SimpleData>
		<SimpleData name="fuente_bas">CDEC-SING</SimpleData>
		<SimpleData name="fech_crea">2014-12-04</SimpleData>
		<SimpleData name="fech_act">2016-12-15</SimpleData>
	</SchemaData></ExtendedData>
      <Point><coordinates>-69.866030334,-18.477220232</coordinates></Point>
  </Placemark>
  <Placemark id="subestaciones_sing.161">
	<name>CHINCHORRO</name>
	<ExtendedData><SchemaData schemaUrl="#subestaciones_sing">
		<SimpleData name="OBJECTID">161</SimpleData>
		<SimpleData name="gml_id">se_sing_9de4172c_23ff_43c8_9f78_ddd7f7e3cf32.161</SimpleData>
		<SimpleData name="nombre">CHINCHORRO</SimpleData>
		<SimpleData name="propiedad">EMELARI</SimpleData>
		<SimpleData name="tension_kv">66|13,8</SimpleData>
		<SimpleData name="tipo">S/I</SimpleData>
		<SimpleData name="f_operacio">01-06-2002</SimpleData>
		<SimpleData name="rca">S/I</SimpleData>
		<SimpleData name="sist_elect">SING</SimpleData>
		<SimpleData name="estado">EN OPERACION</SimpleData>
		<SimpleData name="coord_este">363101</SimpleData>
		<SimpleData name="coord_nort">7957610</SimpleData>
		<SimpleData name="huso">19S</SimpleData>
		<SimpleData name="datum">WGS-84</SimpleData>
		<SimpleData name="region">REGION DE ARICA Y PARINACOTA</SimpleData>
		<SimpleData name="provincia">ARICA</SimpleData>
		<SimpleData name="comuna">ARICA</SimpleData>
		<SimpleData name="fuente_bas">CDEC-SING</SimpleData>
		<SimpleData name="fech_crea">2014-12-04</SimpleData>
		<SimpleData name="fech_act">2016-12-15</SimpleData>
	</SchemaData></ExtendedData>
      <Point><coordinates>-70.2965459659999,-18.467410586</coordinates></Point>
  </Placemark>
  <Placemark id="subestaciones_sing.162">
	<name>CENTRAL DIESEL ARICA</name>
	<ExtendedData><SchemaData schemaUrl="#subestaciones_sing">
		<SimpleData name="OBJECTID">162</SimpleData>
		<SimpleData name="gml_id">se_sing_9de4172c_23ff_43c8_9f78_ddd7f7e3cf32.162</SimpleData>
		<SimpleData name="nombre">CENTRAL DIESEL ARICA</SimpleData>
		<SimpleData name="propiedad">ENGIE</SimpleData>
		<SimpleData name="tension_kv">66|13,8|6,6|4,16</SimpleData>
		<SimpleData name="tipo">S/I</SimpleData>
		<SimpleData name="f_operacio">01-06-1954</SimpleData>
		<SimpleData name="rca">S/I</SimpleData>
		<SimpleData name="sist_elect">SING</SimpleData>
		<SimpleData name="estado">EN OPERACION</SimpleData>
		<SimpleData name="coord_este">362387.17</SimpleData>
		<SimpleData name="coord_nort">7957621.39</SimpleData>
		<SimpleData name="huso">19S</SimpleData>
		<SimpleData name="datum">WGS-84</SimpleData>
		<SimpleData name="region">REGION DE ARICA Y PARINACOTA</SimpleData>
		<SimpleData name="provincia">ARICA</SimpleData>
		<SimpleData name="comuna">ARICA</SimpleData>
		<SimpleData name="fuente_bas">CDEC-SING</SimpleData>
		<SimpleData name="fech_crea">2014-12-04</SimpleData>
		<SimpleData name="fech_act">2016-12-15</SimpleData>
	</SchemaData></ExtendedData>
      <Point><coordinates>-70.3033044589999,-18.467261304</coordinates></Point>
  </Placemark>
  <Placemark id="subestaciones_sing.163">
	<name>TAP OFF QUIANI</name>
	<ExtendedData><SchemaData schemaUrl="#subestaciones_sing">
		<SimpleData name="OBJECTID">163</SimpleData>
		<SimpleData name="gml_id">se_sing_9de4172c_23ff_43c8_9f78_ddd7f7e3cf32.163</SimpleData>
		<SimpleData name="nombre">TAP OFF QUIANI</SimpleData>
		<SimpleData name="propiedad">EMELARI</SimpleData>
		<SimpleData name="tension_kv">66</SimpleData>
		<SimpleData name="tipo">TAP OFF</SimpleData>
		<SimpleData name="f_operacio">01-06-2002</SimpleData>
		<SimpleData name="rca">S/I</SimpleData>
		<SimpleData name="sist_elect">SING</SimpleData>
		<SimpleData name="estado">EN OPERACION</SimpleData>
		<SimpleData name="coord_este">364362</SimpleData>
		<SimpleData name="coord_nort">7958785</SimpleData>
		<SimpleData name="huso">19S</SimpleData>
		<SimpleData name="datum">WGS-84</SimpleData>
		<SimpleData name="region">REGION DE ARICA Y PARINACOTA</SimpleData>
		<SimpleData name="provincia">ARICA</SimpleData>
		<SimpleData name="comuna">ARICA</SimpleData>
		<SimpleData name="fuente_bas">CDEC-SING</SimpleData>
		<SimpleData name="fech_crea">2014-12-04</SimpleData>
		<SimpleData name="fech_act">2016-12-15</SimpleData>
	</SchemaData></ExtendedData>
      <Point><coordinates>-70.284526477,-18.4568746919999</coordinates></Point>
  </Placemark>
  <Placemark id="subestaciones_sing.164">
	<name>LLUTA</name>
	<ExtendedData><SchemaData schemaUrl="#subestaciones_sing">
		<SimpleData name="OBJECTID">164</SimpleData>
		<SimpleData name="gml_id">se_sing_9de4172c_23ff_43c8_9f78_ddd7f7e3cf32.164</SimpleData>
		<SimpleData name="nombre">LLUTA</SimpleData>
		<SimpleData name="propiedad">ENGIE</SimpleData>
		<SimpleData name="tension_kv">13,8</SimpleData>
		<SimpleData name="tipo">S/I</SimpleData>
		<SimpleData name="f_operacio">S/I</SimpleData>
		<SimpleData name="rca">S/I</SimpleData>
		<SimpleData name="sist_elect">SING</SimpleData>
		<SimpleData name="estado">EN OPERACION</SimpleData>
		<SimpleData name="coord_este">406412.86</SimpleData>
		<SimpleData name="coord_nort">7960127.63</SimpleData>
		<SimpleData name="huso">19S</SimpleData>
		<SimpleData name="datum">WGS-84</SimpleData>
		<SimpleData name="region">REGION DE ARICA Y PARINACOTA</SimpleData>
		<SimpleData name="provincia">ARICA</SimpleData>
		<SimpleData name="comuna">ARICA</SimpleData>
		<SimpleData name="fuente_bas">CDEC-SING</SimpleData>
		<SimpleData name="fech_crea">2014-12-04</SimpleData>
		<SimpleData name="fech_act">2016-12-15</SimpleData>
	</SchemaData></ExtendedData>
      <Point><coordinates>-69.8862748569999,-18.447020661</coordinates></Point>
  </Placemark>
  <Placemark id="subestaciones_sing.165">
	<name>CENTRAL DIESEL INACAL</name>
	<ExtendedData><SchemaData schemaUrl="#subestaciones_sing">
		<SimpleData name="OBJECTID">165</SimpleData>
		<SimpleData name="gml_id">se_sing_9de4172c_23ff_43c8_9f78_ddd7f7e3cf32.165</SimpleData>
		<SimpleData name="nombre">CENTRAL DIESEL INACAL</SimpleData>
		<SimpleData name="propiedad">EQUIPOS DE GENERACION</SimpleData>
		<SimpleData name="tension_kv">23|6,3</SimpleData>
		<SimpleData name="tipo">S/I</SimpleData>
		<SimpleData name="f_operacio">16-09-2009</SimpleData>
		<SimpleData name="rca">S/I</SimpleData>
		<SimpleData name="sist_elect">SING</SimpleData>
		<SimpleData name="estado">EN OPERACION</SimpleData>
		<SimpleData name="coord_este">406367.14</SimpleData>
		<SimpleData name="coord_nort">7960309.14</SimpleData>
		<SimpleData name="huso">19S</SimpleData>
		<SimpleData name="datum">WGS-84</SimpleData>
		<SimpleData name="region">REGION DE ARICA Y PARINACOTA</SimpleData>
		<SimpleData name="provincia">ARICA</SimpleData>
		<SimpleData name="comuna">ARICA</SimpleData>
		<SimpleData name="fuente_bas">CDEC-SING</SimpleData>
		<SimpleData name="fech_crea">2014-12-04</SimpleData>
		<SimpleData name="fech_act">2016-12-15</SimpleData>
	</SchemaData></ExtendedData>
      <Point><coordinates>-69.8866993729999,-18.445378309</coordinates></Point>
  </Placemark>
  <Placemark id="subestaciones_sing.166">
	<name>QUIANI</name>
	<ExtendedData><SchemaData schemaUrl="#subestaciones_sing">
		<SimpleData name="OBJECTID">166</SimpleData>
		<SimpleData name="gml_id">se_sing_9de4172c_23ff_43c8_9f78_ddd7f7e3cf32.166</SimpleData>
		<SimpleData name="nombre">QUIANI</SimpleData>
		<SimpleData name="propiedad">EMELARI</SimpleData>
		<SimpleData name="tension_kv">66|13,8</SimpleData>
		<SimpleData name="tipo">S/I</SimpleData>
		<SimpleData name="f_operacio">01-06-2002</SimpleData>
		<SimpleData name="rca">S/I</SimpleData>
		<SimpleData name="sist_elect">SING</SimpleData>
		<SimpleData name="estado">EN OPERACION</SimpleData>
		<SimpleData name="coord_este">363295</SimpleData>
		<SimpleData name="coord_nort">7961883</SimpleData>
		<SimpleData name="huso">19S</SimpleData>
		<SimpleData name="datum">WGS-84</SimpleData>
		<SimpleData name="region">REGION DE ARICA Y PARINACOTA</SimpleData>
		<SimpleData name="provincia">ARICA</SimpleData>
		<SimpleData name="comuna">ARICA</SimpleData>
		<SimpleData name="fuente_bas">CDEC-SING</SimpleData>
		<SimpleData name="fech_crea">2014-12-04</SimpleData>
		<SimpleData name="fech_act">2016-12-15</SimpleData>
	</SchemaData></ExtendedData>
      <Point><coordinates>-70.2944196609999,-18.428812751</coordinates></Point>
  </Placemark>
  <Placemark id="subestaciones_sing.167">
	<name>CENTRAL CHAPIQUINA</name>
	<ExtendedData><SchemaData schemaUrl="#subestaciones_sing">
		<SimpleData name="OBJECTID">167</SimpleData>
		<SimpleData name="gml_id">se_sing_9de4172c_23ff_43c8_9f78_ddd7f7e3cf32.167</SimpleData>
		<SimpleData name="nombre">CENTRAL CHAPIQUINA</SimpleData>
		<SimpleData name="propiedad">ENGIE</SimpleData>
		<SimpleData name="tension_kv">66|23|3</SimpleData>
		<SimpleData name="tipo">S/I</SimpleData>
		<SimpleData name="f_operacio">01-06-1967</SimpleData>
		<SimpleData name="rca">S/I</SimpleData>
		<SimpleData name="sist_elect">SING</SimpleData>
		<SimpleData name="estado">EN OPERACION</SimpleData>
		<SimpleData name="coord_este">442019.24</SimpleData>
		<SimpleData name="coord_nort">7968499.66</SimpleData>
		<SimpleData name="huso">19S</SimpleData>
		<SimpleData name="datum">WGS-84</SimpleData>
		<SimpleData name="region">REGION DE ARICA Y PARINACOTA</SimpleData>
		<SimpleData name="provincia">PARINACOTA</SimpleData>
		<SimpleData name="comuna">PUTRE</SimpleData>
		<SimpleData name="fuente_bas">CDEC-SING</SimpleData>
		<SimpleData name="fech_crea">2014-12-04</SimpleData>
		<SimpleData name="fech_act">2016-12-15</SimpleData>
	</SchemaData></ExtendedData>
      <Point><coordinates>-69.548855722,-18.372631183</coordinates></Point>
  </Placemark>
</Folder>
</Document></kml>
