<?xml version="1.0" encoding="utf-8" ?>
<kml xmlns="http://www.opengis.net/kml/2.2">
<Document id="root_doc">
<Schema name="termoelectricas" id="termoelectricas">
	<SimpleField name="OBJECTID_1" type="string"></SimpleField>
	<SimpleField name="gml_id" type="string"></SimpleField>
	<SimpleField name="objectid" type="string"></SimpleField>
	<SimpleField name="nombre" type="string"></SimpleField>
	<SimpleField name="propiedad" type="string"></SimpleField>
	<SimpleField name="tipo" type="string"></SimpleField>
	<SimpleField name="combustibl" type="string"></SimpleField>
	<SimpleField name="potencia" type="float"></SimpleField>
	<SimpleField name="unidades" type="string"></SimpleField>
	<SimpleField name="rca" type="string"></SimpleField>
	<SimpleField name="sist_elect" type="string"></SimpleField>
	<SimpleField name="estado" type="string"></SimpleField>
	<SimpleField name="f_operacio" type="string"></SimpleField>
	<SimpleField name="medio_gx" type="string"></SimpleField>
	<SimpleField name="coord_este" type="string"></SimpleField>
	<SimpleField name="coord_nort" type="string"></SimpleField>
	<SimpleField name="datum" type="string"></SimpleField>
	<SimpleField name="huso" type="string"></SimpleField>
	<SimpleField name="region" type="string"></SimpleField>
	<SimpleField name="provincia" type="string"></SimpleField>
	<SimpleField name="comuna" type="string"></SimpleField>
	<SimpleField name="fuente_bas" type="string"></SimpleField>
	<SimpleField name="fech_crea" type="string"></SimpleField>
	<SimpleField name="fech_act" type="string"></SimpleField>
	<SimpleField name="Lat" type="float"></SimpleField>
	<SimpleField name="Long" type="float"></SimpleField>
</Schema>
<Folder><name>termoelectricas</name>
  <Placemark id="termoelectricas.1">
	<name>AGUAS BLANCAS</name>
	<ExtendedData><SchemaData schemaUrl="#termoelectricas">
		<SimpleData name="OBJECTID_1">1</SimpleData>
		<SimpleData name="gml_id">termoel_ctricas_ab7d0ebd_96b7_481f_8804_f05173a82eef.1</SimpleData>
		<SimpleData name="objectid">1</SimpleData>
		<SimpleData name="nombre">AGUAS BLANCAS</SimpleData>
		<SimpleData name="propiedad">INGENOVA</SimpleData>
		<SimpleData name="tipo">TERMOELECTRICA</SimpleData>
		<SimpleData name="combustibl">PETROLEO DIESEL</SimpleData>
		<SimpleData name="potencia">1.83</SimpleData>
		<SimpleData name="unidades">1</SimpleData>
		<SimpleData name="rca">S/I</SimpleData>
		<SimpleData name="sist_elect">SEN</SimpleData>
		<SimpleData name="estado">EN OPERACION</SimpleData>
		<SimpleData name="f_operacio">2013</SimpleData>
		<SimpleData name="medio_gx">NO APLICA</SimpleData>
		<SimpleData name="coord_este">412154</SimpleData>
		<SimpleData name="coord_nort">7330497</SimpleData>
		<SimpleData name="datum">WGS 1984</SimpleData>
		<SimpleData name="huso">19 SUR</SimpleData>
		<SimpleData name="region">ARICA Y PARINACOTA</SimpleData>
		<SimpleData name="provincia">ARICA</SimpleData>
		<SimpleData name="comuna">CAMARONES</SimpleData>
		<SimpleData name="fuente_bas">CNE</SimpleData>
		<SimpleData name="fech_crea">10/12/2014</SimpleData>
		<SimpleData name="fech_act">2018-06-30</SimpleData>
		<SimpleData name="Lat">-24.1355</SimpleData>
		<SimpleData name="Long">-69.8646</SimpleData>
	</SchemaData></ExtendedData>
      <Point><coordinates>-69.8645999999999,-24.1355</coordinates></Point>
  </Placemark>
  <Placemark id="termoelectricas.2">
	<name>ANDES GENERACION</name>
	<ExtendedData><SchemaData schemaUrl="#termoelectricas">
		<SimpleData name="OBJECTID_1">2</SimpleData>
		<SimpleData name="gml_id">termoel_ctricas_ab7d0ebd_96b7_481f_8804_f05173a82eef.2</SimpleData>
		<SimpleData name="objectid">2</SimpleData>
		<SimpleData name="nombre">ANDES GENERACION</SimpleData>
		<SimpleData name="propiedad">ANDES GENERACION</SimpleData>
		<SimpleData name="tipo">TERMOELECTRICA</SimpleData>
		<SimpleData name="combustibl">PETROLEO DIESEL</SimpleData>
		<SimpleData name="potencia">32.5</SimpleData>
		<SimpleData name="unidades">2</SimpleData>
		<SimpleData name="rca">97/2013</SimpleData>
		<SimpleData name="sist_elect">SEN</SimpleData>
		<SimpleData name="estado">EN OPERACION</SimpleData>
		<SimpleData name="f_operacio">2017</SimpleData>
		<SimpleData name="medio_gx">NO APLICA</SimpleData>
		<SimpleData name="coord_este">395874</SimpleData>
		<SimpleData name="coord_nort">7078896</SimpleData>
		<SimpleData name="datum">WGS 1984</SimpleData>
		<SimpleData name="huso">19 SUR</SimpleData>
		<SimpleData name="region">ATACAMA</SimpleData>
		<SimpleData name="provincia">CHANARAL</SimpleData>
		<SimpleData name="comuna">DIEGO DE ALMAGRO</SimpleData>
		<SimpleData name="fuente_bas">CNE</SimpleData>
		<SimpleData name="fech_crea">10/12/2014</SimpleData>
		<SimpleData name="fech_act">2018-06-30</SimpleData>
		<SimpleData name="Lat">-26.4063</SimpleData>
		<SimpleData name="Long">-70.044</SimpleData>
	</SchemaData></ExtendedData>
      <Point><coordinates>-70.044,-26.4062999999999</coordinates></Point>
  </Placemark>
  <Placemark id="termoelectricas.3">
	<name>ANTILHUE (U1 Y U2)</name>
	<ExtendedData><SchemaData schemaUrl="#termoelectricas">
		<SimpleData name="OBJECTID_1">3</SimpleData>
		<SimpleData name="gml_id">termoel_ctricas_ab7d0ebd_96b7_481f_8804_f05173a82eef.3</SimpleData>
		<SimpleData name="objectid">3</SimpleData>
		<SimpleData name="nombre">ANTILHUE (U1 Y U2)</SimpleData>
		<SimpleData name="propiedad">COLBUN S.A.</SimpleData>
		<SimpleData name="tipo">TERMOELECTRICA</SimpleData>
		<SimpleData name="combustibl">PETROLEO DIESEL</SimpleData>
		<SimpleData name="potencia">102.5</SimpleData>
		<SimpleData name="unidades">2</SimpleData>
		<SimpleData name="rca">91/1999</SimpleData>
		<SimpleData name="sist_elect">SEN</SimpleData>
		<SimpleData name="estado">EN OPERACION</SimpleData>
		<SimpleData name="f_operacio">2005</SimpleData>
		<SimpleData name="medio_gx">NO APLICA</SimpleData>
		<SimpleData name="coord_este">141661</SimpleData>
		<SimpleData name="coord_nort">5585958</SimpleData>
		<SimpleData name="datum">WGS 1984</SimpleData>
		<SimpleData name="huso">19 SUR</SimpleData>
		<SimpleData name="region">LOS RIOS</SimpleData>
		<SimpleData name="provincia">VALDIVIA</SimpleData>
		<SimpleData name="comuna">VALDIVIA</SimpleData>
		<SimpleData name="fuente_bas">CNE</SimpleData>
		<SimpleData name="fech_crea">10/12/2014</SimpleData>
		<SimpleData name="fech_act">2018-06-30</SimpleData>
		<SimpleData name="Lat">-39.8009</SimpleData>
		<SimpleData name="Long">-73.1852</SimpleData>
	</SchemaData></ExtendedData>
      <Point><coordinates>-73.1852,-39.8009</coordinates></Point>
  </Placemark>
  <Placemark id="termoelectricas.4">
	<name>ATACAMA</name>
	<ExtendedData><SchemaData schemaUrl="#termoelectricas">
		<SimpleData name="OBJECTID_1">4</SimpleData>
		<SimpleData name="gml_id">termoel_ctricas_ab7d0ebd_96b7_481f_8804_f05173a82eef.4</SimpleData>
		<SimpleData name="objectid">4</SimpleData>
		<SimpleData name="nombre">ATACAMA</SimpleData>
		<SimpleData name="propiedad">GASATACAMA</SimpleData>
		<SimpleData name="tipo">TERMOELECTRICA</SimpleData>
		<SimpleData name="combustibl">GAS NATURAL</SimpleData>
		<SimpleData name="potencia">780.6</SimpleData>
		<SimpleData name="unidades">6</SimpleData>
		<SimpleData name="rca">S/I</SimpleData>
		<SimpleData name="sist_elect">SEN</SimpleData>
		<SimpleData name="estado">EN OPERACION</SimpleData>
		<SimpleData name="f_operacio">1999</SimpleData>
		<SimpleData name="medio_gx">NO APLICA</SimpleData>
		<SimpleData name="coord_este">354849</SimpleData>
		<SimpleData name="coord_nort">7445660</SimpleData>
		<SimpleData name="datum">WGS 1984</SimpleData>
		<SimpleData name="huso">19 SUR</SimpleData>
		<SimpleData name="region">TARAPACA</SimpleData>
		<SimpleData name="provincia">IQUIQUE</SimpleData>
		<SimpleData name="comuna">PICA</SimpleData>
		<SimpleData name="fuente_bas">CNE</SimpleData>
		<SimpleData name="fech_crea">10/12/2014</SimpleData>
		<SimpleData name="fech_act">2018-06-30</SimpleData>
		<SimpleData name="Lat">-23.0914</SimpleData>
		<SimpleData name="Long">-70.4172</SimpleData>
	</SchemaData></ExtendedData>
      <Point><coordinates>-70.4172,-23.0914</coordinates></Point>
  </Placemark>
  <Placemark id="termoelectricas.5">
	<name>AYSEN TERMICO</name>
	<ExtendedData><SchemaData schemaUrl="#termoelectricas">
		<SimpleData name="OBJECTID_1">5</SimpleData>
		<SimpleData name="gml_id">termoel_ctricas_ab7d0ebd_96b7_481f_8804_f05173a82eef.5</SimpleData>
		<SimpleData name="objectid">5</SimpleData>
		<SimpleData name="nombre">AYSEN TERMICO</SimpleData>
		<SimpleData name="propiedad">EDELAYSEN</SimpleData>
		<SimpleData name="tipo">TERMOELECTRICA</SimpleData>
		<SimpleData name="combustibl">PETROLEO DIESEL</SimpleData>
		<SimpleData name="potencia">1.2</SimpleData>
		<SimpleData name="unidades">1</SimpleData>
		<SimpleData name="rca">S/I</SimpleData>
		<SimpleData name="sist_elect">AYSEN</SimpleData>
		<SimpleData name="estado">EN OPERACION</SimpleData>
		<SimpleData name="f_operacio">1997</SimpleData>
		<SimpleData name="medio_gx">NO APLICA</SimpleData>
		<SimpleData name="coord_este">209554</SimpleData>
		<SimpleData name="coord_nort">4968694</SimpleData>
		<SimpleData name="datum">WGS 1984</SimpleData>
		<SimpleData name="huso">19 SUR</SimpleData>
		<SimpleData name="region">AYSEN</SimpleData>
		<SimpleData name="provincia">AYSEN</SimpleData>
		<SimpleData name="comuna">AYSEN</SimpleData>
		<SimpleData name="fuente_bas">CNE</SimpleData>
		<SimpleData name="fech_crea">10/12/2014</SimpleData>
		<SimpleData name="fech_act">2018-06-30</SimpleData>
		<SimpleData name="Lat">-45.375</SimpleData>
		<SimpleData name="Long">-72.7095</SimpleData>
	</SchemaData></ExtendedData>
      <Point><coordinates>-72.7094999999999,-45.3749999999999</coordinates></Point>
  </Placemark>
  <Placemark id="termoelectricas.6">
	<name>AYSEN TERMICO PROVISORIA</name>
	<ExtendedData><SchemaData schemaUrl="#termoelectricas">
		<SimpleData name="OBJECTID_1">6</SimpleData>
		<SimpleData name="gml_id">termoel_ctricas_ab7d0ebd_96b7_481f_8804_f05173a82eef.6</SimpleData>
		<SimpleData name="objectid">6</SimpleData>
		<SimpleData name="nombre">AYSEN TERMICO PROVISORIA</SimpleData>
		<SimpleData name="propiedad">EDELAYSEN</SimpleData>
		<SimpleData name="tipo">TERMOELECTRICA</SimpleData>
		<SimpleData name="combustibl">PETROLEO DIESEL</SimpleData>
		<SimpleData name="potencia">1.6</SimpleData>
		<SimpleData name="unidades">1</SimpleData>
		<SimpleData name="rca">S/I</SimpleData>
		<SimpleData name="sist_elect">AYSEN</SimpleData>
		<SimpleData name="estado">EN OPERACION</SimpleData>
		<SimpleData name="f_operacio">1997</SimpleData>
		<SimpleData name="medio_gx">NO APLICA</SimpleData>
		<SimpleData name="coord_este">209554</SimpleData>
		<SimpleData name="coord_nort">4968694</SimpleData>
		<SimpleData name="datum">WGS 1984</SimpleData>
		<SimpleData name="huso">19 SUR</SimpleData>
		<SimpleData name="region">AYSEN</SimpleData>
		<SimpleData name="provincia">AYSEN</SimpleData>
		<SimpleData name="comuna">AYSEN</SimpleData>
		<SimpleData name="fuente_bas">CNE</SimpleData>
		<SimpleData name="fech_crea">S/I</SimpleData>
		<SimpleData name="fech_act">2018-06-30</SimpleData>
		<SimpleData name="Lat">-45.375</SimpleData>
		<SimpleData name="Long">-72.7095</SimpleData>
	</SchemaData></ExtendedData>
      <Point><coordinates>-72.7094999999999,-45.3749999999999</coordinates></Point>
  </Placemark>
  <Placemark id="termoelectricas.7">
	<name>BIO CRUZ</name>
	<ExtendedData><SchemaData schemaUrl="#termoelectricas">
		<SimpleData name="OBJECTID_1">7</SimpleData>
		<SimpleData name="gml_id">termoel_ctricas_ab7d0ebd_96b7_481f_8804_f05173a82eef.7</SimpleData>
		<SimpleData name="objectid">7</SimpleData>
		<SimpleData name="nombre">BIO CRUZ</SimpleData>
		<SimpleData name="propiedad">BIO CRUZ GENERACION</SimpleData>
		<SimpleData name="tipo">TERMOELECTRICA</SimpleData>
		<SimpleData name="combustibl">GAS NATURAL / PETROLEO</SimpleData>
		<SimpleData name="potencia">1.8</SimpleData>
		<SimpleData name="unidades">1</SimpleData>
		<SimpleData name="rca">S/I</SimpleData>
		<SimpleData name="sist_elect">SEN</SimpleData>
		<SimpleData name="estado">EN OPERACION</SimpleData>
		<SimpleData name="f_operacio">2012</SimpleData>
		<SimpleData name="medio_gx">PMGD</SimpleData>
		<SimpleData name="coord_este">291771</SimpleData>
		<SimpleData name="coord_nort">6362884</SimpleData>
		<SimpleData name="datum">WGS 1984</SimpleData>
		<SimpleData name="huso">19 SUR</SimpleData>
		<SimpleData name="region">VALPARAISO</SimpleData>
		<SimpleData name="provincia">QUILLOTA</SimpleData>
		<SimpleData name="comuna">LA CRUZ</SimpleData>
		<SimpleData name="fuente_bas">CNE</SimpleData>
		<SimpleData name="fech_crea">10/12/2014</SimpleData>
		<SimpleData name="fech_act">2018-06-30</SimpleData>
		<SimpleData name="Lat">-32.8524</SimpleData>
		<SimpleData name="Long">-71.2251</SimpleData>
	</SchemaData></ExtendedData>
      <Point><coordinates>-71.2250999999999,-32.8523999999999</coordinates></Point>
  </Placemark>
  <Placemark id="termoelectricas.8">
	<name>BIOMAR</name>
	<ExtendedData><SchemaData schemaUrl="#termoelectricas">
		<SimpleData name="OBJECTID_1">8</SimpleData>
		<SimpleData name="gml_id">termoel_ctricas_ab7d0ebd_96b7_481f_8804_f05173a82eef.8</SimpleData>
		<SimpleData name="objectid">8</SimpleData>
		<SimpleData name="nombre">BIOMAR</SimpleData>
		<SimpleData name="propiedad">SAGESA</SimpleData>
		<SimpleData name="tipo">TERMOELECTRICA</SimpleData>
		<SimpleData name="combustibl">PETROLEO DIESEL</SimpleData>
		<SimpleData name="potencia">2.4</SimpleData>
		<SimpleData name="unidades">3</SimpleData>
		<SimpleData name="rca">S/I</SimpleData>
		<SimpleData name="sist_elect">SEN</SimpleData>
		<SimpleData name="estado">EN OPERACION</SimpleData>
		<SimpleData name="f_operacio">2009</SimpleData>
		<SimpleData name="medio_gx">PMGD</SimpleData>
		<SimpleData name="coord_este">131667</SimpleData>
		<SimpleData name="coord_nort">5364924</SimpleData>
		<SimpleData name="datum">WGS 1984</SimpleData>
		<SimpleData name="huso">19 SUR</SimpleData>
		<SimpleData name="region">LOS LAGOS</SimpleData>
		<SimpleData name="provincia">LLANQUIHUE</SimpleData>
		<SimpleData name="comuna">CALBUCO</SimpleData>
		<SimpleData name="fuente_bas">CNE</SimpleData>
		<SimpleData name="fech_crea">10/12/2014</SimpleData>
		<SimpleData name="fech_act">2018-06-30</SimpleData>
		<SimpleData name="Lat">-41.782</SimpleData>
		<SimpleData name="Long">-73.4319</SimpleData>
	</SchemaData></ExtendedData>
      <Point><coordinates>-73.4319,-41.782</coordinates></Point>
  </Placemark>
  <Placemark id="termoelectricas.9">
	<name>BOCAMINA</name>
	<ExtendedData><SchemaData schemaUrl="#termoelectricas">
		<SimpleData name="OBJECTID_1">9</SimpleData>
		<SimpleData name="gml_id">termoel_ctricas_ab7d0ebd_96b7_481f_8804_f05173a82eef.9</SimpleData>
		<SimpleData name="objectid">9</SimpleData>
		<SimpleData name="nombre">BOCAMINA</SimpleData>
		<SimpleData name="propiedad">ENDESA</SimpleData>
		<SimpleData name="tipo">TERMOELECTRICA</SimpleData>
		<SimpleData name="combustibl">CARBON</SimpleData>
		<SimpleData name="potencia">130</SimpleData>
		<SimpleData name="unidades">1</SimpleData>
		<SimpleData name="rca">S/I</SimpleData>
		<SimpleData name="sist_elect">SEN</SimpleData>
		<SimpleData name="estado">EN OPERACION</SimpleData>
		<SimpleData name="f_operacio">1970</SimpleData>
		<SimpleData name="medio_gx">NO APLICA</SimpleData>
		<SimpleData name="coord_este">129222</SimpleData>
		<SimpleData name="coord_nort">5894617</SimpleData>
		<SimpleData name="datum">WGS 1984</SimpleData>
		<SimpleData name="huso">19 SUR</SimpleData>
		<SimpleData name="region">BIOBIO</SimpleData>
		<SimpleData name="provincia">CONCEPCION</SimpleData>
		<SimpleData name="comuna">CORONEL</SimpleData>
		<SimpleData name="fuente_bas">CNE</SimpleData>
		<SimpleData name="fech_crea">10/12/2014</SimpleData>
		<SimpleData name="fech_act">2018-06-30</SimpleData>
		<SimpleData name="Lat">-37.0215</SimpleData>
		<SimpleData name="Long">-73.1673</SimpleData>
	</SchemaData></ExtendedData>
      <Point><coordinates>-73.1673,-37.0214999999999</coordinates></Point>
  </Placemark>
  <Placemark id="termoelectricas.10">
	<name>BOCAMINA II</name>
	<ExtendedData><SchemaData schemaUrl="#termoelectricas">
		<SimpleData name="OBJECTID_1">10</SimpleData>
		<SimpleData name="gml_id">termoel_ctricas_ab7d0ebd_96b7_481f_8804_f05173a82eef.10</SimpleData>
		<SimpleData name="objectid">10</SimpleData>
		<SimpleData name="nombre">BOCAMINA II</SimpleData>
		<SimpleData name="propiedad">ENDESA</SimpleData>
		<SimpleData name="tipo">TERMOELECTRICA</SimpleData>
		<SimpleData name="combustibl">CARBON</SimpleData>
		<SimpleData name="potencia">350</SimpleData>
		<SimpleData name="unidades">1</SimpleData>
		<SimpleData name="rca">S/I</SimpleData>
		<SimpleData name="sist_elect">SEN</SimpleData>
		<SimpleData name="estado">EN OPERACION</SimpleData>
		<SimpleData name="f_operacio">2012</SimpleData>
		<SimpleData name="medio_gx">NO APLICA</SimpleData>
		<SimpleData name="coord_este">129222</SimpleData>
		<SimpleData name="coord_nort">5894617</SimpleData>
		<SimpleData name="datum">WGS 1984</SimpleData>
		<SimpleData name="huso">19 SUR</SimpleData>
		<SimpleData name="region">BIOBIO</SimpleData>
		<SimpleData name="provincia">CONCEPCION</SimpleData>
		<SimpleData name="comuna">CORONEL</SimpleData>
		<SimpleData name="fuente_bas">CNE</SimpleData>
		<SimpleData name="fech_crea">S/I</SimpleData>
		<SimpleData name="fech_act">2018-06-30</SimpleData>
		<SimpleData name="Lat">-37.0215</SimpleData>
		<SimpleData name="Long">-73.1673</SimpleData>
	</SchemaData></ExtendedData>
      <Point><coordinates>-73.1673,-37.0214999999999</coordinates></Point>
  </Placemark>
  <Placemark id="termoelectricas.11">
	<name>CALLE CALLE</name>
	<ExtendedData><SchemaData schemaUrl="#termoelectricas">
		<SimpleData name="OBJECTID_1">11</SimpleData>
		<SimpleData name="gml_id">termoel_ctricas_ab7d0ebd_96b7_481f_8804_f05173a82eef.11</SimpleData>
		<SimpleData name="objectid">11</SimpleData>
		<SimpleData name="nombre">CALLE CALLE</SimpleData>
		<SimpleData name="propiedad">SAGESA</SimpleData>
		<SimpleData name="tipo">TERMOELECTRICA</SimpleData>
		<SimpleData name="combustibl">PETROLEO DIESEL</SimpleData>
		<SimpleData name="potencia">8</SimpleData>
		<SimpleData name="unidades">8</SimpleData>
		<SimpleData name="rca">136/2008</SimpleData>
		<SimpleData name="sist_elect">SEN</SimpleData>
		<SimpleData name="estado">EN OPERACION</SimpleData>
		<SimpleData name="f_operacio">2011</SimpleData>
		<SimpleData name="medio_gx">NO APLICA</SimpleData>
		<SimpleData name="coord_este">265849</SimpleData>
		<SimpleData name="coord_nort">6464050</SimpleData>
		<SimpleData name="datum">WGS 1984</SimpleData>
		<SimpleData name="huso">19 SUR</SimpleData>
		<SimpleData name="region">LOS RIOS</SimpleData>
		<SimpleData name="provincia">VALDIVIA</SimpleData>
		<SimpleData name="comuna">VALDIVIA</SimpleData>
		<SimpleData name="fuente_bas">CNE</SimpleData>
		<SimpleData name="fech_crea">10/12/2014</SimpleData>
		<SimpleData name="fech_act">2018-06-30</SimpleData>
		<SimpleData name="Lat">-31.9354</SimpleData>
		<SimpleData name="Long">-71.4769</SimpleData>
	</SchemaData></ExtendedData>
      <Point><coordinates>-71.4768999999999,-31.9354</coordinates></Point>
  </Placemark>
  <Placemark id="termoelectricas.12">
	<name>CAMPICHE</name>
	<ExtendedData><SchemaData schemaUrl="#termoelectricas">
		<SimpleData name="OBJECTID_1">12</SimpleData>
		<SimpleData name="gml_id">termoel_ctricas_ab7d0ebd_96b7_481f_8804_f05173a82eef.12</SimpleData>
		<SimpleData name="objectid">12</SimpleData>
		<SimpleData name="nombre">CAMPICHE</SimpleData>
		<SimpleData name="propiedad">EMPRESA ELECTRICA CAMPICHE S.A.</SimpleData>
		<SimpleData name="tipo">TERMOELECTRICA</SimpleData>
		<SimpleData name="combustibl">CARBON</SimpleData>
		<SimpleData name="potencia">272</SimpleData>
		<SimpleData name="unidades">1</SimpleData>
		<SimpleData name="rca">499/2008</SimpleData>
		<SimpleData name="sist_elect">SEN</SimpleData>
		<SimpleData name="estado">EN OPERACION</SimpleData>
		<SimpleData name="f_operacio">2013</SimpleData>
		<SimpleData name="medio_gx">NO APLICA</SimpleData>
		<SimpleData name="coord_este">267334</SimpleData>
		<SimpleData name="coord_nort">6373884</SimpleData>
		<SimpleData name="datum">WGS 1984</SimpleData>
		<SimpleData name="huso">19 SUR</SimpleData>
		<SimpleData name="region">VALPARAISO</SimpleData>
		<SimpleData name="provincia">VALPARAISO</SimpleData>
		<SimpleData name="comuna">PUCHUNCAVI</SimpleData>
		<SimpleData name="fuente_bas">CNE</SimpleData>
		<SimpleData name="fech_crea">10/12/2014</SimpleData>
		<SimpleData name="fech_act">2018-06-30</SimpleData>
		<SimpleData name="Lat">-32.7483</SimpleData>
		<SimpleData name="Long">-71.4833</SimpleData>
	</SchemaData></ExtendedData>
      <Point><coordinates>-71.4833,-32.7483</coordinates></Point>
  </Placemark>
  <Placemark id="termoelectricas.13">
	<name>CANDELARIA (U1 Y U2)</name>
	<ExtendedData><SchemaData schemaUrl="#termoelectricas">
		<SimpleData name="OBJECTID_1">13</SimpleData>
		<SimpleData name="gml_id">termoel_ctricas_ab7d0ebd_96b7_481f_8804_f05173a82eef.13</SimpleData>
		<SimpleData name="objectid">13</SimpleData>
		<SimpleData name="nombre">CANDELARIA (U1 Y U2)</SimpleData>
		<SimpleData name="propiedad">COLBUN S.A.</SimpleData>
		<SimpleData name="tipo">TERMOELECTRICA</SimpleData>
		<SimpleData name="combustibl">GAS NATURAL</SimpleData>
		<SimpleData name="potencia">253.9</SimpleData>
		<SimpleData name="unidades">2</SimpleData>
		<SimpleData name="rca">37/2003-355/2005</SimpleData>
		<SimpleData name="sist_elect">SEN</SimpleData>
		<SimpleData name="estado">EN OPERACION</SimpleData>
		<SimpleData name="f_operacio">2005</SimpleData>
		<SimpleData name="medio_gx">NO APLICA</SimpleData>
		<SimpleData name="coord_este">351020</SimpleData>
		<SimpleData name="coord_nort">6232911</SimpleData>
		<SimpleData name="datum">WGS 1984</SimpleData>
		<SimpleData name="huso">19 SUR</SimpleData>
		<SimpleData name="region">O'HIGGINS</SimpleData>
		<SimpleData name="provincia">CACHAPOAL</SimpleData>
		<SimpleData name="comuna">CODEGUA</SimpleData>
		<SimpleData name="fuente_bas">CNE</SimpleData>
		<SimpleData name="fech_crea">10/12/2014</SimpleData>
		<SimpleData name="fech_act">2018-06-30</SimpleData>
		<SimpleData name="Lat">-34.0339</SimpleData>
		<SimpleData name="Long">-70.6138</SimpleData>
	</SchemaData></ExtendedData>
      <Point><coordinates>-70.6138,-34.0339</coordinates></Point>
  </Placemark>
  <Placemark id="termoelectricas.14">
	<name>CANETE</name>
	<ExtendedData><SchemaData schemaUrl="#termoelectricas">
		<SimpleData name="OBJECTID_1">14</SimpleData>
		<SimpleData name="gml_id">termoel_ctricas_ab7d0ebd_96b7_481f_8804_f05173a82eef.14</SimpleData>
		<SimpleData name="objectid">14</SimpleData>
		<SimpleData name="nombre">CANETE</SimpleData>
		<SimpleData name="propiedad">SAGESA</SimpleData>
		<SimpleData name="tipo">TERMOELECTRICA</SimpleData>
		<SimpleData name="combustibl">PETROLEO DIESEL</SimpleData>
		<SimpleData name="potencia">4</SimpleData>
		<SimpleData name="unidades">2</SimpleData>
		<SimpleData name="rca">S/I</SimpleData>
		<SimpleData name="sist_elect">SEN</SimpleData>
		<SimpleData name="estado">EN OPERACION</SimpleData>
		<SimpleData name="f_operacio">2007</SimpleData>
		<SimpleData name="medio_gx">PMGD</SimpleData>
		<SimpleData name="coord_este">113708</SimpleData>
		<SimpleData name="coord_nort">5814997</SimpleData>
		<SimpleData name="datum">WGS 1984</SimpleData>
		<SimpleData name="huso">19 SUR</SimpleData>
		<SimpleData name="region">BIOBIO</SimpleData>
		<SimpleData name="provincia">ARAUCO</SimpleData>
		<SimpleData name="comuna">CANETE</SimpleData>
		<SimpleData name="fuente_bas">CNE</SimpleData>
		<SimpleData name="fech_crea">10/12/2014</SimpleData>
		<SimpleData name="fech_act">2018-06-30</SimpleData>
		<SimpleData name="Lat">-37.7308</SimpleData>
		<SimpleData name="Long">-73.3828</SimpleData>
	</SchemaData></ExtendedData>
      <Point><coordinates>-73.3828,-37.7307999999999</coordinates></Point>
  </Placemark>
  <Placemark id="termoelectricas.15">
	<name>CARDONES</name>
	<ExtendedData><SchemaData schemaUrl="#termoelectricas">
		<SimpleData name="OBJECTID_1">15</SimpleData>
		<SimpleData name="gml_id">termoel_ctricas_ab7d0ebd_96b7_481f_8804_f05173a82eef.15</SimpleData>
		<SimpleData name="objectid">15</SimpleData>
		<SimpleData name="nombre">CARDONES</SimpleData>
		<SimpleData name="propiedad">CENTRAL CARDONES</SimpleData>
		<SimpleData name="tipo">TERMOELECTRICA</SimpleData>
		<SimpleData name="combustibl">PETROLEO DIESEL</SimpleData>
		<SimpleData name="potencia">153.04</SimpleData>
		<SimpleData name="unidades">1</SimpleData>
		<SimpleData name="rca">S/I</SimpleData>
		<SimpleData name="sist_elect">SEN</SimpleData>
		<SimpleData name="estado">EN OPERACION</SimpleData>
		<SimpleData name="f_operacio">2009</SimpleData>
		<SimpleData name="medio_gx">NO APLICA</SimpleData>
		<SimpleData name="coord_este">363127</SimpleData>
		<SimpleData name="coord_nort">6958721</SimpleData>
		<SimpleData name="datum">WGS 1984</SimpleData>
		<SimpleData name="huso">19 SUR</SimpleData>
		<SimpleData name="region">ATACAMA</SimpleData>
		<SimpleData name="provincia">COPIAPO</SimpleData>
		<SimpleData name="comuna">COPIAPO</SimpleData>
		<SimpleData name="fuente_bas">CNE</SimpleData>
		<SimpleData name="fech_crea">10/12/2014</SimpleData>
		<SimpleData name="fech_act">2018-06-30</SimpleData>
		<SimpleData name="Lat">-27.4882</SimpleData>
		<SimpleData name="Long">-70.3855</SimpleData>
	</SchemaData></ExtendedData>
      <Point><coordinates>-70.3855,-27.4881999999999</coordinates></Point>
  </Placemark>
  <Placemark id="termoelectricas.16">
	<name>CASABLANCA (U1 Y U2)</name>
	<ExtendedData><SchemaData schemaUrl="#termoelectricas">
		<SimpleData name="OBJECTID_1">16</SimpleData>
		<SimpleData name="gml_id">termoel_ctricas_ab7d0ebd_96b7_481f_8804_f05173a82eef.16</SimpleData>
		<SimpleData name="objectid">16</SimpleData>
		<SimpleData name="nombre">CASABLANCA (U1 Y U2)</SimpleData>
		<SimpleData name="propiedad">TECNORED</SimpleData>
		<SimpleData name="tipo">TERMOELECTRICA</SimpleData>
		<SimpleData name="combustibl">PETROLEO DIESEL</SimpleData>
		<SimpleData name="potencia">2.5</SimpleData>
		<SimpleData name="unidades">4</SimpleData>
		<SimpleData name="rca">S/I</SimpleData>
		<SimpleData name="sist_elect">SEN</SimpleData>
		<SimpleData name="estado">EN OPERACION</SimpleData>
		<SimpleData name="f_operacio">2007</SimpleData>
		<SimpleData name="medio_gx">PMGD</SimpleData>
		<SimpleData name="coord_este">277324</SimpleData>
		<SimpleData name="coord_nort">6309988</SimpleData>
		<SimpleData name="datum">WGS 1984</SimpleData>
		<SimpleData name="huso">19 SUR</SimpleData>
		<SimpleData name="region">VALPARAISO</SimpleData>
		<SimpleData name="provincia">VALPARAISO</SimpleData>
		<SimpleData name="comuna">CASABLANCA</SimpleData>
		<SimpleData name="fuente_bas">CNE</SimpleData>
		<SimpleData name="fech_crea">10/12/2014</SimpleData>
		<SimpleData name="fech_act">2018-06-30</SimpleData>
		<SimpleData name="Lat">-33.3263</SimpleData>
		<SimpleData name="Long">-71.3923</SimpleData>
	</SchemaData></ExtendedData>
      <Point><coordinates>-71.3923,-33.3262999999999</coordinates></Point>
  </Placemark>
  <Placemark id="termoelectricas.17">
	<name>CBB-CENTRO</name>
	<ExtendedData><SchemaData schemaUrl="#termoelectricas">
		<SimpleData name="OBJECTID_1">17</SimpleData>
		<SimpleData name="gml_id">termoel_ctricas_ab7d0ebd_96b7_481f_8804_f05173a82eef.17</SimpleData>
		<SimpleData name="objectid">17</SimpleData>
		<SimpleData name="nombre">CBB-CENTRO</SimpleData>
		<SimpleData name="propiedad">EQUIPOS GENERACION S.A.</SimpleData>
		<SimpleData name="tipo">TERMOELECTRICA</SimpleData>
		<SimpleData name="combustibl">PETROLEO DIESEL</SimpleData>
		<SimpleData name="potencia">13.532</SimpleData>
		<SimpleData name="unidades">8</SimpleData>
		<SimpleData name="rca">S/I</SimpleData>
		<SimpleData name="sist_elect">SEN</SimpleData>
		<SimpleData name="estado">EN OPERACION</SimpleData>
		<SimpleData name="f_operacio">2010</SimpleData>
		<SimpleData name="medio_gx">PMGD</SimpleData>
		<SimpleData name="coord_este">304098</SimpleData>
		<SimpleData name="coord_nort">6139650</SimpleData>
		<SimpleData name="datum">WGS 1984</SimpleData>
		<SimpleData name="huso">19 SUR</SimpleData>
		<SimpleData name="region">MAULE</SimpleData>
		<SimpleData name="provincia">CURICO</SimpleData>
		<SimpleData name="comuna">TENO</SimpleData>
		<SimpleData name="fuente_bas">CNE</SimpleData>
		<SimpleData name="fech_crea">10/12/2014</SimpleData>
		<SimpleData name="fech_act">2018-06-30</SimpleData>
		<SimpleData name="Lat">-34.8666</SimpleData>
		<SimpleData name="Long">-71.1432</SimpleData>
	</SchemaData></ExtendedData>
      <Point><coordinates>-71.1432,-34.8665999999999</coordinates></Point>
  </Placemark>
  <Placemark id="termoelectricas.18">
	<name>CENIZAS</name>
	<ExtendedData><SchemaData schemaUrl="#termoelectricas">
		<SimpleData name="OBJECTID_1">18</SimpleData>
		<SimpleData name="gml_id">termoel_ctricas_ab7d0ebd_96b7_481f_8804_f05173a82eef.18</SimpleData>
		<SimpleData name="objectid">18</SimpleData>
		<SimpleData name="nombre">CENIZAS</SimpleData>
		<SimpleData name="propiedad">ELECTRICA CENIZAS S.A.</SimpleData>
		<SimpleData name="tipo">TERMOELECTRICA</SimpleData>
		<SimpleData name="combustibl">PETROLEO DIESEL</SimpleData>
		<SimpleData name="potencia">14.5</SimpleData>
		<SimpleData name="unidades">3</SimpleData>
		<SimpleData name="rca">229/2007</SimpleData>
		<SimpleData name="sist_elect">SEN</SimpleData>
		<SimpleData name="estado">EN OPERACION</SimpleData>
		<SimpleData name="f_operacio">2009</SimpleData>
		<SimpleData name="medio_gx">NO APLICA</SimpleData>
		<SimpleData name="coord_este">362504</SimpleData>
		<SimpleData name="coord_nort">6959146</SimpleData>
		<SimpleData name="datum">WGS 1984</SimpleData>
		<SimpleData name="huso">19 SUR</SimpleData>
		<SimpleData name="region">ATACAMA</SimpleData>
		<SimpleData name="provincia">COPIAPO</SimpleData>
		<SimpleData name="comuna">COPIAPO</SimpleData>
		<SimpleData name="fuente_bas">CNE</SimpleData>
		<SimpleData name="fech_crea">10/12/2014</SimpleData>
		<SimpleData name="fech_act">2018-06-30</SimpleData>
		<SimpleData name="Lat">-27.4843</SimpleData>
		<SimpleData name="Long">-70.3918</SimpleData>
	</SchemaData></ExtendedData>
      <Point><coordinates>-70.3917999999999,-27.4843</coordinates></Point>
  </Placemark>
  <Placemark id="termoelectricas.19">
	<name>CENTRAL TERMOELECTRICA ANDINA (CTA)</name>
	<ExtendedData><SchemaData schemaUrl="#termoelectricas">
		<SimpleData name="OBJECTID_1">19</SimpleData>
		<SimpleData name="gml_id">termoel_ctricas_ab7d0ebd_96b7_481f_8804_f05173a82eef.19</SimpleData>
		<SimpleData name="objectid">19</SimpleData>
		<SimpleData name="nombre">CENTRAL TERMOELECTRICA ANDINA (CTA)</SimpleData>
		<SimpleData name="propiedad">ANDINA</SimpleData>
		<SimpleData name="tipo">TERMOELECTRICA</SimpleData>
		<SimpleData name="combustibl">CARBON</SimpleData>
		<SimpleData name="potencia">177</SimpleData>
		<SimpleData name="unidades">1</SimpleData>
		<SimpleData name="rca">S/I</SimpleData>
		<SimpleData name="sist_elect">SEN</SimpleData>
		<SimpleData name="estado">EN OPERACION</SimpleData>
		<SimpleData name="f_operacio">2011</SimpleData>
		<SimpleData name="medio_gx">NO APLICA</SimpleData>
		<SimpleData name="coord_este">355896</SimpleData>
		<SimpleData name="coord_nort">7446085</SimpleData>
		<SimpleData name="datum">WGS 1984</SimpleData>
		<SimpleData name="huso">19 SUR</SimpleData>
		<SimpleData name="region">ANTOFAGASTA</SimpleData>
		<SimpleData name="provincia">ANTOFAGASTA</SimpleData>
		<SimpleData name="comuna">MEJILLONES</SimpleData>
		<SimpleData name="fuente_bas">CNE</SimpleData>
		<SimpleData name="fech_crea">10/12/2014</SimpleData>
		<SimpleData name="fech_act">2018-06-30</SimpleData>
		<SimpleData name="Lat">-23.0876</SimpleData>
		<SimpleData name="Long">-70.407</SimpleData>
	</SchemaData></ExtendedData>
      <Point><coordinates>-70.407,-23.0876</coordinates></Point>
  </Placemark>
  <Placemark id="termoelectricas.20">
	<name>CHACABUCO</name>
	<ExtendedData><SchemaData schemaUrl="#termoelectricas">
		<SimpleData name="OBJECTID_1">20</SimpleData>
		<SimpleData name="gml_id">termoel_ctricas_ab7d0ebd_96b7_481f_8804_f05173a82eef.20</SimpleData>
		<SimpleData name="objectid">20</SimpleData>
		<SimpleData name="nombre">CHACABUCO</SimpleData>
		<SimpleData name="propiedad">EDELAYSEN</SimpleData>
		<SimpleData name="tipo">TERMOELECTRICA</SimpleData>
		<SimpleData name="combustibl">PETROLEO DIESEL</SimpleData>
		<SimpleData name="potencia">9.3</SimpleData>
		<SimpleData name="unidades">6</SimpleData>
		<SimpleData name="rca">239/2009</SimpleData>
		<SimpleData name="sist_elect">AYSEN</SimpleData>
		<SimpleData name="estado">EN OPERACION</SimpleData>
		<SimpleData name="f_operacio">2008</SimpleData>
		<SimpleData name="medio_gx">NO APLICA</SimpleData>
		<SimpleData name="coord_este">206674</SimpleData>
		<SimpleData name="coord_nort">4962009</SimpleData>
		<SimpleData name="datum">WGS 1984</SimpleData>
		<SimpleData name="huso">19 SUR</SimpleData>
		<SimpleData name="region">AYSEN</SimpleData>
		<SimpleData name="provincia">AYSEN</SimpleData>
		<SimpleData name="comuna">AYSEN</SimpleData>
		<SimpleData name="fuente_bas">CNE</SimpleData>
		<SimpleData name="fech_crea">10/12/2014</SimpleData>
		<SimpleData name="fech_act">2018-06-30</SimpleData>
		<SimpleData name="Lat">-45.4338</SimpleData>
		<SimpleData name="Long">-72.7501</SimpleData>
	</SchemaData></ExtendedData>
      <Point><coordinates>-72.7501,-45.4338</coordinates></Point>
  </Placemark>
  <Placemark id="termoelectricas.21">
	<name>CHILE CHICO</name>
	<ExtendedData><SchemaData schemaUrl="#termoelectricas">
		<SimpleData name="OBJECTID_1">21</SimpleData>
		<SimpleData name="gml_id">termoel_ctricas_ab7d0ebd_96b7_481f_8804_f05173a82eef.21</SimpleData>
		<SimpleData name="objectid">21</SimpleData>
		<SimpleData name="nombre">CHILE CHICO</SimpleData>
		<SimpleData name="propiedad">EDELAYSEN</SimpleData>
		<SimpleData name="tipo">TERMOELECTRICA</SimpleData>
		<SimpleData name="combustibl">PETROLEO DIESEL</SimpleData>
		<SimpleData name="potencia">2.35</SimpleData>
		<SimpleData name="unidades">6</SimpleData>
		<SimpleData name="rca">S/I</SimpleData>
		<SimpleData name="sist_elect">AYSEN</SimpleData>
		<SimpleData name="estado">EN OPERACION</SimpleData>
		<SimpleData name="f_operacio">1970</SimpleData>
		<SimpleData name="medio_gx">NO APLICA</SimpleData>
		<SimpleData name="coord_este">291094</SimpleData>
		<SimpleData name="coord_nort">4842287</SimpleData>
		<SimpleData name="datum">WGS 1984</SimpleData>
		<SimpleData name="huso">19 SUR</SimpleData>
		<SimpleData name="region">AYSEN</SimpleData>
		<SimpleData name="provincia">GENERAL CARRERA</SimpleData>
		<SimpleData name="comuna">CHILE CHICO</SimpleData>
		<SimpleData name="fuente_bas">CNE</SimpleData>
		<SimpleData name="fech_crea">10/12/2014</SimpleData>
		<SimpleData name="fech_act">2018-06-30</SimpleData>
		<SimpleData name="Lat">-46.5405</SimpleData>
		<SimpleData name="Long">-71.7246</SimpleData>
	</SchemaData></ExtendedData>
      <Point><coordinates>-71.7246,-46.5405</coordinates></Point>
  </Placemark>
  <Placemark id="termoelectricas.22">
	<name>CHILE GENERACION (MOSTOS DEL PACIFICO)</name>
	<ExtendedData><SchemaData schemaUrl="#termoelectricas">
		<SimpleData name="OBJECTID_1">22</SimpleData>
		<SimpleData name="gml_id">termoel_ctricas_ab7d0ebd_96b7_481f_8804_f05173a82eef.22</SimpleData>
		<SimpleData name="objectid">22</SimpleData>
		<SimpleData name="nombre">CHILE GENERACION (MOSTOS DEL PACIFICO)</SimpleData>
		<SimpleData name="propiedad">PMGD CHILE GENERACION LTDA.</SimpleData>
		<SimpleData name="tipo">TERMOELECTRICA</SimpleData>
		<SimpleData name="combustibl">PETROLEO DIESEL</SimpleData>
		<SimpleData name="potencia">1.5</SimpleData>
		<SimpleData name="unidades">5</SimpleData>
		<SimpleData name="rca">S/I</SimpleData>
		<SimpleData name="sist_elect">SEN</SimpleData>
		<SimpleData name="estado">EN OPERACION</SimpleData>
		<SimpleData name="f_operacio">2017</SimpleData>
		<SimpleData name="medio_gx">PMGD</SimpleData>
		<SimpleData name="coord_este">291157</SimpleData>
		<SimpleData name="coord_nort">6117859</SimpleData>
		<SimpleData name="datum">WGS 1984</SimpleData>
		<SimpleData name="huso">19 SUR</SimpleData>
		<SimpleData name="region">MAULE</SimpleData>
		<SimpleData name="provincia">CURICO</SimpleData>
		<SimpleData name="comuna">SAGRADA FAMILIA</SimpleData>
		<SimpleData name="fuente_bas">CNE</SimpleData>
		<SimpleData name="fech_crea">S/I</SimpleData>
		<SimpleData name="fech_act">2018-06-30</SimpleData>
		<SimpleData name="Lat">-35.0604</SimpleData>
		<SimpleData name="Long">-71.2901</SimpleData>
	</SchemaData></ExtendedData>
      <Point><coordinates>-71.2900999999999,-35.0604</coordinates></Point>
  </Placemark>
  <Placemark id="termoelectricas.23">
	<name>CHILOE</name>
	<ExtendedData><SchemaData schemaUrl="#termoelectricas">
		<SimpleData name="OBJECTID_1">23</SimpleData>
		<SimpleData name="gml_id">termoel_ctricas_ab7d0ebd_96b7_481f_8804_f05173a82eef.23</SimpleData>
		<SimpleData name="objectid">23</SimpleData>
		<SimpleData name="nombre">CHILOE</SimpleData>
		<SimpleData name="propiedad">ELEKTRAGEN</SimpleData>
		<SimpleData name="tipo">TERMOELECTRICA</SimpleData>
		<SimpleData name="combustibl">PETROLEO DIESEL</SimpleData>
		<SimpleData name="potencia">9</SimpleData>
		<SimpleData name="unidades">9</SimpleData>
		<SimpleData name="rca">05/2007-396/2007</SimpleData>
		<SimpleData name="sist_elect">SEN</SimpleData>
		<SimpleData name="estado">EN OPERACION</SimpleData>
		<SimpleData name="f_operacio">2008</SimpleData>
		<SimpleData name="medio_gx">PMG</SimpleData>
		<SimpleData name="coord_este">124327</SimpleData>
		<SimpleData name="coord_nort">5218688</SimpleData>
		<SimpleData name="datum">WGS 1984</SimpleData>
		<SimpleData name="huso">19 SUR</SimpleData>
		<SimpleData name="region">LOS LAGOS</SimpleData>
		<SimpleData name="provincia">CHILOE</SimpleData>
		<SimpleData name="comuna">QUELLON</SimpleData>
		<SimpleData name="fuente_bas">CNE</SimpleData>
		<SimpleData name="fech_crea">10/12/2014</SimpleData>
		<SimpleData name="fech_act">2018-06-30</SimpleData>
		<SimpleData name="Lat">-43.0914</SimpleData>
		<SimpleData name="Long">-73.6155</SimpleData>
	</SchemaData></ExtendedData>
      <Point><coordinates>-73.6154999999999,-43.0914</coordinates></Point>
  </Placemark>
  <Placemark id="termoelectricas.24">
	<name>CHUFKEN (TRAIGUEN)</name>
	<ExtendedData><SchemaData schemaUrl="#termoelectricas">
		<SimpleData name="OBJECTID_1">24</SimpleData>
		<SimpleData name="gml_id">termoel_ctricas_ab7d0ebd_96b7_481f_8804_f05173a82eef.24</SimpleData>
		<SimpleData name="objectid">24</SimpleData>
		<SimpleData name="nombre">CHUFKEN (TRAIGUEN)</SimpleData>
		<SimpleData name="propiedad">SAGESA</SimpleData>
		<SimpleData name="tipo">TERMOELECTRICA</SimpleData>
		<SimpleData name="combustibl">PETROLEO DIESEL</SimpleData>
		<SimpleData name="potencia">1.6</SimpleData>
		<SimpleData name="unidades">2</SimpleData>
		<SimpleData name="rca">S/I</SimpleData>
		<SimpleData name="sist_elect">SEN</SimpleData>
		<SimpleData name="estado">EN OPERACION</SimpleData>
		<SimpleData name="f_operacio">2007</SimpleData>
		<SimpleData name="medio_gx">PMGD</SimpleData>
		<SimpleData name="coord_este">183567</SimpleData>
		<SimpleData name="coord_nort">5758881</SimpleData>
		<SimpleData name="datum">WGS 1984</SimpleData>
		<SimpleData name="huso">19 SUR</SimpleData>
		<SimpleData name="region">LA ARAUCANIA</SimpleData>
		<SimpleData name="provincia">MALLECO</SimpleData>
		<SimpleData name="comuna">TRAIGUEN</SimpleData>
		<SimpleData name="fuente_bas">CNE</SimpleData>
		<SimpleData name="fech_crea">10/12/2014</SimpleData>
		<SimpleData name="fech_act">2018-06-30</SimpleData>
		<SimpleData name="Lat">-38.2624</SimpleData>
		<SimpleData name="Long">-72.6165</SimpleData>
	</SchemaData></ExtendedData>
      <Point><coordinates>-72.6165,-38.2624</coordinates></Point>
  </Placemark>
  <Placemark id="termoelectricas.25">
	<name>CHUYACA (U2, U4, U1, U3, U8)</name>
	<ExtendedData><SchemaData schemaUrl="#termoelectricas">
		<SimpleData name="OBJECTID_1">25</SimpleData>
		<SimpleData name="gml_id">termoel_ctricas_ab7d0ebd_96b7_481f_8804_f05173a82eef.25</SimpleData>
		<SimpleData name="objectid">25</SimpleData>
		<SimpleData name="nombre">CHUYACA (U2, U4, U1, U3, U8)</SimpleData>
		<SimpleData name="propiedad">SAGESA</SimpleData>
		<SimpleData name="tipo">TERMOELECTRICA</SimpleData>
		<SimpleData name="combustibl">PETROLEO DIESEL</SimpleData>
		<SimpleData name="potencia">11.3</SimpleData>
		<SimpleData name="unidades">6</SimpleData>
		<SimpleData name="rca">S/I</SimpleData>
		<SimpleData name="sist_elect">SEN</SimpleData>
		<SimpleData name="estado">EN OPERACION</SimpleData>
		<SimpleData name="f_operacio">2008</SimpleData>
		<SimpleData name="medio_gx">NO APLICA</SimpleData>
		<SimpleData name="coord_este">153932</SimpleData>
		<SimpleData name="coord_nort">5499976</SimpleData>
		<SimpleData name="datum">WGS 1984</SimpleData>
		<SimpleData name="huso">19 SUR</SimpleData>
		<SimpleData name="region">LOS LAGOS</SimpleData>
		<SimpleData name="provincia">OSORNO</SimpleData>
		<SimpleData name="comuna">OSORNO</SimpleData>
		<SimpleData name="fuente_bas">CNE</SimpleData>
		<SimpleData name="fech_crea">10/12/2014</SimpleData>
		<SimpleData name="fech_act">2018-06-30</SimpleData>
		<SimpleData name="Lat">-40.5787</SimpleData>
		<SimpleData name="Long">-73.0884</SimpleData>
	</SchemaData></ExtendedData>
      <Point><coordinates>-73.0884,-40.5787</coordinates></Point>
  </Placemark>
  <Placemark id="termoelectricas.26">
	<name>CMPC CORDILLERA</name>
	<ExtendedData><SchemaData schemaUrl="#termoelectricas">
		<SimpleData name="OBJECTID_1">26</SimpleData>
		<SimpleData name="gml_id">termoel_ctricas_ab7d0ebd_96b7_481f_8804_f05173a82eef.26</SimpleData>
		<SimpleData name="objectid">26</SimpleData>
		<SimpleData name="nombre">CMPC CORDILLERA</SimpleData>
		<SimpleData name="propiedad">PAPELES CORDILLERA S.A.</SimpleData>
		<SimpleData name="tipo">TERMOELECTRICA</SimpleData>
		<SimpleData name="combustibl">PETROLEO / GAS NATURAL</SimpleData>
		<SimpleData name="potencia">24.74</SimpleData>
		<SimpleData name="unidades">1</SimpleData>
		<SimpleData name="rca">206/2013</SimpleData>
		<SimpleData name="sist_elect">SEN</SimpleData>
		<SimpleData name="estado">EN OPERACION</SimpleData>
		<SimpleData name="f_operacio">2017</SimpleData>
		<SimpleData name="medio_gx">NO APLICA</SimpleData>
		<SimpleData name="coord_este">355461</SimpleData>
		<SimpleData name="coord_nort">6280222</SimpleData>
		<SimpleData name="datum">WGS 1984</SimpleData>
		<SimpleData name="huso">19 SUR</SimpleData>
		<SimpleData name="region">METROPOLITANA</SimpleData>
		<SimpleData name="provincia">CORDILLERA</SimpleData>
		<SimpleData name="comuna">PUENTE ALTO</SimpleData>
		<SimpleData name="fuente_bas">CNE</SimpleData>
		<SimpleData name="fech_crea">10/12/2014</SimpleData>
		<SimpleData name="fech_act">2018-06-30</SimpleData>
		<SimpleData name="Lat">-33.608</SimpleData>
		<SimpleData name="Long">-70.558</SimpleData>
	</SchemaData></ExtendedData>
      <Point><coordinates>-70.5579999999999,-33.6079999999999</coordinates></Point>
  </Placemark>
  <Placemark id="termoelectricas.27">
	<name>CMPC TISSUE</name>
	<ExtendedData><SchemaData schemaUrl="#termoelectricas">
		<SimpleData name="OBJECTID_1">27</SimpleData>
		<SimpleData name="gml_id">termoel_ctricas_ab7d0ebd_96b7_481f_8804_f05173a82eef.27</SimpleData>
		<SimpleData name="objectid">27</SimpleData>
		<SimpleData name="nombre">CMPC TISSUE</SimpleData>
		<SimpleData name="propiedad">CMPC CELULOSA</SimpleData>
		<SimpleData name="tipo">TERMOELECTRICA</SimpleData>
		<SimpleData name="combustibl">GAS NATURAL</SimpleData>
		<SimpleData name="potencia">5</SimpleData>
		<SimpleData name="unidades">1</SimpleData>
		<SimpleData name="rca">431/2013</SimpleData>
		<SimpleData name="sist_elect">SEN</SimpleData>
		<SimpleData name="estado">EN OPERACION</SimpleData>
		<SimpleData name="f_operacio">2017</SimpleData>
		<SimpleData name="medio_gx">NO APLICA</SimpleData>
		<SimpleData name="coord_este">320390</SimpleData>
		<SimpleData name="coord_nort">6268580</SimpleData>
		<SimpleData name="datum">WGS 1984</SimpleData>
		<SimpleData name="huso">19 SUR</SimpleData>
		<SimpleData name="region">METROPOLITANA</SimpleData>
		<SimpleData name="provincia">TALAGANTE</SimpleData>
		<SimpleData name="comuna">TALAGANTE</SimpleData>
		<SimpleData name="fuente_bas">CNE</SimpleData>
		<SimpleData name="fech_crea">10/12/2014</SimpleData>
		<SimpleData name="fech_act">2018-06-30</SimpleData>
		<SimpleData name="Lat">-33.7076</SimpleData>
		<SimpleData name="Long">-70.9382</SimpleData>
	</SchemaData></ExtendedData>
      <Point><coordinates>-70.9381999999999,-33.7076</coordinates></Point>
  </Placemark>
  <Placemark id="termoelectricas.28">
	<name>COCHAMO</name>
	<ExtendedData><SchemaData schemaUrl="#termoelectricas">
		<SimpleData name="OBJECTID_1">28</SimpleData>
		<SimpleData name="gml_id">termoel_ctricas_ab7d0ebd_96b7_481f_8804_f05173a82eef.28</SimpleData>
		<SimpleData name="objectid">28</SimpleData>
		<SimpleData name="nombre">COCHAMO</SimpleData>
		<SimpleData name="propiedad">SAGESA</SimpleData>
		<SimpleData name="tipo">TERMOELECTRICA</SimpleData>
		<SimpleData name="combustibl">PETROLEO DIESEL</SimpleData>
		<SimpleData name="potencia">3</SimpleData>
		<SimpleData name="unidades">4</SimpleData>
		<SimpleData name="rca">S/I</SimpleData>
		<SimpleData name="sist_elect">AYSEN</SimpleData>
		<SimpleData name="estado">EN OPERACION</SimpleData>
		<SimpleData name="f_operacio">1996</SimpleData>
		<SimpleData name="medio_gx">NO APLICA</SimpleData>
		<SimpleData name="coord_este">224106</SimpleData>
		<SimpleData name="coord_nort">5394703</SimpleData>
		<SimpleData name="datum">WGS 1984</SimpleData>
		<SimpleData name="huso">19 SUR</SimpleData>
		<SimpleData name="region">LOS LAGOS</SimpleData>
		<SimpleData name="provincia">CHILOE</SimpleData>
		<SimpleData name="comuna">COCHAMO</SimpleData>
		<SimpleData name="fuente_bas">CNE</SimpleData>
		<SimpleData name="fech_crea">10/12/2014</SimpleData>
		<SimpleData name="fech_act">2018-06-30</SimpleData>
		<SimpleData name="Lat">-41.5518</SimpleData>
		<SimpleData name="Long">-72.308</SimpleData>
	</SchemaData></ExtendedData>
      <Point><coordinates>-72.3079999999999,-41.5518</coordinates></Point>
  </Placemark>
  <Placemark id="termoelectricas.29">
	<name>COLIHUES (U1 Y U2)</name>
	<ExtendedData><SchemaData schemaUrl="#termoelectricas">
		<SimpleData name="OBJECTID_1">29</SimpleData>
		<SimpleData name="gml_id">termoel_ctricas_ab7d0ebd_96b7_481f_8804_f05173a82eef.29</SimpleData>
		<SimpleData name="objectid">29</SimpleData>
		<SimpleData name="nombre">COLIHUES (U1 Y U2)</SimpleData>
		<SimpleData name="propiedad">COLIHUES ENERGIA</SimpleData>
		<SimpleData name="tipo">TERMOELECTRICA</SimpleData>
		<SimpleData name="combustibl">PETROLEO DIESEL</SimpleData>
		<SimpleData name="potencia">22</SimpleData>
		<SimpleData name="unidades">2</SimpleData>
		<SimpleData name="rca">128/2008</SimpleData>
		<SimpleData name="sist_elect">SEN</SimpleData>
		<SimpleData name="estado">EN OPERACION</SimpleData>
		<SimpleData name="f_operacio">2010</SimpleData>
		<SimpleData name="medio_gx">NO APLICA</SimpleData>
		<SimpleData name="coord_este">345809</SimpleData>
		<SimpleData name="coord_nort">6209686</SimpleData>
		<SimpleData name="datum">WGS 1984</SimpleData>
		<SimpleData name="huso">19 SUR</SimpleData>
		<SimpleData name="region">O'HIGGINS</SimpleData>
		<SimpleData name="provincia">CACHAPOAL</SimpleData>
		<SimpleData name="comuna">REQUINOA</SimpleData>
		<SimpleData name="fuente_bas">CNE</SimpleData>
		<SimpleData name="fech_crea">10/12/2014</SimpleData>
		<SimpleData name="fech_act">2018-06-30</SimpleData>
		<SimpleData name="Lat">-34.2425</SimpleData>
		<SimpleData name="Long">-70.6744</SimpleData>
	</SchemaData></ExtendedData>
      <Point><coordinates>-70.6743999999999,-34.2424999999999</coordinates></Point>
  </Placemark>
  <Placemark id="termoelectricas.30">
	<name>COLMITO</name>
	<ExtendedData><SchemaData schemaUrl="#termoelectricas">
		<SimpleData name="OBJECTID_1">30</SimpleData>
		<SimpleData name="gml_id">termoel_ctricas_ab7d0ebd_96b7_481f_8804_f05173a82eef.30</SimpleData>
		<SimpleData name="objectid">30</SimpleData>
		<SimpleData name="nombre">COLMITO</SimpleData>
		<SimpleData name="propiedad">TERMOELECTRICA COLMITO</SimpleData>
		<SimpleData name="tipo">TERMOELECTRICA</SimpleData>
		<SimpleData name="combustibl">PETROLEO DIESEL</SimpleData>
		<SimpleData name="potencia">58</SimpleData>
		<SimpleData name="unidades">1</SimpleData>
		<SimpleData name="rca">734/2008</SimpleData>
		<SimpleData name="sist_elect">SEN</SimpleData>
		<SimpleData name="estado">EN OPERACION</SimpleData>
		<SimpleData name="f_operacio">2008</SimpleData>
		<SimpleData name="medio_gx">NO APLICA</SimpleData>
		<SimpleData name="coord_este">268676</SimpleData>
		<SimpleData name="coord_nort">6353716</SimpleData>
		<SimpleData name="datum">WGS 1984</SimpleData>
		<SimpleData name="huso">19 SUR</SimpleData>
		<SimpleData name="region">VALPARAISO</SimpleData>
		<SimpleData name="provincia">VALPARAISO</SimpleData>
		<SimpleData name="comuna">CONCON</SimpleData>
		<SimpleData name="fuente_bas">CNE</SimpleData>
		<SimpleData name="fech_crea">10/12/2014</SimpleData>
		<SimpleData name="fech_act">2018-06-30</SimpleData>
		<SimpleData name="Lat">-32.9304</SimpleData>
		<SimpleData name="Long">-71.474</SimpleData>
	</SchemaData></ExtendedData>
      <Point><coordinates>-71.4739999999999,-32.9304</coordinates></Point>
  </Placemark>
  <Placemark id="termoelectricas.31">
	<name>CONCHALI</name>
	<ExtendedData><SchemaData schemaUrl="#termoelectricas">
		<SimpleData name="OBJECTID_1">31</SimpleData>
		<SimpleData name="gml_id">termoel_ctricas_ab7d0ebd_96b7_481f_8804_f05173a82eef.31</SimpleData>
		<SimpleData name="objectid">31</SimpleData>
		<SimpleData name="nombre">CONCHALI</SimpleData>
		<SimpleData name="propiedad">QUEMCHI GENERADORA DE ELECTRICIDAD S.A.</SimpleData>
		<SimpleData name="tipo">TERMOELECTRICA</SimpleData>
		<SimpleData name="combustibl">PETROLEO DIESEL</SimpleData>
		<SimpleData name="potencia">3</SimpleData>
		<SimpleData name="unidades">6</SimpleData>
		<SimpleData name="rca">S/I</SimpleData>
		<SimpleData name="sist_elect">SEN</SimpleData>
		<SimpleData name="estado">EN OPERACION</SimpleData>
		<SimpleData name="f_operacio">2018</SimpleData>
		<SimpleData name="medio_gx">PMGD</SimpleData>
		<SimpleData name="coord_este">265703</SimpleData>
		<SimpleData name="coord_nort">6463590</SimpleData>
		<SimpleData name="datum">WGS 1984</SimpleData>
		<SimpleData name="huso">19 SUR</SimpleData>
		<SimpleData name="region">COQUIMBO</SimpleData>
		<SimpleData name="comuna">LOS VILOS</SimpleData>
		<SimpleData name="fuente_bas">CNE</SimpleData>
		<SimpleData name="fech_crea">S/I</SimpleData>
		<SimpleData name="fech_act">2018-06-30</SimpleData>
		<SimpleData name="Lat">-31.9395</SimpleData>
		<SimpleData name="Long">-71.4785</SimpleData>
	</SchemaData></ExtendedData>
      <Point><coordinates>-71.4784999999999,-31.9395</coordinates></Point>
  </Placemark>
  <Placemark id="termoelectricas.32">
	<name>CONCON</name>
	<ExtendedData><SchemaData schemaUrl="#termoelectricas">
		<SimpleData name="OBJECTID_1">32</SimpleData>
		<SimpleData name="gml_id">termoel_ctricas_ab7d0ebd_96b7_481f_8804_f05173a82eef.32</SimpleData>
		<SimpleData name="objectid">32</SimpleData>
		<SimpleData name="nombre">CONCON</SimpleData>
		<SimpleData name="propiedad">TECNORED</SimpleData>
		<SimpleData name="tipo">TERMOELECTRICA</SimpleData>
		<SimpleData name="combustibl">PETROLEO DIESEL</SimpleData>
		<SimpleData name="potencia">2.3</SimpleData>
		<SimpleData name="unidades">3</SimpleData>
		<SimpleData name="rca">S/I</SimpleData>
		<SimpleData name="sist_elect">SEN</SimpleData>
		<SimpleData name="estado">EN OPERACION</SimpleData>
		<SimpleData name="f_operacio">2007</SimpleData>
		<SimpleData name="medio_gx">PMG</SimpleData>
		<SimpleData name="coord_este">268664</SimpleData>
		<SimpleData name="coord_nort">6353411</SimpleData>
		<SimpleData name="datum">WGS 1984</SimpleData>
		<SimpleData name="huso">19 SUR</SimpleData>
		<SimpleData name="region">VALPARAISO</SimpleData>
		<SimpleData name="provincia">VALPARAISO</SimpleData>
		<SimpleData name="comuna">CONCON</SimpleData>
		<SimpleData name="fuente_bas">CNE</SimpleData>
		<SimpleData name="fech_crea">10/12/2014</SimpleData>
		<SimpleData name="fech_act">2018-06-30</SimpleData>
		<SimpleData name="Lat">-32.9331</SimpleData>
		<SimpleData name="Long">-71.4742</SimpleData>
	</SchemaData></ExtendedData>
      <Point><coordinates>-71.4741999999999,-32.9331</coordinates></Point>
  </Placemark>
  <Placemark id="termoelectricas.33">
	<name>CONSTITUCION 1</name>
	<ExtendedData><SchemaData schemaUrl="#termoelectricas">
		<SimpleData name="OBJECTID_1">33</SimpleData>
		<SimpleData name="gml_id">termoel_ctricas_ab7d0ebd_96b7_481f_8804_f05173a82eef.33</SimpleData>
		<SimpleData name="objectid">33</SimpleData>
		<SimpleData name="nombre">CONSTITUCION 1</SimpleData>
		<SimpleData name="propiedad">ELEKTRAGEN</SimpleData>
		<SimpleData name="tipo">TERMOELECTRICA</SimpleData>
		<SimpleData name="combustibl">PETROLEO DIESEL</SimpleData>
		<SimpleData name="potencia">9</SimpleData>
		<SimpleData name="unidades">6</SimpleData>
		<SimpleData name="rca">13/2007</SimpleData>
		<SimpleData name="sist_elect">SEN</SimpleData>
		<SimpleData name="estado">EN OPERACION</SimpleData>
		<SimpleData name="f_operacio">2007</SimpleData>
		<SimpleData name="medio_gx">PMG</SimpleData>
		<SimpleData name="coord_este">190426</SimpleData>
		<SimpleData name="coord_nort">6081659</SimpleData>
		<SimpleData name="datum">WGS 1984</SimpleData>
		<SimpleData name="huso">19 SUR</SimpleData>
		<SimpleData name="region">MAULE</SimpleData>
		<SimpleData name="provincia">TALCA</SimpleData>
		<SimpleData name="comuna">CONSTITUCION</SimpleData>
		<SimpleData name="fuente_bas">CNE</SimpleData>
		<SimpleData name="fech_crea">10/12/2014</SimpleData>
		<SimpleData name="fech_act">2018-06-30</SimpleData>
		<SimpleData name="Lat">-35.3604</SimpleData>
		<SimpleData name="Long">-72.4069</SimpleData>
	</SchemaData></ExtendedData>
      <Point><coordinates>-72.4069,-35.3604</coordinates></Point>
  </Placemark>
  <Placemark id="termoelectricas.34">
	<name>CONTULMO</name>
	<ExtendedData><SchemaData schemaUrl="#termoelectricas">
		<SimpleData name="OBJECTID_1">34</SimpleData>
		<SimpleData name="gml_id">termoel_ctricas_ab7d0ebd_96b7_481f_8804_f05173a82eef.34</SimpleData>
		<SimpleData name="objectid">34</SimpleData>
		<SimpleData name="nombre">CONTULMO</SimpleData>
		<SimpleData name="propiedad">SAGESA</SimpleData>
		<SimpleData name="tipo">TERMOELECTRICA</SimpleData>
		<SimpleData name="combustibl">DIESEL</SimpleData>
		<SimpleData name="potencia">0.8</SimpleData>
		<SimpleData name="unidades">1</SimpleData>
		<SimpleData name="rca">S/I</SimpleData>
		<SimpleData name="sist_elect">SEN</SimpleData>
		<SimpleData name="estado">EN OPERACION</SimpleData>
		<SimpleData name="f_operacio">2012</SimpleData>
		<SimpleData name="medio_gx">PMG</SimpleData>
		<SimpleData name="coord_este">129292</SimpleData>
		<SimpleData name="coord_nort">5781971</SimpleData>
		<SimpleData name="datum">WGS 1984</SimpleData>
		<SimpleData name="huso">19 SUR</SimpleData>
		<SimpleData name="region">BIOBIO</SimpleData>
		<SimpleData name="provincia">ARAUCO</SimpleData>
		<SimpleData name="comuna">CONTULMO</SimpleData>
		<SimpleData name="fuente_bas">CNE</SimpleData>
		<SimpleData name="fech_crea">10/12/2014</SimpleData>
		<SimpleData name="fech_act">2018-06-30</SimpleData>
		<SimpleData name="Lat">-38.0341</SimpleData>
		<SimpleData name="Long">-73.2233</SimpleData>
	</SchemaData></ExtendedData>
      <Point><coordinates>-73.2232999999999,-38.0341</coordinates></Point>
  </Placemark>
  <Placemark id="termoelectricas.35">
	<name>CORONEL</name>
	<ExtendedData><SchemaData schemaUrl="#termoelectricas">
		<SimpleData name="OBJECTID_1">35</SimpleData>
		<SimpleData name="gml_id">termoel_ctricas_ab7d0ebd_96b7_481f_8804_f05173a82eef.35</SimpleData>
		<SimpleData name="objectid">35</SimpleData>
		<SimpleData name="nombre">CORONEL</SimpleData>
		<SimpleData name="propiedad">SAGESA</SimpleData>
		<SimpleData name="tipo">TERMOELECTRICA</SimpleData>
		<SimpleData name="combustibl">GAS NATURAL</SimpleData>
		<SimpleData name="potencia">47.16</SimpleData>
		<SimpleData name="unidades">1</SimpleData>
		<SimpleData name="rca">52/2004</SimpleData>
		<SimpleData name="sist_elect">SEN</SimpleData>
		<SimpleData name="estado">EN OPERACION</SimpleData>
		<SimpleData name="f_operacio">2005</SimpleData>
		<SimpleData name="medio_gx">NO APLICA</SimpleData>
		<SimpleData name="coord_este">128847</SimpleData>
		<SimpleData name="coord_nort">5900598</SimpleData>
		<SimpleData name="datum">WGS 1984</SimpleData>
		<SimpleData name="huso">19 SUR</SimpleData>
		<SimpleData name="region">BIOBIO</SimpleData>
		<SimpleData name="provincia">CONCEPCION</SimpleData>
		<SimpleData name="comuna">CORONEL</SimpleData>
		<SimpleData name="fuente_bas">CNE</SimpleData>
		<SimpleData name="fech_crea">10/12/2014</SimpleData>
		<SimpleData name="fech_act">2018-06-30</SimpleData>
		<SimpleData name="Lat">-36.9676</SimpleData>
		<SimpleData name="Long">-73.1686</SimpleData>
	</SchemaData></ExtendedData>
      <Point><coordinates>-73.1686,-36.9675999999999</coordinates></Point>
  </Placemark>
  <Placemark id="termoelectricas.36">
	<name>CURACAUTIN</name>
	<ExtendedData><SchemaData schemaUrl="#termoelectricas">
		<SimpleData name="OBJECTID_1">36</SimpleData>
		<SimpleData name="gml_id">termoel_ctricas_ab7d0ebd_96b7_481f_8804_f05173a82eef.36</SimpleData>
		<SimpleData name="objectid">36</SimpleData>
		<SimpleData name="nombre">CURACAUTIN</SimpleData>
		<SimpleData name="propiedad">SAGESA</SimpleData>
		<SimpleData name="tipo">TERMOELECTRICA</SimpleData>
		<SimpleData name="combustibl">PETROLEO DIESEL</SimpleData>
		<SimpleData name="potencia">2.4</SimpleData>
		<SimpleData name="unidades">3</SimpleData>
		<SimpleData name="rca">S/I</SimpleData>
		<SimpleData name="sist_elect">SEN</SimpleData>
		<SimpleData name="estado">EN OPERACION</SimpleData>
		<SimpleData name="f_operacio">2007</SimpleData>
		<SimpleData name="medio_gx">PMGD</SimpleData>
		<SimpleData name="coord_este">253967</SimpleData>
		<SimpleData name="coord_nort">5740175</SimpleData>
		<SimpleData name="datum">WGS 1984</SimpleData>
		<SimpleData name="huso">19 SUR</SimpleData>
		<SimpleData name="region">LA ARAUCANIA</SimpleData>
		<SimpleData name="provincia">MALLECO</SimpleData>
		<SimpleData name="comuna">CURACAUTIN</SimpleData>
		<SimpleData name="fuente_bas">CNE</SimpleData>
		<SimpleData name="fech_crea">10/12/2014</SimpleData>
		<SimpleData name="fech_act">2018-06-30</SimpleData>
		<SimpleData name="Lat">-38.4528</SimpleData>
		<SimpleData name="Long">-71.8194</SimpleData>
	</SchemaData></ExtendedData>
      <Point><coordinates>-71.8194,-38.4528</coordinates></Point>
  </Placemark>
  <Placemark id="termoelectricas.37">
	<name>CURAUMA</name>
	<ExtendedData><SchemaData schemaUrl="#termoelectricas">
		<SimpleData name="OBJECTID_1">37</SimpleData>
		<SimpleData name="gml_id">termoel_ctricas_ab7d0ebd_96b7_481f_8804_f05173a82eef.37</SimpleData>
		<SimpleData name="objectid">37</SimpleData>
		<SimpleData name="nombre">CURAUMA</SimpleData>
		<SimpleData name="propiedad">TECNORED</SimpleData>
		<SimpleData name="tipo">TERMOELECTRICA</SimpleData>
		<SimpleData name="combustibl">PETROLEO DIESEL</SimpleData>
		<SimpleData name="potencia">2.5</SimpleData>
		<SimpleData name="unidades">3</SimpleData>
		<SimpleData name="rca">S/I</SimpleData>
		<SimpleData name="sist_elect">SEN</SimpleData>
		<SimpleData name="estado">EN OPERACION</SimpleData>
		<SimpleData name="f_operacio">2007</SimpleData>
		<SimpleData name="medio_gx">PMGD</SimpleData>
		<SimpleData name="coord_este">261455</SimpleData>
		<SimpleData name="coord_nort">6331486</SimpleData>
		<SimpleData name="datum">WGS 1984</SimpleData>
		<SimpleData name="huso">19 SUR</SimpleData>
		<SimpleData name="region">VALPARAISO</SimpleData>
		<SimpleData name="provincia">VALPARAISO</SimpleData>
		<SimpleData name="comuna">VALPARAISO</SimpleData>
		<SimpleData name="fuente_bas">CNE</SimpleData>
		<SimpleData name="fech_crea">10/12/2014</SimpleData>
		<SimpleData name="fech_act">2018-06-30</SimpleData>
		<SimpleData name="Lat">-33.1291</SimpleData>
		<SimpleData name="Long">-71.557</SimpleData>
	</SchemaData></ExtendedData>
      <Point><coordinates>-71.557,-33.1290999999999</coordinates></Point>
  </Placemark>
  <Placemark id="termoelectricas.38">
	<name>DANISCO</name>
	<ExtendedData><SchemaData schemaUrl="#termoelectricas">
		<SimpleData name="OBJECTID_1">38</SimpleData>
		<SimpleData name="gml_id">termoel_ctricas_ab7d0ebd_96b7_481f_8804_f05173a82eef.38</SimpleData>
		<SimpleData name="objectid">38</SimpleData>
		<SimpleData name="nombre">DANISCO</SimpleData>
		<SimpleData name="propiedad">SAGESA</SimpleData>
		<SimpleData name="tipo">TERMOELECTRICA</SimpleData>
		<SimpleData name="combustibl">PETROLEO DIESEL</SimpleData>
		<SimpleData name="potencia">0.8</SimpleData>
		<SimpleData name="unidades">1</SimpleData>
		<SimpleData name="rca">S/I</SimpleData>
		<SimpleData name="sist_elect">SEN</SimpleData>
		<SimpleData name="estado">EN OPERACION</SimpleData>
		<SimpleData name="f_operacio">2011</SimpleData>
		<SimpleData name="medio_gx">PMGD</SimpleData>
		<SimpleData name="coord_este">130469</SimpleData>
		<SimpleData name="coord_nort">5364851</SimpleData>
		<SimpleData name="datum">WGS 1984</SimpleData>
		<SimpleData name="huso">19 SUR</SimpleData>
		<SimpleData name="region">LOS LAGOS</SimpleData>
		<SimpleData name="provincia">LLANQUIHUE</SimpleData>
		<SimpleData name="comuna">CALBUCO</SimpleData>
		<SimpleData name="fuente_bas">CNE</SimpleData>
		<SimpleData name="fech_crea">10/12/2014</SimpleData>
		<SimpleData name="fech_act">2018-06-30</SimpleData>
		<SimpleData name="Lat">-41.7821</SimpleData>
		<SimpleData name="Long">-73.4463</SimpleData>
	</SchemaData></ExtendedData>
      <Point><coordinates>-73.4463,-41.7821</coordinates></Point>
  </Placemark>
  <Placemark id="termoelectricas.39">
	<name>DEGAN</name>
	<ExtendedData><SchemaData schemaUrl="#termoelectricas">
		<SimpleData name="OBJECTID_1">39</SimpleData>
		<SimpleData name="gml_id">termoel_ctricas_ab7d0ebd_96b7_481f_8804_f05173a82eef.39</SimpleData>
		<SimpleData name="objectid">39</SimpleData>
		<SimpleData name="nombre">DEGAN</SimpleData>
		<SimpleData name="propiedad">GENERACION DE ENERGIA NUEVA DEGAN S.A.</SimpleData>
		<SimpleData name="tipo">TERMOELECTRICA</SimpleData>
		<SimpleData name="combustibl">PETROLEO DIESEL</SimpleData>
		<SimpleData name="potencia">36</SimpleData>
		<SimpleData name="unidades">22</SimpleData>
		<SimpleData name="rca">289/2007</SimpleData>
		<SimpleData name="sist_elect">SEN</SimpleData>
		<SimpleData name="estado">EN OPERACION</SimpleData>
		<SimpleData name="f_operacio">2007</SimpleData>
		<SimpleData name="medio_gx">NO APLICA</SimpleData>
		<SimpleData name="coord_este">110482</SimpleData>
		<SimpleData name="coord_nort">5322682</SimpleData>
		<SimpleData name="datum">WGS 1984</SimpleData>
		<SimpleData name="huso">19 SUR</SimpleData>
		<SimpleData name="region">LOS LAGOS</SimpleData>
		<SimpleData name="provincia">CHILOE</SimpleData>
		<SimpleData name="comuna">ANCUD</SimpleData>
		<SimpleData name="fuente_bas">CNE</SimpleData>
		<SimpleData name="fech_crea">10/12/2014</SimpleData>
		<SimpleData name="fech_act">2018-06-30</SimpleData>
		<SimpleData name="Lat">-42.1511</SimpleData>
		<SimpleData name="Long">-73.714</SimpleData>
	</SchemaData></ExtendedData>
      <Point><coordinates>-73.7139999999999,-42.1511</coordinates></Point>
  </Placemark>
  <Placemark id="termoelectricas.40">
	<name>DIEGO DE ALMAGRO</name>
	<ExtendedData><SchemaData schemaUrl="#termoelectricas">
		<SimpleData name="OBJECTID_1">40</SimpleData>
		<SimpleData name="gml_id">termoel_ctricas_ab7d0ebd_96b7_481f_8804_f05173a82eef.40</SimpleData>
		<SimpleData name="objectid">40</SimpleData>
		<SimpleData name="nombre">DIEGO DE ALMAGRO</SimpleData>
		<SimpleData name="propiedad">ENDESA</SimpleData>
		<SimpleData name="tipo">TERMOELECTRICA</SimpleData>
		<SimpleData name="combustibl">PETROLEO DIESEL</SimpleData>
		<SimpleData name="potencia">23.8</SimpleData>
		<SimpleData name="unidades">1</SimpleData>
		<SimpleData name="rca">S/I</SimpleData>
		<SimpleData name="sist_elect">SEN</SimpleData>
		<SimpleData name="estado">EN OPERACION</SimpleData>
		<SimpleData name="f_operacio">1989</SimpleData>
		<SimpleData name="medio_gx">NO APLICA</SimpleData>
		<SimpleData name="coord_este">396331</SimpleData>
		<SimpleData name="coord_nort">7079727</SimpleData>
		<SimpleData name="datum">WGS 1984</SimpleData>
		<SimpleData name="huso">19 SUR</SimpleData>
		<SimpleData name="region">ATACAMA</SimpleData>
		<SimpleData name="provincia">CHANARAL</SimpleData>
		<SimpleData name="comuna">DIEGO DE ALMAGRO</SimpleData>
		<SimpleData name="fuente_bas">CNE</SimpleData>
		<SimpleData name="fech_crea">10/12/2014</SimpleData>
		<SimpleData name="fech_act">2018-06-30</SimpleData>
		<SimpleData name="Lat">-26.3988</SimpleData>
		<SimpleData name="Long">-70.0394</SimpleData>
	</SchemaData></ExtendedData>
      <Point><coordinates>-70.0393999999999,-26.3987999999999</coordinates></Point>
  </Placemark>
  <Placemark id="termoelectricas.41">
	<name>DIESEL ARICA (GMAR_M1AR)</name>
	<ExtendedData><SchemaData schemaUrl="#termoelectricas">
		<SimpleData name="OBJECTID_1">41</SimpleData>
		<SimpleData name="gml_id">termoel_ctricas_ab7d0ebd_96b7_481f_8804_f05173a82eef.41</SimpleData>
		<SimpleData name="objectid">41</SimpleData>
		<SimpleData name="nombre">DIESEL ARICA (GMAR_M1AR)</SimpleData>
		<SimpleData name="propiedad">ENGIE</SimpleData>
		<SimpleData name="tipo">TERMOELECTRICA</SimpleData>
		<SimpleData name="combustibl">DIESEL</SimpleData>
		<SimpleData name="potencia">14.3</SimpleData>
		<SimpleData name="unidades">3</SimpleData>
		<SimpleData name="rca">S/I</SimpleData>
		<SimpleData name="sist_elect">SEN</SimpleData>
		<SimpleData name="estado">EN OPERACION</SimpleData>
		<SimpleData name="f_operacio">1953</SimpleData>
		<SimpleData name="medio_gx">NO APLICA</SimpleData>
		<SimpleData name="coord_este">362420</SimpleData>
		<SimpleData name="coord_nort">7957595</SimpleData>
		<SimpleData name="datum">WGS 1984</SimpleData>
		<SimpleData name="huso">19 SUR</SimpleData>
		<SimpleData name="region">ARICA Y PARINACOTA</SimpleData>
		<SimpleData name="provincia">ARICA</SimpleData>
		<SimpleData name="comuna">ARICA</SimpleData>
		<SimpleData name="fuente_bas">CNE</SimpleData>
		<SimpleData name="fech_crea">10/12/2014</SimpleData>
		<SimpleData name="fech_act">2018-06-30</SimpleData>
		<SimpleData name="Lat">-18.4675</SimpleData>
		<SimpleData name="Long">-70.303</SimpleData>
	</SchemaData></ExtendedData>
      <Point><coordinates>-70.3029999999999,-18.4675</coordinates></Point>
  </Placemark>
  <Placemark id="termoelectricas.42">
	<name>DIESEL ENAEX (CUMMINS-DEUTZ)</name>
	<ExtendedData><SchemaData schemaUrl="#termoelectricas">
		<SimpleData name="OBJECTID_1">42</SimpleData>
		<SimpleData name="gml_id">termoel_ctricas_ab7d0ebd_96b7_481f_8804_f05173a82eef.42</SimpleData>
		<SimpleData name="objectid">42</SimpleData>
		<SimpleData name="nombre">DIESEL ENAEX (CUMMINS-DEUTZ)</SimpleData>
		<SimpleData name="propiedad">ENAEX</SimpleData>
		<SimpleData name="tipo">TERMOELECTRICA</SimpleData>
		<SimpleData name="combustibl">PETROLEO DIESEL</SimpleData>
		<SimpleData name="potencia">2.68</SimpleData>
		<SimpleData name="unidades">4</SimpleData>
		<SimpleData name="rca">S/I</SimpleData>
		<SimpleData name="sist_elect">SEN</SimpleData>
		<SimpleData name="estado">EN OPERACION</SimpleData>
		<SimpleData name="f_operacio">1996</SimpleData>
		<SimpleData name="medio_gx">NO APLICA</SimpleData>
		<SimpleData name="coord_este">353350</SimpleData>
		<SimpleData name="coord_nort">7445026</SimpleData>
		<SimpleData name="datum">WGS 1984</SimpleData>
		<SimpleData name="huso">19 SUR</SimpleData>
		<SimpleData name="region">ANTOFAGASTA</SimpleData>
		<SimpleData name="provincia">ANTOFAGASTA</SimpleData>
		<SimpleData name="comuna">MEJILLONES</SimpleData>
		<SimpleData name="fuente_bas">CNE</SimpleData>
		<SimpleData name="fech_crea">10/12/2014</SimpleData>
		<SimpleData name="fech_act">2018-06-30</SimpleData>
		<SimpleData name="Lat">-23.097</SimpleData>
		<SimpleData name="Long">-70.4319</SimpleData>
	</SchemaData></ExtendedData>
      <Point><coordinates>-70.4319,-23.097</coordinates></Point>
  </Placemark>
  <Placemark id="termoelectricas.43">
	<name>DIESEL TAMAYA (SUTA)</name>
	<ExtendedData><SchemaData schemaUrl="#termoelectricas">
		<SimpleData name="OBJECTID_1">43</SimpleData>
		<SimpleData name="gml_id">termoel_ctricas_ab7d0ebd_96b7_481f_8804_f05173a82eef.43</SimpleData>
		<SimpleData name="objectid">43</SimpleData>
		<SimpleData name="nombre">DIESEL TAMAYA (SUTA)</SimpleData>
		<SimpleData name="propiedad">ENGIE</SimpleData>
		<SimpleData name="tipo">TERMOELECTRICA</SimpleData>
		<SimpleData name="combustibl">FUEL OIL NRO 6</SimpleData>
		<SimpleData name="potencia">103.68</SimpleData>
		<SimpleData name="unidades">1</SimpleData>
		<SimpleData name="rca">S/I</SimpleData>
		<SimpleData name="sist_elect">SEN</SimpleData>
		<SimpleData name="estado">EN OPERACION</SimpleData>
		<SimpleData name="f_operacio">2009</SimpleData>
		<SimpleData name="medio_gx">NO APLICA</SimpleData>
		<SimpleData name="coord_este">387622</SimpleData>
		<SimpleData name="coord_nort">7548492</SimpleData>
		<SimpleData name="datum">WGS 1984</SimpleData>
		<SimpleData name="huso">19 SUR</SimpleData>
		<SimpleData name="region">ANTOFAGASTA</SimpleData>
		<SimpleData name="provincia">TOCOPILLA</SimpleData>
		<SimpleData name="comuna">TOCOPILLA</SimpleData>
		<SimpleData name="fuente_bas">CNE</SimpleData>
		<SimpleData name="fech_crea">10/12/2014</SimpleData>
		<SimpleData name="fech_act">2018-06-30</SimpleData>
		<SimpleData name="Lat">-22.1651</SimpleData>
		<SimpleData name="Long">-70.0899</SimpleData>
	</SchemaData></ExtendedData>
      <Point><coordinates>-70.0898999999999,-22.1650999999999</coordinates></Point>
  </Placemark>
  <Placemark id="termoelectricas.44">
	<name>DIESEL ZOFRI (ZOFRI 1-6_ZOFRI 1-5)</name>
	<ExtendedData><SchemaData schemaUrl="#termoelectricas">
		<SimpleData name="OBJECTID_1">44</SimpleData>
		<SimpleData name="gml_id">termoel_ctricas_ab7d0ebd_96b7_481f_8804_f05173a82eef.44</SimpleData>
		<SimpleData name="objectid">44</SimpleData>
		<SimpleData name="nombre">DIESEL ZOFRI (ZOFRI 1-6_ZOFRI 1-5)</SimpleData>
		<SimpleData name="propiedad">ENORCHILE</SimpleData>
		<SimpleData name="tipo">TERMOELECTRICA</SimpleData>
		<SimpleData name="combustibl">PETROLEO DIESEL</SimpleData>
		<SimpleData name="potencia">6.06</SimpleData>
		<SimpleData name="unidades">2</SimpleData>
		<SimpleData name="rca">S/I</SimpleData>
		<SimpleData name="sist_elect">SEN</SimpleData>
		<SimpleData name="estado">EN OPERACION</SimpleData>
		<SimpleData name="f_operacio">2007</SimpleData>
		<SimpleData name="medio_gx">NO APLICA</SimpleData>
		<SimpleData name="coord_este">381943</SimpleData>
		<SimpleData name="coord_nort">7765267</SimpleData>
		<SimpleData name="datum">WGS 1984</SimpleData>
		<SimpleData name="huso">19 SUR</SimpleData>
		<SimpleData name="region">TARAPACA</SimpleData>
		<SimpleData name="provincia">IQUIQUE</SimpleData>
		<SimpleData name="comuna">IQUIQUE</SimpleData>
		<SimpleData name="fuente_bas">CNE</SimpleData>
		<SimpleData name="fech_crea">10/12/2014</SimpleData>
		<SimpleData name="fech_act">2018-06-30</SimpleData>
		<SimpleData name="Lat">-20.2065</SimpleData>
		<SimpleData name="Long">-70.13</SimpleData>
	</SchemaData></ExtendedData>
      <Point><coordinates>-70.1299999999999,-20.2064999999999</coordinates></Point>
  </Placemark>
  <Placemark id="termoelectricas.45">
	<name>EAGON</name>
	<ExtendedData><SchemaData schemaUrl="#termoelectricas">
		<SimpleData name="OBJECTID_1">45</SimpleData>
		<SimpleData name="gml_id">termoel_ctricas_ab7d0ebd_96b7_481f_8804_f05173a82eef.45</SimpleData>
		<SimpleData name="objectid">45</SimpleData>
		<SimpleData name="nombre">EAGON</SimpleData>
		<SimpleData name="propiedad">SAGESA</SimpleData>
		<SimpleData name="tipo">TERMOELECTRICA</SimpleData>
		<SimpleData name="combustibl">PETROLEO DIESEL</SimpleData>
		<SimpleData name="potencia">2.4</SimpleData>
		<SimpleData name="unidades">3</SimpleData>
		<SimpleData name="rca">S/I</SimpleData>
		<SimpleData name="sist_elect">SEN</SimpleData>
		<SimpleData name="estado">EN OPERACION</SimpleData>
		<SimpleData name="f_operacio">2009</SimpleData>
		<SimpleData name="medio_gx">PMGD</SimpleData>
		<SimpleData name="coord_este">198339</SimpleData>
		<SimpleData name="coord_nort">5728841</SimpleData>
		<SimpleData name="datum">WGS 1984</SimpleData>
		<SimpleData name="huso">19 SUR</SimpleData>
		<SimpleData name="region">LA ARAUCANIA</SimpleData>
		<SimpleData name="provincia">CAUTIN</SimpleData>
		<SimpleData name="comuna">LAUTARO</SimpleData>
		<SimpleData name="fuente_bas">CNE</SimpleData>
		<SimpleData name="fech_crea">10/12/2014</SimpleData>
		<SimpleData name="fech_act">2018-06-30</SimpleData>
		<SimpleData name="Lat">-38.5377</SimpleData>
		<SimpleData name="Long">-72.4608</SimpleData>
	</SchemaData></ExtendedData>
      <Point><coordinates>-72.4607999999999,-38.5377</coordinates></Point>
  </Placemark>
  <Placemark id="termoelectricas.46">
	<name>EL CANELO 1</name>
	<ExtendedData><SchemaData schemaUrl="#termoelectricas">
		<SimpleData name="OBJECTID_1">46</SimpleData>
		<SimpleData name="gml_id">termoel_ctricas_ab7d0ebd_96b7_481f_8804_f05173a82eef.46</SimpleData>
		<SimpleData name="objectid">46</SimpleData>
		<SimpleData name="nombre">EL CANELO 1</SimpleData>
		<SimpleData name="propiedad">CENTRAL ELECTRICA EL CANELO</SimpleData>
		<SimpleData name="tipo">TERMOELECTRICA</SimpleData>
		<SimpleData name="combustibl">PETROLEO DIESEL</SimpleData>
		<SimpleData name="potencia">3</SimpleData>
		<SimpleData name="unidades">1</SimpleData>
		<SimpleData name="rca">S/I</SimpleData>
		<SimpleData name="sist_elect">SEN</SimpleData>
		<SimpleData name="estado">EN OPERACION</SimpleData>
		<SimpleData name="f_operacio">2015</SimpleData>
		<SimpleData name="medio_gx">PMGD</SimpleData>
		<SimpleData name="coord_este">165534</SimpleData>
		<SimpleData name="coord_nort">5416746</SimpleData>
		<SimpleData name="datum">WGS 1984</SimpleData>
		<SimpleData name="huso">19 SUR</SimpleData>
		<SimpleData name="region">LOS LAGOS</SimpleData>
		<SimpleData name="provincia">LLANQUIHUE</SimpleData>
		<SimpleData name="comuna">PUERTO VARAS</SimpleData>
		<SimpleData name="fuente_bas">CNE</SimpleData>
		<SimpleData name="fech_crea">10/12/2014</SimpleData>
		<SimpleData name="fech_act">2018-06-30</SimpleData>
		<SimpleData name="Lat">-41.3314</SimpleData>
		<SimpleData name="Long">-72.9966</SimpleData>
	</SchemaData></ExtendedData>
      <Point><coordinates>-72.9965999999999,-41.3314</coordinates></Point>
  </Placemark>
  <Placemark id="termoelectricas.47">
	<name>EL CANELO 2</name>
	<ExtendedData><SchemaData schemaUrl="#termoelectricas">
		<SimpleData name="OBJECTID_1">47</SimpleData>
		<SimpleData name="gml_id">termoel_ctricas_ab7d0ebd_96b7_481f_8804_f05173a82eef.47</SimpleData>
		<SimpleData name="objectid">47</SimpleData>
		<SimpleData name="nombre">EL CANELO 2</SimpleData>
		<SimpleData name="propiedad">IMELSA ENERGIA SPA</SimpleData>
		<SimpleData name="tipo">TERMOELECTRICA</SimpleData>
		<SimpleData name="combustibl">PETROLEO DIESEL</SimpleData>
		<SimpleData name="potencia">3</SimpleData>
		<SimpleData name="unidades">1</SimpleData>
		<SimpleData name="rca">S/I</SimpleData>
		<SimpleData name="sist_elect">SEN</SimpleData>
		<SimpleData name="estado">EN OPERACION</SimpleData>
		<SimpleData name="f_operacio">2017</SimpleData>
		<SimpleData name="medio_gx">PMGD</SimpleData>
		<SimpleData name="coord_este">165534</SimpleData>
		<SimpleData name="coord_nort">5416746</SimpleData>
		<SimpleData name="datum">WGS 1984</SimpleData>
		<SimpleData name="huso">19 SUR</SimpleData>
		<SimpleData name="region">LOS LAGOS</SimpleData>
		<SimpleData name="provincia">LLANQUIHUE</SimpleData>
		<SimpleData name="comuna">PUERTO VARAS</SimpleData>
		<SimpleData name="fuente_bas">CNE</SimpleData>
		<SimpleData name="fech_crea">S/I</SimpleData>
		<SimpleData name="fech_act">2018-06-30</SimpleData>
		<SimpleData name="Lat">-41.3314</SimpleData>
		<SimpleData name="Long">-72.9966</SimpleData>
	</SchemaData></ExtendedData>
      <Point><coordinates>-72.9965999999999,-41.3314</coordinates></Point>
  </Placemark>
  <Placemark id="termoelectricas.48">
	<name>EL NOGAL</name>
	<ExtendedData><SchemaData schemaUrl="#termoelectricas">
		<SimpleData name="OBJECTID_1">48</SimpleData>
		<SimpleData name="gml_id">termoel_ctricas_ab7d0ebd_96b7_481f_8804_f05173a82eef.48</SimpleData>
		<SimpleData name="objectid">48</SimpleData>
		<SimpleData name="nombre">EL NOGAL</SimpleData>
		<SimpleData name="propiedad">GENERADORA ESTANCILLA SPA</SimpleData>
		<SimpleData name="tipo">TERMOELECTRICA</SimpleData>
		<SimpleData name="combustibl">PETROLEO DIESEL</SimpleData>
		<SimpleData name="potencia">3</SimpleData>
		<SimpleData name="unidades">6</SimpleData>
		<SimpleData name="rca">S/I</SimpleData>
		<SimpleData name="sist_elect">SEN</SimpleData>
		<SimpleData name="estado">EN OPERACION</SimpleData>
		<SimpleData name="f_operacio">2017</SimpleData>
		<SimpleData name="medio_gx">NO APLICA</SimpleData>
		<SimpleData name="coord_este">341251</SimpleData>
		<SimpleData name="coord_nort">6274232</SimpleData>
		<SimpleData name="datum">WGS 1984</SimpleData>
		<SimpleData name="huso">19 SUR</SimpleData>
		<SimpleData name="region">METROPOLITANA</SimpleData>
		<SimpleData name="provincia">MAIPO</SimpleData>
		<SimpleData name="comuna">SAN BERNARDO</SimpleData>
		<SimpleData name="fuente_bas">CNE</SimpleData>
		<SimpleData name="fech_crea">10/12/2014</SimpleData>
		<SimpleData name="fech_act">2018-06-30</SimpleData>
		<SimpleData name="Lat">-33.66</SimpleData>
		<SimpleData name="Long">-70.7121</SimpleData>
	</SchemaData></ExtendedData>
      <Point><coordinates>-70.7121,-33.66</coordinates></Point>
  </Placemark>
  <Placemark id="termoelectricas.49">
	<name>EL PENON</name>
	<ExtendedData><SchemaData schemaUrl="#termoelectricas">
		<SimpleData name="OBJECTID_1">49</SimpleData>
		<SimpleData name="gml_id">termoel_ctricas_ab7d0ebd_96b7_481f_8804_f05173a82eef.49</SimpleData>
		<SimpleData name="objectid">49</SimpleData>
		<SimpleData name="nombre">EL PENON</SimpleData>
		<SimpleData name="propiedad">ENLASA</SimpleData>
		<SimpleData name="tipo">TERMOELECTRICA</SimpleData>
		<SimpleData name="combustibl">PETROLEO DIESEL</SimpleData>
		<SimpleData name="potencia">80.838</SimpleData>
		<SimpleData name="unidades">50</SimpleData>
		<SimpleData name="rca">269/2009</SimpleData>
		<SimpleData name="sist_elect">SEN</SimpleData>
		<SimpleData name="estado">EN OPERACION</SimpleData>
		<SimpleData name="f_operacio">2009</SimpleData>
		<SimpleData name="medio_gx">NO APLICA</SimpleData>
		<SimpleData name="coord_este">285240</SimpleData>
		<SimpleData name="coord_nort">6663401</SimpleData>
		<SimpleData name="datum">WGS 1984</SimpleData>
		<SimpleData name="huso">19 SUR</SimpleData>
		<SimpleData name="region">COQUIMBO</SimpleData>
		<SimpleData name="provincia">ELQUI</SimpleData>
		<SimpleData name="comuna">COQUIMBO</SimpleData>
		<SimpleData name="fuente_bas">CNE</SimpleData>
		<SimpleData name="fech_crea">10/12/2014</SimpleData>
		<SimpleData name="fech_act">2018-06-30</SimpleData>
		<SimpleData name="Lat">-30.1418</SimpleData>
		<SimpleData name="Long">-71.2296</SimpleData>
	</SchemaData></ExtendedData>
      <Point><coordinates>-71.2295999999999,-30.1417999999999</coordinates></Point>
  </Placemark>
  <Placemark id="termoelectricas.50">
	<name>EL SALVADOR</name>
	<ExtendedData><SchemaData schemaUrl="#termoelectricas">
		<SimpleData name="OBJECTID_1">50</SimpleData>
		<SimpleData name="gml_id">termoel_ctricas_ab7d0ebd_96b7_481f_8804_f05173a82eef.50</SimpleData>
		<SimpleData name="objectid">50</SimpleData>
		<SimpleData name="nombre">EL SALVADOR</SimpleData>
		<SimpleData name="propiedad">SWC</SimpleData>
		<SimpleData name="tipo">TERMOELECTRICA</SimpleData>
		<SimpleData name="combustibl">PETROLEO DIESEL</SimpleData>
		<SimpleData name="potencia">23.8</SimpleData>
		<SimpleData name="unidades">1</SimpleData>
		<SimpleData name="rca">S/I</SimpleData>
		<SimpleData name="sist_elect">SEN</SimpleData>
		<SimpleData name="estado">EN OPERACION</SimpleData>
		<SimpleData name="f_operacio">2010</SimpleData>
		<SimpleData name="medio_gx">NO APLICA</SimpleData>
		<SimpleData name="coord_este">396501</SimpleData>
		<SimpleData name="coord_nort">7079486</SimpleData>
		<SimpleData name="datum">WGS 1984</SimpleData>
		<SimpleData name="huso">19 SUR</SimpleData>
		<SimpleData name="region">ATACAMA</SimpleData>
		<SimpleData name="provincia">CHANARAL</SimpleData>
		<SimpleData name="comuna">DIEGO DE ALMAGRO</SimpleData>
		<SimpleData name="fuente_bas">CNE</SimpleData>
		<SimpleData name="fech_crea">10/12/2014</SimpleData>
		<SimpleData name="fech_act">2018-06-30</SimpleData>
		<SimpleData name="Lat">-26.401</SimpleData>
		<SimpleData name="Long">-70.0377</SimpleData>
	</SchemaData></ExtendedData>
      <Point><coordinates>-70.0377,-26.401</coordinates></Point>
  </Placemark>
  <Placemark id="termoelectricas.51">
	<name>EL TOTORAL</name>
	<ExtendedData><SchemaData schemaUrl="#termoelectricas">
		<SimpleData name="OBJECTID_1">51</SimpleData>
		<SimpleData name="gml_id">termoel_ctricas_ab7d0ebd_96b7_481f_8804_f05173a82eef.51</SimpleData>
		<SimpleData name="objectid">51</SimpleData>
		<SimpleData name="nombre">EL TOTORAL</SimpleData>
		<SimpleData name="propiedad">TECNORED</SimpleData>
		<SimpleData name="tipo">TERMOELECTRICA</SimpleData>
		<SimpleData name="combustibl">PETROLEO DIESEL</SimpleData>
		<SimpleData name="potencia">3</SimpleData>
		<SimpleData name="unidades">3</SimpleData>
		<SimpleData name="rca">S/I</SimpleData>
		<SimpleData name="sist_elect">SEN</SimpleData>
		<SimpleData name="estado">EN OPERACION</SimpleData>
		<SimpleData name="f_operacio">2008</SimpleData>
		<SimpleData name="medio_gx">PMG</SimpleData>
		<SimpleData name="coord_este">254844</SimpleData>
		<SimpleData name="coord_nort">6298187</SimpleData>
		<SimpleData name="datum">WGS 1984</SimpleData>
		<SimpleData name="huso">19 SUR</SimpleData>
		<SimpleData name="region">VALPARAISO</SimpleData>
		<SimpleData name="provincia">SAN ANTONIO</SimpleData>
		<SimpleData name="comuna">EL QUISCO</SimpleData>
		<SimpleData name="fuente_bas">CNE</SimpleData>
		<SimpleData name="fech_crea">10/12/2014</SimpleData>
		<SimpleData name="fech_act">2018-06-30</SimpleData>
		<SimpleData name="Lat">-33.4277</SimpleData>
		<SimpleData name="Long">-71.6368</SimpleData>
	</SchemaData></ExtendedData>
      <Point><coordinates>-71.6367999999999,-33.4277</coordinates></Point>
  </Placemark>
  <Placemark id="termoelectricas.52">
	<name>EL TRARO</name>
	<ExtendedData><SchemaData schemaUrl="#termoelectricas">
		<SimpleData name="OBJECTID_1">52</SimpleData>
		<SimpleData name="gml_id">termoel_ctricas_ab7d0ebd_96b7_481f_8804_f05173a82eef.52</SimpleData>
		<SimpleData name="objectid">52</SimpleData>
		<SimpleData name="nombre">EL TRARO</SimpleData>
		<SimpleData name="propiedad">EDELAYSEN</SimpleData>
		<SimpleData name="tipo">TERMOELECTRICA</SimpleData>
		<SimpleData name="combustibl">PETROLEO</SimpleData>
		<SimpleData name="potencia">0.69</SimpleData>
		<SimpleData name="unidades">2</SimpleData>
		<SimpleData name="rca">S/I</SimpleData>
		<SimpleData name="sist_elect">AYSEN</SimpleData>
		<SimpleData name="estado">EN OPERACION</SimpleData>
		<SimpleData name="f_operacio">2007</SimpleData>
		<SimpleData name="medio_gx">NO APLICA</SimpleData>
		<SimpleData name="coord_este">225866</SimpleData>
		<SimpleData name="coord_nort">4763080</SimpleData>
		<SimpleData name="datum">WGS 1984</SimpleData>
		<SimpleData name="huso">19 SUR</SimpleData>
		<SimpleData name="region">AYSEN</SimpleData>
		<SimpleData name="provincia">COYHAIQUE</SimpleData>
		<SimpleData name="comuna">COCHRANE</SimpleData>
		<SimpleData name="fuente_bas">CNE</SimpleData>
		<SimpleData name="fech_crea">10/12/2014</SimpleData>
		<SimpleData name="fech_act">2018-06-30</SimpleData>
		<SimpleData name="Lat">-47.2285</SimpleData>
		<SimpleData name="Long">-72.6215</SimpleData>
	</SchemaData></ExtendedData>
      <Point><coordinates>-72.6215,-47.2284999999999</coordinates></Point>
  </Placemark>
  <Placemark id="termoelectricas.53">
	<name>EMELDA (U1 Y U2)</name>
	<ExtendedData><SchemaData schemaUrl="#termoelectricas">
		<SimpleData name="OBJECTID_1">53</SimpleData>
		<SimpleData name="gml_id">termoel_ctricas_ab7d0ebd_96b7_481f_8804_f05173a82eef.53</SimpleData>
		<SimpleData name="objectid">53</SimpleData>
		<SimpleData name="nombre">EMELDA (U1 Y U2)</SimpleData>
		<SimpleData name="propiedad">EMELDA S.A.</SimpleData>
		<SimpleData name="tipo">TERMOELECTRICA</SimpleData>
		<SimpleData name="combustibl">PETROLEO DIESEL</SimpleData>
		<SimpleData name="potencia">70.86</SimpleData>
		<SimpleData name="unidades">2</SimpleData>
		<SimpleData name="rca">250/2008</SimpleData>
		<SimpleData name="sist_elect">SEN</SimpleData>
		<SimpleData name="estado">EN OPERACION</SimpleData>
		<SimpleData name="f_operacio">2010</SimpleData>
		<SimpleData name="medio_gx">NO APLICA</SimpleData>
		<SimpleData name="coord_este">398024</SimpleData>
		<SimpleData name="coord_nort">7081793</SimpleData>
		<SimpleData name="datum">WGS 1984</SimpleData>
		<SimpleData name="huso">19 SUR</SimpleData>
		<SimpleData name="region">ATACAMA</SimpleData>
		<SimpleData name="provincia">CHANARAL</SimpleData>
		<SimpleData name="comuna">DIEGO DE ALMAGRO</SimpleData>
		<SimpleData name="fuente_bas">CNE</SimpleData>
		<SimpleData name="fech_crea">10/12/2014</SimpleData>
		<SimpleData name="fech_act">2018-06-30</SimpleData>
		<SimpleData name="Lat">-26.3803</SimpleData>
		<SimpleData name="Long">-70.0222</SimpleData>
	</SchemaData></ExtendedData>
      <Point><coordinates>-70.0221999999999,-26.3803</coordinates></Point>
  </Placemark>
  <Placemark id="termoelectricas.54">
	<name>ESPERANZA 1,2 Y 3</name>
	<ExtendedData><SchemaData schemaUrl="#termoelectricas">
		<SimpleData name="OBJECTID_1">54</SimpleData>
		<SimpleData name="gml_id">termoel_ctricas_ab7d0ebd_96b7_481f_8804_f05173a82eef.54</SimpleData>
		<SimpleData name="objectid">54</SimpleData>
		<SimpleData name="nombre">ESPERANZA 1,2 Y 3</SimpleData>
		<SimpleData name="propiedad">ENORCHILE S.A.</SimpleData>
		<SimpleData name="tipo">TERMOELECTRICA</SimpleData>
		<SimpleData name="combustibl">PETROLEO DIESEL</SimpleData>
		<SimpleData name="potencia">22.2</SimpleData>
		<SimpleData name="unidades">3</SimpleData>
		<SimpleData name="rca">36/2007</SimpleData>
		<SimpleData name="sist_elect">SEN</SimpleData>
		<SimpleData name="estado">EN OPERACION</SimpleData>
		<SimpleData name="f_operacio">2013</SimpleData>
		<SimpleData name="medio_gx">NO APLICA</SimpleData>
		<SimpleData name="coord_este">345773</SimpleData>
		<SimpleData name="coord_nort">6209914</SimpleData>
		<SimpleData name="datum">WGS 1984</SimpleData>
		<SimpleData name="huso">19 SUR</SimpleData>
		<SimpleData name="region">O'HIGGINS</SimpleData>
		<SimpleData name="provincia">CACHAPOAL</SimpleData>
		<SimpleData name="comuna">REQUINOA</SimpleData>
		<SimpleData name="fuente_bas">CNE</SimpleData>
		<SimpleData name="fech_crea">10/12/2014</SimpleData>
		<SimpleData name="fech_act">2018-06-30</SimpleData>
		<SimpleData name="Lat">-34.2405</SimpleData>
		<SimpleData name="Long">-70.6747</SimpleData>
	</SchemaData></ExtendedData>
      <Point><coordinates>-70.6747,-34.2404999999999</coordinates></Point>
  </Placemark>
  <Placemark id="termoelectricas.55">
	<name>ESTANCILLA</name>
	<ExtendedData><SchemaData schemaUrl="#termoelectricas">
		<SimpleData name="OBJECTID_1">55</SimpleData>
		<SimpleData name="gml_id">termoel_ctricas_ab7d0ebd_96b7_481f_8804_f05173a82eef.55</SimpleData>
		<SimpleData name="objectid">55</SimpleData>
		<SimpleData name="nombre">ESTANCILLA</SimpleData>
		<SimpleData name="propiedad">GENERADORA ESTANCILLA SPA</SimpleData>
		<SimpleData name="tipo">TERMOELECTRICA</SimpleData>
		<SimpleData name="combustibl">DIESEL</SimpleData>
		<SimpleData name="potencia">3</SimpleData>
		<SimpleData name="unidades">6</SimpleData>
		<SimpleData name="rca">S/I</SimpleData>
		<SimpleData name="sist_elect">SEN</SimpleData>
		<SimpleData name="estado">EN OPERACION</SimpleData>
		<SimpleData name="f_operacio">2013</SimpleData>
		<SimpleData name="medio_gx">PMGD</SimpleData>
		<SimpleData name="coord_este">341216</SimpleData>
		<SimpleData name="coord_nort">6274252</SimpleData>
		<SimpleData name="datum">WGS 1984</SimpleData>
		<SimpleData name="huso">19 SUR</SimpleData>
		<SimpleData name="region">METROPOLITANA</SimpleData>
		<SimpleData name="provincia">MAIPO</SimpleData>
		<SimpleData name="comuna">SAN BERNARDO</SimpleData>
		<SimpleData name="fuente_bas">CNE</SimpleData>
		<SimpleData name="fech_crea">10/12/2014</SimpleData>
		<SimpleData name="fech_act">2018-06-30</SimpleData>
		<SimpleData name="Lat">-33.6598</SimpleData>
		<SimpleData name="Long">-70.7125</SimpleData>
	</SchemaData></ExtendedData>
      <Point><coordinates>-70.7125,-33.6598</coordinates></Point>
  </Placemark>
  <Placemark id="termoelectricas.56">
	<name>ESTANDARTES (ZOFRI_7-12_ZOFRI 13)</name>
	<ExtendedData><SchemaData schemaUrl="#termoelectricas">
		<SimpleData name="OBJECTID_1">56</SimpleData>
		<SimpleData name="gml_id">termoel_ctricas_ab7d0ebd_96b7_481f_8804_f05173a82eef.56</SimpleData>
		<SimpleData name="objectid">56</SimpleData>
		<SimpleData name="nombre">ESTANDARTES (ZOFRI_7-12_ZOFRI 13)</SimpleData>
		<SimpleData name="propiedad">ENORCHILE</SimpleData>
		<SimpleData name="tipo">TERMOELECTRICA</SimpleData>
		<SimpleData name="combustibl">PETROLEO DIESEL</SimpleData>
		<SimpleData name="potencia">6.4</SimpleData>
		<SimpleData name="unidades">2</SimpleData>
		<SimpleData name="rca">S/I</SimpleData>
		<SimpleData name="sist_elect">SEN</SimpleData>
		<SimpleData name="estado">EN OPERACION</SimpleData>
		<SimpleData name="f_operacio">2009</SimpleData>
		<SimpleData name="medio_gx">NO APLICA</SimpleData>
		<SimpleData name="coord_este">381943</SimpleData>
		<SimpleData name="coord_nort">7765267</SimpleData>
		<SimpleData name="datum">WGS 1984</SimpleData>
		<SimpleData name="huso">19 SUR</SimpleData>
		<SimpleData name="region">TARAPACA</SimpleData>
		<SimpleData name="provincia">IQUIQUE</SimpleData>
		<SimpleData name="comuna">IQUIQUE</SimpleData>
		<SimpleData name="fuente_bas">CNE</SimpleData>
		<SimpleData name="fech_crea">10/12/2014</SimpleData>
		<SimpleData name="fech_act">2018-06-30</SimpleData>
		<SimpleData name="Lat">-20.2065</SimpleData>
		<SimpleData name="Long">-70.13</SimpleData>
	</SchemaData></ExtendedData>
      <Point><coordinates>-70.1299999999999,-20.2064999999999</coordinates></Point>
  </Placemark>
  <Placemark id="termoelectricas.57">
	<name>FUTALEUFU</name>
	<ExtendedData><SchemaData schemaUrl="#termoelectricas">
		<SimpleData name="OBJECTID_1">57</SimpleData>
		<SimpleData name="gml_id">termoel_ctricas_ab7d0ebd_96b7_481f_8804_f05173a82eef.57</SimpleData>
		<SimpleData name="objectid">57</SimpleData>
		<SimpleData name="nombre">FUTALEUFU</SimpleData>
		<SimpleData name="propiedad">EDELAYSEN</SimpleData>
		<SimpleData name="tipo">TERMOELECTRICA</SimpleData>
		<SimpleData name="combustibl">PETROLEO DIESEL</SimpleData>
		<SimpleData name="potencia">0.88</SimpleData>
		<SimpleData name="unidades">3</SimpleData>
		<SimpleData name="rca">S/I</SimpleData>
		<SimpleData name="sist_elect">AYSEN</SimpleData>
		<SimpleData name="estado">EN OPERACION</SimpleData>
		<SimpleData name="f_operacio">1905</SimpleData>
		<SimpleData name="medio_gx">NO APLICA</SimpleData>
		<SimpleData name="coord_este">267061</SimpleData>
		<SimpleData name="coord_nort">5214874</SimpleData>
		<SimpleData name="datum">WGS 1984</SimpleData>
		<SimpleData name="huso">19 SUR</SimpleData>
		<SimpleData name="region">AYSEN</SimpleData>
		<SimpleData name="provincia">PALENA</SimpleData>
		<SimpleData name="comuna">FUTALEUFU</SimpleData>
		<SimpleData name="fuente_bas">CNE</SimpleData>
		<SimpleData name="fech_crea">10/12/2014</SimpleData>
		<SimpleData name="fech_act">2018-06-30</SimpleData>
		<SimpleData name="Lat">-43.183</SimpleData>
		<SimpleData name="Long">-71.8663</SimpleData>
	</SchemaData></ExtendedData>
      <Point><coordinates>-71.8663,-43.1829999999999</coordinates></Point>
  </Placemark>
  <Placemark id="termoelectricas.58">
	<name>GUACOLDA (U1, U2, U3, U4, U5)</name>
	<ExtendedData><SchemaData schemaUrl="#termoelectricas">
		<SimpleData name="OBJECTID_1">58</SimpleData>
		<SimpleData name="gml_id">termoel_ctricas_ab7d0ebd_96b7_481f_8804_f05173a82eef.58</SimpleData>
		<SimpleData name="objectid">58</SimpleData>
		<SimpleData name="nombre">GUACOLDA (U1, U2, U3, U4, U5)</SimpleData>
		<SimpleData name="propiedad">AES GENER S.A.</SimpleData>
		<SimpleData name="tipo">TERMOELECTRICA</SimpleData>
		<SimpleData name="combustibl">CARBON / PETCOKE</SimpleData>
		<SimpleData name="potencia">760</SimpleData>
		<SimpleData name="unidades">5</SimpleData>
		<SimpleData name="rca">04/1995-49/2004-56/2006-68/2006-175/2006-249/2008-44/2014</SimpleData>
		<SimpleData name="sist_elect">SEN</SimpleData>
		<SimpleData name="estado">EN OPERACION</SimpleData>
		<SimpleData name="f_operacio">1995</SimpleData>
		<SimpleData name="medio_gx">NO APLICA</SimpleData>
		<SimpleData name="coord_este">279061</SimpleData>
		<SimpleData name="coord_nort">6849243</SimpleData>
		<SimpleData name="datum">WGS 1984</SimpleData>
		<SimpleData name="huso">19 SUR</SimpleData>
		<SimpleData name="region">ATACAMA</SimpleData>
		<SimpleData name="provincia">HUASCO</SimpleData>
		<SimpleData name="comuna">HUASCO</SimpleData>
		<SimpleData name="fuente_bas">CNE</SimpleData>
		<SimpleData name="fech_crea">10/12/2014</SimpleData>
		<SimpleData name="fech_act">2018-06-30</SimpleData>
		<SimpleData name="Lat">-28.4647</SimpleData>
		<SimpleData name="Long">-71.2565</SimpleData>
	</SchemaData></ExtendedData>
      <Point><coordinates>-71.2565,-28.4646999999999</coordinates></Point>
  </Placemark>
  <Placemark id="termoelectricas.59">
	<name>HBS GNL</name>
	<ExtendedData><SchemaData schemaUrl="#termoelectricas">
		<SimpleData name="OBJECTID_1">59</SimpleData>
		<SimpleData name="gml_id">termoel_ctricas_ab7d0ebd_96b7_481f_8804_f05173a82eef.59</SimpleData>
		<SimpleData name="objectid">59</SimpleData>
		<SimpleData name="nombre">HBS GNL</SimpleData>
		<SimpleData name="propiedad">DUKE ENERGY</SimpleData>
		<SimpleData name="tipo">TERMOELECTRICA</SimpleData>
		<SimpleData name="combustibl">GAS NATURAL</SimpleData>
		<SimpleData name="potencia">3.5</SimpleData>
		<SimpleData name="unidades">1</SimpleData>
		<SimpleData name="rca">S/I</SimpleData>
		<SimpleData name="sist_elect">SEN</SimpleData>
		<SimpleData name="estado">EN OPERACION</SimpleData>
		<SimpleData name="f_operacio">2016</SimpleData>
		<SimpleData name="medio_gx">NO APLICA</SimpleData>
		<SimpleData name="coord_este">202921</SimpleData>
		<SimpleData name="coord_nort">5868042</SimpleData>
		<SimpleData name="datum">WGS 1984</SimpleData>
		<SimpleData name="huso">19 SUR</SimpleData>
		<SimpleData name="region">BIOBIO</SimpleData>
		<SimpleData name="provincia">BIOBIO</SimpleData>
		<SimpleData name="comuna">LOS ANGELES</SimpleData>
		<SimpleData name="fuente_bas">CNE</SimpleData>
		<SimpleData name="fech_crea">01/01/2016</SimpleData>
		<SimpleData name="fech_act">2018-06-30</SimpleData>
		<SimpleData name="Lat">-37.2868</SimpleData>
		<SimpleData name="Long">-72.351</SimpleData>
	</SchemaData></ExtendedData>
      <Point><coordinates>-72.3509999999999,-37.2868</coordinates></Point>
  </Placemark>
  <Placemark id="termoelectricas.60">
	<name>HORCONES TG</name>
	<ExtendedData><SchemaData schemaUrl="#termoelectricas">
		<SimpleData name="OBJECTID_1">60</SimpleData>
		<SimpleData name="gml_id">termoel_ctricas_ab7d0ebd_96b7_481f_8804_f05173a82eef.60</SimpleData>
		<SimpleData name="objectid">60</SimpleData>
		<SimpleData name="nombre">HORCONES TG</SimpleData>
		<SimpleData name="propiedad">ARAUCO BIOENERGIA</SimpleData>
		<SimpleData name="tipo">TERMOELECTRICA</SimpleData>
		<SimpleData name="combustibl">PETROLEO DIESEL</SimpleData>
		<SimpleData name="potencia">24.3</SimpleData>
		<SimpleData name="unidades">1</SimpleData>
		<SimpleData name="rca">182/2004-170/2006</SimpleData>
		<SimpleData name="sist_elect">SEN</SimpleData>
		<SimpleData name="estado">EN OPERACION</SimpleData>
		<SimpleData name="f_operacio">2004</SimpleData>
		<SimpleData name="medio_gx">NO APLICA</SimpleData>
		<SimpleData name="coord_este">125762</SimpleData>
		<SimpleData name="coord_nort">5873294</SimpleData>
		<SimpleData name="datum">WGS 1984</SimpleData>
		<SimpleData name="huso">19 SUR</SimpleData>
		<SimpleData name="region">BIOBIO</SimpleData>
		<SimpleData name="provincia">ARAUCO</SimpleData>
		<SimpleData name="comuna">ARAUCO</SimpleData>
		<SimpleData name="fuente_bas">CNE</SimpleData>
		<SimpleData name="fech_crea">10/12/2014</SimpleData>
		<SimpleData name="fech_act">2018-06-30</SimpleData>
		<SimpleData name="Lat">-37.2118</SimpleData>
		<SimpleData name="Long">-73.2167</SimpleData>
	</SchemaData></ExtendedData>
      <Point><coordinates>-73.2166999999999,-37.2118</coordinates></Point>
  </Placemark>
  <Placemark id="termoelectricas.61">
	<name>HORNOPIREN</name>
	<ExtendedData><SchemaData schemaUrl="#termoelectricas">
		<SimpleData name="OBJECTID_1">61</SimpleData>
		<SimpleData name="gml_id">termoel_ctricas_ab7d0ebd_96b7_481f_8804_f05173a82eef.61</SimpleData>
		<SimpleData name="objectid">61</SimpleData>
		<SimpleData name="nombre">HORNOPIREN</SimpleData>
		<SimpleData name="propiedad">SAGESA</SimpleData>
		<SimpleData name="tipo">TERMOELECTRICA</SimpleData>
		<SimpleData name="combustibl">PETROLEO DIESEL</SimpleData>
		<SimpleData name="potencia">3.75</SimpleData>
		<SimpleData name="unidades">5</SimpleData>
		<SimpleData name="rca">S/I</SimpleData>
		<SimpleData name="sist_elect">AYSEN</SimpleData>
		<SimpleData name="estado">EN OPERACION</SimpleData>
		<SimpleData name="f_operacio">1995</SimpleData>
		<SimpleData name="medio_gx">NO APLICA</SimpleData>
		<SimpleData name="coord_este">211214</SimpleData>
		<SimpleData name="coord_nort">5348761</SimpleData>
		<SimpleData name="datum">WGS 1984</SimpleData>
		<SimpleData name="huso">19 SUR</SimpleData>
		<SimpleData name="region">LOS LAGOS</SimpleData>
		<SimpleData name="provincia">PALENA</SimpleData>
		<SimpleData name="comuna">HUALAIHUE</SimpleData>
		<SimpleData name="fuente_bas">CNE</SimpleData>
		<SimpleData name="fech_crea">10/12/2014</SimpleData>
		<SimpleData name="fech_act">2018-06-30</SimpleData>
		<SimpleData name="Lat">-41.9603</SimpleData>
		<SimpleData name="Long">-72.4846</SimpleData>
	</SchemaData></ExtendedData>
      <Point><coordinates>-72.4845999999999,-41.9603</coordinates></Point>
  </Placemark>
  <Placemark id="termoelectricas.62">
	<name>HUASCO (U1, U2, U3)</name>
	<ExtendedData><SchemaData schemaUrl="#termoelectricas">
		<SimpleData name="OBJECTID_1">62</SimpleData>
		<SimpleData name="gml_id">termoel_ctricas_ab7d0ebd_96b7_481f_8804_f05173a82eef.62</SimpleData>
		<SimpleData name="objectid">62</SimpleData>
		<SimpleData name="nombre">HUASCO (U1, U2, U3)</SimpleData>
		<SimpleData name="propiedad">EMPRESA NACIONAL DE ELECTRICIDAD S.A.</SimpleData>
		<SimpleData name="tipo">TERMOELECTRICA</SimpleData>
		<SimpleData name="combustibl">PETROLEO DIESEL</SimpleData>
		<SimpleData name="potencia">58</SimpleData>
		<SimpleData name="unidades">3</SimpleData>
		<SimpleData name="rca">S/I</SimpleData>
		<SimpleData name="sist_elect">SEN</SimpleData>
		<SimpleData name="estado">EN OPERACION</SimpleData>
		<SimpleData name="f_operacio">1977</SimpleData>
		<SimpleData name="medio_gx">NO APLICA</SimpleData>
		<SimpleData name="coord_este">279354</SimpleData>
		<SimpleData name="coord_nort">6848657</SimpleData>
		<SimpleData name="datum">WGS 1984</SimpleData>
		<SimpleData name="huso">19 SUR</SimpleData>
		<SimpleData name="region">ATACAMA</SimpleData>
		<SimpleData name="provincia">HUASCO</SimpleData>
		<SimpleData name="comuna">HUASCO</SimpleData>
		<SimpleData name="fuente_bas">CNE</SimpleData>
		<SimpleData name="fech_crea">10/12/2014</SimpleData>
		<SimpleData name="fech_act">2018-06-30</SimpleData>
		<SimpleData name="Lat">-28.47</SimpleData>
		<SimpleData name="Long">-71.2536</SimpleData>
	</SchemaData></ExtendedData>
      <Point><coordinates>-71.2535999999999,-28.47</coordinates></Point>
  </Placemark>
  <Placemark id="termoelectricas.63">
	<name>INACAL</name>
	<ExtendedData><SchemaData schemaUrl="#termoelectricas">
		<SimpleData name="OBJECTID_1">63</SimpleData>
		<SimpleData name="gml_id">termoel_ctricas_ab7d0ebd_96b7_481f_8804_f05173a82eef.63</SimpleData>
		<SimpleData name="objectid">63</SimpleData>
		<SimpleData name="nombre">INACAL</SimpleData>
		<SimpleData name="propiedad">EQUIPOS DE GENERACION S.A.</SimpleData>
		<SimpleData name="tipo">TERMOELECTRICA</SimpleData>
		<SimpleData name="combustibl">FUEL OIL NRO 6</SimpleData>
		<SimpleData name="potencia">6.2</SimpleData>
		<SimpleData name="unidades">1</SimpleData>
		<SimpleData name="rca">S/I</SimpleData>
		<SimpleData name="sist_elect">SEN</SimpleData>
		<SimpleData name="estado">EN OPERACION</SimpleData>
		<SimpleData name="f_operacio">2009</SimpleData>
		<SimpleData name="medio_gx">NO APLICA</SimpleData>
		<SimpleData name="coord_este">365490</SimpleData>
		<SimpleData name="coord_nort">7369300</SimpleData>
		<SimpleData name="datum">WGS 1984</SimpleData>
		<SimpleData name="huso">19 SUR</SimpleData>
		<SimpleData name="region">ANTOFAGASTA</SimpleData>
		<SimpleData name="provincia">ANTOFAGASTA</SimpleData>
		<SimpleData name="comuna">ANTOFAGASTA</SimpleData>
		<SimpleData name="fuente_bas">CNE</SimpleData>
		<SimpleData name="fech_crea">10/12/2014</SimpleData>
		<SimpleData name="fech_act">2018-06-30</SimpleData>
		<SimpleData name="Lat">-23.7819</SimpleData>
		<SimpleData name="Long">-70.3202</SimpleData>
	</SchemaData></ExtendedData>
      <Point><coordinates>-70.3201999999999,-23.7819</coordinates></Point>
  </Placemark>
  <Placemark id="termoelectricas.64">
	<name>JCE</name>
	<ExtendedData><SchemaData schemaUrl="#termoelectricas">
		<SimpleData name="OBJECTID_1">64</SimpleData>
		<SimpleData name="gml_id">termoel_ctricas_ab7d0ebd_96b7_481f_8804_f05173a82eef.64</SimpleData>
		<SimpleData name="objectid">64</SimpleData>
		<SimpleData name="nombre">JCE</SimpleData>
		<SimpleData name="propiedad">SAGESA</SimpleData>
		<SimpleData name="tipo">TERMOELECTRICA</SimpleData>
		<SimpleData name="combustibl">PETROLEO DIESEL</SimpleData>
		<SimpleData name="potencia">0.8</SimpleData>
		<SimpleData name="unidades">1</SimpleData>
		<SimpleData name="rca">S/I</SimpleData>
		<SimpleData name="sist_elect">SEN</SimpleData>
		<SimpleData name="estado">EN OPERACION</SimpleData>
		<SimpleData name="f_operacio">2011</SimpleData>
		<SimpleData name="medio_gx">PMGD</SimpleData>
		<SimpleData name="coord_este">215219</SimpleData>
		<SimpleData name="coord_nort">5841087</SimpleData>
		<SimpleData name="datum">WGS 1984</SimpleData>
		<SimpleData name="huso">19 SUR</SimpleData>
		<SimpleData name="region">BIOBIO</SimpleData>
		<SimpleData name="provincia">BIOBIO</SimpleData>
		<SimpleData name="comuna">LOSANGELES</SimpleData>
		<SimpleData name="fuente_bas">CNE</SimpleData>
		<SimpleData name="fech_crea">10/12/2014</SimpleData>
		<SimpleData name="fech_act">2018-06-30</SimpleData>
		<SimpleData name="Lat">-37.5333</SimpleData>
		<SimpleData name="Long">-72.2229</SimpleData>
	</SchemaData></ExtendedData>
      <Point><coordinates>-72.2229,-37.5332999999999</coordinates></Point>
  </Placemark>
  <Placemark id="termoelectricas.65">
	<name>KELAR</name>
	<ExtendedData><SchemaData schemaUrl="#termoelectricas">
		<SimpleData name="OBJECTID_1">65</SimpleData>
		<SimpleData name="gml_id">termoel_ctricas_ab7d0ebd_96b7_481f_8804_f05173a82eef.65</SimpleData>
		<SimpleData name="objectid">65</SimpleData>
		<SimpleData name="nombre">KELAR</SimpleData>
		<SimpleData name="propiedad">AMAKAYA ENERGIA</SimpleData>
		<SimpleData name="tipo">TERMOELECTRICA</SimpleData>
		<SimpleData name="combustibl">GAS NATURAL</SimpleData>
		<SimpleData name="potencia">532.46</SimpleData>
		<SimpleData name="unidades">1</SimpleData>
		<SimpleData name="rca">S/I</SimpleData>
		<SimpleData name="sist_elect">SEN</SimpleData>
		<SimpleData name="estado">EN OPERACION</SimpleData>
		<SimpleData name="f_operacio">2016</SimpleData>
		<SimpleData name="medio_gx">NO APLICA</SimpleData>
		<SimpleData name="coord_este">362683</SimpleData>
		<SimpleData name="coord_nort">7451979</SimpleData>
		<SimpleData name="datum">WGS 1984</SimpleData>
		<SimpleData name="huso">19 SUR</SimpleData>
		<SimpleData name="region">ANTOFAGASTA</SimpleData>
		<SimpleData name="provincia">ANTOFAGASTA</SimpleData>
		<SimpleData name="comuna">MEJILLONES</SimpleData>
		<SimpleData name="fuente_bas">CNE</SimpleData>
		<SimpleData name="fech_crea">10/12/2014</SimpleData>
		<SimpleData name="fech_act">2018-06-30</SimpleData>
		<SimpleData name="Lat">-23.035</SimpleData>
		<SimpleData name="Long">-70.3402</SimpleData>
	</SchemaData></ExtendedData>
      <Point><coordinates>-70.3402,-23.035</coordinates></Point>
  </Placemark>
  <Placemark id="termoelectricas.66">
	<name>LA JUNTA</name>
	<ExtendedData><SchemaData schemaUrl="#termoelectricas">
		<SimpleData name="OBJECTID_1">66</SimpleData>
		<SimpleData name="gml_id">termoel_ctricas_ab7d0ebd_96b7_481f_8804_f05173a82eef.66</SimpleData>
		<SimpleData name="objectid">66</SimpleData>
		<SimpleData name="nombre">LA JUNTA</SimpleData>
		<SimpleData name="propiedad">EDELAYSEN</SimpleData>
		<SimpleData name="tipo">TERMOELECTRICA</SimpleData>
		<SimpleData name="combustibl">PETROLEO DIESEL</SimpleData>
		<SimpleData name="potencia">0.29</SimpleData>
		<SimpleData name="unidades">1</SimpleData>
		<SimpleData name="rca">S/I</SimpleData>
		<SimpleData name="sist_elect">AYSEN</SimpleData>
		<SimpleData name="estado">EN OPERACION</SimpleData>
		<SimpleData name="f_operacio">2009</SimpleData>
		<SimpleData name="medio_gx">NO APLICA</SimpleData>
		<SimpleData name="coord_este">228454</SimpleData>
		<SimpleData name="coord_nort">5125884</SimpleData>
		<SimpleData name="datum">WGS 1984</SimpleData>
		<SimpleData name="huso">19 SUR</SimpleData>
		<SimpleData name="region">AYSEN</SimpleData>
		<SimpleData name="provincia">AYSEN</SimpleData>
		<SimpleData name="comuna">CISNES</SimpleData>
		<SimpleData name="fuente_bas">CNE</SimpleData>
		<SimpleData name="fech_crea">10/12/2014</SimpleData>
		<SimpleData name="fech_act">2018-06-30</SimpleData>
		<SimpleData name="Lat">-43.97</SimpleData>
		<SimpleData name="Long">-72.3852</SimpleData>
	</SchemaData></ExtendedData>
      <Point><coordinates>-72.3851999999999,-43.97</coordinates></Point>
  </Placemark>
  <Placemark id="termoelectricas.67">
	<name>NEWEN</name>
	<ExtendedData><SchemaData schemaUrl="#termoelectricas">
		<SimpleData name="OBJECTID_1">67</SimpleData>
		<SimpleData name="gml_id">termoel_ctricas_ab7d0ebd_96b7_481f_8804_f05173a82eef.91</SimpleData>
		<SimpleData name="objectid">91</SimpleData>
		<SimpleData name="nombre">NEWEN</SimpleData>
		<SimpleData name="propiedad">GAS SUR S.A.</SimpleData>
		<SimpleData name="tipo">TERMOELECTRICA</SimpleData>
		<SimpleData name="combustibl">PROPANO</SimpleData>
		<SimpleData name="potencia">14.5</SimpleData>
		<SimpleData name="unidades">1</SimpleData>
		<SimpleData name="rca">250/2007</SimpleData>
		<SimpleData name="sist_elect">SEN</SimpleData>
		<SimpleData name="estado">EN OPERACION</SimpleData>
		<SimpleData name="f_operacio">2009</SimpleData>
		<SimpleData name="medio_gx">NO APLICA</SimpleData>
		<SimpleData name="coord_este">132902</SimpleData>
		<SimpleData name="coord_nort">5922137</SimpleData>
		<SimpleData name="datum">WGS 1984</SimpleData>
		<SimpleData name="huso">19 SUR</SimpleData>
		<SimpleData name="region">BIOBIO</SimpleData>
		<SimpleData name="provincia">CONCEPCION</SimpleData>
		<SimpleData name="comuna">TALCAHUANO</SimpleData>
		<SimpleData name="fuente_bas">CNE</SimpleData>
		<SimpleData name="fech_crea">10/12/2014</SimpleData>
		<SimpleData name="fech_act">2018-06-30</SimpleData>
		<SimpleData name="Lat">-36.7755</SimpleData>
		<SimpleData name="Long">-73.1127</SimpleData>
	</SchemaData></ExtendedData>
      <Point><coordinates>-73.1127,-36.7755</coordinates></Point>
  </Placemark>
  <Placemark id="termoelectricas.68">
	<name>LA PORTADA (TECNEC 1_6)</name>
	<ExtendedData><SchemaData schemaUrl="#termoelectricas">
		<SimpleData name="OBJECTID_1">68</SimpleData>
		<SimpleData name="gml_id">termoel_ctricas_ab7d0ebd_96b7_481f_8804_f05173a82eef.67</SimpleData>
		<SimpleData name="objectid">67</SimpleData>
		<SimpleData name="nombre">LA PORTADA (TECNEC 1_6)</SimpleData>
		<SimpleData name="propiedad">TECNET</SimpleData>
		<SimpleData name="tipo">TERMOELECTRICA</SimpleData>
		<SimpleData name="combustibl">PETROLEO DIESEL</SimpleData>
		<SimpleData name="potencia">2.99</SimpleData>
		<SimpleData name="unidades">1</SimpleData>
		<SimpleData name="rca">S/I</SimpleData>
		<SimpleData name="sist_elect">SEN</SimpleData>
		<SimpleData name="estado">EN OPERACION</SimpleData>
		<SimpleData name="f_operacio">2014</SimpleData>
		<SimpleData name="medio_gx">NO APLICA</SimpleData>
		<SimpleData name="coord_este">358545</SimpleData>
		<SimpleData name="coord_nort">7396480</SimpleData>
		<SimpleData name="datum">WGS 1984</SimpleData>
		<SimpleData name="huso">19 SUR</SimpleData>
		<SimpleData name="region">ANTOFAGASTA</SimpleData>
		<SimpleData name="provincia">ANTOFAGASTA</SimpleData>
		<SimpleData name="comuna">ANTOFAGASTA</SimpleData>
		<SimpleData name="fuente_bas">CNE</SimpleData>
		<SimpleData name="fech_crea">10/12/2014</SimpleData>
		<SimpleData name="fech_act">2018-06-30</SimpleData>
		<SimpleData name="Lat">-23.5358</SimpleData>
		<SimpleData name="Long">-70.3857</SimpleData>
	</SchemaData></ExtendedData>
      <Point><coordinates>-70.3857,-23.5357999999999</coordinates></Point>
  </Placemark>
  <Placemark id="termoelectricas.69">
	<name>LAGO VERDE</name>
	<ExtendedData><SchemaData schemaUrl="#termoelectricas">
		<SimpleData name="OBJECTID_1">69</SimpleData>
		<SimpleData name="gml_id">termoel_ctricas_ab7d0ebd_96b7_481f_8804_f05173a82eef.68</SimpleData>
		<SimpleData name="objectid">68</SimpleData>
		<SimpleData name="nombre">LAGO VERDE</SimpleData>
		<SimpleData name="propiedad">EDELAYSEN</SimpleData>
		<SimpleData name="tipo">TERMOELECTRICA</SimpleData>
		<SimpleData name="combustibl">PETROLEO DIESEL</SimpleData>
		<SimpleData name="potencia">0.15</SimpleData>
		<SimpleData name="unidades">1</SimpleData>
		<SimpleData name="rca">S/I</SimpleData>
		<SimpleData name="sist_elect">AYSEN</SimpleData>
		<SimpleData name="estado">EN OPERACION</SimpleData>
		<SimpleData name="f_operacio">2005</SimpleData>
		<SimpleData name="medio_gx">NO APLICA</SimpleData>
		<SimpleData name="coord_este">272460</SimpleData>
		<SimpleData name="coord_nort">5097549</SimpleData>
		<SimpleData name="datum">WGS 1984</SimpleData>
		<SimpleData name="huso">19 SUR</SimpleData>
		<SimpleData name="region">AYSEN</SimpleData>
		<SimpleData name="provincia">COYHAIQUE</SimpleData>
		<SimpleData name="comuna">LAGO VERDE</SimpleData>
		<SimpleData name="fuente_bas">CNE</SimpleData>
		<SimpleData name="fech_crea">10/12/2014</SimpleData>
		<SimpleData name="fech_act">2018-06-30</SimpleData>
		<SimpleData name="Lat">-44.2397</SimpleData>
		<SimpleData name="Long">-71.8495</SimpleData>
	</SchemaData></ExtendedData>
      <Point><coordinates>-71.8495,-44.2397</coordinates></Point>
  </Placemark>
  <Placemark id="termoelectricas.70">
	<name>LAGUNA VERDE (U1, U2, TG)</name>
	<ExtendedData><SchemaData schemaUrl="#termoelectricas">
		<SimpleData name="OBJECTID_1">70</SimpleData>
		<SimpleData name="gml_id">termoel_ctricas_ab7d0ebd_96b7_481f_8804_f05173a82eef.69</SimpleData>
		<SimpleData name="objectid">69</SimpleData>
		<SimpleData name="nombre">LAGUNA VERDE (U1, U2, TG)</SimpleData>
		<SimpleData name="propiedad">AES GENER S.A.</SimpleData>
		<SimpleData name="tipo">TERMOELECTRICA</SimpleData>
		<SimpleData name="combustibl">PETROLEO DIESEL</SimpleData>
		<SimpleData name="potencia">65</SimpleData>
		<SimpleData name="unidades">3</SimpleData>
		<SimpleData name="rca">41456</SimpleData>
		<SimpleData name="sist_elect">SEN</SimpleData>
		<SimpleData name="estado">EN OPERACION</SimpleData>
		<SimpleData name="f_operacio">1939</SimpleData>
		<SimpleData name="medio_gx">NO APLICA</SimpleData>
		<SimpleData name="coord_este">250165</SimpleData>
		<SimpleData name="coord_nort">6334088</SimpleData>
		<SimpleData name="datum">WGS 1984</SimpleData>
		<SimpleData name="huso">19 SUR</SimpleData>
		<SimpleData name="region">VALPARAISO</SimpleData>
		<SimpleData name="provincia">VALPARAISO</SimpleData>
		<SimpleData name="comuna">VALPARAISO</SimpleData>
		<SimpleData name="fuente_bas">CNE</SimpleData>
		<SimpleData name="fech_crea">10/12/2014</SimpleData>
		<SimpleData name="fech_act">2018-06-30</SimpleData>
		<SimpleData name="Lat">-33.1032</SimpleData>
		<SimpleData name="Long">-71.6772</SimpleData>
	</SchemaData></ExtendedData>
      <Point><coordinates>-71.6772,-33.1032</coordinates></Point>
  </Placemark>
  <Placemark id="termoelectricas.71">
	<name>LAS VEGAS</name>
	<ExtendedData><SchemaData schemaUrl="#termoelectricas">
		<SimpleData name="OBJECTID_1">71</SimpleData>
		<SimpleData name="gml_id">termoel_ctricas_ab7d0ebd_96b7_481f_8804_f05173a82eef.70</SimpleData>
		<SimpleData name="objectid">70</SimpleData>
		<SimpleData name="nombre">LAS VEGAS</SimpleData>
		<SimpleData name="propiedad">TECNORED</SimpleData>
		<SimpleData name="tipo">TERMOELECTRICA</SimpleData>
		<SimpleData name="combustibl">PETROLEO DIESEL</SimpleData>
		<SimpleData name="potencia">2.1</SimpleData>
		<SimpleData name="unidades">2</SimpleData>
		<SimpleData name="rca">S/I</SimpleData>
		<SimpleData name="sist_elect">SEN</SimpleData>
		<SimpleData name="estado">EN OPERACION</SimpleData>
		<SimpleData name="f_operacio">2007</SimpleData>
		<SimpleData name="medio_gx">PMG</SimpleData>
		<SimpleData name="coord_este">311789</SimpleData>
		<SimpleData name="coord_nort">6364330</SimpleData>
		<SimpleData name="datum">WGS 1984</SimpleData>
		<SimpleData name="huso">19 SUR</SimpleData>
		<SimpleData name="region">VALPARAISO</SimpleData>
		<SimpleData name="provincia">SAN FELIPE DE ACONCAGUA</SimpleData>
		<SimpleData name="comuna">LLAILLAY</SimpleData>
		<SimpleData name="fuente_bas">CNE</SimpleData>
		<SimpleData name="fech_crea">10/12/2014</SimpleData>
		<SimpleData name="fech_act">2018-06-30</SimpleData>
		<SimpleData name="Lat">-32.843</SimpleData>
		<SimpleData name="Long">-71.011</SimpleData>
	</SchemaData></ExtendedData>
      <Point><coordinates>-71.011,-32.843</coordinates></Point>
  </Placemark>
  <Placemark id="termoelectricas.72">
	<name>LEBU</name>
	<ExtendedData><SchemaData schemaUrl="#termoelectricas">
		<SimpleData name="OBJECTID_1">72</SimpleData>
		<SimpleData name="gml_id">termoel_ctricas_ab7d0ebd_96b7_481f_8804_f05173a82eef.71</SimpleData>
		<SimpleData name="objectid">71</SimpleData>
		<SimpleData name="nombre">LEBU</SimpleData>
		<SimpleData name="propiedad">SAGESA</SimpleData>
		<SimpleData name="tipo">TERMOELECTRICA</SimpleData>
		<SimpleData name="combustibl">DIESEL</SimpleData>
		<SimpleData name="potencia">2.4</SimpleData>
		<SimpleData name="unidades">3</SimpleData>
		<SimpleData name="rca">S/I</SimpleData>
		<SimpleData name="sist_elect">SEN</SimpleData>
		<SimpleData name="estado">EN OPERACION</SimpleData>
		<SimpleData name="f_operacio">2007</SimpleData>
		<SimpleData name="medio_gx">PMG</SimpleData>
		<SimpleData name="coord_este">87792</SimpleData>
		<SimpleData name="coord_nort">5826593</SimpleData>
		<SimpleData name="datum">WGS 1984</SimpleData>
		<SimpleData name="huso">19 SUR</SimpleData>
		<SimpleData name="region">BIOBIO</SimpleData>
		<SimpleData name="provincia">ARAUCO</SimpleData>
		<SimpleData name="comuna">LEBU</SimpleData>
		<SimpleData name="fuente_bas">CNE</SimpleData>
		<SimpleData name="fech_crea">10/12/2014</SimpleData>
		<SimpleData name="fech_act">2018-06-30</SimpleData>
		<SimpleData name="Lat">-37.6154</SimpleData>
		<SimpleData name="Long">-73.6694</SimpleData>
	</SchemaData></ExtendedData>
      <Point><coordinates>-73.6693999999999,-37.6154</coordinates></Point>
  </Placemark>
  <Placemark id="termoelectricas.73">
	<name>LINARES NORTE</name>
	<ExtendedData><SchemaData schemaUrl="#termoelectricas">
		<SimpleData name="OBJECTID_1">73</SimpleData>
		<SimpleData name="gml_id">termoel_ctricas_ab7d0ebd_96b7_481f_8804_f05173a82eef.72</SimpleData>
		<SimpleData name="objectid">72</SimpleData>
		<SimpleData name="nombre">LINARES NORTE</SimpleData>
		<SimpleData name="propiedad">TECNORED</SimpleData>
		<SimpleData name="tipo">TERMOELECTRICA</SimpleData>
		<SimpleData name="combustibl">PETROLEO DIESEL</SimpleData>
		<SimpleData name="potencia">0.5</SimpleData>
		<SimpleData name="unidades">1</SimpleData>
		<SimpleData name="rca">S/I</SimpleData>
		<SimpleData name="sist_elect">SEN</SimpleData>
		<SimpleData name="estado">EN OPERACION</SimpleData>
		<SimpleData name="f_operacio">2009</SimpleData>
		<SimpleData name="medio_gx">PMG</SimpleData>
		<SimpleData name="coord_este">261157</SimpleData>
		<SimpleData name="coord_nort">6032041</SimpleData>
		<SimpleData name="datum">WGS 1984</SimpleData>
		<SimpleData name="huso">19 SUR</SimpleData>
		<SimpleData name="region">MAULE</SimpleData>
		<SimpleData name="provincia">LINARES</SimpleData>
		<SimpleData name="comuna">LINARES</SimpleData>
		<SimpleData name="fuente_bas">CNE</SimpleData>
		<SimpleData name="fech_crea">10/12/2014</SimpleData>
		<SimpleData name="fech_act">2018-06-30</SimpleData>
		<SimpleData name="Lat">-35.8267</SimpleData>
		<SimpleData name="Long">-71.644</SimpleData>
	</SchemaData></ExtendedData>
      <Point><coordinates>-71.6439999999999,-35.8267</coordinates></Point>
  </Placemark>
  <Placemark id="termoelectricas.74">
	<name>LONQUIMAY</name>
	<ExtendedData><SchemaData schemaUrl="#termoelectricas">
		<SimpleData name="OBJECTID_1">74</SimpleData>
		<SimpleData name="gml_id">termoel_ctricas_ab7d0ebd_96b7_481f_8804_f05173a82eef.73</SimpleData>
		<SimpleData name="objectid">73</SimpleData>
		<SimpleData name="nombre">LONQUIMAY</SimpleData>
		<SimpleData name="propiedad">SAGESA</SimpleData>
		<SimpleData name="tipo">TERMOELECTRICA</SimpleData>
		<SimpleData name="combustibl">PETROLEO DIESEL</SimpleData>
		<SimpleData name="potencia">1.2</SimpleData>
		<SimpleData name="unidades">2</SimpleData>
		<SimpleData name="rca">S/I</SimpleData>
		<SimpleData name="sist_elect">SEN</SimpleData>
		<SimpleData name="estado">EN OPERACION</SimpleData>
		<SimpleData name="f_operacio">2011</SimpleData>
		<SimpleData name="medio_gx">PMGD</SimpleData>
		<SimpleData name="coord_este">288311</SimpleData>
		<SimpleData name="coord_nort">5730053</SimpleData>
		<SimpleData name="datum">WGS 1984</SimpleData>
		<SimpleData name="huso">19 SUR</SimpleData>
		<SimpleData name="region">LA ARAUCANIA</SimpleData>
		<SimpleData name="provincia">MALLECO</SimpleData>
		<SimpleData name="comuna">LONQUIMAY</SimpleData>
		<SimpleData name="fuente_bas">CNE</SimpleData>
		<SimpleData name="fech_crea">10/12/2014</SimpleData>
		<SimpleData name="fech_act">2018-06-30</SimpleData>
		<SimpleData name="Lat">-38.5528</SimpleData>
		<SimpleData name="Long">-71.4293</SimpleData>
	</SchemaData></ExtendedData>
      <Point><coordinates>-71.4293,-38.5527999999999</coordinates></Point>
  </Placemark>
  <Placemark id="termoelectricas.75">
	<name>LOS ALAMOS</name>
	<ExtendedData><SchemaData schemaUrl="#termoelectricas">
		<SimpleData name="OBJECTID_1">75</SimpleData>
		<SimpleData name="gml_id">termoel_ctricas_ab7d0ebd_96b7_481f_8804_f05173a82eef.74</SimpleData>
		<SimpleData name="objectid">74</SimpleData>
		<SimpleData name="nombre">LOS ALAMOS</SimpleData>
		<SimpleData name="propiedad">SAGESA</SimpleData>
		<SimpleData name="tipo">TERMOELECTRICA</SimpleData>
		<SimpleData name="combustibl">DIESEL</SimpleData>
		<SimpleData name="potencia">0.8</SimpleData>
		<SimpleData name="unidades">1</SimpleData>
		<SimpleData name="rca">S/I</SimpleData>
		<SimpleData name="sist_elect">SEN</SimpleData>
		<SimpleData name="estado">EN OPERACION</SimpleData>
		<SimpleData name="f_operacio">2013</SimpleData>
		<SimpleData name="medio_gx">PMGD</SimpleData>
		<SimpleData name="coord_este">110051</SimpleData>
		<SimpleData name="coord_nort">5826521</SimpleData>
		<SimpleData name="datum">WGS 1984</SimpleData>
		<SimpleData name="huso">19 SUR</SimpleData>
		<SimpleData name="region">BIOBIO</SimpleData>
		<SimpleData name="provincia">ARAUCO</SimpleData>
		<SimpleData name="comuna">LOS ALAMOS</SimpleData>
		<SimpleData name="fuente_bas">CNE</SimpleData>
		<SimpleData name="fech_crea">10/12/2014</SimpleData>
		<SimpleData name="fech_act">2018-06-30</SimpleData>
		<SimpleData name="Lat">-37.6257</SimpleData>
		<SimpleData name="Long">-73.418</SimpleData>
	</SchemaData></ExtendedData>
      <Point><coordinates>-73.4179999999999,-37.6256999999999</coordinates></Point>
  </Placemark>
  <Placemark id="termoelectricas.76">
	<name>LOS ESPINOS</name>
	<ExtendedData><SchemaData schemaUrl="#termoelectricas">
		<SimpleData name="OBJECTID_1">76</SimpleData>
		<SimpleData name="gml_id">termoel_ctricas_ab7d0ebd_96b7_481f_8804_f05173a82eef.75</SimpleData>
		<SimpleData name="objectid">75</SimpleData>
		<SimpleData name="nombre">LOS ESPINOS</SimpleData>
		<SimpleData name="propiedad">TERMOELECTRICA LOS ESPINOS S.A.</SimpleData>
		<SimpleData name="tipo">TERMOELECTRICA</SimpleData>
		<SimpleData name="combustibl">PETROLEO DIESEL</SimpleData>
		<SimpleData name="potencia">124</SimpleData>
		<SimpleData name="unidades">80</SimpleData>
		<SimpleData name="rca">83/2004-03/2008-07/2009</SimpleData>
		<SimpleData name="sist_elect">SEN</SimpleData>
		<SimpleData name="estado">EN OPERACION</SimpleData>
		<SimpleData name="f_operacio">2009</SimpleData>
		<SimpleData name="medio_gx">NO APLICA</SimpleData>
		<SimpleData name="coord_este">268231</SimpleData>
		<SimpleData name="coord_nort">6469913</SimpleData>
		<SimpleData name="datum">WGS 1984</SimpleData>
		<SimpleData name="huso">19 SUR</SimpleData>
		<SimpleData name="region">COQUIMBO</SimpleData>
		<SimpleData name="provincia">CHOAPA</SimpleData>
		<SimpleData name="comuna">LOS VILOS</SimpleData>
		<SimpleData name="fuente_bas">CNE</SimpleData>
		<SimpleData name="fech_crea">10/12/2014</SimpleData>
		<SimpleData name="fech_act">2018-06-30</SimpleData>
		<SimpleData name="Lat">-31.883</SimpleData>
		<SimpleData name="Long">-71.4503</SimpleData>
	</SchemaData></ExtendedData>
      <Point><coordinates>-71.4503,-31.883</coordinates></Point>
  </Placemark>
  <Placemark id="termoelectricas.77">
	<name>LOS GUINDOS</name>
	<ExtendedData><SchemaData schemaUrl="#termoelectricas">
		<SimpleData name="OBJECTID_1">77</SimpleData>
		<SimpleData name="gml_id">termoel_ctricas_ab7d0ebd_96b7_481f_8804_f05173a82eef.76</SimpleData>
		<SimpleData name="objectid">76</SimpleData>
		<SimpleData name="nombre">LOS GUINDOS</SimpleData>
		<SimpleData name="propiedad">LOS GUINDOS GENERACION S.P.A</SimpleData>
		<SimpleData name="tipo">TERMOELECTRICA</SimpleData>
		<SimpleData name="combustibl">PETROLEO DIESEL</SimpleData>
		<SimpleData name="potencia">139</SimpleData>
		<SimpleData name="unidades">1</SimpleData>
		<SimpleData name="rca">S/I</SimpleData>
		<SimpleData name="sist_elect">SEN</SimpleData>
		<SimpleData name="estado">EN OPERACION</SimpleData>
		<SimpleData name="f_operacio">2015</SimpleData>
		<SimpleData name="medio_gx">NO APLICA</SimpleData>
		<SimpleData name="coord_este">207506</SimpleData>
		<SimpleData name="coord_nort">5888731</SimpleData>
		<SimpleData name="datum">WGS 1984</SimpleData>
		<SimpleData name="huso">19 SUR</SimpleData>
		<SimpleData name="region">BIOBIO</SimpleData>
		<SimpleData name="provincia">BIOBIO</SimpleData>
		<SimpleData name="comuna">CABRERO</SimpleData>
		<SimpleData name="fuente_bas">CNE</SimpleData>
		<SimpleData name="fech_crea">10/12/2014</SimpleData>
		<SimpleData name="fech_act">2018-06-30</SimpleData>
		<SimpleData name="Lat">-37.1021</SimpleData>
		<SimpleData name="Long">-72.2912</SimpleData>
	</SchemaData></ExtendedData>
      <Point><coordinates>-72.2911999999999,-37.1021</coordinates></Point>
  </Placemark>
  <Placemark id="termoelectricas.78">
	<name>LOS PINOS</name>
	<ExtendedData><SchemaData schemaUrl="#termoelectricas">
		<SimpleData name="OBJECTID_1">78</SimpleData>
		<SimpleData name="gml_id">termoel_ctricas_ab7d0ebd_96b7_481f_8804_f05173a82eef.77</SimpleData>
		<SimpleData name="objectid">77</SimpleData>
		<SimpleData name="nombre">LOS PINOS</SimpleData>
		<SimpleData name="propiedad">COLBUN S.A.</SimpleData>
		<SimpleData name="tipo">TERMOELECTRICA</SimpleData>
		<SimpleData name="combustibl">PETROLEO DIESEL</SimpleData>
		<SimpleData name="potencia">104.194</SimpleData>
		<SimpleData name="unidades">1</SimpleData>
		<SimpleData name="rca">120/2004</SimpleData>
		<SimpleData name="sist_elect">SEN</SimpleData>
		<SimpleData name="estado">EN OPERACION</SimpleData>
		<SimpleData name="f_operacio">2009</SimpleData>
		<SimpleData name="medio_gx">NO APLICA</SimpleData>
		<SimpleData name="coord_este">204463</SimpleData>
		<SimpleData name="coord_nort">5890476</SimpleData>
		<SimpleData name="datum">WGS 1984</SimpleData>
		<SimpleData name="huso">19 SUR</SimpleData>
		<SimpleData name="region">BIOBIO</SimpleData>
		<SimpleData name="provincia">BIOBIO</SimpleData>
		<SimpleData name="comuna">CABRERO</SimpleData>
		<SimpleData name="fuente_bas">CNE</SimpleData>
		<SimpleData name="fech_crea">10/12/2014</SimpleData>
		<SimpleData name="fech_act">2018-06-30</SimpleData>
		<SimpleData name="Lat">-37.0854</SimpleData>
		<SimpleData name="Long">-72.3247</SimpleData>
	</SchemaData></ExtendedData>
      <Point><coordinates>-72.3247,-37.0853999999999</coordinates></Point>
  </Placemark>
  <Placemark id="termoelectricas.79">
	<name>LOS VIENTOS</name>
	<ExtendedData><SchemaData schemaUrl="#termoelectricas">
		<SimpleData name="OBJECTID_1">79</SimpleData>
		<SimpleData name="gml_id">termoel_ctricas_ab7d0ebd_96b7_481f_8804_f05173a82eef.78</SimpleData>
		<SimpleData name="objectid">78</SimpleData>
		<SimpleData name="nombre">LOS VIENTOS</SimpleData>
		<SimpleData name="propiedad">AES GENER S.A.</SimpleData>
		<SimpleData name="tipo">TERMOELECTRICA</SimpleData>
		<SimpleData name="combustibl">PETROLEO DIESEL</SimpleData>
		<SimpleData name="potencia">132</SimpleData>
		<SimpleData name="unidades">1</SimpleData>
		<SimpleData name="rca">1372/2009-293/2005</SimpleData>
		<SimpleData name="sist_elect">SEN</SimpleData>
		<SimpleData name="estado">EN OPERACION</SimpleData>
		<SimpleData name="f_operacio">2007</SimpleData>
		<SimpleData name="medio_gx">NO APLICA</SimpleData>
		<SimpleData name="coord_este">311621</SimpleData>
		<SimpleData name="coord_nort">6364227</SimpleData>
		<SimpleData name="datum">WGS 1984</SimpleData>
		<SimpleData name="huso">19 SUR</SimpleData>
		<SimpleData name="region">VALPARAISO</SimpleData>
		<SimpleData name="provincia">SAN FELIPE DE ACONCAGUA</SimpleData>
		<SimpleData name="comuna">LLAILLAY</SimpleData>
		<SimpleData name="fuente_bas">CNE</SimpleData>
		<SimpleData name="fech_crea">10/12/2014</SimpleData>
		<SimpleData name="fech_act">2018-06-30</SimpleData>
		<SimpleData name="Lat">-32.8439</SimpleData>
		<SimpleData name="Long">-71.0129</SimpleData>
	</SchemaData></ExtendedData>
      <Point><coordinates>-71.0128999999999,-32.8439</coordinates></Point>
  </Placemark>
  <Placemark id="termoelectricas.80">
	<name>LOUSIANA PACIFIC</name>
	<ExtendedData><SchemaData schemaUrl="#termoelectricas">
		<SimpleData name="OBJECTID_1">80</SimpleData>
		<SimpleData name="gml_id">termoel_ctricas_ab7d0ebd_96b7_481f_8804_f05173a82eef.79</SimpleData>
		<SimpleData name="objectid">79</SimpleData>
		<SimpleData name="nombre">LOUSIANA PACIFIC</SimpleData>
		<SimpleData name="propiedad">SAGESA</SimpleData>
		<SimpleData name="tipo">TERMOELECTRICA</SimpleData>
		<SimpleData name="combustibl">PETROLEO DIESEL</SimpleData>
		<SimpleData name="potencia">2.9</SimpleData>
		<SimpleData name="unidades">4</SimpleData>
		<SimpleData name="rca">S/I</SimpleData>
		<SimpleData name="sist_elect">SEN</SimpleData>
		<SimpleData name="estado">EN OPERACION</SimpleData>
		<SimpleData name="f_operacio">2009</SimpleData>
		<SimpleData name="medio_gx">PMGD</SimpleData>
		<SimpleData name="coord_este">201509</SimpleData>
		<SimpleData name="coord_nort">5615202</SimpleData>
		<SimpleData name="datum">WGS 1984</SimpleData>
		<SimpleData name="huso">19 SUR</SimpleData>
		<SimpleData name="region">LOS RIOS</SimpleData>
		<SimpleData name="provincia">VALDIVIA</SimpleData>
		<SimpleData name="comuna">PANGUIPULLI</SimpleData>
		<SimpleData name="fuente_bas">CNE</SimpleData>
		<SimpleData name="fech_crea">10/12/2014</SimpleData>
		<SimpleData name="fech_act">2018-06-30</SimpleData>
		<SimpleData name="Lat">-39.561</SimpleData>
		<SimpleData name="Long">-72.4743</SimpleData>
	</SchemaData></ExtendedData>
      <Point><coordinates>-72.4743,-39.561</coordinates></Point>
  </Placemark>
  <Placemark id="termoelectricas.81">
	<name>LOUSIANA PACIFIC II</name>
	<ExtendedData><SchemaData schemaUrl="#termoelectricas">
		<SimpleData name="OBJECTID_1">81</SimpleData>
		<SimpleData name="gml_id">termoel_ctricas_ab7d0ebd_96b7_481f_8804_f05173a82eef.80</SimpleData>
		<SimpleData name="objectid">80</SimpleData>
		<SimpleData name="nombre">LOUSIANA PACIFIC II</SimpleData>
		<SimpleData name="propiedad">SAGESA</SimpleData>
		<SimpleData name="tipo">TERMOELECTRICA</SimpleData>
		<SimpleData name="combustibl">PETROLEO DIESEL</SimpleData>
		<SimpleData name="potencia">3.2</SimpleData>
		<SimpleData name="unidades">4</SimpleData>
		<SimpleData name="rca">S/I</SimpleData>
		<SimpleData name="sist_elect">SEN</SimpleData>
		<SimpleData name="estado">EN OPERACION</SimpleData>
		<SimpleData name="f_operacio">2009</SimpleData>
		<SimpleData name="medio_gx">PMGD</SimpleData>
		<SimpleData name="coord_este">197562</SimpleData>
		<SimpleData name="coord_nort">5728362</SimpleData>
		<SimpleData name="datum">WGS 1984</SimpleData>
		<SimpleData name="huso">19 SUR</SimpleData>
		<SimpleData name="region">LA ARAUCANIA</SimpleData>
		<SimpleData name="provincia">CAUTIN</SimpleData>
		<SimpleData name="comuna">LAUTARO</SimpleData>
		<SimpleData name="fuente_bas">CNE</SimpleData>
		<SimpleData name="fech_crea">10/12/2014</SimpleData>
		<SimpleData name="fech_act">2018-06-30</SimpleData>
		<SimpleData name="Lat">-38.5418</SimpleData>
		<SimpleData name="Long">-72.4699</SimpleData>
	</SchemaData></ExtendedData>
      <Point><coordinates>-72.4698999999999,-38.5418</coordinates></Point>
  </Placemark>
  <Placemark id="termoelectricas.82">
	<name>MANTOS BLANCOS</name>
	<ExtendedData><SchemaData schemaUrl="#termoelectricas">
		<SimpleData name="OBJECTID_1">82</SimpleData>
		<SimpleData name="gml_id">termoel_ctricas_ab7d0ebd_96b7_481f_8804_f05173a82eef.81</SimpleData>
		<SimpleData name="objectid">81</SimpleData>
		<SimpleData name="nombre">MANTOS BLANCOS</SimpleData>
		<SimpleData name="propiedad">MINERA MANTOS BLANCOS</SimpleData>
		<SimpleData name="tipo">TERMOELECTRICA</SimpleData>
		<SimpleData name="combustibl">PETROLEO DIESEL</SimpleData>
		<SimpleData name="potencia">28.64</SimpleData>
		<SimpleData name="unidades">1</SimpleData>
		<SimpleData name="rca">S/I</SimpleData>
		<SimpleData name="sist_elect">SEN</SimpleData>
		<SimpleData name="estado">EN OPERACION</SimpleData>
		<SimpleData name="f_operacio">1995</SimpleData>
		<SimpleData name="medio_gx">NO APLICA</SimpleData>
		<SimpleData name="coord_este">391671</SimpleData>
		<SimpleData name="coord_nort">7407484</SimpleData>
		<SimpleData name="datum">WGS 1984</SimpleData>
		<SimpleData name="huso">19 SUR</SimpleData>
		<SimpleData name="region">ANTOFAGASTA</SimpleData>
		<SimpleData name="provincia">ANTOFAGASTA</SimpleData>
		<SimpleData name="comuna">ANTOFAGASTA</SimpleData>
		<SimpleData name="fuente_bas">CNE</SimpleData>
		<SimpleData name="fech_crea">10/12/2014</SimpleData>
		<SimpleData name="fech_act">2018-06-30</SimpleData>
		<SimpleData name="Lat">-23.439</SimpleData>
		<SimpleData name="Long">-70.0605</SimpleData>
	</SchemaData></ExtendedData>
      <Point><coordinates>-70.0604999999999,-23.439</coordinates></Point>
  </Placemark>
  <Placemark id="termoelectricas.83">
	<name>MANIHUALES</name>
	<ExtendedData><SchemaData schemaUrl="#termoelectricas">
		<SimpleData name="OBJECTID_1">83</SimpleData>
		<SimpleData name="gml_id">termoel_ctricas_ab7d0ebd_96b7_481f_8804_f05173a82eef.82</SimpleData>
		<SimpleData name="objectid">82</SimpleData>
		<SimpleData name="nombre">MANIHUALES</SimpleData>
		<SimpleData name="propiedad">EDELAYSEN</SimpleData>
		<SimpleData name="tipo">TERMOELECTRICA</SimpleData>
		<SimpleData name="combustibl">PETROLEO DIESEL</SimpleData>
		<SimpleData name="potencia">0.825</SimpleData>
		<SimpleData name="unidades">1</SimpleData>
		<SimpleData name="rca">S/I</SimpleData>
		<SimpleData name="sist_elect">AYSEN</SimpleData>
		<SimpleData name="estado">EN OPERACION</SimpleData>
		<SimpleData name="f_operacio">2011</SimpleData>
		<SimpleData name="medio_gx">NO APLICA</SimpleData>
		<SimpleData name="coord_este">252980</SimpleData>
		<SimpleData name="coord_nort">4995209</SimpleData>
		<SimpleData name="datum">WGS 1984</SimpleData>
		<SimpleData name="huso">19 SUR</SimpleData>
		<SimpleData name="region">AYSEN</SimpleData>
		<SimpleData name="provincia">AYSEN</SimpleData>
		<SimpleData name="comuna">AYSEN</SimpleData>
		<SimpleData name="fuente_bas">CNE</SimpleData>
		<SimpleData name="fech_crea">10/12/2014</SimpleData>
		<SimpleData name="fech_act">2018-06-30</SimpleData>
		<SimpleData name="Lat">-45.1533</SimpleData>
		<SimpleData name="Long">-72.1426</SimpleData>
	</SchemaData></ExtendedData>
      <Point><coordinates>-72.1426,-45.1532999999999</coordinates></Point>
  </Placemark>
  <Placemark id="termoelectricas.84">
	<name>MATAVERI</name>
	<ExtendedData><SchemaData schemaUrl="#termoelectricas">
		<SimpleData name="OBJECTID_1">84</SimpleData>
		<SimpleData name="gml_id">termoel_ctricas_ab7d0ebd_96b7_481f_8804_f05173a82eef.83</SimpleData>
		<SimpleData name="objectid">83</SimpleData>
		<SimpleData name="nombre">MATAVERI</SimpleData>
		<SimpleData name="propiedad">SASIPA SPA</SimpleData>
		<SimpleData name="tipo">TERMOELECTRICA</SimpleData>
		<SimpleData name="combustibl">PETROLEO DIESEL</SimpleData>
		<SimpleData name="potencia">4.3</SimpleData>
		<SimpleData name="unidades">5</SimpleData>
		<SimpleData name="rca">S/I</SimpleData>
		<SimpleData name="sist_elect">ISLA DE PASCUA</SimpleData>
		<SimpleData name="estado">EN OPERACION</SimpleData>
		<SimpleData name="f_operacio">2017</SimpleData>
		<SimpleData name="medio_gx">NO APLICA</SimpleData>
		<SimpleData name="coord_este">-3699966</SimpleData>
		<SimpleData name="coord_nort">6234641</SimpleData>
		<SimpleData name="datum">WGS 1984</SimpleData>
		<SimpleData name="huso">19 SUR</SimpleData>
		<SimpleData name="region">VALPARAISO</SimpleData>
		<SimpleData name="provincia">ISLA DE PASCUA</SimpleData>
		<SimpleData name="comuna">ISLA DE PASCUA</SimpleData>
		<SimpleData name="fuente_bas">CNE</SimpleData>
		<SimpleData name="fech_crea">10/12/2014</SimpleData>
		<SimpleData name="fech_act">2018-06-30</SimpleData>
		<SimpleData name="Lat">-27.1634</SimpleData>
		<SimpleData name="Long">-109.4313</SimpleData>
	</SchemaData></ExtendedData>
      <Point><coordinates>-109.4313,-27.1634</coordinates></Point>
  </Placemark>
  <Placemark id="termoelectricas.85">
	<name>MAULE</name>
	<ExtendedData><SchemaData schemaUrl="#termoelectricas">
		<SimpleData name="OBJECTID_1">85</SimpleData>
		<SimpleData name="gml_id">termoel_ctricas_ab7d0ebd_96b7_481f_8804_f05173a82eef.84</SimpleData>
		<SimpleData name="objectid">84</SimpleData>
		<SimpleData name="nombre">MAULE</SimpleData>
		<SimpleData name="propiedad">ELEKTRAGEN</SimpleData>
		<SimpleData name="tipo">TERMOELECTRICA</SimpleData>
		<SimpleData name="combustibl">PETROLEO DIESEL</SimpleData>
		<SimpleData name="potencia">6</SimpleData>
		<SimpleData name="unidades">6</SimpleData>
		<SimpleData name="rca">13/2007</SimpleData>
		<SimpleData name="sist_elect">SEN</SimpleData>
		<SimpleData name="estado">EN OPERACION</SimpleData>
		<SimpleData name="f_operacio">2007</SimpleData>
		<SimpleData name="medio_gx">PMG</SimpleData>
		<SimpleData name="coord_este">190425</SimpleData>
		<SimpleData name="coord_nort">6081687</SimpleData>
		<SimpleData name="datum">WGS 1984</SimpleData>
		<SimpleData name="huso">19 SUR</SimpleData>
		<SimpleData name="region">MAULE</SimpleData>
		<SimpleData name="provincia">TALCA</SimpleData>
		<SimpleData name="comuna">CONSTITUCION</SimpleData>
		<SimpleData name="fuente_bas">CNE</SimpleData>
		<SimpleData name="fech_crea">10/12/2014</SimpleData>
		<SimpleData name="fech_act">2018-06-30</SimpleData>
		<SimpleData name="Lat">-35.3601</SimpleData>
		<SimpleData name="Long">-72.4069</SimpleData>
	</SchemaData></ExtendedData>
      <Point><coordinates>-72.4069,-35.3600999999999</coordinates></Point>
  </Placemark>
  <Placemark id="termoelectricas.86">
	<name>MONTE PATRIA</name>
	<ExtendedData><SchemaData schemaUrl="#termoelectricas">
		<SimpleData name="OBJECTID_1">86</SimpleData>
		<SimpleData name="gml_id">termoel_ctricas_ab7d0ebd_96b7_481f_8804_f05173a82eef.85</SimpleData>
		<SimpleData name="objectid">85</SimpleData>
		<SimpleData name="nombre">MONTE PATRIA</SimpleData>
		<SimpleData name="propiedad">ELEKTRAGEN</SimpleData>
		<SimpleData name="tipo">TERMOELECTRICA</SimpleData>
		<SimpleData name="combustibl">PETROLEO DIESEL</SimpleData>
		<SimpleData name="potencia">9</SimpleData>
		<SimpleData name="unidades">8</SimpleData>
		<SimpleData name="rca">23/2007</SimpleData>
		<SimpleData name="sist_elect">SEN</SimpleData>
		<SimpleData name="estado">EN OPERACION</SimpleData>
		<SimpleData name="f_operacio">2007</SimpleData>
		<SimpleData name="medio_gx">PMGD</SimpleData>
		<SimpleData name="coord_este">313324</SimpleData>
		<SimpleData name="coord_nort">6602353</SimpleData>
		<SimpleData name="datum">WGS 1984</SimpleData>
		<SimpleData name="huso">19 SUR</SimpleData>
		<SimpleData name="region">COQUIMBO</SimpleData>
		<SimpleData name="provincia">LIMARI</SimpleData>
		<SimpleData name="comuna">MONTE PATRIA</SimpleData>
		<SimpleData name="fuente_bas">CNE</SimpleData>
		<SimpleData name="fech_crea">10/12/2014</SimpleData>
		<SimpleData name="fech_act">2018-06-30</SimpleData>
		<SimpleData name="Lat">-30.697</SimpleData>
		<SimpleData name="Long">-70.9491</SimpleData>
	</SchemaData></ExtendedData>
      <Point><coordinates>-70.9491,-30.6969999999999</coordinates></Point>
  </Placemark>
  <Placemark id="termoelectricas.87">
	<name>MULTIEXPORT (I-II)</name>
	<ExtendedData><SchemaData schemaUrl="#termoelectricas">
		<SimpleData name="OBJECTID_1">87</SimpleData>
		<SimpleData name="gml_id">termoel_ctricas_ab7d0ebd_96b7_481f_8804_f05173a82eef.86</SimpleData>
		<SimpleData name="objectid">86</SimpleData>
		<SimpleData name="nombre">MULTIEXPORT (I-II)</SimpleData>
		<SimpleData name="propiedad">SAGESA</SimpleData>
		<SimpleData name="tipo">TERMOELECTRICA</SimpleData>
		<SimpleData name="combustibl">PETROLEO DIESEL</SimpleData>
		<SimpleData name="potencia">2.4</SimpleData>
		<SimpleData name="unidades">3</SimpleData>
		<SimpleData name="rca">S/I</SimpleData>
		<SimpleData name="sist_elect">SEN</SimpleData>
		<SimpleData name="estado">EN OPERACION</SimpleData>
		<SimpleData name="f_operacio">2009</SimpleData>
		<SimpleData name="medio_gx">PMGD</SimpleData>
		<SimpleData name="coord_este">167957</SimpleData>
		<SimpleData name="coord_nort">5401729</SimpleData>
		<SimpleData name="datum">WGS 1984</SimpleData>
		<SimpleData name="huso">19 SUR</SimpleData>
		<SimpleData name="region">LOS LAGOS</SimpleData>
		<SimpleData name="provincia">LLANQUIHUE</SimpleData>
		<SimpleData name="comuna">PUERTO MONTT</SimpleData>
		<SimpleData name="fuente_bas">CNE</SimpleData>
		<SimpleData name="fech_crea">10/12/2014</SimpleData>
		<SimpleData name="fech_act">2018-06-30</SimpleData>
		<SimpleData name="Lat">-41.4673</SimpleData>
		<SimpleData name="Long">-72.9759</SimpleData>
	</SchemaData></ExtendedData>
      <Point><coordinates>-72.9759,-41.4673</coordinates></Point>
  </Placemark>
  <Placemark id="termoelectricas.88">
	<name>NEHUENCO</name>
	<ExtendedData><SchemaData schemaUrl="#termoelectricas">
		<SimpleData name="OBJECTID_1">88</SimpleData>
		<SimpleData name="gml_id">termoel_ctricas_ab7d0ebd_96b7_481f_8804_f05173a82eef.87</SimpleData>
		<SimpleData name="objectid">87</SimpleData>
		<SimpleData name="nombre">NEHUENCO</SimpleData>
		<SimpleData name="propiedad">COLBUN S.A.</SimpleData>
		<SimpleData name="tipo">TERMOELECTRICA</SimpleData>
		<SimpleData name="combustibl">GAS NATURAL</SimpleData>
		<SimpleData name="potencia">368.4</SimpleData>
		<SimpleData name="unidades">1</SimpleData>
		<SimpleData name="rca">03/1997-164/2001-34/2002-104/2004-18/2006</SimpleData>
		<SimpleData name="sist_elect">SEN</SimpleData>
		<SimpleData name="estado">EN OPERACION</SimpleData>
		<SimpleData name="f_operacio">1998</SimpleData>
		<SimpleData name="medio_gx">NO APLICA</SimpleData>
		<SimpleData name="coord_este">282806</SimpleData>
		<SimpleData name="coord_nort">6353344</SimpleData>
		<SimpleData name="datum">WGS 1984</SimpleData>
		<SimpleData name="huso">19 SUR</SimpleData>
		<SimpleData name="region">VALPARAISO</SimpleData>
		<SimpleData name="provincia">QUILLOTA</SimpleData>
		<SimpleData name="comuna">QUILLOTA</SimpleData>
		<SimpleData name="fuente_bas">CNE</SimpleData>
		<SimpleData name="fech_crea">10/12/2014</SimpleData>
		<SimpleData name="fech_act">2018-06-30</SimpleData>
		<SimpleData name="Lat">-32.9366</SimpleData>
		<SimpleData name="Long">-71.3231</SimpleData>
	</SchemaData></ExtendedData>
      <Point><coordinates>-71.3231,-32.9365999999999</coordinates></Point>
  </Placemark>
  <Placemark id="termoelectricas.89">
	<name>NEHUENCO 9B</name>
	<ExtendedData><SchemaData schemaUrl="#termoelectricas">
		<SimpleData name="OBJECTID_1">89</SimpleData>
		<SimpleData name="gml_id">termoel_ctricas_ab7d0ebd_96b7_481f_8804_f05173a82eef.88</SimpleData>
		<SimpleData name="objectid">88</SimpleData>
		<SimpleData name="nombre">NEHUENCO 9B</SimpleData>
		<SimpleData name="propiedad">COLBUN</SimpleData>
		<SimpleData name="tipo">TERMOELECTRICA</SimpleData>
		<SimpleData name="combustibl">PETROLEO DIESEL</SimpleData>
		<SimpleData name="potencia">108</SimpleData>
		<SimpleData name="unidades">1</SimpleData>
		<SimpleData name="rca">03/1997-164/2001-34/2002-104/2004-18/2006</SimpleData>
		<SimpleData name="sist_elect">SEN</SimpleData>
		<SimpleData name="estado">EN OPERACION</SimpleData>
		<SimpleData name="f_operacio">2002</SimpleData>
		<SimpleData name="medio_gx">NO APLICA</SimpleData>
		<SimpleData name="coord_este">282806</SimpleData>
		<SimpleData name="coord_nort">6353344</SimpleData>
		<SimpleData name="datum">WGS 1984</SimpleData>
		<SimpleData name="huso">19 SUR</SimpleData>
		<SimpleData name="region">VALPARAISO</SimpleData>
		<SimpleData name="provincia">VALPARAISO</SimpleData>
		<SimpleData name="comuna">QUILLOTA</SimpleData>
		<SimpleData name="fuente_bas">CNE</SimpleData>
		<SimpleData name="fech_crea">10/12/2014</SimpleData>
		<SimpleData name="fech_act">2018-06-30</SimpleData>
		<SimpleData name="Lat">-32.9366</SimpleData>
		<SimpleData name="Long">-71.3231</SimpleData>
	</SchemaData></ExtendedData>
      <Point><coordinates>-71.3231,-32.9365999999999</coordinates></Point>
  </Placemark>
  <Placemark id="termoelectricas.90">
	<name>NEHUENCO II CA</name>
	<ExtendedData><SchemaData schemaUrl="#termoelectricas">
		<SimpleData name="OBJECTID_1">90</SimpleData>
		<SimpleData name="gml_id">termoel_ctricas_ab7d0ebd_96b7_481f_8804_f05173a82eef.89</SimpleData>
		<SimpleData name="objectid">89</SimpleData>
		<SimpleData name="nombre">NEHUENCO II CA</SimpleData>
		<SimpleData name="propiedad">COLBUN</SimpleData>
		<SimpleData name="tipo">TERMOELECTRICA</SimpleData>
		<SimpleData name="combustibl">PETROLEO DIESEL</SimpleData>
		<SimpleData name="potencia">257.3</SimpleData>
		<SimpleData name="unidades">1</SimpleData>
		<SimpleData name="rca">03/1997-164/2001-34/2002-104/2004-18/2006</SimpleData>
		<SimpleData name="sist_elect">SEN</SimpleData>
		<SimpleData name="estado">EN OPERACION</SimpleData>
		<SimpleData name="f_operacio">2004</SimpleData>
		<SimpleData name="medio_gx">NO APLICA</SimpleData>
		<SimpleData name="coord_este">282806</SimpleData>
		<SimpleData name="coord_nort">6353344</SimpleData>
		<SimpleData name="datum">WGS 1984</SimpleData>
		<SimpleData name="huso">19 SUR</SimpleData>
		<SimpleData name="region">VALPARAISO</SimpleData>
		<SimpleData name="provincia">VALPARAISO</SimpleData>
		<SimpleData name="comuna">QUILLOTA</SimpleData>
		<SimpleData name="fuente_bas">CNE</SimpleData>
		<SimpleData name="fech_crea">10/12/2014</SimpleData>
		<SimpleData name="fech_act">2018-06-30</SimpleData>
		<SimpleData name="Lat">-32.9366</SimpleData>
		<SimpleData name="Long">-71.3231</SimpleData>
	</SchemaData></ExtendedData>
      <Point><coordinates>-71.3231,-32.9365999999999</coordinates></Point>
  </Placemark>
  <Placemark id="termoelectricas.91">
	<name>NEHUENCO II CC</name>
	<ExtendedData><SchemaData schemaUrl="#termoelectricas">
		<SimpleData name="OBJECTID_1">91</SimpleData>
		<SimpleData name="gml_id">termoel_ctricas_ab7d0ebd_96b7_481f_8804_f05173a82eef.90</SimpleData>
		<SimpleData name="objectid">90</SimpleData>
		<SimpleData name="nombre">NEHUENCO II CC</SimpleData>
		<SimpleData name="propiedad">COLBUN</SimpleData>
		<SimpleData name="tipo">TERMOELECTRICA</SimpleData>
		<SimpleData name="combustibl">GAS NATURAL</SimpleData>
		<SimpleData name="potencia">398.25</SimpleData>
		<SimpleData name="unidades">1</SimpleData>
		<SimpleData name="rca">03/1997-164/2001-34/2002-104/2004-18/2006</SimpleData>
		<SimpleData name="sist_elect">SEN</SimpleData>
		<SimpleData name="estado">EN OPERACION</SimpleData>
		<SimpleData name="f_operacio">2003</SimpleData>
		<SimpleData name="medio_gx">NO APLICA</SimpleData>
		<SimpleData name="coord_este">282806</SimpleData>
		<SimpleData name="coord_nort">6353344</SimpleData>
		<SimpleData name="datum">WGS 1984</SimpleData>
		<SimpleData name="huso">19 SUR</SimpleData>
		<SimpleData name="region">VALPARAISO</SimpleData>
		<SimpleData name="provincia">VALPARAISO</SimpleData>
		<SimpleData name="comuna">QUILLOTA</SimpleData>
		<SimpleData name="fuente_bas">CNE</SimpleData>
		<SimpleData name="fech_crea">10/12/2014</SimpleData>
		<SimpleData name="fech_act">2018-06-30</SimpleData>
		<SimpleData name="Lat">-32.9366</SimpleData>
		<SimpleData name="Long">-71.3231</SimpleData>
	</SchemaData></ExtendedData>
      <Point><coordinates>-71.3231,-32.9365999999999</coordinates></Point>
  </Placemark>
  <Placemark id="termoelectricas.92">
	<name>TIRUA</name>
	<ExtendedData><SchemaData schemaUrl="#termoelectricas">
		<SimpleData name="OBJECTID_1">92</SimpleData>
		<SimpleData name="gml_id">termoel_ctricas_ab7d0ebd_96b7_481f_8804_f05173a82eef.142</SimpleData>
		<SimpleData name="objectid">142</SimpleData>
		<SimpleData name="nombre">TIRUA</SimpleData>
		<SimpleData name="propiedad">SAGESA</SimpleData>
		<SimpleData name="tipo">TERMOELECTRICA</SimpleData>
		<SimpleData name="combustibl">PETROLEO DIESEL</SimpleData>
		<SimpleData name="potencia">1.9</SimpleData>
		<SimpleData name="unidades">1</SimpleData>
		<SimpleData name="rca">S/I</SimpleData>
		<SimpleData name="sist_elect">SEN</SimpleData>
		<SimpleData name="estado">EN OPERACION</SimpleData>
		<SimpleData name="f_operacio">2011</SimpleData>
		<SimpleData name="medio_gx">PMGD</SimpleData>
		<SimpleData name="coord_este">107826</SimpleData>
		<SimpleData name="coord_nort">5748591</SimpleData>
		<SimpleData name="datum">WGS 1984</SimpleData>
		<SimpleData name="huso">19 SUR</SimpleData>
		<SimpleData name="region">BIOBIO</SimpleData>
		<SimpleData name="provincia">ARAUCO</SimpleData>
		<SimpleData name="comuna">TIRUA</SimpleData>
		<SimpleData name="fuente_bas">CNE</SimpleData>
		<SimpleData name="fech_crea">10/12/2014</SimpleData>
		<SimpleData name="fech_act">2018-06-30</SimpleData>
		<SimpleData name="Lat">-38.325</SimpleData>
		<SimpleData name="Long">-73.4856</SimpleData>
	</SchemaData></ExtendedData>
      <Point><coordinates>-73.4856,-38.3249999999999</coordinates></Point>
  </Placemark>
  <Placemark id="termoelectricas.93">
	<name>NUEVA ALDEA II</name>
	<ExtendedData><SchemaData schemaUrl="#termoelectricas">
		<SimpleData name="OBJECTID_1">93</SimpleData>
		<SimpleData name="gml_id">termoel_ctricas_ab7d0ebd_96b7_481f_8804_f05173a82eef.92</SimpleData>
		<SimpleData name="objectid">92</SimpleData>
		<SimpleData name="nombre">NUEVA ALDEA II</SimpleData>
		<SimpleData name="propiedad">ARAUCO BIOENERGIAS</SimpleData>
		<SimpleData name="tipo">TERMOELECTRICA</SimpleData>
		<SimpleData name="combustibl">PETROLEO DIESEL</SimpleData>
		<SimpleData name="potencia">10</SimpleData>
		<SimpleData name="unidades">1</SimpleData>
		<SimpleData name="rca">76/2005</SimpleData>
		<SimpleData name="sist_elect">SEN</SimpleData>
		<SimpleData name="estado">EN OPERACION</SimpleData>
		<SimpleData name="f_operacio">2006</SimpleData>
		<SimpleData name="medio_gx">NO APLICA</SimpleData>
		<SimpleData name="coord_este">188983</SimpleData>
		<SimpleData name="coord_nort">5937224</SimpleData>
		<SimpleData name="datum">WGS 1984</SimpleData>
		<SimpleData name="huso">19 SUR</SimpleData>
		<SimpleData name="region">BIOBIO</SimpleData>
		<SimpleData name="provincia">BIOBIO</SimpleData>
		<SimpleData name="comuna">RANQUIL</SimpleData>
		<SimpleData name="fuente_bas">CNE</SimpleData>
		<SimpleData name="fech_crea">10/12/2014</SimpleData>
		<SimpleData name="fech_act">2018-06-30</SimpleData>
		<SimpleData name="Lat">-36.6598</SimpleData>
		<SimpleData name="Long">-72.4795</SimpleData>
	</SchemaData></ExtendedData>
      <Point><coordinates>-72.4795,-36.6598</coordinates></Point>
  </Placemark>
  <Placemark id="termoelectricas.94">
	<name>NUEVA PUERTO IBANEZ</name>
	<ExtendedData><SchemaData schemaUrl="#termoelectricas">
		<SimpleData name="OBJECTID_1">94</SimpleData>
		<SimpleData name="gml_id">termoel_ctricas_ab7d0ebd_96b7_481f_8804_f05173a82eef.93</SimpleData>
		<SimpleData name="objectid">93</SimpleData>
		<SimpleData name="nombre">NUEVA PUERTO IBANEZ</SimpleData>
		<SimpleData name="propiedad">EDELAYSEN</SimpleData>
		<SimpleData name="tipo">TERMOELECTRICA</SimpleData>
		<SimpleData name="combustibl">DIESEL</SimpleData>
		<SimpleData name="potencia">0.36</SimpleData>
		<SimpleData name="unidades">1</SimpleData>
		<SimpleData name="rca">S/I</SimpleData>
		<SimpleData name="sist_elect">AYSEN</SimpleData>
		<SimpleData name="estado">EN OPERACION</SimpleData>
		<SimpleData name="f_operacio">2015</SimpleData>
		<SimpleData name="medio_gx">NO APLICA</SimpleData>
		<SimpleData name="coord_este">272247</SimpleData>
		<SimpleData name="coord_nort">4870714</SimpleData>
		<SimpleData name="datum">WGS 1984</SimpleData>
		<SimpleData name="huso">19 SUR</SimpleData>
		<SimpleData name="region">AYSEN</SimpleData>
		<SimpleData name="provincia">GENERAL CARRERA</SimpleData>
		<SimpleData name="comuna">RIO IBANEZ</SimpleData>
		<SimpleData name="fuente_bas">CNE</SimpleData>
		<SimpleData name="fech_crea">10/12/2014</SimpleData>
		<SimpleData name="fech_act">2018-06-30</SimpleData>
		<SimpleData name="Lat">-46.2789</SimpleData>
		<SimpleData name="Long">-71.9563</SimpleData>
	</SchemaData></ExtendedData>
      <Point><coordinates>-71.9562999999999,-46.2789</coordinates></Point>
  </Placemark>
  <Placemark id="termoelectricas.95">
	<name>NUEVA RENCA</name>
	<ExtendedData><SchemaData schemaUrl="#termoelectricas">
		<SimpleData name="OBJECTID_1">95</SimpleData>
		<SimpleData name="gml_id">termoel_ctricas_ab7d0ebd_96b7_481f_8804_f05173a82eef.94</SimpleData>
		<SimpleData name="objectid">94</SimpleData>
		<SimpleData name="nombre">NUEVA RENCA</SimpleData>
		<SimpleData name="propiedad">SOC. ELECTRICA SANTIAGO S.A.</SimpleData>
		<SimpleData name="tipo">TERMOELECTRICA</SimpleData>
		<SimpleData name="combustibl">PETROLEO DIESEL</SimpleData>
		<SimpleData name="potencia">379</SimpleData>
		<SimpleData name="unidades">1</SimpleData>
		<SimpleData name="rca">07/1996-123/2003-323/2005-173/2010</SimpleData>
		<SimpleData name="sist_elect">SEN</SimpleData>
		<SimpleData name="estado">EN OPERACION</SimpleData>
		<SimpleData name="f_operacio">2009</SimpleData>
		<SimpleData name="medio_gx">NO APLICA</SimpleData>
		<SimpleData name="coord_este">343149</SimpleData>
		<SimpleData name="coord_nort">6301060</SimpleData>
		<SimpleData name="datum">WGS 1984</SimpleData>
		<SimpleData name="huso">19 SUR</SimpleData>
		<SimpleData name="region">METROPOLITANA</SimpleData>
		<SimpleData name="provincia">SANTIAGO</SimpleData>
		<SimpleData name="comuna">RENCA</SimpleData>
		<SimpleData name="fuente_bas">CNE</SimpleData>
		<SimpleData name="fech_crea">10/12/2014</SimpleData>
		<SimpleData name="fech_act">2018-06-30</SimpleData>
		<SimpleData name="Lat">-33.4184</SimpleData>
		<SimpleData name="Long">-70.687</SimpleData>
	</SchemaData></ExtendedData>
      <Point><coordinates>-70.687,-33.4184</coordinates></Point>
  </Placemark>
  <Placemark id="termoelectricas.96">
	<name>NUEVA VENTANAS</name>
	<ExtendedData><SchemaData schemaUrl="#termoelectricas">
		<SimpleData name="OBJECTID_1">96</SimpleData>
		<SimpleData name="gml_id">termoel_ctricas_ab7d0ebd_96b7_481f_8804_f05173a82eef.95</SimpleData>
		<SimpleData name="objectid">95</SimpleData>
		<SimpleData name="nombre">NUEVA VENTANAS</SimpleData>
		<SimpleData name="propiedad">ELECTRICA VENTANAS</SimpleData>
		<SimpleData name="tipo">TERMOELECTRICA</SimpleData>
		<SimpleData name="combustibl">CARBON</SimpleData>
		<SimpleData name="potencia">272</SimpleData>
		<SimpleData name="unidades">1</SimpleData>
		<SimpleData name="rca">1124/2006-1632/2006</SimpleData>
		<SimpleData name="sist_elect">SEN</SimpleData>
		<SimpleData name="estado">EN OPERACION</SimpleData>
		<SimpleData name="f_operacio">2010</SimpleData>
		<SimpleData name="medio_gx">NO APLICA</SimpleData>
		<SimpleData name="coord_este">267351</SimpleData>
		<SimpleData name="coord_nort">6373720</SimpleData>
		<SimpleData name="datum">WGS 1984</SimpleData>
		<SimpleData name="huso">19 SUR</SimpleData>
		<SimpleData name="region">VALPARAISO</SimpleData>
		<SimpleData name="provincia">VALPARAISO</SimpleData>
		<SimpleData name="comuna">PUCHUNCAVI</SimpleData>
		<SimpleData name="fuente_bas">CNE</SimpleData>
		<SimpleData name="fech_crea">10/12/2014</SimpleData>
		<SimpleData name="fech_act">2018-06-30</SimpleData>
		<SimpleData name="Lat">-32.7498</SimpleData>
		<SimpleData name="Long">-71.4832</SimpleData>
	</SchemaData></ExtendedData>
      <Point><coordinates>-71.4832,-32.7497999999999</coordinates></Point>
  </Placemark>
  <Placemark id="termoelectricas.97">
	<name>OLIVOS</name>
	<ExtendedData><SchemaData schemaUrl="#termoelectricas">
		<SimpleData name="OBJECTID_1">97</SimpleData>
		<SimpleData name="gml_id">termoel_ctricas_ab7d0ebd_96b7_481f_8804_f05173a82eef.96</SimpleData>
		<SimpleData name="objectid">96</SimpleData>
		<SimpleData name="nombre">OLIVOS</SimpleData>
		<SimpleData name="propiedad">POTENCIA S.A.</SimpleData>
		<SimpleData name="tipo">TERMOELECTRICA</SimpleData>
		<SimpleData name="combustibl">PETROLEO DIESEL</SimpleData>
		<SimpleData name="potencia">115.2</SimpleData>
		<SimpleData name="unidades">72</SimpleData>
		<SimpleData name="rca">86/2005-03/2008-14/2010</SimpleData>
		<SimpleData name="sist_elect">SEN</SimpleData>
		<SimpleData name="estado">EN OPERACION</SimpleData>
		<SimpleData name="f_operacio">2008</SimpleData>
		<SimpleData name="medio_gx">NO APLICA</SimpleData>
		<SimpleData name="coord_este">265848</SimpleData>
		<SimpleData name="coord_nort">6464053</SimpleData>
		<SimpleData name="datum">WGS 1984</SimpleData>
		<SimpleData name="huso">19 SUR</SimpleData>
		<SimpleData name="region">COQUIMBO</SimpleData>
		<SimpleData name="provincia">CHOAPA</SimpleData>
		<SimpleData name="comuna">LOS VILOS</SimpleData>
		<SimpleData name="fuente_bas">CNE</SimpleData>
		<SimpleData name="fech_crea">10/12/2014</SimpleData>
		<SimpleData name="fech_act">2018-06-30</SimpleData>
		<SimpleData name="Lat">-31.9353</SimpleData>
		<SimpleData name="Long">-71.4769</SimpleData>
	</SchemaData></ExtendedData>
      <Point><coordinates>-71.4768999999999,-31.9353</coordinates></Point>
  </Placemark>
  <Placemark id="termoelectricas.98">
	<name>ORAFTI</name>
	<ExtendedData><SchemaData schemaUrl="#termoelectricas">
		<SimpleData name="OBJECTID_1">98</SimpleData>
		<SimpleData name="gml_id">termoel_ctricas_ab7d0ebd_96b7_481f_8804_f05173a82eef.97</SimpleData>
		<SimpleData name="objectid">97</SimpleData>
		<SimpleData name="nombre">ORAFTI</SimpleData>
		<SimpleData name="propiedad">BENEO ORAFTI</SimpleData>
		<SimpleData name="tipo">TERMOELECTRICA</SimpleData>
		<SimpleData name="combustibl">PETROLEO DIESEL</SimpleData>
		<SimpleData name="potencia">0.5</SimpleData>
		<SimpleData name="unidades">1</SimpleData>
		<SimpleData name="rca">32/2013</SimpleData>
		<SimpleData name="sist_elect">SEN</SimpleData>
		<SimpleData name="estado">EN OPERACION</SimpleData>
		<SimpleData name="f_operacio">2009</SimpleData>
		<SimpleData name="medio_gx">PMGD</SimpleData>
		<SimpleData name="coord_este">201959</SimpleData>
		<SimpleData name="coord_nort">5910237</SimpleData>
		<SimpleData name="datum">WGS 1984</SimpleData>
		<SimpleData name="huso">19 SUR</SimpleData>
		<SimpleData name="region">BIOBIO</SimpleData>
		<SimpleData name="provincia">NUBLE</SimpleData>
		<SimpleData name="comuna">PEMUCO</SimpleData>
		<SimpleData name="fuente_bas">CNE</SimpleData>
		<SimpleData name="fech_crea">10/12/2014</SimpleData>
		<SimpleData name="fech_act">2018-06-30</SimpleData>
		<SimpleData name="Lat">-36.9068</SimpleData>
		<SimpleData name="Long">-72.3451</SimpleData>
	</SchemaData></ExtendedData>
      <Point><coordinates>-72.3450999999999,-36.9068</coordinates></Point>
  </Placemark>
  <Placemark id="termoelectricas.99">
	<name>PALENA</name>
	<ExtendedData><SchemaData schemaUrl="#termoelectricas">
		<SimpleData name="OBJECTID_1">99</SimpleData>
		<SimpleData name="gml_id">termoel_ctricas_ab7d0ebd_96b7_481f_8804_f05173a82eef.98</SimpleData>
		<SimpleData name="objectid">98</SimpleData>
		<SimpleData name="nombre">PALENA</SimpleData>
		<SimpleData name="propiedad">EDELAYSEN</SimpleData>
		<SimpleData name="tipo">TERMOELECTRICA</SimpleData>
		<SimpleData name="combustibl">PETROLEO DIESEL</SimpleData>
		<SimpleData name="potencia">1.39</SimpleData>
		<SimpleData name="unidades">3</SimpleData>
		<SimpleData name="rca">S/I</SimpleData>
		<SimpleData name="sist_elect">AYSEN</SimpleData>
		<SimpleData name="estado">EN OPERACION</SimpleData>
		<SimpleData name="f_operacio">2013</SimpleData>
		<SimpleData name="medio_gx">NO APLICA</SimpleData>
		<SimpleData name="coord_este">274179</SimpleData>
		<SimpleData name="coord_nort">5167009</SimpleData>
		<SimpleData name="datum">WGS 1984</SimpleData>
		<SimpleData name="huso">19 SUR</SimpleData>
		<SimpleData name="region">AYSEN</SimpleData>
		<SimpleData name="provincia">PALENA</SimpleData>
		<SimpleData name="comuna">PALENA</SimpleData>
		<SimpleData name="fuente_bas">CNE</SimpleData>
		<SimpleData name="fech_crea">10/12/2014</SimpleData>
		<SimpleData name="fech_act">2018-06-30</SimpleData>
		<SimpleData name="Lat">-43.6156</SimpleData>
		<SimpleData name="Long">-71.7986</SimpleData>
	</SchemaData></ExtendedData>
      <Point><coordinates>-71.7986,-43.6156</coordinates></Point>
  </Placemark>
  <Placemark id="termoelectricas.100">
	<name>PETROPOWER</name>
	<ExtendedData><SchemaData schemaUrl="#termoelectricas">
		<SimpleData name="OBJECTID_1">100</SimpleData>
		<SimpleData name="gml_id">termoel_ctricas_ab7d0ebd_96b7_481f_8804_f05173a82eef.99</SimpleData>
		<SimpleData name="objectid">99</SimpleData>
		<SimpleData name="nombre">PETROPOWER</SimpleData>
		<SimpleData name="propiedad">PETROPOWER</SimpleData>
		<SimpleData name="tipo">TERMOELECTRICA</SimpleData>
		<SimpleData name="combustibl">PETCOKE</SimpleData>
		<SimpleData name="potencia">75</SimpleData>
		<SimpleData name="unidades">1</SimpleData>
		<SimpleData name="rca">S/I</SimpleData>
		<SimpleData name="sist_elect">SEN</SimpleData>
		<SimpleData name="estado">EN OPERACION</SimpleData>
		<SimpleData name="f_operacio">1998</SimpleData>
		<SimpleData name="medio_gx">NO APLICA</SimpleData>
		<SimpleData name="coord_este">132157</SimpleData>
		<SimpleData name="coord_nort">5920793</SimpleData>
		<SimpleData name="datum">WGS 1984</SimpleData>
		<SimpleData name="huso">19 SUR</SimpleData>
		<SimpleData name="region">O'HIGGINS</SimpleData>
		<SimpleData name="provincia">CONCEPCION</SimpleData>
		<SimpleData name="comuna">HUALPEN</SimpleData>
		<SimpleData name="fuente_bas">CNE</SimpleData>
		<SimpleData name="fech_crea">10/12/2014</SimpleData>
		<SimpleData name="fech_act">2018-06-30</SimpleData>
		<SimpleData name="Lat">-36.7873</SimpleData>
		<SimpleData name="Long">-73.1217</SimpleData>
	</SchemaData></ExtendedData>
      <Point><coordinates>-73.1217,-36.7873</coordinates></Point>
  </Placemark>
  <Placemark id="termoelectricas.101">
	<name>PLACILLA</name>
	<ExtendedData><SchemaData schemaUrl="#termoelectricas">
		<SimpleData name="OBJECTID_1">101</SimpleData>
		<SimpleData name="gml_id">termoel_ctricas_ab7d0ebd_96b7_481f_8804_f05173a82eef.100</SimpleData>
		<SimpleData name="objectid">100</SimpleData>
		<SimpleData name="nombre">PLACILLA</SimpleData>
		<SimpleData name="propiedad">TECNORED</SimpleData>
		<SimpleData name="tipo">TERMOELECTRICA</SimpleData>
		<SimpleData name="combustibl">PETROLEO DIESEL</SimpleData>
		<SimpleData name="potencia">3</SimpleData>
		<SimpleData name="unidades">3</SimpleData>
		<SimpleData name="rca">S/I</SimpleData>
		<SimpleData name="sist_elect">SEN</SimpleData>
		<SimpleData name="estado">EN OPERACION</SimpleData>
		<SimpleData name="f_operacio">2008</SimpleData>
		<SimpleData name="medio_gx">PMG</SimpleData>
		<SimpleData name="coord_este">261203</SimpleData>
		<SimpleData name="coord_nort">6333774</SimpleData>
		<SimpleData name="datum">WGS 1984</SimpleData>
		<SimpleData name="huso">19 SUR</SimpleData>
		<SimpleData name="region">VALPARAISO</SimpleData>
		<SimpleData name="provincia">VALPARAISO</SimpleData>
		<SimpleData name="comuna">VALPARAISO</SimpleData>
		<SimpleData name="fuente_bas">CNE</SimpleData>
		<SimpleData name="fech_crea">10/12/2014</SimpleData>
		<SimpleData name="fech_act">2018-06-30</SimpleData>
		<SimpleData name="Lat">-33.1085</SimpleData>
		<SimpleData name="Long">-71.5591</SimpleData>
	</SchemaData></ExtendedData>
      <Point><coordinates>-71.5590999999999,-33.1084999999999</coordinates></Point>
  </Placemark>
  <Placemark id="termoelectricas.102">
	<name>PLANTA CURICO</name>
	<ExtendedData><SchemaData schemaUrl="#termoelectricas">
		<SimpleData name="OBJECTID_1">102</SimpleData>
		<SimpleData name="gml_id">termoel_ctricas_ab7d0ebd_96b7_481f_8804_f05173a82eef.101</SimpleData>
		<SimpleData name="objectid">101</SimpleData>
		<SimpleData name="nombre">PLANTA CURICO</SimpleData>
		<SimpleData name="propiedad">COMPANIA GENERACION INDUSTRIAL</SimpleData>
		<SimpleData name="tipo">TERMOELECTRICA</SimpleData>
		<SimpleData name="combustibl">CARBON</SimpleData>
		<SimpleData name="potencia">2</SimpleData>
		<SimpleData name="unidades">1</SimpleData>
		<SimpleData name="rca">S/I</SimpleData>
		<SimpleData name="sist_elect">SEN</SimpleData>
		<SimpleData name="estado">EN OPERACION</SimpleData>
		<SimpleData name="f_operacio">2009</SimpleData>
		<SimpleData name="medio_gx">NO APLICA</SimpleData>
		<SimpleData name="coord_este">295296</SimpleData>
		<SimpleData name="coord_nort">6122360</SimpleData>
		<SimpleData name="datum">WGS 1984</SimpleData>
		<SimpleData name="huso">19 SUR</SimpleData>
		<SimpleData name="region">MAULE</SimpleData>
		<SimpleData name="provincia">CURICO</SimpleData>
		<SimpleData name="comuna">CURICO</SimpleData>
		<SimpleData name="fuente_bas">CNE</SimpleData>
		<SimpleData name="fech_crea">10/12/2014</SimpleData>
		<SimpleData name="fech_act">2018-06-30</SimpleData>
		<SimpleData name="Lat">-35.0207</SimpleData>
		<SimpleData name="Long">-71.2437</SimpleData>
	</SchemaData></ExtendedData>
      <Point><coordinates>-71.2436999999999,-35.0207</coordinates></Point>
  </Placemark>
  <Placemark id="termoelectricas.103">
	<name>PLANTA DE ACIDO SULFURICO MEJILLONES</name>
	<ExtendedData><SchemaData schemaUrl="#termoelectricas">
		<SimpleData name="OBJECTID_1">103</SimpleData>
		<SimpleData name="gml_id">termoel_ctricas_ab7d0ebd_96b7_481f_8804_f05173a82eef.102</SimpleData>
		<SimpleData name="objectid">102</SimpleData>
		<SimpleData name="nombre">PLANTA DE ACIDO SULFURICO MEJILLONES</SimpleData>
		<SimpleData name="propiedad">NORACID</SimpleData>
		<SimpleData name="tipo">TERMOELECTRICA</SimpleData>
		<SimpleData name="combustibl">COGENERACION</SimpleData>
		<SimpleData name="potencia">17.5</SimpleData>
		<SimpleData name="unidades">1</SimpleData>
		<SimpleData name="rca">S/I</SimpleData>
		<SimpleData name="sist_elect">SEN</SimpleData>
		<SimpleData name="estado">EN OPERACION</SimpleData>
		<SimpleData name="f_operacio">2012</SimpleData>
		<SimpleData name="medio_gx">NO APLICA</SimpleData>
		<SimpleData name="coord_este">355142</SimpleData>
		<SimpleData name="coord_nort">7444829</SimpleData>
		<SimpleData name="datum">WGS 1984</SimpleData>
		<SimpleData name="huso">19 SUR</SimpleData>
		<SimpleData name="region">ANTOFAGASTA</SimpleData>
		<SimpleData name="provincia">ANTOFAGASTA</SimpleData>
		<SimpleData name="comuna">MEJILLONES</SimpleData>
		<SimpleData name="fuente_bas">CNE</SimpleData>
		<SimpleData name="fech_crea">10/12/2014</SimpleData>
		<SimpleData name="fech_act">2018-06-30</SimpleData>
		<SimpleData name="Lat">-23.0989</SimpleData>
		<SimpleData name="Long">-70.4144</SimpleData>
	</SchemaData></ExtendedData>
      <Point><coordinates>-70.4143999999999,-23.0989</coordinates></Point>
  </Placemark>
  <Placemark id="termoelectricas.104">
	<name>PORVENIR</name>
	<ExtendedData><SchemaData schemaUrl="#termoelectricas">
		<SimpleData name="OBJECTID_1">104</SimpleData>
		<SimpleData name="gml_id">termoel_ctricas_ab7d0ebd_96b7_481f_8804_f05173a82eef.103</SimpleData>
		<SimpleData name="objectid">103</SimpleData>
		<SimpleData name="nombre">PORVENIR</SimpleData>
		<SimpleData name="propiedad">EDELMAG</SimpleData>
		<SimpleData name="tipo">TERMOELECTRICA</SimpleData>
		<SimpleData name="combustibl">GAS NATURAL / PETROLEO</SimpleData>
		<SimpleData name="potencia">8.94</SimpleData>
		<SimpleData name="unidades">10</SimpleData>
		<SimpleData name="rca">S/I</SimpleData>
		<SimpleData name="sist_elect">MAGALLANES</SimpleData>
		<SimpleData name="estado">EN OPERACION</SimpleData>
		<SimpleData name="f_operacio">1972</SimpleData>
		<SimpleData name="medio_gx">NO APLICA</SimpleData>
		<SimpleData name="coord_este">407963</SimpleData>
		<SimpleData name="coord_nort">4094379</SimpleData>
		<SimpleData name="datum">WGS 1984</SimpleData>
		<SimpleData name="huso">19 SUR</SimpleData>
		<SimpleData name="region">MAGALLANES</SimpleData>
		<SimpleData name="provincia">TIERRA DEL FUEGO</SimpleData>
		<SimpleData name="comuna">PORVENIR</SimpleData>
		<SimpleData name="fuente_bas">CNE</SimpleData>
		<SimpleData name="fech_crea">10/12/2014</SimpleData>
		<SimpleData name="fech_act">2018-06-30</SimpleData>
		<SimpleData name="Lat">-53.2918</SimpleData>
		<SimpleData name="Long">-70.3808</SimpleData>
	</SchemaData></ExtendedData>
      <Point><coordinates>-70.3808,-53.2918</coordinates></Point>
  </Placemark>
  <Placemark id="termoelectricas.105">
	<name>PUERTO NATALES</name>
	<ExtendedData><SchemaData schemaUrl="#termoelectricas">
		<SimpleData name="OBJECTID_1">105</SimpleData>
		<SimpleData name="gml_id">termoel_ctricas_ab7d0ebd_96b7_481f_8804_f05173a82eef.104</SimpleData>
		<SimpleData name="objectid">104</SimpleData>
		<SimpleData name="nombre">PUERTO NATALES</SimpleData>
		<SimpleData name="propiedad">EDELMAG</SimpleData>
		<SimpleData name="tipo">TERMOELECTRICA</SimpleData>
		<SimpleData name="combustibl">GAS NATURAL / PETROLEO</SimpleData>
		<SimpleData name="potencia">11.5</SimpleData>
		<SimpleData name="unidades">11</SimpleData>
		<SimpleData name="rca">S/I</SimpleData>
		<SimpleData name="sist_elect">MAGALLANES</SimpleData>
		<SimpleData name="estado">EN OPERACION</SimpleData>
		<SimpleData name="f_operacio">1961</SimpleData>
		<SimpleData name="medio_gx">NO APLICA</SimpleData>
		<SimpleData name="coord_este">259797</SimpleData>
		<SimpleData name="coord_nort">4263188</SimpleData>
		<SimpleData name="datum">WGS 1984</SimpleData>
		<SimpleData name="huso">19 SUR</SimpleData>
		<SimpleData name="region">MAGALLANES</SimpleData>
		<SimpleData name="provincia">ULTIMA ESPERANZA</SimpleData>
		<SimpleData name="comuna">PUERTO NATALES</SimpleData>
		<SimpleData name="fuente_bas">CNE</SimpleData>
		<SimpleData name="fech_crea">10/12/2014</SimpleData>
		<SimpleData name="fech_act">2018-06-30</SimpleData>
		<SimpleData name="Lat">-51.7307</SimpleData>
		<SimpleData name="Long">-72.4786</SimpleData>
	</SchemaData></ExtendedData>
      <Point><coordinates>-72.4786,-51.7307</coordinates></Point>
  </Placemark>
  <Placemark id="termoelectricas.106">
	<name>PUERTO WILLIAMS</name>
	<ExtendedData><SchemaData schemaUrl="#termoelectricas">
		<SimpleData name="OBJECTID_1">106</SimpleData>
		<SimpleData name="gml_id">termoel_ctricas_ab7d0ebd_96b7_481f_8804_f05173a82eef.105</SimpleData>
		<SimpleData name="objectid">105</SimpleData>
		<SimpleData name="nombre">PUERTO WILLIAMS</SimpleData>
		<SimpleData name="propiedad">EDELMAG</SimpleData>
		<SimpleData name="tipo">TERMOELECTRICA</SimpleData>
		<SimpleData name="combustibl">PETROLEO</SimpleData>
		<SimpleData name="potencia">2.65</SimpleData>
		<SimpleData name="unidades">6</SimpleData>
		<SimpleData name="rca">S/I</SimpleData>
		<SimpleData name="sist_elect">MAGALLANES</SimpleData>
		<SimpleData name="estado">EN OPERACION</SimpleData>
		<SimpleData name="f_operacio">2002</SimpleData>
		<SimpleData name="medio_gx">NO APLICA</SimpleData>
		<SimpleData name="coord_este">591089</SimpleData>
		<SimpleData name="coord_nort">3911720</SimpleData>
		<SimpleData name="datum">WGS 1984</SimpleData>
		<SimpleData name="huso">19 SUR</SimpleData>
		<SimpleData name="region">MAGALLANES</SimpleData>
		<SimpleData name="provincia">ANTARTICA CHILENA</SimpleData>
		<SimpleData name="comuna">CABO DE HORNOS</SimpleData>
		<SimpleData name="fuente_bas">CNE</SimpleData>
		<SimpleData name="fech_crea">10/12/2014</SimpleData>
		<SimpleData name="fech_act">2018-06-30</SimpleData>
		<SimpleData name="Lat">-54.9332</SimpleData>
		<SimpleData name="Long">-67.5783</SimpleData>
	</SchemaData></ExtendedData>
      <Point><coordinates>-67.5783,-54.9331999999999</coordinates></Point>
  </Placemark>
  <Placemark id="termoelectricas.107">
	<name>PUNITAQUI</name>
	<ExtendedData><SchemaData schemaUrl="#termoelectricas">
		<SimpleData name="OBJECTID_1">107</SimpleData>
		<SimpleData name="gml_id">termoel_ctricas_ab7d0ebd_96b7_481f_8804_f05173a82eef.106</SimpleData>
		<SimpleData name="objectid">106</SimpleData>
		<SimpleData name="nombre">PUNITAQUI</SimpleData>
		<SimpleData name="propiedad">ELEKTRAGEN</SimpleData>
		<SimpleData name="tipo">TERMOELECTRICA</SimpleData>
		<SimpleData name="combustibl">PETROLEO DIESEL</SimpleData>
		<SimpleData name="potencia">9</SimpleData>
		<SimpleData name="unidades">6</SimpleData>
		<SimpleData name="rca">22/2007</SimpleData>
		<SimpleData name="sist_elect">SEN</SimpleData>
		<SimpleData name="estado">EN OPERACION</SimpleData>
		<SimpleData name="f_operacio">2007</SimpleData>
		<SimpleData name="medio_gx">PMGD</SimpleData>
		<SimpleData name="coord_este">285760</SimpleData>
		<SimpleData name="coord_nort">6583984</SimpleData>
		<SimpleData name="datum">WGS 1984</SimpleData>
		<SimpleData name="huso">19 SUR</SimpleData>
		<SimpleData name="region">COQUIMBO</SimpleData>
		<SimpleData name="provincia">LIMARI</SimpleData>
		<SimpleData name="comuna">PUNITAQUI</SimpleData>
		<SimpleData name="fuente_bas">CNE</SimpleData>
		<SimpleData name="fech_crea">10/12/2014</SimpleData>
		<SimpleData name="fech_act">2018-06-30</SimpleData>
		<SimpleData name="Lat">-30.858</SimpleData>
		<SimpleData name="Long">-71.2406</SimpleData>
	</SchemaData></ExtendedData>
      <Point><coordinates>-71.2406,-30.8579999999999</coordinates></Point>
  </Placemark>
  <Placemark id="termoelectricas.108">
	<name>PUNTA ARENAS</name>
	<ExtendedData><SchemaData schemaUrl="#termoelectricas">
		<SimpleData name="OBJECTID_1">108</SimpleData>
		<SimpleData name="gml_id">termoel_ctricas_ab7d0ebd_96b7_481f_8804_f05173a82eef.107</SimpleData>
		<SimpleData name="objectid">107</SimpleData>
		<SimpleData name="nombre">PUNTA ARENAS</SimpleData>
		<SimpleData name="propiedad">EDELMAG</SimpleData>
		<SimpleData name="tipo">TERMOELECTRICA</SimpleData>
		<SimpleData name="combustibl">PETROLEO DIESEL / GAS NATURAL</SimpleData>
		<SimpleData name="potencia">10.9</SimpleData>
		<SimpleData name="unidades">4</SimpleData>
		<SimpleData name="rca">S/I</SimpleData>
		<SimpleData name="sist_elect">MAGALLANES</SimpleData>
		<SimpleData name="estado">EN OPERACION</SimpleData>
		<SimpleData name="f_operacio">2007</SimpleData>
		<SimpleData name="medio_gx">NO APLICA</SimpleData>
		<SimpleData name="coord_este">372494</SimpleData>
		<SimpleData name="coord_nort">4108766</SimpleData>
		<SimpleData name="datum">WGS 1984</SimpleData>
		<SimpleData name="huso">19 SUR</SimpleData>
		<SimpleData name="region">MAGALLANES</SimpleData>
		<SimpleData name="provincia">MAGALLANES</SimpleData>
		<SimpleData name="comuna">PUNTA ARENAS</SimpleData>
		<SimpleData name="fuente_bas">CNE</SimpleData>
		<SimpleData name="fech_crea">10/12/2014</SimpleData>
		<SimpleData name="fech_act">2018-06-30</SimpleData>
		<SimpleData name="Lat">-53.1552</SimpleData>
		<SimpleData name="Long">-70.9069</SimpleData>
	</SchemaData></ExtendedData>
      <Point><coordinates>-70.9069,-53.1552</coordinates></Point>
  </Placemark>
  <Placemark id="termoelectricas.109">
	<name>PUNTA COLORADA</name>
	<ExtendedData><SchemaData schemaUrl="#termoelectricas">
		<SimpleData name="OBJECTID_1">109</SimpleData>
		<SimpleData name="gml_id">termoel_ctricas_ab7d0ebd_96b7_481f_8804_f05173a82eef.108</SimpleData>
		<SimpleData name="objectid">108</SimpleData>
		<SimpleData name="nombre">PUNTA COLORADA</SimpleData>
		<SimpleData name="propiedad">CIA. BARRICK CHILE GENERACION LTDA</SimpleData>
		<SimpleData name="tipo">TERMOELECTRICA</SimpleData>
		<SimpleData name="combustibl">PETROLEO DIESEL</SimpleData>
		<SimpleData name="potencia">17</SimpleData>
		<SimpleData name="unidades">1</SimpleData>
		<SimpleData name="rca">39387</SimpleData>
		<SimpleData name="sist_elect">SEN</SimpleData>
		<SimpleData name="estado">EN OPERACION</SimpleData>
		<SimpleData name="f_operacio">2010</SimpleData>
		<SimpleData name="medio_gx">NO APLICA</SimpleData>
		<SimpleData name="coord_este">301710</SimpleData>
		<SimpleData name="coord_nort">6749641</SimpleData>
		<SimpleData name="datum">WGS 1984</SimpleData>
		<SimpleData name="huso">19 SUR</SimpleData>
		<SimpleData name="region">COQUIMBO</SimpleData>
		<SimpleData name="provincia">ELQUI</SimpleData>
		<SimpleData name="comuna">LA HIGUERA</SimpleData>
		<SimpleData name="fuente_bas">CNE</SimpleData>
		<SimpleData name="fech_crea">10/12/2014</SimpleData>
		<SimpleData name="fech_act">2018-06-30</SimpleData>
		<SimpleData name="Lat">-29.3668</SimpleData>
		<SimpleData name="Long">-71.0429</SimpleData>
	</SchemaData></ExtendedData>
      <Point><coordinates>-71.0429,-29.3668</coordinates></Point>
  </Placemark>
  <Placemark id="termoelectricas.110">
	<name>PUYUHUAPI</name>
	<ExtendedData><SchemaData schemaUrl="#termoelectricas">
		<SimpleData name="OBJECTID_1">110</SimpleData>
		<SimpleData name="gml_id">termoel_ctricas_ab7d0ebd_96b7_481f_8804_f05173a82eef.109</SimpleData>
		<SimpleData name="objectid">109</SimpleData>
		<SimpleData name="nombre">PUYUHUAPI</SimpleData>
		<SimpleData name="propiedad">EDELAYSEN</SimpleData>
		<SimpleData name="tipo">TERMOELECTRICA</SimpleData>
		<SimpleData name="combustibl">PETROLEO DIESEL</SimpleData>
		<SimpleData name="potencia">0.29</SimpleData>
		<SimpleData name="unidades">1</SimpleData>
		<SimpleData name="rca">S/I</SimpleData>
		<SimpleData name="sist_elect">AYSEN</SimpleData>
		<SimpleData name="estado">EN OPERACION</SimpleData>
		<SimpleData name="f_operacio">2008</SimpleData>
		<SimpleData name="medio_gx">NO APLICA</SimpleData>
		<SimpleData name="coord_este">216178</SimpleData>
		<SimpleData name="coord_nort">5086487</SimpleData>
		<SimpleData name="datum">WGS 1984</SimpleData>
		<SimpleData name="huso">19 SUR</SimpleData>
		<SimpleData name="region">AYSEN</SimpleData>
		<SimpleData name="provincia">AYSEN</SimpleData>
		<SimpleData name="comuna">CISNES</SimpleData>
		<SimpleData name="fuente_bas">CNE</SimpleData>
		<SimpleData name="fech_crea">10/12/2014</SimpleData>
		<SimpleData name="fech_act">2018-06-30</SimpleData>
		<SimpleData name="Lat">-44.3194</SimpleData>
		<SimpleData name="Long">-72.5592</SimpleData>
	</SchemaData></ExtendedData>
      <Point><coordinates>-72.5592,-44.3194</coordinates></Point>
  </Placemark>
  <Placemark id="termoelectricas.111">
	<name>QUELLON II</name>
	<ExtendedData><SchemaData schemaUrl="#termoelectricas">
		<SimpleData name="OBJECTID_1">111</SimpleData>
		<SimpleData name="gml_id">termoel_ctricas_ab7d0ebd_96b7_481f_8804_f05173a82eef.110</SimpleData>
		<SimpleData name="objectid">110</SimpleData>
		<SimpleData name="nombre">QUELLON II</SimpleData>
		<SimpleData name="propiedad">SAGESA</SimpleData>
		<SimpleData name="tipo">TERMOELECTRICA</SimpleData>
		<SimpleData name="combustibl">PETROLEO DIESEL</SimpleData>
		<SimpleData name="potencia">7</SimpleData>
		<SimpleData name="unidades">4</SimpleData>
		<SimpleData name="rca">143/2008</SimpleData>
		<SimpleData name="sist_elect">SEN</SimpleData>
		<SimpleData name="estado">EN OPERACION</SimpleData>
		<SimpleData name="f_operacio">2008</SimpleData>
		<SimpleData name="medio_gx">NO APLICA</SimpleData>
		<SimpleData name="coord_este">124426</SimpleData>
		<SimpleData name="coord_nort">5218699</SimpleData>
		<SimpleData name="datum">WGS 1984</SimpleData>
		<SimpleData name="huso">19 SUR</SimpleData>
		<SimpleData name="region">LOS LAGOS</SimpleData>
		<SimpleData name="provincia">CHILOE</SimpleData>
		<SimpleData name="comuna">QUELLON</SimpleData>
		<SimpleData name="fuente_bas">CNE</SimpleData>
		<SimpleData name="fech_crea">10/12/2014</SimpleData>
		<SimpleData name="fech_act">2018-06-30</SimpleData>
		<SimpleData name="Lat">-43.0913</SimpleData>
		<SimpleData name="Long">-73.6143</SimpleData>
	</SchemaData></ExtendedData>
      <Point><coordinates>-73.6143,-43.0912999999999</coordinates></Point>
  </Placemark>
  <Placemark id="termoelectricas.112">
	<name>QUINTAY</name>
	<ExtendedData><SchemaData schemaUrl="#termoelectricas">
		<SimpleData name="OBJECTID_1">112</SimpleData>
		<SimpleData name="gml_id">termoel_ctricas_ab7d0ebd_96b7_481f_8804_f05173a82eef.111</SimpleData>
		<SimpleData name="objectid">111</SimpleData>
		<SimpleData name="nombre">QUINTAY</SimpleData>
		<SimpleData name="propiedad">TECNORED</SimpleData>
		<SimpleData name="tipo">TERMOELECTRICA</SimpleData>
		<SimpleData name="combustibl">PETROLEO DIESEL</SimpleData>
		<SimpleData name="potencia">3</SimpleData>
		<SimpleData name="unidades">3</SimpleData>
		<SimpleData name="rca">S/I</SimpleData>
		<SimpleData name="sist_elect">SEN</SimpleData>
		<SimpleData name="estado">EN OPERACION</SimpleData>
		<SimpleData name="f_operacio">2008</SimpleData>
		<SimpleData name="medio_gx">PMG</SimpleData>
		<SimpleData name="coord_este">252117</SimpleData>
		<SimpleData name="coord_nort">6323307</SimpleData>
		<SimpleData name="datum">WGS 1984</SimpleData>
		<SimpleData name="huso">19 SUR</SimpleData>
		<SimpleData name="region">VALPARAISO</SimpleData>
		<SimpleData name="provincia">VALPARAISO</SimpleData>
		<SimpleData name="comuna">CASABLANCA</SimpleData>
		<SimpleData name="fuente_bas">CNE</SimpleData>
		<SimpleData name="fech_crea">10/12/2014</SimpleData>
		<SimpleData name="fech_act">2018-06-30</SimpleData>
		<SimpleData name="Lat">-33.2007</SimpleData>
		<SimpleData name="Long">-71.6592</SimpleData>
	</SchemaData></ExtendedData>
      <Point><coordinates>-71.6591999999999,-33.2007</coordinates></Point>
  </Placemark>
  <Placemark id="termoelectricas.113">
	<name>QUINTERO (U1 Y U2)</name>
	<ExtendedData><SchemaData schemaUrl="#termoelectricas">
		<SimpleData name="OBJECTID_1">113</SimpleData>
		<SimpleData name="gml_id">termoel_ctricas_ab7d0ebd_96b7_481f_8804_f05173a82eef.112</SimpleData>
		<SimpleData name="objectid">112</SimpleData>
		<SimpleData name="nombre">QUINTERO (U1 Y U2)</SimpleData>
		<SimpleData name="propiedad">ENDESA</SimpleData>
		<SimpleData name="tipo">TERMOELECTRICA</SimpleData>
		<SimpleData name="combustibl">PETROLEO DIESEL</SimpleData>
		<SimpleData name="potencia">257</SimpleData>
		<SimpleData name="unidades">2</SimpleData>
		<SimpleData name="rca">922/2008</SimpleData>
		<SimpleData name="sist_elect">SEN</SimpleData>
		<SimpleData name="estado">EN OPERACION</SimpleData>
		<SimpleData name="f_operacio">2009</SimpleData>
		<SimpleData name="medio_gx">NO APLICA</SimpleData>
		<SimpleData name="coord_este">267192</SimpleData>
		<SimpleData name="coord_nort">6369519</SimpleData>
		<SimpleData name="datum">WGS 1984</SimpleData>
		<SimpleData name="huso">19 SUR</SimpleData>
		<SimpleData name="region">VALPARAISO</SimpleData>
		<SimpleData name="provincia">VALPARAISO</SimpleData>
		<SimpleData name="comuna">QUINTERO</SimpleData>
		<SimpleData name="fuente_bas">CNE</SimpleData>
		<SimpleData name="fech_crea">10/12/2014</SimpleData>
		<SimpleData name="fech_act">2018-06-30</SimpleData>
		<SimpleData name="Lat">-32.7876</SimpleData>
		<SimpleData name="Long">-71.4859</SimpleData>
	</SchemaData></ExtendedData>
      <Point><coordinates>-71.4859,-32.7875999999999</coordinates></Point>
  </Placemark>
  <Placemark id="termoelectricas.114">
	<name>RENCA</name>
	<ExtendedData><SchemaData schemaUrl="#termoelectricas">
		<SimpleData name="OBJECTID_1">114</SimpleData>
		<SimpleData name="gml_id">termoel_ctricas_ab7d0ebd_96b7_481f_8804_f05173a82eef.113</SimpleData>
		<SimpleData name="objectid">113</SimpleData>
		<SimpleData name="nombre">RENCA</SimpleData>
		<SimpleData name="propiedad">ELECTRICA SANTIAGO</SimpleData>
		<SimpleData name="tipo">TERMOELECTRICA</SimpleData>
		<SimpleData name="combustibl">PETROLEO DIESEL</SimpleData>
		<SimpleData name="potencia">100</SimpleData>
		<SimpleData name="unidades">2</SimpleData>
		<SimpleData name="rca">07/1996-123/2003-323/2005-173/2010</SimpleData>
		<SimpleData name="sist_elect">SEN</SimpleData>
		<SimpleData name="estado">EN OPERACION</SimpleData>
		<SimpleData name="f_operacio">1962</SimpleData>
		<SimpleData name="medio_gx">NO APLICA</SimpleData>
		<SimpleData name="coord_este">342998</SimpleData>
		<SimpleData name="coord_nort">6301176</SimpleData>
		<SimpleData name="datum">WGS 1984</SimpleData>
		<SimpleData name="huso">19 SUR</SimpleData>
		<SimpleData name="region">METROPOLITANA</SimpleData>
		<SimpleData name="provincia">SANTIAGO</SimpleData>
		<SimpleData name="comuna">RENCA</SimpleData>
		<SimpleData name="fuente_bas">CNE</SimpleData>
		<SimpleData name="fech_crea">10/12/2014</SimpleData>
		<SimpleData name="fech_act">2018-06-30</SimpleData>
		<SimpleData name="Lat">-33.4173</SimpleData>
		<SimpleData name="Long">-70.6886</SimpleData>
	</SchemaData></ExtendedData>
      <Point><coordinates>-70.6886,-33.4173</coordinates></Point>
  </Placemark>
  <Placemark id="termoelectricas.115">
	<name>REY</name>
	<ExtendedData><SchemaData schemaUrl="#termoelectricas">
		<SimpleData name="OBJECTID_1">115</SimpleData>
		<SimpleData name="gml_id">termoel_ctricas_ab7d0ebd_96b7_481f_8804_f05173a82eef.114</SimpleData>
		<SimpleData name="objectid">114</SimpleData>
		<SimpleData name="nombre">REY</SimpleData>
		<SimpleData name="propiedad">SAGESA</SimpleData>
		<SimpleData name="tipo">TERMOELECTRICA</SimpleData>
		<SimpleData name="combustibl">PETROLEO DIESEL</SimpleData>
		<SimpleData name="potencia">0.8</SimpleData>
		<SimpleData name="unidades">1</SimpleData>
		<SimpleData name="rca">S/I</SimpleData>
		<SimpleData name="sist_elect">SEN</SimpleData>
		<SimpleData name="estado">EN OPERACION</SimpleData>
		<SimpleData name="f_operacio">2016</SimpleData>
		<SimpleData name="medio_gx">NO APLICA</SimpleData>
		<SimpleData name="coord_este">122258</SimpleData>
		<SimpleData name="coord_nort">5574356</SimpleData>
		<SimpleData name="datum">WGS 1984</SimpleData>
		<SimpleData name="huso">19 SUR</SimpleData>
		<SimpleData name="region">LOS RIOS</SimpleData>
		<SimpleData name="provincia">VALDIVIA</SimpleData>
		<SimpleData name="comuna">CORRAL</SimpleData>
		<SimpleData name="fuente_bas">CNE</SimpleData>
		<SimpleData name="fech_crea">10/12/2014</SimpleData>
		<SimpleData name="fech_act">2018-06-30</SimpleData>
		<SimpleData name="Lat">-39.8967</SimpleData>
		<SimpleData name="Long">-73.4179</SimpleData>
	</SchemaData></ExtendedData>
      <Point><coordinates>-73.4179,-39.8967</coordinates></Point>
  </Placemark>
  <Placemark id="termoelectricas.116">
	<name>SALMOFOOD I</name>
	<ExtendedData><SchemaData schemaUrl="#termoelectricas">
		<SimpleData name="OBJECTID_1">116</SimpleData>
		<SimpleData name="gml_id">termoel_ctricas_ab7d0ebd_96b7_481f_8804_f05173a82eef.115</SimpleData>
		<SimpleData name="objectid">115</SimpleData>
		<SimpleData name="nombre">SALMOFOOD I</SimpleData>
		<SimpleData name="propiedad">SAGESA</SimpleData>
		<SimpleData name="tipo">TERMOELECTRICA</SimpleData>
		<SimpleData name="combustibl">PETROLEO DIESEL</SimpleData>
		<SimpleData name="potencia">1.6</SimpleData>
		<SimpleData name="unidades">1</SimpleData>
		<SimpleData name="rca">S/I</SimpleData>
		<SimpleData name="sist_elect">SEN</SimpleData>
		<SimpleData name="estado">EN OPERACION</SimpleData>
		<SimpleData name="f_operacio">2017</SimpleData>
		<SimpleData name="medio_gx">PMGD</SimpleData>
		<SimpleData name="coord_este">107865</SimpleData>
		<SimpleData name="coord_nort">5297698</SimpleData>
		<SimpleData name="datum">WGS 1984</SimpleData>
		<SimpleData name="huso">19 SUR</SimpleData>
		<SimpleData name="region">LOS LAGOS</SimpleData>
		<SimpleData name="provincia">CHILOE</SimpleData>
		<SimpleData name="comuna">CASTRO</SimpleData>
		<SimpleData name="fuente_bas">CNE</SimpleData>
		<SimpleData name="fech_crea">10/12/2014</SimpleData>
		<SimpleData name="fech_act">2018-06-30</SimpleData>
		<SimpleData name="Lat">-42.374</SimpleData>
		<SimpleData name="Long">-73.7624</SimpleData>
	</SchemaData></ExtendedData>
      <Point><coordinates>-73.7624,-42.374</coordinates></Point>
  </Placemark>
  <Placemark id="termoelectricas.117">
	<name>SALMOFOOD II</name>
	<ExtendedData><SchemaData schemaUrl="#termoelectricas">
		<SimpleData name="OBJECTID_1">117</SimpleData>
		<SimpleData name="gml_id">termoel_ctricas_ab7d0ebd_96b7_481f_8804_f05173a82eef.116</SimpleData>
		<SimpleData name="objectid">116</SimpleData>
		<SimpleData name="nombre">SALMOFOOD II</SimpleData>
		<SimpleData name="propiedad">SAGESA</SimpleData>
		<SimpleData name="tipo">TERMOELECTRICA</SimpleData>
		<SimpleData name="combustibl">PETROLEO DIESEL</SimpleData>
		<SimpleData name="potencia">1.6</SimpleData>
		<SimpleData name="unidades">2</SimpleData>
		<SimpleData name="rca">S/I</SimpleData>
		<SimpleData name="sist_elect">SEN</SimpleData>
		<SimpleData name="estado">EN OPERACION</SimpleData>
		<SimpleData name="f_operacio">2017</SimpleData>
		<SimpleData name="medio_gx">PMGD</SimpleData>
		<SimpleData name="coord_este">107866</SimpleData>
		<SimpleData name="coord_nort">5297473</SimpleData>
		<SimpleData name="datum">WGS 1984</SimpleData>
		<SimpleData name="huso">19 SUR</SimpleData>
		<SimpleData name="region">LOS LAGOS</SimpleData>
		<SimpleData name="provincia">CHILOE</SimpleData>
		<SimpleData name="comuna">CASTRO</SimpleData>
		<SimpleData name="fuente_bas">CNE</SimpleData>
		<SimpleData name="fech_crea">10/12/2014</SimpleData>
		<SimpleData name="fech_act">2018-06-30</SimpleData>
		<SimpleData name="Lat">-42.376</SimpleData>
		<SimpleData name="Long">-73.7625</SimpleData>
	</SchemaData></ExtendedData>
      <Point><coordinates>-73.7625,-42.376</coordinates></Point>
  </Placemark>
  <Placemark id="termoelectricas.118">
	<name>SAN GREGORIO</name>
	<ExtendedData><SchemaData schemaUrl="#termoelectricas">
		<SimpleData name="OBJECTID_1">118</SimpleData>
		<SimpleData name="gml_id">termoel_ctricas_ab7d0ebd_96b7_481f_8804_f05173a82eef.117</SimpleData>
		<SimpleData name="objectid">117</SimpleData>
		<SimpleData name="nombre">SAN GREGORIO</SimpleData>
		<SimpleData name="propiedad">TECNORED</SimpleData>
		<SimpleData name="tipo">TERMOELECTRICA</SimpleData>
		<SimpleData name="combustibl">PETROLEO DIESEL</SimpleData>
		<SimpleData name="potencia">0.5</SimpleData>
		<SimpleData name="unidades">1</SimpleData>
		<SimpleData name="rca">S/I</SimpleData>
		<SimpleData name="sist_elect">SEN</SimpleData>
		<SimpleData name="estado">EN OPERACION</SimpleData>
		<SimpleData name="f_operacio">2009</SimpleData>
		<SimpleData name="medio_gx">PMG</SimpleData>
		<SimpleData name="coord_este">246817</SimpleData>
		<SimpleData name="coord_nort">5981439</SimpleData>
		<SimpleData name="datum">WGS 1984</SimpleData>
		<SimpleData name="huso">19 SUR</SimpleData>
		<SimpleData name="region">BIOBIO</SimpleData>
		<SimpleData name="provincia">NUBLE</SimpleData>
		<SimpleData name="comuna">NIQUEN</SimpleData>
		<SimpleData name="fuente_bas">CNE</SimpleData>
		<SimpleData name="fech_crea">10/12/2014</SimpleData>
		<SimpleData name="fech_act">2018-06-30</SimpleData>
		<SimpleData name="Lat">-36.2788</SimpleData>
		<SimpleData name="Long">-71.8188</SimpleData>
	</SchemaData></ExtendedData>
      <Point><coordinates>-71.8188,-36.2787999999999</coordinates></Point>
  </Placemark>
  <Placemark id="termoelectricas.119">
	<name>SAN ISIDRO I</name>
	<ExtendedData><SchemaData schemaUrl="#termoelectricas">
		<SimpleData name="OBJECTID_1">119</SimpleData>
		<SimpleData name="gml_id">termoel_ctricas_ab7d0ebd_96b7_481f_8804_f05173a82eef.118</SimpleData>
		<SimpleData name="objectid">118</SimpleData>
		<SimpleData name="nombre">SAN ISIDRO I</SimpleData>
		<SimpleData name="propiedad">ENDESA</SimpleData>
		<SimpleData name="tipo">TERMOELECTRICA</SimpleData>
		<SimpleData name="combustibl">GAS NATURAL</SimpleData>
		<SimpleData name="potencia">379</SimpleData>
		<SimpleData name="unidades">1</SimpleData>
		<SimpleData name="rca">36/2007</SimpleData>
		<SimpleData name="sist_elect">SEN</SimpleData>
		<SimpleData name="estado">EN OPERACION</SimpleData>
		<SimpleData name="f_operacio">1998</SimpleData>
		<SimpleData name="medio_gx">NO APLICA</SimpleData>
		<SimpleData name="coord_este">283484</SimpleData>
		<SimpleData name="coord_nort">6353348</SimpleData>
		<SimpleData name="datum">WGS 1984</SimpleData>
		<SimpleData name="huso">19 SUR</SimpleData>
		<SimpleData name="region">VALPARAISO</SimpleData>
		<SimpleData name="provincia">QUILLOTA</SimpleData>
		<SimpleData name="comuna">QUILLOTA</SimpleData>
		<SimpleData name="fuente_bas">CNE</SimpleData>
		<SimpleData name="fech_crea">10/12/2014</SimpleData>
		<SimpleData name="fech_act">2018-06-30</SimpleData>
		<SimpleData name="Lat">-32.9367</SimpleData>
		<SimpleData name="Long">-71.3159</SimpleData>
	</SchemaData></ExtendedData>
      <Point><coordinates>-71.3158999999999,-32.9367</coordinates></Point>
  </Placemark>
  <Placemark id="termoelectricas.120">
	<name>SAN ISIDRO II CA</name>
	<ExtendedData><SchemaData schemaUrl="#termoelectricas">
		<SimpleData name="OBJECTID_1">120</SimpleData>
		<SimpleData name="gml_id">termoel_ctricas_ab7d0ebd_96b7_481f_8804_f05173a82eef.119</SimpleData>
		<SimpleData name="objectid">119</SimpleData>
		<SimpleData name="nombre">SAN ISIDRO II CA</SimpleData>
		<SimpleData name="propiedad">EMPRESA NACIONAL DE ELECTRICIDAD S.A.</SimpleData>
		<SimpleData name="tipo">TERMOELECTRICA</SimpleData>
		<SimpleData name="combustibl">GNL</SimpleData>
		<SimpleData name="potencia">244.4</SimpleData>
		<SimpleData name="unidades">1</SimpleData>
		<SimpleData name="rca">S/I</SimpleData>
		<SimpleData name="sist_elect">SEN</SimpleData>
		<SimpleData name="estado">EN OPERACION</SimpleData>
		<SimpleData name="f_operacio">2007</SimpleData>
		<SimpleData name="medio_gx">NO APLICA</SimpleData>
		<SimpleData name="coord_este">283629</SimpleData>
		<SimpleData name="coord_nort">6353440</SimpleData>
		<SimpleData name="datum">WGS 1984</SimpleData>
		<SimpleData name="huso">19 SUR</SimpleData>
		<SimpleData name="region">VALPARAISO</SimpleData>
		<SimpleData name="provincia">QUILLOTA</SimpleData>
		<SimpleData name="comuna">QUILLOTA</SimpleData>
		<SimpleData name="fuente_bas">CNE</SimpleData>
		<SimpleData name="fech_crea">10/12/2014</SimpleData>
		<SimpleData name="fech_act">2018-06-30</SimpleData>
		<SimpleData name="Lat">-32.9359</SimpleData>
		<SimpleData name="Long">-71.3143</SimpleData>
	</SchemaData></ExtendedData>
      <Point><coordinates>-71.3142999999999,-32.9358999999999</coordinates></Point>
  </Placemark>
  <Placemark id="termoelectricas.121">
	<name>SAN ISIDRO II CC</name>
	<ExtendedData><SchemaData schemaUrl="#termoelectricas">
		<SimpleData name="OBJECTID_1">121</SimpleData>
		<SimpleData name="gml_id">termoel_ctricas_ab7d0ebd_96b7_481f_8804_f05173a82eef.120</SimpleData>
		<SimpleData name="objectid">120</SimpleData>
		<SimpleData name="nombre">SAN ISIDRO II CC</SimpleData>
		<SimpleData name="propiedad">EMPRESA NACIONAL DE ELECTRICIDAD S.A.</SimpleData>
		<SimpleData name="tipo">TERMOELECTRICA</SimpleData>
		<SimpleData name="combustibl">GNL</SimpleData>
		<SimpleData name="potencia">399</SimpleData>
		<SimpleData name="unidades">1</SimpleData>
		<SimpleData name="rca">164/2004-340/2005</SimpleData>
		<SimpleData name="sist_elect">SEN</SimpleData>
		<SimpleData name="estado">EN OPERACION</SimpleData>
		<SimpleData name="f_operacio">2008</SimpleData>
		<SimpleData name="medio_gx">NO APLICA</SimpleData>
		<SimpleData name="coord_este">283629</SimpleData>
		<SimpleData name="coord_nort">6353440</SimpleData>
		<SimpleData name="datum">WGS 1984</SimpleData>
		<SimpleData name="huso">19 SUR</SimpleData>
		<SimpleData name="region">VALPARAISO</SimpleData>
		<SimpleData name="provincia">QUILLOTA</SimpleData>
		<SimpleData name="comuna">QUILLOTA</SimpleData>
		<SimpleData name="fuente_bas">CNE</SimpleData>
		<SimpleData name="fech_crea">10/12/2014</SimpleData>
		<SimpleData name="fech_act">2018-06-30</SimpleData>
		<SimpleData name="Lat">-32.9359</SimpleData>
		<SimpleData name="Long">-71.3143</SimpleData>
	</SchemaData></ExtendedData>
      <Point><coordinates>-71.3142999999999,-32.9358999999999</coordinates></Point>
  </Placemark>
  <Placemark id="termoelectricas.122">
	<name>SAN LORENZO DE DIEGO DE ALMAGRO (U1-U2-U3)</name>
	<ExtendedData><SchemaData schemaUrl="#termoelectricas">
		<SimpleData name="OBJECTID_1">122</SimpleData>
		<SimpleData name="gml_id">termoel_ctricas_ab7d0ebd_96b7_481f_8804_f05173a82eef.121</SimpleData>
		<SimpleData name="objectid">121</SimpleData>
		<SimpleData name="nombre">SAN LORENZO DE DIEGO DE ALMAGRO (U1-U2-U3)</SimpleData>
		<SimpleData name="propiedad">ENLASA</SimpleData>
		<SimpleData name="tipo">TERMOELECTRICA</SimpleData>
		<SimpleData name="combustibl">PETROLEO DIESEL</SimpleData>
		<SimpleData name="potencia">62.2</SimpleData>
		<SimpleData name="unidades">3</SimpleData>
		<SimpleData name="rca">161/2008</SimpleData>
		<SimpleData name="sist_elect">SEN</SimpleData>
		<SimpleData name="estado">EN OPERACION</SimpleData>
		<SimpleData name="f_operacio">2008</SimpleData>
		<SimpleData name="medio_gx">NO APLICA</SimpleData>
		<SimpleData name="coord_este">396474</SimpleData>
		<SimpleData name="coord_nort">7079561</SimpleData>
		<SimpleData name="datum">WGS 1984</SimpleData>
		<SimpleData name="huso">19 SUR</SimpleData>
		<SimpleData name="region">ATACAMA</SimpleData>
		<SimpleData name="provincia">CHANARAL</SimpleData>
		<SimpleData name="comuna">DIEGO DE ALMAGRO</SimpleData>
		<SimpleData name="fuente_bas">CNE</SimpleData>
		<SimpleData name="fech_crea">10/12/2014</SimpleData>
		<SimpleData name="fech_act">2018-06-30</SimpleData>
		<SimpleData name="Lat">-26.4004</SimpleData>
		<SimpleData name="Long">-70.038</SimpleData>
	</SchemaData></ExtendedData>
      <Point><coordinates>-70.038,-26.4003999999999</coordinates></Point>
  </Placemark>
  <Placemark id="termoelectricas.123">
	<name>SANTA BARBARA</name>
	<ExtendedData><SchemaData schemaUrl="#termoelectricas">
		<SimpleData name="OBJECTID_1">123</SimpleData>
		<SimpleData name="gml_id">termoel_ctricas_ab7d0ebd_96b7_481f_8804_f05173a82eef.122</SimpleData>
		<SimpleData name="objectid">122</SimpleData>
		<SimpleData name="nombre">SANTA BARBARA</SimpleData>
		<SimpleData name="propiedad">EDELAYSEN</SimpleData>
		<SimpleData name="tipo">TERMOELECTRICA</SimpleData>
		<SimpleData name="combustibl">PETROLEO DIESEL</SimpleData>
		<SimpleData name="potencia">0.578</SimpleData>
		<SimpleData name="unidades">3</SimpleData>
		<SimpleData name="rca">S/I</SimpleData>
		<SimpleData name="sist_elect">AYSEN</SimpleData>
		<SimpleData name="estado">EN OPERACION</SimpleData>
		<SimpleData name="f_operacio">2005</SimpleData>
		<SimpleData name="medio_gx">NO APLICA</SimpleData>
		<SimpleData name="coord_este">189530</SimpleData>
		<SimpleData name="coord_nort">5248883</SimpleData>
		<SimpleData name="datum">WGS 1984</SimpleData>
		<SimpleData name="huso">19 SUR</SimpleData>
		<SimpleData name="region">LOS LAGOS</SimpleData>
		<SimpleData name="provincia">PALENA</SimpleData>
		<SimpleData name="comuna">CHAITEN</SimpleData>
		<SimpleData name="fuente_bas">CNE</SimpleData>
		<SimpleData name="fech_crea">10/12/2014</SimpleData>
		<SimpleData name="fech_act">2018-06-30</SimpleData>
		<SimpleData name="Lat">-42.8496</SimpleData>
		<SimpleData name="Long">-72.7996</SimpleData>
	</SchemaData></ExtendedData>
      <Point><coordinates>-72.7995999999999,-42.8496</coordinates></Point>
  </Placemark>
  <Placemark id="termoelectricas.124">
	<name>SANTA BARBARA PROVISORIO</name>
	<ExtendedData><SchemaData schemaUrl="#termoelectricas">
		<SimpleData name="OBJECTID_1">124</SimpleData>
		<SimpleData name="gml_id">termoel_ctricas_ab7d0ebd_96b7_481f_8804_f05173a82eef.123</SimpleData>
		<SimpleData name="objectid">123</SimpleData>
		<SimpleData name="nombre">SANTA BARBARA PROVISORIO</SimpleData>
		<SimpleData name="propiedad">EDELAYSEN</SimpleData>
		<SimpleData name="tipo">TERMOELECTRICA</SimpleData>
		<SimpleData name="combustibl">PETROLEO DIESEL</SimpleData>
		<SimpleData name="potencia">0.5</SimpleData>
		<SimpleData name="unidades">2</SimpleData>
		<SimpleData name="rca">S/I</SimpleData>
		<SimpleData name="sist_elect">PALENA</SimpleData>
		<SimpleData name="estado">EN OPERACION</SimpleData>
		<SimpleData name="f_operacio">2017</SimpleData>
		<SimpleData name="medio_gx">NO APLICA</SimpleData>
		<SimpleData name="coord_este">189530</SimpleData>
		<SimpleData name="coord_nort">5248883</SimpleData>
		<SimpleData name="datum">WGS 1984</SimpleData>
		<SimpleData name="huso">19 SUR</SimpleData>
		<SimpleData name="region">LOS LAGOS</SimpleData>
		<SimpleData name="provincia">PALENA</SimpleData>
		<SimpleData name="comuna">CHAITEN</SimpleData>
		<SimpleData name="fuente_bas">CNE</SimpleData>
		<SimpleData name="fech_crea">S/I</SimpleData>
		<SimpleData name="fech_act">2018-06-30</SimpleData>
		<SimpleData name="Lat">-42.8496</SimpleData>
		<SimpleData name="Long">-72.7996</SimpleData>
	</SchemaData></ExtendedData>
      <Point><coordinates>-72.7995999999999,-42.8496</coordinates></Point>
  </Placemark>
  <Placemark id="termoelectricas.125">
	<name>SANTA LIDIA</name>
	<ExtendedData><SchemaData schemaUrl="#termoelectricas">
		<SimpleData name="OBJECTID_1">125</SimpleData>
		<SimpleData name="gml_id">termoel_ctricas_ab7d0ebd_96b7_481f_8804_f05173a82eef.124</SimpleData>
		<SimpleData name="objectid">124</SimpleData>
		<SimpleData name="nombre">SANTA LIDIA</SimpleData>
		<SimpleData name="propiedad">AES GENER S.A.</SimpleData>
		<SimpleData name="tipo">TERMOELECTRICA</SimpleData>
		<SimpleData name="combustibl">PETROLEO DIESEL</SimpleData>
		<SimpleData name="potencia">139</SimpleData>
		<SimpleData name="unidades">1</SimpleData>
		<SimpleData name="rca">345/2007</SimpleData>
		<SimpleData name="sist_elect">SEN</SimpleData>
		<SimpleData name="estado">EN OPERACION</SimpleData>
		<SimpleData name="f_operacio">2009</SimpleData>
		<SimpleData name="medio_gx">NO APLICA</SimpleData>
		<SimpleData name="coord_este">205230</SimpleData>
		<SimpleData name="coord_nort">5889659</SimpleData>
		<SimpleData name="datum">WGS 1984</SimpleData>
		<SimpleData name="huso">19 SUR</SimpleData>
		<SimpleData name="region">BIOBIO</SimpleData>
		<SimpleData name="provincia">BIOBIO</SimpleData>
		<SimpleData name="comuna">CABRERO</SimpleData>
		<SimpleData name="fuente_bas">CNE</SimpleData>
		<SimpleData name="fech_crea">10/12/2014</SimpleData>
		<SimpleData name="fech_act">2018-06-30</SimpleData>
		<SimpleData name="Lat">-37.093</SimpleData>
		<SimpleData name="Long">-72.3164</SimpleData>
	</SchemaData></ExtendedData>
      <Point><coordinates>-72.3164,-37.093</coordinates></Point>
  </Placemark>
  <Placemark id="termoelectricas.126">
	<name>SANTA MARIA</name>
	<ExtendedData><SchemaData schemaUrl="#termoelectricas">
		<SimpleData name="OBJECTID_1">126</SimpleData>
		<SimpleData name="gml_id">termoel_ctricas_ab7d0ebd_96b7_481f_8804_f05173a82eef.125</SimpleData>
		<SimpleData name="objectid">125</SimpleData>
		<SimpleData name="nombre">SANTA MARIA</SimpleData>
		<SimpleData name="propiedad">COLBUN S.A.</SimpleData>
		<SimpleData name="tipo">TERMOELECTRICA</SimpleData>
		<SimpleData name="combustibl">CARBON</SimpleData>
		<SimpleData name="potencia">370</SimpleData>
		<SimpleData name="unidades">1</SimpleData>
		<SimpleData name="rca">176/2007</SimpleData>
		<SimpleData name="sist_elect">SEN</SimpleData>
		<SimpleData name="estado">EN OPERACION</SimpleData>
		<SimpleData name="f_operacio">2012</SimpleData>
		<SimpleData name="medio_gx">NO APLICA</SimpleData>
		<SimpleData name="coord_este">132641</SimpleData>
		<SimpleData name="coord_nort">5892484</SimpleData>
		<SimpleData name="datum">WGS 1984</SimpleData>
		<SimpleData name="huso">19 SUR</SimpleData>
		<SimpleData name="region">BIOBIO</SimpleData>
		<SimpleData name="provincia">CONCEPCION</SimpleData>
		<SimpleData name="comuna">CORONEL</SimpleData>
		<SimpleData name="fuente_bas">CNE</SimpleData>
		<SimpleData name="fech_crea">10/12/2014</SimpleData>
		<SimpleData name="fech_act">2018-06-30</SimpleData>
		<SimpleData name="Lat">-37.042</SimpleData>
		<SimpleData name="Long">-73.13</SimpleData>
	</SchemaData></ExtendedData>
      <Point><coordinates>-73.1299999999999,-37.042</coordinates></Point>
  </Placemark>
  <Placemark id="termoelectricas.127">
	<name>SKRETTING</name>
	<ExtendedData><SchemaData schemaUrl="#termoelectricas">
		<SimpleData name="OBJECTID_1">127</SimpleData>
		<SimpleData name="gml_id">termoel_ctricas_ab7d0ebd_96b7_481f_8804_f05173a82eef.126</SimpleData>
		<SimpleData name="objectid">126</SimpleData>
		<SimpleData name="nombre">SKRETTING</SimpleData>
		<SimpleData name="propiedad">NUTRECO</SimpleData>
		<SimpleData name="tipo">TERMOELECTRICA</SimpleData>
		<SimpleData name="combustibl">PETROLEO DIESEL</SimpleData>
		<SimpleData name="potencia">2.7</SimpleData>
		<SimpleData name="unidades">2</SimpleData>
		<SimpleData name="rca">S/I</SimpleData>
		<SimpleData name="sist_elect">SEN</SimpleData>
		<SimpleData name="estado">EN OPERACION</SimpleData>
		<SimpleData name="f_operacio">2008</SimpleData>
		<SimpleData name="medio_gx">PMGD</SimpleData>
		<SimpleData name="coord_este">153091</SimpleData>
		<SimpleData name="coord_nort">5498950</SimpleData>
		<SimpleData name="datum">WGS 1984</SimpleData>
		<SimpleData name="huso">19 SUR</SimpleData>
		<SimpleData name="region">LOS LAGOS</SimpleData>
		<SimpleData name="provincia">OSORNO</SimpleData>
		<SimpleData name="comuna">OSORNO</SimpleData>
		<SimpleData name="fuente_bas">CNE</SimpleData>
		<SimpleData name="fech_crea">10/12/2014</SimpleData>
		<SimpleData name="fech_act">2018-06-30</SimpleData>
		<SimpleData name="Lat">-40.5875</SimpleData>
		<SimpleData name="Long">-73.0989</SimpleData>
	</SchemaData></ExtendedData>
      <Point><coordinates>-73.0989,-40.5875</coordinates></Point>
  </Placemark>
  <Placemark id="termoelectricas.128">
	<name>SKRETTING OSORNO</name>
	<ExtendedData><SchemaData schemaUrl="#termoelectricas">
		<SimpleData name="OBJECTID_1">128</SimpleData>
		<SimpleData name="gml_id">termoel_ctricas_ab7d0ebd_96b7_481f_8804_f05173a82eef.127</SimpleData>
		<SimpleData name="objectid">127</SimpleData>
		<SimpleData name="nombre">SKRETTING OSORNO</SimpleData>
		<SimpleData name="propiedad">SAGESA</SimpleData>
		<SimpleData name="tipo">TERMOELECTRICA</SimpleData>
		<SimpleData name="combustibl">PETROLEO DIESEL</SimpleData>
		<SimpleData name="potencia">3</SimpleData>
		<SimpleData name="unidades">4</SimpleData>
		<SimpleData name="rca">S/I</SimpleData>
		<SimpleData name="sist_elect">SEN</SimpleData>
		<SimpleData name="estado">EN OPERACION</SimpleData>
		<SimpleData name="f_operacio">2011</SimpleData>
		<SimpleData name="medio_gx">PMGD</SimpleData>
		<SimpleData name="coord_este">153092</SimpleData>
		<SimpleData name="coord_nort">5498953</SimpleData>
		<SimpleData name="datum">WGS 1984</SimpleData>
		<SimpleData name="huso">19 SUR</SimpleData>
		<SimpleData name="region">LOS LAGOS</SimpleData>
		<SimpleData name="provincia">OSORNO</SimpleData>
		<SimpleData name="comuna">OSORNO</SimpleData>
		<SimpleData name="fuente_bas">CNE</SimpleData>
		<SimpleData name="fech_crea">10/12/2014</SimpleData>
		<SimpleData name="fech_act">2018-06-30</SimpleData>
		<SimpleData name="Lat">-40.5875</SimpleData>
		<SimpleData name="Long">-73.0989</SimpleData>
	</SchemaData></ExtendedData>
      <Point><coordinates>-73.0989,-40.5875</coordinates></Point>
  </Placemark>
  <Placemark id="termoelectricas.129">
	<name>TALTAL 1</name>
	<ExtendedData><SchemaData schemaUrl="#termoelectricas">
		<SimpleData name="OBJECTID_1">129</SimpleData>
		<SimpleData name="gml_id">termoel_ctricas_ab7d0ebd_96b7_481f_8804_f05173a82eef.128</SimpleData>
		<SimpleData name="objectid">128</SimpleData>
		<SimpleData name="nombre">TALTAL 1</SimpleData>
		<SimpleData name="propiedad">ENDESA</SimpleData>
		<SimpleData name="tipo">TERMOELECTRICA</SimpleData>
		<SimpleData name="combustibl">GAS NATURAL</SimpleData>
		<SimpleData name="potencia">116.244</SimpleData>
		<SimpleData name="unidades">1</SimpleData>
		<SimpleData name="rca">109/1998-67/2000-124/2000</SimpleData>
		<SimpleData name="sist_elect">SEN</SimpleData>
		<SimpleData name="estado">EN OPERACION</SimpleData>
		<SimpleData name="f_operacio">2000</SimpleData>
		<SimpleData name="medio_gx">NO APLICA</SimpleData>
		<SimpleData name="coord_este">352040</SimpleData>
		<SimpleData name="coord_nort">7235495</SimpleData>
		<SimpleData name="datum">WGS 1984</SimpleData>
		<SimpleData name="huso">19 SUR</SimpleData>
		<SimpleData name="region">ANTOFAGASTA</SimpleData>
		<SimpleData name="provincia">ANTOFAGASTA</SimpleData>
		<SimpleData name="comuna">TALTAL</SimpleData>
		<SimpleData name="fuente_bas">CNE</SimpleData>
		<SimpleData name="fech_crea">10/12/2014</SimpleData>
		<SimpleData name="fech_act">2018-06-30</SimpleData>
		<SimpleData name="Lat">-24.9888</SimpleData>
		<SimpleData name="Long">-70.466</SimpleData>
	</SchemaData></ExtendedData>
      <Point><coordinates>-70.466,-24.9888</coordinates></Point>
  </Placemark>
  <Placemark id="termoelectricas.130">
	<name>TALTAL 2</name>
	<ExtendedData><SchemaData schemaUrl="#termoelectricas">
		<SimpleData name="OBJECTID_1">130</SimpleData>
		<SimpleData name="gml_id">termoel_ctricas_ab7d0ebd_96b7_481f_8804_f05173a82eef.129</SimpleData>
		<SimpleData name="objectid">129</SimpleData>
		<SimpleData name="nombre">TALTAL 2</SimpleData>
		<SimpleData name="propiedad">ENDESA</SimpleData>
		<SimpleData name="tipo">TERMOELECTRICA</SimpleData>
		<SimpleData name="combustibl">GAS NATURAL</SimpleData>
		<SimpleData name="potencia">121.5</SimpleData>
		<SimpleData name="unidades">1</SimpleData>
		<SimpleData name="rca">109/1998-67/2000-124/2000</SimpleData>
		<SimpleData name="sist_elect">SEN</SimpleData>
		<SimpleData name="estado">EN OPERACION</SimpleData>
		<SimpleData name="f_operacio">2000</SimpleData>
		<SimpleData name="medio_gx">NO APLICA</SimpleData>
		<SimpleData name="coord_este">352040</SimpleData>
		<SimpleData name="coord_nort">7235495</SimpleData>
		<SimpleData name="datum">WGS 1984</SimpleData>
		<SimpleData name="huso">19 SUR</SimpleData>
		<SimpleData name="region">ANTOFAGASTA</SimpleData>
		<SimpleData name="provincia">ANTOFAGASTA</SimpleData>
		<SimpleData name="comuna">TALTAL</SimpleData>
		<SimpleData name="fuente_bas">CNE</SimpleData>
		<SimpleData name="fech_crea">10/12/2014</SimpleData>
		<SimpleData name="fech_act">2018-06-30</SimpleData>
		<SimpleData name="Lat">-24.9888</SimpleData>
		<SimpleData name="Long">-70.466</SimpleData>
	</SchemaData></ExtendedData>
      <Point><coordinates>-70.466,-24.9888</coordinates></Point>
  </Placemark>
  <Placemark id="termoelectricas.131">
	<name>TAPIHUE</name>
	<ExtendedData><SchemaData schemaUrl="#termoelectricas">
		<SimpleData name="OBJECTID_1">131</SimpleData>
		<SimpleData name="gml_id">termoel_ctricas_ab7d0ebd_96b7_481f_8804_f05173a82eef.130</SimpleData>
		<SimpleData name="objectid">130</SimpleData>
		<SimpleData name="nombre">TAPIHUE</SimpleData>
		<SimpleData name="propiedad">TECNORED</SimpleData>
		<SimpleData name="tipo">TERMOELECTRICA</SimpleData>
		<SimpleData name="combustibl">GAS NATURAL</SimpleData>
		<SimpleData name="potencia">6.4</SimpleData>
		<SimpleData name="unidades">2</SimpleData>
		<SimpleData name="rca">58/2012</SimpleData>
		<SimpleData name="sist_elect">SEN</SimpleData>
		<SimpleData name="estado">EN OPERACION</SimpleData>
		<SimpleData name="f_operacio">2009</SimpleData>
		<SimpleData name="medio_gx">PMGD</SimpleData>
		<SimpleData name="coord_este">277557</SimpleData>
		<SimpleData name="coord_nort">6309276</SimpleData>
		<SimpleData name="datum">WGS 1984</SimpleData>
		<SimpleData name="huso">19 SUR</SimpleData>
		<SimpleData name="region">VALPARAISO</SimpleData>
		<SimpleData name="provincia">VALPARAISO</SimpleData>
		<SimpleData name="comuna">CASABLANCA</SimpleData>
		<SimpleData name="fuente_bas">CNE</SimpleData>
		<SimpleData name="fech_crea">10/12/2014</SimpleData>
		<SimpleData name="fech_act">2018-06-30</SimpleData>
		<SimpleData name="Lat">-33.3327</SimpleData>
		<SimpleData name="Long">-71.3899</SimpleData>
	</SchemaData></ExtendedData>
      <Point><coordinates>-71.3899,-33.3326999999999</coordinates></Point>
  </Placemark>
  <Placemark id="termoelectricas.132">
	<name>TEHUELCHE</name>
	<ExtendedData><SchemaData schemaUrl="#termoelectricas">
		<SimpleData name="OBJECTID_1">132</SimpleData>
		<SimpleData name="gml_id">termoel_ctricas_ab7d0ebd_96b7_481f_8804_f05173a82eef.131</SimpleData>
		<SimpleData name="objectid">131</SimpleData>
		<SimpleData name="nombre">TEHUELCHE</SimpleData>
		<SimpleData name="propiedad">EDELAYSEN</SimpleData>
		<SimpleData name="tipo">TERMOELECTRICA</SimpleData>
		<SimpleData name="combustibl">PETROLEO</SimpleData>
		<SimpleData name="potencia">10.98</SimpleData>
		<SimpleData name="unidades">6</SimpleData>
		<SimpleData name="rca">S/I</SimpleData>
		<SimpleData name="sist_elect">AYSEN</SimpleData>
		<SimpleData name="estado">EN OPERACION</SimpleData>
		<SimpleData name="f_operacio">0</SimpleData>
		<SimpleData name="medio_gx">NO APLICA</SimpleData>
		<SimpleData name="coord_este">258235</SimpleData>
		<SimpleData name="coord_nort">4942338</SimpleData>
		<SimpleData name="datum">WGS 1984</SimpleData>
		<SimpleData name="huso">19 SUR</SimpleData>
		<SimpleData name="region">AYSEN</SimpleData>
		<SimpleData name="provincia">COYHAIQUE</SimpleData>
		<SimpleData name="comuna">COYHAIQUE</SimpleData>
		<SimpleData name="fuente_bas">CNE</SimpleData>
		<SimpleData name="fech_crea">S/I</SimpleData>
		<SimpleData name="fech_act">2018-06-30</SimpleData>
		<SimpleData name="Lat">-45.6304</SimpleData>
		<SimpleData name="Long">-72.1017</SimpleData>
	</SchemaData></ExtendedData>
      <Point><coordinates>-72.1016999999999,-45.6304</coordinates></Point>
  </Placemark>
  <Placemark id="termoelectricas.133">
	<name>TEHUELCHE PROVISORIA</name>
	<ExtendedData><SchemaData schemaUrl="#termoelectricas">
		<SimpleData name="OBJECTID_1">133</SimpleData>
		<SimpleData name="gml_id">termoel_ctricas_ab7d0ebd_96b7_481f_8804_f05173a82eef.132</SimpleData>
		<SimpleData name="objectid">132</SimpleData>
		<SimpleData name="nombre">TEHUELCHE PROVISORIA</SimpleData>
		<SimpleData name="propiedad">EDELAYSEN</SimpleData>
		<SimpleData name="tipo">TERMOELECTRICA</SimpleData>
		<SimpleData name="combustibl">PETROLEO DIESEL</SimpleData>
		<SimpleData name="potencia">5.8</SimpleData>
		<SimpleData name="unidades">4</SimpleData>
		<SimpleData name="rca">S/I</SimpleData>
		<SimpleData name="sist_elect">AYSEN</SimpleData>
		<SimpleData name="estado">EN OPERACION</SimpleData>
		<SimpleData name="f_operacio">1993</SimpleData>
		<SimpleData name="medio_gx">NO APLICA</SimpleData>
		<SimpleData name="coord_este">258235</SimpleData>
		<SimpleData name="coord_nort">4942338</SimpleData>
		<SimpleData name="datum">WGS 1984</SimpleData>
		<SimpleData name="huso">19 SUR</SimpleData>
		<SimpleData name="region">AYSEN</SimpleData>
		<SimpleData name="provincia">COYHAIQUE</SimpleData>
		<SimpleData name="comuna">COYHAIQUE</SimpleData>
		<SimpleData name="fuente_bas">CNE</SimpleData>
		<SimpleData name="fech_crea">10/12/2014</SimpleData>
		<SimpleData name="fech_act">2018-06-30</SimpleData>
		<SimpleData name="Lat">-45.6304</SimpleData>
		<SimpleData name="Long">-72.1017</SimpleData>
	</SchemaData></ExtendedData>
      <Point><coordinates>-72.1016999999999,-45.6304</coordinates></Point>
  </Placemark>
  <Placemark id="termoelectricas.134">
	<name>TENO</name>
	<ExtendedData><SchemaData schemaUrl="#termoelectricas">
		<SimpleData name="OBJECTID_1">134</SimpleData>
		<SimpleData name="gml_id">termoel_ctricas_ab7d0ebd_96b7_481f_8804_f05173a82eef.133</SimpleData>
		<SimpleData name="objectid">133</SimpleData>
		<SimpleData name="nombre">TENO</SimpleData>
		<SimpleData name="propiedad">ENLASA</SimpleData>
		<SimpleData name="tipo">TERMOELECTRICA</SimpleData>
		<SimpleData name="combustibl">PETROLEO DIESEL</SimpleData>
		<SimpleData name="potencia">59</SimpleData>
		<SimpleData name="unidades">36</SimpleData>
		<SimpleData name="rca">34/2008</SimpleData>
		<SimpleData name="sist_elect">SEN</SimpleData>
		<SimpleData name="estado">EN OPERACION</SimpleData>
		<SimpleData name="f_operacio">2009</SimpleData>
		<SimpleData name="medio_gx">NO APLICA</SimpleData>
		<SimpleData name="coord_este">304217</SimpleData>
		<SimpleData name="coord_nort">6139440</SimpleData>
		<SimpleData name="datum">WGS 1984</SimpleData>
		<SimpleData name="huso">19 SUR</SimpleData>
		<SimpleData name="region">MAULE</SimpleData>
		<SimpleData name="provincia">CURICO</SimpleData>
		<SimpleData name="comuna">TENO</SimpleData>
		<SimpleData name="fuente_bas">CNE</SimpleData>
		<SimpleData name="fech_crea">10/12/2014</SimpleData>
		<SimpleData name="fech_act">2018-06-30</SimpleData>
		<SimpleData name="Lat">-34.8686</SimpleData>
		<SimpleData name="Long">-71.1419</SimpleData>
	</SchemaData></ExtendedData>
      <Point><coordinates>-71.1419,-34.8686</coordinates></Point>
  </Placemark>
  <Placemark id="termoelectricas.135">
	<name>TERMOELECTRICA ANGAMOS</name>
	<ExtendedData><SchemaData schemaUrl="#termoelectricas">
		<SimpleData name="OBJECTID_1">135</SimpleData>
		<SimpleData name="gml_id">termoel_ctricas_ab7d0ebd_96b7_481f_8804_f05173a82eef.134</SimpleData>
		<SimpleData name="objectid">134</SimpleData>
		<SimpleData name="nombre">TERMOELECTRICA ANGAMOS</SimpleData>
		<SimpleData name="propiedad">ANGAMOS</SimpleData>
		<SimpleData name="tipo">TERMOELECTRICA</SimpleData>
		<SimpleData name="combustibl">CARBON / PETCOKE</SimpleData>
		<SimpleData name="potencia">558</SimpleData>
		<SimpleData name="unidades">2</SimpleData>
		<SimpleData name="rca">S/I</SimpleData>
		<SimpleData name="sist_elect">SEN</SimpleData>
		<SimpleData name="estado">EN OPERACION</SimpleData>
		<SimpleData name="f_operacio">2011</SimpleData>
		<SimpleData name="medio_gx">NO APLICA</SimpleData>
		<SimpleData name="coord_este">382004</SimpleData>
		<SimpleData name="coord_nort">7765299</SimpleData>
		<SimpleData name="datum">WGS 1984</SimpleData>
		<SimpleData name="huso">19 SUR</SimpleData>
		<SimpleData name="region">ANTOFAGASTA</SimpleData>
		<SimpleData name="provincia">ANTOFAGASTA</SimpleData>
		<SimpleData name="comuna">MEJILLONES</SimpleData>
		<SimpleData name="fuente_bas">CNE</SimpleData>
		<SimpleData name="fech_crea">10/12/2014</SimpleData>
		<SimpleData name="fech_act">2018-06-30</SimpleData>
		<SimpleData name="Lat">-20.2062</SimpleData>
		<SimpleData name="Long">-70.1294</SimpleData>
	</SchemaData></ExtendedData>
      <Point><coordinates>-70.1294,-20.2062</coordinates></Point>
  </Placemark>
  <Placemark id="termoelectricas.136">
	<name>TERMOELECTRICA COCHRANE</name>
	<ExtendedData><SchemaData schemaUrl="#termoelectricas">
		<SimpleData name="OBJECTID_1">136</SimpleData>
		<SimpleData name="gml_id">termoel_ctricas_ab7d0ebd_96b7_481f_8804_f05173a82eef.135</SimpleData>
		<SimpleData name="objectid">135</SimpleData>
		<SimpleData name="nombre">TERMOELECTRICA COCHRANE</SimpleData>
		<SimpleData name="propiedad">COCHRANE</SimpleData>
		<SimpleData name="tipo">TERMOELECTRICA</SimpleData>
		<SimpleData name="combustibl">CARBON / PETCOKE</SimpleData>
		<SimpleData name="potencia">549.72</SimpleData>
		<SimpleData name="unidades">2</SimpleData>
		<SimpleData name="rca">S/I</SimpleData>
		<SimpleData name="sist_elect">SEN</SimpleData>
		<SimpleData name="estado">EN OPERACION</SimpleData>
		<SimpleData name="f_operacio">0</SimpleData>
		<SimpleData name="medio_gx">NO APLICA</SimpleData>
		<SimpleData name="coord_este">360098</SimpleData>
		<SimpleData name="coord_nort">7448867</SimpleData>
		<SimpleData name="datum">WGS 1984</SimpleData>
		<SimpleData name="huso">19 SUR</SimpleData>
		<SimpleData name="region">ANTOFAGASTA</SimpleData>
		<SimpleData name="provincia">ANTOFAGASTA</SimpleData>
		<SimpleData name="comuna">MEJILLONES</SimpleData>
		<SimpleData name="fuente_bas">CNE</SimpleData>
		<SimpleData name="fech_crea">S/I</SimpleData>
		<SimpleData name="fech_act">2018-06-30</SimpleData>
		<SimpleData name="Lat">-23.0629</SimpleData>
		<SimpleData name="Long">-70.3657</SimpleData>
	</SchemaData></ExtendedData>
      <Point><coordinates>-70.3656999999999,-23.0629</coordinates></Point>
  </Placemark>
  <Placemark id="termoelectricas.137">
	<name>TERMOELECTRICA HORNITOS (CTH)</name>
	<ExtendedData><SchemaData schemaUrl="#termoelectricas">
		<SimpleData name="OBJECTID_1">137</SimpleData>
		<SimpleData name="gml_id">termoel_ctricas_ab7d0ebd_96b7_481f_8804_f05173a82eef.136</SimpleData>
		<SimpleData name="objectid">136</SimpleData>
		<SimpleData name="nombre">TERMOELECTRICA HORNITOS (CTH)</SimpleData>
		<SimpleData name="propiedad">HORNITOS</SimpleData>
		<SimpleData name="tipo">TERMOELECTRICA</SimpleData>
		<SimpleData name="combustibl">CARBON</SimpleData>
		<SimpleData name="potencia">177.54</SimpleData>
		<SimpleData name="unidades">1</SimpleData>
		<SimpleData name="rca">S/I</SimpleData>
		<SimpleData name="sist_elect">SEN</SimpleData>
		<SimpleData name="estado">EN OPERACION</SimpleData>
		<SimpleData name="f_operacio">2011</SimpleData>
		<SimpleData name="medio_gx">NO APLICA</SimpleData>
		<SimpleData name="coord_este">355832</SimpleData>
		<SimpleData name="coord_nort">7446053</SimpleData>
		<SimpleData name="datum">WGS 1984</SimpleData>
		<SimpleData name="huso">19 SUR</SimpleData>
		<SimpleData name="region">ANTOFAGASTA</SimpleData>
		<SimpleData name="provincia">ANTOFAGASTA</SimpleData>
		<SimpleData name="comuna">MEJILLONES</SimpleData>
		<SimpleData name="fuente_bas">CNE</SimpleData>
		<SimpleData name="fech_crea">10/12/2014</SimpleData>
		<SimpleData name="fech_act">2018-06-30</SimpleData>
		<SimpleData name="Lat">-23.0879</SimpleData>
		<SimpleData name="Long">-70.4076</SimpleData>
	</SchemaData></ExtendedData>
      <Point><coordinates>-70.4075999999999,-23.0878999999999</coordinates></Point>
  </Placemark>
  <Placemark id="termoelectricas.138">
	<name>TERMOELECTRICA MEJILLONES</name>
	<ExtendedData><SchemaData schemaUrl="#termoelectricas">
		<SimpleData name="OBJECTID_1">138</SimpleData>
		<SimpleData name="gml_id">termoel_ctricas_ab7d0ebd_96b7_481f_8804_f05173a82eef.137</SimpleData>
		<SimpleData name="objectid">137</SimpleData>
		<SimpleData name="nombre">TERMOELECTRICA MEJILLONES</SimpleData>
		<SimpleData name="propiedad">ENGIE</SimpleData>
		<SimpleData name="tipo">TERMOELECTRICA</SimpleData>
		<SimpleData name="combustibl">CARBON/GAS NATURAL</SimpleData>
		<SimpleData name="potencia">578.87</SimpleData>
		<SimpleData name="unidades">3</SimpleData>
		<SimpleData name="rca">S/I</SimpleData>
		<SimpleData name="sist_elect">SEN</SimpleData>
		<SimpleData name="estado">EN OPERACION</SimpleData>
		<SimpleData name="f_operacio">2000</SimpleData>
		<SimpleData name="medio_gx">NO APLICA</SimpleData>
		<SimpleData name="coord_este">355422</SimpleData>
		<SimpleData name="coord_nort">7445919</SimpleData>
		<SimpleData name="datum">WGS 1984</SimpleData>
		<SimpleData name="huso">19 SUR</SimpleData>
		<SimpleData name="region">ANTOFAGASTA</SimpleData>
		<SimpleData name="provincia">ANTOFAGASTA</SimpleData>
		<SimpleData name="comuna">MEJILLONES</SimpleData>
		<SimpleData name="fuente_bas">CNE</SimpleData>
		<SimpleData name="fech_crea">10/12/2014</SimpleData>
		<SimpleData name="fech_act">2018-06-30</SimpleData>
		<SimpleData name="Lat">-23.0891</SimpleData>
		<SimpleData name="Long">-70.4116</SimpleData>
	</SchemaData></ExtendedData>
      <Point><coordinates>-70.4116,-23.0891</coordinates></Point>
  </Placemark>
  <Placemark id="termoelectricas.139">
	<name>TERMOELECTRICA NORGENER</name>
	<ExtendedData><SchemaData schemaUrl="#termoelectricas">
		<SimpleData name="OBJECTID_1">139</SimpleData>
		<SimpleData name="gml_id">termoel_ctricas_ab7d0ebd_96b7_481f_8804_f05173a82eef.138</SimpleData>
		<SimpleData name="objectid">138</SimpleData>
		<SimpleData name="nombre">TERMOELECTRICA NORGENER</SimpleData>
		<SimpleData name="propiedad">AES GENER</SimpleData>
		<SimpleData name="tipo">TERMOELECTRICA</SimpleData>
		<SimpleData name="combustibl">CARBON / PETCOKE</SimpleData>
		<SimpleData name="potencia">276.39</SimpleData>
		<SimpleData name="unidades">4</SimpleData>
		<SimpleData name="rca">S/I</SimpleData>
		<SimpleData name="sist_elect">SEN</SimpleData>
		<SimpleData name="estado">EN OPERACION</SimpleData>
		<SimpleData name="f_operacio">1995</SimpleData>
		<SimpleData name="medio_gx">NO APLICA</SimpleData>
		<SimpleData name="coord_este">375163</SimpleData>
		<SimpleData name="coord_nort">7556065</SimpleData>
		<SimpleData name="datum">WGS 1984</SimpleData>
		<SimpleData name="huso">19 SUR</SimpleData>
		<SimpleData name="region">ANTOFAGASTA</SimpleData>
		<SimpleData name="provincia">ANTOFAGASTA</SimpleData>
		<SimpleData name="comuna">TOCOPILLA</SimpleData>
		<SimpleData name="fuente_bas">CNE</SimpleData>
		<SimpleData name="fech_crea">10/12/2014</SimpleData>
		<SimpleData name="fech_act">2018-06-30</SimpleData>
		<SimpleData name="Lat">-22.0959</SimpleData>
		<SimpleData name="Long">-70.2102</SimpleData>
	</SchemaData></ExtendedData>
      <Point><coordinates>-70.2102,-22.0959</coordinates></Point>
  </Placemark>
  <Placemark id="termoelectricas.140">
	<name>TERMOELECTRICA TARAPACA (TGTAR)</name>
	<ExtendedData><SchemaData schemaUrl="#termoelectricas">
		<SimpleData name="OBJECTID_1">140</SimpleData>
		<SimpleData name="gml_id">termoel_ctricas_ab7d0ebd_96b7_481f_8804_f05173a82eef.139</SimpleData>
		<SimpleData name="objectid">139</SimpleData>
		<SimpleData name="nombre">TERMOELECTRICA TARAPACA (TGTAR)</SimpleData>
		<SimpleData name="propiedad">CELTA</SimpleData>
		<SimpleData name="tipo">TERMOELECTRICA</SimpleData>
		<SimpleData name="combustibl">PETROLEO DIESEL/CARBON</SimpleData>
		<SimpleData name="potencia">181.75</SimpleData>
		<SimpleData name="unidades">4</SimpleData>
		<SimpleData name="rca">S/I</SimpleData>
		<SimpleData name="sist_elect">SEN</SimpleData>
		<SimpleData name="estado">EN OPERACION</SimpleData>
		<SimpleData name="f_operacio">1999</SimpleData>
		<SimpleData name="medio_gx">NO APLICA</SimpleData>
		<SimpleData name="coord_este">375862</SimpleData>
		<SimpleData name="coord_nort">7698898</SimpleData>
		<SimpleData name="datum">WGS 1984</SimpleData>
		<SimpleData name="huso">19 SUR</SimpleData>
		<SimpleData name="region">TARAPACA</SimpleData>
		<SimpleData name="provincia">IQUIQUE</SimpleData>
		<SimpleData name="comuna">IQUIQUE</SimpleData>
		<SimpleData name="fuente_bas">CNE</SimpleData>
		<SimpleData name="fech_crea">10/12/2014</SimpleData>
		<SimpleData name="fech_act">2018-06-30</SimpleData>
		<SimpleData name="Lat">-20.8057</SimpleData>
		<SimpleData name="Long">-70.1929</SimpleData>
	</SchemaData></ExtendedData>
      <Point><coordinates>-70.1929,-20.8056999999999</coordinates></Point>
  </Placemark>
  <Placemark id="termoelectricas.141">
	<name>TERMOELECTRICA TOCOPILLA</name>
	<ExtendedData><SchemaData schemaUrl="#termoelectricas">
		<SimpleData name="OBJECTID_1">141</SimpleData>
		<SimpleData name="gml_id">termoel_ctricas_ab7d0ebd_96b7_481f_8804_f05173a82eef.140</SimpleData>
		<SimpleData name="objectid">140</SimpleData>
		<SimpleData name="nombre">TERMOELECTRICA TOCOPILLA</SimpleData>
		<SimpleData name="propiedad">ENGIE</SimpleData>
		<SimpleData name="tipo">TERMOELECTRICA</SimpleData>
		<SimpleData name="combustibl">PETROLEO DIESEL</SimpleData>
		<SimpleData name="potencia">880.977</SimpleData>
		<SimpleData name="unidades">6</SimpleData>
		<SimpleData name="rca">S/I</SimpleData>
		<SimpleData name="sist_elect">SEN</SimpleData>
		<SimpleData name="estado">EN OPERACION</SimpleData>
		<SimpleData name="f_operacio">1960</SimpleData>
		<SimpleData name="medio_gx">NO APLICA</SimpleData>
		<SimpleData name="coord_este">375161</SimpleData>
		<SimpleData name="coord_nort">7556026</SimpleData>
		<SimpleData name="datum">WGS 1984</SimpleData>
		<SimpleData name="huso">19 SUR</SimpleData>
		<SimpleData name="region">ANTOFAGASTA</SimpleData>
		<SimpleData name="provincia">TOCOPILLA</SimpleData>
		<SimpleData name="comuna">TOCOPILLA</SimpleData>
		<SimpleData name="fuente_bas">CNE</SimpleData>
		<SimpleData name="fech_crea">10/12/2014</SimpleData>
		<SimpleData name="fech_act">2018-06-30</SimpleData>
		<SimpleData name="Lat">-22.0962</SimpleData>
		<SimpleData name="Long">-70.2102</SimpleData>
	</SchemaData></ExtendedData>
      <Point><coordinates>-70.2102,-22.0962</coordinates></Point>
  </Placemark>
  <Placemark id="termoelectricas.142">
	<name>TERMOPACIFICO</name>
	<ExtendedData><SchemaData schemaUrl="#termoelectricas">
		<SimpleData name="OBJECTID_1">142</SimpleData>
		<SimpleData name="gml_id">termoel_ctricas_ab7d0ebd_96b7_481f_8804_f05173a82eef.141</SimpleData>
		<SimpleData name="objectid">141</SimpleData>
		<SimpleData name="nombre">TERMOPACIFICO</SimpleData>
		<SimpleData name="propiedad">GENERADORA DEL PACIFICO S.A.</SimpleData>
		<SimpleData name="tipo">TERMOELECTRICA</SimpleData>
		<SimpleData name="combustibl">PETROLEO DIESEL</SimpleData>
		<SimpleData name="potencia">86.49</SimpleData>
		<SimpleData name="unidades">60</SimpleData>
		<SimpleData name="rca">S/I</SimpleData>
		<SimpleData name="sist_elect">SEN</SimpleData>
		<SimpleData name="estado">EN OPERACION</SimpleData>
		<SimpleData name="f_operacio">2009</SimpleData>
		<SimpleData name="medio_gx">NO APLICA</SimpleData>
		<SimpleData name="coord_este">363495</SimpleData>
		<SimpleData name="coord_nort">6958309</SimpleData>
		<SimpleData name="datum">WGS 1984</SimpleData>
		<SimpleData name="huso">19 SUR</SimpleData>
		<SimpleData name="region">ATACAMA</SimpleData>
		<SimpleData name="provincia">COPIAPO</SimpleData>
		<SimpleData name="comuna">COPIAPO</SimpleData>
		<SimpleData name="fuente_bas">CNE</SimpleData>
		<SimpleData name="fech_crea">10/12/2014</SimpleData>
		<SimpleData name="fech_act">2018-06-30</SimpleData>
		<SimpleData name="Lat">-27.492</SimpleData>
		<SimpleData name="Long">-70.3818</SimpleData>
	</SchemaData></ExtendedData>
      <Point><coordinates>-70.3817999999999,-27.492</coordinates></Point>
  </Placemark>
  <Placemark id="termoelectricas.143">
	<name>TOMAVAL 1</name>
	<ExtendedData><SchemaData schemaUrl="#termoelectricas">
		<SimpleData name="OBJECTID_1">143</SimpleData>
		<SimpleData name="gml_id">termoel_ctricas_ab7d0ebd_96b7_481f_8804_f05173a82eef.143</SimpleData>
		<SimpleData name="objectid">143</SimpleData>
		<SimpleData name="nombre">TOMAVAL 1</SimpleData>
		<SimpleData name="propiedad">TOMAVAL GENERACION</SimpleData>
		<SimpleData name="tipo">TERMOELECTRICA</SimpleData>
		<SimpleData name="combustibl">PETROLEO DIESEL</SimpleData>
		<SimpleData name="potencia">1</SimpleData>
		<SimpleData name="unidades">1</SimpleData>
		<SimpleData name="rca">S/I</SimpleData>
		<SimpleData name="sist_elect">SEN</SimpleData>
		<SimpleData name="estado">EN OPERACION</SimpleData>
		<SimpleData name="f_operacio">2011</SimpleData>
		<SimpleData name="medio_gx">PMGD</SimpleData>
		<SimpleData name="coord_este">291579</SimpleData>
		<SimpleData name="coord_nort">6362592</SimpleData>
		<SimpleData name="datum">WGS 1984</SimpleData>
		<SimpleData name="huso">19 SUR</SimpleData>
		<SimpleData name="region">VALPARAISO</SimpleData>
		<SimpleData name="provincia">QUILLOTA</SimpleData>
		<SimpleData name="comuna">LA CRUZ</SimpleData>
		<SimpleData name="fuente_bas">CNE</SimpleData>
		<SimpleData name="fech_crea">10/12/2014</SimpleData>
		<SimpleData name="fech_act">2018-06-30</SimpleData>
		<SimpleData name="Lat">-32.855</SimpleData>
		<SimpleData name="Long">-71.2272</SimpleData>
	</SchemaData></ExtendedData>
      <Point><coordinates>-71.2272,-32.855</coordinates></Point>
  </Placemark>
  <Placemark id="termoelectricas.144">
	<name>TOMAVAL 2</name>
	<ExtendedData><SchemaData schemaUrl="#termoelectricas">
		<SimpleData name="OBJECTID_1">144</SimpleData>
		<SimpleData name="gml_id">termoel_ctricas_ab7d0ebd_96b7_481f_8804_f05173a82eef.144</SimpleData>
		<SimpleData name="objectid">144</SimpleData>
		<SimpleData name="nombre">TOMAVAL 2</SimpleData>
		<SimpleData name="propiedad">TOMAVAL GENERACION</SimpleData>
		<SimpleData name="tipo">TERMOELECTRICA</SimpleData>
		<SimpleData name="combustibl">GAS NATURAL</SimpleData>
		<SimpleData name="potencia">1.6</SimpleData>
		<SimpleData name="unidades">1</SimpleData>
		<SimpleData name="rca">S/I</SimpleData>
		<SimpleData name="sist_elect">SEN</SimpleData>
		<SimpleData name="estado">EN OPERACION</SimpleData>
		<SimpleData name="f_operacio">2012</SimpleData>
		<SimpleData name="medio_gx">PMGD</SimpleData>
		<SimpleData name="coord_este">291768</SimpleData>
		<SimpleData name="coord_nort">6362885</SimpleData>
		<SimpleData name="datum">WGS 1984</SimpleData>
		<SimpleData name="huso">19 SUR</SimpleData>
		<SimpleData name="region">VALPARAISO</SimpleData>
		<SimpleData name="provincia">QUILLOTA</SimpleData>
		<SimpleData name="comuna">LA CRUZ</SimpleData>
		<SimpleData name="fuente_bas">CNE</SimpleData>
		<SimpleData name="fech_crea">10/12/2014</SimpleData>
		<SimpleData name="fech_act">2018-06-30</SimpleData>
		<SimpleData name="Lat">-32.8524</SimpleData>
		<SimpleData name="Long">-71.2252</SimpleData>
	</SchemaData></ExtendedData>
      <Point><coordinates>-71.2252,-32.8523999999999</coordinates></Point>
  </Placemark>
  <Placemark id="termoelectricas.145">
	<name>TRAPEN</name>
	<ExtendedData><SchemaData schemaUrl="#termoelectricas">
		<SimpleData name="OBJECTID_1">145</SimpleData>
		<SimpleData name="gml_id">termoel_ctricas_ab7d0ebd_96b7_481f_8804_f05173a82eef.145</SimpleData>
		<SimpleData name="objectid">145</SimpleData>
		<SimpleData name="nombre">TRAPEN</SimpleData>
		<SimpleData name="propiedad">ENLASA</SimpleData>
		<SimpleData name="tipo">TERMOELECTRICA</SimpleData>
		<SimpleData name="combustibl">PETROLEO DIESEL</SimpleData>
		<SimpleData name="potencia">81</SimpleData>
		<SimpleData name="unidades">50</SimpleData>
		<SimpleData name="rca">S/I</SimpleData>
		<SimpleData name="sist_elect">SEN</SimpleData>
		<SimpleData name="estado">EN OPERACION</SimpleData>
		<SimpleData name="f_operacio">2011</SimpleData>
		<SimpleData name="medio_gx">NO APLICA</SimpleData>
		<SimpleData name="coord_este">159794</SimpleData>
		<SimpleData name="coord_nort">5395737</SimpleData>
		<SimpleData name="datum">WGS 1984</SimpleData>
		<SimpleData name="huso">19 SUR</SimpleData>
		<SimpleData name="region">LOS LAGOS</SimpleData>
		<SimpleData name="provincia">LLANQUIHUE</SimpleData>
		<SimpleData name="comuna">PUERTO MONTT</SimpleData>
		<SimpleData name="fuente_bas">CNE</SimpleData>
		<SimpleData name="fech_crea">10/12/2014</SimpleData>
		<SimpleData name="fech_act">2018-06-30</SimpleData>
		<SimpleData name="Lat">-41.5177</SimpleData>
		<SimpleData name="Long">-73.0768</SimpleData>
	</SchemaData></ExtendedData>
      <Point><coordinates>-73.0767999999999,-41.5176999999999</coordinates></Point>
  </Placemark>
  <Placemark id="termoelectricas.146">
	<name>TRES PUENTES</name>
	<ExtendedData><SchemaData schemaUrl="#termoelectricas">
		<SimpleData name="OBJECTID_1">146</SimpleData>
		<SimpleData name="gml_id">termoel_ctricas_ab7d0ebd_96b7_481f_8804_f05173a82eef.146</SimpleData>
		<SimpleData name="objectid">146</SimpleData>
		<SimpleData name="nombre">TRES PUENTES</SimpleData>
		<SimpleData name="propiedad">EDELMAG</SimpleData>
		<SimpleData name="tipo">TERMOELECTRICA</SimpleData>
		<SimpleData name="combustibl">GAS NATURAL / PETROLEO</SimpleData>
		<SimpleData name="potencia">80.14</SimpleData>
		<SimpleData name="unidades">8</SimpleData>
		<SimpleData name="rca">S/I</SimpleData>
		<SimpleData name="sist_elect">MAGALLANES</SimpleData>
		<SimpleData name="estado">EN OPERACION</SimpleData>
		<SimpleData name="f_operacio">1985</SimpleData>
		<SimpleData name="medio_gx">NO APLICA</SimpleData>
		<SimpleData name="coord_este">372989</SimpleData>
		<SimpleData name="coord_nort">4114757</SimpleData>
		<SimpleData name="datum">WGS 1984</SimpleData>
		<SimpleData name="huso">19 SUR</SimpleData>
		<SimpleData name="region">MAGALLANES</SimpleData>
		<SimpleData name="provincia">MAGALLANES</SimpleData>
		<SimpleData name="comuna">PUNTA ARENAS</SimpleData>
		<SimpleData name="fuente_bas">CNE</SimpleData>
		<SimpleData name="fech_crea">10/12/2014</SimpleData>
		<SimpleData name="fech_act">2018-06-30</SimpleData>
		<SimpleData name="Lat">-53.1015</SimpleData>
		<SimpleData name="Long">-70.8971</SimpleData>
	</SchemaData></ExtendedData>
      <Point><coordinates>-70.8971,-53.1014999999999</coordinates></Point>
  </Placemark>
  <Placemark id="termoelectricas.147">
	<name>TRONGOL-CURANILAHUE</name>
	<ExtendedData><SchemaData schemaUrl="#termoelectricas">
		<SimpleData name="OBJECTID_1">147</SimpleData>
		<SimpleData name="gml_id">termoel_ctricas_ab7d0ebd_96b7_481f_8804_f05173a82eef.147</SimpleData>
		<SimpleData name="objectid">147</SimpleData>
		<SimpleData name="nombre">TRONGOL-CURANILAHUE</SimpleData>
		<SimpleData name="propiedad">SAGESA</SimpleData>
		<SimpleData name="tipo">TERMOELECTRICA</SimpleData>
		<SimpleData name="combustibl">DIESEL</SimpleData>
		<SimpleData name="potencia">2.8</SimpleData>
		<SimpleData name="unidades">3</SimpleData>
		<SimpleData name="rca">S/I</SimpleData>
		<SimpleData name="sist_elect">SEN</SimpleData>
		<SimpleData name="estado">EN OPERACION</SimpleData>
		<SimpleData name="f_operacio">2012</SimpleData>
		<SimpleData name="medio_gx">PMG</SimpleData>
		<SimpleData name="coord_este">117942</SimpleData>
		<SimpleData name="coord_nort">5841835</SimpleData>
		<SimpleData name="datum">WGS 1984</SimpleData>
		<SimpleData name="huso">19 SUR</SimpleData>
		<SimpleData name="region">BIOBIO</SimpleData>
		<SimpleData name="provincia">ARAUCO</SimpleData>
		<SimpleData name="comuna">CURANILAHUE</SimpleData>
		<SimpleData name="fuente_bas">CNE</SimpleData>
		<SimpleData name="fech_crea">10/12/2014</SimpleData>
		<SimpleData name="fech_act">2018-06-30</SimpleData>
		<SimpleData name="Lat">-37.4914</SimpleData>
		<SimpleData name="Long">-73.3208</SimpleData>
	</SchemaData></ExtendedData>
      <Point><coordinates>-73.3208,-37.4913999999999</coordinates></Point>
  </Placemark>
  <Placemark id="termoelectricas.148">
	<name>UJINA</name>
	<ExtendedData><SchemaData schemaUrl="#termoelectricas">
		<SimpleData name="OBJECTID_1">148</SimpleData>
		<SimpleData name="gml_id">termoel_ctricas_ab7d0ebd_96b7_481f_8804_f05173a82eef.148</SimpleData>
		<SimpleData name="objectid">148</SimpleData>
		<SimpleData name="nombre">UJINA</SimpleData>
		<SimpleData name="propiedad">MINERA COLLAHUASI</SimpleData>
		<SimpleData name="tipo">TERMOELECTRICA</SimpleData>
		<SimpleData name="combustibl">FUEL OIL NRO 6</SimpleData>
		<SimpleData name="potencia">44.6</SimpleData>
		<SimpleData name="unidades">6</SimpleData>
		<SimpleData name="rca">S/I</SimpleData>
		<SimpleData name="sist_elect">SEN</SimpleData>
		<SimpleData name="estado">EN OPERACION</SimpleData>
		<SimpleData name="f_operacio">2016</SimpleData>
		<SimpleData name="medio_gx">NO APLICA</SimpleData>
		<SimpleData name="coord_este">542432</SimpleData>
		<SimpleData name="coord_nort">7680222</SimpleData>
		<SimpleData name="datum">WGS 1984</SimpleData>
		<SimpleData name="huso">19 SUR</SimpleData>
		<SimpleData name="region">TARAPACA</SimpleData>
		<SimpleData name="provincia">TAMARUGAL</SimpleData>
		<SimpleData name="comuna">PICA</SimpleData>
		<SimpleData name="fuente_bas">CNE</SimpleData>
		<SimpleData name="fech_crea">10/12/2014</SimpleData>
		<SimpleData name="fech_act">2018-06-30</SimpleData>
		<SimpleData name="Lat">-20.9781</SimpleData>
		<SimpleData name="Long">-68.5918</SimpleData>
	</SchemaData></ExtendedData>
      <Point><coordinates>-68.5918,-20.9780999999999</coordinates></Point>
  </Placemark>
  <Placemark id="termoelectricas.149">
	<name>VENTANAS 1</name>
	<ExtendedData><SchemaData schemaUrl="#termoelectricas">
		<SimpleData name="OBJECTID_1">149</SimpleData>
		<SimpleData name="gml_id">termoel_ctricas_ab7d0ebd_96b7_481f_8804_f05173a82eef.149</SimpleData>
		<SimpleData name="objectid">149</SimpleData>
		<SimpleData name="nombre">VENTANAS 1</SimpleData>
		<SimpleData name="propiedad">AES GENER S.A.</SimpleData>
		<SimpleData name="tipo">TERMOELECTRICA</SimpleData>
		<SimpleData name="combustibl">CARBON</SimpleData>
		<SimpleData name="potencia">120</SimpleData>
		<SimpleData name="unidades">1</SimpleData>
		<SimpleData name="rca">S/I</SimpleData>
		<SimpleData name="sist_elect">SEN</SimpleData>
		<SimpleData name="estado">EN OPERACION</SimpleData>
		<SimpleData name="f_operacio">1964</SimpleData>
		<SimpleData name="medio_gx">NO APLICA</SimpleData>
		<SimpleData name="coord_este">267343</SimpleData>
		<SimpleData name="coord_nort">6373521</SimpleData>
		<SimpleData name="datum">WGS 1984</SimpleData>
		<SimpleData name="huso">19 SUR</SimpleData>
		<SimpleData name="region">VALPARAISO</SimpleData>
		<SimpleData name="provincia">VALPARAISO</SimpleData>
		<SimpleData name="comuna">PUCHUNCAVI</SimpleData>
		<SimpleData name="fuente_bas">CNE</SimpleData>
		<SimpleData name="fech_crea">10/12/2014</SimpleData>
		<SimpleData name="fech_act">2018-06-30</SimpleData>
		<SimpleData name="Lat">-32.7516</SimpleData>
		<SimpleData name="Long">-71.4833</SimpleData>
	</SchemaData></ExtendedData>
      <Point><coordinates>-71.4833,-32.7515999999999</coordinates></Point>
  </Placemark>
  <Placemark id="termoelectricas.150">
	<name>VENTANAS 2</name>
	<ExtendedData><SchemaData schemaUrl="#termoelectricas">
		<SimpleData name="OBJECTID_1">150</SimpleData>
		<SimpleData name="gml_id">termoel_ctricas_ab7d0ebd_96b7_481f_8804_f05173a82eef.150</SimpleData>
		<SimpleData name="objectid">150</SimpleData>
		<SimpleData name="nombre">VENTANAS 2</SimpleData>
		<SimpleData name="propiedad">AES GENER S.A.</SimpleData>
		<SimpleData name="tipo">TERMOELECTRICA</SimpleData>
		<SimpleData name="combustibl">CARBON</SimpleData>
		<SimpleData name="potencia">207</SimpleData>
		<SimpleData name="unidades">1</SimpleData>
		<SimpleData name="rca">S/I</SimpleData>
		<SimpleData name="sist_elect">SEN</SimpleData>
		<SimpleData name="estado">EN OPERACION</SimpleData>
		<SimpleData name="f_operacio">1964</SimpleData>
		<SimpleData name="medio_gx">NO APLICA</SimpleData>
		<SimpleData name="coord_este">267340</SimpleData>
		<SimpleData name="coord_nort">6373587</SimpleData>
		<SimpleData name="datum">WGS 1984</SimpleData>
		<SimpleData name="huso">19 SUR</SimpleData>
		<SimpleData name="region">VALPARAISO</SimpleData>
		<SimpleData name="provincia">VALPARAISO</SimpleData>
		<SimpleData name="comuna">PUCHUNCAVI</SimpleData>
		<SimpleData name="fuente_bas">CNE</SimpleData>
		<SimpleData name="fech_crea">10/12/2014</SimpleData>
		<SimpleData name="fech_act">2018-06-30</SimpleData>
		<SimpleData name="Lat">-32.751</SimpleData>
		<SimpleData name="Long">-71.4833</SimpleData>
	</SchemaData></ExtendedData>
      <Point><coordinates>-71.4833,-32.751</coordinates></Point>
  </Placemark>
  <Placemark id="termoelectricas.151">
	<name>WATT</name>
	<ExtendedData><SchemaData schemaUrl="#termoelectricas">
		<SimpleData name="OBJECTID_1">151</SimpleData>
		<SimpleData name="gml_id">termoel_ctricas_ab7d0ebd_96b7_481f_8804_f05173a82eef.151</SimpleData>
		<SimpleData name="objectid">151</SimpleData>
		<SimpleData name="nombre">WATT</SimpleData>
		<SimpleData name="propiedad">SAGESA</SimpleData>
		<SimpleData name="tipo">TERMOELECTRICA</SimpleData>
		<SimpleData name="combustibl">PETROLEO DIESEL</SimpleData>
		<SimpleData name="potencia">0.8</SimpleData>
		<SimpleData name="unidades">1</SimpleData>
		<SimpleData name="rca">S/I</SimpleData>
		<SimpleData name="sist_elect">SEN</SimpleData>
		<SimpleData name="estado">EN OPERACION</SimpleData>
		<SimpleData name="f_operacio">2009</SimpleData>
		<SimpleData name="medio_gx">PMGD</SimpleData>
		<SimpleData name="coord_este">153239</SimpleData>
		<SimpleData name="coord_nort">5498572</SimpleData>
		<SimpleData name="datum">WGS 1984</SimpleData>
		<SimpleData name="huso">19 SUR</SimpleData>
		<SimpleData name="region">LOS LAGOS</SimpleData>
		<SimpleData name="provincia">OSORNO</SimpleData>
		<SimpleData name="comuna">OSORNO</SimpleData>
		<SimpleData name="fuente_bas">CNE</SimpleData>
		<SimpleData name="fech_crea">10/12/2014</SimpleData>
		<SimpleData name="fech_act">2018-06-30</SimpleData>
		<SimpleData name="Lat">-40.591</SimpleData>
		<SimpleData name="Long">-73.0974</SimpleData>
	</SchemaData></ExtendedData>
      <Point><coordinates>-73.0973999999999,-40.591</coordinates></Point>
  </Placemark>
  <Placemark id="termoelectricas.152">
	<name>WATT II</name>
	<ExtendedData><SchemaData schemaUrl="#termoelectricas">
		<SimpleData name="OBJECTID_1">152</SimpleData>
		<SimpleData name="gml_id">termoel_ctricas_ab7d0ebd_96b7_481f_8804_f05173a82eef.152</SimpleData>
		<SimpleData name="objectid">152</SimpleData>
		<SimpleData name="nombre">WATT II</SimpleData>
		<SimpleData name="propiedad">SAGESA</SimpleData>
		<SimpleData name="tipo">TERMOELECTRICA</SimpleData>
		<SimpleData name="combustibl">PETROLEO DIESEL</SimpleData>
		<SimpleData name="potencia">1.6</SimpleData>
		<SimpleData name="unidades">1</SimpleData>
		<SimpleData name="rca">S/I</SimpleData>
		<SimpleData name="sist_elect">SEN</SimpleData>
		<SimpleData name="estado">EN OPERACION</SimpleData>
		<SimpleData name="f_operacio">2009</SimpleData>
		<SimpleData name="medio_gx">PMGD</SimpleData>
		<SimpleData name="coord_este">153509</SimpleData>
		<SimpleData name="coord_nort">5498765</SimpleData>
		<SimpleData name="datum">WGS 1984</SimpleData>
		<SimpleData name="huso">19 SUR</SimpleData>
		<SimpleData name="region">LOS LAGOS</SimpleData>
		<SimpleData name="provincia">OSORNO</SimpleData>
		<SimpleData name="comuna">OSORNO</SimpleData>
		<SimpleData name="fuente_bas">CNE</SimpleData>
		<SimpleData name="fech_crea">10/12/2014</SimpleData>
		<SimpleData name="fech_act">2018-06-30</SimpleData>
		<SimpleData name="Lat">-40.5894</SimpleData>
		<SimpleData name="Long">-73.0941</SimpleData>
	</SchemaData></ExtendedData>
      <Point><coordinates>-73.0941,-40.5894</coordinates></Point>
  </Placemark>
  <Placemark id="termoelectricas.153">
	<name>YUNGAY (U1, U2, U3, U4)</name>
	<ExtendedData><SchemaData schemaUrl="#termoelectricas">
		<SimpleData name="OBJECTID_1">153</SimpleData>
		<SimpleData name="gml_id">termoel_ctricas_ab7d0ebd_96b7_481f_8804_f05173a82eef.153</SimpleData>
		<SimpleData name="objectid">153</SimpleData>
		<SimpleData name="nombre">YUNGAY (U1, U2, U3, U4)</SimpleData>
		<SimpleData name="propiedad">DUKE ENERGY</SimpleData>
		<SimpleData name="tipo">TERMOELECTRICA</SimpleData>
		<SimpleData name="combustibl">PETROLEO DIESEL</SimpleData>
		<SimpleData name="potencia">194.87</SimpleData>
		<SimpleData name="unidades">4</SimpleData>
		<SimpleData name="rca">S/I</SimpleData>
		<SimpleData name="sist_elect">SEN</SimpleData>
		<SimpleData name="estado">EN OPERACION</SimpleData>
		<SimpleData name="f_operacio">2007</SimpleData>
		<SimpleData name="medio_gx">NO APLICA</SimpleData>
		<SimpleData name="coord_este">207335</SimpleData>
		<SimpleData name="coord_nort">5888347</SimpleData>
		<SimpleData name="datum">WGS 1984</SimpleData>
		<SimpleData name="huso">19 SUR</SimpleData>
		<SimpleData name="region">BIOBIO</SimpleData>
		<SimpleData name="provincia">BIOBIO</SimpleData>
		<SimpleData name="comuna">CABRERO</SimpleData>
		<SimpleData name="fuente_bas">CNE</SimpleData>
		<SimpleData name="fech_crea">10/12/2014</SimpleData>
		<SimpleData name="fech_act">2018-06-30</SimpleData>
		<SimpleData name="Lat">-37.1055</SimpleData>
		<SimpleData name="Long">-72.2933</SimpleData>
	</SchemaData></ExtendedData>
      <Point><coordinates>-72.2933,-37.1054999999999</coordinates></Point>
  </Placemark>
  <Placemark id="termoelectricas.154">
	<name>RASO POWER</name>
	<ExtendedData><SchemaData schemaUrl="#termoelectricas">
		<SimpleData name="OBJECTID_1">154</SimpleData>
		<SimpleData name="gml_id">termoel_ctricas_ab7d0ebd_96b7_481f_8804_f05173a82eef.154</SimpleData>
		<SimpleData name="objectid">154</SimpleData>
		<SimpleData name="nombre">RASO POWER</SimpleData>
		<SimpleData name="propiedad">ELECTRICA RASO POWER LTDA.</SimpleData>
		<SimpleData name="tipo">TERMOELECTRICA</SimpleData>
		<SimpleData name="combustibl">PETROLEO DIESEL</SimpleData>
		<SimpleData name="potencia">2.68</SimpleData>
		<SimpleData name="unidades">2</SimpleData>
		<SimpleData name="rca">S/I</SimpleData>
		<SimpleData name="sist_elect">SEN</SimpleData>
		<SimpleData name="estado">EN OPERACION</SimpleData>
		<SimpleData name="f_operacio">2016</SimpleData>
		<SimpleData name="medio_gx">PMGD</SimpleData>
		<SimpleData name="coord_este">0</SimpleData>
		<SimpleData name="coord_nort">0</SimpleData>
		<SimpleData name="datum">WGS 1984</SimpleData>
		<SimpleData name="huso">19 SUR</SimpleData>
		<SimpleData name="region">MAULE</SimpleData>
		<SimpleData name="provincia">TALCA</SimpleData>
		<SimpleData name="comuna">CONSTITUCION</SimpleData>
		<SimpleData name="fuente_bas">CNE</SimpleData>
		<SimpleData name="fech_crea">30/06/2018</SimpleData>
		<SimpleData name="fech_act">2018-06-30</SimpleData>
		<SimpleData name="Lat">5.7e-14</SimpleData>
		<SimpleData name="Long">5.7e-14</SimpleData>
	</SchemaData></ExtendedData>
      <Point><coordinates>0.0,0.0</coordinates></Point>
  </Placemark>
  <Placemark id="termoelectricas.155">
	<name>RASO POWER (AMPLIACION I)</name>
	<ExtendedData><SchemaData schemaUrl="#termoelectricas">
		<SimpleData name="OBJECTID_1">155</SimpleData>
		<SimpleData name="gml_id">termoel_ctricas_ab7d0ebd_96b7_481f_8804_f05173a82eef.155</SimpleData>
		<SimpleData name="objectid">155</SimpleData>
		<SimpleData name="nombre">RASO POWER (AMPLIACION I)</SimpleData>
		<SimpleData name="propiedad">ELECTRICA RASO POWER LTDA.</SimpleData>
		<SimpleData name="tipo">TERMOELECTRICA</SimpleData>
		<SimpleData name="combustibl">GAS NATURAL</SimpleData>
		<SimpleData name="potencia">2</SimpleData>
		<SimpleData name="unidades">1</SimpleData>
		<SimpleData name="rca">S/I</SimpleData>
		<SimpleData name="sist_elect">SEN</SimpleData>
		<SimpleData name="estado">EN OPERACION</SimpleData>
		<SimpleData name="f_operacio">2017</SimpleData>
		<SimpleData name="medio_gx">PMGD</SimpleData>
		<SimpleData name="coord_este">0</SimpleData>
		<SimpleData name="coord_nort">0</SimpleData>
		<SimpleData name="datum">WGS 1984</SimpleData>
		<SimpleData name="huso">19 SUR</SimpleData>
		<SimpleData name="region">MAULE</SimpleData>
		<SimpleData name="provincia">TALCA</SimpleData>
		<SimpleData name="comuna">CONSTITUCION</SimpleData>
		<SimpleData name="fuente_bas">CNE</SimpleData>
		<SimpleData name="fech_crea">30/06/2018</SimpleData>
		<SimpleData name="fech_act">2018-06-30</SimpleData>
		<SimpleData name="Lat">5.7e-14</SimpleData>
		<SimpleData name="Long">5.7e-14</SimpleData>
	</SchemaData></ExtendedData>
      <Point><coordinates>0.0,0.0</coordinates></Point>
  </Placemark>
  <Placemark id="termoelectricas.156">
	<name>RASO POWER (AMPLIACION II - GRUPO DIESEL N° 3)</name>
	<ExtendedData><SchemaData schemaUrl="#termoelectricas">
		<SimpleData name="OBJECTID_1">156</SimpleData>
		<SimpleData name="gml_id">termoel_ctricas_ab7d0ebd_96b7_481f_8804_f05173a82eef.156</SimpleData>
		<SimpleData name="objectid">156</SimpleData>
		<SimpleData name="nombre">RASO POWER (AMPLIACION II - GRUPO DIESEL N° 3)</SimpleData>
		<SimpleData name="propiedad">ELECTRICA RASO POWER LTDA.</SimpleData>
		<SimpleData name="tipo">TERMOELECTRICA</SimpleData>
		<SimpleData name="combustibl">PETROLEO DIESEL</SimpleData>
		<SimpleData name="potencia">1.34</SimpleData>
		<SimpleData name="unidades">1</SimpleData>
		<SimpleData name="rca">S/I</SimpleData>
		<SimpleData name="sist_elect">SEN</SimpleData>
		<SimpleData name="estado">EN OPERACION</SimpleData>
		<SimpleData name="f_operacio">2017</SimpleData>
		<SimpleData name="medio_gx">PMGD</SimpleData>
		<SimpleData name="coord_este">0</SimpleData>
		<SimpleData name="coord_nort">0</SimpleData>
		<SimpleData name="datum">WGS 1984</SimpleData>
		<SimpleData name="huso">19 SUR</SimpleData>
		<SimpleData name="region">MAULE</SimpleData>
		<SimpleData name="provincia">TALCA</SimpleData>
		<SimpleData name="comuna">CONSTITUCION</SimpleData>
		<SimpleData name="fuente_bas">CNE</SimpleData>
		<SimpleData name="fech_crea">30/06/2018</SimpleData>
		<SimpleData name="fech_act">2018-06-30</SimpleData>
		<SimpleData name="Lat">5.7e-14</SimpleData>
		<SimpleData name="Long">5.7e-14</SimpleData>
	</SchemaData></ExtendedData>
      <Point><coordinates>0.0,0.0</coordinates></Point>
  </Placemark>
  <Placemark id="termoelectricas.157">
	<name>RASO POWER (AMPLIACION III - GRUPO DIESEL N° 4)</name>
	<ExtendedData><SchemaData schemaUrl="#termoelectricas">
		<SimpleData name="OBJECTID_1">157</SimpleData>
		<SimpleData name="gml_id">termoel_ctricas_ab7d0ebd_96b7_481f_8804_f05173a82eef.157</SimpleData>
		<SimpleData name="objectid">157</SimpleData>
		<SimpleData name="nombre">RASO POWER (AMPLIACION III - GRUPO DIESEL N° 4)</SimpleData>
		<SimpleData name="propiedad">ELECTRICA RASO POWER LTDA.</SimpleData>
		<SimpleData name="tipo">TERMOELECTRICA</SimpleData>
		<SimpleData name="combustibl">PETROLEO DIESEL</SimpleData>
		<SimpleData name="potencia">1.12</SimpleData>
		<SimpleData name="unidades">1</SimpleData>
		<SimpleData name="rca">S/I</SimpleData>
		<SimpleData name="sist_elect">SEN</SimpleData>
		<SimpleData name="estado">EN OPERACION</SimpleData>
		<SimpleData name="f_operacio">2017</SimpleData>
		<SimpleData name="medio_gx">PMGD</SimpleData>
		<SimpleData name="coord_este">0</SimpleData>
		<SimpleData name="coord_nort">0</SimpleData>
		<SimpleData name="datum">WGS 1984</SimpleData>
		<SimpleData name="huso">19 SUR</SimpleData>
		<SimpleData name="region">MAULE</SimpleData>
		<SimpleData name="provincia">TALCA</SimpleData>
		<SimpleData name="comuna">CONSTITUCION</SimpleData>
		<SimpleData name="fuente_bas">CNE</SimpleData>
		<SimpleData name="fech_crea">30/06/2018</SimpleData>
		<SimpleData name="fech_act">2018-06-30</SimpleData>
		<SimpleData name="Lat">5.7e-14</SimpleData>
		<SimpleData name="Long">5.7e-14</SimpleData>
	</SchemaData></ExtendedData>
      <Point><coordinates>0.0,0.0</coordinates></Point>
  </Placemark>
</Folder>
</Document></kml>
