<?xml version="1.0" encoding="utf-8" ?>
<kml xmlns="http://www.opengis.net/kml/2.2">
<Document id="root_doc">
<Schema name="infraestructura_portuaria" id="infraestructura_portuaria">
	<SimpleField name="OBJECTID_1" type="string"></SimpleField>
	<SimpleField name="OBJECTID" type="string"></SimpleField>
	<SimpleField name="CODOBRA" type="string"></SimpleField>
	<SimpleField name="TIPOOBRA" type="string"></SimpleField>
	<SimpleField name="DESCOBRA" type="string"></SimpleField>
	<SimpleField name="CODCOMUNA" type="string"></SimpleField>
	<SimpleField name="LONMUROS" type="string"></SimpleField>
	<SimpleField name="LONESCOLLE" type="string"></SimpleField>
	<SimpleField name="LONMUELLE" type="string"></SimpleField>
	<SimpleField name="LONRAMPCO" type="string"></SimpleField>
	<SimpleField name="LONRAMPA" type="string"></SimpleField>
	<SimpleField name="LONRAMPAVA" type="string"></SimpleField>
	<SimpleField name="LONPONTON" type="string"></SimpleField>
	<SimpleField name="LONCAMIAC" type="string"></SimpleField>
	<SimpleField name="AREAEXPLAN" type="float"></SimpleField>
	<SimpleField name="BOXUNI" type="string"></SimpleField>
	<SimpleField name="BANO_UNI" type="string"></SimpleField>
	<SimpleField name="TIPOGEOM" type="string"></SimpleField>
	<SimpleField name="GLOBALID" type="string"></SimpleField>
	<SimpleField name="FOTO" type="string"></SimpleField>
	<SimpleField name="SALAREUNI" type="string"></SimpleField>
	<SimpleField name="PLAYAARTIF" type="string"></SimpleField>
	<SimpleField name="PASEOCOSTE" type="string"></SimpleField>
	<SimpleField name="ESTADOGRAL" type="string"></SimpleField>
	<SimpleField name="GRUAOPESC" type="string"></SimpleField>
	<SimpleField name="LONSALAADM" type="string"></SimpleField>
	<SimpleField name="LONSALVENT" type="string"></SimpleField>
	<SimpleField name="SALAPROC" type="string"></SimpleField>
	<SimpleField name="AREABODEGA" type="string"></SimpleField>
	<SimpleField name="AREACAFRI" type="string"></SimpleField>
	<SimpleField name="AREAREFUG" type="string"></SimpleField>
	<SimpleField name="AREAGALPON" type="string"></SimpleField>
	<SimpleField name="PROGRAMA" type="string"></SimpleField>
	<SimpleField name="IMAGEN" type="string"></SimpleField>
	<SimpleField name="MXLOCATION" type="string"></SimpleField>
	<SimpleField name="MXSITEID" type="string"></SimpleField>
	<SimpleField name="COD_REG" type="string"></SimpleField>
</Schema>
<Folder><name>infraestructura_portuaria</name>
  <Placemark id="infraestructura_portuaria.1">
	<ExtendedData><SchemaData schemaUrl="#infraestructura_portuaria">
		<SimpleData name="OBJECTID_1">1</SimpleData>
		<SimpleData name="OBJECTID">2244</SimpleData>
		<SimpleData name="CODOBRA">10-055</SimpleData>
		<SimpleData name="TIPOOBRA">10</SimpleData>
		<SimpleData name="DESCOBRA">RAMPA SECTOR LOYOLA</SimpleData>
		<SimpleData name="CODCOMUNA">CHAITEN</SimpleData>
		<SimpleData name="LONMUROS">0</SimpleData>
		<SimpleData name="LONESCOLLE">0</SimpleData>
		<SimpleData name="LONMUELLE">0</SimpleData>
		<SimpleData name="LONRAMPCO">0</SimpleData>
		<SimpleData name="LONRAMPA">112</SimpleData>
		<SimpleData name="LONRAMPAVA">0</SimpleData>
		<SimpleData name="LONPONTON">0</SimpleData>
		<SimpleData name="LONCAMIAC">0</SimpleData>
		<SimpleData name="AREAEXPLAN">0</SimpleData>
		<SimpleData name="BOXUNI">0</SimpleData>
		<SimpleData name="BANO_UNI">0</SimpleData>
		<SimpleData name="TIPOGEOM">1</SimpleData>
		<SimpleData name="GLOBALID">{42870669-A343-4BEF-91AA-102850E861F7}</SimpleData>
		<SimpleData name="SALAREUNI">0</SimpleData>
		<SimpleData name="PLAYAARTIF">0</SimpleData>
		<SimpleData name="PASEOCOSTE">0</SimpleData>
		<SimpleData name="ESTADOGRAL">MALO</SimpleData>
		<SimpleData name="GRUAOPESC">0</SimpleData>
		<SimpleData name="LONSALAADM">0</SimpleData>
		<SimpleData name="LONSALVENT">0</SimpleData>
		<SimpleData name="SALAPROC">0</SimpleData>
		<SimpleData name="AREABODEGA">0</SimpleData>
		<SimpleData name="AREACAFRI">0</SimpleData>
		<SimpleData name="AREAREFUG">1</SimpleData>
		<SimpleData name="AREAGALPON">0</SimpleData>
		<SimpleData name="PROGRAMA">CONEXIÓN</SimpleData>
		<SimpleData name="IMAGEN">http://colabora.mop.gov.cl/sites/dop/dptopl/dp/Documentos%20compartidos/Imágenes%20para%20el%20Modelo%20de%20Datos/10-%20LOS%20LAGOS/10-055.jpg</SimpleData>
		<SimpleData name="MXLOCATION">10401-126</SimpleData>
		<SimpleData name="MXSITEID">DOP</SimpleData>
		<SimpleData name="COD_REG">0</SimpleData>
	</SchemaData></ExtendedData>
      <Point><coordinates>-72.734138321,-42.514755102</coordinates></Point>
  </Placemark>
  <Placemark id="infraestructura_portuaria.2">
	<ExtendedData><SchemaData schemaUrl="#infraestructura_portuaria">
		<SimpleData name="OBJECTID_1">2</SimpleData>
		<SimpleData name="OBJECTID">2246</SimpleData>
		<SimpleData name="CODOBRA">14-25</SimpleData>
		<SimpleData name="TIPOOBRA">1</SimpleData>
		<SimpleData name="DESCOBRA">BORDE COSTERO CORRAL</SimpleData>
		<SimpleData name="CODCOMUNA">CORRAL</SimpleData>
		<SimpleData name="LONMUROS">400</SimpleData>
		<SimpleData name="LONESCOLLE">12</SimpleData>
		<SimpleData name="LONMUELLE">0</SimpleData>
		<SimpleData name="LONRAMPCO">0</SimpleData>
		<SimpleData name="LONRAMPA">0</SimpleData>
		<SimpleData name="LONRAMPAVA">0</SimpleData>
		<SimpleData name="LONPONTON">0</SimpleData>
		<SimpleData name="LONCAMIAC">0</SimpleData>
		<SimpleData name="AREAEXPLAN">0</SimpleData>
		<SimpleData name="BOXUNI">0</SimpleData>
		<SimpleData name="BANO_UNI">0</SimpleData>
		<SimpleData name="TIPOGEOM">1</SimpleData>
		<SimpleData name="GLOBALID">{FC6E1D84-4CBE-46DB-91EB-0EDDAD435EAE}</SimpleData>
		<SimpleData name="SALAREUNI">0</SimpleData>
		<SimpleData name="PLAYAARTIF">0</SimpleData>
		<SimpleData name="PASEOCOSTE">1148</SimpleData>
		<SimpleData name="ESTADOGRAL">MUY BUENO</SimpleData>
		<SimpleData name="GRUAOPESC">0</SimpleData>
		<SimpleData name="LONSALAADM">0</SimpleData>
		<SimpleData name="LONSALVENT">0</SimpleData>
		<SimpleData name="SALAPROC">0</SimpleData>
		<SimpleData name="AREABODEGA">0</SimpleData>
		<SimpleData name="AREACAFRI">0</SimpleData>
		<SimpleData name="AREAREFUG">0</SimpleData>
		<SimpleData name="AREAGALPON">0</SimpleData>
		<SimpleData name="PROGRAMA">MEJORAMIENTO DE BORDE COSTERO</SimpleData>
		<SimpleData name="IMAGEN">http://colabora.mop.gov.cl/sites/dop/dptopl/dp/Documentos%20compartidos/Imágenes%20para%20el%20Modelo%20de%20Datos/14-%20LOS%20RIOS/14-25.jpg</SimpleData>
		<SimpleData name="MXSITEID">DOP</SimpleData>
		<SimpleData name="COD_REG">0</SimpleData>
	</SchemaData></ExtendedData>
      <Point><coordinates>-73.4286499249999,-39.883964552</coordinates></Point>
  </Placemark>
  <Placemark id="infraestructura_portuaria.3">
	<ExtendedData><SchemaData schemaUrl="#infraestructura_portuaria">
		<SimpleData name="OBJECTID_1">3</SimpleData>
		<SimpleData name="OBJECTID">2247</SimpleData>
		<SimpleData name="CODOBRA">14-20</SimpleData>
		<SimpleData name="TIPOOBRA">1</SimpleData>
		<SimpleData name="DESCOBRA">BORDE COSTERO AMARGOS</SimpleData>
		<SimpleData name="CODCOMUNA">CORRAL</SimpleData>
		<SimpleData name="LONMUROS">195</SimpleData>
		<SimpleData name="LONESCOLLE">0</SimpleData>
		<SimpleData name="LONMUELLE">0</SimpleData>
		<SimpleData name="LONRAMPCO">0</SimpleData>
		<SimpleData name="LONRAMPA">0</SimpleData>
		<SimpleData name="LONRAMPAVA">0</SimpleData>
		<SimpleData name="LONPONTON">0</SimpleData>
		<SimpleData name="LONCAMIAC">0</SimpleData>
		<SimpleData name="AREAEXPLAN">0</SimpleData>
		<SimpleData name="BOXUNI">0</SimpleData>
		<SimpleData name="BANO_UNI">0</SimpleData>
		<SimpleData name="TIPOGEOM">1</SimpleData>
		<SimpleData name="GLOBALID">{2A7C3156-ABA4-43DD-A239-D3381DDC9181}</SimpleData>
		<SimpleData name="SALAREUNI">0</SimpleData>
		<SimpleData name="PLAYAARTIF">0</SimpleData>
		<SimpleData name="PASEOCOSTE">0</SimpleData>
		<SimpleData name="ESTADOGRAL">REGULAR</SimpleData>
		<SimpleData name="GRUAOPESC">0</SimpleData>
		<SimpleData name="LONSALAADM">0</SimpleData>
		<SimpleData name="LONSALVENT">0</SimpleData>
		<SimpleData name="SALAPROC">0</SimpleData>
		<SimpleData name="AREABODEGA">0</SimpleData>
		<SimpleData name="AREACAFRI">0</SimpleData>
		<SimpleData name="AREAREFUG">0</SimpleData>
		<SimpleData name="AREAGALPON">0</SimpleData>
		<SimpleData name="PROGRAMA">MEJORAMIENTO DE BORDE COSTERO</SimpleData>
		<SimpleData name="IMAGEN">http://colabora.mop.gov.cl/sites/dop/dptopl/dp/Documentos%20compartidos/Imágenes%20para%20el%20Modelo%20de%20Datos/14-%20LOS%20RIOS/14-20.jpg</SimpleData>
		<SimpleData name="MXLOCATION">14102-13</SimpleData>
		<SimpleData name="MXSITEID">DOP</SimpleData>
		<SimpleData name="COD_REG">0</SimpleData>
	</SchemaData></ExtendedData>
      <Point><coordinates>-73.426314936,-39.8748450969999</coordinates></Point>
  </Placemark>
  <Placemark id="infraestructura_portuaria.4">
	<ExtendedData><SchemaData schemaUrl="#infraestructura_portuaria">
		<SimpleData name="OBJECTID_1">4</SimpleData>
		<SimpleData name="OBJECTID">2249</SimpleData>
		<SimpleData name="CODOBRA">14-21</SimpleData>
		<SimpleData name="TIPOOBRA">1</SimpleData>
		<SimpleData name="DESCOBRA">BORDE COSTERO LOS MOLINOS</SimpleData>
		<SimpleData name="CODCOMUNA">VALDIVIA</SimpleData>
		<SimpleData name="LONMUROS">912</SimpleData>
		<SimpleData name="LONESCOLLE">0</SimpleData>
		<SimpleData name="LONMUELLE">0</SimpleData>
		<SimpleData name="LONRAMPCO">0</SimpleData>
		<SimpleData name="LONRAMPA">0</SimpleData>
		<SimpleData name="LONRAMPAVA">0</SimpleData>
		<SimpleData name="LONPONTON">0</SimpleData>
		<SimpleData name="LONCAMIAC">0</SimpleData>
		<SimpleData name="AREAEXPLAN">0</SimpleData>
		<SimpleData name="BOXUNI">0</SimpleData>
		<SimpleData name="BANO_UNI">0</SimpleData>
		<SimpleData name="TIPOGEOM">1</SimpleData>
		<SimpleData name="GLOBALID">{E5E4E1D0-C61C-4E6A-A730-FE73FE4FCFEF}</SimpleData>
		<SimpleData name="SALAREUNI">0</SimpleData>
		<SimpleData name="PLAYAARTIF">0</SimpleData>
		<SimpleData name="PASEOCOSTE">912</SimpleData>
		<SimpleData name="ESTADOGRAL">REGULAR</SimpleData>
		<SimpleData name="GRUAOPESC">0</SimpleData>
		<SimpleData name="LONSALAADM">0</SimpleData>
		<SimpleData name="LONSALVENT">0</SimpleData>
		<SimpleData name="SALAPROC">0</SimpleData>
		<SimpleData name="AREABODEGA">0</SimpleData>
		<SimpleData name="AREACAFRI">0</SimpleData>
		<SimpleData name="AREAREFUG">0</SimpleData>
		<SimpleData name="AREAGALPON">0</SimpleData>
		<SimpleData name="PROGRAMA">MEJORAMIENTO DE BORDE COSTERO</SimpleData>
		<SimpleData name="IMAGEN">http://colabora.mop.gov.cl/sites/dop/dptopl/dp/Documentos%20compartidos/Imágenes%20para%20el%20Modelo%20de%20Datos/14-%20LOS%20RIOS/14-21.jpg</SimpleData>
		<SimpleData name="MXLOCATION">14101-22</SimpleData>
		<SimpleData name="MXSITEID">DOP</SimpleData>
		<SimpleData name="COD_REG">0</SimpleData>
	</SchemaData></ExtendedData>
      <Point><coordinates>-73.3956072289999,-39.8449022349999</coordinates></Point>
  </Placemark>
  <Placemark id="infraestructura_portuaria.5">
	<ExtendedData><SchemaData schemaUrl="#infraestructura_portuaria">
		<SimpleData name="OBJECTID_1">5</SimpleData>
		<SimpleData name="OBJECTID">2253</SimpleData>
		<SimpleData name="CODOBRA">12-07</SimpleData>
		<SimpleData name="TIPOOBRA">1</SimpleData>
		<SimpleData name="DESCOBRA">COSTANERA NORTE SECTOR CHIPERA</SimpleData>
		<SimpleData name="CODCOMUNA">MAGALLANES</SimpleData>
		<SimpleData name="LONMUROS">0</SimpleData>
		<SimpleData name="LONESCOLLE">0</SimpleData>
		<SimpleData name="LONMUELLE">0</SimpleData>
		<SimpleData name="LONRAMPCO">0</SimpleData>
		<SimpleData name="LONRAMPA">0</SimpleData>
		<SimpleData name="LONRAMPAVA">0</SimpleData>
		<SimpleData name="LONPONTON">0</SimpleData>
		<SimpleData name="LONCAMIAC">0</SimpleData>
		<SimpleData name="AREAEXPLAN">0</SimpleData>
		<SimpleData name="BOXUNI">0</SimpleData>
		<SimpleData name="BANO_UNI">0</SimpleData>
		<SimpleData name="TIPOGEOM">1</SimpleData>
		<SimpleData name="GLOBALID">{B34DF00F-C74C-43BF-9C73-707D206DB51D}</SimpleData>
		<SimpleData name="SALAREUNI">0</SimpleData>
		<SimpleData name="PLAYAARTIF">0</SimpleData>
		<SimpleData name="PASEOCOSTE">0</SimpleData>
		<SimpleData name="ESTADOGRAL">MUY BUENO</SimpleData>
		<SimpleData name="GRUAOPESC">0</SimpleData>
		<SimpleData name="LONSALAADM">0</SimpleData>
		<SimpleData name="LONSALVENT">0</SimpleData>
		<SimpleData name="SALAPROC">0</SimpleData>
		<SimpleData name="AREABODEGA">0</SimpleData>
		<SimpleData name="AREACAFRI">0</SimpleData>
		<SimpleData name="AREAREFUG">0</SimpleData>
		<SimpleData name="AREAGALPON">0</SimpleData>
		<SimpleData name="PROGRAMA">PROTECCION DE RIBERA</SimpleData>
		<SimpleData name="IMAGEN">http://colabora.mop.gov.cl/sites/dop/dptopl/dp/Documentos%20compartidos/Imágenes%20para%20el%20Modelo%20de%20Datos/12-%20MAGALLANES/12-07.jpg</SimpleData>
		<SimpleData name="MXLOCATION">12101-07</SimpleData>
		<SimpleData name="MXSITEID">DOP</SimpleData>
		<SimpleData name="COD_REG">0</SimpleData>
	</SchemaData></ExtendedData>
      <Point><coordinates>-70.862468028,-53.1358467389999</coordinates></Point>
  </Placemark>
  <Placemark id="infraestructura_portuaria.6">
	<ExtendedData><SchemaData schemaUrl="#infraestructura_portuaria">
		<SimpleData name="OBJECTID_1">6</SimpleData>
		<SimpleData name="OBJECTID">2255</SimpleData>
		<SimpleData name="CODOBRA">12-11</SimpleData>
		<SimpleData name="TIPOOBRA">1</SimpleData>
		<SimpleData name="DESCOBRA">COSTANERA SUR</SimpleData>
		<SimpleData name="CODCOMUNA">MAGALLANES</SimpleData>
		<SimpleData name="LONMUROS">830</SimpleData>
		<SimpleData name="LONESCOLLE">0</SimpleData>
		<SimpleData name="LONMUELLE">0</SimpleData>
		<SimpleData name="LONRAMPCO">0</SimpleData>
		<SimpleData name="LONRAMPA">0</SimpleData>
		<SimpleData name="LONRAMPAVA">0</SimpleData>
		<SimpleData name="LONPONTON">0</SimpleData>
		<SimpleData name="LONCAMIAC">0</SimpleData>
		<SimpleData name="AREAEXPLAN">0</SimpleData>
		<SimpleData name="BOXUNI">0</SimpleData>
		<SimpleData name="BANO_UNI">0</SimpleData>
		<SimpleData name="TIPOGEOM">1</SimpleData>
		<SimpleData name="GLOBALID">{0C9C099C-CAE4-417E-AFC1-083FDD47B5EE}</SimpleData>
		<SimpleData name="SALAREUNI">0</SimpleData>
		<SimpleData name="PLAYAARTIF">0</SimpleData>
		<SimpleData name="PASEOCOSTE">0</SimpleData>
		<SimpleData name="ESTADOGRAL">BUENO</SimpleData>
		<SimpleData name="GRUAOPESC">0</SimpleData>
		<SimpleData name="LONSALAADM">0</SimpleData>
		<SimpleData name="LONSALVENT">0</SimpleData>
		<SimpleData name="SALAPROC">0</SimpleData>
		<SimpleData name="AREABODEGA">0</SimpleData>
		<SimpleData name="AREACAFRI">0</SimpleData>
		<SimpleData name="AREAREFUG">0</SimpleData>
		<SimpleData name="AREAGALPON">0</SimpleData>
		<SimpleData name="PROGRAMA">PROTECCION DE RIBERA</SimpleData>
		<SimpleData name="IMAGEN">http://colabora.mop.gov.cl/sites/dop/dptopl/dp/Documentos%20compartidos/Imágenes%20para%20el%20Modelo%20de%20Datos/12-%20MAGALLANES/12-11.jpg</SimpleData>
		<SimpleData name="MXLOCATION">12101-11</SimpleData>
		<SimpleData name="MXSITEID">DOP</SimpleData>
		<SimpleData name="COD_REG">0</SimpleData>
	</SchemaData></ExtendedData>
      <Point><coordinates>-70.93844188,-53.2126150829999</coordinates></Point>
  </Placemark>
  <Placemark id="infraestructura_portuaria.7">
	<ExtendedData><SchemaData schemaUrl="#infraestructura_portuaria">
		<SimpleData name="OBJECTID_1">7</SimpleData>
		<SimpleData name="OBJECTID">2565</SimpleData>
		<SimpleData name="CODOBRA">14-24</SimpleData>
		<SimpleData name="TIPOOBRA">1</SimpleData>
		<SimpleData name="DESCOBRA">PASEO COSTERO TERMINAL DE PASAJEROS DE NIEBLA</SimpleData>
		<SimpleData name="CODCOMUNA">VALDIVIA</SimpleData>
		<SimpleData name="LONMUROS">232</SimpleData>
		<SimpleData name="LONESCOLLE">0</SimpleData>
		<SimpleData name="LONMUELLE">0</SimpleData>
		<SimpleData name="LONRAMPCO">0</SimpleData>
		<SimpleData name="LONRAMPA">0</SimpleData>
		<SimpleData name="LONRAMPAVA">0</SimpleData>
		<SimpleData name="LONPONTON">0</SimpleData>
		<SimpleData name="LONCAMIAC">0</SimpleData>
		<SimpleData name="AREAEXPLAN">0</SimpleData>
		<SimpleData name="BOXUNI">0</SimpleData>
		<SimpleData name="BANO_UNI">0</SimpleData>
		<SimpleData name="TIPOGEOM">1</SimpleData>
		<SimpleData name="GLOBALID">{5FB40FD8-EAF0-4F89-AEE7-03AFF6B71F0B}</SimpleData>
		<SimpleData name="SALAREUNI">0</SimpleData>
		<SimpleData name="PLAYAARTIF">0</SimpleData>
		<SimpleData name="PASEOCOSTE">232</SimpleData>
		<SimpleData name="ESTADOGRAL">BUENO</SimpleData>
		<SimpleData name="GRUAOPESC">0</SimpleData>
		<SimpleData name="LONSALAADM">0</SimpleData>
		<SimpleData name="LONSALVENT">0</SimpleData>
		<SimpleData name="SALAPROC">0</SimpleData>
		<SimpleData name="AREABODEGA">0</SimpleData>
		<SimpleData name="AREACAFRI">0</SimpleData>
		<SimpleData name="AREAREFUG">0</SimpleData>
		<SimpleData name="AREAGALPON">0</SimpleData>
		<SimpleData name="PROGRAMA">MEJORAMIENTO DE BORDE COSTERO</SimpleData>
		<SimpleData name="IMAGEN">http://colabora.mop.gov.cl/sites/dop/dptopl/dp/Documentos%20compartidos/Imágenes%20para%20el%20Modelo%20de%20Datos/14-%20LOS%20RIOS/14-24.jpg</SimpleData>
		<SimpleData name="MXLOCATION">14101-23</SimpleData>
		<SimpleData name="MXSITEID">DOP</SimpleData>
		<SimpleData name="COD_REG">0</SimpleData>
	</SchemaData></ExtendedData>
      <Point><coordinates>-73.387777133,-39.875655675</coordinates></Point>
  </Placemark>
  <Placemark id="infraestructura_portuaria.8">
	<ExtendedData><SchemaData schemaUrl="#infraestructura_portuaria">
		<SimpleData name="OBJECTID_1">8</SimpleData>
		<SimpleData name="OBJECTID">2593</SimpleData>
		<SimpleData name="CODOBRA">10-006</SimpleData>
		<SimpleData name="TIPOOBRA">10</SimpleData>
		<SimpleData name="DESCOBRA">RAMPA ISLA MAILLEN - RAMPA 1</SimpleData>
		<SimpleData name="CODCOMUNA">PUERTO MONTT</SimpleData>
		<SimpleData name="LONMUROS">296</SimpleData>
		<SimpleData name="LONESCOLLE">0</SimpleData>
		<SimpleData name="LONMUELLE">0</SimpleData>
		<SimpleData name="LONRAMPCO">0</SimpleData>
		<SimpleData name="LONRAMPA">148</SimpleData>
		<SimpleData name="LONRAMPAVA">0</SimpleData>
		<SimpleData name="LONPONTON">0</SimpleData>
		<SimpleData name="LONCAMIAC">0</SimpleData>
		<SimpleData name="AREAEXPLAN">0</SimpleData>
		<SimpleData name="BOXUNI">0</SimpleData>
		<SimpleData name="BANO_UNI">0</SimpleData>
		<SimpleData name="TIPOGEOM">1</SimpleData>
		<SimpleData name="GLOBALID">{55368C2E-F3ED-4E0E-9692-4D7DB372EBB7}</SimpleData>
		<SimpleData name="SALAREUNI">0</SimpleData>
		<SimpleData name="PLAYAARTIF">0</SimpleData>
		<SimpleData name="PASEOCOSTE">0</SimpleData>
		<SimpleData name="ESTADOGRAL">REGULAR</SimpleData>
		<SimpleData name="GRUAOPESC">0</SimpleData>
		<SimpleData name="LONSALAADM">0</SimpleData>
		<SimpleData name="LONSALVENT">0</SimpleData>
		<SimpleData name="SALAPROC">0</SimpleData>
		<SimpleData name="AREABODEGA">0</SimpleData>
		<SimpleData name="AREACAFRI">0</SimpleData>
		<SimpleData name="AREAREFUG">1</SimpleData>
		<SimpleData name="AREAGALPON">0</SimpleData>
		<SimpleData name="PROGRAMA">CONEXIÓN</SimpleData>
		<SimpleData name="IMAGEN">http://colabora.mop.gov.cl/sites/dop/dptopl/dp/Documentos%20compartidos/Imágenes%20para%20el%20Modelo%20de%20Datos/10-%20LOS%20LAGOS/10-006.jpg</SimpleData>
		<SimpleData name="MXLOCATION">10101-99</SimpleData>
		<SimpleData name="MXSITEID">DOP</SimpleData>
		<SimpleData name="COD_REG">0</SimpleData>
	</SchemaData></ExtendedData>
      <Point><coordinates>-73.0020266929999,-41.555747993</coordinates></Point>
  </Placemark>
  <Placemark id="infraestructura_portuaria.9">
	<ExtendedData><SchemaData schemaUrl="#infraestructura_portuaria">
		<SimpleData name="OBJECTID_1">9</SimpleData>
		<SimpleData name="OBJECTID">2594</SimpleData>
		<SimpleData name="CODOBRA">10-005</SimpleData>
		<SimpleData name="TIPOOBRA">10</SimpleData>
		<SimpleData name="DESCOBRA">RAMPA EL PROGRESO, ANAHUAC</SimpleData>
		<SimpleData name="CODCOMUNA">PUERTO MONTT</SimpleData>
		<SimpleData name="LONMUROS">32</SimpleData>
		<SimpleData name="LONESCOLLE">0</SimpleData>
		<SimpleData name="LONMUELLE">0</SimpleData>
		<SimpleData name="LONRAMPCO">0</SimpleData>
		<SimpleData name="LONRAMPA">22</SimpleData>
		<SimpleData name="LONRAMPAVA">0</SimpleData>
		<SimpleData name="LONPONTON">0</SimpleData>
		<SimpleData name="LONCAMIAC">0</SimpleData>
		<SimpleData name="AREAEXPLAN">165.5</SimpleData>
		<SimpleData name="BOXUNI">0</SimpleData>
		<SimpleData name="BANO_UNI">0</SimpleData>
		<SimpleData name="TIPOGEOM">1</SimpleData>
		<SimpleData name="GLOBALID">{95A31A2E-FEF6-4E05-9ED3-147B285AC5F3}</SimpleData>
		<SimpleData name="SALAREUNI">0</SimpleData>
		<SimpleData name="PLAYAARTIF">0</SimpleData>
		<SimpleData name="PASEOCOSTE">0</SimpleData>
		<SimpleData name="ESTADOGRAL">BUENO</SimpleData>
		<SimpleData name="GRUAOPESC">0</SimpleData>
		<SimpleData name="LONSALAADM">0</SimpleData>
		<SimpleData name="LONSALVENT">0</SimpleData>
		<SimpleData name="SALAPROC">0</SimpleData>
		<SimpleData name="AREABODEGA">0</SimpleData>
		<SimpleData name="AREACAFRI">0</SimpleData>
		<SimpleData name="AREAREFUG">0</SimpleData>
		<SimpleData name="AREAGALPON">0</SimpleData>
		<SimpleData name="PROGRAMA">CONEXIÓN</SimpleData>
		<SimpleData name="IMAGEN">http://colabora.mop.gov.cl/sites/dop/dptopl/dp/Documentos%20compartidos/Imágenes%20para%20el%20Modelo%20de%20Datos/10-%20LOS%20LAGOS/10-005.jpg</SimpleData>
		<SimpleData name="MXLOCATION">10101-98</SimpleData>
		<SimpleData name="MXSITEID">DOP</SimpleData>
		<SimpleData name="COD_REG">0</SimpleData>
	</SchemaData></ExtendedData>
      <Point><coordinates>-72.9899569029999,-41.5000774599999</coordinates></Point>
  </Placemark>
  <Placemark id="infraestructura_portuaria.10">
	<ExtendedData><SchemaData schemaUrl="#infraestructura_portuaria">
		<SimpleData name="OBJECTID_1">10</SimpleData>
		<SimpleData name="OBJECTID">2595</SimpleData>
		<SimpleData name="CODOBRA">10-001</SimpleData>
		<SimpleData name="TIPOOBRA">10</SimpleData>
		<SimpleData name="DESCOBRA">RAMPA PUERTO PONCHO</SimpleData>
		<SimpleData name="CODCOMUNA">PUERTO OCTAY</SimpleData>
		<SimpleData name="LONMUROS">27</SimpleData>
		<SimpleData name="LONESCOLLE">0</SimpleData>
		<SimpleData name="LONMUELLE">0</SimpleData>
		<SimpleData name="LONRAMPCO">0</SimpleData>
		<SimpleData name="LONRAMPA">30</SimpleData>
		<SimpleData name="LONRAMPAVA">0</SimpleData>
		<SimpleData name="LONPONTON">0</SimpleData>
		<SimpleData name="LONCAMIAC">0</SimpleData>
		<SimpleData name="AREAEXPLAN">90</SimpleData>
		<SimpleData name="BOXUNI">0</SimpleData>
		<SimpleData name="BANO_UNI">0</SimpleData>
		<SimpleData name="TIPOGEOM">1</SimpleData>
		<SimpleData name="GLOBALID">{6C42A9B6-D1F6-44B6-A4DE-8EA5E557F575}</SimpleData>
		<SimpleData name="SALAREUNI">0</SimpleData>
		<SimpleData name="PLAYAARTIF">0</SimpleData>
		<SimpleData name="PASEOCOSTE">0</SimpleData>
		<SimpleData name="ESTADOGRAL">REGULAR</SimpleData>
		<SimpleData name="GRUAOPESC">0</SimpleData>
		<SimpleData name="LONSALAADM">0</SimpleData>
		<SimpleData name="LONSALVENT">0</SimpleData>
		<SimpleData name="SALAPROC">0</SimpleData>
		<SimpleData name="AREABODEGA">0</SimpleData>
		<SimpleData name="AREACAFRI">0</SimpleData>
		<SimpleData name="AREAREFUG">0</SimpleData>
		<SimpleData name="AREAGALPON">0</SimpleData>
		<SimpleData name="PROGRAMA">CONEXIÓN</SimpleData>
		<SimpleData name="IMAGEN">http://colabora.mop.gov.cl/sites/dop/dptopl/dp/Documentos%20compartidos/Imágenes%20para%20el%20Modelo%20de%20Datos/10-%20LOS%20LAGOS/10-001.jpg</SimpleData>
		<SimpleData name="MXLOCATION">10302-116</SimpleData>
		<SimpleData name="MXSITEID">DOP</SimpleData>
		<SimpleData name="COD_REG">0</SimpleData>
	</SchemaData></ExtendedData>
      <Point><coordinates>-72.280929406,-40.892965364</coordinates></Point>
  </Placemark>
  <Placemark id="infraestructura_portuaria.11">
	<ExtendedData><SchemaData schemaUrl="#infraestructura_portuaria">
		<SimpleData name="OBJECTID_1">11</SimpleData>
		<SimpleData name="OBJECTID">2596</SimpleData>
		<SimpleData name="CODOBRA">10-101</SimpleData>
		<SimpleData name="TIPOOBRA">10</SimpleData>
		<SimpleData name="DESCOBRA">RAMPA DE TRANSBORDADORES DE QUELLON</SimpleData>
		<SimpleData name="CODCOMUNA">QUEILÉN</SimpleData>
		<SimpleData name="LONMUROS">33</SimpleData>
		<SimpleData name="LONESCOLLE">0</SimpleData>
		<SimpleData name="LONMUELLE">0</SimpleData>
		<SimpleData name="LONRAMPCO">0</SimpleData>
		<SimpleData name="LONRAMPA">85</SimpleData>
		<SimpleData name="LONRAMPAVA">0</SimpleData>
		<SimpleData name="LONPONTON">0</SimpleData>
		<SimpleData name="LONCAMIAC">0</SimpleData>
		<SimpleData name="AREAEXPLAN">40</SimpleData>
		<SimpleData name="BOXUNI">0</SimpleData>
		<SimpleData name="BANO_UNI">0</SimpleData>
		<SimpleData name="TIPOGEOM">1</SimpleData>
		<SimpleData name="GLOBALID">{125D0CD0-B569-44E0-ABA0-58DDAF7548E8}</SimpleData>
		<SimpleData name="SALAREUNI">0</SimpleData>
		<SimpleData name="PLAYAARTIF">0</SimpleData>
		<SimpleData name="PASEOCOSTE">0</SimpleData>
		<SimpleData name="ESTADOGRAL">BUENO</SimpleData>
		<SimpleData name="GRUAOPESC">0</SimpleData>
		<SimpleData name="LONSALAADM">0</SimpleData>
		<SimpleData name="LONSALVENT">0</SimpleData>
		<SimpleData name="SALAPROC">0</SimpleData>
		<SimpleData name="AREABODEGA">0</SimpleData>
		<SimpleData name="AREACAFRI">0</SimpleData>
		<SimpleData name="AREAREFUG">1</SimpleData>
		<SimpleData name="AREAGALPON">0</SimpleData>
		<SimpleData name="PROGRAMA">CONEXIÓN</SimpleData>
		<SimpleData name="IMAGEN">http://colabora.mop.gov.cl/sites/dop/dptopl/dp/Documentos%20compartidos/Imágenes%20para%20el%20Modelo%20de%20Datos/10-%20LOS%20LAGOS/10-101.jpg</SimpleData>
		<SimpleData name="MXLOCATION">10208-45</SimpleData>
		<SimpleData name="MXSITEID">DOP</SimpleData>
		<SimpleData name="COD_REG">0</SimpleData>
	</SchemaData></ExtendedData>
      <Point><coordinates>-73.6214893539999,-43.121665854</coordinates></Point>
  </Placemark>
  <Placemark id="infraestructura_portuaria.12">
	<ExtendedData><SchemaData schemaUrl="#infraestructura_portuaria">
		<SimpleData name="OBJECTID_1">12</SimpleData>
		<SimpleData name="OBJECTID">2597</SimpleData>
		<SimpleData name="CODOBRA">10-099</SimpleData>
		<SimpleData name="TIPOOBRA">10</SimpleData>
		<SimpleData name="DESCOBRA">RAMPA ISLA LAITEC</SimpleData>
		<SimpleData name="CODCOMUNA">QUEILÉN</SimpleData>
		<SimpleData name="LONMUROS">30</SimpleData>
		<SimpleData name="LONESCOLLE">0</SimpleData>
		<SimpleData name="LONMUELLE">0</SimpleData>
		<SimpleData name="LONRAMPCO">0</SimpleData>
		<SimpleData name="LONRAMPA">58</SimpleData>
		<SimpleData name="LONRAMPAVA">0</SimpleData>
		<SimpleData name="LONPONTON">0</SimpleData>
		<SimpleData name="LONCAMIAC">0</SimpleData>
		<SimpleData name="AREAEXPLAN">0</SimpleData>
		<SimpleData name="BOXUNI">0</SimpleData>
		<SimpleData name="BANO_UNI">0</SimpleData>
		<SimpleData name="TIPOGEOM">1</SimpleData>
		<SimpleData name="GLOBALID">{F72EB1D1-B8EA-47AB-9238-5331777D50E6}</SimpleData>
		<SimpleData name="SALAREUNI">0</SimpleData>
		<SimpleData name="PLAYAARTIF">0</SimpleData>
		<SimpleData name="PASEOCOSTE">0</SimpleData>
		<SimpleData name="ESTADOGRAL">BUENO</SimpleData>
		<SimpleData name="GRUAOPESC">0</SimpleData>
		<SimpleData name="LONSALAADM">0</SimpleData>
		<SimpleData name="LONSALVENT">0</SimpleData>
		<SimpleData name="SALAPROC">0</SimpleData>
		<SimpleData name="AREABODEGA">0</SimpleData>
		<SimpleData name="AREACAFRI">0</SimpleData>
		<SimpleData name="AREAREFUG">1</SimpleData>
		<SimpleData name="AREAGALPON">0</SimpleData>
		<SimpleData name="PROGRAMA">CONEXIÓN</SimpleData>
		<SimpleData name="IMAGEN">http://colabora.mop.gov.cl/sites/dop/dptopl/dp/Documentos%20compartidos/Imágenes%20para%20el%20Modelo%20de%20Datos/10-%20LOS%20LAGOS/10-099.jpg</SimpleData>
		<SimpleData name="MXLOCATION">10208-43</SimpleData>
		<SimpleData name="MXSITEID">DOP</SimpleData>
		<SimpleData name="COD_REG">0</SimpleData>
	</SchemaData></ExtendedData>
      <Point><coordinates>-73.609189506,-43.196311285</coordinates></Point>
  </Placemark>
  <Placemark id="infraestructura_portuaria.13">
	<ExtendedData><SchemaData schemaUrl="#infraestructura_portuaria">
		<SimpleData name="OBJECTID_1">13</SimpleData>
		<SimpleData name="OBJECTID">2598</SimpleData>
		<SimpleData name="CODOBRA">10-098</SimpleData>
		<SimpleData name="TIPOOBRA">10</SimpleData>
		<SimpleData name="DESCOBRA">RAMPA ISLA CHAULLIN</SimpleData>
		<SimpleData name="CODCOMUNA">QUEILÉN</SimpleData>
		<SimpleData name="LONMUROS">48</SimpleData>
		<SimpleData name="LONESCOLLE">0</SimpleData>
		<SimpleData name="LONMUELLE">0</SimpleData>
		<SimpleData name="LONRAMPCO">0</SimpleData>
		<SimpleData name="LONRAMPA">120</SimpleData>
		<SimpleData name="LONRAMPAVA">0</SimpleData>
		<SimpleData name="LONPONTON">0</SimpleData>
		<SimpleData name="LONCAMIAC">0</SimpleData>
		<SimpleData name="AREAEXPLAN">192</SimpleData>
		<SimpleData name="BOXUNI">0</SimpleData>
		<SimpleData name="BANO_UNI">0</SimpleData>
		<SimpleData name="TIPOGEOM">1</SimpleData>
		<SimpleData name="GLOBALID">{02F4F9A3-1AA4-48E0-A15D-55B8FA4448EC}</SimpleData>
		<SimpleData name="SALAREUNI">0</SimpleData>
		<SimpleData name="PLAYAARTIF">0</SimpleData>
		<SimpleData name="PASEOCOSTE">0</SimpleData>
		<SimpleData name="ESTADOGRAL">BUENO</SimpleData>
		<SimpleData name="GRUAOPESC">0</SimpleData>
		<SimpleData name="LONSALAADM">0</SimpleData>
		<SimpleData name="LONSALVENT">0</SimpleData>
		<SimpleData name="SALAPROC">0</SimpleData>
		<SimpleData name="AREABODEGA">0</SimpleData>
		<SimpleData name="AREACAFRI">0</SimpleData>
		<SimpleData name="AREAREFUG">1</SimpleData>
		<SimpleData name="AREAGALPON">0</SimpleData>
		<SimpleData name="PROGRAMA">CONEXIÓN</SimpleData>
		<SimpleData name="IMAGEN">http://colabora.mop.gov.cl/sites/dop/dptopl/dp/Documentos%20compartidos/Imágenes%20para%20el%20Modelo%20de%20Datos/10-%20LOS%20LAGOS/10-098.jpg</SimpleData>
		<SimpleData name="MXLOCATION">10208-42</SimpleData>
		<SimpleData name="MXSITEID">DOP</SimpleData>
		<SimpleData name="COD_REG">0</SimpleData>
	</SchemaData></ExtendedData>
      <Point><coordinates>-73.462139852,-43.040937675</coordinates></Point>
  </Placemark>
  <Placemark id="infraestructura_portuaria.14">
	<ExtendedData><SchemaData schemaUrl="#infraestructura_portuaria">
		<SimpleData name="OBJECTID_1">14</SimpleData>
		<SimpleData name="OBJECTID">2599</SimpleData>
		<SimpleData name="CODOBRA">10-097</SimpleData>
		<SimpleData name="TIPOOBRA">10</SimpleData>
		<SimpleData name="DESCOBRA">RAMPA ISLA CAILIN</SimpleData>
		<SimpleData name="CODCOMUNA">QUEILÉN</SimpleData>
		<SimpleData name="LONMUROS">114</SimpleData>
		<SimpleData name="LONESCOLLE">0</SimpleData>
		<SimpleData name="LONMUELLE">0</SimpleData>
		<SimpleData name="LONRAMPCO">0</SimpleData>
		<SimpleData name="LONRAMPA">56</SimpleData>
		<SimpleData name="LONRAMPAVA">0</SimpleData>
		<SimpleData name="LONPONTON">0</SimpleData>
		<SimpleData name="LONCAMIAC">0</SimpleData>
		<SimpleData name="AREAEXPLAN">0</SimpleData>
		<SimpleData name="BOXUNI">0</SimpleData>
		<SimpleData name="BANO_UNI">0</SimpleData>
		<SimpleData name="TIPOGEOM">1</SimpleData>
		<SimpleData name="GLOBALID">{12091C14-8568-48F1-865B-416EEA86D4F8}</SimpleData>
		<SimpleData name="SALAREUNI">0</SimpleData>
		<SimpleData name="PLAYAARTIF">0</SimpleData>
		<SimpleData name="PASEOCOSTE">0</SimpleData>
		<SimpleData name="ESTADOGRAL">BUENO</SimpleData>
		<SimpleData name="GRUAOPESC">0</SimpleData>
		<SimpleData name="LONSALAADM">0</SimpleData>
		<SimpleData name="LONSALVENT">0</SimpleData>
		<SimpleData name="SALAPROC">0</SimpleData>
		<SimpleData name="AREABODEGA">0</SimpleData>
		<SimpleData name="AREACAFRI">0</SimpleData>
		<SimpleData name="AREAREFUG">1</SimpleData>
		<SimpleData name="AREAGALPON">0</SimpleData>
		<SimpleData name="PROGRAMA">CONEXIÓN</SimpleData>
		<SimpleData name="IMAGEN">http://colabora.mop.gov.cl/sites/dop/dptopl/dp/Documentos%20compartidos/Imágenes%20para%20el%20Modelo%20de%20Datos/10-%20LOS%20LAGOS/10-097.jpg</SimpleData>
		<SimpleData name="MXLOCATION">10208-41</SimpleData>
		<SimpleData name="MXSITEID">DOP</SimpleData>
		<SimpleData name="COD_REG">0</SimpleData>
	</SchemaData></ExtendedData>
      <Point><coordinates>-73.551404751,-43.150678027</coordinates></Point>
  </Placemark>
  <Placemark id="infraestructura_portuaria.15">
	<ExtendedData><SchemaData schemaUrl="#infraestructura_portuaria">
		<SimpleData name="OBJECTID_1">15</SimpleData>
		<SimpleData name="OBJECTID">2600</SimpleData>
		<SimpleData name="CODOBRA">10-094</SimpleData>
		<SimpleData name="TIPOOBRA">10</SimpleData>
		<SimpleData name="DESCOBRA">RAMPA PASAJEROS SAN ANTONIO DE CHADMO</SimpleData>
		<SimpleData name="CODCOMUNA">QUEILÉN</SimpleData>
		<SimpleData name="LONMUROS">40</SimpleData>
		<SimpleData name="LONESCOLLE">0</SimpleData>
		<SimpleData name="LONMUELLE">0</SimpleData>
		<SimpleData name="LONRAMPCO">0</SimpleData>
		<SimpleData name="LONRAMPA">77</SimpleData>
		<SimpleData name="LONRAMPAVA">0</SimpleData>
		<SimpleData name="LONPONTON">0</SimpleData>
		<SimpleData name="LONCAMIAC">0</SimpleData>
		<SimpleData name="AREAEXPLAN">105</SimpleData>
		<SimpleData name="BOXUNI">0</SimpleData>
		<SimpleData name="BANO_UNI">0</SimpleData>
		<SimpleData name="TIPOGEOM">1</SimpleData>
		<SimpleData name="GLOBALID">{D3036ECA-BDEB-4F1D-A07E-619EB9FF2E1D}</SimpleData>
		<SimpleData name="SALAREUNI">0</SimpleData>
		<SimpleData name="PLAYAARTIF">0</SimpleData>
		<SimpleData name="PASEOCOSTE">0</SimpleData>
		<SimpleData name="ESTADOGRAL">MALO</SimpleData>
		<SimpleData name="GRUAOPESC">0</SimpleData>
		<SimpleData name="LONSALAADM">0</SimpleData>
		<SimpleData name="LONSALVENT">0</SimpleData>
		<SimpleData name="SALAPROC">0</SimpleData>
		<SimpleData name="AREABODEGA">0</SimpleData>
		<SimpleData name="AREACAFRI">0</SimpleData>
		<SimpleData name="AREAREFUG">1</SimpleData>
		<SimpleData name="AREAGALPON">0</SimpleData>
		<SimpleData name="PROGRAMA">CONEXIÓN</SimpleData>
		<SimpleData name="IMAGEN">http://colabora.mop.gov.cl/sites/dop/dptopl/dp/Documentos%20compartidos/Imágenes%20para%20el%20Modelo%20de%20Datos/10-%20LOS%20LAGOS/10-094.jpg</SimpleData>
		<SimpleData name="MXLOCATION">10208-38</SimpleData>
		<SimpleData name="MXSITEID">DOP</SimpleData>
		<SimpleData name="COD_REG">0</SimpleData>
	</SchemaData></ExtendedData>
      <Point><coordinates>-73.6190526789999,-42.944179673</coordinates></Point>
  </Placemark>
  <Placemark id="infraestructura_portuaria.16">
	<ExtendedData><SchemaData schemaUrl="#infraestructura_portuaria">
		<SimpleData name="OBJECTID_1">16</SimpleData>
		<SimpleData name="OBJECTID">2774</SimpleData>
		<SimpleData name="CODOBRA">10-040</SimpleData>
		<SimpleData name="TIPOOBRA">6</SimpleData>
		<SimpleData name="DESCOBRA">MUELLE TURISTICO DE LLANQUIHUE</SimpleData>
		<SimpleData name="CODCOMUNA">LLANQUIHUE</SimpleData>
		<SimpleData name="LONMUROS">170</SimpleData>
		<SimpleData name="LONESCOLLE">24</SimpleData>
		<SimpleData name="LONMUELLE">0</SimpleData>
		<SimpleData name="LONRAMPCO">0</SimpleData>
		<SimpleData name="LONRAMPA">0</SimpleData>
		<SimpleData name="LONRAMPAVA">0</SimpleData>
		<SimpleData name="LONPONTON">0</SimpleData>
		<SimpleData name="LONCAMIAC">0</SimpleData>
		<SimpleData name="AREAEXPLAN">0</SimpleData>
		<SimpleData name="BOXUNI">0</SimpleData>
		<SimpleData name="BANO_UNI">0</SimpleData>
		<SimpleData name="TIPOGEOM">1</SimpleData>
		<SimpleData name="GLOBALID">{6461B024-64CE-42DA-A73C-6610EC4355D6}</SimpleData>
		<SimpleData name="SALAREUNI">0</SimpleData>
		<SimpleData name="PLAYAARTIF">0</SimpleData>
		<SimpleData name="PASEOCOSTE">0</SimpleData>
		<SimpleData name="ESTADOGRAL">MUY MALO</SimpleData>
		<SimpleData name="GRUAOPESC">0</SimpleData>
		<SimpleData name="LONSALAADM">0</SimpleData>
		<SimpleData name="LONSALVENT">0</SimpleData>
		<SimpleData name="SALAPROC">0</SimpleData>
		<SimpleData name="AREABODEGA">0</SimpleData>
		<SimpleData name="AREACAFRI">0</SimpleData>
		<SimpleData name="AREAREFUG">0</SimpleData>
		<SimpleData name="AREAGALPON">0</SimpleData>
		<SimpleData name="PROGRAMA">CONEXIÓN</SimpleData>
		<SimpleData name="IMAGEN">http://colabora.mop.gov.cl/sites/dop/dptopl/dp/Documentos%20compartidos/Imágenes%20para%20el%20Modelo%20de%20Datos/10-%20LOS%20LAGOS/10-040.jpg</SimpleData>
		<SimpleData name="MXLOCATION">10107-89</SimpleData>
		<SimpleData name="MXSITEID">DOP</SimpleData>
		<SimpleData name="COD_REG">0</SimpleData>
	</SchemaData></ExtendedData>
      <Point><coordinates>-73.003066237,-41.2562895839999</coordinates></Point>
  </Placemark>
  <Placemark id="infraestructura_portuaria.17">
	<ExtendedData><SchemaData schemaUrl="#infraestructura_portuaria">
		<SimpleData name="OBJECTID_1">17</SimpleData>
		<SimpleData name="OBJECTID">2775</SimpleData>
		<SimpleData name="CODOBRA">10-019</SimpleData>
		<SimpleData name="TIPOOBRA">6</SimpleData>
		<SimpleData name="DESCOBRA">MUELLE PEULLA</SimpleData>
		<SimpleData name="CODCOMUNA">PUERTO VARAS</SimpleData>
		<SimpleData name="LONMUROS">0</SimpleData>
		<SimpleData name="LONESCOLLE">0</SimpleData>
		<SimpleData name="LONMUELLE">65</SimpleData>
		<SimpleData name="LONRAMPCO">0</SimpleData>
		<SimpleData name="LONRAMPA">23</SimpleData>
		<SimpleData name="LONRAMPAVA">0</SimpleData>
		<SimpleData name="LONPONTON">0</SimpleData>
		<SimpleData name="LONCAMIAC">0</SimpleData>
		<SimpleData name="AREAEXPLAN">0</SimpleData>
		<SimpleData name="BOXUNI">0</SimpleData>
		<SimpleData name="BANO_UNI">0</SimpleData>
		<SimpleData name="TIPOGEOM">1</SimpleData>
		<SimpleData name="GLOBALID">{FD59FB45-C552-4557-9EE7-750DBD1B9065}</SimpleData>
		<SimpleData name="SALAREUNI">0</SimpleData>
		<SimpleData name="PLAYAARTIF">0</SimpleData>
		<SimpleData name="PASEOCOSTE">0</SimpleData>
		<SimpleData name="ESTADOGRAL">REGULAR</SimpleData>
		<SimpleData name="GRUAOPESC">0</SimpleData>
		<SimpleData name="LONSALAADM">0</SimpleData>
		<SimpleData name="LONSALVENT">0</SimpleData>
		<SimpleData name="SALAPROC">0</SimpleData>
		<SimpleData name="AREABODEGA">0</SimpleData>
		<SimpleData name="AREACAFRI">0</SimpleData>
		<SimpleData name="AREAREFUG">1</SimpleData>
		<SimpleData name="AREAGALPON">0</SimpleData>
		<SimpleData name="PROGRAMA">CONEXIÓN</SimpleData>
		<SimpleData name="IMAGEN">http://colabora.mop.gov.cl/sites/dop/dptopl/dp/Documentos%20compartidos/Imágenes%20para%20el%20Modelo%20de%20Datos/10-%20LOS%20LAGOS/10-019.jpg</SimpleData>
		<SimpleData name="MXLOCATION">10109-112</SimpleData>
		<SimpleData name="MXSITEID">DOP</SimpleData>
		<SimpleData name="COD_REG">0</SimpleData>
	</SchemaData></ExtendedData>
      <Point><coordinates>-72.026921403,-41.093634746</coordinates></Point>
  </Placemark>
  <Placemark id="infraestructura_portuaria.18">
	<ExtendedData><SchemaData schemaUrl="#infraestructura_portuaria">
		<SimpleData name="OBJECTID_1">18</SimpleData>
		<SimpleData name="OBJECTID">2776</SimpleData>
		<SimpleData name="CODOBRA">10-018</SimpleData>
		<SimpleData name="TIPOOBRA">6</SimpleData>
		<SimpleData name="DESCOBRA">MUELLE FLOTANTE, PETROHUE</SimpleData>
		<SimpleData name="CODCOMUNA">PUERTO VARAS</SimpleData>
		<SimpleData name="LONMUROS">29</SimpleData>
		<SimpleData name="LONESCOLLE">0</SimpleData>
		<SimpleData name="LONMUELLE">0</SimpleData>
		<SimpleData name="LONRAMPCO">0</SimpleData>
		<SimpleData name="LONRAMPA">0</SimpleData>
		<SimpleData name="LONRAMPAVA">0</SimpleData>
		<SimpleData name="LONPONTON">25</SimpleData>
		<SimpleData name="LONCAMIAC">0</SimpleData>
		<SimpleData name="AREAEXPLAN">135</SimpleData>
		<SimpleData name="BOXUNI">0</SimpleData>
		<SimpleData name="BANO_UNI">2</SimpleData>
		<SimpleData name="TIPOGEOM">1</SimpleData>
		<SimpleData name="GLOBALID">{1AC176D9-A7F1-401E-B21B-EF5C351773AC}</SimpleData>
		<SimpleData name="SALAREUNI">0</SimpleData>
		<SimpleData name="PLAYAARTIF">0</SimpleData>
		<SimpleData name="PASEOCOSTE">0</SimpleData>
		<SimpleData name="ESTADOGRAL">BUENO</SimpleData>
		<SimpleData name="GRUAOPESC">0</SimpleData>
		<SimpleData name="LONSALAADM">1</SimpleData>
		<SimpleData name="LONSALVENT">0</SimpleData>
		<SimpleData name="SALAPROC">0</SimpleData>
		<SimpleData name="AREABODEGA">0</SimpleData>
		<SimpleData name="AREACAFRI">0</SimpleData>
		<SimpleData name="AREAREFUG">1</SimpleData>
		<SimpleData name="AREAGALPON">0</SimpleData>
		<SimpleData name="PROGRAMA">CONEXIÓN</SimpleData>
		<SimpleData name="IMAGEN">http://colabora.mop.gov.cl/sites/dop/dptopl/dp/Documentos%20compartidos/Imágenes%20para%20el%20Modelo%20de%20Datos/10-%20LOS%20LAGOS/10-018.jpg</SimpleData>
		<SimpleData name="MXLOCATION">10109-111</SimpleData>
		<SimpleData name="MXSITEID">DOP</SimpleData>
		<SimpleData name="COD_REG">0</SimpleData>
	</SchemaData></ExtendedData>
      <Point><coordinates>-72.401427515,-41.138649361</coordinates></Point>
  </Placemark>
  <Placemark id="infraestructura_portuaria.19">
	<ExtendedData><SchemaData schemaUrl="#infraestructura_portuaria">
		<SimpleData name="OBJECTID_1">19</SimpleData>
		<SimpleData name="OBJECTID">2794</SimpleData>
		<SimpleData name="CODOBRA">14-12</SimpleData>
		<SimpleData name="TIPOOBRA">6</SimpleData>
		<SimpleData name="DESCOBRA">FRENTE DE ATRAQUE DE LA COSTANERA (EX MUELLE SHUSTER)</SimpleData>
		<SimpleData name="CODCOMUNA">VALDIVIA</SimpleData>
		<SimpleData name="LONMUROS">45</SimpleData>
		<SimpleData name="LONESCOLLE">405</SimpleData>
		<SimpleData name="LONMUELLE">0</SimpleData>
		<SimpleData name="LONRAMPCO">0</SimpleData>
		<SimpleData name="LONRAMPA">0</SimpleData>
		<SimpleData name="LONRAMPAVA">0</SimpleData>
		<SimpleData name="LONPONTON">0</SimpleData>
		<SimpleData name="LONCAMIAC">0</SimpleData>
		<SimpleData name="AREAEXPLAN">0</SimpleData>
		<SimpleData name="BOXUNI">0</SimpleData>
		<SimpleData name="BANO_UNI">0</SimpleData>
		<SimpleData name="TIPOGEOM">1</SimpleData>
		<SimpleData name="GLOBALID">{EA5FF529-8F08-4370-B737-A7487AEF248F}</SimpleData>
		<SimpleData name="SALAREUNI">0</SimpleData>
		<SimpleData name="PLAYAARTIF">0</SimpleData>
		<SimpleData name="PASEOCOSTE">0</SimpleData>
		<SimpleData name="ESTADOGRAL">BUENO</SimpleData>
		<SimpleData name="GRUAOPESC">0</SimpleData>
		<SimpleData name="LONSALAADM">0</SimpleData>
		<SimpleData name="LONSALVENT">0</SimpleData>
		<SimpleData name="SALAPROC">0</SimpleData>
		<SimpleData name="AREABODEGA">0</SimpleData>
		<SimpleData name="AREACAFRI">0</SimpleData>
		<SimpleData name="AREAREFUG">0</SimpleData>
		<SimpleData name="AREAGALPON">0</SimpleData>
		<SimpleData name="PROGRAMA">PROTECCION DE RIBERA</SimpleData>
		<SimpleData name="IMAGEN">http://colabora.mop.gov.cl/sites/dop/dptopl/dp/Documentos%20compartidos/Imágenes%20para%20el%20Modelo%20de%20Datos/14-%20LOS%20RIOS/14-12.jpg</SimpleData>
		<SimpleData name="MXLOCATION">14101-18</SimpleData>
		<SimpleData name="MXSITEID">DOP</SimpleData>
		<SimpleData name="COD_REG">0</SimpleData>
	</SchemaData></ExtendedData>
      <Point><coordinates>-73.248717114,-39.8135520179999</coordinates></Point>
  </Placemark>
  <Placemark id="infraestructura_portuaria.20">
	<ExtendedData><SchemaData schemaUrl="#infraestructura_portuaria">
		<SimpleData name="OBJECTID_1">20</SimpleData>
		<SimpleData name="OBJECTID">2795</SimpleData>
		<SimpleData name="CODOBRA">14-1</SimpleData>
		<SimpleData name="TIPOOBRA">6</SimpleData>
		<SimpleData name="DESCOBRA">MUELLE DE TRUMAO - LA UNION</SimpleData>
		<SimpleData name="CODCOMUNA">LA UNIÓN</SimpleData>
		<SimpleData name="LONMUROS">49</SimpleData>
		<SimpleData name="LONESCOLLE">0</SimpleData>
		<SimpleData name="LONMUELLE">46</SimpleData>
		<SimpleData name="LONRAMPCO">0</SimpleData>
		<SimpleData name="LONRAMPA">0</SimpleData>
		<SimpleData name="LONRAMPAVA">126</SimpleData>
		<SimpleData name="LONPONTON">0</SimpleData>
		<SimpleData name="LONCAMIAC">0</SimpleData>
		<SimpleData name="AREAEXPLAN">0</SimpleData>
		<SimpleData name="BOXUNI">0</SimpleData>
		<SimpleData name="BANO_UNI">0</SimpleData>
		<SimpleData name="TIPOGEOM">1</SimpleData>
		<SimpleData name="GLOBALID">{B30DAFAD-9DB3-4E3E-A65C-32411C891EA1}</SimpleData>
		<SimpleData name="SALAREUNI">0</SimpleData>
		<SimpleData name="PLAYAARTIF">0</SimpleData>
		<SimpleData name="PASEOCOSTE">0</SimpleData>
		<SimpleData name="ESTADOGRAL">BUENO</SimpleData>
		<SimpleData name="GRUAOPESC">0</SimpleData>
		<SimpleData name="LONSALAADM">0</SimpleData>
		<SimpleData name="LONSALVENT">0</SimpleData>
		<SimpleData name="SALAPROC">0</SimpleData>
		<SimpleData name="AREABODEGA">0</SimpleData>
		<SimpleData name="AREACAFRI">0</SimpleData>
		<SimpleData name="AREAREFUG">0</SimpleData>
		<SimpleData name="AREAGALPON">0</SimpleData>
		<SimpleData name="PROGRAMA">CONEXIÓN</SimpleData>
		<SimpleData name="IMAGEN">http://colabora.mop.gov.cl/sites/dop/dptopl/dp/Documentos%20compartidos/Imágenes%20para%20el%20Modelo%20de%20Datos/14-%20LOS%20RIOS/14-1.jpg</SimpleData>
		<SimpleData name="MXLOCATION">14201-01</SimpleData>
		<SimpleData name="MXSITEID">DOP</SimpleData>
		<SimpleData name="COD_REG">0</SimpleData>
	</SchemaData></ExtendedData>
      <Point><coordinates>-73.180503175,-40.3467792759999</coordinates></Point>
  </Placemark>
  <Placemark id="infraestructura_portuaria.21">
	<ExtendedData><SchemaData schemaUrl="#infraestructura_portuaria">
		<SimpleData name="OBJECTID_1">21</SimpleData>
		<SimpleData name="OBJECTID">2796</SimpleData>
		<SimpleData name="CODOBRA">12-24</SimpleData>
		<SimpleData name="TIPOOBRA">6</SimpleData>
		<SimpleData name="DESCOBRA">TERMINAL PESQUERO PUERTO NATALES</SimpleData>
		<SimpleData name="CODCOMUNA">ÚLTIMA ESPERANZA</SimpleData>
		<SimpleData name="LONMUROS">100</SimpleData>
		<SimpleData name="LONESCOLLE">200</SimpleData>
		<SimpleData name="LONMUELLE">270</SimpleData>
		<SimpleData name="LONRAMPCO">0</SimpleData>
		<SimpleData name="LONRAMPA">0</SimpleData>
		<SimpleData name="LONRAMPAVA">0</SimpleData>
		<SimpleData name="LONPONTON">0</SimpleData>
		<SimpleData name="LONCAMIAC">0</SimpleData>
		<SimpleData name="AREAEXPLAN">5700</SimpleData>
		<SimpleData name="BOXUNI">4</SimpleData>
		<SimpleData name="BANO_UNI">0</SimpleData>
		<SimpleData name="TIPOGEOM">1</SimpleData>
		<SimpleData name="GLOBALID">{EEF4D52C-E0FF-44BE-A1F4-4B385856286E}</SimpleData>
		<SimpleData name="SALAREUNI">0</SimpleData>
		<SimpleData name="PLAYAARTIF">0</SimpleData>
		<SimpleData name="PASEOCOSTE">0</SimpleData>
		<SimpleData name="ESTADOGRAL">REGULAR</SimpleData>
		<SimpleData name="GRUAOPESC">0</SimpleData>
		<SimpleData name="LONSALAADM">1</SimpleData>
		<SimpleData name="LONSALVENT">0</SimpleData>
		<SimpleData name="SALAPROC">0</SimpleData>
		<SimpleData name="AREABODEGA">1</SimpleData>
		<SimpleData name="AREACAFRI">0</SimpleData>
		<SimpleData name="AREAREFUG">0</SimpleData>
		<SimpleData name="AREAGALPON">0</SimpleData>
		<SimpleData name="PROGRAMA">CONEXIÓN</SimpleData>
		<SimpleData name="IMAGEN">http://colabora.mop.gov.cl/sites/dop/dptopl/dp/Documentos%20compartidos/Imágenes%20para%20el%20Modelo%20de%20Datos/12-%20MAGALLANES/12-24.jpg</SimpleData>
		<SimpleData name="MXSITEID">DOP</SimpleData>
		<SimpleData name="COD_REG">0</SimpleData>
	</SchemaData></ExtendedData>
      <Point><coordinates>-72.5039845059999,-51.7376401669999</coordinates></Point>
  </Placemark>
  <Placemark id="infraestructura_portuaria.22">
	<ExtendedData><SchemaData schemaUrl="#infraestructura_portuaria">
		<SimpleData name="OBJECTID_1">22</SimpleData>
		<SimpleData name="OBJECTID">2798</SimpleData>
		<SimpleData name="CODOBRA">12-19</SimpleData>
		<SimpleData name="TIPOOBRA">6</SimpleData>
		<SimpleData name="DESCOBRA">TERMINAL DE PASAJEROS PUERTO NATALES</SimpleData>
		<SimpleData name="CODCOMUNA">ÚLTIMA ESPERANZA</SimpleData>
		<SimpleData name="LONMUROS">0</SimpleData>
		<SimpleData name="LONESCOLLE">70</SimpleData>
		<SimpleData name="LONMUELLE">100</SimpleData>
		<SimpleData name="LONRAMPCO">0</SimpleData>
		<SimpleData name="LONRAMPA">0</SimpleData>
		<SimpleData name="LONRAMPAVA">0</SimpleData>
		<SimpleData name="LONPONTON">0</SimpleData>
		<SimpleData name="LONCAMIAC">0</SimpleData>
		<SimpleData name="AREAEXPLAN">0</SimpleData>
		<SimpleData name="BOXUNI">0</SimpleData>
		<SimpleData name="BANO_UNI">0</SimpleData>
		<SimpleData name="TIPOGEOM">1</SimpleData>
		<SimpleData name="GLOBALID">{D2767A03-73F3-4585-89AA-693BF1B8F3CD}</SimpleData>
		<SimpleData name="SALAREUNI">0</SimpleData>
		<SimpleData name="PLAYAARTIF">0</SimpleData>
		<SimpleData name="PASEOCOSTE">0</SimpleData>
		<SimpleData name="ESTADOGRAL">BUENO</SimpleData>
		<SimpleData name="GRUAOPESC">0</SimpleData>
		<SimpleData name="LONSALAADM">0</SimpleData>
		<SimpleData name="LONSALVENT">0</SimpleData>
		<SimpleData name="SALAPROC">0</SimpleData>
		<SimpleData name="AREABODEGA">0</SimpleData>
		<SimpleData name="AREACAFRI">0</SimpleData>
		<SimpleData name="AREAREFUG">0</SimpleData>
		<SimpleData name="AREAGALPON">0</SimpleData>
		<SimpleData name="PROGRAMA">CONEXIÓN</SimpleData>
		<SimpleData name="IMAGEN">http://colabora.mop.gov.cl/sites/dop/dptopl/dp/Documentos%20compartidos/Imágenes%20para%20el%20Modelo%20de%20Datos/12-%20MAGALLANES/12-19.jpg</SimpleData>
		<SimpleData name="MXLOCATION">12401-19</SimpleData>
		<SimpleData name="MXSITEID">DOP</SimpleData>
		<SimpleData name="COD_REG">0</SimpleData>
	</SchemaData></ExtendedData>
      <Point><coordinates>-72.5152408769999,-51.730369917</coordinates></Point>
  </Placemark>
  <Placemark id="infraestructura_portuaria.23">
	<ExtendedData><SchemaData schemaUrl="#infraestructura_portuaria">
		<SimpleData name="OBJECTID_1">23</SimpleData>
		<SimpleData name="OBJECTID">2803</SimpleData>
		<SimpleData name="CODOBRA">12-02</SimpleData>
		<SimpleData name="TIPOOBRA">6</SimpleData>
		<SimpleData name="DESCOBRA">MUELLE GUARDIAN BRITO</SimpleData>
		<SimpleData name="CODCOMUNA">ANTÁRTICA CHILENA</SimpleData>
		<SimpleData name="LONMUROS">0</SimpleData>
		<SimpleData name="LONESCOLLE">0</SimpleData>
		<SimpleData name="LONMUELLE">140</SimpleData>
		<SimpleData name="LONRAMPCO">0</SimpleData>
		<SimpleData name="LONRAMPA">0</SimpleData>
		<SimpleData name="LONRAMPAVA">0</SimpleData>
		<SimpleData name="LONPONTON">0</SimpleData>
		<SimpleData name="LONCAMIAC">0</SimpleData>
		<SimpleData name="AREAEXPLAN">0</SimpleData>
		<SimpleData name="BOXUNI">0</SimpleData>
		<SimpleData name="BANO_UNI">0</SimpleData>
		<SimpleData name="TIPOGEOM">1</SimpleData>
		<SimpleData name="GLOBALID">{B7934AAB-2143-40A4-9F23-56B1E3990B0A}</SimpleData>
		<SimpleData name="SALAREUNI">0</SimpleData>
		<SimpleData name="PLAYAARTIF">0</SimpleData>
		<SimpleData name="PASEOCOSTE">0</SimpleData>
		<SimpleData name="ESTADOGRAL">BUENO</SimpleData>
		<SimpleData name="GRUAOPESC">0</SimpleData>
		<SimpleData name="LONSALAADM">1</SimpleData>
		<SimpleData name="LONSALVENT">0</SimpleData>
		<SimpleData name="SALAPROC">0</SimpleData>
		<SimpleData name="AREABODEGA">0</SimpleData>
		<SimpleData name="AREACAFRI">0</SimpleData>
		<SimpleData name="AREAREFUG">1</SimpleData>
		<SimpleData name="AREAGALPON">0</SimpleData>
		<SimpleData name="PROGRAMA">CONEXIÓN</SimpleData>
		<SimpleData name="IMAGEN">http://colabora.mop.gov.cl/sites/dop/dptopl/dp/Documentos%20compartidos/Imágenes%20para%20el%20Modelo%20de%20Datos/12-%20MAGALLANES/12-02.jpg</SimpleData>
		<SimpleData name="MXLOCATION">12201-02</SimpleData>
		<SimpleData name="MXSITEID">DOP</SimpleData>
		<SimpleData name="COD_REG">0</SimpleData>
	</SchemaData></ExtendedData>
      <Point><coordinates>-67.608199876,-54.932669118</coordinates></Point>
  </Placemark>
  <Placemark id="infraestructura_portuaria.24">
	<ExtendedData><SchemaData schemaUrl="#infraestructura_portuaria">
		<SimpleData name="OBJECTID_1">24</SimpleData>
		<SimpleData name="OBJECTID">2804</SimpleData>
		<SimpleData name="CODOBRA">12-01</SimpleData>
		<SimpleData name="TIPOOBRA">6</SimpleData>
		<SimpleData name="DESCOBRA">MUELLE PUERTO TORO</SimpleData>
		<SimpleData name="CODCOMUNA">ANTÁRTICA CHILENA</SimpleData>
		<SimpleData name="LONMUROS">0</SimpleData>
		<SimpleData name="LONESCOLLE">0</SimpleData>
		<SimpleData name="LONMUELLE">60</SimpleData>
		<SimpleData name="LONRAMPCO">0</SimpleData>
		<SimpleData name="LONRAMPA">0</SimpleData>
		<SimpleData name="LONRAMPAVA">0</SimpleData>
		<SimpleData name="LONPONTON">0</SimpleData>
		<SimpleData name="LONCAMIAC">0</SimpleData>
		<SimpleData name="AREAEXPLAN">0</SimpleData>
		<SimpleData name="BOXUNI">0</SimpleData>
		<SimpleData name="BANO_UNI">0</SimpleData>
		<SimpleData name="TIPOGEOM">1</SimpleData>
		<SimpleData name="GLOBALID">{6B84D949-7960-4041-86B8-7FE4DF7BA9DD}</SimpleData>
		<SimpleData name="SALAREUNI">0</SimpleData>
		<SimpleData name="PLAYAARTIF">0</SimpleData>
		<SimpleData name="PASEOCOSTE">0</SimpleData>
		<SimpleData name="ESTADOGRAL">BUENO</SimpleData>
		<SimpleData name="GRUAOPESC">0</SimpleData>
		<SimpleData name="LONSALAADM">0</SimpleData>
		<SimpleData name="LONSALVENT">0</SimpleData>
		<SimpleData name="SALAPROC">0</SimpleData>
		<SimpleData name="AREABODEGA">0</SimpleData>
		<SimpleData name="AREACAFRI">0</SimpleData>
		<SimpleData name="AREAREFUG">0</SimpleData>
		<SimpleData name="AREAGALPON">0</SimpleData>
		<SimpleData name="PROGRAMA">PESCA ARTESANAL</SimpleData>
		<SimpleData name="IMAGEN">http://colabora.mop.gov.cl/sites/dop/dptopl/dp/Documentos%20compartidos/Imágenes%20para%20el%20Modelo%20de%20Datos/12-%20MAGALLANES/12-01.jpg</SimpleData>
		<SimpleData name="MXLOCATION">12201-01</SimpleData>
		<SimpleData name="MXSITEID">DOP</SimpleData>
		<SimpleData name="COD_REG">0</SimpleData>
	</SchemaData></ExtendedData>
      <Point><coordinates>-67.074082112,-55.082070491</coordinates></Point>
  </Placemark>
  <Placemark id="infraestructura_portuaria.25">
	<ExtendedData><SchemaData schemaUrl="#infraestructura_portuaria">
		<SimpleData name="OBJECTID_1">25</SimpleData>
		<SimpleData name="OBJECTID">2813</SimpleData>
		<SimpleData name="CODOBRA">10-082</SimpleData>
		<SimpleData name="TIPOOBRA">8</SimpleData>
		<SimpleData name="DESCOBRA">MURO COSTERO DE DALCAHUE</SimpleData>
		<SimpleData name="CODCOMUNA">DALCAHUE</SimpleData>
		<SimpleData name="LONMUROS">40</SimpleData>
		<SimpleData name="LONESCOLLE">0</SimpleData>
		<SimpleData name="LONMUELLE">0</SimpleData>
		<SimpleData name="LONRAMPCO">0</SimpleData>
		<SimpleData name="LONRAMPA">84</SimpleData>
		<SimpleData name="LONRAMPAVA">0</SimpleData>
		<SimpleData name="LONPONTON">0</SimpleData>
		<SimpleData name="LONCAMIAC">0</SimpleData>
		<SimpleData name="AREAEXPLAN">340</SimpleData>
		<SimpleData name="BOXUNI">0</SimpleData>
		<SimpleData name="BANO_UNI">0</SimpleData>
		<SimpleData name="TIPOGEOM">1</SimpleData>
		<SimpleData name="GLOBALID">{23E2225A-B0F4-40C2-AC9C-F6D6015020B9}</SimpleData>
		<SimpleData name="SALAREUNI">0</SimpleData>
		<SimpleData name="PLAYAARTIF">0</SimpleData>
		<SimpleData name="PASEOCOSTE">40</SimpleData>
		<SimpleData name="ESTADOGRAL">BUENO</SimpleData>
		<SimpleData name="GRUAOPESC">0</SimpleData>
		<SimpleData name="LONSALAADM">0</SimpleData>
		<SimpleData name="LONSALVENT">0</SimpleData>
		<SimpleData name="SALAPROC">0</SimpleData>
		<SimpleData name="AREABODEGA">0</SimpleData>
		<SimpleData name="AREACAFRI">0</SimpleData>
		<SimpleData name="AREAREFUG">0</SimpleData>
		<SimpleData name="AREAGALPON">0</SimpleData>
		<SimpleData name="PROGRAMA">MEJORAMIENTO DE BORDE COSTERO</SimpleData>
		<SimpleData name="IMAGEN">http://colabora.mop.gov.cl/sites/dop/dptopl/dp/Documentos%20compartidos/Imágenes%20para%20el%20Modelo%20de%20Datos/10-%20LOS%20LAGOS/10-082.jpg</SimpleData>
		<SimpleData name="MXLOCATION">10205-26</SimpleData>
		<SimpleData name="MXSITEID">DOP</SimpleData>
		<SimpleData name="COD_REG">0</SimpleData>
	</SchemaData></ExtendedData>
      <Point><coordinates>-73.651231149,-42.38126154</coordinates></Point>
  </Placemark>
  <Placemark id="infraestructura_portuaria.26">
	<ExtendedData><SchemaData schemaUrl="#infraestructura_portuaria">
		<SimpleData name="OBJECTID_1">26</SimpleData>
		<SimpleData name="OBJECTID">2814</SimpleData>
		<SimpleData name="CODOBRA">10-068</SimpleData>
		<SimpleData name="TIPOOBRA">8</SimpleData>
		<SimpleData name="DESCOBRA">MURO COSTERO DE PUDETO</SimpleData>
		<SimpleData name="CODCOMUNA">ANCUD</SimpleData>
		<SimpleData name="LONMUROS">138</SimpleData>
		<SimpleData name="LONESCOLLE">0</SimpleData>
		<SimpleData name="LONMUELLE">0</SimpleData>
		<SimpleData name="LONRAMPCO">0</SimpleData>
		<SimpleData name="LONRAMPA">0</SimpleData>
		<SimpleData name="LONRAMPAVA">0</SimpleData>
		<SimpleData name="LONPONTON">0</SimpleData>
		<SimpleData name="LONCAMIAC">0</SimpleData>
		<SimpleData name="AREAEXPLAN">0</SimpleData>
		<SimpleData name="BOXUNI">0</SimpleData>
		<SimpleData name="BANO_UNI">0</SimpleData>
		<SimpleData name="TIPOGEOM">1</SimpleData>
		<SimpleData name="GLOBALID">{B604AC0D-D04C-4075-8250-4055EE0E1863}</SimpleData>
		<SimpleData name="SALAREUNI">0</SimpleData>
		<SimpleData name="PLAYAARTIF">0</SimpleData>
		<SimpleData name="PASEOCOSTE">138</SimpleData>
		<SimpleData name="ESTADOGRAL">MUY BUENO</SimpleData>
		<SimpleData name="GRUAOPESC">0</SimpleData>
		<SimpleData name="LONSALAADM">1</SimpleData>
		<SimpleData name="LONSALVENT">0</SimpleData>
		<SimpleData name="SALAPROC">0</SimpleData>
		<SimpleData name="AREABODEGA">0</SimpleData>
		<SimpleData name="AREACAFRI">0</SimpleData>
		<SimpleData name="AREAREFUG">0</SimpleData>
		<SimpleData name="AREAGALPON">0</SimpleData>
		<SimpleData name="PROGRAMA">MEJORAMIENTO DE BORDE COSTERO</SimpleData>
		<SimpleData name="IMAGEN">http://colabora.mop.gov.cl/sites/dop/dptopl/dp/Documentos%20compartidos/Imágenes%20para%20el%20Modelo%20de%20Datos/10-%20LOS%20LAGOS/10-068.jpg</SimpleData>
		<SimpleData name="MXLOCATION">10202-12</SimpleData>
		<SimpleData name="MXSITEID">DOP</SimpleData>
		<SimpleData name="COD_REG">0</SimpleData>
	</SchemaData></ExtendedData>
      <Point><coordinates>-73.798991996,-41.8750436559999</coordinates></Point>
  </Placemark>
  <Placemark id="infraestructura_portuaria.27">
	<ExtendedData><SchemaData schemaUrl="#infraestructura_portuaria">
		<SimpleData name="OBJECTID_1">27</SimpleData>
		<SimpleData name="OBJECTID">2816</SimpleData>
		<SimpleData name="CODOBRA">10-063</SimpleData>
		<SimpleData name="TIPOOBRA">8</SimpleData>
		<SimpleData name="DESCOBRA">MURO COSTERO DE HUELDEN</SimpleData>
		<SimpleData name="CODCOMUNA">ANCUD</SimpleData>
		<SimpleData name="LONMUROS">144</SimpleData>
		<SimpleData name="LONESCOLLE">0</SimpleData>
		<SimpleData name="LONMUELLE">0</SimpleData>
		<SimpleData name="LONRAMPCO">0</SimpleData>
		<SimpleData name="LONRAMPA">51</SimpleData>
		<SimpleData name="LONRAMPAVA">0</SimpleData>
		<SimpleData name="LONPONTON">0</SimpleData>
		<SimpleData name="LONCAMIAC">0</SimpleData>
		<SimpleData name="AREAEXPLAN">80</SimpleData>
		<SimpleData name="BOXUNI">0</SimpleData>
		<SimpleData name="BANO_UNI">0</SimpleData>
		<SimpleData name="TIPOGEOM">1</SimpleData>
		<SimpleData name="GLOBALID">{3E357412-140D-44AB-A987-5800DD40791F}</SimpleData>
		<SimpleData name="SALAREUNI">0</SimpleData>
		<SimpleData name="PLAYAARTIF">0</SimpleData>
		<SimpleData name="PASEOCOSTE">143</SimpleData>
		<SimpleData name="ESTADOGRAL">BUENO</SimpleData>
		<SimpleData name="GRUAOPESC">0</SimpleData>
		<SimpleData name="LONSALAADM">0</SimpleData>
		<SimpleData name="LONSALVENT">0</SimpleData>
		<SimpleData name="SALAPROC">0</SimpleData>
		<SimpleData name="AREABODEGA">0</SimpleData>
		<SimpleData name="AREACAFRI">0</SimpleData>
		<SimpleData name="AREAREFUG">0</SimpleData>
		<SimpleData name="AREAGALPON">0</SimpleData>
		<SimpleData name="PROGRAMA">MEJORAMIENTO DE BORDE COSTERO</SimpleData>
		<SimpleData name="IMAGEN">http://colabora.mop.gov.cl/sites/dop/dptopl/dp/Documentos%20compartidos/Imágenes%20para%20el%20Modelo%20de%20Datos/10-%20LOS%20LAGOS/10-063.jpg</SimpleData>
		<SimpleData name="MXLOCATION">10202-07</SimpleData>
		<SimpleData name="MXSITEID">DOP</SimpleData>
		<SimpleData name="COD_REG">0</SimpleData>
	</SchemaData></ExtendedData>
      <Point><coordinates>-73.539669166,-41.925137003</coordinates></Point>
  </Placemark>
  <Placemark id="infraestructura_portuaria.28">
	<ExtendedData><SchemaData schemaUrl="#infraestructura_portuaria">
		<SimpleData name="OBJECTID_1">28</SimpleData>
		<SimpleData name="OBJECTID">2817</SimpleData>
		<SimpleData name="CODOBRA">10-003</SimpleData>
		<SimpleData name="TIPOOBRA">6</SimpleData>
		<SimpleData name="DESCOBRA">LA BARRA, RIO BUENO</SimpleData>
		<SimpleData name="CODCOMUNA">SAN JUAN DE LA COSTA</SimpleData>
		<SimpleData name="LONMUROS">0</SimpleData>
		<SimpleData name="LONESCOLLE">0</SimpleData>
		<SimpleData name="LONMUELLE">69</SimpleData>
		<SimpleData name="LONRAMPCO">0</SimpleData>
		<SimpleData name="LONRAMPA">0</SimpleData>
		<SimpleData name="LONRAMPAVA">0</SimpleData>
		<SimpleData name="LONPONTON">0</SimpleData>
		<SimpleData name="LONCAMIAC">0</SimpleData>
		<SimpleData name="AREAEXPLAN">14</SimpleData>
		<SimpleData name="BOXUNI">0</SimpleData>
		<SimpleData name="BANO_UNI">0</SimpleData>
		<SimpleData name="TIPOGEOM">1</SimpleData>
		<SimpleData name="GLOBALID">{6806761B-EB91-4B46-8189-F4322C97E2EF}</SimpleData>
		<SimpleData name="SALAREUNI">0</SimpleData>
		<SimpleData name="PLAYAARTIF">0</SimpleData>
		<SimpleData name="PASEOCOSTE">0</SimpleData>
		<SimpleData name="ESTADOGRAL">BUENO</SimpleData>
		<SimpleData name="GRUAOPESC">0</SimpleData>
		<SimpleData name="LONSALAADM">0</SimpleData>
		<SimpleData name="LONSALVENT">0</SimpleData>
		<SimpleData name="SALAPROC">0</SimpleData>
		<SimpleData name="AREABODEGA">0</SimpleData>
		<SimpleData name="AREACAFRI">0</SimpleData>
		<SimpleData name="AREAREFUG">0</SimpleData>
		<SimpleData name="AREAGALPON">0</SimpleData>
		<SimpleData name="PROGRAMA">CONEXIÓN</SimpleData>
		<SimpleData name="IMAGEN">http://colabora.mop.gov.cl/sites/dop/dptopl/dp/Documentos%20compartidos/Imágenes%20para%20el%20Modelo%20de%20Datos/10-%20LOS%20LAGOS/10-003.jpg</SimpleData>
		<SimpleData name="MXLOCATION">10306-118</SimpleData>
		<SimpleData name="MXSITEID">DOP</SimpleData>
		<SimpleData name="COD_REG">0</SimpleData>
	</SchemaData></ExtendedData>
      <Point><coordinates>-73.708899975,-40.245225513</coordinates></Point>
  </Placemark>
  <Placemark id="infraestructura_portuaria.29">
	<ExtendedData><SchemaData schemaUrl="#infraestructura_portuaria">
		<SimpleData name="OBJECTID_1">29</SimpleData>
		<SimpleData name="OBJECTID">2820</SimpleData>
		<SimpleData name="CODOBRA">15-01</SimpleData>
		<SimpleData name="TIPOOBRA">6</SimpleData>
		<SimpleData name="DESCOBRA">SITIO 7 MUELLE SERVICIOS AL PERU, PUERTO DE ARICA</SimpleData>
		<SimpleData name="CODCOMUNA">ARICA</SimpleData>
		<SimpleData name="LONMUROS">212</SimpleData>
		<SimpleData name="LONESCOLLE">632</SimpleData>
		<SimpleData name="LONMUELLE">430</SimpleData>
		<SimpleData name="LONRAMPCO">0</SimpleData>
		<SimpleData name="LONRAMPA">0</SimpleData>
		<SimpleData name="LONRAMPAVA">0</SimpleData>
		<SimpleData name="LONPONTON">0</SimpleData>
		<SimpleData name="LONCAMIAC">0</SimpleData>
		<SimpleData name="AREAEXPLAN">10400</SimpleData>
		<SimpleData name="BOXUNI">0</SimpleData>
		<SimpleData name="BANO_UNI">0</SimpleData>
		<SimpleData name="TIPOGEOM">1</SimpleData>
		<SimpleData name="GLOBALID">{CAA5F8F9-3862-45B9-8A07-13189ED32144}</SimpleData>
		<SimpleData name="SALAREUNI">0</SimpleData>
		<SimpleData name="PLAYAARTIF">0</SimpleData>
		<SimpleData name="PASEOCOSTE">0</SimpleData>
		<SimpleData name="ESTADOGRAL">BUENO</SimpleData>
		<SimpleData name="GRUAOPESC">0</SimpleData>
		<SimpleData name="LONSALAADM">1</SimpleData>
		<SimpleData name="LONSALVENT">0</SimpleData>
		<SimpleData name="SALAPROC">0</SimpleData>
		<SimpleData name="AREABODEGA">0</SimpleData>
		<SimpleData name="AREACAFRI">0</SimpleData>
		<SimpleData name="AREAREFUG">0</SimpleData>
		<SimpleData name="AREAGALPON">0</SimpleData>
		<SimpleData name="PROGRAMA">PUERTO COMERCIAL</SimpleData>
		<SimpleData name="IMAGEN">http://colabora.mop.gov.cl/sites/dop/dptopl/dp/Documentos%20compartidos/Imágenes%20para%20el%20Modelo%20de%20Datos/15-%20ARICA/15-01.jpg</SimpleData>
		<SimpleData name="MXLOCATION">15101-01</SimpleData>
		<SimpleData name="MXSITEID">DOP</SimpleData>
		<SimpleData name="COD_REG">0</SimpleData>
	</SchemaData></ExtendedData>
      <Point><coordinates>-70.320425631,-18.4715071379999</coordinates></Point>
  </Placemark>
  <Placemark id="infraestructura_portuaria.30">
	<ExtendedData><SchemaData schemaUrl="#infraestructura_portuaria">
		<SimpleData name="OBJECTID_1">30</SimpleData>
		<SimpleData name="OBJECTID">2821</SimpleData>
		<SimpleData name="CODOBRA">14-3</SimpleData>
		<SimpleData name="TIPOOBRA">6</SimpleData>
		<SimpleData name="DESCOBRA">MUELLE DE LLANCACURA</SimpleData>
		<SimpleData name="CODCOMUNA">LA UNIÓN</SimpleData>
		<SimpleData name="LONMUROS">0</SimpleData>
		<SimpleData name="LONESCOLLE">0</SimpleData>
		<SimpleData name="LONMUELLE">76</SimpleData>
		<SimpleData name="LONRAMPCO">0</SimpleData>
		<SimpleData name="LONRAMPA">0</SimpleData>
		<SimpleData name="LONRAMPAVA">0</SimpleData>
		<SimpleData name="LONPONTON">0</SimpleData>
		<SimpleData name="LONCAMIAC">0</SimpleData>
		<SimpleData name="AREAEXPLAN">100</SimpleData>
		<SimpleData name="BOXUNI">0</SimpleData>
		<SimpleData name="BANO_UNI">0</SimpleData>
		<SimpleData name="TIPOGEOM">1</SimpleData>
		<SimpleData name="GLOBALID">{12504B82-A704-4330-80CA-28F063690BB7}</SimpleData>
		<SimpleData name="SALAREUNI">0</SimpleData>
		<SimpleData name="PLAYAARTIF">0</SimpleData>
		<SimpleData name="PASEOCOSTE">0</SimpleData>
		<SimpleData name="ESTADOGRAL">BUENO</SimpleData>
		<SimpleData name="GRUAOPESC">0</SimpleData>
		<SimpleData name="LONSALAADM">1</SimpleData>
		<SimpleData name="LONSALVENT">0</SimpleData>
		<SimpleData name="SALAPROC">0</SimpleData>
		<SimpleData name="AREABODEGA">0</SimpleData>
		<SimpleData name="AREACAFRI">0</SimpleData>
		<SimpleData name="AREAREFUG">1</SimpleData>
		<SimpleData name="AREAGALPON">0</SimpleData>
		<SimpleData name="PROGRAMA">CONEXIÓN</SimpleData>
		<SimpleData name="IMAGEN">http://colabora.mop.gov.cl/sites/dop/dptopl/dp/Documentos%20compartidos/Imágenes%20para%20el%20Modelo%20de%20Datos/14-%20LOS%20RIOS/14-3.jpg</SimpleData>
		<SimpleData name="MXLOCATION">14201-02</SimpleData>
		<SimpleData name="MXSITEID">DOP</SimpleData>
		<SimpleData name="COD_REG">0</SimpleData>
	</SchemaData></ExtendedData>
      <Point><coordinates>-73.418049509,-40.3150746319999</coordinates></Point>
  </Placemark>
  <Placemark id="infraestructura_portuaria.31">
	<ExtendedData><SchemaData schemaUrl="#infraestructura_portuaria">
		<SimpleData name="OBJECTID_1">31</SimpleData>
		<SimpleData name="OBJECTID">2822</SimpleData>
		<SimpleData name="CODOBRA">14-19</SimpleData>
		<SimpleData name="TIPOOBRA">6</SimpleData>
		<SimpleData name="DESCOBRA">MUELLE DE PASAJEROS PUNUCAPA</SimpleData>
		<SimpleData name="CODCOMUNA">VALDIVIA</SimpleData>
		<SimpleData name="LONMUROS">0</SimpleData>
		<SimpleData name="LONESCOLLE">0</SimpleData>
		<SimpleData name="LONMUELLE">113</SimpleData>
		<SimpleData name="LONRAMPCO">0</SimpleData>
		<SimpleData name="LONRAMPA">0</SimpleData>
		<SimpleData name="LONRAMPAVA">0</SimpleData>
		<SimpleData name="LONPONTON">7</SimpleData>
		<SimpleData name="LONCAMIAC">0</SimpleData>
		<SimpleData name="AREAEXPLAN">0</SimpleData>
		<SimpleData name="BOXUNI">0</SimpleData>
		<SimpleData name="BANO_UNI">0</SimpleData>
		<SimpleData name="TIPOGEOM">1</SimpleData>
		<SimpleData name="GLOBALID">{B139C508-4B3E-4CF8-BA84-8BCDDCFFBF2E}</SimpleData>
		<SimpleData name="SALAREUNI">0</SimpleData>
		<SimpleData name="PLAYAARTIF">0</SimpleData>
		<SimpleData name="PASEOCOSTE">0</SimpleData>
		<SimpleData name="ESTADOGRAL">BUENO</SimpleData>
		<SimpleData name="GRUAOPESC">0</SimpleData>
		<SimpleData name="LONSALAADM">0</SimpleData>
		<SimpleData name="LONSALVENT">0</SimpleData>
		<SimpleData name="SALAPROC">0</SimpleData>
		<SimpleData name="AREABODEGA">0</SimpleData>
		<SimpleData name="AREACAFRI">0</SimpleData>
		<SimpleData name="AREAREFUG">0</SimpleData>
		<SimpleData name="AREAGALPON">0</SimpleData>
		<SimpleData name="PROGRAMA">CONEXIÓN</SimpleData>
		<SimpleData name="IMAGEN">http://colabora.mop.gov.cl/sites/dop/dptopl/dp/Documentos%20compartidos/Imágenes%20para%20el%20Modelo%20de%20Datos/14-%20LOS%20RIOS/14-19.jpg</SimpleData>
		<SimpleData name="MXLOCATION">14101-21</SimpleData>
		<SimpleData name="MXSITEID">DOP</SimpleData>
		<SimpleData name="COD_REG">0</SimpleData>
	</SchemaData></ExtendedData>
      <Point><coordinates>-73.2610602569999,-39.757545385</coordinates></Point>
  </Placemark>
  <Placemark id="infraestructura_portuaria.32">
	<ExtendedData><SchemaData schemaUrl="#infraestructura_portuaria">
		<SimpleData name="OBJECTID_1">32</SimpleData>
		<SimpleData name="OBJECTID">2823</SimpleData>
		<SimpleData name="CODOBRA">14-18</SimpleData>
		<SimpleData name="TIPOOBRA">6</SimpleData>
		<SimpleData name="DESCOBRA">MUELLE DE PASAJEROS MANCERA</SimpleData>
		<SimpleData name="CODCOMUNA">CORRAL</SimpleData>
		<SimpleData name="LONMUROS">0</SimpleData>
		<SimpleData name="LONESCOLLE">0</SimpleData>
		<SimpleData name="LONMUELLE">397</SimpleData>
		<SimpleData name="LONRAMPCO">0</SimpleData>
		<SimpleData name="LONRAMPA">0</SimpleData>
		<SimpleData name="LONRAMPAVA">0</SimpleData>
		<SimpleData name="LONPONTON">0</SimpleData>
		<SimpleData name="LONCAMIAC">0</SimpleData>
		<SimpleData name="AREAEXPLAN">0</SimpleData>
		<SimpleData name="BOXUNI">0</SimpleData>
		<SimpleData name="BANO_UNI">0</SimpleData>
		<SimpleData name="TIPOGEOM">1</SimpleData>
		<SimpleData name="GLOBALID">{A2B97582-AC59-4B0F-888F-4CCCD9AC647E}</SimpleData>
		<SimpleData name="SALAREUNI">0</SimpleData>
		<SimpleData name="PLAYAARTIF">0</SimpleData>
		<SimpleData name="PASEOCOSTE">0</SimpleData>
		<SimpleData name="ESTADOGRAL">BUENO</SimpleData>
		<SimpleData name="GRUAOPESC">0</SimpleData>
		<SimpleData name="LONSALAADM">0</SimpleData>
		<SimpleData name="LONSALVENT">0</SimpleData>
		<SimpleData name="SALAPROC">0</SimpleData>
		<SimpleData name="AREABODEGA">0</SimpleData>
		<SimpleData name="AREACAFRI">0</SimpleData>
		<SimpleData name="AREAREFUG">0</SimpleData>
		<SimpleData name="AREAGALPON">0</SimpleData>
		<SimpleData name="PROGRAMA">CONEXIÓN</SimpleData>
		<SimpleData name="IMAGEN">http://colabora.mop.gov.cl/sites/dop/dptopl/dp/Documentos%20compartidos/Imágenes%20para%20el%20Modelo%20de%20Datos/14-%20LOS%20RIOS/14-18.jpg</SimpleData>
		<SimpleData name="MXLOCATION">14102-12</SimpleData>
		<SimpleData name="MXSITEID">DOP</SimpleData>
		<SimpleData name="COD_REG">0</SimpleData>
	</SchemaData></ExtendedData>
      <Point><coordinates>-73.3893559919999,-39.888522152</coordinates></Point>
  </Placemark>
  <Placemark id="infraestructura_portuaria.33">
	<ExtendedData><SchemaData schemaUrl="#infraestructura_portuaria">
		<SimpleData name="OBJECTID_1">33</SimpleData>
		<SimpleData name="OBJECTID">2824</SimpleData>
		<SimpleData name="CODOBRA">14-17</SimpleData>
		<SimpleData name="TIPOOBRA">6</SimpleData>
		<SimpleData name="DESCOBRA">MUELLE DE PASAJEROS CORRAL</SimpleData>
		<SimpleData name="CODCOMUNA">CORRAL</SimpleData>
		<SimpleData name="LONMUROS">0</SimpleData>
		<SimpleData name="LONESCOLLE">0</SimpleData>
		<SimpleData name="LONMUELLE">630</SimpleData>
		<SimpleData name="LONRAMPCO">0</SimpleData>
		<SimpleData name="LONRAMPA">0</SimpleData>
		<SimpleData name="LONRAMPAVA">0</SimpleData>
		<SimpleData name="LONPONTON">0</SimpleData>
		<SimpleData name="LONCAMIAC">0</SimpleData>
		<SimpleData name="AREAEXPLAN">0</SimpleData>
		<SimpleData name="BOXUNI">0</SimpleData>
		<SimpleData name="BANO_UNI">0</SimpleData>
		<SimpleData name="TIPOGEOM">1</SimpleData>
		<SimpleData name="GLOBALID">{2D70A075-A59F-4592-82B3-4FF747C64217}</SimpleData>
		<SimpleData name="SALAREUNI">0</SimpleData>
		<SimpleData name="PLAYAARTIF">0</SimpleData>
		<SimpleData name="PASEOCOSTE">0</SimpleData>
		<SimpleData name="ESTADOGRAL">BUENO</SimpleData>
		<SimpleData name="GRUAOPESC">0</SimpleData>
		<SimpleData name="LONSALAADM">0</SimpleData>
		<SimpleData name="LONSALVENT">0</SimpleData>
		<SimpleData name="SALAPROC">0</SimpleData>
		<SimpleData name="AREABODEGA">0</SimpleData>
		<SimpleData name="AREACAFRI">0</SimpleData>
		<SimpleData name="AREAREFUG">0</SimpleData>
		<SimpleData name="AREAGALPON">0</SimpleData>
		<SimpleData name="PROGRAMA">CONEXIÓN</SimpleData>
		<SimpleData name="IMAGEN">http://colabora.mop.gov.cl/sites/dop/dptopl/dp/Documentos%20compartidos/Imágenes%20para%20el%20Modelo%20de%20Datos/14-%20LOS%20RIOS/14-17.jpg</SimpleData>
		<SimpleData name="MXLOCATION">14102-11</SimpleData>
		<SimpleData name="MXSITEID">DOP</SimpleData>
		<SimpleData name="COD_REG">0</SimpleData>
	</SchemaData></ExtendedData>
      <Point><coordinates>-73.4276872089999,-39.8867279579999</coordinates></Point>
  </Placemark>
  <Placemark id="infraestructura_portuaria.34">
	<ExtendedData><SchemaData schemaUrl="#infraestructura_portuaria">
		<SimpleData name="OBJECTID_1">34</SimpleData>
		<SimpleData name="OBJECTID">2825</SimpleData>
		<SimpleData name="CODOBRA">14-14</SimpleData>
		<SimpleData name="TIPOOBRA">6</SimpleData>
		<SimpleData name="DESCOBRA">MUELLE DE MEHUÍN - SAN JOSE DE LA MARIQUINA</SimpleData>
		<SimpleData name="CODCOMUNA">SAN JOSÉ DE LA MARIQUINA</SimpleData>
		<SimpleData name="LONMUROS">0</SimpleData>
		<SimpleData name="LONESCOLLE">6</SimpleData>
		<SimpleData name="LONMUELLE">115</SimpleData>
		<SimpleData name="LONRAMPCO">0</SimpleData>
		<SimpleData name="LONRAMPA">0</SimpleData>
		<SimpleData name="LONRAMPAVA">0</SimpleData>
		<SimpleData name="LONPONTON">0</SimpleData>
		<SimpleData name="LONCAMIAC">0</SimpleData>
		<SimpleData name="AREAEXPLAN">260</SimpleData>
		<SimpleData name="BOXUNI">0</SimpleData>
		<SimpleData name="BANO_UNI">0</SimpleData>
		<SimpleData name="TIPOGEOM">1</SimpleData>
		<SimpleData name="GLOBALID">{FEA37F62-24D4-4B8A-989D-0C3D81F9195A}</SimpleData>
		<SimpleData name="SALAREUNI">0</SimpleData>
		<SimpleData name="PLAYAARTIF">0</SimpleData>
		<SimpleData name="PASEOCOSTE">0</SimpleData>
		<SimpleData name="ESTADOGRAL">BUENO</SimpleData>
		<SimpleData name="GRUAOPESC">0</SimpleData>
		<SimpleData name="LONSALAADM">0</SimpleData>
		<SimpleData name="LONSALVENT">0</SimpleData>
		<SimpleData name="SALAPROC">0</SimpleData>
		<SimpleData name="AREABODEGA">0</SimpleData>
		<SimpleData name="AREACAFRI">0</SimpleData>
		<SimpleData name="AREAREFUG">0</SimpleData>
		<SimpleData name="AREAGALPON">0</SimpleData>
		<SimpleData name="PROGRAMA">PESCA ARTESANAL</SimpleData>
		<SimpleData name="IMAGEN">http://colabora.mop.gov.cl/sites/dop/dptopl/dp/Documentos%20compartidos/Imágenes%20para%20el%20Modelo%20de%20Datos/14-%20LOS%20RIOS/14-14.jpg</SimpleData>
		<SimpleData name="MXLOCATION">14106-24</SimpleData>
		<SimpleData name="MXSITEID">DOP</SimpleData>
		<SimpleData name="COD_REG">0</SimpleData>
	</SchemaData></ExtendedData>
      <Point><coordinates>-73.2089855579999,-39.445636877</coordinates></Point>
  </Placemark>
  <Placemark id="infraestructura_portuaria.35">
	<ExtendedData><SchemaData schemaUrl="#infraestructura_portuaria">
		<SimpleData name="OBJECTID_1">35</SimpleData>
		<SimpleData name="OBJECTID">2828</SimpleData>
		<SimpleData name="CODOBRA">10-065</SimpleData>
		<SimpleData name="TIPOOBRA">8</SimpleData>
		<SimpleData name="DESCOBRA">MURO COSTERO DE LINAO</SimpleData>
		<SimpleData name="CODCOMUNA">ANCUD</SimpleData>
		<SimpleData name="LONMUROS">405</SimpleData>
		<SimpleData name="LONESCOLLE">0</SimpleData>
		<SimpleData name="LONMUELLE">0</SimpleData>
		<SimpleData name="LONRAMPCO">0</SimpleData>
		<SimpleData name="LONRAMPA">0</SimpleData>
		<SimpleData name="LONRAMPAVA">0</SimpleData>
		<SimpleData name="LONPONTON">0</SimpleData>
		<SimpleData name="LONCAMIAC">0</SimpleData>
		<SimpleData name="AREAEXPLAN">0</SimpleData>
		<SimpleData name="BOXUNI">0</SimpleData>
		<SimpleData name="BANO_UNI">0</SimpleData>
		<SimpleData name="TIPOGEOM">1</SimpleData>
		<SimpleData name="GLOBALID">{A81ADF62-F9B4-44F1-978F-EA18B4D33896}</SimpleData>
		<SimpleData name="SALAREUNI">0</SimpleData>
		<SimpleData name="PLAYAARTIF">0</SimpleData>
		<SimpleData name="PASEOCOSTE">405</SimpleData>
		<SimpleData name="ESTADOGRAL">BUENO</SimpleData>
		<SimpleData name="GRUAOPESC">0</SimpleData>
		<SimpleData name="LONSALAADM">0</SimpleData>
		<SimpleData name="LONSALVENT">0</SimpleData>
		<SimpleData name="SALAPROC">0</SimpleData>
		<SimpleData name="AREABODEGA">0</SimpleData>
		<SimpleData name="AREACAFRI">0</SimpleData>
		<SimpleData name="AREAREFUG">0</SimpleData>
		<SimpleData name="AREAGALPON">0</SimpleData>
		<SimpleData name="PROGRAMA">MEJORAMIENTO DE BORDE COSTERO</SimpleData>
		<SimpleData name="IMAGEN">http://colabora.mop.gov.cl/sites/dop/dptopl/dp/Documentos%20compartidos/Imágenes%20para%20el%20Modelo%20de%20Datos/10-%20LOS%20LAGOS/10-065.jpg</SimpleData>
		<SimpleData name="MXLOCATION">10202-09</SimpleData>
		<SimpleData name="MXSITEID">DOP</SimpleData>
		<SimpleData name="COD_REG">0</SimpleData>
	</SchemaData></ExtendedData>
      <Point><coordinates>-73.547707975,-41.965546619</coordinates></Point>
  </Placemark>
  <Placemark id="infraestructura_portuaria.36">
	<ExtendedData><SchemaData schemaUrl="#infraestructura_portuaria">
		<SimpleData name="OBJECTID_1">36</SimpleData>
		<SimpleData name="OBJECTID">2841</SimpleData>
		<SimpleData name="CODOBRA">14-13</SimpleData>
		<SimpleData name="TIPOOBRA">8</SimpleData>
		<SimpleData name="DESCOBRA">COSTANERA VALDIVIA ( ENTRE PUENTE PEDRO DE VALDIVIA Y PUENTE CALLE CALLE)</SimpleData>
		<SimpleData name="CODCOMUNA">VALDIVIA</SimpleData>
		<SimpleData name="LONMUROS">0</SimpleData>
		<SimpleData name="LONESCOLLE">2200</SimpleData>
		<SimpleData name="LONMUELLE">0</SimpleData>
		<SimpleData name="LONRAMPCO">0</SimpleData>
		<SimpleData name="LONRAMPA">0</SimpleData>
		<SimpleData name="LONRAMPAVA">0</SimpleData>
		<SimpleData name="LONPONTON">0</SimpleData>
		<SimpleData name="LONCAMIAC">0</SimpleData>
		<SimpleData name="AREAEXPLAN">0</SimpleData>
		<SimpleData name="BOXUNI">0</SimpleData>
		<SimpleData name="BANO_UNI">0</SimpleData>
		<SimpleData name="TIPOGEOM">1</SimpleData>
		<SimpleData name="GLOBALID">{10691098-5476-4219-94A9-7813E92A9CB6}</SimpleData>
		<SimpleData name="SALAREUNI">0</SimpleData>
		<SimpleData name="PLAYAARTIF">0</SimpleData>
		<SimpleData name="PASEOCOSTE">0</SimpleData>
		<SimpleData name="ESTADOGRAL">REGULAR</SimpleData>
		<SimpleData name="GRUAOPESC">0</SimpleData>
		<SimpleData name="LONSALAADM">0</SimpleData>
		<SimpleData name="LONSALVENT">0</SimpleData>
		<SimpleData name="SALAPROC">0</SimpleData>
		<SimpleData name="AREABODEGA">0</SimpleData>
		<SimpleData name="AREACAFRI">0</SimpleData>
		<SimpleData name="AREAREFUG">0</SimpleData>
		<SimpleData name="AREAGALPON">0</SimpleData>
		<SimpleData name="PROGRAMA">PROTECCION DE RIBERA</SimpleData>
		<SimpleData name="IMAGEN">http://colabora.mop.gov.cl/sites/dop/dptopl/dp/Documentos%20compartidos/Imágenes%20para%20el%20Modelo%20de%20Datos/14-%20LOS%20RIOS/14-13.jpg</SimpleData>
		<SimpleData name="MXLOCATION">14101-19</SimpleData>
		<SimpleData name="MXSITEID">DOP</SimpleData>
		<SimpleData name="COD_REG">0</SimpleData>
	</SchemaData></ExtendedData>
      <Point><coordinates>-73.24376935,-39.8088900659999</coordinates></Point>
  </Placemark>
  <Placemark id="infraestructura_portuaria.37">
	<ExtendedData><SchemaData schemaUrl="#infraestructura_portuaria">
		<SimpleData name="OBJECTID_1">37</SimpleData>
		<SimpleData name="OBJECTID">2897</SimpleData>
		<SimpleData name="CODOBRA">10-100</SimpleData>
		<SimpleData name="TIPOOBRA">2</SimpleData>
		<SimpleData name="DESCOBRA">MUELLE PESCADORES ARTESANALES DE QUELLON</SimpleData>
		<SimpleData name="CODCOMUNA">QUEILÉN</SimpleData>
		<SimpleData name="LONMUROS">132</SimpleData>
		<SimpleData name="LONESCOLLE">0</SimpleData>
		<SimpleData name="LONMUELLE">0</SimpleData>
		<SimpleData name="LONRAMPCO">0</SimpleData>
		<SimpleData name="LONRAMPA">0</SimpleData>
		<SimpleData name="LONRAMPAVA">0</SimpleData>
		<SimpleData name="LONPONTON">50</SimpleData>
		<SimpleData name="LONCAMIAC">0</SimpleData>
		<SimpleData name="AREAEXPLAN">380</SimpleData>
		<SimpleData name="BOXUNI">0</SimpleData>
		<SimpleData name="BANO_UNI">0</SimpleData>
		<SimpleData name="TIPOGEOM">1</SimpleData>
		<SimpleData name="GLOBALID">{86C8361D-811F-4AB3-81B5-4AC1687CE439}</SimpleData>
		<SimpleData name="SALAREUNI">1</SimpleData>
		<SimpleData name="PLAYAARTIF">0</SimpleData>
		<SimpleData name="PASEOCOSTE">0</SimpleData>
		<SimpleData name="ESTADOGRAL">BUENO</SimpleData>
		<SimpleData name="GRUAOPESC">0</SimpleData>
		<SimpleData name="LONSALAADM">1</SimpleData>
		<SimpleData name="LONSALVENT">0</SimpleData>
		<SimpleData name="SALAPROC">0</SimpleData>
		<SimpleData name="AREABODEGA">0</SimpleData>
		<SimpleData name="AREACAFRI">0</SimpleData>
		<SimpleData name="AREAREFUG">0</SimpleData>
		<SimpleData name="AREAGALPON">0</SimpleData>
		<SimpleData name="PROGRAMA">PESCA ARTESANAL</SimpleData>
		<SimpleData name="IMAGEN">http://colabora.mop.gov.cl/sites/dop/dptopl/dp/Documentos%20compartidos/Imágenes%20para%20el%20Modelo%20de%20Datos/10-%20LOS%20LAGOS/10-100.jpg</SimpleData>
		<SimpleData name="MXLOCATION">10208-44</SimpleData>
		<SimpleData name="MXSITEID">DOP</SimpleData>
		<SimpleData name="COD_REG">0</SimpleData>
	</SchemaData></ExtendedData>
      <Point><coordinates>-73.6231786979999,-43.1207534719999</coordinates></Point>
  </Placemark>
  <Placemark id="infraestructura_portuaria.38">
	<ExtendedData><SchemaData schemaUrl="#infraestructura_portuaria">
		<SimpleData name="OBJECTID_1">38</SimpleData>
		<SimpleData name="OBJECTID">2840</SimpleData>
		<SimpleData name="CODOBRA">14-7</SimpleData>
		<SimpleData name="TIPOOBRA">8</SimpleData>
		<SimpleData name="DESCOBRA">MURO CORRAL</SimpleData>
		<SimpleData name="CODCOMUNA">CORRAL</SimpleData>
		<SimpleData name="LONMUROS">162</SimpleData>
		<SimpleData name="LONESCOLLE">162</SimpleData>
		<SimpleData name="LONMUELLE">0</SimpleData>
		<SimpleData name="LONRAMPCO">0</SimpleData>
		<SimpleData name="LONRAMPA">0</SimpleData>
		<SimpleData name="LONRAMPAVA">0</SimpleData>
		<SimpleData name="LONPONTON">0</SimpleData>
		<SimpleData name="LONCAMIAC">0</SimpleData>
		<SimpleData name="AREAEXPLAN">0</SimpleData>
		<SimpleData name="BOXUNI">0</SimpleData>
		<SimpleData name="BANO_UNI">0</SimpleData>
		<SimpleData name="TIPOGEOM">1</SimpleData>
		<SimpleData name="GLOBALID">{B113B98D-EF1E-421A-BAA5-1C7C94BB9815}</SimpleData>
		<SimpleData name="SALAREUNI">0</SimpleData>
		<SimpleData name="PLAYAARTIF">0</SimpleData>
		<SimpleData name="PASEOCOSTE">0</SimpleData>
		<SimpleData name="ESTADOGRAL">BUENO</SimpleData>
		<SimpleData name="GRUAOPESC">0</SimpleData>
		<SimpleData name="LONSALAADM">0</SimpleData>
		<SimpleData name="LONSALVENT">0</SimpleData>
		<SimpleData name="SALAPROC">0</SimpleData>
		<SimpleData name="AREABODEGA">0</SimpleData>
		<SimpleData name="AREACAFRI">0</SimpleData>
		<SimpleData name="AREAREFUG">0</SimpleData>
		<SimpleData name="AREAGALPON">0</SimpleData>
		<SimpleData name="PROGRAMA">PROTECCION DE RIBERA</SimpleData>
		<SimpleData name="IMAGEN">http://colabora.mop.gov.cl/sites/dop/dptopl/dp/Documentos%20compartidos/Imágenes%20para%20el%20Modelo%20de%20Datos/14-%20LOS%20RIOS/14-7.jpg</SimpleData>
		<SimpleData name="MXLOCATION">14102-07</SimpleData>
		<SimpleData name="MXSITEID">DOP</SimpleData>
		<SimpleData name="COD_REG">0</SimpleData>
	</SchemaData></ExtendedData>
      <Point><coordinates>-73.4274456329999,-39.887416693</coordinates></Point>
  </Placemark>
  <Placemark id="infraestructura_portuaria.39">
	<ExtendedData><SchemaData schemaUrl="#infraestructura_portuaria">
		<SimpleData name="OBJECTID_1">39</SimpleData>
		<SimpleData name="OBJECTID">2900</SimpleData>
		<SimpleData name="CODOBRA">10-085</SimpleData>
		<SimpleData name="TIPOOBRA">2</SimpleData>
		<SimpleData name="DESCOBRA">TERMINAL DE PESCADORES DE DALCAHUE</SimpleData>
		<SimpleData name="CODCOMUNA">DALCAHUE</SimpleData>
		<SimpleData name="LONMUROS">125</SimpleData>
		<SimpleData name="LONESCOLLE">0</SimpleData>
		<SimpleData name="LONMUELLE">0</SimpleData>
		<SimpleData name="LONRAMPCO">0</SimpleData>
		<SimpleData name="LONRAMPA">0</SimpleData>
		<SimpleData name="LONRAMPAVA">0</SimpleData>
		<SimpleData name="LONPONTON">49</SimpleData>
		<SimpleData name="LONCAMIAC">0</SimpleData>
		<SimpleData name="AREAEXPLAN">151</SimpleData>
		<SimpleData name="BOXUNI">0</SimpleData>
		<SimpleData name="BANO_UNI">2</SimpleData>
		<SimpleData name="TIPOGEOM">1</SimpleData>
		<SimpleData name="GLOBALID">{934A623C-2788-4BB1-A86C-1519D4667DE3}</SimpleData>
		<SimpleData name="SALAREUNI">1</SimpleData>
		<SimpleData name="PLAYAARTIF">0</SimpleData>
		<SimpleData name="PASEOCOSTE">0</SimpleData>
		<SimpleData name="ESTADOGRAL">BUENO</SimpleData>
		<SimpleData name="GRUAOPESC">0</SimpleData>
		<SimpleData name="LONSALAADM">1</SimpleData>
		<SimpleData name="LONSALVENT">0</SimpleData>
		<SimpleData name="SALAPROC">0</SimpleData>
		<SimpleData name="AREABODEGA">0</SimpleData>
		<SimpleData name="AREACAFRI">0</SimpleData>
		<SimpleData name="AREAREFUG">0</SimpleData>
		<SimpleData name="AREAGALPON">1</SimpleData>
		<SimpleData name="PROGRAMA">PESCA ARTESANAL</SimpleData>
		<SimpleData name="IMAGEN">http://colabora.mop.gov.cl/sites/dop/dptopl/dp/Documentos%20compartidos/Imágenes%20para%20el%20Modelo%20de%20Datos/10-%20LOS%20LAGOS/10-085.jpg</SimpleData>
		<SimpleData name="MXLOCATION">10205-29</SimpleData>
		<SimpleData name="MXSITEID">DOP</SimpleData>
		<SimpleData name="COD_REG">0</SimpleData>
	</SchemaData></ExtendedData>
      <Point><coordinates>-73.655167804,-42.3818060959999</coordinates></Point>
  </Placemark>
  <Placemark id="infraestructura_portuaria.40">
	<ExtendedData><SchemaData schemaUrl="#infraestructura_portuaria">
		<SimpleData name="OBJECTID_1">40</SimpleData>
		<SimpleData name="OBJECTID">2901</SimpleData>
		<SimpleData name="CODOBRA">10-067</SimpleData>
		<SimpleData name="TIPOOBRA">2</SimpleData>
		<SimpleData name="DESCOBRA">MUELLE PESCA ARTESANAL DE PUDETO</SimpleData>
		<SimpleData name="CODCOMUNA">ANCUD</SimpleData>
		<SimpleData name="LONMUROS">0</SimpleData>
		<SimpleData name="LONESCOLLE">0</SimpleData>
		<SimpleData name="LONMUELLE">50</SimpleData>
		<SimpleData name="LONRAMPCO">0</SimpleData>
		<SimpleData name="LONRAMPA">0</SimpleData>
		<SimpleData name="LONRAMPAVA">0</SimpleData>
		<SimpleData name="LONPONTON">0</SimpleData>
		<SimpleData name="LONCAMIAC">0</SimpleData>
		<SimpleData name="AREAEXPLAN">636</SimpleData>
		<SimpleData name="BOXUNI">0</SimpleData>
		<SimpleData name="BANO_UNI">0</SimpleData>
		<SimpleData name="TIPOGEOM">1</SimpleData>
		<SimpleData name="GLOBALID">{3856DE9B-F48C-47E3-9448-EEF212B91628}</SimpleData>
		<SimpleData name="SALAREUNI">0</SimpleData>
		<SimpleData name="PLAYAARTIF">0</SimpleData>
		<SimpleData name="PASEOCOSTE">0</SimpleData>
		<SimpleData name="ESTADOGRAL">BUENO</SimpleData>
		<SimpleData name="GRUAOPESC">0</SimpleData>
		<SimpleData name="LONSALAADM">0</SimpleData>
		<SimpleData name="LONSALVENT">0</SimpleData>
		<SimpleData name="SALAPROC">0</SimpleData>
		<SimpleData name="AREABODEGA">0</SimpleData>
		<SimpleData name="AREACAFRI">0</SimpleData>
		<SimpleData name="AREAREFUG">0</SimpleData>
		<SimpleData name="AREAGALPON">0</SimpleData>
		<SimpleData name="PROGRAMA">PESCA ARTESANAL</SimpleData>
		<SimpleData name="IMAGEN">http://colabora.mop.gov.cl/sites/dop/dptopl/dp/Documentos%20compartidos/Imágenes%20para%20el%20Modelo%20de%20Datos/10-%20LOS%20LAGOS/10-067.jpg</SimpleData>
		<SimpleData name="MXLOCATION">10202-11</SimpleData>
		<SimpleData name="MXSITEID">DOP</SimpleData>
		<SimpleData name="COD_REG">0</SimpleData>
	</SchemaData></ExtendedData>
      <Point><coordinates>-73.8009213349999,-41.873858707</coordinates></Point>
  </Placemark>
  <Placemark id="infraestructura_portuaria.41">
	<ExtendedData><SchemaData schemaUrl="#infraestructura_portuaria">
		<SimpleData name="OBJECTID_1">41</SimpleData>
		<SimpleData name="OBJECTID">2902</SimpleData>
		<SimpleData name="CODOBRA">10-060</SimpleData>
		<SimpleData name="TIPOOBRA">2</SimpleData>
		<SimpleData name="DESCOBRA">ROMPEOLAS DE ANCUD</SimpleData>
		<SimpleData name="CODCOMUNA">ANCUD</SimpleData>
		<SimpleData name="LONMUROS">396</SimpleData>
		<SimpleData name="LONESCOLLE">0</SimpleData>
		<SimpleData name="LONMUELLE">0</SimpleData>
		<SimpleData name="LONRAMPCO">0</SimpleData>
		<SimpleData name="LONRAMPA">0</SimpleData>
		<SimpleData name="LONRAMPAVA">0</SimpleData>
		<SimpleData name="LONPONTON">0</SimpleData>
		<SimpleData name="LONCAMIAC">0</SimpleData>
		<SimpleData name="AREAEXPLAN">0</SimpleData>
		<SimpleData name="BOXUNI">0</SimpleData>
		<SimpleData name="BANO_UNI">0</SimpleData>
		<SimpleData name="TIPOGEOM">1</SimpleData>
		<SimpleData name="GLOBALID">{0A28AF10-BEB1-455E-B883-E7EB421987BB}</SimpleData>
		<SimpleData name="SALAREUNI">0</SimpleData>
		<SimpleData name="PLAYAARTIF">0</SimpleData>
		<SimpleData name="PASEOCOSTE">0</SimpleData>
		<SimpleData name="ESTADOGRAL">BUENO</SimpleData>
		<SimpleData name="GRUAOPESC">1</SimpleData>
		<SimpleData name="LONSALAADM">0</SimpleData>
		<SimpleData name="LONSALVENT">0</SimpleData>
		<SimpleData name="SALAPROC">0</SimpleData>
		<SimpleData name="AREABODEGA">0</SimpleData>
		<SimpleData name="AREACAFRI">0</SimpleData>
		<SimpleData name="AREAREFUG">0</SimpleData>
		<SimpleData name="AREAGALPON">0</SimpleData>
		<SimpleData name="PROGRAMA">PESCA ARTESANAL</SimpleData>
		<SimpleData name="IMAGEN">http://colabora.mop.gov.cl/sites/dop/dptopl/dp/Documentos%20compartidos/Imágenes%20para%20el%20Modelo%20de%20Datos/10-%20LOS%20LAGOS/10-060.jpg</SimpleData>
		<SimpleData name="MXLOCATION">10202-03</SimpleData>
		<SimpleData name="MXSITEID">DOP</SimpleData>
		<SimpleData name="COD_REG">0</SimpleData>
	</SchemaData></ExtendedData>
      <Point><coordinates>-73.832706948,-41.866846879</coordinates></Point>
  </Placemark>
  <Placemark id="infraestructura_portuaria.42">
	<ExtendedData><SchemaData schemaUrl="#infraestructura_portuaria">
		<SimpleData name="OBJECTID_1">42</SimpleData>
		<SimpleData name="OBJECTID">2684</SimpleData>
		<SimpleData name="CODOBRA">10-044</SimpleData>
		<SimpleData name="TIPOOBRA">10</SimpleData>
		<SimpleData name="DESCOBRA">RAMPA CALLE SERRANO, MAULLIN</SimpleData>
		<SimpleData name="CODCOMUNA">MAULLÍN</SimpleData>
		<SimpleData name="LONMUROS">31</SimpleData>
		<SimpleData name="LONESCOLLE">0</SimpleData>
		<SimpleData name="LONMUELLE">0</SimpleData>
		<SimpleData name="LONRAMPCO">0</SimpleData>
		<SimpleData name="LONRAMPA">33</SimpleData>
		<SimpleData name="LONRAMPAVA">0</SimpleData>
		<SimpleData name="LONPONTON">0</SimpleData>
		<SimpleData name="LONCAMIAC">0</SimpleData>
		<SimpleData name="AREAEXPLAN">202</SimpleData>
		<SimpleData name="BOXUNI">0</SimpleData>
		<SimpleData name="BANO_UNI">0</SimpleData>
		<SimpleData name="TIPOGEOM">1</SimpleData>
		<SimpleData name="GLOBALID">{11A7B6EF-53B6-4C43-A6CE-9F29320D32FF}</SimpleData>
		<SimpleData name="SALAREUNI">0</SimpleData>
		<SimpleData name="PLAYAARTIF">0</SimpleData>
		<SimpleData name="PASEOCOSTE">0</SimpleData>
		<SimpleData name="ESTADOGRAL">MUY MALO</SimpleData>
		<SimpleData name="GRUAOPESC">0</SimpleData>
		<SimpleData name="LONSALAADM">0</SimpleData>
		<SimpleData name="LONSALVENT">0</SimpleData>
		<SimpleData name="SALAPROC">0</SimpleData>
		<SimpleData name="AREABODEGA">0</SimpleData>
		<SimpleData name="AREACAFRI">0</SimpleData>
		<SimpleData name="AREAREFUG">0</SimpleData>
		<SimpleData name="AREAGALPON">0</SimpleData>
		<SimpleData name="PROGRAMA">CONEXIÓN</SimpleData>
		<SimpleData name="IMAGEN">http://colabora.mop.gov.cl/sites/dop/dptopl/dp/Documentos%20compartidos/Imágenes%20para%20el%20Modelo%20de%20Datos/10-%20LOS%20LAGOS/10-044.jpg</SimpleData>
		<SimpleData name="MXLOCATION">10108-93</SimpleData>
		<SimpleData name="MXSITEID">DOP</SimpleData>
		<SimpleData name="COD_REG">0</SimpleData>
	</SchemaData></ExtendedData>
      <Point><coordinates>-73.596562692,-41.615550898</coordinates></Point>
  </Placemark>
  <Placemark id="infraestructura_portuaria.43">
	<ExtendedData><SchemaData schemaUrl="#infraestructura_portuaria">
		<SimpleData name="OBJECTID_1">43</SimpleData>
		<SimpleData name="OBJECTID">2685</SimpleData>
		<SimpleData name="CODOBRA">10-043</SimpleData>
		<SimpleData name="TIPOOBRA">10</SimpleData>
		<SimpleData name="DESCOBRA">RAMPA TRANSBORDADORES DE LA PASADA</SimpleData>
		<SimpleData name="CODCOMUNA">MAULLÍN</SimpleData>
		<SimpleData name="LONMUROS">185</SimpleData>
		<SimpleData name="LONESCOLLE">0</SimpleData>
		<SimpleData name="LONMUELLE">0</SimpleData>
		<SimpleData name="LONRAMPCO">0</SimpleData>
		<SimpleData name="LONRAMPA">105</SimpleData>
		<SimpleData name="LONRAMPAVA">0</SimpleData>
		<SimpleData name="LONPONTON">0</SimpleData>
		<SimpleData name="LONCAMIAC">0</SimpleData>
		<SimpleData name="AREAEXPLAN">540</SimpleData>
		<SimpleData name="BOXUNI">0</SimpleData>
		<SimpleData name="BANO_UNI">0</SimpleData>
		<SimpleData name="TIPOGEOM">1</SimpleData>
		<SimpleData name="GLOBALID">{01C744A2-B497-4231-B929-682D2C5393BD}</SimpleData>
		<SimpleData name="SALAREUNI">0</SimpleData>
		<SimpleData name="PLAYAARTIF">0</SimpleData>
		<SimpleData name="PASEOCOSTE">45</SimpleData>
		<SimpleData name="ESTADOGRAL">BUENO</SimpleData>
		<SimpleData name="GRUAOPESC">0</SimpleData>
		<SimpleData name="LONSALAADM">0</SimpleData>
		<SimpleData name="LONSALVENT">0</SimpleData>
		<SimpleData name="SALAPROC">0</SimpleData>
		<SimpleData name="AREABODEGA">0</SimpleData>
		<SimpleData name="AREACAFRI">0</SimpleData>
		<SimpleData name="AREAREFUG">1</SimpleData>
		<SimpleData name="AREAGALPON">0</SimpleData>
		<SimpleData name="PROGRAMA">CONEXIÓN</SimpleData>
		<SimpleData name="IMAGEN">http://colabora.mop.gov.cl/sites/dop/dptopl/dp/Documentos%20compartidos/Imágenes%20para%20el%20Modelo%20de%20Datos/10-%20LOS%20LAGOS/10-043.jpg</SimpleData>
		<SimpleData name="MXLOCATION">10108-91</SimpleData>
		<SimpleData name="MXSITEID">DOP</SimpleData>
		<SimpleData name="COD_REG">0</SimpleData>
	</SchemaData></ExtendedData>
      <Point><coordinates>-73.598253974,-41.605314704</coordinates></Point>
  </Placemark>
  <Placemark id="infraestructura_portuaria.44">
	<ExtendedData><SchemaData schemaUrl="#infraestructura_portuaria">
		<SimpleData name="OBJECTID_1">44</SimpleData>
		<SimpleData name="OBJECTID">2686</SimpleData>
		<SimpleData name="CODOBRA">10-039</SimpleData>
		<SimpleData name="TIPOOBRA">10</SimpleData>
		<SimpleData name="DESCOBRA">RAMPA DE COCHAMO</SimpleData>
		<SimpleData name="CODCOMUNA">COCHAMÓ</SimpleData>
		<SimpleData name="LONMUROS">75</SimpleData>
		<SimpleData name="LONESCOLLE">0</SimpleData>
		<SimpleData name="LONMUELLE">0</SimpleData>
		<SimpleData name="LONRAMPCO">0</SimpleData>
		<SimpleData name="LONRAMPA">0</SimpleData>
		<SimpleData name="LONRAMPAVA">0</SimpleData>
		<SimpleData name="LONPONTON">0</SimpleData>
		<SimpleData name="LONCAMIAC">0</SimpleData>
		<SimpleData name="AREAEXPLAN">0</SimpleData>
		<SimpleData name="BOXUNI">0</SimpleData>
		<SimpleData name="BANO_UNI">0</SimpleData>
		<SimpleData name="TIPOGEOM">1</SimpleData>
		<SimpleData name="GLOBALID">{87745746-557E-4605-9442-B016BD9BB2F1}</SimpleData>
		<SimpleData name="SALAREUNI">0</SimpleData>
		<SimpleData name="PLAYAARTIF">0</SimpleData>
		<SimpleData name="PASEOCOSTE">0</SimpleData>
		<SimpleData name="ESTADOGRAL">BUENO</SimpleData>
		<SimpleData name="GRUAOPESC">0</SimpleData>
		<SimpleData name="LONSALAADM">0</SimpleData>
		<SimpleData name="LONSALVENT">0</SimpleData>
		<SimpleData name="SALAPROC">0</SimpleData>
		<SimpleData name="AREABODEGA">0</SimpleData>
		<SimpleData name="AREACAFRI">0</SimpleData>
		<SimpleData name="AREAREFUG">0</SimpleData>
		<SimpleData name="AREAGALPON">0</SimpleData>
		<SimpleData name="PROGRAMA">CONEXIÓN</SimpleData>
		<SimpleData name="IMAGEN">http://colabora.mop.gov.cl/sites/dop/dptopl/dp/Documentos%20compartidos/Imágenes%20para%20el%20Modelo%20de%20Datos/10-%20LOS%20LAGOS/10-039.jpg</SimpleData>
		<SimpleData name="MXLOCATION">10103-88</SimpleData>
		<SimpleData name="MXSITEID">DOP</SimpleData>
		<SimpleData name="COD_REG">0</SimpleData>
	</SchemaData></ExtendedData>
      <Point><coordinates>-72.310598483,-41.4951056429999</coordinates></Point>
  </Placemark>
  <Placemark id="infraestructura_portuaria.45">
	<ExtendedData><SchemaData schemaUrl="#infraestructura_portuaria">
		<SimpleData name="OBJECTID_1">45</SimpleData>
		<SimpleData name="OBJECTID">2687</SimpleData>
		<SimpleData name="CODOBRA">10-038</SimpleData>
		<SimpleData name="TIPOOBRA">10</SimpleData>
		<SimpleData name="DESCOBRA">RAMPA QUEULLIN</SimpleData>
		<SimpleData name="CODCOMUNA">CALBUCO</SimpleData>
		<SimpleData name="LONMUROS">75</SimpleData>
		<SimpleData name="LONESCOLLE">0</SimpleData>
		<SimpleData name="LONMUELLE">0</SimpleData>
		<SimpleData name="LONRAMPCO">0</SimpleData>
		<SimpleData name="LONRAMPA">0</SimpleData>
		<SimpleData name="LONRAMPAVA">0</SimpleData>
		<SimpleData name="LONPONTON">0</SimpleData>
		<SimpleData name="LONCAMIAC">0</SimpleData>
		<SimpleData name="AREAEXPLAN">0</SimpleData>
		<SimpleData name="BOXUNI">0</SimpleData>
		<SimpleData name="BANO_UNI">0</SimpleData>
		<SimpleData name="TIPOGEOM">1</SimpleData>
		<SimpleData name="GLOBALID">{15EE79F8-16E1-4C5A-A23E-7C8C1C692125}</SimpleData>
		<SimpleData name="SALAREUNI">0</SimpleData>
		<SimpleData name="PLAYAARTIF">0</SimpleData>
		<SimpleData name="PASEOCOSTE">0</SimpleData>
		<SimpleData name="ESTADOGRAL">MUY BUENO</SimpleData>
		<SimpleData name="GRUAOPESC">0</SimpleData>
		<SimpleData name="LONSALAADM">0</SimpleData>
		<SimpleData name="LONSALVENT">0</SimpleData>
		<SimpleData name="SALAPROC">0</SimpleData>
		<SimpleData name="AREABODEGA">0</SimpleData>
		<SimpleData name="AREACAFRI">0</SimpleData>
		<SimpleData name="AREAREFUG">1</SimpleData>
		<SimpleData name="AREAGALPON">0</SimpleData>
		<SimpleData name="PROGRAMA">CONEXIÓN</SimpleData>
		<SimpleData name="IMAGEN">http://colabora.mop.gov.cl/sites/dop/dptopl/dp/Documentos%20compartidos/Imágenes%20para%20el%20Modelo%20de%20Datos/10-%20LOS%20LAGOS/10-038.jpg</SimpleData>
		<SimpleData name="MXLOCATION">10102-87</SimpleData>
		<SimpleData name="MXSITEID">DOP</SimpleData>
		<SimpleData name="COD_REG">0</SimpleData>
	</SchemaData></ExtendedData>
      <Point><coordinates>-72.903520449,-41.8728084689999</coordinates></Point>
  </Placemark>
  <Placemark id="infraestructura_portuaria.46">
	<ExtendedData><SchemaData schemaUrl="#infraestructura_portuaria">
		<SimpleData name="OBJECTID_1">46</SimpleData>
		<SimpleData name="OBJECTID">2688</SimpleData>
		<SimpleData name="CODOBRA">10-037</SimpleData>
		<SimpleData name="TIPOOBRA">10</SimpleData>
		<SimpleData name="DESCOBRA">RAMPA NUEVA, SECTOR PUNTA CORONEL</SimpleData>
		<SimpleData name="CODCOMUNA">CALBUCO</SimpleData>
		<SimpleData name="LONMUROS">380</SimpleData>
		<SimpleData name="LONESCOLLE">500</SimpleData>
		<SimpleData name="LONMUELLE">0</SimpleData>
		<SimpleData name="LONRAMPCO">0</SimpleData>
		<SimpleData name="LONRAMPA">0</SimpleData>
		<SimpleData name="LONRAMPAVA">0</SimpleData>
		<SimpleData name="LONPONTON">0</SimpleData>
		<SimpleData name="LONCAMIAC">0</SimpleData>
		<SimpleData name="AREAEXPLAN">0</SimpleData>
		<SimpleData name="BOXUNI">0</SimpleData>
		<SimpleData name="BANO_UNI">0</SimpleData>
		<SimpleData name="TIPOGEOM">1</SimpleData>
		<SimpleData name="GLOBALID">{7F410932-BE19-4860-8CA3-3E300F91EDE9}</SimpleData>
		<SimpleData name="SALAREUNI">0</SimpleData>
		<SimpleData name="PLAYAARTIF">0</SimpleData>
		<SimpleData name="PASEOCOSTE">0</SimpleData>
		<SimpleData name="ESTADOGRAL">MUY BUENO</SimpleData>
		<SimpleData name="GRUAOPESC">0</SimpleData>
		<SimpleData name="LONSALAADM">0</SimpleData>
		<SimpleData name="LONSALVENT">0</SimpleData>
		<SimpleData name="SALAPROC">0</SimpleData>
		<SimpleData name="AREABODEGA">0</SimpleData>
		<SimpleData name="AREACAFRI">0</SimpleData>
		<SimpleData name="AREAREFUG">1</SimpleData>
		<SimpleData name="AREAGALPON">0</SimpleData>
		<SimpleData name="PROGRAMA">CONEXIÓN</SimpleData>
		<SimpleData name="IMAGEN">http://colabora.mop.gov.cl/sites/dop/dptopl/dp/Documentos%20compartidos/Imágenes%20para%20el%20Modelo%20de%20Datos/10-%20LOS%20LAGOS/10-037.jpg</SimpleData>
		<SimpleData name="MXLOCATION">10102-86</SimpleData>
		<SimpleData name="MXSITEID">DOP</SimpleData>
		<SimpleData name="COD_REG">0</SimpleData>
	</SchemaData></ExtendedData>
      <Point><coordinates>-73.477385607,-41.7994204569999</coordinates></Point>
  </Placemark>
  <Placemark id="infraestructura_portuaria.47">
	<ExtendedData><SchemaData schemaUrl="#infraestructura_portuaria">
		<SimpleData name="OBJECTID_1">47</SimpleData>
		<SimpleData name="OBJECTID">2689</SimpleData>
		<SimpleData name="CODOBRA">10-036</SimpleData>
		<SimpleData name="TIPOOBRA">10</SimpleData>
		<SimpleData name="DESCOBRA">RAMPA ANTIGUA PUNTA CORONEL</SimpleData>
		<SimpleData name="CODCOMUNA">CALBUCO</SimpleData>
		<SimpleData name="LONMUROS">139</SimpleData>
		<SimpleData name="LONESCOLLE">0</SimpleData>
		<SimpleData name="LONMUELLE">0</SimpleData>
		<SimpleData name="LONRAMPCO">0</SimpleData>
		<SimpleData name="LONRAMPA">0</SimpleData>
		<SimpleData name="LONRAMPAVA">0</SimpleData>
		<SimpleData name="LONPONTON">0</SimpleData>
		<SimpleData name="LONCAMIAC">0</SimpleData>
		<SimpleData name="AREAEXPLAN">0</SimpleData>
		<SimpleData name="BOXUNI">0</SimpleData>
		<SimpleData name="BANO_UNI">0</SimpleData>
		<SimpleData name="TIPOGEOM">1</SimpleData>
		<SimpleData name="GLOBALID">{5487EABC-7793-4154-BEBE-027A63DF15F9}</SimpleData>
		<SimpleData name="SALAREUNI">0</SimpleData>
		<SimpleData name="PLAYAARTIF">0</SimpleData>
		<SimpleData name="PASEOCOSTE">0</SimpleData>
		<SimpleData name="ESTADOGRAL">REGULAR</SimpleData>
		<SimpleData name="GRUAOPESC">0</SimpleData>
		<SimpleData name="LONSALAADM">0</SimpleData>
		<SimpleData name="LONSALVENT">0</SimpleData>
		<SimpleData name="SALAPROC">0</SimpleData>
		<SimpleData name="AREABODEGA">0</SimpleData>
		<SimpleData name="AREACAFRI">0</SimpleData>
		<SimpleData name="AREAREFUG">0</SimpleData>
		<SimpleData name="AREAGALPON">0</SimpleData>
		<SimpleData name="PROGRAMA">CONEXIÓN</SimpleData>
		<SimpleData name="IMAGEN">http://colabora.mop.gov.cl/sites/dop/dptopl/dp/Documentos%20compartidos/Imágenes%20para%20el%20Modelo%20de%20Datos/10-%20LOS%20LAGOS/10-036.jpg</SimpleData>
		<SimpleData name="MXLOCATION">10102-85</SimpleData>
		<SimpleData name="MXSITEID">DOP</SimpleData>
		<SimpleData name="COD_REG">0</SimpleData>
	</SchemaData></ExtendedData>
      <Point><coordinates>-73.4798000929999,-41.7991214809999</coordinates></Point>
  </Placemark>
  <Placemark id="infraestructura_portuaria.48">
	<ExtendedData><SchemaData schemaUrl="#infraestructura_portuaria">
		<SimpleData name="OBJECTID_1">48</SimpleData>
		<SimpleData name="OBJECTID">2690</SimpleData>
		<SimpleData name="CODOBRA">10-035</SimpleData>
		<SimpleData name="TIPOOBRA">10</SimpleData>
		<SimpleData name="DESCOBRA">RAMPA DE TRANSBORDADORES DE PARGUA</SimpleData>
		<SimpleData name="CODCOMUNA">CALBUCO</SimpleData>
		<SimpleData name="LONMUROS">113</SimpleData>
		<SimpleData name="LONESCOLLE">95</SimpleData>
		<SimpleData name="LONMUELLE">0</SimpleData>
		<SimpleData name="LONRAMPCO">0</SimpleData>
		<SimpleData name="LONRAMPA">0</SimpleData>
		<SimpleData name="LONRAMPAVA">0</SimpleData>
		<SimpleData name="LONPONTON">0</SimpleData>
		<SimpleData name="LONCAMIAC">0</SimpleData>
		<SimpleData name="AREAEXPLAN">0</SimpleData>
		<SimpleData name="BOXUNI">0</SimpleData>
		<SimpleData name="BANO_UNI">0</SimpleData>
		<SimpleData name="TIPOGEOM">1</SimpleData>
		<SimpleData name="GLOBALID">{3163E304-CB09-4299-BAE9-E4C11F596FE5}</SimpleData>
		<SimpleData name="SALAREUNI">0</SimpleData>
		<SimpleData name="PLAYAARTIF">0</SimpleData>
		<SimpleData name="PASEOCOSTE">0</SimpleData>
		<SimpleData name="ESTADOGRAL">BUENO</SimpleData>
		<SimpleData name="GRUAOPESC">0</SimpleData>
		<SimpleData name="LONSALAADM">0</SimpleData>
		<SimpleData name="LONSALVENT">0</SimpleData>
		<SimpleData name="SALAPROC">0</SimpleData>
		<SimpleData name="AREABODEGA">0</SimpleData>
		<SimpleData name="AREACAFRI">0</SimpleData>
		<SimpleData name="AREAREFUG">0</SimpleData>
		<SimpleData name="AREAGALPON">0</SimpleData>
		<SimpleData name="PROGRAMA">CONEXIÓN</SimpleData>
		<SimpleData name="IMAGEN">http://colabora.mop.gov.cl/sites/dop/dptopl/dp/Documentos%20compartidos/Imágenes%20para%20el%20Modelo%20de%20Datos/10-%20LOS%20LAGOS/10-035.jpg</SimpleData>
		<SimpleData name="MXLOCATION">10102-84</SimpleData>
		<SimpleData name="MXSITEID">DOP</SimpleData>
		<SimpleData name="COD_REG">0</SimpleData>
	</SchemaData></ExtendedData>
      <Point><coordinates>-73.459333187,-41.7921319119999</coordinates></Point>
  </Placemark>
  <Placemark id="infraestructura_portuaria.49">
	<ExtendedData><SchemaData schemaUrl="#infraestructura_portuaria">
		<SimpleData name="OBJECTID_1">49</SimpleData>
		<SimpleData name="OBJECTID">2691</SimpleData>
		<SimpleData name="CODOBRA">10-034</SimpleData>
		<SimpleData name="TIPOOBRA">10</SimpleData>
		<SimpleData name="DESCOBRA">RAMPA DE PASAJEROS LA VEGA</SimpleData>
		<SimpleData name="CODCOMUNA">CALBUCO</SimpleData>
		<SimpleData name="LONMUROS">31</SimpleData>
		<SimpleData name="LONESCOLLE">0</SimpleData>
		<SimpleData name="LONMUELLE">0</SimpleData>
		<SimpleData name="LONRAMPCO">0</SimpleData>
		<SimpleData name="LONRAMPA">0</SimpleData>
		<SimpleData name="LONRAMPAVA">0</SimpleData>
		<SimpleData name="LONPONTON">0</SimpleData>
		<SimpleData name="LONCAMIAC">0</SimpleData>
		<SimpleData name="AREAEXPLAN">0</SimpleData>
		<SimpleData name="BOXUNI">0</SimpleData>
		<SimpleData name="BANO_UNI">0</SimpleData>
		<SimpleData name="TIPOGEOM">1</SimpleData>
		<SimpleData name="GLOBALID">{6BF98BB3-7FB0-4A63-AD97-102976B08B9F}</SimpleData>
		<SimpleData name="SALAREUNI">0</SimpleData>
		<SimpleData name="PLAYAARTIF">0</SimpleData>
		<SimpleData name="PASEOCOSTE">0</SimpleData>
		<SimpleData name="ESTADOGRAL">REGULAR</SimpleData>
		<SimpleData name="GRUAOPESC">0</SimpleData>
		<SimpleData name="LONSALAADM">0</SimpleData>
		<SimpleData name="LONSALVENT">0</SimpleData>
		<SimpleData name="SALAPROC">0</SimpleData>
		<SimpleData name="AREABODEGA">0</SimpleData>
		<SimpleData name="AREACAFRI">0</SimpleData>
		<SimpleData name="AREAREFUG">1</SimpleData>
		<SimpleData name="AREAGALPON">0</SimpleData>
		<SimpleData name="PROGRAMA">CONEXIÓN</SimpleData>
		<SimpleData name="IMAGEN">http://colabora.mop.gov.cl/sites/dop/dptopl/dp/Documentos%20compartidos/Imágenes%20para%20el%20Modelo%20de%20Datos/10-%20LOS%20LAGOS/10-034.jpg</SimpleData>
		<SimpleData name="MXLOCATION">10102-83</SimpleData>
		<SimpleData name="MXSITEID">DOP</SimpleData>
		<SimpleData name="COD_REG">0</SimpleData>
	</SchemaData></ExtendedData>
      <Point><coordinates>-73.130751871,-41.7762795529999</coordinates></Point>
  </Placemark>
  <Placemark id="infraestructura_portuaria.50">
	<ExtendedData><SchemaData schemaUrl="#infraestructura_portuaria">
		<SimpleData name="OBJECTID_1">50</SimpleData>
		<SimpleData name="OBJECTID">2692</SimpleData>
		<SimpleData name="CODOBRA">10-081</SimpleData>
		<SimpleData name="TIPOOBRA">10</SimpleData>
		<SimpleData name="DESCOBRA">RAMPA TERMINAL DE TRANSBORDADORES DE QUINCHAO, SECTOR CUYUMBUE</SimpleData>
		<SimpleData name="CODCOMUNA">CURACO DE VÉLEZ</SimpleData>
		<SimpleData name="LONMUROS">43</SimpleData>
		<SimpleData name="LONESCOLLE">0</SimpleData>
		<SimpleData name="LONMUELLE">0</SimpleData>
		<SimpleData name="LONRAMPCO">0</SimpleData>
		<SimpleData name="LONRAMPA">90</SimpleData>
		<SimpleData name="LONRAMPAVA">0</SimpleData>
		<SimpleData name="LONPONTON">0</SimpleData>
		<SimpleData name="LONCAMIAC">0</SimpleData>
		<SimpleData name="AREAEXPLAN">261.4</SimpleData>
		<SimpleData name="BOXUNI">0</SimpleData>
		<SimpleData name="BANO_UNI">0</SimpleData>
		<SimpleData name="TIPOGEOM">1</SimpleData>
		<SimpleData name="GLOBALID">{D2F2BB01-53FE-4814-ADE3-F1B9441838F6}</SimpleData>
		<SimpleData name="SALAREUNI">0</SimpleData>
		<SimpleData name="PLAYAARTIF">0</SimpleData>
		<SimpleData name="PASEOCOSTE">0</SimpleData>
		<SimpleData name="ESTADOGRAL">BUENO</SimpleData>
		<SimpleData name="GRUAOPESC">0</SimpleData>
		<SimpleData name="LONSALAADM">0</SimpleData>
		<SimpleData name="LONSALVENT">0</SimpleData>
		<SimpleData name="SALAPROC">0</SimpleData>
		<SimpleData name="AREABODEGA">0</SimpleData>
		<SimpleData name="AREACAFRI">0</SimpleData>
		<SimpleData name="AREAREFUG">1</SimpleData>
		<SimpleData name="AREAGALPON">0</SimpleData>
		<SimpleData name="PROGRAMA">CONEXIÓN</SimpleData>
		<SimpleData name="IMAGEN">http://colabora.mop.gov.cl/sites/dop/dptopl/dp/Documentos%20compartidos/Imágenes%20para%20el%20Modelo%20de%20Datos/10-%20LOS%20LAGOS/10-081.jpg</SimpleData>
		<SimpleData name="MXLOCATION">10204-25</SimpleData>
		<SimpleData name="MXSITEID">DOP</SimpleData>
		<SimpleData name="COD_REG">0</SimpleData>
	</SchemaData></ExtendedData>
      <Point><coordinates>-73.425310133,-42.540651413</coordinates></Point>
  </Placemark>
  <Placemark id="infraestructura_portuaria.51">
	<ExtendedData><SchemaData schemaUrl="#infraestructura_portuaria">
		<SimpleData name="OBJECTID_1">51</SimpleData>
		<SimpleData name="OBJECTID">2693</SimpleData>
		<SimpleData name="CODOBRA">10-080</SimpleData>
		<SimpleData name="TIPOOBRA">10</SimpleData>
		<SimpleData name="DESCOBRA">TERMINAL TRANSBORDADORES HUICHA</SimpleData>
		<SimpleData name="CODCOMUNA">CHONCHI</SimpleData>
		<SimpleData name="LONMUROS">178</SimpleData>
		<SimpleData name="LONESCOLLE">0</SimpleData>
		<SimpleData name="LONMUELLE">0</SimpleData>
		<SimpleData name="LONRAMPCO">0</SimpleData>
		<SimpleData name="LONRAMPA">58</SimpleData>
		<SimpleData name="LONRAMPAVA">0</SimpleData>
		<SimpleData name="LONPONTON">0</SimpleData>
		<SimpleData name="LONCAMIAC">0</SimpleData>
		<SimpleData name="AREAEXPLAN">70</SimpleData>
		<SimpleData name="BOXUNI">0</SimpleData>
		<SimpleData name="BANO_UNI">0</SimpleData>
		<SimpleData name="TIPOGEOM">1</SimpleData>
		<SimpleData name="GLOBALID">{E7BD7574-110D-497C-A4A4-6E7A4F312CE7}</SimpleData>
		<SimpleData name="SALAREUNI">0</SimpleData>
		<SimpleData name="PLAYAARTIF">0</SimpleData>
		<SimpleData name="PASEOCOSTE">0</SimpleData>
		<SimpleData name="ESTADOGRAL">BUENO</SimpleData>
		<SimpleData name="GRUAOPESC">0</SimpleData>
		<SimpleData name="LONSALAADM">1</SimpleData>
		<SimpleData name="LONSALVENT">0</SimpleData>
		<SimpleData name="SALAPROC">0</SimpleData>
		<SimpleData name="AREABODEGA">0</SimpleData>
		<SimpleData name="AREACAFRI">0</SimpleData>
		<SimpleData name="AREAREFUG">1</SimpleData>
		<SimpleData name="AREAGALPON">0</SimpleData>
		<SimpleData name="PROGRAMA">CONEXIÓN</SimpleData>
		<SimpleData name="IMAGEN">http://colabora.mop.gov.cl/sites/dop/dptopl/dp/Documentos%20compartidos/Imágenes%20para%20el%20Modelo%20de%20Datos/10-%20LOS%20LAGOS/10-080.jpg</SimpleData>
		<SimpleData name="MXLOCATION">10203-24</SimpleData>
		<SimpleData name="MXSITEID">DOP</SimpleData>
		<SimpleData name="COD_REG">0</SimpleData>
	</SchemaData></ExtendedData>
      <Point><coordinates>-73.7351117759999,-42.650242373</coordinates></Point>
  </Placemark>
  <Placemark id="infraestructura_portuaria.52">
	<ExtendedData><SchemaData schemaUrl="#infraestructura_portuaria">
		<SimpleData name="OBJECTID_1">52</SimpleData>
		<SimpleData name="OBJECTID">2704</SimpleData>
		<SimpleData name="CODOBRA">10-064</SimpleData>
		<SimpleData name="TIPOOBRA">10</SimpleData>
		<SimpleData name="DESCOBRA">RAMPA HUELDEN</SimpleData>
		<SimpleData name="CODCOMUNA">ANCUD</SimpleData>
		<SimpleData name="LONMUROS">35</SimpleData>
		<SimpleData name="LONESCOLLE">0</SimpleData>
		<SimpleData name="LONMUELLE">70</SimpleData>
		<SimpleData name="LONRAMPCO">0</SimpleData>
		<SimpleData name="LONRAMPA">0</SimpleData>
		<SimpleData name="LONRAMPAVA">0</SimpleData>
		<SimpleData name="LONPONTON">0</SimpleData>
		<SimpleData name="LONCAMIAC">0</SimpleData>
		<SimpleData name="AREAEXPLAN">693</SimpleData>
		<SimpleData name="BOXUNI">0</SimpleData>
		<SimpleData name="BANO_UNI">0</SimpleData>
		<SimpleData name="TIPOGEOM">1</SimpleData>
		<SimpleData name="GLOBALID">{D4E1C94C-6747-4E88-A066-E8519B9B8419}</SimpleData>
		<SimpleData name="SALAREUNI">0</SimpleData>
		<SimpleData name="PLAYAARTIF">0</SimpleData>
		<SimpleData name="PASEOCOSTE">0</SimpleData>
		<SimpleData name="ESTADOGRAL">BUENO</SimpleData>
		<SimpleData name="GRUAOPESC">1</SimpleData>
		<SimpleData name="LONSALAADM">1</SimpleData>
		<SimpleData name="LONSALVENT">0</SimpleData>
		<SimpleData name="SALAPROC">0</SimpleData>
		<SimpleData name="AREABODEGA">0</SimpleData>
		<SimpleData name="AREACAFRI">0</SimpleData>
		<SimpleData name="AREAREFUG">0</SimpleData>
		<SimpleData name="AREAGALPON">0</SimpleData>
		<SimpleData name="PROGRAMA">CONEXIÓN</SimpleData>
		<SimpleData name="IMAGEN">http://colabora.mop.gov.cl/sites/dop/dptopl/dp/Documentos%20compartidos/Imágenes%20para%20el%20Modelo%20de%20Datos/10-%20LOS%20LAGOS/10-064.jpg</SimpleData>
		<SimpleData name="MXLOCATION">10202-08</SimpleData>
		<SimpleData name="MXSITEID">DOP</SimpleData>
		<SimpleData name="COD_REG">0</SimpleData>
	</SchemaData></ExtendedData>
      <Point><coordinates>-73.537712437,-41.926225517</coordinates></Point>
  </Placemark>
  <Placemark id="infraestructura_portuaria.53">
	<ExtendedData><SchemaData schemaUrl="#infraestructura_portuaria">
		<SimpleData name="OBJECTID_1">53</SimpleData>
		<SimpleData name="OBJECTID">2705</SimpleData>
		<SimpleData name="CODOBRA">10-062</SimpleData>
		<SimpleData name="TIPOOBRA">10</SimpleData>
		<SimpleData name="DESCOBRA">RAMPA PRINCIPAL DE CHACAO</SimpleData>
		<SimpleData name="CODCOMUNA">ANCUD</SimpleData>
		<SimpleData name="LONMUROS">0</SimpleData>
		<SimpleData name="LONESCOLLE">0</SimpleData>
		<SimpleData name="LONMUELLE">0</SimpleData>
		<SimpleData name="LONRAMPCO">0</SimpleData>
		<SimpleData name="LONRAMPA">0</SimpleData>
		<SimpleData name="LONRAMPAVA">0</SimpleData>
		<SimpleData name="LONPONTON">0</SimpleData>
		<SimpleData name="LONCAMIAC">0</SimpleData>
		<SimpleData name="AREAEXPLAN">0</SimpleData>
		<SimpleData name="BOXUNI">0</SimpleData>
		<SimpleData name="BANO_UNI">0</SimpleData>
		<SimpleData name="TIPOGEOM">1</SimpleData>
		<SimpleData name="GLOBALID">{E4430DE8-8E47-4913-B1A2-C12B75926CAB}</SimpleData>
		<SimpleData name="SALAREUNI">0</SimpleData>
		<SimpleData name="PLAYAARTIF">0</SimpleData>
		<SimpleData name="PASEOCOSTE">0</SimpleData>
		<SimpleData name="ESTADOGRAL">REGULAR</SimpleData>
		<SimpleData name="GRUAOPESC">0</SimpleData>
		<SimpleData name="LONSALAADM">0</SimpleData>
		<SimpleData name="LONSALVENT">0</SimpleData>
		<SimpleData name="SALAPROC">0</SimpleData>
		<SimpleData name="AREABODEGA">0</SimpleData>
		<SimpleData name="AREACAFRI">0</SimpleData>
		<SimpleData name="AREAREFUG">1</SimpleData>
		<SimpleData name="AREAGALPON">0</SimpleData>
		<SimpleData name="PROGRAMA">CONEXIÓN</SimpleData>
		<SimpleData name="IMAGEN">http://colabora.mop.gov.cl/sites/dop/dptopl/dp/Documentos%20compartidos/Imágenes%20para%20el%20Modelo%20de%20Datos/10-%20LOS%20LAGOS/10-062.jpg</SimpleData>
		<SimpleData name="MXLOCATION">10202-06</SimpleData>
		<SimpleData name="MXSITEID">DOP</SimpleData>
		<SimpleData name="COD_REG">0</SimpleData>
	</SchemaData></ExtendedData>
      <Point><coordinates>-73.5115520639999,-41.830502091</coordinates></Point>
  </Placemark>
  <Placemark id="infraestructura_portuaria.54">
	<ExtendedData><SchemaData schemaUrl="#infraestructura_portuaria">
		<SimpleData name="OBJECTID_1">54</SimpleData>
		<SimpleData name="OBJECTID">2694</SimpleData>
		<SimpleData name="CODOBRA">10-078</SimpleData>
		<SimpleData name="TIPOOBRA">10</SimpleData>
		<SimpleData name="DESCOBRA">RAMPA RILAN</SimpleData>
		<SimpleData name="CODCOMUNA">CASTRO</SimpleData>
		<SimpleData name="LONMUROS">124</SimpleData>
		<SimpleData name="LONESCOLLE">0</SimpleData>
		<SimpleData name="LONMUELLE">0</SimpleData>
		<SimpleData name="LONRAMPCO">0</SimpleData>
		<SimpleData name="LONRAMPA">0</SimpleData>
		<SimpleData name="LONRAMPAVA">0</SimpleData>
		<SimpleData name="LONPONTON">0</SimpleData>
		<SimpleData name="LONCAMIAC">0</SimpleData>
		<SimpleData name="AREAEXPLAN">0</SimpleData>
		<SimpleData name="BOXUNI">0</SimpleData>
		<SimpleData name="BANO_UNI">0</SimpleData>
		<SimpleData name="TIPOGEOM">1</SimpleData>
		<SimpleData name="GLOBALID">{401E9B86-10BA-4493-98E9-0CA5322F26C7}</SimpleData>
		<SimpleData name="SALAREUNI">0</SimpleData>
		<SimpleData name="PLAYAARTIF">0</SimpleData>
		<SimpleData name="PASEOCOSTE">0</SimpleData>
		<SimpleData name="ESTADOGRAL">MUY MALO</SimpleData>
		<SimpleData name="GRUAOPESC">0</SimpleData>
		<SimpleData name="LONSALAADM">1</SimpleData>
		<SimpleData name="LONSALVENT">0</SimpleData>
		<SimpleData name="SALAPROC">0</SimpleData>
		<SimpleData name="AREABODEGA">0</SimpleData>
		<SimpleData name="AREACAFRI">0</SimpleData>
		<SimpleData name="AREAREFUG">0</SimpleData>
		<SimpleData name="AREAGALPON">0</SimpleData>
		<SimpleData name="PROGRAMA">CONEXIÓN</SimpleData>
		<SimpleData name="IMAGEN">http://colabora.mop.gov.cl/sites/dop/dptopl/dp/Documentos%20compartidos/Imágenes%20para%20el%20Modelo%20de%20Datos/10-%20LOS%20LAGOS/10-078.jpg</SimpleData>
		<SimpleData name="MXLOCATION">10201-22</SimpleData>
		<SimpleData name="MXSITEID">DOP</SimpleData>
		<SimpleData name="COD_REG">0</SimpleData>
	</SchemaData></ExtendedData>
      <Point><coordinates>-73.6338216999999,-42.5256685809999</coordinates></Point>
  </Placemark>
  <Placemark id="infraestructura_portuaria.55">
	<ExtendedData><SchemaData schemaUrl="#infraestructura_portuaria">
		<SimpleData name="OBJECTID_1">55</SimpleData>
		<SimpleData name="OBJECTID">2695</SimpleData>
		<SimpleData name="CODOBRA">10-077</SimpleData>
		<SimpleData name="TIPOOBRA">10</SimpleData>
		<SimpleData name="DESCOBRA">RAMPA QUENTO</SimpleData>
		<SimpleData name="CODCOMUNA">CASTRO</SimpleData>
		<SimpleData name="LONMUROS">129</SimpleData>
		<SimpleData name="LONESCOLLE">0</SimpleData>
		<SimpleData name="LONMUELLE">0</SimpleData>
		<SimpleData name="LONRAMPCO">0</SimpleData>
		<SimpleData name="LONRAMPA">11</SimpleData>
		<SimpleData name="LONRAMPAVA">0</SimpleData>
		<SimpleData name="LONPONTON">0</SimpleData>
		<SimpleData name="LONCAMIAC">0</SimpleData>
		<SimpleData name="AREAEXPLAN">0</SimpleData>
		<SimpleData name="BOXUNI">0</SimpleData>
		<SimpleData name="BANO_UNI">0</SimpleData>
		<SimpleData name="TIPOGEOM">1</SimpleData>
		<SimpleData name="GLOBALID">{F2ED00EA-A1F5-484F-B56C-830397424BCA}</SimpleData>
		<SimpleData name="SALAREUNI">0</SimpleData>
		<SimpleData name="PLAYAARTIF">0</SimpleData>
		<SimpleData name="PASEOCOSTE">0</SimpleData>
		<SimpleData name="ESTADOGRAL">REGULAR</SimpleData>
		<SimpleData name="GRUAOPESC">0</SimpleData>
		<SimpleData name="LONSALAADM">0</SimpleData>
		<SimpleData name="LONSALVENT">0</SimpleData>
		<SimpleData name="SALAPROC">0</SimpleData>
		<SimpleData name="AREABODEGA">0</SimpleData>
		<SimpleData name="AREACAFRI">0</SimpleData>
		<SimpleData name="AREAREFUG">0</SimpleData>
		<SimpleData name="AREAGALPON">0</SimpleData>
		<SimpleData name="PROGRAMA">CONEXIÓN</SimpleData>
		<SimpleData name="IMAGEN">http://colabora.mop.gov.cl/sites/dop/dptopl/dp/Documentos%20compartidos/Imágenes%20para%20el%20Modelo%20de%20Datos/10-%20LOS%20LAGOS/10-077.jpg</SimpleData>
		<SimpleData name="MXLOCATION">10201-21</SimpleData>
		<SimpleData name="MXSITEID">DOP</SimpleData>
		<SimpleData name="COD_REG">0</SimpleData>
	</SchemaData></ExtendedData>
      <Point><coordinates>-73.7314775259999,-42.4663949129999</coordinates></Point>
  </Placemark>
  <Placemark id="infraestructura_portuaria.56">
	<ExtendedData><SchemaData schemaUrl="#infraestructura_portuaria">
		<SimpleData name="OBJECTID_1">56</SimpleData>
		<SimpleData name="OBJECTID">2696</SimpleData>
		<SimpleData name="CODOBRA">10-076</SimpleData>
		<SimpleData name="TIPOOBRA">10</SimpleData>
		<SimpleData name="DESCOBRA">RAMPA QUEHUI, SECTOR LOS ANGELES</SimpleData>
		<SimpleData name="CODCOMUNA">CASTRO</SimpleData>
		<SimpleData name="LONMUROS">49</SimpleData>
		<SimpleData name="LONESCOLLE">0</SimpleData>
		<SimpleData name="LONMUELLE">0</SimpleData>
		<SimpleData name="LONRAMPCO">0</SimpleData>
		<SimpleData name="LONRAMPA">81</SimpleData>
		<SimpleData name="LONRAMPAVA">0</SimpleData>
		<SimpleData name="LONPONTON">0</SimpleData>
		<SimpleData name="LONCAMIAC">0</SimpleData>
		<SimpleData name="AREAEXPLAN">0</SimpleData>
		<SimpleData name="BOXUNI">0</SimpleData>
		<SimpleData name="BANO_UNI">0</SimpleData>
		<SimpleData name="TIPOGEOM">1</SimpleData>
		<SimpleData name="GLOBALID">{F630F8BC-32BC-4CBF-8AD3-E148426FCD13}</SimpleData>
		<SimpleData name="SALAREUNI">0</SimpleData>
		<SimpleData name="PLAYAARTIF">0</SimpleData>
		<SimpleData name="PASEOCOSTE">0</SimpleData>
		<SimpleData name="ESTADOGRAL">REGULAR</SimpleData>
		<SimpleData name="GRUAOPESC">0</SimpleData>
		<SimpleData name="LONSALAADM">0</SimpleData>
		<SimpleData name="LONSALVENT">0</SimpleData>
		<SimpleData name="SALAPROC">0</SimpleData>
		<SimpleData name="AREABODEGA">0</SimpleData>
		<SimpleData name="AREACAFRI">0</SimpleData>
		<SimpleData name="AREAREFUG">1</SimpleData>
		<SimpleData name="AREAGALPON">0</SimpleData>
		<SimpleData name="PROGRAMA">CONEXIÓN</SimpleData>
		<SimpleData name="IMAGEN">http://colabora.mop.gov.cl/sites/dop/dptopl/dp/Documentos%20compartidos/Imágenes%20para%20el%20Modelo%20de%20Datos/10-%20LOS%20LAGOS/10-076.jpg</SimpleData>
		<SimpleData name="MXLOCATION">10201-20</SimpleData>
		<SimpleData name="MXSITEID">DOP</SimpleData>
		<SimpleData name="COD_REG">0</SimpleData>
	</SchemaData></ExtendedData>
      <Point><coordinates>-73.500767039,-42.6170645</coordinates></Point>
  </Placemark>
  <Placemark id="infraestructura_portuaria.57">
	<ExtendedData><SchemaData schemaUrl="#infraestructura_portuaria">
		<SimpleData name="OBJECTID_1">57</SimpleData>
		<SimpleData name="OBJECTID">2697</SimpleData>
		<SimpleData name="CODOBRA">10-075</SimpleData>
		<SimpleData name="TIPOOBRA">10</SimpleData>
		<SimpleData name="DESCOBRA">RAMPA ISLA QUEHUI, SECTOR SAN MIGUEL</SimpleData>
		<SimpleData name="CODCOMUNA">CASTRO</SimpleData>
		<SimpleData name="LONMUROS">128</SimpleData>
		<SimpleData name="LONESCOLLE">0</SimpleData>
		<SimpleData name="LONMUELLE">0</SimpleData>
		<SimpleData name="LONRAMPCO">0</SimpleData>
		<SimpleData name="LONRAMPA">0</SimpleData>
		<SimpleData name="LONRAMPAVA">0</SimpleData>
		<SimpleData name="LONPONTON">0</SimpleData>
		<SimpleData name="LONCAMIAC">0</SimpleData>
		<SimpleData name="AREAEXPLAN">0</SimpleData>
		<SimpleData name="BOXUNI">0</SimpleData>
		<SimpleData name="BANO_UNI">0</SimpleData>
		<SimpleData name="TIPOGEOM">1</SimpleData>
		<SimpleData name="GLOBALID">{DA8CDEA2-71EA-4787-9D83-A654E20E41C2}</SimpleData>
		<SimpleData name="SALAREUNI">0</SimpleData>
		<SimpleData name="PLAYAARTIF">0</SimpleData>
		<SimpleData name="PASEOCOSTE">0</SimpleData>
		<SimpleData name="ESTADOGRAL">REGULAR</SimpleData>
		<SimpleData name="GRUAOPESC">0</SimpleData>
		<SimpleData name="LONSALAADM">0</SimpleData>
		<SimpleData name="LONSALVENT">0</SimpleData>
		<SimpleData name="SALAPROC">0</SimpleData>
		<SimpleData name="AREABODEGA">0</SimpleData>
		<SimpleData name="AREACAFRI">0</SimpleData>
		<SimpleData name="AREAREFUG">1</SimpleData>
		<SimpleData name="AREAGALPON">0</SimpleData>
		<SimpleData name="PROGRAMA">CONEXIÓN</SimpleData>
		<SimpleData name="IMAGEN">http://colabora.mop.gov.cl/sites/dop/dptopl/dp/Documentos%20compartidos/Imágenes%20para%20el%20Modelo%20de%20Datos/10-%20LOS%20LAGOS/10-075.jpg</SimpleData>
		<SimpleData name="MXLOCATION">10201-19</SimpleData>
		<SimpleData name="MXSITEID">DOP</SimpleData>
		<SimpleData name="COD_REG">0</SimpleData>
	</SchemaData></ExtendedData>
      <Point><coordinates>-73.502103527,-42.62071315</coordinates></Point>
  </Placemark>
  <Placemark id="infraestructura_portuaria.58">
	<ExtendedData><SchemaData schemaUrl="#infraestructura_portuaria">
		<SimpleData name="OBJECTID_1">58</SimpleData>
		<SimpleData name="OBJECTID">2698</SimpleData>
		<SimpleData name="CODOBRA">10-074</SimpleData>
		<SimpleData name="TIPOOBRA">10</SimpleData>
		<SimpleData name="DESCOBRA">RAMPA ISLA CHELIN</SimpleData>
		<SimpleData name="CODCOMUNA">CASTRO</SimpleData>
		<SimpleData name="LONMUROS">0</SimpleData>
		<SimpleData name="LONESCOLLE">0</SimpleData>
		<SimpleData name="LONMUELLE">0</SimpleData>
		<SimpleData name="LONRAMPCO">0</SimpleData>
		<SimpleData name="LONRAMPA">0</SimpleData>
		<SimpleData name="LONRAMPAVA">0</SimpleData>
		<SimpleData name="LONPONTON">0</SimpleData>
		<SimpleData name="LONCAMIAC">0</SimpleData>
		<SimpleData name="AREAEXPLAN">0</SimpleData>
		<SimpleData name="BOXUNI">0</SimpleData>
		<SimpleData name="BANO_UNI">0</SimpleData>
		<SimpleData name="TIPOGEOM">1</SimpleData>
		<SimpleData name="GLOBALID">{ACBBA5C7-263D-4434-956F-C7BFB48CC0FE}</SimpleData>
		<SimpleData name="SALAREUNI">0</SimpleData>
		<SimpleData name="PLAYAARTIF">0</SimpleData>
		<SimpleData name="PASEOCOSTE">0</SimpleData>
		<SimpleData name="ESTADOGRAL">BUENO</SimpleData>
		<SimpleData name="GRUAOPESC">0</SimpleData>
		<SimpleData name="LONSALAADM">0</SimpleData>
		<SimpleData name="LONSALVENT">0</SimpleData>
		<SimpleData name="SALAPROC">0</SimpleData>
		<SimpleData name="AREABODEGA">0</SimpleData>
		<SimpleData name="AREACAFRI">0</SimpleData>
		<SimpleData name="AREAREFUG">1</SimpleData>
		<SimpleData name="AREAGALPON">0</SimpleData>
		<SimpleData name="PROGRAMA">CONEXIÓN</SimpleData>
		<SimpleData name="IMAGEN">http://colabora.mop.gov.cl/sites/dop/dptopl/dp/Documentos%20compartidos/Imágenes%20para%20el%20Modelo%20de%20Datos/10-%20LOS%20LAGOS/10-074.jpg</SimpleData>
		<SimpleData name="MXLOCATION">10201-18</SimpleData>
		<SimpleData name="MXSITEID">DOP</SimpleData>
		<SimpleData name="COD_REG">0</SimpleData>
	</SchemaData></ExtendedData>
      <Point><coordinates>-73.516917818,-42.601982972</coordinates></Point>
  </Placemark>
  <Placemark id="infraestructura_portuaria.59">
	<ExtendedData><SchemaData schemaUrl="#infraestructura_portuaria">
		<SimpleData name="OBJECTID_1">59</SimpleData>
		<SimpleData name="OBJECTID">2699</SimpleData>
		<SimpleData name="CODOBRA">10-073</SimpleData>
		<SimpleData name="TIPOOBRA">10</SimpleData>
		<SimpleData name="DESCOBRA">RAMPA LAS PAPAS DE CASTRO</SimpleData>
		<SimpleData name="CODCOMUNA">CASTRO</SimpleData>
		<SimpleData name="LONMUROS">217</SimpleData>
		<SimpleData name="LONESCOLLE">0</SimpleData>
		<SimpleData name="LONMUELLE">0</SimpleData>
		<SimpleData name="LONRAMPCO">0</SimpleData>
		<SimpleData name="LONRAMPA">74</SimpleData>
		<SimpleData name="LONRAMPAVA">0</SimpleData>
		<SimpleData name="LONPONTON">0</SimpleData>
		<SimpleData name="LONCAMIAC">0</SimpleData>
		<SimpleData name="AREAEXPLAN">140</SimpleData>
		<SimpleData name="BOXUNI">0</SimpleData>
		<SimpleData name="BANO_UNI">0</SimpleData>
		<SimpleData name="TIPOGEOM">1</SimpleData>
		<SimpleData name="GLOBALID">{58CAA823-BA6F-4A53-B8F2-FAC4A27BACBB}</SimpleData>
		<SimpleData name="SALAREUNI">0</SimpleData>
		<SimpleData name="PLAYAARTIF">0</SimpleData>
		<SimpleData name="PASEOCOSTE">0</SimpleData>
		<SimpleData name="ESTADOGRAL">MUY BUENO</SimpleData>
		<SimpleData name="GRUAOPESC">0</SimpleData>
		<SimpleData name="LONSALAADM">1</SimpleData>
		<SimpleData name="LONSALVENT">0</SimpleData>
		<SimpleData name="SALAPROC">0</SimpleData>
		<SimpleData name="AREABODEGA">0</SimpleData>
		<SimpleData name="AREACAFRI">0</SimpleData>
		<SimpleData name="AREAREFUG">1</SimpleData>
		<SimpleData name="AREAGALPON">0</SimpleData>
		<SimpleData name="PROGRAMA">CONEXIÓN</SimpleData>
		<SimpleData name="IMAGEN">http://colabora.mop.gov.cl/sites/dop/dptopl/dp/Documentos%20compartidos/Imágenes%20para%20el%20Modelo%20de%20Datos/10-%20LOS%20LAGOS/10-073.jpg</SimpleData>
		<SimpleData name="MXLOCATION">10201-17</SimpleData>
		<SimpleData name="MXSITEID">DOP</SimpleData>
		<SimpleData name="COD_REG">0</SimpleData>
	</SchemaData></ExtendedData>
      <Point><coordinates>-73.758649162,-42.482229509</coordinates></Point>
  </Placemark>
  <Placemark id="infraestructura_portuaria.60">
	<ExtendedData><SchemaData schemaUrl="#infraestructura_portuaria">
		<SimpleData name="OBJECTID_1">60</SimpleData>
		<SimpleData name="OBJECTID">2700</SimpleData>
		<SimpleData name="CODOBRA">10-072</SimpleData>
		<SimpleData name="TIPOOBRA">10</SimpleData>
		<SimpleData name="DESCOBRA">RAMPA DE CASTRO</SimpleData>
		<SimpleData name="CODCOMUNA">CASTRO</SimpleData>
		<SimpleData name="LONMUROS">424</SimpleData>
		<SimpleData name="LONESCOLLE">0</SimpleData>
		<SimpleData name="LONMUELLE">0</SimpleData>
		<SimpleData name="LONRAMPCO">0</SimpleData>
		<SimpleData name="LONRAMPA">0</SimpleData>
		<SimpleData name="LONRAMPAVA">0</SimpleData>
		<SimpleData name="LONPONTON">0</SimpleData>
		<SimpleData name="LONCAMIAC">0</SimpleData>
		<SimpleData name="AREAEXPLAN">0</SimpleData>
		<SimpleData name="BOXUNI">0</SimpleData>
		<SimpleData name="BANO_UNI">0</SimpleData>
		<SimpleData name="TIPOGEOM">1</SimpleData>
		<SimpleData name="GLOBALID">{8746855A-BA90-43D1-A0EE-CD6C67C95DE9}</SimpleData>
		<SimpleData name="SALAREUNI">0</SimpleData>
		<SimpleData name="PLAYAARTIF">0</SimpleData>
		<SimpleData name="PASEOCOSTE">0</SimpleData>
		<SimpleData name="ESTADOGRAL">MUY BUENO</SimpleData>
		<SimpleData name="GRUAOPESC">0</SimpleData>
		<SimpleData name="LONSALAADM">0</SimpleData>
		<SimpleData name="LONSALVENT">0</SimpleData>
		<SimpleData name="SALAPROC">0</SimpleData>
		<SimpleData name="AREABODEGA">0</SimpleData>
		<SimpleData name="AREACAFRI">0</SimpleData>
		<SimpleData name="AREAREFUG">0</SimpleData>
		<SimpleData name="AREAGALPON">0</SimpleData>
		<SimpleData name="PROGRAMA">CONEXIÓN</SimpleData>
		<SimpleData name="IMAGEN">http://colabora.mop.gov.cl/sites/dop/dptopl/dp/Documentos%20compartidos/Imágenes%20para%20el%20Modelo%20de%20Datos/10-%20LOS%20LAGOS/10-072.jpg</SimpleData>
		<SimpleData name="MXLOCATION">10201-16</SimpleData>
		<SimpleData name="MXSITEID">DOP</SimpleData>
		<SimpleData name="COD_REG">0</SimpleData>
	</SchemaData></ExtendedData>
      <Point><coordinates>-73.7587415689999,-42.4811550749999</coordinates></Point>
  </Placemark>
  <Placemark id="infraestructura_portuaria.61">
	<ExtendedData><SchemaData schemaUrl="#infraestructura_portuaria">
		<SimpleData name="OBJECTID_1">61</SimpleData>
		<SimpleData name="OBJECTID">2701</SimpleData>
		<SimpleData name="CODOBRA">10-070</SimpleData>
		<SimpleData name="TIPOOBRA">10</SimpleData>
		<SimpleData name="DESCOBRA">RAMPA CHAÑIHUE</SimpleData>
		<SimpleData name="CODCOMUNA">CASTRO</SimpleData>
		<SimpleData name="LONMUROS">142</SimpleData>
		<SimpleData name="LONESCOLLE">0</SimpleData>
		<SimpleData name="LONMUELLE">0</SimpleData>
		<SimpleData name="LONRAMPCO">0</SimpleData>
		<SimpleData name="LONRAMPA">70</SimpleData>
		<SimpleData name="LONRAMPAVA">0</SimpleData>
		<SimpleData name="LONPONTON">0</SimpleData>
		<SimpleData name="LONCAMIAC">0</SimpleData>
		<SimpleData name="AREAEXPLAN">0</SimpleData>
		<SimpleData name="BOXUNI">0</SimpleData>
		<SimpleData name="BANO_UNI">0</SimpleData>
		<SimpleData name="TIPOGEOM">1</SimpleData>
		<SimpleData name="GLOBALID">{FE274D12-9522-4A43-AD60-6E834629D233}</SimpleData>
		<SimpleData name="SALAREUNI">0</SimpleData>
		<SimpleData name="PLAYAARTIF">0</SimpleData>
		<SimpleData name="PASEOCOSTE">0</SimpleData>
		<SimpleData name="ESTADOGRAL">MALO</SimpleData>
		<SimpleData name="GRUAOPESC">0</SimpleData>
		<SimpleData name="LONSALAADM">0</SimpleData>
		<SimpleData name="LONSALVENT">0</SimpleData>
		<SimpleData name="SALAPROC">0</SimpleData>
		<SimpleData name="AREABODEGA">0</SimpleData>
		<SimpleData name="AREACAFRI">0</SimpleData>
		<SimpleData name="AREAREFUG">0</SimpleData>
		<SimpleData name="AREAGALPON">0</SimpleData>
		<SimpleData name="PROGRAMA">CONEXIÓN</SimpleData>
		<SimpleData name="IMAGEN">http://colabora.mop.gov.cl/sites/dop/dptopl/dp/Documentos%20compartidos/Imágenes%20para%20el%20Modelo%20de%20Datos/10-%20LOS%20LAGOS/10-070.jpg</SimpleData>
		<SimpleData name="MXLOCATION">10201-14</SimpleData>
		<SimpleData name="MXSITEID">DOP</SimpleData>
		<SimpleData name="COD_REG">0</SimpleData>
	</SchemaData></ExtendedData>
      <Point><coordinates>-73.739006445,-42.5019848869999</coordinates></Point>
  </Placemark>
  <Placemark id="infraestructura_portuaria.62">
	<ExtendedData><SchemaData schemaUrl="#infraestructura_portuaria">
		<SimpleData name="OBJECTID_1">62</SimpleData>
		<SimpleData name="OBJECTID">2702</SimpleData>
		<SimpleData name="CODOBRA">10-069</SimpleData>
		<SimpleData name="TIPOOBRA">10</SimpleData>
		<SimpleData name="DESCOBRA">VARADERO DE PUDETO</SimpleData>
		<SimpleData name="CODCOMUNA">ANCUD</SimpleData>
		<SimpleData name="LONMUROS">128</SimpleData>
		<SimpleData name="LONESCOLLE">0</SimpleData>
		<SimpleData name="LONMUELLE">0</SimpleData>
		<SimpleData name="LONRAMPCO">0</SimpleData>
		<SimpleData name="LONRAMPA">6</SimpleData>
		<SimpleData name="LONRAMPAVA">0</SimpleData>
		<SimpleData name="LONPONTON">0</SimpleData>
		<SimpleData name="LONCAMIAC">0</SimpleData>
		<SimpleData name="AREAEXPLAN">0</SimpleData>
		<SimpleData name="BOXUNI">0</SimpleData>
		<SimpleData name="BANO_UNI">0</SimpleData>
		<SimpleData name="TIPOGEOM">1</SimpleData>
		<SimpleData name="GLOBALID">{929F8C27-8356-487C-803D-50F826C23B86}</SimpleData>
		<SimpleData name="SALAREUNI">0</SimpleData>
		<SimpleData name="PLAYAARTIF">0</SimpleData>
		<SimpleData name="PASEOCOSTE">0</SimpleData>
		<SimpleData name="ESTADOGRAL">REGULAR</SimpleData>
		<SimpleData name="GRUAOPESC">0</SimpleData>
		<SimpleData name="LONSALAADM">1</SimpleData>
		<SimpleData name="LONSALVENT">0</SimpleData>
		<SimpleData name="SALAPROC">0</SimpleData>
		<SimpleData name="AREABODEGA">0</SimpleData>
		<SimpleData name="AREACAFRI">0</SimpleData>
		<SimpleData name="AREAREFUG">0</SimpleData>
		<SimpleData name="AREAGALPON">0</SimpleData>
		<SimpleData name="PROGRAMA">CONEXIÓN</SimpleData>
		<SimpleData name="IMAGEN">http://colabora.mop.gov.cl/sites/dop/dptopl/dp/Documentos%20compartidos/Imágenes%20para%20el%20Modelo%20de%20Datos/10-%20LOS%20LAGOS/10-069.jpg</SimpleData>
		<SimpleData name="MXLOCATION">10202-13</SimpleData>
		<SimpleData name="MXSITEID">DOP</SimpleData>
		<SimpleData name="COD_REG">0</SimpleData>
	</SchemaData></ExtendedData>
      <Point><coordinates>-73.797656809,-41.875471514</coordinates></Point>
  </Placemark>
  <Placemark id="infraestructura_portuaria.63">
	<ExtendedData><SchemaData schemaUrl="#infraestructura_portuaria">
		<SimpleData name="OBJECTID_1">63</SimpleData>
		<SimpleData name="OBJECTID">2703</SimpleData>
		<SimpleData name="CODOBRA">10-066</SimpleData>
		<SimpleData name="TIPOOBRA">10</SimpleData>
		<SimpleData name="DESCOBRA">RAMPA DE LINAO</SimpleData>
		<SimpleData name="CODCOMUNA">ANCUD</SimpleData>
		<SimpleData name="LONMUROS">36</SimpleData>
		<SimpleData name="LONESCOLLE">0</SimpleData>
		<SimpleData name="LONMUELLE">0</SimpleData>
		<SimpleData name="LONRAMPCO">0</SimpleData>
		<SimpleData name="LONRAMPA">74</SimpleData>
		<SimpleData name="LONRAMPAVA">0</SimpleData>
		<SimpleData name="LONPONTON">0</SimpleData>
		<SimpleData name="LONCAMIAC">0</SimpleData>
		<SimpleData name="AREAEXPLAN">93.6</SimpleData>
		<SimpleData name="BOXUNI">0</SimpleData>
		<SimpleData name="BANO_UNI">0</SimpleData>
		<SimpleData name="TIPOGEOM">1</SimpleData>
		<SimpleData name="GLOBALID">{8D641B26-152F-46AE-90A7-5A633D062AFC}</SimpleData>
		<SimpleData name="SALAREUNI">0</SimpleData>
		<SimpleData name="PLAYAARTIF">0</SimpleData>
		<SimpleData name="PASEOCOSTE">0</SimpleData>
		<SimpleData name="ESTADOGRAL">MUY MALO</SimpleData>
		<SimpleData name="GRUAOPESC">0</SimpleData>
		<SimpleData name="LONSALAADM">1</SimpleData>
		<SimpleData name="LONSALVENT">0</SimpleData>
		<SimpleData name="SALAPROC">0</SimpleData>
		<SimpleData name="AREABODEGA">0</SimpleData>
		<SimpleData name="AREACAFRI">0</SimpleData>
		<SimpleData name="AREAREFUG">0</SimpleData>
		<SimpleData name="AREAGALPON">0</SimpleData>
		<SimpleData name="PROGRAMA">CONEXIÓN</SimpleData>
		<SimpleData name="IMAGEN">http://colabora.mop.gov.cl/sites/dop/dptopl/dp/Documentos%20compartidos/Imágenes%20para%20el%20Modelo%20de%20Datos/10-%20LOS%20LAGOS/10-066.jpg</SimpleData>
		<SimpleData name="MXLOCATION">10202-10</SimpleData>
		<SimpleData name="MXSITEID">DOP</SimpleData>
		<SimpleData name="COD_REG">0</SimpleData>
	</SchemaData></ExtendedData>
      <Point><coordinates>-73.5481698299999,-41.964659631</coordinates></Point>
  </Placemark>
  <Placemark id="infraestructura_portuaria.64">
	<ExtendedData><SchemaData schemaUrl="#infraestructura_portuaria">
		<SimpleData name="OBJECTID_1">64</SimpleData>
		<SimpleData name="OBJECTID">2706</SimpleData>
		<SimpleData name="CODOBRA">10-061</SimpleData>
		<SimpleData name="TIPOOBRA">10</SimpleData>
		<SimpleData name="DESCOBRA">RAMPA ALTERNATIVA TRANSBORDADORES DE CHACAO</SimpleData>
		<SimpleData name="CODCOMUNA">ANCUD</SimpleData>
		<SimpleData name="LONMUROS">124</SimpleData>
		<SimpleData name="LONESCOLLE">0</SimpleData>
		<SimpleData name="LONMUELLE">0</SimpleData>
		<SimpleData name="LONRAMPCO">0</SimpleData>
		<SimpleData name="LONRAMPA">60</SimpleData>
		<SimpleData name="LONRAMPAVA">0</SimpleData>
		<SimpleData name="LONPONTON">0</SimpleData>
		<SimpleData name="LONCAMIAC">0</SimpleData>
		<SimpleData name="AREAEXPLAN">0</SimpleData>
		<SimpleData name="BOXUNI">0</SimpleData>
		<SimpleData name="BANO_UNI">0</SimpleData>
		<SimpleData name="TIPOGEOM">1</SimpleData>
		<SimpleData name="GLOBALID">{7171C890-9CB9-4C51-AD0C-F004DF7512F3}</SimpleData>
		<SimpleData name="SALAREUNI">0</SimpleData>
		<SimpleData name="PLAYAARTIF">0</SimpleData>
		<SimpleData name="PASEOCOSTE">0</SimpleData>
		<SimpleData name="ESTADOGRAL">REGULAR</SimpleData>
		<SimpleData name="GRUAOPESC">0</SimpleData>
		<SimpleData name="LONSALAADM">0</SimpleData>
		<SimpleData name="LONSALVENT">0</SimpleData>
		<SimpleData name="SALAPROC">0</SimpleData>
		<SimpleData name="AREABODEGA">0</SimpleData>
		<SimpleData name="AREACAFRI">0</SimpleData>
		<SimpleData name="AREAREFUG">0</SimpleData>
		<SimpleData name="AREAGALPON">0</SimpleData>
		<SimpleData name="PROGRAMA">CONEXIÓN</SimpleData>
		<SimpleData name="IMAGEN">http://colabora.mop.gov.cl/sites/dop/dptopl/dp/Documentos%20compartidos/Imágenes%20para%20el%20Modelo%20de%20Datos/10-%20LOS%20LAGOS/10-061.jpg</SimpleData>
		<SimpleData name="MXLOCATION">10202-05</SimpleData>
		<SimpleData name="MXSITEID">DOP</SimpleData>
		<SimpleData name="COD_REG">0</SimpleData>
	</SchemaData></ExtendedData>
      <Point><coordinates>-73.5156575999999,-41.829206621</coordinates></Point>
  </Placemark>
  <Placemark id="infraestructura_portuaria.65">
	<ExtendedData><SchemaData schemaUrl="#infraestructura_portuaria">
		<SimpleData name="OBJECTID_1">65</SimpleData>
		<SimpleData name="OBJECTID">2707</SimpleData>
		<SimpleData name="CODOBRA">10-057</SimpleData>
		<SimpleData name="TIPOOBRA">10</SimpleData>
		<SimpleData name="DESCOBRA">RAMPA PICHANCO</SimpleData>
		<SimpleData name="CODCOMUNA">HUALAIHUÉ</SimpleData>
		<SimpleData name="LONMUROS">60</SimpleData>
		<SimpleData name="LONESCOLLE">0</SimpleData>
		<SimpleData name="LONMUELLE">0</SimpleData>
		<SimpleData name="LONRAMPCO">0</SimpleData>
		<SimpleData name="LONRAMPA">0</SimpleData>
		<SimpleData name="LONRAMPAVA">0</SimpleData>
		<SimpleData name="LONPONTON">0</SimpleData>
		<SimpleData name="LONCAMIAC">0</SimpleData>
		<SimpleData name="AREAEXPLAN">0</SimpleData>
		<SimpleData name="BOXUNI">0</SimpleData>
		<SimpleData name="BANO_UNI">0</SimpleData>
		<SimpleData name="TIPOGEOM">1</SimpleData>
		<SimpleData name="GLOBALID">{1491B9DD-36A0-4D27-808D-B3696E675A47}</SimpleData>
		<SimpleData name="SALAREUNI">0</SimpleData>
		<SimpleData name="PLAYAARTIF">0</SimpleData>
		<SimpleData name="PASEOCOSTE">0</SimpleData>
		<SimpleData name="ESTADOGRAL">REGULAR</SimpleData>
		<SimpleData name="GRUAOPESC">0</SimpleData>
		<SimpleData name="LONSALAADM">0</SimpleData>
		<SimpleData name="LONSALVENT">0</SimpleData>
		<SimpleData name="SALAPROC">0</SimpleData>
		<SimpleData name="AREABODEGA">0</SimpleData>
		<SimpleData name="AREACAFRI">0</SimpleData>
		<SimpleData name="AREAREFUG">0</SimpleData>
		<SimpleData name="AREAGALPON">0</SimpleData>
		<SimpleData name="PROGRAMA">CONEXIÓN</SimpleData>
		<SimpleData name="IMAGEN">http://colabora.mop.gov.cl/sites/dop/dptopl/dp/Documentos%20compartidos/Imágenes%20para%20el%20Modelo%20de%20Datos/10-%20LOS%20LAGOS/10-057.jpg</SimpleData>
		<SimpleData name="MXLOCATION">10403-128</SimpleData>
		<SimpleData name="MXSITEID">DOP</SimpleData>
		<SimpleData name="COD_REG">0</SimpleData>
	</SchemaData></ExtendedData>
      <Point><coordinates>-72.4638357869999,-42.136539663</coordinates></Point>
  </Placemark>
  <Placemark id="infraestructura_portuaria.66">
	<ExtendedData><SchemaData schemaUrl="#infraestructura_portuaria">
		<SimpleData name="OBJECTID_1">66</SimpleData>
		<SimpleData name="OBJECTID">2708</SimpleData>
		<SimpleData name="CODOBRA">10-089</SimpleData>
		<SimpleData name="TIPOOBRA">10</SimpleData>
		<SimpleData name="DESCOBRA">RAMPA ISLA ACUY</SimpleData>
		<SimpleData name="CODCOMUNA">QUEILÉN</SimpleData>
		<SimpleData name="LONMUROS">20</SimpleData>
		<SimpleData name="LONESCOLLE">0</SimpleData>
		<SimpleData name="LONMUELLE">0</SimpleData>
		<SimpleData name="LONRAMPCO">0</SimpleData>
		<SimpleData name="LONRAMPA">80</SimpleData>
		<SimpleData name="LONRAMPAVA">0</SimpleData>
		<SimpleData name="LONPONTON">0</SimpleData>
		<SimpleData name="LONCAMIAC">0</SimpleData>
		<SimpleData name="AREAEXPLAN">32</SimpleData>
		<SimpleData name="BOXUNI">0</SimpleData>
		<SimpleData name="BANO_UNI">0</SimpleData>
		<SimpleData name="TIPOGEOM">1</SimpleData>
		<SimpleData name="GLOBALID">{B8099A05-BBD5-4E94-81F0-D6D0F6F034CC}</SimpleData>
		<SimpleData name="SALAREUNI">0</SimpleData>
		<SimpleData name="PLAYAARTIF">0</SimpleData>
		<SimpleData name="PASEOCOSTE">0</SimpleData>
		<SimpleData name="ESTADOGRAL">BUENO</SimpleData>
		<SimpleData name="GRUAOPESC">0</SimpleData>
		<SimpleData name="LONSALAADM">0</SimpleData>
		<SimpleData name="LONSALVENT">0</SimpleData>
		<SimpleData name="SALAPROC">0</SimpleData>
		<SimpleData name="AREABODEGA">0</SimpleData>
		<SimpleData name="AREACAFRI">0</SimpleData>
		<SimpleData name="AREAREFUG">1</SimpleData>
		<SimpleData name="AREAGALPON">0</SimpleData>
		<SimpleData name="PROGRAMA">CONEXIÓN</SimpleData>
		<SimpleData name="IMAGEN">http://colabora.mop.gov.cl/sites/dop/dptopl/dp/Documentos%20compartidos/Imágenes%20para%20el%20Modelo%20de%20Datos/10-%20LOS%20LAGOS/10-089.jpg</SimpleData>
		<SimpleData name="MXLOCATION">10207-33</SimpleData>
		<SimpleData name="MXSITEID">DOP</SimpleData>
		<SimpleData name="COD_REG">0</SimpleData>
	</SchemaData></ExtendedData>
      <Point><coordinates>-73.434644088,-42.9259429209999</coordinates></Point>
  </Placemark>
  <Placemark id="infraestructura_portuaria.67">
	<ExtendedData><SchemaData schemaUrl="#infraestructura_portuaria">
		<SimpleData name="OBJECTID_1">67</SimpleData>
		<SimpleData name="OBJECTID">2709</SimpleData>
		<SimpleData name="CODOBRA">10-088</SimpleData>
		<SimpleData name="TIPOOBRA">10</SimpleData>
		<SimpleData name="DESCOBRA">TERMINAL TRANSBORDADORES ISLA LEMUY, SECTOR CHULCHUY</SimpleData>
		<SimpleData name="CODCOMUNA">PUQUELDÓN</SimpleData>
		<SimpleData name="LONMUROS">52</SimpleData>
		<SimpleData name="LONESCOLLE">0</SimpleData>
		<SimpleData name="LONMUELLE">0</SimpleData>
		<SimpleData name="LONRAMPCO">0</SimpleData>
		<SimpleData name="LONRAMPA">107</SimpleData>
		<SimpleData name="LONRAMPAVA">0</SimpleData>
		<SimpleData name="LONPONTON">0</SimpleData>
		<SimpleData name="LONCAMIAC">0</SimpleData>
		<SimpleData name="AREAEXPLAN">0</SimpleData>
		<SimpleData name="BOXUNI">0</SimpleData>
		<SimpleData name="BANO_UNI">0</SimpleData>
		<SimpleData name="TIPOGEOM">1</SimpleData>
		<SimpleData name="GLOBALID">{1F115768-49B3-4193-B3EC-6BCE7A360883}</SimpleData>
		<SimpleData name="SALAREUNI">0</SimpleData>
		<SimpleData name="PLAYAARTIF">0</SimpleData>
		<SimpleData name="PASEOCOSTE">0</SimpleData>
		<SimpleData name="ESTADOGRAL">BUENO</SimpleData>
		<SimpleData name="GRUAOPESC">0</SimpleData>
		<SimpleData name="LONSALAADM">0</SimpleData>
		<SimpleData name="LONSALVENT">0</SimpleData>
		<SimpleData name="SALAPROC">0</SimpleData>
		<SimpleData name="AREABODEGA">0</SimpleData>
		<SimpleData name="AREACAFRI">0</SimpleData>
		<SimpleData name="AREAREFUG">1</SimpleData>
		<SimpleData name="AREAGALPON">0</SimpleData>
		<SimpleData name="PROGRAMA">CONEXIÓN</SimpleData>
		<SimpleData name="IMAGEN">http://colabora.mop.gov.cl/sites/dop/dptopl/dp/Documentos%20compartidos/Imágenes%20para%20el%20Modelo%20de%20Datos/10-%20LOS%20LAGOS/10-088.jpg</SimpleData>
		<SimpleData name="MXLOCATION">10206-32</SimpleData>
		<SimpleData name="MXSITEID">DOP</SimpleData>
		<SimpleData name="COD_REG">0</SimpleData>
	</SchemaData></ExtendedData>
      <Point><coordinates>-73.721603419,-42.638157567</coordinates></Point>
  </Placemark>
  <Placemark id="infraestructura_portuaria.68">
	<ExtendedData><SchemaData schemaUrl="#infraestructura_portuaria">
		<SimpleData name="OBJECTID_1">68</SimpleData>
		<SimpleData name="OBJECTID">2710</SimpleData>
		<SimpleData name="CODOBRA">10-087</SimpleData>
		<SimpleData name="TIPOOBRA">10</SimpleData>
		<SimpleData name="DESCOBRA">RAMPA DE ALDACHILDO</SimpleData>
		<SimpleData name="CODCOMUNA">PUQUELDÓN</SimpleData>
		<SimpleData name="LONMUROS">20</SimpleData>
		<SimpleData name="LONESCOLLE">0</SimpleData>
		<SimpleData name="LONMUELLE">0</SimpleData>
		<SimpleData name="LONRAMPCO">0</SimpleData>
		<SimpleData name="LONRAMPA">80</SimpleData>
		<SimpleData name="LONRAMPAVA">0</SimpleData>
		<SimpleData name="LONPONTON">0</SimpleData>
		<SimpleData name="LONCAMIAC">0</SimpleData>
		<SimpleData name="AREAEXPLAN">32</SimpleData>
		<SimpleData name="BOXUNI">0</SimpleData>
		<SimpleData name="BANO_UNI">0</SimpleData>
		<SimpleData name="TIPOGEOM">1</SimpleData>
		<SimpleData name="GLOBALID">{7DCB181D-DE30-49C9-801A-80992BEE4A20}</SimpleData>
		<SimpleData name="SALAREUNI">0</SimpleData>
		<SimpleData name="PLAYAARTIF">0</SimpleData>
		<SimpleData name="PASEOCOSTE">0</SimpleData>
		<SimpleData name="ESTADOGRAL">MUY MALO</SimpleData>
		<SimpleData name="GRUAOPESC">0</SimpleData>
		<SimpleData name="LONSALAADM">0</SimpleData>
		<SimpleData name="LONSALVENT">0</SimpleData>
		<SimpleData name="SALAPROC">0</SimpleData>
		<SimpleData name="AREABODEGA">0</SimpleData>
		<SimpleData name="AREACAFRI">0</SimpleData>
		<SimpleData name="AREAREFUG">0</SimpleData>
		<SimpleData name="AREAGALPON">0</SimpleData>
		<SimpleData name="PROGRAMA">CONEXIÓN</SimpleData>
		<SimpleData name="IMAGEN">http://colabora.mop.gov.cl/sites/dop/dptopl/dp/Documentos%20compartidos/Imágenes%20para%20el%20Modelo%20de%20Datos/10-%20LOS%20LAGOS/10-087.jpg</SimpleData>
		<SimpleData name="MXLOCATION">10206-31</SimpleData>
		<SimpleData name="MXSITEID">DOP</SimpleData>
		<SimpleData name="COD_REG">0</SimpleData>
	</SchemaData></ExtendedData>
      <Point><coordinates>-73.613755313,-42.5835998709999</coordinates></Point>
  </Placemark>
  <Placemark id="infraestructura_portuaria.69">
	<ExtendedData><SchemaData schemaUrl="#infraestructura_portuaria">
		<SimpleData name="OBJECTID_1">69</SimpleData>
		<SimpleData name="OBJECTID">2711</SimpleData>
		<SimpleData name="CODOBRA">10-086</SimpleData>
		<SimpleData name="TIPOOBRA">10</SimpleData>
		<SimpleData name="DESCOBRA">RAMPA TENAUN</SimpleData>
		<SimpleData name="CODCOMUNA">DALCAHUE</SimpleData>
		<SimpleData name="LONMUROS">245</SimpleData>
		<SimpleData name="LONESCOLLE">0</SimpleData>
		<SimpleData name="LONMUELLE">0</SimpleData>
		<SimpleData name="LONRAMPCO">0</SimpleData>
		<SimpleData name="LONRAMPA">95</SimpleData>
		<SimpleData name="LONRAMPAVA">0</SimpleData>
		<SimpleData name="LONPONTON">0</SimpleData>
		<SimpleData name="LONCAMIAC">0</SimpleData>
		<SimpleData name="AREAEXPLAN">273</SimpleData>
		<SimpleData name="BOXUNI">0</SimpleData>
		<SimpleData name="BANO_UNI">0</SimpleData>
		<SimpleData name="TIPOGEOM">1</SimpleData>
		<SimpleData name="GLOBALID">{07D443C1-5DA6-46F5-8580-1F120FDF0339}</SimpleData>
		<SimpleData name="SALAREUNI">0</SimpleData>
		<SimpleData name="PLAYAARTIF">0</SimpleData>
		<SimpleData name="PASEOCOSTE">0</SimpleData>
		<SimpleData name="ESTADOGRAL">BUENO</SimpleData>
		<SimpleData name="GRUAOPESC">0</SimpleData>
		<SimpleData name="LONSALAADM">0</SimpleData>
		<SimpleData name="LONSALVENT">0</SimpleData>
		<SimpleData name="SALAPROC">0</SimpleData>
		<SimpleData name="AREABODEGA">0</SimpleData>
		<SimpleData name="AREACAFRI">0</SimpleData>
		<SimpleData name="AREAREFUG">1</SimpleData>
		<SimpleData name="AREAGALPON">0</SimpleData>
		<SimpleData name="PROGRAMA">CONEXIÓN</SimpleData>
		<SimpleData name="IMAGEN">http://colabora.mop.gov.cl/sites/dop/dptopl/dp/Documentos%20compartidos/Imágenes%20para%20el%20Modelo%20de%20Datos/10-%20LOS%20LAGOS/10-086.jpg</SimpleData>
		<SimpleData name="MXLOCATION">10205-30</SimpleData>
		<SimpleData name="MXSITEID">DOP</SimpleData>
		<SimpleData name="COD_REG">0</SimpleData>
	</SchemaData></ExtendedData>
      <Point><coordinates>-73.3706839079999,-42.3335791069999</coordinates></Point>
  </Placemark>
  <Placemark id="infraestructura_portuaria.70">
	<ExtendedData><SchemaData schemaUrl="#infraestructura_portuaria">
		<SimpleData name="OBJECTID_1">70</SimpleData>
		<SimpleData name="OBJECTID">2712</SimpleData>
		<SimpleData name="CODOBRA">10-084</SimpleData>
		<SimpleData name="TIPOOBRA">10</SimpleData>
		<SimpleData name="DESCOBRA">RAMPA EL PASAJE DE DALCAHUE</SimpleData>
		<SimpleData name="CODCOMUNA">DALCAHUE</SimpleData>
		<SimpleData name="LONMUROS">153</SimpleData>
		<SimpleData name="LONESCOLLE">0</SimpleData>
		<SimpleData name="LONMUELLE">0</SimpleData>
		<SimpleData name="LONRAMPCO">0</SimpleData>
		<SimpleData name="LONRAMPA">65</SimpleData>
		<SimpleData name="LONRAMPAVA">0</SimpleData>
		<SimpleData name="LONPONTON">0</SimpleData>
		<SimpleData name="LONCAMIAC">0</SimpleData>
		<SimpleData name="AREAEXPLAN">407</SimpleData>
		<SimpleData name="BOXUNI">0</SimpleData>
		<SimpleData name="BANO_UNI">0</SimpleData>
		<SimpleData name="TIPOGEOM">1</SimpleData>
		<SimpleData name="GLOBALID">{6EAF9A17-4DC0-4029-AFCA-20F6753C4576}</SimpleData>
		<SimpleData name="SALAREUNI">0</SimpleData>
		<SimpleData name="PLAYAARTIF">0</SimpleData>
		<SimpleData name="PASEOCOSTE">0</SimpleData>
		<SimpleData name="ESTADOGRAL">BUENO</SimpleData>
		<SimpleData name="GRUAOPESC">0</SimpleData>
		<SimpleData name="LONSALAADM">0</SimpleData>
		<SimpleData name="LONSALVENT">0</SimpleData>
		<SimpleData name="SALAPROC">0</SimpleData>
		<SimpleData name="AREABODEGA">0</SimpleData>
		<SimpleData name="AREACAFRI">0</SimpleData>
		<SimpleData name="AREAREFUG">1</SimpleData>
		<SimpleData name="AREAGALPON">0</SimpleData>
		<SimpleData name="PROGRAMA">CONEXIÓN</SimpleData>
		<SimpleData name="IMAGEN">http://colabora.mop.gov.cl/sites/dop/dptopl/dp/Documentos%20compartidos/Imágenes%20para%20el%20Modelo%20de%20Datos/10-%20LOS%20LAGOS/10-084.jpg</SimpleData>
		<SimpleData name="MXLOCATION">10205-28</SimpleData>
		<SimpleData name="MXSITEID">DOP</SimpleData>
		<SimpleData name="COD_REG">0</SimpleData>
	</SchemaData></ExtendedData>
      <Point><coordinates>-73.655450066,-42.388201355</coordinates></Point>
  </Placemark>
  <Placemark id="infraestructura_portuaria.71">
	<ExtendedData><SchemaData schemaUrl="#infraestructura_portuaria">
		<SimpleData name="OBJECTID_1">71</SimpleData>
		<SimpleData name="OBJECTID">2713</SimpleData>
		<SimpleData name="CODOBRA">10-083</SimpleData>
		<SimpleData name="TIPOOBRA">10</SimpleData>
		<SimpleData name="DESCOBRA">RAMPA DE PASAJEROS DE DALCAHUE</SimpleData>
		<SimpleData name="CODCOMUNA">DALCAHUE</SimpleData>
		<SimpleData name="LONMUROS">248</SimpleData>
		<SimpleData name="LONESCOLLE">0</SimpleData>
		<SimpleData name="LONMUELLE">0</SimpleData>
		<SimpleData name="LONRAMPCO">0</SimpleData>
		<SimpleData name="LONRAMPA">60</SimpleData>
		<SimpleData name="LONRAMPAVA">0</SimpleData>
		<SimpleData name="LONPONTON">0</SimpleData>
		<SimpleData name="LONCAMIAC">0</SimpleData>
		<SimpleData name="AREAEXPLAN">0</SimpleData>
		<SimpleData name="BOXUNI">0</SimpleData>
		<SimpleData name="BANO_UNI">0</SimpleData>
		<SimpleData name="TIPOGEOM">1</SimpleData>
		<SimpleData name="GLOBALID">{909D47BA-A5B7-4DCD-8D11-90239C178040}</SimpleData>
		<SimpleData name="SALAREUNI">0</SimpleData>
		<SimpleData name="PLAYAARTIF">0</SimpleData>
		<SimpleData name="PASEOCOSTE">0</SimpleData>
		<SimpleData name="ESTADOGRAL">MUY MALO</SimpleData>
		<SimpleData name="GRUAOPESC">0</SimpleData>
		<SimpleData name="LONSALAADM">0</SimpleData>
		<SimpleData name="LONSALVENT">0</SimpleData>
		<SimpleData name="SALAPROC">0</SimpleData>
		<SimpleData name="AREABODEGA">0</SimpleData>
		<SimpleData name="AREACAFRI">0</SimpleData>
		<SimpleData name="AREAREFUG">1</SimpleData>
		<SimpleData name="AREAGALPON">0</SimpleData>
		<SimpleData name="PROGRAMA">CONEXIÓN</SimpleData>
		<SimpleData name="IMAGEN">http://colabora.mop.gov.cl/sites/dop/dptopl/dp/Documentos%20compartidos/Imágenes%20para%20el%20Modelo%20de%20Datos/10-%20LOS%20LAGOS/10-083.jpg</SimpleData>
		<SimpleData name="MXLOCATION">10205-27</SimpleData>
		<SimpleData name="MXSITEID">DOP</SimpleData>
		<SimpleData name="COD_REG">0</SimpleData>
	</SchemaData></ExtendedData>
      <Point><coordinates>-73.655584515,-42.3819460619999</coordinates></Point>
  </Placemark>
  <Placemark id="infraestructura_portuaria.72">
	<ExtendedData><SchemaData schemaUrl="#infraestructura_portuaria">
		<SimpleData name="OBJECTID_1">72</SimpleData>
		<SimpleData name="OBJECTID">2719</SimpleData>
		<SimpleData name="CODOBRA">10-079</SimpleData>
		<SimpleData name="TIPOOBRA">14</SimpleData>
		<SimpleData name="DESCOBRA">MOLO DE ABRIGO DE CHONCHI</SimpleData>
		<SimpleData name="CODCOMUNA">CHONCHI</SimpleData>
		<SimpleData name="LONMUROS">424</SimpleData>
		<SimpleData name="LONESCOLLE">0</SimpleData>
		<SimpleData name="LONMUELLE">208</SimpleData>
		<SimpleData name="LONRAMPCO">0</SimpleData>
		<SimpleData name="LONRAMPA">0</SimpleData>
		<SimpleData name="LONRAMPAVA">0</SimpleData>
		<SimpleData name="LONPONTON">0</SimpleData>
		<SimpleData name="LONCAMIAC">0</SimpleData>
		<SimpleData name="AREAEXPLAN">0</SimpleData>
		<SimpleData name="BOXUNI">0</SimpleData>
		<SimpleData name="BANO_UNI">0</SimpleData>
		<SimpleData name="TIPOGEOM">1</SimpleData>
		<SimpleData name="GLOBALID">{78DD2C29-1DC5-4BE7-A4DB-A77B85025FDD}</SimpleData>
		<SimpleData name="SALAREUNI">0</SimpleData>
		<SimpleData name="PLAYAARTIF">0</SimpleData>
		<SimpleData name="PASEOCOSTE">0</SimpleData>
		<SimpleData name="ESTADOGRAL">BUENO</SimpleData>
		<SimpleData name="GRUAOPESC">0</SimpleData>
		<SimpleData name="LONSALAADM">1</SimpleData>
		<SimpleData name="LONSALVENT">0</SimpleData>
		<SimpleData name="SALAPROC">0</SimpleData>
		<SimpleData name="AREABODEGA">0</SimpleData>
		<SimpleData name="AREACAFRI">0</SimpleData>
		<SimpleData name="AREAREFUG">0</SimpleData>
		<SimpleData name="AREAGALPON">0</SimpleData>
		<SimpleData name="PROGRAMA">CONEXIÓN</SimpleData>
		<SimpleData name="IMAGEN">http://colabora.mop.gov.cl/sites/dop/dptopl/dp/Documentos%20compartidos/Imágenes%20para%20el%20Modelo%20de%20Datos/10-%20LOS%20LAGOS/10-079.jpg</SimpleData>
		<SimpleData name="MXLOCATION">10203-23</SimpleData>
		<SimpleData name="MXSITEID">DOP</SimpleData>
		<SimpleData name="COD_REG">0</SimpleData>
	</SchemaData></ExtendedData>
      <Point><coordinates>-73.76872532,-42.618668962</coordinates></Point>
  </Placemark>
  <Placemark id="infraestructura_portuaria.73">
	<ExtendedData><SchemaData schemaUrl="#infraestructura_portuaria">
		<SimpleData name="OBJECTID_1">73</SimpleData>
		<SimpleData name="OBJECTID">2726</SimpleData>
		<SimpleData name="CODOBRA">10-071</SimpleData>
		<SimpleData name="TIPOOBRA">16</SimpleData>
		<SimpleData name="DESCOBRA">PUERTO DE CASTRO</SimpleData>
		<SimpleData name="CODCOMUNA">CASTRO</SimpleData>
		<SimpleData name="LONMUROS">35</SimpleData>
		<SimpleData name="LONESCOLLE">0</SimpleData>
		<SimpleData name="LONMUELLE">70</SimpleData>
		<SimpleData name="LONRAMPCO">0</SimpleData>
		<SimpleData name="LONRAMPA">0</SimpleData>
		<SimpleData name="LONRAMPAVA">0</SimpleData>
		<SimpleData name="LONPONTON">0</SimpleData>
		<SimpleData name="LONCAMIAC">0</SimpleData>
		<SimpleData name="AREAEXPLAN">693</SimpleData>
		<SimpleData name="BOXUNI">0</SimpleData>
		<SimpleData name="BANO_UNI">0</SimpleData>
		<SimpleData name="TIPOGEOM">1</SimpleData>
		<SimpleData name="GLOBALID">{ACF9481F-FF47-4177-9F3E-67DB7825F237}</SimpleData>
		<SimpleData name="SALAREUNI">0</SimpleData>
		<SimpleData name="PLAYAARTIF">0</SimpleData>
		<SimpleData name="PASEOCOSTE">0</SimpleData>
		<SimpleData name="ESTADOGRAL">MUY BUENO</SimpleData>
		<SimpleData name="GRUAOPESC">1</SimpleData>
		<SimpleData name="LONSALAADM">0</SimpleData>
		<SimpleData name="LONSALVENT">0</SimpleData>
		<SimpleData name="SALAPROC">0</SimpleData>
		<SimpleData name="AREABODEGA">1</SimpleData>
		<SimpleData name="AREACAFRI">0</SimpleData>
		<SimpleData name="AREAREFUG">1</SimpleData>
		<SimpleData name="AREAGALPON">1</SimpleData>
		<SimpleData name="PROGRAMA">CONEXIÓN</SimpleData>
		<SimpleData name="IMAGEN">http://colabora.mop.gov.cl/sites/dop/dptopl/dp/Documentos%20compartidos/Imágenes%20para%20el%20Modelo%20de%20Datos/10-%20LOS%20LAGOS/10-071.jpg</SimpleData>
		<SimpleData name="MXLOCATION">10201-15</SimpleData>
		<SimpleData name="MXSITEID">DOP</SimpleData>
		<SimpleData name="COD_REG">0</SimpleData>
	</SchemaData></ExtendedData>
      <Point><coordinates>-73.759098432,-42.4807687589999</coordinates></Point>
  </Placemark>
  <Placemark id="infraestructura_portuaria.74">
	<ExtendedData><SchemaData schemaUrl="#infraestructura_portuaria">
		<SimpleData name="OBJECTID_1">74</SimpleData>
		<SimpleData name="OBJECTID">2584</SimpleData>
		<SimpleData name="CODOBRA">09-40</SimpleData>
		<SimpleData name="TIPOOBRA">10</SimpleData>
		<SimpleData name="DESCOBRA">RAMPA NEHUENTUE 1</SimpleData>
		<SimpleData name="CODCOMUNA">CARAHUE</SimpleData>
		<SimpleData name="LONMUROS">0</SimpleData>
		<SimpleData name="LONESCOLLE">88</SimpleData>
		<SimpleData name="LONMUELLE">0</SimpleData>
		<SimpleData name="LONRAMPCO">0</SimpleData>
		<SimpleData name="LONRAMPA">120</SimpleData>
		<SimpleData name="LONRAMPAVA">0</SimpleData>
		<SimpleData name="LONPONTON">0</SimpleData>
		<SimpleData name="LONCAMIAC">55</SimpleData>
		<SimpleData name="AREAEXPLAN">0</SimpleData>
		<SimpleData name="BOXUNI">0</SimpleData>
		<SimpleData name="BANO_UNI">0</SimpleData>
		<SimpleData name="TIPOGEOM">1</SimpleData>
		<SimpleData name="GLOBALID">{FB6E9CEE-5B7C-49C2-BF47-7F3DDF922D2D}</SimpleData>
		<SimpleData name="SALAREUNI">0</SimpleData>
		<SimpleData name="PLAYAARTIF">0</SimpleData>
		<SimpleData name="PASEOCOSTE">0</SimpleData>
		<SimpleData name="ESTADOGRAL">MUY BUENO</SimpleData>
		<SimpleData name="GRUAOPESC">0</SimpleData>
		<SimpleData name="LONSALAADM">0</SimpleData>
		<SimpleData name="LONSALVENT">0</SimpleData>
		<SimpleData name="SALAPROC">0</SimpleData>
		<SimpleData name="AREABODEGA">0</SimpleData>
		<SimpleData name="AREACAFRI">0</SimpleData>
		<SimpleData name="AREAREFUG">0</SimpleData>
		<SimpleData name="AREAGALPON">0</SimpleData>
		<SimpleData name="PROGRAMA">CONEXIÓN</SimpleData>
		<SimpleData name="IMAGEN">http://colabora.mop.gov.cl/sites/dop/dptopl/dp/Documentos%20compartidos/Imágenes%20para%20el%20Modelo%20de%20Datos/9-%20ARAUCANÍA/09-40.JPG</SimpleData>
		<SimpleData name="MXSITEID">DOP</SimpleData>
		<SimpleData name="COD_REG">0</SimpleData>
	</SchemaData></ExtendedData>
      <Point><coordinates>-73.4080322139999,-38.7498538729999</coordinates></Point>
  </Placemark>
  <Placemark id="infraestructura_portuaria.75">
	<ExtendedData><SchemaData schemaUrl="#infraestructura_portuaria">
		<SimpleData name="OBJECTID_1">75</SimpleData>
		<SimpleData name="OBJECTID">2585</SimpleData>
		<SimpleData name="CODOBRA">09-35</SimpleData>
		<SimpleData name="TIPOOBRA">10</SimpleData>
		<SimpleData name="DESCOBRA">RAMPA CONECTIVIDAD PUERTO DOMINGUEZ</SimpleData>
		<SimpleData name="CODCOMUNA">SAAVEDRA</SimpleData>
		<SimpleData name="LONMUROS">303</SimpleData>
		<SimpleData name="LONESCOLLE">16</SimpleData>
		<SimpleData name="LONMUELLE">120</SimpleData>
		<SimpleData name="LONRAMPCO">0</SimpleData>
		<SimpleData name="LONRAMPA">41</SimpleData>
		<SimpleData name="LONRAMPAVA">0</SimpleData>
		<SimpleData name="LONPONTON">0</SimpleData>
		<SimpleData name="LONCAMIAC">0</SimpleData>
		<SimpleData name="AREAEXPLAN">456</SimpleData>
		<SimpleData name="BOXUNI">0</SimpleData>
		<SimpleData name="BANO_UNI">0</SimpleData>
		<SimpleData name="TIPOGEOM">1</SimpleData>
		<SimpleData name="GLOBALID">{9FC91350-52B9-49BA-9C22-86A0050CCB74}</SimpleData>
		<SimpleData name="SALAREUNI">0</SimpleData>
		<SimpleData name="PLAYAARTIF">0</SimpleData>
		<SimpleData name="PASEOCOSTE">0</SimpleData>
		<SimpleData name="ESTADOGRAL">MUY BUENO</SimpleData>
		<SimpleData name="GRUAOPESC">0</SimpleData>
		<SimpleData name="LONSALAADM">0</SimpleData>
		<SimpleData name="LONSALVENT">0</SimpleData>
		<SimpleData name="SALAPROC">0</SimpleData>
		<SimpleData name="AREABODEGA">0</SimpleData>
		<SimpleData name="AREACAFRI">0</SimpleData>
		<SimpleData name="AREAREFUG">1</SimpleData>
		<SimpleData name="AREAGALPON">0</SimpleData>
		<SimpleData name="PROGRAMA">CONEXIÓN</SimpleData>
		<SimpleData name="IMAGEN">http://colabora.mop.gov.cl/sites/dop/dptopl/dp/Documentos%20compartidos/Imágenes%20para%20el%20Modelo%20de%20Datos/9-%20ARAUCANÍA/09-35.JPG</SimpleData>
		<SimpleData name="MXLOCATION">09116-18</SimpleData>
		<SimpleData name="MXSITEID">DOP</SimpleData>
		<SimpleData name="COD_REG">0</SimpleData>
	</SchemaData></ExtendedData>
      <Point><coordinates>-73.2581448019999,-38.898096215</coordinates></Point>
  </Placemark>
  <Placemark id="infraestructura_portuaria.76">
	<ExtendedData><SchemaData schemaUrl="#infraestructura_portuaria">
		<SimpleData name="OBJECTID_1">76</SimpleData>
		<SimpleData name="OBJECTID">2586</SimpleData>
		<SimpleData name="CODOBRA">09-29</SimpleData>
		<SimpleData name="TIPOOBRA">10</SimpleData>
		<SimpleData name="DESCOBRA">RAMPA HUENTEN</SimpleData>
		<SimpleData name="CODCOMUNA">SAAVEDRA</SimpleData>
		<SimpleData name="LONMUROS">46</SimpleData>
		<SimpleData name="LONESCOLLE">0</SimpleData>
		<SimpleData name="LONMUELLE">0</SimpleData>
		<SimpleData name="LONRAMPCO">0</SimpleData>
		<SimpleData name="LONRAMPA">42</SimpleData>
		<SimpleData name="LONRAMPAVA">0</SimpleData>
		<SimpleData name="LONPONTON">0</SimpleData>
		<SimpleData name="LONCAMIAC">16</SimpleData>
		<SimpleData name="AREAEXPLAN">0</SimpleData>
		<SimpleData name="BOXUNI">0</SimpleData>
		<SimpleData name="BANO_UNI">0</SimpleData>
		<SimpleData name="TIPOGEOM">1</SimpleData>
		<SimpleData name="GLOBALID">{8343E4B6-8849-4772-8BE4-6781EB31D2BF}</SimpleData>
		<SimpleData name="SALAREUNI">0</SimpleData>
		<SimpleData name="PLAYAARTIF">0</SimpleData>
		<SimpleData name="PASEOCOSTE">0</SimpleData>
		<SimpleData name="ESTADOGRAL">MUY BUENO</SimpleData>
		<SimpleData name="GRUAOPESC">0</SimpleData>
		<SimpleData name="LONSALAADM">0</SimpleData>
		<SimpleData name="LONSALVENT">0</SimpleData>
		<SimpleData name="SALAPROC">0</SimpleData>
		<SimpleData name="AREABODEGA">0</SimpleData>
		<SimpleData name="AREACAFRI">0</SimpleData>
		<SimpleData name="AREAREFUG">1</SimpleData>
		<SimpleData name="AREAGALPON">0</SimpleData>
		<SimpleData name="PROGRAMA">CONEXIÓN</SimpleData>
		<SimpleData name="IMAGEN">http://colabora.mop.gov.cl/sites/dop/dptopl/dp/Documentos%20compartidos/Imágenes%20para%20el%20Modelo%20de%20Datos/9-%20ARAUCANÍA/09-29.JPG</SimpleData>
		<SimpleData name="MXLOCATION">09116-12</SimpleData>
		<SimpleData name="MXSITEID">DOP</SimpleData>
		<SimpleData name="COD_REG">0</SimpleData>
	</SchemaData></ExtendedData>
      <Point><coordinates>-73.299540594,-38.911929313</coordinates></Point>
  </Placemark>
  <Placemark id="infraestructura_portuaria.77">
	<ExtendedData><SchemaData schemaUrl="#infraestructura_portuaria">
		<SimpleData name="OBJECTID_1">77</SimpleData>
		<SimpleData name="OBJECTID">2587</SimpleData>
		<SimpleData name="CODOBRA">09-28</SimpleData>
		<SimpleData name="TIPOOBRA">10</SimpleData>
		<SimpleData name="DESCOBRA">RAMPA ROMOPULLI</SimpleData>
		<SimpleData name="CODCOMUNA">SAAVEDRA</SimpleData>
		<SimpleData name="LONMUROS">58</SimpleData>
		<SimpleData name="LONESCOLLE">0</SimpleData>
		<SimpleData name="LONMUELLE">0</SimpleData>
		<SimpleData name="LONRAMPCO">0</SimpleData>
		<SimpleData name="LONRAMPA">41</SimpleData>
		<SimpleData name="LONRAMPAVA">0</SimpleData>
		<SimpleData name="LONPONTON">0</SimpleData>
		<SimpleData name="LONCAMIAC">26</SimpleData>
		<SimpleData name="AREAEXPLAN">0</SimpleData>
		<SimpleData name="BOXUNI">0</SimpleData>
		<SimpleData name="BANO_UNI">0</SimpleData>
		<SimpleData name="TIPOGEOM">1</SimpleData>
		<SimpleData name="GLOBALID">{9A0D60D5-FC86-4A69-9A43-76C3CC31C5F0}</SimpleData>
		<SimpleData name="SALAREUNI">0</SimpleData>
		<SimpleData name="PLAYAARTIF">0</SimpleData>
		<SimpleData name="PASEOCOSTE">0</SimpleData>
		<SimpleData name="ESTADOGRAL">MUY BUENO</SimpleData>
		<SimpleData name="GRUAOPESC">0</SimpleData>
		<SimpleData name="LONSALAADM">0</SimpleData>
		<SimpleData name="LONSALVENT">0</SimpleData>
		<SimpleData name="SALAPROC">0</SimpleData>
		<SimpleData name="AREABODEGA">0</SimpleData>
		<SimpleData name="AREACAFRI">0</SimpleData>
		<SimpleData name="AREAREFUG">1</SimpleData>
		<SimpleData name="AREAGALPON">0</SimpleData>
		<SimpleData name="PROGRAMA">CONEXIÓN</SimpleData>
		<SimpleData name="IMAGEN">http://colabora.mop.gov.cl/sites/dop/dptopl/dp/Documentos%20compartidos/Imágenes%20para%20el%20Modelo%20de%20Datos/9-%20ARAUCANÍA/09-28.JPG</SimpleData>
		<SimpleData name="MXSITEID">DOP</SimpleData>
		<SimpleData name="COD_REG">0</SimpleData>
	</SchemaData></ExtendedData>
      <Point><coordinates>-73.3033833709999,-38.823076779</coordinates></Point>
  </Placemark>
  <Placemark id="infraestructura_portuaria.78">
	<ExtendedData><SchemaData schemaUrl="#infraestructura_portuaria">
		<SimpleData name="OBJECTID_1">78</SimpleData>
		<SimpleData name="OBJECTID">2588</SimpleData>
		<SimpleData name="CODOBRA">09-27</SimpleData>
		<SimpleData name="TIPOOBRA">10</SimpleData>
		<SimpleData name="DESCOBRA">RAMPA SOL NACIENTE</SimpleData>
		<SimpleData name="CODCOMUNA">SAAVEDRA</SimpleData>
		<SimpleData name="LONMUROS">73</SimpleData>
		<SimpleData name="LONESCOLLE">0</SimpleData>
		<SimpleData name="LONMUELLE">0</SimpleData>
		<SimpleData name="LONRAMPCO">0</SimpleData>
		<SimpleData name="LONRAMPA">41</SimpleData>
		<SimpleData name="LONRAMPAVA">0</SimpleData>
		<SimpleData name="LONPONTON">0</SimpleData>
		<SimpleData name="LONCAMIAC">48</SimpleData>
		<SimpleData name="AREAEXPLAN">0</SimpleData>
		<SimpleData name="BOXUNI">0</SimpleData>
		<SimpleData name="BANO_UNI">0</SimpleData>
		<SimpleData name="TIPOGEOM">1</SimpleData>
		<SimpleData name="GLOBALID">{3575285B-789F-42F3-8ADD-74ADE1390351}</SimpleData>
		<SimpleData name="SALAREUNI">0</SimpleData>
		<SimpleData name="PLAYAARTIF">0</SimpleData>
		<SimpleData name="PASEOCOSTE">0</SimpleData>
		<SimpleData name="ESTADOGRAL">MUY BUENO</SimpleData>
		<SimpleData name="GRUAOPESC">0</SimpleData>
		<SimpleData name="LONSALAADM">0</SimpleData>
		<SimpleData name="LONSALVENT">0</SimpleData>
		<SimpleData name="SALAPROC">0</SimpleData>
		<SimpleData name="AREABODEGA">0</SimpleData>
		<SimpleData name="AREACAFRI">0</SimpleData>
		<SimpleData name="AREAREFUG">1</SimpleData>
		<SimpleData name="AREAGALPON">0</SimpleData>
		<SimpleData name="PROGRAMA">CONEXIÓN</SimpleData>
		<SimpleData name="IMAGEN">http://colabora.mop.gov.cl/sites/dop/dptopl/dp/Documentos%20compartidos/Imágenes%20para%20el%20Modelo%20de%20Datos/9-%20ARAUCANÍA/09-27.JPG</SimpleData>
		<SimpleData name="MXLOCATION">09116-10</SimpleData>
		<SimpleData name="MXSITEID">DOP</SimpleData>
		<SimpleData name="COD_REG">0</SimpleData>
	</SchemaData></ExtendedData>
      <Point><coordinates>-73.279103216,-38.832328719</coordinates></Point>
  </Placemark>
  <Placemark id="infraestructura_portuaria.79">
	<ExtendedData><SchemaData schemaUrl="#infraestructura_portuaria">
		<SimpleData name="OBJECTID_1">79</SimpleData>
		<SimpleData name="OBJECTID">2589</SimpleData>
		<SimpleData name="CODOBRA">09-26</SimpleData>
		<SimpleData name="TIPOOBRA">10</SimpleData>
		<SimpleData name="DESCOBRA">RAMPA PUAUCHO BAJO</SimpleData>
		<SimpleData name="CODCOMUNA">SAAVEDRA</SimpleData>
		<SimpleData name="LONMUROS">68</SimpleData>
		<SimpleData name="LONESCOLLE">0</SimpleData>
		<SimpleData name="LONMUELLE">0</SimpleData>
		<SimpleData name="LONRAMPCO">0</SimpleData>
		<SimpleData name="LONRAMPA">41</SimpleData>
		<SimpleData name="LONRAMPAVA">0</SimpleData>
		<SimpleData name="LONPONTON">0</SimpleData>
		<SimpleData name="LONCAMIAC">28</SimpleData>
		<SimpleData name="AREAEXPLAN">0</SimpleData>
		<SimpleData name="BOXUNI">0</SimpleData>
		<SimpleData name="BANO_UNI">0</SimpleData>
		<SimpleData name="TIPOGEOM">1</SimpleData>
		<SimpleData name="GLOBALID">{DCABED55-1ED8-4C61-B7CB-DC2865BF3137}</SimpleData>
		<SimpleData name="SALAREUNI">0</SimpleData>
		<SimpleData name="PLAYAARTIF">0</SimpleData>
		<SimpleData name="PASEOCOSTE">0</SimpleData>
		<SimpleData name="ESTADOGRAL">MUY BUENO</SimpleData>
		<SimpleData name="GRUAOPESC">0</SimpleData>
		<SimpleData name="LONSALAADM">0</SimpleData>
		<SimpleData name="LONSALVENT">0</SimpleData>
		<SimpleData name="SALAPROC">0</SimpleData>
		<SimpleData name="AREABODEGA">0</SimpleData>
		<SimpleData name="AREACAFRI">0</SimpleData>
		<SimpleData name="AREAREFUG">1</SimpleData>
		<SimpleData name="AREAGALPON">0</SimpleData>
		<SimpleData name="PROGRAMA">CONEXIÓN</SimpleData>
		<SimpleData name="IMAGEN">http://colabora.mop.gov.cl/sites/dop/dptopl/dp/Documentos%20compartidos/Imágenes%20para%20el%20Modelo%20de%20Datos/9-%20ARAUCANÍA/09-26.JPG</SimpleData>
		<SimpleData name="MXLOCATION">09116-09</SimpleData>
		<SimpleData name="MXSITEID">DOP</SimpleData>
		<SimpleData name="COD_REG">0</SimpleData>
	</SchemaData></ExtendedData>
      <Point><coordinates>-73.314340143,-38.93722537</coordinates></Point>
  </Placemark>
  <Placemark id="infraestructura_portuaria.80">
	<ExtendedData><SchemaData schemaUrl="#infraestructura_portuaria">
		<SimpleData name="OBJECTID_1">80</SimpleData>
		<SimpleData name="OBJECTID">2590</SimpleData>
		<SimpleData name="CODOBRA">09-25</SimpleData>
		<SimpleData name="TIPOOBRA">10</SimpleData>
		<SimpleData name="DESCOBRA">RAMPA HUAPIBUDI</SimpleData>
		<SimpleData name="CODCOMUNA">SAAVEDRA</SimpleData>
		<SimpleData name="LONMUROS">54</SimpleData>
		<SimpleData name="LONESCOLLE">0</SimpleData>
		<SimpleData name="LONMUELLE">0</SimpleData>
		<SimpleData name="LONRAMPCO">0</SimpleData>
		<SimpleData name="LONRAMPA">41</SimpleData>
		<SimpleData name="LONRAMPAVA">0</SimpleData>
		<SimpleData name="LONPONTON">0</SimpleData>
		<SimpleData name="LONCAMIAC">18</SimpleData>
		<SimpleData name="AREAEXPLAN">0</SimpleData>
		<SimpleData name="BOXUNI">0</SimpleData>
		<SimpleData name="BANO_UNI">0</SimpleData>
		<SimpleData name="TIPOGEOM">1</SimpleData>
		<SimpleData name="GLOBALID">{4139687D-7307-45D1-814D-116A45055869}</SimpleData>
		<SimpleData name="SALAREUNI">0</SimpleData>
		<SimpleData name="PLAYAARTIF">0</SimpleData>
		<SimpleData name="PASEOCOSTE">0</SimpleData>
		<SimpleData name="ESTADOGRAL">MUY BUENO</SimpleData>
		<SimpleData name="GRUAOPESC">0</SimpleData>
		<SimpleData name="LONSALAADM">0</SimpleData>
		<SimpleData name="LONSALVENT">0</SimpleData>
		<SimpleData name="SALAPROC">0</SimpleData>
		<SimpleData name="AREABODEGA">0</SimpleData>
		<SimpleData name="AREACAFRI">0</SimpleData>
		<SimpleData name="AREAREFUG">1</SimpleData>
		<SimpleData name="AREAGALPON">0</SimpleData>
		<SimpleData name="PROGRAMA">CONEXIÓN</SimpleData>
		<SimpleData name="IMAGEN">http://colabora.mop.gov.cl/sites/dop/dptopl/dp/Documentos%20compartidos/Imágenes%20para%20el%20Modelo%20de%20Datos/9-%20ARAUCANÍA/09-25.JPG</SimpleData>
		<SimpleData name="MXLOCATION">09116-08</SimpleData>
		<SimpleData name="MXSITEID">DOP</SimpleData>
		<SimpleData name="COD_REG">0</SimpleData>
	</SchemaData></ExtendedData>
      <Point><coordinates>-73.298250459,-38.851197081</coordinates></Point>
  </Placemark>
  <Placemark id="infraestructura_portuaria.81">
	<ExtendedData><SchemaData schemaUrl="#infraestructura_portuaria">
		<SimpleData name="OBJECTID_1">81</SimpleData>
		<SimpleData name="OBJECTID">2591</SimpleData>
		<SimpleData name="CODOBRA">09-24</SimpleData>
		<SimpleData name="TIPOOBRA">10</SimpleData>
		<SimpleData name="DESCOBRA">RAMPA SANTA MARIA</SimpleData>
		<SimpleData name="CODCOMUNA">SAAVEDRA</SimpleData>
		<SimpleData name="LONMUROS">70</SimpleData>
		<SimpleData name="LONESCOLLE">0</SimpleData>
		<SimpleData name="LONMUELLE">0</SimpleData>
		<SimpleData name="LONRAMPCO">0</SimpleData>
		<SimpleData name="LONRAMPA">42</SimpleData>
		<SimpleData name="LONRAMPAVA">0</SimpleData>
		<SimpleData name="LONPONTON">0</SimpleData>
		<SimpleData name="LONCAMIAC">32</SimpleData>
		<SimpleData name="AREAEXPLAN">0</SimpleData>
		<SimpleData name="BOXUNI">0</SimpleData>
		<SimpleData name="BANO_UNI">0</SimpleData>
		<SimpleData name="TIPOGEOM">1</SimpleData>
		<SimpleData name="GLOBALID">{9349BB5A-8A81-4EAB-8E88-041A765BBCAF}</SimpleData>
		<SimpleData name="SALAREUNI">0</SimpleData>
		<SimpleData name="PLAYAARTIF">0</SimpleData>
		<SimpleData name="PASEOCOSTE">0</SimpleData>
		<SimpleData name="ESTADOGRAL">MUY BUENO</SimpleData>
		<SimpleData name="GRUAOPESC">0</SimpleData>
		<SimpleData name="LONSALAADM">0</SimpleData>
		<SimpleData name="LONSALVENT">0</SimpleData>
		<SimpleData name="SALAPROC">0</SimpleData>
		<SimpleData name="AREABODEGA">0</SimpleData>
		<SimpleData name="AREACAFRI">0</SimpleData>
		<SimpleData name="AREAREFUG">1</SimpleData>
		<SimpleData name="AREAGALPON">0</SimpleData>
		<SimpleData name="PROGRAMA">CONEXIÓN</SimpleData>
		<SimpleData name="IMAGEN">http://colabora.mop.gov.cl/sites/dop/dptopl/dp/Documentos%20compartidos/Imágenes%20para%20el%20Modelo%20de%20Datos/9-%20ARAUCANÍA/09-24.JPG</SimpleData>
		<SimpleData name="MXLOCATION">09116-07</SimpleData>
		<SimpleData name="MXSITEID">DOP</SimpleData>
		<SimpleData name="COD_REG">0</SimpleData>
	</SchemaData></ExtendedData>
      <Point><coordinates>-73.317274525,-38.890595165</coordinates></Point>
  </Placemark>
  <Placemark id="infraestructura_portuaria.82">
	<ExtendedData><SchemaData schemaUrl="#infraestructura_portuaria">
		<SimpleData name="OBJECTID_1">82</SimpleData>
		<SimpleData name="OBJECTID">2592</SimpleData>
		<SimpleData name="CODOBRA">09-23</SimpleData>
		<SimpleData name="TIPOOBRA">10</SimpleData>
		<SimpleData name="DESCOBRA">RAMPA ISLA LLEPO</SimpleData>
		<SimpleData name="CODCOMUNA">SAAVEDRA</SimpleData>
		<SimpleData name="LONMUROS">43</SimpleData>
		<SimpleData name="LONESCOLLE">0</SimpleData>
		<SimpleData name="LONMUELLE">0</SimpleData>
		<SimpleData name="LONRAMPCO">0</SimpleData>
		<SimpleData name="LONRAMPA">42</SimpleData>
		<SimpleData name="LONRAMPAVA">0</SimpleData>
		<SimpleData name="LONPONTON">0</SimpleData>
		<SimpleData name="LONCAMIAC">14</SimpleData>
		<SimpleData name="AREAEXPLAN">0</SimpleData>
		<SimpleData name="BOXUNI">0</SimpleData>
		<SimpleData name="BANO_UNI">0</SimpleData>
		<SimpleData name="TIPOGEOM">1</SimpleData>
		<SimpleData name="GLOBALID">{707548D4-D66F-4E44-B35D-A3565555206A}</SimpleData>
		<SimpleData name="SALAREUNI">0</SimpleData>
		<SimpleData name="PLAYAARTIF">0</SimpleData>
		<SimpleData name="PASEOCOSTE">0</SimpleData>
		<SimpleData name="ESTADOGRAL">MUY BUENO</SimpleData>
		<SimpleData name="GRUAOPESC">0</SimpleData>
		<SimpleData name="LONSALAADM">0</SimpleData>
		<SimpleData name="LONSALVENT">0</SimpleData>
		<SimpleData name="SALAPROC">0</SimpleData>
		<SimpleData name="AREABODEGA">0</SimpleData>
		<SimpleData name="AREACAFRI">0</SimpleData>
		<SimpleData name="AREAREFUG">1</SimpleData>
		<SimpleData name="AREAGALPON">0</SimpleData>
		<SimpleData name="PROGRAMA">CONEXIÓN</SimpleData>
		<SimpleData name="IMAGEN">http://colabora.mop.gov.cl/sites/dop/dptopl/dp/Documentos%20compartidos/Imágenes%20para%20el%20Modelo%20de%20Datos/9-%20ARAUCANÍA/09-23.JPG</SimpleData>
		<SimpleData name="MXLOCATION">09116-06</SimpleData>
		<SimpleData name="MXSITEID">DOP</SimpleData>
		<SimpleData name="COD_REG">0</SimpleData>
	</SchemaData></ExtendedData>
      <Point><coordinates>-73.327058418,-38.8617382219999</coordinates></Point>
  </Placemark>
  <Placemark id="infraestructura_portuaria.83">
	<ExtendedData><SchemaData schemaUrl="#infraestructura_portuaria">
		<SimpleData name="OBJECTID_1">83</SimpleData>
		<SimpleData name="OBJECTID">2602</SimpleData>
		<SimpleData name="CODOBRA">10-092</SimpleData>
		<SimpleData name="TIPOOBRA">10</SimpleData>
		<SimpleData name="DESCOBRA">RAMPA DE QUEILEN</SimpleData>
		<SimpleData name="CODCOMUNA">QUEILÉN</SimpleData>
		<SimpleData name="LONMUROS">282</SimpleData>
		<SimpleData name="LONESCOLLE">0</SimpleData>
		<SimpleData name="LONMUELLE">0</SimpleData>
		<SimpleData name="LONRAMPCO">0</SimpleData>
		<SimpleData name="LONRAMPA">96</SimpleData>
		<SimpleData name="LONRAMPAVA">0</SimpleData>
		<SimpleData name="LONPONTON">0</SimpleData>
		<SimpleData name="LONCAMIAC">0</SimpleData>
		<SimpleData name="AREAEXPLAN">650</SimpleData>
		<SimpleData name="BOXUNI">0</SimpleData>
		<SimpleData name="BANO_UNI">0</SimpleData>
		<SimpleData name="TIPOGEOM">1</SimpleData>
		<SimpleData name="GLOBALID">{BF33806A-7F3C-4014-94D8-DCDD4839C3A4}</SimpleData>
		<SimpleData name="SALAREUNI">0</SimpleData>
		<SimpleData name="PLAYAARTIF">0</SimpleData>
		<SimpleData name="PASEOCOSTE">0</SimpleData>
		<SimpleData name="ESTADOGRAL">BUENO</SimpleData>
		<SimpleData name="GRUAOPESC">0</SimpleData>
		<SimpleData name="LONSALAADM">0</SimpleData>
		<SimpleData name="LONSALVENT">0</SimpleData>
		<SimpleData name="SALAPROC">0</SimpleData>
		<SimpleData name="AREABODEGA">0</SimpleData>
		<SimpleData name="AREACAFRI">0</SimpleData>
		<SimpleData name="AREAREFUG">1</SimpleData>
		<SimpleData name="AREAGALPON">0</SimpleData>
		<SimpleData name="PROGRAMA">CONEXIÓN</SimpleData>
		<SimpleData name="IMAGEN">http://colabora.mop.gov.cl/sites/dop/dptopl/dp/Documentos%20compartidos/Imágenes%20para%20el%20Modelo%20de%20Datos/10-%20LOS%20LAGOS/10-092.jpg</SimpleData>
		<SimpleData name="MXLOCATION">10207-36</SimpleData>
		<SimpleData name="MXSITEID">DOP</SimpleData>
		<SimpleData name="COD_REG">0</SimpleData>
	</SchemaData></ExtendedData>
      <Point><coordinates>-73.4791645889999,-42.884154463</coordinates></Point>
  </Placemark>
  <Placemark id="infraestructura_portuaria.84">
	<ExtendedData><SchemaData schemaUrl="#infraestructura_portuaria">
		<SimpleData name="OBJECTID_1">84</SimpleData>
		<SimpleData name="OBJECTID">2608</SimpleData>
		<SimpleData name="CODOBRA">10-012</SimpleData>
		<SimpleData name="TIPOOBRA">10</SimpleData>
		<SimpleData name="DESCOBRA">RAMPA LAS PAPAS DE PUERTO MONTT</SimpleData>
		<SimpleData name="CODCOMUNA">PUERTO MONTT</SimpleData>
		<SimpleData name="LONMUROS">93</SimpleData>
		<SimpleData name="LONESCOLLE">0</SimpleData>
		<SimpleData name="LONMUELLE">0</SimpleData>
		<SimpleData name="LONRAMPCO">0</SimpleData>
		<SimpleData name="LONRAMPA">81</SimpleData>
		<SimpleData name="LONRAMPAVA">0</SimpleData>
		<SimpleData name="LONPONTON">0</SimpleData>
		<SimpleData name="LONCAMIAC">0</SimpleData>
		<SimpleData name="AREAEXPLAN">0</SimpleData>
		<SimpleData name="BOXUNI">0</SimpleData>
		<SimpleData name="BANO_UNI">0</SimpleData>
		<SimpleData name="TIPOGEOM">1</SimpleData>
		<SimpleData name="GLOBALID">{F71B8DF1-7505-4E2E-89CB-8F99905DA8FA}</SimpleData>
		<SimpleData name="SALAREUNI">0</SimpleData>
		<SimpleData name="PLAYAARTIF">0</SimpleData>
		<SimpleData name="PASEOCOSTE">0</SimpleData>
		<SimpleData name="ESTADOGRAL">BUENO</SimpleData>
		<SimpleData name="GRUAOPESC">0</SimpleData>
		<SimpleData name="LONSALAADM">0</SimpleData>
		<SimpleData name="LONSALVENT">0</SimpleData>
		<SimpleData name="SALAPROC">0</SimpleData>
		<SimpleData name="AREABODEGA">0</SimpleData>
		<SimpleData name="AREACAFRI">0</SimpleData>
		<SimpleData name="AREAREFUG">1</SimpleData>
		<SimpleData name="AREAGALPON">0</SimpleData>
		<SimpleData name="PROGRAMA">CONEXIÓN</SimpleData>
		<SimpleData name="IMAGEN">http://colabora.mop.gov.cl/sites/dop/dptopl/dp/Documentos%20compartidos/Imágenes%20para%20el%20Modelo%20de%20Datos/10-%20LOS%20LAGOS/10-012.jpg</SimpleData>
		<SimpleData name="MXLOCATION">10101-105</SimpleData>
		<SimpleData name="MXSITEID">DOP</SimpleData>
		<SimpleData name="COD_REG">0</SimpleData>
	</SchemaData></ExtendedData>
      <Point><coordinates>-72.962609281,-41.484164224</coordinates></Point>
  </Placemark>
  <Placemark id="infraestructura_portuaria.85">
	<ExtendedData><SchemaData schemaUrl="#infraestructura_portuaria">
		<SimpleData name="OBJECTID_1">85</SimpleData>
		<SimpleData name="OBJECTID">2613</SimpleData>
		<SimpleData name="CODOBRA">10-117</SimpleData>
		<SimpleData name="TIPOOBRA">10</SimpleData>
		<SimpleData name="DESCOBRA">RAMPA ISLA APIAO</SimpleData>
		<SimpleData name="CODCOMUNA">QUINCHAO</SimpleData>
		<SimpleData name="LONMUROS">14</SimpleData>
		<SimpleData name="LONESCOLLE">0</SimpleData>
		<SimpleData name="LONMUELLE">0</SimpleData>
		<SimpleData name="LONRAMPCO">0</SimpleData>
		<SimpleData name="LONRAMPA">88</SimpleData>
		<SimpleData name="LONRAMPAVA">0</SimpleData>
		<SimpleData name="LONPONTON">0</SimpleData>
		<SimpleData name="LONCAMIAC">0</SimpleData>
		<SimpleData name="AREAEXPLAN">0</SimpleData>
		<SimpleData name="BOXUNI">0</SimpleData>
		<SimpleData name="BANO_UNI">0</SimpleData>
		<SimpleData name="TIPOGEOM">1</SimpleData>
		<SimpleData name="GLOBALID">{AF277F10-9493-4F39-A36C-08E41DA296F4}</SimpleData>
		<SimpleData name="SALAREUNI">0</SimpleData>
		<SimpleData name="PLAYAARTIF">0</SimpleData>
		<SimpleData name="PASEOCOSTE">0</SimpleData>
		<SimpleData name="ESTADOGRAL">BUENO</SimpleData>
		<SimpleData name="GRUAOPESC">0</SimpleData>
		<SimpleData name="LONSALAADM">1</SimpleData>
		<SimpleData name="LONSALVENT">0</SimpleData>
		<SimpleData name="SALAPROC">0</SimpleData>
		<SimpleData name="AREABODEGA">0</SimpleData>
		<SimpleData name="AREACAFRI">0</SimpleData>
		<SimpleData name="AREAREFUG">1</SimpleData>
		<SimpleData name="AREAGALPON">0</SimpleData>
		<SimpleData name="PROGRAMA">CONEXIÓN</SimpleData>
		<SimpleData name="IMAGEN">http://colabora.mop.gov.cl/sites/dop/dptopl/dp/Documentos%20compartidos/Imágenes%20para%20el%20Modelo%20de%20Datos/10-%20LOS%20LAGOS/10-117.jpg</SimpleData>
		<SimpleData name="MXLOCATION">10210-61</SimpleData>
		<SimpleData name="MXSITEID">DOP</SimpleData>
		<SimpleData name="COD_REG">0</SimpleData>
	</SchemaData></ExtendedData>
      <Point><coordinates>-73.226380701,-42.591551022</coordinates></Point>
  </Placemark>
  <Placemark id="infraestructura_portuaria.86">
	<ExtendedData><SchemaData schemaUrl="#infraestructura_portuaria">
		<SimpleData name="OBJECTID_1">86</SimpleData>
		<SimpleData name="OBJECTID">4170</SimpleData>
		<SimpleData name="TIPOOBRA">10</SimpleData>
		<SimpleData name="DESCOBRA">RAMPA EN PUERTO FUY</SimpleData>
		<SimpleData name="LONMUROS">0</SimpleData>
		<SimpleData name="LONESCOLLE">0</SimpleData>
		<SimpleData name="LONMUELLE">0</SimpleData>
		<SimpleData name="LONRAMPCO">0</SimpleData>
		<SimpleData name="LONRAMPA">0</SimpleData>
		<SimpleData name="LONRAMPAVA">0</SimpleData>
		<SimpleData name="LONPONTON">0</SimpleData>
		<SimpleData name="LONCAMIAC">0</SimpleData>
		<SimpleData name="AREAEXPLAN">0</SimpleData>
		<SimpleData name="BOXUNI">0</SimpleData>
		<SimpleData name="BANO_UNI">0</SimpleData>
		<SimpleData name="TIPOGEOM">1</SimpleData>
		<SimpleData name="GLOBALID">{9FE448FF-9C50-4EA0-B20C-B402DA9A1148}</SimpleData>
		<SimpleData name="SALAREUNI">0</SimpleData>
		<SimpleData name="PLAYAARTIF">0</SimpleData>
		<SimpleData name="PASEOCOSTE">0</SimpleData>
		<SimpleData name="ESTADOGRAL">MUY BUENO</SimpleData>
		<SimpleData name="GRUAOPESC">0</SimpleData>
		<SimpleData name="LONSALAADM">0</SimpleData>
		<SimpleData name="LONSALVENT">0</SimpleData>
		<SimpleData name="SALAPROC">0</SimpleData>
		<SimpleData name="AREABODEGA">0</SimpleData>
		<SimpleData name="AREACAFRI">0</SimpleData>
		<SimpleData name="AREAREFUG">0</SimpleData>
		<SimpleData name="AREAGALPON">0</SimpleData>
		<SimpleData name="PROGRAMA">CONEXIÓN</SimpleData>
		<SimpleData name="MXSITEID">DOP</SimpleData>
		<SimpleData name="COD_REG">0</SimpleData>
	</SchemaData></ExtendedData>
      <Point><coordinates>-71.888623335,-39.8721344419999</coordinates></Point>
  </Placemark>
  <Placemark id="infraestructura_portuaria.87">
	<ExtendedData><SchemaData schemaUrl="#infraestructura_portuaria">
		<SimpleData name="OBJECTID_1">87</SimpleData>
		<SimpleData name="OBJECTID">4171</SimpleData>
		<SimpleData name="TIPOOBRA">10</SimpleData>
		<SimpleData name="DESCOBRA">RAMPA EN PUERTO PIREHUEICO</SimpleData>
		<SimpleData name="LONMUROS">0</SimpleData>
		<SimpleData name="LONESCOLLE">0</SimpleData>
		<SimpleData name="LONMUELLE">0</SimpleData>
		<SimpleData name="LONRAMPCO">0</SimpleData>
		<SimpleData name="LONRAMPA">0</SimpleData>
		<SimpleData name="LONRAMPAVA">0</SimpleData>
		<SimpleData name="LONPONTON">0</SimpleData>
		<SimpleData name="LONCAMIAC">0</SimpleData>
		<SimpleData name="AREAEXPLAN">0</SimpleData>
		<SimpleData name="BOXUNI">0</SimpleData>
		<SimpleData name="BANO_UNI">0</SimpleData>
		<SimpleData name="TIPOGEOM">1</SimpleData>
		<SimpleData name="GLOBALID">{66D35B54-E0D5-4442-B32B-D703AFDC8691}</SimpleData>
		<SimpleData name="SALAREUNI">0</SimpleData>
		<SimpleData name="PLAYAARTIF">0</SimpleData>
		<SimpleData name="PASEOCOSTE">0</SimpleData>
		<SimpleData name="ESTADOGRAL">MUY BUENO</SimpleData>
		<SimpleData name="GRUAOPESC">0</SimpleData>
		<SimpleData name="LONSALAADM">0</SimpleData>
		<SimpleData name="LONSALVENT">0</SimpleData>
		<SimpleData name="SALAPROC">0</SimpleData>
		<SimpleData name="AREABODEGA">0</SimpleData>
		<SimpleData name="AREACAFRI">0</SimpleData>
		<SimpleData name="AREAREFUG">0</SimpleData>
		<SimpleData name="AREAGALPON">0</SimpleData>
		<SimpleData name="PROGRAMA">CONEXIÓN</SimpleData>
		<SimpleData name="MXSITEID">DOP</SimpleData>
		<SimpleData name="COD_REG">0</SimpleData>
	</SchemaData></ExtendedData>
      <Point><coordinates>-71.7224583669999,-40.024541929</coordinates></Point>
  </Placemark>
  <Placemark id="infraestructura_portuaria.88">
	<ExtendedData><SchemaData schemaUrl="#infraestructura_portuaria">
		<SimpleData name="OBJECTID_1">88</SimpleData>
		<SimpleData name="OBJECTID">4481</SimpleData>
		<SimpleData name="TIPOOBRA">10</SimpleData>
		<SimpleData name="DESCOBRA">RAMPA EL CANELO</SimpleData>
		<SimpleData name="CODCOMUNA">COCHAMO</SimpleData>
		<SimpleData name="LONMUROS">0</SimpleData>
		<SimpleData name="LONESCOLLE">0</SimpleData>
		<SimpleData name="LONMUELLE">0</SimpleData>
		<SimpleData name="LONRAMPCO">0</SimpleData>
		<SimpleData name="LONRAMPA">0</SimpleData>
		<SimpleData name="LONRAMPAVA">0</SimpleData>
		<SimpleData name="LONPONTON">0</SimpleData>
		<SimpleData name="LONCAMIAC">0</SimpleData>
		<SimpleData name="AREAEXPLAN">0</SimpleData>
		<SimpleData name="BOXUNI">0</SimpleData>
		<SimpleData name="BANO_UNI">0</SimpleData>
		<SimpleData name="TIPOGEOM">1</SimpleData>
		<SimpleData name="GLOBALID">{E4CD4F2A-2AB5-42A0-8FE1-A538C8635ED0}</SimpleData>
		<SimpleData name="SALAREUNI">0</SimpleData>
		<SimpleData name="PLAYAARTIF">0</SimpleData>
		<SimpleData name="PASEOCOSTE">0</SimpleData>
		<SimpleData name="ESTADOGRAL">MUY BUENO</SimpleData>
		<SimpleData name="GRUAOPESC">0</SimpleData>
		<SimpleData name="LONSALAADM">0</SimpleData>
		<SimpleData name="LONSALVENT">0</SimpleData>
		<SimpleData name="SALAPROC">0</SimpleData>
		<SimpleData name="AREABODEGA">0</SimpleData>
		<SimpleData name="AREACAFRI">0</SimpleData>
		<SimpleData name="AREAREFUG">0</SimpleData>
		<SimpleData name="AREAGALPON">0</SimpleData>
		<SimpleData name="PROGRAMA">CONEXIÓN</SimpleData>
		<SimpleData name="MXSITEID">DOP</SimpleData>
		<SimpleData name="COD_REG">0</SimpleData>
	</SchemaData></ExtendedData>
      <Point><coordinates>-72.1687164379999,-41.648315816</coordinates></Point>
  </Placemark>
  <Placemark id="infraestructura_portuaria.89">
	<ExtendedData><SchemaData schemaUrl="#infraestructura_portuaria">
		<SimpleData name="OBJECTID_1">89</SimpleData>
		<SimpleData name="OBJECTID">4482</SimpleData>
		<SimpleData name="TIPOOBRA">10</SimpleData>
		<SimpleData name="DESCOBRA">RAMPA EN MALDONADO</SimpleData>
		<SimpleData name="CODCOMUNA">COCHAMO</SimpleData>
		<SimpleData name="LONMUROS">0</SimpleData>
		<SimpleData name="LONESCOLLE">0</SimpleData>
		<SimpleData name="LONMUELLE">0</SimpleData>
		<SimpleData name="LONRAMPCO">0</SimpleData>
		<SimpleData name="LONRAMPA">0</SimpleData>
		<SimpleData name="LONRAMPAVA">0</SimpleData>
		<SimpleData name="LONPONTON">0</SimpleData>
		<SimpleData name="LONCAMIAC">0</SimpleData>
		<SimpleData name="AREAEXPLAN">0</SimpleData>
		<SimpleData name="BOXUNI">0</SimpleData>
		<SimpleData name="BANO_UNI">0</SimpleData>
		<SimpleData name="TIPOGEOM">1</SimpleData>
		<SimpleData name="GLOBALID">{168B140E-4C61-48C4-AB2E-F593F779D492}</SimpleData>
		<SimpleData name="SALAREUNI">0</SimpleData>
		<SimpleData name="PLAYAARTIF">0</SimpleData>
		<SimpleData name="PASEOCOSTE">0</SimpleData>
		<SimpleData name="ESTADOGRAL">MUY BUENO</SimpleData>
		<SimpleData name="GRUAOPESC">0</SimpleData>
		<SimpleData name="LONSALAADM">0</SimpleData>
		<SimpleData name="LONSALVENT">0</SimpleData>
		<SimpleData name="SALAPROC">0</SimpleData>
		<SimpleData name="AREABODEGA">0</SimpleData>
		<SimpleData name="AREACAFRI">0</SimpleData>
		<SimpleData name="AREAREFUG">0</SimpleData>
		<SimpleData name="AREAGALPON">0</SimpleData>
		<SimpleData name="PROGRAMA">CONEXIÓN</SimpleData>
		<SimpleData name="MXSITEID">DOP</SimpleData>
		<SimpleData name="COD_REG">0</SimpleData>
	</SchemaData></ExtendedData>
      <Point><coordinates>-72.1142230259999,-41.6976654979999</coordinates></Point>
  </Placemark>
  <Placemark id="infraestructura_portuaria.90">
	<ExtendedData><SchemaData schemaUrl="#infraestructura_portuaria">
		<SimpleData name="OBJECTID_1">90</SimpleData>
		<SimpleData name="OBJECTID">4484</SimpleData>
		<SimpleData name="TIPOOBRA">10</SimpleData>
		<SimpleData name="DESCOBRA">RAMPA EN INIO</SimpleData>
		<SimpleData name="LONMUROS">0</SimpleData>
		<SimpleData name="LONESCOLLE">0</SimpleData>
		<SimpleData name="LONMUELLE">0</SimpleData>
		<SimpleData name="LONRAMPCO">0</SimpleData>
		<SimpleData name="LONRAMPA">0</SimpleData>
		<SimpleData name="LONRAMPAVA">0</SimpleData>
		<SimpleData name="LONPONTON">0</SimpleData>
		<SimpleData name="LONCAMIAC">0</SimpleData>
		<SimpleData name="AREAEXPLAN">0</SimpleData>
		<SimpleData name="BOXUNI">0</SimpleData>
		<SimpleData name="BANO_UNI">0</SimpleData>
		<SimpleData name="TIPOGEOM">1</SimpleData>
		<SimpleData name="GLOBALID">{28741C40-EB4D-4EA9-BD59-F788B15777AC}</SimpleData>
		<SimpleData name="SALAREUNI">0</SimpleData>
		<SimpleData name="PLAYAARTIF">0</SimpleData>
		<SimpleData name="PASEOCOSTE">0</SimpleData>
		<SimpleData name="ESTADOGRAL">MALO</SimpleData>
		<SimpleData name="GRUAOPESC">0</SimpleData>
		<SimpleData name="LONSALAADM">0</SimpleData>
		<SimpleData name="LONSALVENT">0</SimpleData>
		<SimpleData name="SALAPROC">0</SimpleData>
		<SimpleData name="AREABODEGA">0</SimpleData>
		<SimpleData name="AREACAFRI">0</SimpleData>
		<SimpleData name="AREAREFUG">0</SimpleData>
		<SimpleData name="AREAGALPON">0</SimpleData>
		<SimpleData name="PROGRAMA">CONEXIÓN</SimpleData>
		<SimpleData name="MXSITEID">DOP</SimpleData>
		<SimpleData name="COD_REG">0</SimpleData>
	</SchemaData></ExtendedData>
      <Point><coordinates>-74.1231597189999,-43.361744599</coordinates></Point>
  </Placemark>
  <Placemark id="infraestructura_portuaria.91">
	<ExtendedData><SchemaData schemaUrl="#infraestructura_portuaria">
		<SimpleData name="OBJECTID_1">91</SimpleData>
		<SimpleData name="OBJECTID">4485</SimpleData>
		<SimpleData name="TIPOOBRA">10</SimpleData>
		<SimpleData name="DESCOBRA">RAMPA EN PALQUI</SimpleData>
		<SimpleData name="CODCOMUNA">CURACO DE VELEZ</SimpleData>
		<SimpleData name="LONMUROS">0</SimpleData>
		<SimpleData name="LONESCOLLE">0</SimpleData>
		<SimpleData name="LONMUELLE">0</SimpleData>
		<SimpleData name="LONRAMPCO">0</SimpleData>
		<SimpleData name="LONRAMPA">0</SimpleData>
		<SimpleData name="LONRAMPAVA">0</SimpleData>
		<SimpleData name="LONPONTON">0</SimpleData>
		<SimpleData name="LONCAMIAC">0</SimpleData>
		<SimpleData name="AREAEXPLAN">0</SimpleData>
		<SimpleData name="BOXUNI">0</SimpleData>
		<SimpleData name="BANO_UNI">0</SimpleData>
		<SimpleData name="TIPOGEOM">1</SimpleData>
		<SimpleData name="GLOBALID">{0D32011B-2410-4A96-8B61-E5854EF107FC}</SimpleData>
		<SimpleData name="SALAREUNI">0</SimpleData>
		<SimpleData name="PLAYAARTIF">0</SimpleData>
		<SimpleData name="PASEOCOSTE">0</SimpleData>
		<SimpleData name="ESTADOGRAL">MUY BUENO</SimpleData>
		<SimpleData name="GRUAOPESC">0</SimpleData>
		<SimpleData name="LONSALAADM">0</SimpleData>
		<SimpleData name="LONSALVENT">0</SimpleData>
		<SimpleData name="SALAPROC">0</SimpleData>
		<SimpleData name="AREABODEGA">0</SimpleData>
		<SimpleData name="AREACAFRI">0</SimpleData>
		<SimpleData name="AREAREFUG">0</SimpleData>
		<SimpleData name="AREAGALPON">0</SimpleData>
		<SimpleData name="PROGRAMA">CONEXIÓN</SimpleData>
		<SimpleData name="MXSITEID">DOP</SimpleData>
		<SimpleData name="COD_REG">0</SimpleData>
	</SchemaData></ExtendedData>
      <Point><coordinates>-73.516685694,-42.4105169769999</coordinates></Point>
  </Placemark>
  <Placemark id="infraestructura_portuaria.92">
	<ExtendedData><SchemaData schemaUrl="#infraestructura_portuaria">
		<SimpleData name="OBJECTID_1">92</SimpleData>
		<SimpleData name="OBJECTID">4487</SimpleData>
		<SimpleData name="TIPOOBRA">10</SimpleData>
		<SimpleData name="DESCOBRA">RAMPA EN LLAGUACH</SimpleData>
		<SimpleData name="LONMUROS">0</SimpleData>
		<SimpleData name="LONESCOLLE">0</SimpleData>
		<SimpleData name="LONMUELLE">0</SimpleData>
		<SimpleData name="LONRAMPCO">0</SimpleData>
		<SimpleData name="LONRAMPA">0</SimpleData>
		<SimpleData name="LONRAMPAVA">0</SimpleData>
		<SimpleData name="LONPONTON">0</SimpleData>
		<SimpleData name="LONCAMIAC">0</SimpleData>
		<SimpleData name="AREAEXPLAN">0</SimpleData>
		<SimpleData name="BOXUNI">0</SimpleData>
		<SimpleData name="BANO_UNI">0</SimpleData>
		<SimpleData name="TIPOGEOM">1</SimpleData>
		<SimpleData name="GLOBALID">{6DAC7960-BCA7-424D-95C6-1321C7732848}</SimpleData>
		<SimpleData name="SALAREUNI">0</SimpleData>
		<SimpleData name="PLAYAARTIF">0</SimpleData>
		<SimpleData name="PASEOCOSTE">0</SimpleData>
		<SimpleData name="ESTADOGRAL">MUY BUENO</SimpleData>
		<SimpleData name="GRUAOPESC">0</SimpleData>
		<SimpleData name="LONSALAADM">0</SimpleData>
		<SimpleData name="LONSALVENT">0</SimpleData>
		<SimpleData name="SALAPROC">0</SimpleData>
		<SimpleData name="AREABODEGA">0</SimpleData>
		<SimpleData name="AREACAFRI">0</SimpleData>
		<SimpleData name="AREAREFUG">0</SimpleData>
		<SimpleData name="AREAGALPON">0</SimpleData>
		<SimpleData name="PROGRAMA">CONEXIÓN</SimpleData>
		<SimpleData name="MXSITEID">DOP</SimpleData>
		<SimpleData name="COD_REG">0</SimpleData>
	</SchemaData></ExtendedData>
      <Point><coordinates>-73.276838072,-42.661222266</coordinates></Point>
  </Placemark>
  <Placemark id="infraestructura_portuaria.93">
	<ExtendedData><SchemaData schemaUrl="#infraestructura_portuaria">
		<SimpleData name="OBJECTID_1">93</SimpleData>
		<SimpleData name="OBJECTID">4488</SimpleData>
		<SimpleData name="TIPOOBRA">10</SimpleData>
		<SimpleData name="DESCOBRA">RAMPA TAUCOLON</SimpleData>
		<SimpleData name="CODCOMUNA">QUEMCHI</SimpleData>
		<SimpleData name="LONMUROS">0</SimpleData>
		<SimpleData name="LONESCOLLE">0</SimpleData>
		<SimpleData name="LONMUELLE">0</SimpleData>
		<SimpleData name="LONRAMPCO">0</SimpleData>
		<SimpleData name="LONRAMPA">0</SimpleData>
		<SimpleData name="LONRAMPAVA">0</SimpleData>
		<SimpleData name="LONPONTON">0</SimpleData>
		<SimpleData name="LONCAMIAC">0</SimpleData>
		<SimpleData name="AREAEXPLAN">0</SimpleData>
		<SimpleData name="BOXUNI">0</SimpleData>
		<SimpleData name="BANO_UNI">0</SimpleData>
		<SimpleData name="TIPOGEOM">1</SimpleData>
		<SimpleData name="GLOBALID">{FB09B9A7-84FB-4202-AA43-0E423BC59E7A}</SimpleData>
		<SimpleData name="SALAREUNI">0</SimpleData>
		<SimpleData name="PLAYAARTIF">0</SimpleData>
		<SimpleData name="PASEOCOSTE">0</SimpleData>
		<SimpleData name="ESTADOGRAL">MUY BUENO</SimpleData>
		<SimpleData name="GRUAOPESC">0</SimpleData>
		<SimpleData name="LONSALAADM">0</SimpleData>
		<SimpleData name="LONSALVENT">0</SimpleData>
		<SimpleData name="SALAPROC">0</SimpleData>
		<SimpleData name="AREABODEGA">0</SimpleData>
		<SimpleData name="AREACAFRI">0</SimpleData>
		<SimpleData name="AREAREFUG">0</SimpleData>
		<SimpleData name="AREAGALPON">0</SimpleData>
		<SimpleData name="PROGRAMA">CONEXIÓN</SimpleData>
		<SimpleData name="MXSITEID">DOP</SimpleData>
		<SimpleData name="COD_REG">0</SimpleData>
	</SchemaData></ExtendedData>
      <Point><coordinates>-73.217643019,-42.3213935969999</coordinates></Point>
  </Placemark>
  <Placemark id="infraestructura_portuaria.94">
	<ExtendedData><SchemaData schemaUrl="#infraestructura_portuaria">
		<SimpleData name="OBJECTID_1">94</SimpleData>
		<SimpleData name="OBJECTID">4801</SimpleData>
		<SimpleData name="TIPOOBRA">4</SimpleData>
		<SimpleData name="DESCOBRA">EMBARCADERO ANTIMAN</SimpleData>
		<SimpleData name="CODCOMUNA">CAUTIN</SimpleData>
		<SimpleData name="LONMUROS">0</SimpleData>
		<SimpleData name="LONESCOLLE">0</SimpleData>
		<SimpleData name="LONMUELLE">0</SimpleData>
		<SimpleData name="LONRAMPCO">0</SimpleData>
		<SimpleData name="LONRAMPA">0</SimpleData>
		<SimpleData name="LONRAMPAVA">0</SimpleData>
		<SimpleData name="LONPONTON">0</SimpleData>
		<SimpleData name="LONCAMIAC">0</SimpleData>
		<SimpleData name="AREAEXPLAN">0</SimpleData>
		<SimpleData name="BOXUNI">0</SimpleData>
		<SimpleData name="BANO_UNI">0</SimpleData>
		<SimpleData name="TIPOGEOM">1</SimpleData>
		<SimpleData name="GLOBALID">{D6741283-FB6F-4C75-A854-22E02C271CA7}</SimpleData>
		<SimpleData name="SALAREUNI">0</SimpleData>
		<SimpleData name="PLAYAARTIF">0</SimpleData>
		<SimpleData name="PASEOCOSTE">0</SimpleData>
		<SimpleData name="GRUAOPESC">0</SimpleData>
		<SimpleData name="LONSALAADM">0</SimpleData>
		<SimpleData name="LONSALVENT">0</SimpleData>
		<SimpleData name="SALAPROC">0</SimpleData>
		<SimpleData name="AREABODEGA">0</SimpleData>
		<SimpleData name="AREACAFRI">0</SimpleData>
		<SimpleData name="AREAREFUG">0</SimpleData>
		<SimpleData name="AREAGALPON">0</SimpleData>
		<SimpleData name="MXSITEID">DOP</SimpleData>
		<SimpleData name="COD_REG">0</SimpleData>
	</SchemaData></ExtendedData>
      <Point><coordinates>-73.259550831,-38.842172433</coordinates></Point>
  </Placemark>
  <Placemark id="infraestructura_portuaria.95">
	<ExtendedData><SchemaData schemaUrl="#infraestructura_portuaria">
		<SimpleData name="OBJECTID_1">95</SimpleData>
		<SimpleData name="OBJECTID">2250</SimpleData>
		<SimpleData name="CODOBRA">12-08</SimpleData>
		<SimpleData name="TIPOOBRA">1</SimpleData>
		<SimpleData name="DESCOBRA">PASEO COSTERO COSTANERA NORTE VILLA EL GOLF</SimpleData>
		<SimpleData name="CODCOMUNA">MAGALLANES</SimpleData>
		<SimpleData name="LONMUROS">185</SimpleData>
		<SimpleData name="LONESCOLLE">185</SimpleData>
		<SimpleData name="LONMUELLE">0</SimpleData>
		<SimpleData name="LONRAMPCO">0</SimpleData>
		<SimpleData name="LONRAMPA">0</SimpleData>
		<SimpleData name="LONRAMPAVA">0</SimpleData>
		<SimpleData name="LONPONTON">0</SimpleData>
		<SimpleData name="LONCAMIAC">0</SimpleData>
		<SimpleData name="AREAEXPLAN">0</SimpleData>
		<SimpleData name="BOXUNI">0</SimpleData>
		<SimpleData name="BANO_UNI">0</SimpleData>
		<SimpleData name="TIPOGEOM">1</SimpleData>
		<SimpleData name="GLOBALID">{2EDB045B-59F2-4CDF-A55C-EBE23081AE30}</SimpleData>
		<SimpleData name="SALAREUNI">0</SimpleData>
		<SimpleData name="PLAYAARTIF">0</SimpleData>
		<SimpleData name="PASEOCOSTE">0</SimpleData>
		<SimpleData name="ESTADOGRAL">MUY BUENO</SimpleData>
		<SimpleData name="GRUAOPESC">0</SimpleData>
		<SimpleData name="LONSALAADM">0</SimpleData>
		<SimpleData name="LONSALVENT">0</SimpleData>
		<SimpleData name="SALAPROC">0</SimpleData>
		<SimpleData name="AREABODEGA">0</SimpleData>
		<SimpleData name="AREACAFRI">0</SimpleData>
		<SimpleData name="AREAREFUG">0</SimpleData>
		<SimpleData name="AREAGALPON">0</SimpleData>
		<SimpleData name="PROGRAMA">PROTECCION DE RIBERA</SimpleData>
		<SimpleData name="IMAGEN">http://colabora.mop.gov.cl/sites/dop/dptopl/dp/Documentos%20compartidos/Imágenes%20para%20el%20Modelo%20de%20Datos/12-%20MAGALLANES/12-08.jpg</SimpleData>
		<SimpleData name="MXLOCATION">12101-08</SimpleData>
		<SimpleData name="MXSITEID">DOP</SimpleData>
		<SimpleData name="COD_REG">0</SimpleData>
	</SchemaData></ExtendedData>
      <Point><coordinates>-70.873165405,-53.1408054729999</coordinates></Point>
  </Placemark>
  <Placemark id="infraestructura_portuaria.96">
	<ExtendedData><SchemaData schemaUrl="#infraestructura_portuaria">
		<SimpleData name="OBJECTID_1">96</SimpleData>
		<SimpleData name="OBJECTID">1681</SimpleData>
		<SimpleData name="CODOBRA">12-17</SimpleData>
		<SimpleData name="TIPOOBRA">10</SimpleData>
		<SimpleData name="DESCOBRA">RAMPA BAHIA AZUL</SimpleData>
		<SimpleData name="CODCOMUNA">TIERRA DEL FUEGO</SimpleData>
		<SimpleData name="LONMUROS">420</SimpleData>
		<SimpleData name="LONESCOLLE">0</SimpleData>
		<SimpleData name="LONMUELLE">0</SimpleData>
		<SimpleData name="LONRAMPCO">60</SimpleData>
		<SimpleData name="LONRAMPA">60</SimpleData>
		<SimpleData name="LONRAMPAVA">0</SimpleData>
		<SimpleData name="LONPONTON">0</SimpleData>
		<SimpleData name="LONCAMIAC">350</SimpleData>
		<SimpleData name="AREAEXPLAN">3500</SimpleData>
		<SimpleData name="BOXUNI">0</SimpleData>
		<SimpleData name="BANO_UNI">0</SimpleData>
		<SimpleData name="TIPOGEOM">1</SimpleData>
		<SimpleData name="GLOBALID">{F7D9B555-30E3-4627-8CB6-49C772633C89}</SimpleData>
		<SimpleData name="SALAREUNI">0</SimpleData>
		<SimpleData name="PLAYAARTIF">0</SimpleData>
		<SimpleData name="PASEOCOSTE">0</SimpleData>
		<SimpleData name="ESTADOGRAL">MUY BUENO</SimpleData>
		<SimpleData name="GRUAOPESC">0</SimpleData>
		<SimpleData name="LONSALAADM">0</SimpleData>
		<SimpleData name="LONSALVENT">0</SimpleData>
		<SimpleData name="SALAPROC">0</SimpleData>
		<SimpleData name="AREABODEGA">0</SimpleData>
		<SimpleData name="AREACAFRI">0</SimpleData>
		<SimpleData name="AREAREFUG">0</SimpleData>
		<SimpleData name="AREAGALPON">0</SimpleData>
		<SimpleData name="PROGRAMA">CONEXIÓN</SimpleData>
		<SimpleData name="IMAGEN">http://colabora.mop.gov.cl/sites/dop/dptopl/dp/Documentos%20compartidos/Imágenes%20para%20el%20Modelo%20de%20Datos/12-%20MAGALLANES/12-17.jpg</SimpleData>
		<SimpleData name="MXLOCATION">12302-17</SimpleData>
		<SimpleData name="MXSITEID">DOP</SimpleData>
		<SimpleData name="COD_REG">0</SimpleData>
	</SchemaData></ExtendedData>
      <Point><coordinates>-69.524566276,-52.493540576</coordinates></Point>
  </Placemark>
  <Placemark id="infraestructura_portuaria.97">
	<ExtendedData><SchemaData schemaUrl="#infraestructura_portuaria">
		<SimpleData name="OBJECTID_1">97</SimpleData>
		<SimpleData name="OBJECTID">2245</SimpleData>
		<SimpleData name="CODOBRA">03-03</SimpleData>
		<SimpleData name="TIPOOBRA">1</SimpleData>
		<SimpleData name="DESCOBRA">PASEO COSTERO WHEELWRIGHT CALDERA</SimpleData>
		<SimpleData name="CODCOMUNA">CALDERA</SimpleData>
		<SimpleData name="LONMUROS">236</SimpleData>
		<SimpleData name="LONESCOLLE">0</SimpleData>
		<SimpleData name="LONMUELLE">0</SimpleData>
		<SimpleData name="LONRAMPCO">0</SimpleData>
		<SimpleData name="LONRAMPA">0</SimpleData>
		<SimpleData name="LONRAMPAVA">0</SimpleData>
		<SimpleData name="LONPONTON">0</SimpleData>
		<SimpleData name="LONCAMIAC">0</SimpleData>
		<SimpleData name="AREAEXPLAN">0</SimpleData>
		<SimpleData name="BOXUNI">0</SimpleData>
		<SimpleData name="BANO_UNI">6</SimpleData>
		<SimpleData name="TIPOGEOM">1</SimpleData>
		<SimpleData name="GLOBALID">{5DEAF827-38D5-4A77-942A-3B230084B3E8}</SimpleData>
		<SimpleData name="SALAREUNI">0</SimpleData>
		<SimpleData name="PLAYAARTIF">0</SimpleData>
		<SimpleData name="PASEOCOSTE">300</SimpleData>
		<SimpleData name="ESTADOGRAL">MUY BUENO</SimpleData>
		<SimpleData name="GRUAOPESC">0</SimpleData>
		<SimpleData name="LONSALAADM">0</SimpleData>
		<SimpleData name="LONSALVENT">0</SimpleData>
		<SimpleData name="SALAPROC">0</SimpleData>
		<SimpleData name="AREABODEGA">0</SimpleData>
		<SimpleData name="AREACAFRI">0</SimpleData>
		<SimpleData name="AREAREFUG">0</SimpleData>
		<SimpleData name="AREAGALPON">0</SimpleData>
		<SimpleData name="PROGRAMA">MEJORAMIENTO DE BORDE COSTERO</SimpleData>
		<SimpleData name="IMAGEN">http://colabora.mop.gov.cl/sites/dop/dptopl/dp/Documentos%20compartidos/Imágenes%20para%20el%20Modelo%20de%20Datos/3-%20ATACAMA/3-03.jpg</SimpleData>
		<SimpleData name="MXSITEID">DOP</SimpleData>
		<SimpleData name="COD_REG">0</SimpleData>
	</SchemaData></ExtendedData>
      <Point><coordinates>-70.82460423,-27.065841276</coordinates></Point>
  </Placemark>
  <Placemark id="infraestructura_portuaria.98">
	<ExtendedData><SchemaData schemaUrl="#infraestructura_portuaria">
		<SimpleData name="OBJECTID_1">98</SimpleData>
		<SimpleData name="OBJECTID">2248</SimpleData>
		<SimpleData name="CODOBRA">04-11</SimpleData>
		<SimpleData name="TIPOOBRA">1</SimpleData>
		<SimpleData name="DESCOBRA">BORDE COSTERO DE GUANAQUEROS</SimpleData>
		<SimpleData name="CODCOMUNA">COQUIMBO</SimpleData>
		<SimpleData name="LONMUROS">155</SimpleData>
		<SimpleData name="LONESCOLLE">155</SimpleData>
		<SimpleData name="LONMUELLE">0</SimpleData>
		<SimpleData name="LONRAMPCO">0</SimpleData>
		<SimpleData name="LONRAMPA">0</SimpleData>
		<SimpleData name="LONRAMPAVA">0</SimpleData>
		<SimpleData name="LONPONTON">0</SimpleData>
		<SimpleData name="LONCAMIAC">0</SimpleData>
		<SimpleData name="AREAEXPLAN">0</SimpleData>
		<SimpleData name="BOXUNI">0</SimpleData>
		<SimpleData name="BANO_UNI">0</SimpleData>
		<SimpleData name="TIPOGEOM">1</SimpleData>
		<SimpleData name="GLOBALID">{47B6E2A7-DC1D-475C-BEE2-5FB084339CDE}</SimpleData>
		<SimpleData name="SALAREUNI">0</SimpleData>
		<SimpleData name="PLAYAARTIF">0</SimpleData>
		<SimpleData name="PASEOCOSTE">193</SimpleData>
		<SimpleData name="ESTADOGRAL">MUY BUENO</SimpleData>
		<SimpleData name="GRUAOPESC">0</SimpleData>
		<SimpleData name="LONSALAADM">0</SimpleData>
		<SimpleData name="LONSALVENT">0</SimpleData>
		<SimpleData name="SALAPROC">0</SimpleData>
		<SimpleData name="AREABODEGA">0</SimpleData>
		<SimpleData name="AREACAFRI">0</SimpleData>
		<SimpleData name="AREAREFUG">0</SimpleData>
		<SimpleData name="AREAGALPON">0</SimpleData>
		<SimpleData name="PROGRAMA">MEJORAMIENTO DE BORDE COSTERO</SimpleData>
		<SimpleData name="IMAGEN">http://colabora.mop.gov.cl/sites/dop/dptopl/dp/Documentos%20compartidos/Imágenes%20para%20el%20Modelo%20de%20Datos/4-%20COQUIMBO/4-11.jpg</SimpleData>
		<SimpleData name="MXLOCATION">04102-14</SimpleData>
		<SimpleData name="MXSITEID">DOP</SimpleData>
		<SimpleData name="COD_REG">0</SimpleData>
	</SchemaData></ExtendedData>
      <Point><coordinates>-71.431004489,-30.193752881</coordinates></Point>
  </Placemark>
  <Placemark id="infraestructura_portuaria.99">
	<ExtendedData><SchemaData schemaUrl="#infraestructura_portuaria">
		<SimpleData name="OBJECTID_1">99</SimpleData>
		<SimpleData name="OBJECTID">2251</SimpleData>
		<SimpleData name="CODOBRA">06-03</SimpleData>
		<SimpleData name="TIPOOBRA">1</SimpleData>
		<SimpleData name="DESCOBRA">BORDE COSTERO DE MATANZA</SimpleData>
		<SimpleData name="CODCOMUNA">NAVIDAD</SimpleData>
		<SimpleData name="LONMUROS">248</SimpleData>
		<SimpleData name="LONESCOLLE">0</SimpleData>
		<SimpleData name="LONMUELLE">0</SimpleData>
		<SimpleData name="LONRAMPCO">0</SimpleData>
		<SimpleData name="LONRAMPA">0</SimpleData>
		<SimpleData name="LONRAMPAVA">0</SimpleData>
		<SimpleData name="LONPONTON">0</SimpleData>
		<SimpleData name="LONCAMIAC">0</SimpleData>
		<SimpleData name="AREAEXPLAN">0</SimpleData>
		<SimpleData name="BOXUNI">0</SimpleData>
		<SimpleData name="BANO_UNI">0</SimpleData>
		<SimpleData name="TIPOGEOM">1</SimpleData>
		<SimpleData name="GLOBALID">{4E1ADBEB-CE87-4795-9824-27D0A55E1705}</SimpleData>
		<SimpleData name="SALAREUNI">0</SimpleData>
		<SimpleData name="PLAYAARTIF">0</SimpleData>
		<SimpleData name="PASEOCOSTE">245</SimpleData>
		<SimpleData name="ESTADOGRAL">MUY BUENO</SimpleData>
		<SimpleData name="GRUAOPESC">0</SimpleData>
		<SimpleData name="LONSALAADM">0</SimpleData>
		<SimpleData name="LONSALVENT">0</SimpleData>
		<SimpleData name="SALAPROC">0</SimpleData>
		<SimpleData name="AREABODEGA">0</SimpleData>
		<SimpleData name="AREACAFRI">0</SimpleData>
		<SimpleData name="AREAREFUG">0</SimpleData>
		<SimpleData name="AREAGALPON">0</SimpleData>
		<SimpleData name="PROGRAMA">MEJORAMIENTO DE BORDE COSTERO</SimpleData>
		<SimpleData name="IMAGEN">http://colabora.mop.gov.cl/sites/dop/dptopl/dp/Documentos%20compartidos/Imágenes%20para%20el%20Modelo%20de%20Datos/6-%20OHIGGINS/6-03.jpg</SimpleData>
		<SimpleData name="MXLOCATION">06205-04</SimpleData>
		<SimpleData name="MXSITEID">DOP</SimpleData>
		<SimpleData name="COD_REG">0</SimpleData>
	</SchemaData></ExtendedData>
      <Point><coordinates>-71.874749149,-33.9623242709999</coordinates></Point>
  </Placemark>
  <Placemark id="infraestructura_portuaria.100">
	<ExtendedData><SchemaData schemaUrl="#infraestructura_portuaria">
		<SimpleData name="OBJECTID_1">100</SimpleData>
		<SimpleData name="OBJECTID">2252</SimpleData>
		<SimpleData name="CODOBRA">08-12</SimpleData>
		<SimpleData name="TIPOOBRA">1</SimpleData>
		<SimpleData name="DESCOBRA">BORDE COSTERO TOME</SimpleData>
		<SimpleData name="CODCOMUNA">TOMÉ</SimpleData>
		<SimpleData name="LONMUROS">358</SimpleData>
		<SimpleData name="LONESCOLLE">23</SimpleData>
		<SimpleData name="LONMUELLE">0</SimpleData>
		<SimpleData name="LONRAMPCO">0</SimpleData>
		<SimpleData name="LONRAMPA">0</SimpleData>
		<SimpleData name="LONRAMPAVA">0</SimpleData>
		<SimpleData name="LONPONTON">0</SimpleData>
		<SimpleData name="LONCAMIAC">202</SimpleData>
		<SimpleData name="AREAEXPLAN">798</SimpleData>
		<SimpleData name="BOXUNI">0</SimpleData>
		<SimpleData name="BANO_UNI">0</SimpleData>
		<SimpleData name="TIPOGEOM">1</SimpleData>
		<SimpleData name="GLOBALID">{C95F3A22-4FCA-4E71-8699-8CE370323B80}</SimpleData>
		<SimpleData name="SALAREUNI">0</SimpleData>
		<SimpleData name="PLAYAARTIF">0</SimpleData>
		<SimpleData name="PASEOCOSTE">350</SimpleData>
		<SimpleData name="ESTADOGRAL">MUY BUENO</SimpleData>
		<SimpleData name="GRUAOPESC">0</SimpleData>
		<SimpleData name="LONSALAADM">0</SimpleData>
		<SimpleData name="LONSALVENT">0</SimpleData>
		<SimpleData name="SALAPROC">0</SimpleData>
		<SimpleData name="AREABODEGA">0</SimpleData>
		<SimpleData name="AREACAFRI">0</SimpleData>
		<SimpleData name="AREAREFUG">0</SimpleData>
		<SimpleData name="AREAGALPON">0</SimpleData>
		<SimpleData name="PROGRAMA">MEJORAMIENTO DE BORDE COSTERO</SimpleData>
		<SimpleData name="IMAGEN">http://colabora.mop.gov.cl/sites/dop/dptopl/dp/Documentos%20compartidos/Imágenes%20para%20el%20Modelo%20de%20Datos/8-%20BIOBIO/08-12.JPG</SimpleData>
		<SimpleData name="MXLOCATION">08111-32</SimpleData>
		<SimpleData name="MXSITEID">DOP</SimpleData>
		<SimpleData name="COD_REG">0</SimpleData>
	</SchemaData></ExtendedData>
      <Point><coordinates>-72.957297221,-36.6348540349999</coordinates></Point>
  </Placemark>
  <Placemark id="infraestructura_portuaria.101">
	<ExtendedData><SchemaData schemaUrl="#infraestructura_portuaria">
		<SimpleData name="OBJECTID_1">101</SimpleData>
		<SimpleData name="OBJECTID">2254</SimpleData>
		<SimpleData name="CODOBRA">10-021</SimpleData>
		<SimpleData name="TIPOOBRA">1</SimpleData>
		<SimpleData name="DESCOBRA">PASEO COSTERO MUELLE PEDRAPLEN</SimpleData>
		<SimpleData name="CODCOMUNA">PUERTO VARAS</SimpleData>
		<SimpleData name="LONMUROS">35</SimpleData>
		<SimpleData name="LONESCOLLE">155</SimpleData>
		<SimpleData name="LONMUELLE">9</SimpleData>
		<SimpleData name="LONRAMPCO">0</SimpleData>
		<SimpleData name="LONRAMPA">0</SimpleData>
		<SimpleData name="LONRAMPAVA">0</SimpleData>
		<SimpleData name="LONPONTON">0</SimpleData>
		<SimpleData name="LONCAMIAC">0</SimpleData>
		<SimpleData name="AREAEXPLAN">0</SimpleData>
		<SimpleData name="BOXUNI">0</SimpleData>
		<SimpleData name="BANO_UNI">0</SimpleData>
		<SimpleData name="TIPOGEOM">1</SimpleData>
		<SimpleData name="GLOBALID">{75ACAE8E-0676-48F5-917F-D06565C1209F}</SimpleData>
		<SimpleData name="SALAREUNI">0</SimpleData>
		<SimpleData name="PLAYAARTIF">0</SimpleData>
		<SimpleData name="PASEOCOSTE">187</SimpleData>
		<SimpleData name="ESTADOGRAL">REGULAR</SimpleData>
		<SimpleData name="GRUAOPESC">0</SimpleData>
		<SimpleData name="LONSALAADM">0</SimpleData>
		<SimpleData name="LONSALVENT">0</SimpleData>
		<SimpleData name="SALAPROC">0</SimpleData>
		<SimpleData name="AREABODEGA">0</SimpleData>
		<SimpleData name="AREACAFRI">0</SimpleData>
		<SimpleData name="AREAREFUG">0</SimpleData>
		<SimpleData name="AREAGALPON">0</SimpleData>
		<SimpleData name="PROGRAMA">MEJORAMIENTO DE BORDE COSTERO</SimpleData>
		<SimpleData name="IMAGEN">http://colabora.mop.gov.cl/sites/dop/dptopl/dp/Documentos%20compartidos/Imágenes%20para%20el%20Modelo%20de%20Datos/10-%20LOS%20LAGOS/10-021.jpg</SimpleData>
		<SimpleData name="MXLOCATION">10109-114</SimpleData>
		<SimpleData name="MXSITEID">DOP</SimpleData>
		<SimpleData name="COD_REG">0</SimpleData>
	</SchemaData></ExtendedData>
      <Point><coordinates>-72.9815270399999,-41.317021742</coordinates></Point>
  </Placemark>
  <Placemark id="infraestructura_portuaria.102">
	<ExtendedData><SchemaData schemaUrl="#infraestructura_portuaria">
		<SimpleData name="OBJECTID_1">102</SimpleData>
		<SimpleData name="OBJECTID">2256</SimpleData>
		<SimpleData name="CODOBRA">08-07</SimpleData>
		<SimpleData name="TIPOOBRA">1</SimpleData>
		<SimpleData name="DESCOBRA">BORDE COSTERO COCHOLGÜE CALETA CHICA</SimpleData>
		<SimpleData name="CODCOMUNA">TOMÉ</SimpleData>
		<SimpleData name="LONMUROS">159</SimpleData>
		<SimpleData name="LONESCOLLE">0</SimpleData>
		<SimpleData name="LONMUELLE">0</SimpleData>
		<SimpleData name="LONRAMPCO">0</SimpleData>
		<SimpleData name="LONRAMPA">0</SimpleData>
		<SimpleData name="LONRAMPAVA">0</SimpleData>
		<SimpleData name="LONPONTON">0</SimpleData>
		<SimpleData name="LONCAMIAC">0</SimpleData>
		<SimpleData name="AREAEXPLAN">0</SimpleData>
		<SimpleData name="BOXUNI">0</SimpleData>
		<SimpleData name="BANO_UNI">0</SimpleData>
		<SimpleData name="TIPOGEOM">1</SimpleData>
		<SimpleData name="GLOBALID">{3203C501-6EDF-401D-BD54-B7A8109A178C}</SimpleData>
		<SimpleData name="SALAREUNI">0</SimpleData>
		<SimpleData name="PLAYAARTIF">0</SimpleData>
		<SimpleData name="PASEOCOSTE">130</SimpleData>
		<SimpleData name="ESTADOGRAL">REGULAR</SimpleData>
		<SimpleData name="GRUAOPESC">0</SimpleData>
		<SimpleData name="LONSALAADM">0</SimpleData>
		<SimpleData name="LONSALVENT">0</SimpleData>
		<SimpleData name="SALAPROC">0</SimpleData>
		<SimpleData name="AREABODEGA">0</SimpleData>
		<SimpleData name="AREACAFRI">0</SimpleData>
		<SimpleData name="AREAREFUG">0</SimpleData>
		<SimpleData name="AREAGALPON">0</SimpleData>
		<SimpleData name="PROGRAMA">MEJORAMIENTO DE BORDE COSTERO</SimpleData>
		<SimpleData name="IMAGEN">http://colabora.mop.gov.cl/sites/dop/dptopl/dp/Documentos%20compartidos/Imágenes%20para%20el%20Modelo%20de%20Datos/8-%20BIOBIO/08-07.JPG</SimpleData>
		<SimpleData name="MXLOCATION">08111-27</SimpleData>
		<SimpleData name="MXSITEID">DOP</SimpleData>
		<SimpleData name="COD_REG">0</SimpleData>
	</SchemaData></ExtendedData>
      <Point><coordinates>-72.977054306,-36.596915904</coordinates></Point>
  </Placemark>
  <Placemark id="infraestructura_portuaria.103">
	<ExtendedData><SchemaData schemaUrl="#infraestructura_portuaria">
		<SimpleData name="OBJECTID_1">103</SimpleData>
		<SimpleData name="OBJECTID">2561</SimpleData>
		<SimpleData name="CODOBRA">06-07</SimpleData>
		<SimpleData name="TIPOOBRA">1</SimpleData>
		<SimpleData name="DESCOBRA">BORDE COSTERO BUCALEMU</SimpleData>
		<SimpleData name="CODCOMUNA">CARDENAL CARO</SimpleData>
		<SimpleData name="LONMUROS">258</SimpleData>
		<SimpleData name="LONESCOLLE">78</SimpleData>
		<SimpleData name="LONMUELLE">0</SimpleData>
		<SimpleData name="LONRAMPCO">0</SimpleData>
		<SimpleData name="LONRAMPA">0</SimpleData>
		<SimpleData name="LONRAMPAVA">0</SimpleData>
		<SimpleData name="LONPONTON">0</SimpleData>
		<SimpleData name="LONCAMIAC">0</SimpleData>
		<SimpleData name="AREAEXPLAN">0</SimpleData>
		<SimpleData name="BOXUNI">0</SimpleData>
		<SimpleData name="BANO_UNI">0</SimpleData>
		<SimpleData name="TIPOGEOM">1</SimpleData>
		<SimpleData name="GLOBALID">{2E328494-C1E0-4FB7-AD15-913A08F535F3}</SimpleData>
		<SimpleData name="SALAREUNI">0</SimpleData>
		<SimpleData name="PLAYAARTIF">0</SimpleData>
		<SimpleData name="PASEOCOSTE">284</SimpleData>
		<SimpleData name="ESTADOGRAL">MUY BUENO</SimpleData>
		<SimpleData name="GRUAOPESC">0</SimpleData>
		<SimpleData name="LONSALAADM">0</SimpleData>
		<SimpleData name="LONSALVENT">0</SimpleData>
		<SimpleData name="SALAPROC">0</SimpleData>
		<SimpleData name="AREABODEGA">0</SimpleData>
		<SimpleData name="AREACAFRI">0</SimpleData>
		<SimpleData name="AREAREFUG">0</SimpleData>
		<SimpleData name="AREAGALPON">0</SimpleData>
		<SimpleData name="PROGRAMA">MEJORAMIENTO DE BORDE COSTERO</SimpleData>
		<SimpleData name="IMAGEN">http://colabora.mop.gov.cl/sites/dop/dptopl/dp/Documentos%20compartidos/Imágenes%20para%20el%20Modelo%20de%20Datos/6-%20OHIGGINS/6-07.jpg</SimpleData>
		<SimpleData name="MXLOCATION">06206-04</SimpleData>
		<SimpleData name="MXSITEID">DOP</SimpleData>
		<SimpleData name="COD_REG">0</SimpleData>
	</SchemaData></ExtendedData>
      <Point><coordinates>-72.043634444,-34.6410097999999</coordinates></Point>
  </Placemark>
  <Placemark id="infraestructura_portuaria.104">
	<ExtendedData><SchemaData schemaUrl="#infraestructura_portuaria">
		<SimpleData name="OBJECTID_1">104</SimpleData>
		<SimpleData name="OBJECTID">2562</SimpleData>
		<SimpleData name="CODOBRA">06-05</SimpleData>
		<SimpleData name="TIPOOBRA">1</SimpleData>
		<SimpleData name="DESCOBRA">BORDE COSTERO DE PICHILEMU</SimpleData>
		<SimpleData name="CODCOMUNA">CARDENAL CARO</SimpleData>
		<SimpleData name="LONMUROS">244</SimpleData>
		<SimpleData name="LONESCOLLE">0</SimpleData>
		<SimpleData name="LONMUELLE">0</SimpleData>
		<SimpleData name="LONRAMPCO">0</SimpleData>
		<SimpleData name="LONRAMPA">0</SimpleData>
		<SimpleData name="LONRAMPAVA">0</SimpleData>
		<SimpleData name="LONPONTON">0</SimpleData>
		<SimpleData name="LONCAMIAC">0</SimpleData>
		<SimpleData name="AREAEXPLAN">0</SimpleData>
		<SimpleData name="BOXUNI">0</SimpleData>
		<SimpleData name="BANO_UNI">0</SimpleData>
		<SimpleData name="TIPOGEOM">1</SimpleData>
		<SimpleData name="GLOBALID">{1B46ECE6-559B-46C9-A55B-B63DE45FF8BD}</SimpleData>
		<SimpleData name="SALAREUNI">0</SimpleData>
		<SimpleData name="PLAYAARTIF">0</SimpleData>
		<SimpleData name="PASEOCOSTE">276</SimpleData>
		<SimpleData name="ESTADOGRAL">BUENO</SimpleData>
		<SimpleData name="GRUAOPESC">0</SimpleData>
		<SimpleData name="LONSALAADM">0</SimpleData>
		<SimpleData name="LONSALVENT">0</SimpleData>
		<SimpleData name="SALAPROC">0</SimpleData>
		<SimpleData name="AREABODEGA">0</SimpleData>
		<SimpleData name="AREACAFRI">0</SimpleData>
		<SimpleData name="AREAREFUG">0</SimpleData>
		<SimpleData name="AREAGALPON">0</SimpleData>
		<SimpleData name="PROGRAMA">MEJORAMIENTO DE BORDE COSTERO</SimpleData>
		<SimpleData name="IMAGEN">http://colabora.mop.gov.cl/sites/dop/dptopl/dp/Documentos%20compartidos/Imágenes%20para%20el%20Modelo%20de%20Datos/6-%20OHIGGINS/6-05.jpg</SimpleData>
		<SimpleData name="MXLOCATION">06201-07</SimpleData>
		<SimpleData name="MXSITEID">DOP</SimpleData>
		<SimpleData name="COD_REG">0</SimpleData>
	</SchemaData></ExtendedData>
      <Point><coordinates>-72.012688951,-34.3838459369999</coordinates></Point>
  </Placemark>
  <Placemark id="infraestructura_portuaria.105">
	<ExtendedData><SchemaData schemaUrl="#infraestructura_portuaria">
		<SimpleData name="OBJECTID_1">105</SimpleData>
		<SimpleData name="OBJECTID">2563</SimpleData>
		<SimpleData name="CODOBRA">07-05</SimpleData>
		<SimpleData name="TIPOOBRA">1</SimpleData>
		<SimpleData name="DESCOBRA">BORDE COSTERO CONSTITUCIÓN</SimpleData>
		<SimpleData name="CODCOMUNA">CONSTITUCIÓN</SimpleData>
		<SimpleData name="LONMUROS">8</SimpleData>
		<SimpleData name="LONESCOLLE">600</SimpleData>
		<SimpleData name="LONMUELLE">0</SimpleData>
		<SimpleData name="LONRAMPCO">0</SimpleData>
		<SimpleData name="LONRAMPA">0</SimpleData>
		<SimpleData name="LONRAMPAVA">0</SimpleData>
		<SimpleData name="LONPONTON">0</SimpleData>
		<SimpleData name="LONCAMIAC">0</SimpleData>
		<SimpleData name="AREAEXPLAN">0</SimpleData>
		<SimpleData name="BOXUNI">0</SimpleData>
		<SimpleData name="BANO_UNI">0</SimpleData>
		<SimpleData name="TIPOGEOM">1</SimpleData>
		<SimpleData name="GLOBALID">{E1219819-12D3-418F-9AB3-280218C38219}</SimpleData>
		<SimpleData name="SALAREUNI">0</SimpleData>
		<SimpleData name="PLAYAARTIF">0</SimpleData>
		<SimpleData name="PASEOCOSTE">30</SimpleData>
		<SimpleData name="ESTADOGRAL">BUENO</SimpleData>
		<SimpleData name="GRUAOPESC">0</SimpleData>
		<SimpleData name="LONSALAADM">0</SimpleData>
		<SimpleData name="LONSALVENT">0</SimpleData>
		<SimpleData name="SALAPROC">0</SimpleData>
		<SimpleData name="AREABODEGA">0</SimpleData>
		<SimpleData name="AREACAFRI">0</SimpleData>
		<SimpleData name="AREAREFUG">0</SimpleData>
		<SimpleData name="AREAGALPON">0</SimpleData>
		<SimpleData name="PROGRAMA">MEJORAMIENTO DE BORDE COSTERO</SimpleData>
		<SimpleData name="IMAGEN">http://colabora.mop.gov.cl/sites/dop/dptopl/dp/Documentos%20compartidos/Imágenes%20para%20el%20Modelo%20de%20Datos/7-%20MAULE/07-05.JPG</SimpleData>
		<SimpleData name="MXLOCATION">07102-08</SimpleData>
		<SimpleData name="MXSITEID">DOP</SimpleData>
		<SimpleData name="COD_REG">0</SimpleData>
	</SchemaData></ExtendedData>
      <Point><coordinates>-72.4059677659999,-35.332536346</coordinates></Point>
  </Placemark>
  <Placemark id="infraestructura_portuaria.106">
	<ExtendedData><SchemaData schemaUrl="#infraestructura_portuaria">
		<SimpleData name="OBJECTID_1">106</SimpleData>
		<SimpleData name="OBJECTID">2564</SimpleData>
		<SimpleData name="CODOBRA">04-20</SimpleData>
		<SimpleData name="TIPOOBRA">1</SimpleData>
		<SimpleData name="DESCOBRA">BORDE COSTERO PICHIDANGUI</SimpleData>
		<SimpleData name="CODCOMUNA">LOS VILOS</SimpleData>
		<SimpleData name="LONMUROS">148</SimpleData>
		<SimpleData name="LONESCOLLE">0</SimpleData>
		<SimpleData name="LONMUELLE">0</SimpleData>
		<SimpleData name="LONRAMPCO">0</SimpleData>
		<SimpleData name="LONRAMPA">0</SimpleData>
		<SimpleData name="LONRAMPAVA">0</SimpleData>
		<SimpleData name="LONPONTON">0</SimpleData>
		<SimpleData name="LONCAMIAC">0</SimpleData>
		<SimpleData name="AREAEXPLAN">0</SimpleData>
		<SimpleData name="BOXUNI">0</SimpleData>
		<SimpleData name="BANO_UNI">0</SimpleData>
		<SimpleData name="TIPOGEOM">1</SimpleData>
		<SimpleData name="GLOBALID">{B6FE17DE-B8DD-4F78-B237-B230F99DED30}</SimpleData>
		<SimpleData name="SALAREUNI">0</SimpleData>
		<SimpleData name="PLAYAARTIF">0</SimpleData>
		<SimpleData name="PASEOCOSTE">211</SimpleData>
		<SimpleData name="ESTADOGRAL">MUY BUENO</SimpleData>
		<SimpleData name="GRUAOPESC">0</SimpleData>
		<SimpleData name="LONSALAADM">0</SimpleData>
		<SimpleData name="LONSALVENT">1</SimpleData>
		<SimpleData name="SALAPROC">0</SimpleData>
		<SimpleData name="AREABODEGA">0</SimpleData>
		<SimpleData name="AREACAFRI">0</SimpleData>
		<SimpleData name="AREAREFUG">0</SimpleData>
		<SimpleData name="AREAGALPON">0</SimpleData>
		<SimpleData name="PROGRAMA">MEJORAMIENTO DE BORDE COSTERO</SimpleData>
		<SimpleData name="IMAGEN">http://colabora.mop.gov.cl/sites/dop/dptopl/dp/Documentos%20compartidos/Imágenes%20para%20el%20Modelo%20de%20Datos/4-%20COQUIMBO/4-20.jpg</SimpleData>
		<SimpleData name="MXLOCATION">04203-10</SimpleData>
		<SimpleData name="MXSITEID">DOP</SimpleData>
		<SimpleData name="COD_REG">0</SimpleData>
	</SchemaData></ExtendedData>
      <Point><coordinates>-71.52905581,-32.1365704639999</coordinates></Point>
  </Placemark>
  <Placemark id="infraestructura_portuaria.107">
	<ExtendedData><SchemaData schemaUrl="#infraestructura_portuaria">
		<SimpleData name="OBJECTID_1">107</SimpleData>
		<SimpleData name="OBJECTID">2566</SimpleData>
		<SimpleData name="CODOBRA">09-22</SimpleData>
		<SimpleData name="TIPOOBRA">10</SimpleData>
		<SimpleData name="DESCOBRA">RAMPA ISLA NAHUELHUAPI</SimpleData>
		<SimpleData name="CODCOMUNA">SAAVEDRA</SimpleData>
		<SimpleData name="LONMUROS">66</SimpleData>
		<SimpleData name="LONESCOLLE">0</SimpleData>
		<SimpleData name="LONMUELLE">0</SimpleData>
		<SimpleData name="LONRAMPCO">0</SimpleData>
		<SimpleData name="LONRAMPA">44</SimpleData>
		<SimpleData name="LONRAMPAVA">0</SimpleData>
		<SimpleData name="LONPONTON">0</SimpleData>
		<SimpleData name="LONCAMIAC">28</SimpleData>
		<SimpleData name="AREAEXPLAN">0</SimpleData>
		<SimpleData name="BOXUNI">0</SimpleData>
		<SimpleData name="BANO_UNI">0</SimpleData>
		<SimpleData name="TIPOGEOM">1</SimpleData>
		<SimpleData name="GLOBALID">{AD75F23B-00F1-41B6-8A25-070794111424}</SimpleData>
		<SimpleData name="SALAREUNI">0</SimpleData>
		<SimpleData name="PLAYAARTIF">0</SimpleData>
		<SimpleData name="PASEOCOSTE">0</SimpleData>
		<SimpleData name="ESTADOGRAL">MUY BUENO</SimpleData>
		<SimpleData name="GRUAOPESC">0</SimpleData>
		<SimpleData name="LONSALAADM">0</SimpleData>
		<SimpleData name="LONSALVENT">0</SimpleData>
		<SimpleData name="SALAPROC">0</SimpleData>
		<SimpleData name="AREABODEGA">0</SimpleData>
		<SimpleData name="AREACAFRI">0</SimpleData>
		<SimpleData name="AREAREFUG">1</SimpleData>
		<SimpleData name="AREAGALPON">0</SimpleData>
		<SimpleData name="PROGRAMA">CONEXIÓN</SimpleData>
		<SimpleData name="IMAGEN">http://colabora.mop.gov.cl/sites/dop/dptopl/dp/Documentos%20compartidos/Imágenes%20para%20el%20Modelo%20de%20Datos/9-%20ARAUCANÍA/09-22.JPG</SimpleData>
		<SimpleData name="MXLOCATION">09116-05</SimpleData>
		<SimpleData name="MXSITEID">DOP</SimpleData>
		<SimpleData name="COD_REG">0</SimpleData>
	</SchemaData></ExtendedData>
      <Point><coordinates>-73.291468532,-38.8570686749999</coordinates></Point>
  </Placemark>
  <Placemark id="infraestructura_portuaria.108">
	<ExtendedData><SchemaData schemaUrl="#infraestructura_portuaria">
		<SimpleData name="OBJECTID_1">108</SimpleData>
		<SimpleData name="OBJECTID">2567</SimpleData>
		<SimpleData name="CODOBRA">09-20</SimpleData>
		<SimpleData name="TIPOOBRA">10</SimpleData>
		<SimpleData name="DESCOBRA">RAMPA NIGUE 2</SimpleData>
		<SimpleData name="CODCOMUNA">TOLTÉN</SimpleData>
		<SimpleData name="LONMUROS">0</SimpleData>
		<SimpleData name="LONESCOLLE">0</SimpleData>
		<SimpleData name="LONMUELLE">0</SimpleData>
		<SimpleData name="LONRAMPCO">0</SimpleData>
		<SimpleData name="LONRAMPA">65</SimpleData>
		<SimpleData name="LONRAMPAVA">0</SimpleData>
		<SimpleData name="LONPONTON">0</SimpleData>
		<SimpleData name="LONCAMIAC">0</SimpleData>
		<SimpleData name="AREAEXPLAN">0</SimpleData>
		<SimpleData name="BOXUNI">0</SimpleData>
		<SimpleData name="BANO_UNI">0</SimpleData>
		<SimpleData name="TIPOGEOM">1</SimpleData>
		<SimpleData name="GLOBALID">{4A05DABB-575E-4EB4-928E-117369BDF33B}</SimpleData>
		<SimpleData name="SALAREUNI">0</SimpleData>
		<SimpleData name="PLAYAARTIF">0</SimpleData>
		<SimpleData name="PASEOCOSTE">0</SimpleData>
		<SimpleData name="ESTADOGRAL">MUY BUENO</SimpleData>
		<SimpleData name="GRUAOPESC">0</SimpleData>
		<SimpleData name="LONSALAADM">0</SimpleData>
		<SimpleData name="LONSALVENT">0</SimpleData>
		<SimpleData name="SALAPROC">0</SimpleData>
		<SimpleData name="AREABODEGA">0</SimpleData>
		<SimpleData name="AREACAFRI">0</SimpleData>
		<SimpleData name="AREAREFUG">1</SimpleData>
		<SimpleData name="AREAGALPON">0</SimpleData>
		<SimpleData name="PROGRAMA">CONEXIÓN</SimpleData>
		<SimpleData name="IMAGEN">http://colabora.mop.gov.cl/sites/dop/dptopl/dp/Documentos%20compartidos/Imágenes%20para%20el%20Modelo%20de%20Datos/9-%20ARAUCANÍA/09-20.JPG</SimpleData>
		<SimpleData name="MXSITEID">DOP</SimpleData>
		<SimpleData name="COD_REG">0</SimpleData>
	</SchemaData></ExtendedData>
      <Point><coordinates>-73.1975358399999,-39.3188383469999</coordinates></Point>
  </Placemark>
  <Placemark id="infraestructura_portuaria.109">
	<ExtendedData><SchemaData schemaUrl="#infraestructura_portuaria">
		<SimpleData name="OBJECTID_1">109</SimpleData>
		<SimpleData name="OBJECTID">2568</SimpleData>
		<SimpleData name="CODOBRA">09-19</SimpleData>
		<SimpleData name="TIPOOBRA">10</SimpleData>
		<SimpleData name="DESCOBRA">RAMPA NIGUE 1</SimpleData>
		<SimpleData name="CODCOMUNA">TOLTÉN</SimpleData>
		<SimpleData name="LONMUROS">0</SimpleData>
		<SimpleData name="LONESCOLLE">0</SimpleData>
		<SimpleData name="LONMUELLE">0</SimpleData>
		<SimpleData name="LONRAMPCO">0</SimpleData>
		<SimpleData name="LONRAMPA">67</SimpleData>
		<SimpleData name="LONRAMPAVA">0</SimpleData>
		<SimpleData name="LONPONTON">0</SimpleData>
		<SimpleData name="LONCAMIAC">0</SimpleData>
		<SimpleData name="AREAEXPLAN">0</SimpleData>
		<SimpleData name="BOXUNI">1</SimpleData>
		<SimpleData name="BANO_UNI">0</SimpleData>
		<SimpleData name="TIPOGEOM">1</SimpleData>
		<SimpleData name="GLOBALID">{301DF052-D701-4EB8-9D17-818FAF9F5623}</SimpleData>
		<SimpleData name="SALAREUNI">0</SimpleData>
		<SimpleData name="PLAYAARTIF">0</SimpleData>
		<SimpleData name="PASEOCOSTE">0</SimpleData>
		<SimpleData name="ESTADOGRAL">MUY BUENO</SimpleData>
		<SimpleData name="GRUAOPESC">0</SimpleData>
		<SimpleData name="LONSALAADM">0</SimpleData>
		<SimpleData name="LONSALVENT">0</SimpleData>
		<SimpleData name="SALAPROC">0</SimpleData>
		<SimpleData name="AREABODEGA">0</SimpleData>
		<SimpleData name="AREACAFRI">0</SimpleData>
		<SimpleData name="AREAREFUG">1</SimpleData>
		<SimpleData name="AREAGALPON">0</SimpleData>
		<SimpleData name="PROGRAMA">CONEXIÓN</SimpleData>
		<SimpleData name="IMAGEN">http://colabora.mop.gov.cl/sites/dop/dptopl/dp/Documentos%20compartidos/Imágenes%20para%20el%20Modelo%20de%20Datos/9-%20ARAUCANÍA/09-19.JPG</SimpleData>
		<SimpleData name="MXSITEID">DOP</SimpleData>
		<SimpleData name="COD_REG">0</SimpleData>
	</SchemaData></ExtendedData>
      <Point><coordinates>-73.196554138,-39.319236025</coordinates></Point>
  </Placemark>
  <Placemark id="infraestructura_portuaria.110">
	<ExtendedData><SchemaData schemaUrl="#infraestructura_portuaria">
		<SimpleData name="OBJECTID_1">110</SimpleData>
		<SimpleData name="OBJECTID">2569</SimpleData>
		<SimpleData name="CODOBRA">09-18</SimpleData>
		<SimpleData name="TIPOOBRA">10</SimpleData>
		<SimpleData name="DESCOBRA">RAMPA TOLTEN 2</SimpleData>
		<SimpleData name="CODCOMUNA">TOLTÉN</SimpleData>
		<SimpleData name="LONMUROS">0</SimpleData>
		<SimpleData name="LONESCOLLE">0</SimpleData>
		<SimpleData name="LONMUELLE">0</SimpleData>
		<SimpleData name="LONRAMPCO">0</SimpleData>
		<SimpleData name="LONRAMPA">78</SimpleData>
		<SimpleData name="LONRAMPAVA">0</SimpleData>
		<SimpleData name="LONPONTON">0</SimpleData>
		<SimpleData name="LONCAMIAC">0</SimpleData>
		<SimpleData name="AREAEXPLAN">0</SimpleData>
		<SimpleData name="BOXUNI">0</SimpleData>
		<SimpleData name="BANO_UNI">0</SimpleData>
		<SimpleData name="TIPOGEOM">1</SimpleData>
		<SimpleData name="GLOBALID">{047950E2-62DD-490B-8B0C-81608D145BBE}</SimpleData>
		<SimpleData name="SALAREUNI">0</SimpleData>
		<SimpleData name="PLAYAARTIF">0</SimpleData>
		<SimpleData name="PASEOCOSTE">0</SimpleData>
		<SimpleData name="ESTADOGRAL">MUY BUENO</SimpleData>
		<SimpleData name="GRUAOPESC">0</SimpleData>
		<SimpleData name="LONSALAADM">0</SimpleData>
		<SimpleData name="LONSALVENT">0</SimpleData>
		<SimpleData name="SALAPROC">0</SimpleData>
		<SimpleData name="AREABODEGA">0</SimpleData>
		<SimpleData name="AREACAFRI">0</SimpleData>
		<SimpleData name="AREAREFUG">1</SimpleData>
		<SimpleData name="AREAGALPON">0</SimpleData>
		<SimpleData name="PROGRAMA">CONEXIÓN</SimpleData>
		<SimpleData name="IMAGEN">http://colabora.mop.gov.cl/sites/dop/dptopl/dp/Documentos%20compartidos/Imágenes%20para%20el%20Modelo%20de%20Datos/9-%20ARAUCANÍA/09-18.JPG</SimpleData>
		<SimpleData name="MXSITEID">DOP</SimpleData>
		<SimpleData name="COD_REG">0</SimpleData>
	</SchemaData></ExtendedData>
      <Point><coordinates>-73.173200448,-39.1728895759999</coordinates></Point>
  </Placemark>
  <Placemark id="infraestructura_portuaria.111">
	<ExtendedData><SchemaData schemaUrl="#infraestructura_portuaria">
		<SimpleData name="OBJECTID_1">111</SimpleData>
		<SimpleData name="OBJECTID">2570</SimpleData>
		<SimpleData name="CODOBRA">09-17</SimpleData>
		<SimpleData name="TIPOOBRA">10</SimpleData>
		<SimpleData name="DESCOBRA">RAMPA TOLTEN 1</SimpleData>
		<SimpleData name="CODCOMUNA">TOLTÉN</SimpleData>
		<SimpleData name="LONMUROS">0</SimpleData>
		<SimpleData name="LONESCOLLE">0</SimpleData>
		<SimpleData name="LONMUELLE">0</SimpleData>
		<SimpleData name="LONRAMPCO">0</SimpleData>
		<SimpleData name="LONRAMPA">78</SimpleData>
		<SimpleData name="LONRAMPAVA">0</SimpleData>
		<SimpleData name="LONPONTON">0</SimpleData>
		<SimpleData name="LONCAMIAC">0</SimpleData>
		<SimpleData name="AREAEXPLAN">0</SimpleData>
		<SimpleData name="BOXUNI">1</SimpleData>
		<SimpleData name="BANO_UNI">0</SimpleData>
		<SimpleData name="TIPOGEOM">1</SimpleData>
		<SimpleData name="GLOBALID">{3B4A2DB9-10CD-45A0-86C1-C104F1CF8231}</SimpleData>
		<SimpleData name="SALAREUNI">0</SimpleData>
		<SimpleData name="PLAYAARTIF">0</SimpleData>
		<SimpleData name="PASEOCOSTE">0</SimpleData>
		<SimpleData name="ESTADOGRAL">MUY BUENO</SimpleData>
		<SimpleData name="GRUAOPESC">0</SimpleData>
		<SimpleData name="LONSALAADM">0</SimpleData>
		<SimpleData name="LONSALVENT">0</SimpleData>
		<SimpleData name="SALAPROC">0</SimpleData>
		<SimpleData name="AREABODEGA">0</SimpleData>
		<SimpleData name="AREACAFRI">0</SimpleData>
		<SimpleData name="AREAREFUG">1</SimpleData>
		<SimpleData name="AREAGALPON">0</SimpleData>
		<SimpleData name="PROGRAMA">CONEXIÓN</SimpleData>
		<SimpleData name="IMAGEN">http://colabora.mop.gov.cl/sites/dop/dptopl/dp/Documentos%20compartidos/Imágenes%20para%20el%20Modelo%20de%20Datos/9-%20ARAUCANÍA/09-17.JPG</SimpleData>
		<SimpleData name="MXSITEID">DOP</SimpleData>
		<SimpleData name="COD_REG">0</SimpleData>
	</SchemaData></ExtendedData>
      <Point><coordinates>-73.171260998,-39.173669204</coordinates></Point>
  </Placemark>
  <Placemark id="infraestructura_portuaria.112">
	<ExtendedData><SchemaData schemaUrl="#infraestructura_portuaria">
		<SimpleData name="OBJECTID_1">112</SimpleData>
		<SimpleData name="OBJECTID">2571</SimpleData>
		<SimpleData name="CODOBRA">09-16</SimpleData>
		<SimpleData name="TIPOOBRA">10</SimpleData>
		<SimpleData name="DESCOBRA">RAMPA RAPANILAHUE 2</SimpleData>
		<SimpleData name="CODCOMUNA">LUMACO</SimpleData>
		<SimpleData name="LONMUROS">0</SimpleData>
		<SimpleData name="LONESCOLLE">0</SimpleData>
		<SimpleData name="LONMUELLE">0</SimpleData>
		<SimpleData name="LONRAMPCO">0</SimpleData>
		<SimpleData name="LONRAMPA">81</SimpleData>
		<SimpleData name="LONRAMPAVA">0</SimpleData>
		<SimpleData name="LONPONTON">0</SimpleData>
		<SimpleData name="LONCAMIAC">0</SimpleData>
		<SimpleData name="AREAEXPLAN">0</SimpleData>
		<SimpleData name="BOXUNI">0</SimpleData>
		<SimpleData name="BANO_UNI">0</SimpleData>
		<SimpleData name="TIPOGEOM">1</SimpleData>
		<SimpleData name="GLOBALID">{04EE0D85-25D6-46F9-9F5A-D2AF9632FA47}</SimpleData>
		<SimpleData name="SALAREUNI">0</SimpleData>
		<SimpleData name="PLAYAARTIF">0</SimpleData>
		<SimpleData name="PASEOCOSTE">0</SimpleData>
		<SimpleData name="ESTADOGRAL">MUY BUENO</SimpleData>
		<SimpleData name="GRUAOPESC">0</SimpleData>
		<SimpleData name="LONSALAADM">0</SimpleData>
		<SimpleData name="LONSALVENT">0</SimpleData>
		<SimpleData name="SALAPROC">0</SimpleData>
		<SimpleData name="AREABODEGA">0</SimpleData>
		<SimpleData name="AREACAFRI">0</SimpleData>
		<SimpleData name="AREAREFUG">0</SimpleData>
		<SimpleData name="AREAGALPON">0</SimpleData>
		<SimpleData name="PROGRAMA">CONEXIÓN</SimpleData>
		<SimpleData name="IMAGEN">http://colabora.mop.gov.cl/sites/dop/dptopl/dp/Documentos%20compartidos/Imágenes%20para%20el%20Modelo%20de%20Datos/9-%20ARAUCANÍA/09-16.JPG</SimpleData>
		<SimpleData name="MXSITEID">DOP</SimpleData>
		<SimpleData name="COD_REG">0</SimpleData>
	</SchemaData></ExtendedData>
      <Point><coordinates>-72.920062597,-38.361209995</coordinates></Point>
  </Placemark>
  <Placemark id="infraestructura_portuaria.113">
	<ExtendedData><SchemaData schemaUrl="#infraestructura_portuaria">
		<SimpleData name="OBJECTID_1">113</SimpleData>
		<SimpleData name="OBJECTID">2572</SimpleData>
		<SimpleData name="CODOBRA">09-15</SimpleData>
		<SimpleData name="TIPOOBRA">10</SimpleData>
		<SimpleData name="DESCOBRA">RAMPA RAPANILAHUE 1</SimpleData>
		<SimpleData name="CODCOMUNA">LUMACO</SimpleData>
		<SimpleData name="LONMUROS">0</SimpleData>
		<SimpleData name="LONESCOLLE">0</SimpleData>
		<SimpleData name="LONMUELLE">0</SimpleData>
		<SimpleData name="LONRAMPCO">0</SimpleData>
		<SimpleData name="LONRAMPA">78</SimpleData>
		<SimpleData name="LONRAMPAVA">0</SimpleData>
		<SimpleData name="LONPONTON">0</SimpleData>
		<SimpleData name="LONCAMIAC">0</SimpleData>
		<SimpleData name="AREAEXPLAN">0</SimpleData>
		<SimpleData name="BOXUNI">0</SimpleData>
		<SimpleData name="BANO_UNI">0</SimpleData>
		<SimpleData name="TIPOGEOM">1</SimpleData>
		<SimpleData name="GLOBALID">{D8ACA96A-FE17-47A1-AA84-F76E3836CB67}</SimpleData>
		<SimpleData name="SALAREUNI">0</SimpleData>
		<SimpleData name="PLAYAARTIF">0</SimpleData>
		<SimpleData name="PASEOCOSTE">0</SimpleData>
		<SimpleData name="ESTADOGRAL">MUY BUENO</SimpleData>
		<SimpleData name="GRUAOPESC">0</SimpleData>
		<SimpleData name="LONSALAADM">0</SimpleData>
		<SimpleData name="LONSALVENT">0</SimpleData>
		<SimpleData name="SALAPROC">0</SimpleData>
		<SimpleData name="AREABODEGA">0</SimpleData>
		<SimpleData name="AREACAFRI">0</SimpleData>
		<SimpleData name="AREAREFUG">1</SimpleData>
		<SimpleData name="AREAGALPON">0</SimpleData>
		<SimpleData name="PROGRAMA">CONEXIÓN</SimpleData>
		<SimpleData name="IMAGEN">http://colabora.mop.gov.cl/sites/dop/dptopl/dp/Documentos%20compartidos/Imágenes%20para%20el%20Modelo%20de%20Datos/9-%20ARAUCANÍA/09-15.JPG</SimpleData>
		<SimpleData name="MXLOCATION">09207-31</SimpleData>
		<SimpleData name="MXSITEID">DOP</SimpleData>
		<SimpleData name="COD_REG">0</SimpleData>
	</SchemaData></ExtendedData>
      <Point><coordinates>-72.920746878,-38.360746723</coordinates></Point>
  </Placemark>
  <Placemark id="infraestructura_portuaria.114">
	<ExtendedData><SchemaData schemaUrl="#infraestructura_portuaria">
		<SimpleData name="OBJECTID_1">114</SimpleData>
		<SimpleData name="OBJECTID">2573</SimpleData>
		<SimpleData name="CODOBRA">09-12</SimpleData>
		<SimpleData name="TIPOOBRA">10</SimpleData>
		<SimpleData name="DESCOBRA">RAMPA QUEULE 2</SimpleData>
		<SimpleData name="CODCOMUNA">TOLTÉN</SimpleData>
		<SimpleData name="LONMUROS">0</SimpleData>
		<SimpleData name="LONESCOLLE">0</SimpleData>
		<SimpleData name="LONMUELLE">0</SimpleData>
		<SimpleData name="LONRAMPCO">0</SimpleData>
		<SimpleData name="LONRAMPA">97</SimpleData>
		<SimpleData name="LONRAMPAVA">0</SimpleData>
		<SimpleData name="LONPONTON">0</SimpleData>
		<SimpleData name="LONCAMIAC">0</SimpleData>
		<SimpleData name="AREAEXPLAN">0</SimpleData>
		<SimpleData name="BOXUNI">0</SimpleData>
		<SimpleData name="BANO_UNI">0</SimpleData>
		<SimpleData name="TIPOGEOM">1</SimpleData>
		<SimpleData name="GLOBALID">{94709C29-4C4A-48B3-9A62-964130529E41}</SimpleData>
		<SimpleData name="SALAREUNI">0</SimpleData>
		<SimpleData name="PLAYAARTIF">0</SimpleData>
		<SimpleData name="PASEOCOSTE">0</SimpleData>
		<SimpleData name="ESTADOGRAL">MUY BUENO</SimpleData>
		<SimpleData name="GRUAOPESC">0</SimpleData>
		<SimpleData name="LONSALAADM">0</SimpleData>
		<SimpleData name="LONSALVENT">0</SimpleData>
		<SimpleData name="SALAPROC">0</SimpleData>
		<SimpleData name="AREABODEGA">0</SimpleData>
		<SimpleData name="AREACAFRI">0</SimpleData>
		<SimpleData name="AREAREFUG">1</SimpleData>
		<SimpleData name="AREAGALPON">0</SimpleData>
		<SimpleData name="PROGRAMA">CONEXIÓN</SimpleData>
		<SimpleData name="IMAGEN">http://colabora.mop.gov.cl/sites/dop/dptopl/dp/Documentos%20compartidos/Imágenes%20para%20el%20Modelo%20de%20Datos/9-%20ARAUCANÍA/09-12.JPG</SimpleData>
		<SimpleData name="MXSITEID">DOP</SimpleData>
		<SimpleData name="COD_REG">0</SimpleData>
	</SchemaData></ExtendedData>
      <Point><coordinates>-73.197538939,-39.389744413</coordinates></Point>
  </Placemark>
  <Placemark id="infraestructura_portuaria.115">
	<ExtendedData><SchemaData schemaUrl="#infraestructura_portuaria">
		<SimpleData name="OBJECTID_1">115</SimpleData>
		<SimpleData name="OBJECTID">2574</SimpleData>
		<SimpleData name="CODOBRA">09-11</SimpleData>
		<SimpleData name="TIPOOBRA">10</SimpleData>
		<SimpleData name="DESCOBRA">RAMPA QUEULE 1</SimpleData>
		<SimpleData name="CODCOMUNA">TOLTÉN</SimpleData>
		<SimpleData name="LONMUROS">0</SimpleData>
		<SimpleData name="LONESCOLLE">91</SimpleData>
		<SimpleData name="LONMUELLE">0</SimpleData>
		<SimpleData name="LONRAMPCO">0</SimpleData>
		<SimpleData name="LONRAMPA">70</SimpleData>
		<SimpleData name="LONRAMPAVA">0</SimpleData>
		<SimpleData name="LONPONTON">0</SimpleData>
		<SimpleData name="LONCAMIAC">0</SimpleData>
		<SimpleData name="AREAEXPLAN">0</SimpleData>
		<SimpleData name="BOXUNI">0</SimpleData>
		<SimpleData name="BANO_UNI">0</SimpleData>
		<SimpleData name="TIPOGEOM">1</SimpleData>
		<SimpleData name="GLOBALID">{F000E425-A7C8-45D7-8798-1836A9AA10CD}</SimpleData>
		<SimpleData name="SALAREUNI">0</SimpleData>
		<SimpleData name="PLAYAARTIF">0</SimpleData>
		<SimpleData name="PASEOCOSTE">0</SimpleData>
		<SimpleData name="ESTADOGRAL">MUY BUENO</SimpleData>
		<SimpleData name="GRUAOPESC">0</SimpleData>
		<SimpleData name="LONSALAADM">0</SimpleData>
		<SimpleData name="LONSALVENT">0</SimpleData>
		<SimpleData name="SALAPROC">0</SimpleData>
		<SimpleData name="AREABODEGA">0</SimpleData>
		<SimpleData name="AREACAFRI">0</SimpleData>
		<SimpleData name="AREAREFUG">1</SimpleData>
		<SimpleData name="AREAGALPON">0</SimpleData>
		<SimpleData name="PROGRAMA">CONEXIÓN</SimpleData>
		<SimpleData name="IMAGEN">http://colabora.mop.gov.cl/sites/dop/dptopl/dp/Documentos%20compartidos/Imágenes%20para%20el%20Modelo%20de%20Datos/9-%20ARAUCANÍA/09-11.JPG</SimpleData>
		<SimpleData name="MXSITEID">DOP</SimpleData>
		<SimpleData name="COD_REG">0</SimpleData>
	</SchemaData></ExtendedData>
      <Point><coordinates>-73.197108777,-39.3909425809999</coordinates></Point>
  </Placemark>
  <Placemark id="infraestructura_portuaria.116">
	<ExtendedData><SchemaData schemaUrl="#infraestructura_portuaria">
		<SimpleData name="OBJECTID_1">116</SimpleData>
		<SimpleData name="OBJECTID">2575</SimpleData>
		<SimpleData name="CODOBRA">09-10</SimpleData>
		<SimpleData name="TIPOOBRA">10</SimpleData>
		<SimpleData name="DESCOBRA">RAMPA BARROS ARANA 2</SimpleData>
		<SimpleData name="CODCOMUNA">FREIRE</SimpleData>
		<SimpleData name="LONMUROS">0</SimpleData>
		<SimpleData name="LONESCOLLE">0</SimpleData>
		<SimpleData name="LONMUELLE">0</SimpleData>
		<SimpleData name="LONRAMPCO">0</SimpleData>
		<SimpleData name="LONRAMPA">111</SimpleData>
		<SimpleData name="LONRAMPAVA">0</SimpleData>
		<SimpleData name="LONPONTON">0</SimpleData>
		<SimpleData name="LONCAMIAC">0</SimpleData>
		<SimpleData name="AREAEXPLAN">0</SimpleData>
		<SimpleData name="BOXUNI">0</SimpleData>
		<SimpleData name="BANO_UNI">0</SimpleData>
		<SimpleData name="TIPOGEOM">1</SimpleData>
		<SimpleData name="GLOBALID">{EC5C0F34-1D9B-48F9-8A3B-166C2D3F9DBD}</SimpleData>
		<SimpleData name="SALAREUNI">0</SimpleData>
		<SimpleData name="PLAYAARTIF">0</SimpleData>
		<SimpleData name="PASEOCOSTE">0</SimpleData>
		<SimpleData name="ESTADOGRAL">MUY BUENO</SimpleData>
		<SimpleData name="GRUAOPESC">0</SimpleData>
		<SimpleData name="LONSALAADM">0</SimpleData>
		<SimpleData name="LONSALVENT">0</SimpleData>
		<SimpleData name="SALAPROC">0</SimpleData>
		<SimpleData name="AREABODEGA">0</SimpleData>
		<SimpleData name="AREACAFRI">0</SimpleData>
		<SimpleData name="AREAREFUG">0</SimpleData>
		<SimpleData name="AREAGALPON">0</SimpleData>
		<SimpleData name="PROGRAMA">CONEXIÓN</SimpleData>
		<SimpleData name="IMAGEN">http://colabora.mop.gov.cl/sites/dop/dptopl/dp/Documentos%20compartidos/Imágenes%20para%20el%20Modelo%20de%20Datos/9-%20ARAUCANÍA/09-10.JPG</SimpleData>
		<SimpleData name="MXSITEID">DOP</SimpleData>
		<SimpleData name="COD_REG">0</SimpleData>
	</SchemaData></ExtendedData>
      <Point><coordinates>-72.9087456139999,-39.0232640259999</coordinates></Point>
  </Placemark>
  <Placemark id="infraestructura_portuaria.117">
	<ExtendedData><SchemaData schemaUrl="#infraestructura_portuaria">
		<SimpleData name="OBJECTID_1">117</SimpleData>
		<SimpleData name="OBJECTID">2576</SimpleData>
		<SimpleData name="CODOBRA">09-09</SimpleData>
		<SimpleData name="TIPOOBRA">10</SimpleData>
		<SimpleData name="DESCOBRA">RAMPA BARROS ARANA 1</SimpleData>
		<SimpleData name="CODCOMUNA">FREIRE</SimpleData>
		<SimpleData name="LONMUROS">0</SimpleData>
		<SimpleData name="LONESCOLLE">0</SimpleData>
		<SimpleData name="LONMUELLE">0</SimpleData>
		<SimpleData name="LONRAMPCO">0</SimpleData>
		<SimpleData name="LONRAMPA">78</SimpleData>
		<SimpleData name="LONRAMPAVA">0</SimpleData>
		<SimpleData name="LONPONTON">0</SimpleData>
		<SimpleData name="LONCAMIAC">0</SimpleData>
		<SimpleData name="AREAEXPLAN">0</SimpleData>
		<SimpleData name="BOXUNI">0</SimpleData>
		<SimpleData name="BANO_UNI">0</SimpleData>
		<SimpleData name="TIPOGEOM">1</SimpleData>
		<SimpleData name="GLOBALID">{E31F4A11-FDA0-48FE-AF23-2BA80E8BC2B5}</SimpleData>
		<SimpleData name="SALAREUNI">0</SimpleData>
		<SimpleData name="PLAYAARTIF">0</SimpleData>
		<SimpleData name="PASEOCOSTE">0</SimpleData>
		<SimpleData name="ESTADOGRAL">MUY BUENO</SimpleData>
		<SimpleData name="GRUAOPESC">0</SimpleData>
		<SimpleData name="LONSALAADM">0</SimpleData>
		<SimpleData name="LONSALVENT">0</SimpleData>
		<SimpleData name="SALAPROC">0</SimpleData>
		<SimpleData name="AREABODEGA">0</SimpleData>
		<SimpleData name="AREACAFRI">0</SimpleData>
		<SimpleData name="AREAREFUG">1</SimpleData>
		<SimpleData name="AREAGALPON">0</SimpleData>
		<SimpleData name="PROGRAMA">CONEXIÓN</SimpleData>
		<SimpleData name="IMAGEN">http://colabora.mop.gov.cl/sites/dop/dptopl/dp/Documentos%20compartidos/Imágenes%20para%20el%20Modelo%20de%20Datos/9-%20ARAUCANÍA/09-09.JPG</SimpleData>
		<SimpleData name="MXSITEID">DOP</SimpleData>
		<SimpleData name="COD_REG">0</SimpleData>
	</SchemaData></ExtendedData>
      <Point><coordinates>-72.908690441,-39.024460201</coordinates></Point>
  </Placemark>
  <Placemark id="infraestructura_portuaria.118">
	<ExtendedData><SchemaData schemaUrl="#infraestructura_portuaria">
		<SimpleData name="OBJECTID_1">118</SimpleData>
		<SimpleData name="OBJECTID">2577</SimpleData>
		<SimpleData name="CODOBRA">09-08</SimpleData>
		<SimpleData name="TIPOOBRA">10</SimpleData>
		<SimpleData name="DESCOBRA">RAMPA POCOYAN 2</SimpleData>
		<SimpleData name="CODCOMUNA">TOLTÉN</SimpleData>
		<SimpleData name="LONMUROS">18</SimpleData>
		<SimpleData name="LONESCOLLE">0</SimpleData>
		<SimpleData name="LONMUELLE">0</SimpleData>
		<SimpleData name="LONRAMPCO">0</SimpleData>
		<SimpleData name="LONRAMPA">91</SimpleData>
		<SimpleData name="LONRAMPAVA">0</SimpleData>
		<SimpleData name="LONPONTON">0</SimpleData>
		<SimpleData name="LONCAMIAC">0</SimpleData>
		<SimpleData name="AREAEXPLAN">0</SimpleData>
		<SimpleData name="BOXUNI">0</SimpleData>
		<SimpleData name="BANO_UNI">0</SimpleData>
		<SimpleData name="TIPOGEOM">1</SimpleData>
		<SimpleData name="GLOBALID">{7B60B50E-AAA4-4685-9C59-AD0FAD31C7D4}</SimpleData>
		<SimpleData name="SALAREUNI">0</SimpleData>
		<SimpleData name="PLAYAARTIF">0</SimpleData>
		<SimpleData name="PASEOCOSTE">0</SimpleData>
		<SimpleData name="ESTADOGRAL">MUY BUENO</SimpleData>
		<SimpleData name="GRUAOPESC">0</SimpleData>
		<SimpleData name="LONSALAADM">0</SimpleData>
		<SimpleData name="LONSALVENT">0</SimpleData>
		<SimpleData name="SALAPROC">0</SimpleData>
		<SimpleData name="AREABODEGA">0</SimpleData>
		<SimpleData name="AREACAFRI">0</SimpleData>
		<SimpleData name="AREAREFUG">0</SimpleData>
		<SimpleData name="AREAGALPON">0</SimpleData>
		<SimpleData name="PROGRAMA">CONEXIÓN</SimpleData>
		<SimpleData name="IMAGEN">http://colabora.mop.gov.cl/sites/dop/dptopl/dp/Documentos%20compartidos/Imágenes%20para%20el%20Modelo%20de%20Datos/9-%20ARAUCANÍA/09-08.JPG</SimpleData>
		<SimpleData name="MXSITEID">DOP</SimpleData>
		<SimpleData name="COD_REG">0</SimpleData>
	</SchemaData></ExtendedData>
      <Point><coordinates>-73.083166121,-39.014455988</coordinates></Point>
  </Placemark>
  <Placemark id="infraestructura_portuaria.119">
	<ExtendedData><SchemaData schemaUrl="#infraestructura_portuaria">
		<SimpleData name="OBJECTID_1">119</SimpleData>
		<SimpleData name="OBJECTID">2578</SimpleData>
		<SimpleData name="CODOBRA">09-07</SimpleData>
		<SimpleData name="TIPOOBRA">10</SimpleData>
		<SimpleData name="DESCOBRA">RAMPA POCOYAN 1</SimpleData>
		<SimpleData name="CODCOMUNA">TOLTÉN</SimpleData>
		<SimpleData name="LONMUROS">0</SimpleData>
		<SimpleData name="LONESCOLLE">0</SimpleData>
		<SimpleData name="LONMUELLE">0</SimpleData>
		<SimpleData name="LONRAMPCO">0</SimpleData>
		<SimpleData name="LONRAMPA">98</SimpleData>
		<SimpleData name="LONRAMPAVA">0</SimpleData>
		<SimpleData name="LONPONTON">0</SimpleData>
		<SimpleData name="LONCAMIAC">0</SimpleData>
		<SimpleData name="AREAEXPLAN">0</SimpleData>
		<SimpleData name="BOXUNI">0</SimpleData>
		<SimpleData name="BANO_UNI">0</SimpleData>
		<SimpleData name="TIPOGEOM">1</SimpleData>
		<SimpleData name="GLOBALID">{0A6EF06F-9684-49CB-93FD-2F2CA95A862A}</SimpleData>
		<SimpleData name="SALAREUNI">0</SimpleData>
		<SimpleData name="PLAYAARTIF">0</SimpleData>
		<SimpleData name="PASEOCOSTE">0</SimpleData>
		<SimpleData name="ESTADOGRAL">MUY BUENO</SimpleData>
		<SimpleData name="GRUAOPESC">0</SimpleData>
		<SimpleData name="LONSALAADM">0</SimpleData>
		<SimpleData name="LONSALVENT">0</SimpleData>
		<SimpleData name="SALAPROC">0</SimpleData>
		<SimpleData name="AREABODEGA">0</SimpleData>
		<SimpleData name="AREACAFRI">0</SimpleData>
		<SimpleData name="AREAREFUG">1</SimpleData>
		<SimpleData name="AREAGALPON">0</SimpleData>
		<SimpleData name="PROGRAMA">CONEXIÓN</SimpleData>
		<SimpleData name="IMAGEN">http://colabora.mop.gov.cl/sites/dop/dptopl/dp/Documentos%20compartidos/Imágenes%20para%20el%20Modelo%20de%20Datos/9-%20ARAUCANÍA/09-07.JPG</SimpleData>
		<SimpleData name="MXSITEID">DOP</SimpleData>
		<SimpleData name="COD_REG">0</SimpleData>
	</SchemaData></ExtendedData>
      <Point><coordinates>-73.084670075,-39.013254736</coordinates></Point>
  </Placemark>
  <Placemark id="infraestructura_portuaria.120">
	<ExtendedData><SchemaData schemaUrl="#infraestructura_portuaria">
		<SimpleData name="OBJECTID_1">120</SimpleData>
		<SimpleData name="OBJECTID">2579</SimpleData>
		<SimpleData name="CODOBRA">09-06</SimpleData>
		<SimpleData name="TIPOOBRA">10</SimpleData>
		<SimpleData name="DESCOBRA">RAMPA COIPUE 2</SimpleData>
		<SimpleData name="CODCOMUNA">FREIRE</SimpleData>
		<SimpleData name="LONMUROS">0</SimpleData>
		<SimpleData name="LONESCOLLE">0</SimpleData>
		<SimpleData name="LONMUELLE">0</SimpleData>
		<SimpleData name="LONRAMPCO">0</SimpleData>
		<SimpleData name="LONRAMPA">91</SimpleData>
		<SimpleData name="LONRAMPAVA">0</SimpleData>
		<SimpleData name="LONPONTON">0</SimpleData>
		<SimpleData name="LONCAMIAC">0</SimpleData>
		<SimpleData name="AREAEXPLAN">0</SimpleData>
		<SimpleData name="BOXUNI">0</SimpleData>
		<SimpleData name="BANO_UNI">0</SimpleData>
		<SimpleData name="TIPOGEOM">1</SimpleData>
		<SimpleData name="GLOBALID">{166C90C4-3FA4-4F81-BFFC-0C3A1CE18A9D}</SimpleData>
		<SimpleData name="SALAREUNI">0</SimpleData>
		<SimpleData name="PLAYAARTIF">0</SimpleData>
		<SimpleData name="PASEOCOSTE">0</SimpleData>
		<SimpleData name="ESTADOGRAL">MUY BUENO</SimpleData>
		<SimpleData name="GRUAOPESC">0</SimpleData>
		<SimpleData name="LONSALAADM">0</SimpleData>
		<SimpleData name="LONSALVENT">0</SimpleData>
		<SimpleData name="SALAPROC">0</SimpleData>
		<SimpleData name="AREABODEGA">0</SimpleData>
		<SimpleData name="AREACAFRI">0</SimpleData>
		<SimpleData name="AREAREFUG">0</SimpleData>
		<SimpleData name="AREAGALPON">0</SimpleData>
		<SimpleData name="PROGRAMA">CONEXIÓN</SimpleData>
		<SimpleData name="IMAGEN">http://colabora.mop.gov.cl/sites/dop/dptopl/dp/Documentos%20compartidos/Imágenes%20para%20el%20Modelo%20de%20Datos/9-%20ARAUCANÍA/09-06.JPG</SimpleData>
		<SimpleData name="MXSITEID">DOP</SimpleData>
		<SimpleData name="COD_REG">0</SimpleData>
	</SchemaData></ExtendedData>
      <Point><coordinates>-72.44437519,-39.083708529</coordinates></Point>
  </Placemark>
  <Placemark id="infraestructura_portuaria.121">
	<ExtendedData><SchemaData schemaUrl="#infraestructura_portuaria">
		<SimpleData name="OBJECTID_1">121</SimpleData>
		<SimpleData name="OBJECTID">2580</SimpleData>
		<SimpleData name="CODOBRA">09-05</SimpleData>
		<SimpleData name="TIPOOBRA">10</SimpleData>
		<SimpleData name="DESCOBRA">RAMPA COIPUE 1</SimpleData>
		<SimpleData name="CODCOMUNA">FREIRE</SimpleData>
		<SimpleData name="LONMUROS">0</SimpleData>
		<SimpleData name="LONESCOLLE">0</SimpleData>
		<SimpleData name="LONMUELLE">0</SimpleData>
		<SimpleData name="LONRAMPCO">0</SimpleData>
		<SimpleData name="LONRAMPA">98</SimpleData>
		<SimpleData name="LONRAMPAVA">0</SimpleData>
		<SimpleData name="LONPONTON">0</SimpleData>
		<SimpleData name="LONCAMIAC">0</SimpleData>
		<SimpleData name="AREAEXPLAN">0</SimpleData>
		<SimpleData name="BOXUNI">0</SimpleData>
		<SimpleData name="BANO_UNI">0</SimpleData>
		<SimpleData name="TIPOGEOM">1</SimpleData>
		<SimpleData name="GLOBALID">{8AB85A55-FD6A-463F-8350-95395FA83534}</SimpleData>
		<SimpleData name="SALAREUNI">0</SimpleData>
		<SimpleData name="PLAYAARTIF">0</SimpleData>
		<SimpleData name="PASEOCOSTE">0</SimpleData>
		<SimpleData name="ESTADOGRAL">MUY BUENO</SimpleData>
		<SimpleData name="GRUAOPESC">0</SimpleData>
		<SimpleData name="LONSALAADM">0</SimpleData>
		<SimpleData name="LONSALVENT">0</SimpleData>
		<SimpleData name="SALAPROC">0</SimpleData>
		<SimpleData name="AREABODEGA">0</SimpleData>
		<SimpleData name="AREACAFRI">0</SimpleData>
		<SimpleData name="AREAREFUG">1</SimpleData>
		<SimpleData name="AREAGALPON">0</SimpleData>
		<SimpleData name="PROGRAMA">CONEXIÓN</SimpleData>
		<SimpleData name="IMAGEN">http://colabora.mop.gov.cl/sites/dop/dptopl/dp/Documentos%20compartidos/Imágenes%20para%20el%20Modelo%20de%20Datos/9-%20ARAUCANÍA/09-05.JPG</SimpleData>
		<SimpleData name="MXSITEID">DOP</SimpleData>
		<SimpleData name="COD_REG">0</SimpleData>
	</SchemaData></ExtendedData>
      <Point><coordinates>-72.4439758899999,-39.0827386079999</coordinates></Point>
  </Placemark>
  <Placemark id="infraestructura_portuaria.122">
	<ExtendedData><SchemaData schemaUrl="#infraestructura_portuaria">
		<SimpleData name="OBJECTID_1">122</SimpleData>
		<SimpleData name="OBJECTID">2581</SimpleData>
		<SimpleData name="CODOBRA">09-43</SimpleData>
		<SimpleData name="TIPOOBRA">10</SimpleData>
		<SimpleData name="DESCOBRA">RAMPA MONCUL 2</SimpleData>
		<SimpleData name="CODCOMUNA">CARAHUE</SimpleData>
		<SimpleData name="LONMUROS">0</SimpleData>
		<SimpleData name="LONESCOLLE">0</SimpleData>
		<SimpleData name="LONMUELLE">0</SimpleData>
		<SimpleData name="LONRAMPCO">0</SimpleData>
		<SimpleData name="LONRAMPA">63</SimpleData>
		<SimpleData name="LONRAMPAVA">0</SimpleData>
		<SimpleData name="LONPONTON">0</SimpleData>
		<SimpleData name="LONCAMIAC">68</SimpleData>
		<SimpleData name="AREAEXPLAN">0</SimpleData>
		<SimpleData name="BOXUNI">0</SimpleData>
		<SimpleData name="BANO_UNI">0</SimpleData>
		<SimpleData name="TIPOGEOM">1</SimpleData>
		<SimpleData name="GLOBALID">{EF792BE4-04F5-4E9E-8B8A-747D8A13757A}</SimpleData>
		<SimpleData name="SALAREUNI">0</SimpleData>
		<SimpleData name="PLAYAARTIF">0</SimpleData>
		<SimpleData name="PASEOCOSTE">0</SimpleData>
		<SimpleData name="ESTADOGRAL">REGULAR</SimpleData>
		<SimpleData name="GRUAOPESC">0</SimpleData>
		<SimpleData name="LONSALAADM">0</SimpleData>
		<SimpleData name="LONSALVENT">0</SimpleData>
		<SimpleData name="SALAPROC">0</SimpleData>
		<SimpleData name="AREABODEGA">0</SimpleData>
		<SimpleData name="AREACAFRI">0</SimpleData>
		<SimpleData name="AREAREFUG">0</SimpleData>
		<SimpleData name="AREAGALPON">0</SimpleData>
		<SimpleData name="PROGRAMA">CONEXIÓN</SimpleData>
		<SimpleData name="IMAGEN">http://colabora.mop.gov.cl/sites/dop/dptopl/dp/Documentos%20compartidos/Imágenes%20para%20el%20Modelo%20de%20Datos/9-%20ARAUCANÍA/09-43.JPG</SimpleData>
		<SimpleData name="MXSITEID">DOP</SimpleData>
		<SimpleData name="COD_REG">0</SimpleData>
	</SchemaData></ExtendedData>
      <Point><coordinates>-73.434058248,-38.7445185559999</coordinates></Point>
  </Placemark>
  <Placemark id="infraestructura_portuaria.123">
	<ExtendedData><SchemaData schemaUrl="#infraestructura_portuaria">
		<SimpleData name="OBJECTID_1">123</SimpleData>
		<SimpleData name="OBJECTID">2582</SimpleData>
		<SimpleData name="CODOBRA">09-42</SimpleData>
		<SimpleData name="TIPOOBRA">10</SimpleData>
		<SimpleData name="DESCOBRA">RAMPA MONCUL 1</SimpleData>
		<SimpleData name="CODCOMUNA">CARAHUE</SimpleData>
		<SimpleData name="LONMUROS">32</SimpleData>
		<SimpleData name="LONESCOLLE">10</SimpleData>
		<SimpleData name="LONMUELLE">0</SimpleData>
		<SimpleData name="LONRAMPCO">0</SimpleData>
		<SimpleData name="LONRAMPA">63</SimpleData>
		<SimpleData name="LONRAMPAVA">0</SimpleData>
		<SimpleData name="LONPONTON">0</SimpleData>
		<SimpleData name="LONCAMIAC">32</SimpleData>
		<SimpleData name="AREAEXPLAN">1260</SimpleData>
		<SimpleData name="BOXUNI">1</SimpleData>
		<SimpleData name="BANO_UNI">0</SimpleData>
		<SimpleData name="TIPOGEOM">1</SimpleData>
		<SimpleData name="GLOBALID">{375F52B0-6CB4-460B-BE8D-989B1DEAA9F9}</SimpleData>
		<SimpleData name="SALAREUNI">0</SimpleData>
		<SimpleData name="PLAYAARTIF">0</SimpleData>
		<SimpleData name="PASEOCOSTE">0</SimpleData>
		<SimpleData name="ESTADOGRAL">REGULAR</SimpleData>
		<SimpleData name="GRUAOPESC">0</SimpleData>
		<SimpleData name="LONSALAADM">0</SimpleData>
		<SimpleData name="LONSALVENT">0</SimpleData>
		<SimpleData name="SALAPROC">0</SimpleData>
		<SimpleData name="AREABODEGA">0</SimpleData>
		<SimpleData name="AREACAFRI">0</SimpleData>
		<SimpleData name="AREAREFUG">1</SimpleData>
		<SimpleData name="AREAGALPON">0</SimpleData>
		<SimpleData name="PROGRAMA">CONEXIÓN</SimpleData>
		<SimpleData name="IMAGEN">http://colabora.mop.gov.cl/sites/dop/dptopl/dp/Documentos%20compartidos/Imágenes%20para%20el%20Modelo%20de%20Datos/9-%20ARAUCANÍA/09-42.JPG</SimpleData>
		<SimpleData name="MXLOCATION">09102-02</SimpleData>
		<SimpleData name="MXSITEID">DOP</SimpleData>
		<SimpleData name="COD_REG">0</SimpleData>
	</SchemaData></ExtendedData>
      <Point><coordinates>-73.430780343,-38.742069116</coordinates></Point>
  </Placemark>
  <Placemark id="infraestructura_portuaria.124">
	<ExtendedData><SchemaData schemaUrl="#infraestructura_portuaria">
		<SimpleData name="OBJECTID_1">124</SimpleData>
		<SimpleData name="OBJECTID">2583</SimpleData>
		<SimpleData name="CODOBRA">09-41</SimpleData>
		<SimpleData name="TIPOOBRA">10</SimpleData>
		<SimpleData name="DESCOBRA">RAMPA NEHUENTUE 2</SimpleData>
		<SimpleData name="CODCOMUNA">CARAHUE</SimpleData>
		<SimpleData name="LONMUROS">0</SimpleData>
		<SimpleData name="LONESCOLLE">15</SimpleData>
		<SimpleData name="LONMUELLE">0</SimpleData>
		<SimpleData name="LONRAMPCO">0</SimpleData>
		<SimpleData name="LONRAMPA">120</SimpleData>
		<SimpleData name="LONRAMPAVA">0</SimpleData>
		<SimpleData name="LONPONTON">0</SimpleData>
		<SimpleData name="LONCAMIAC">0</SimpleData>
		<SimpleData name="AREAEXPLAN">0</SimpleData>
		<SimpleData name="BOXUNI">1</SimpleData>
		<SimpleData name="BANO_UNI">0</SimpleData>
		<SimpleData name="TIPOGEOM">1</SimpleData>
		<SimpleData name="GLOBALID">{6DA8F5DC-BE31-4DE4-8085-D0EA952BE36B}</SimpleData>
		<SimpleData name="SALAREUNI">0</SimpleData>
		<SimpleData name="PLAYAARTIF">0</SimpleData>
		<SimpleData name="PASEOCOSTE">0</SimpleData>
		<SimpleData name="ESTADOGRAL">MUY BUENO</SimpleData>
		<SimpleData name="GRUAOPESC">0</SimpleData>
		<SimpleData name="LONSALAADM">0</SimpleData>
		<SimpleData name="LONSALVENT">0</SimpleData>
		<SimpleData name="SALAPROC">0</SimpleData>
		<SimpleData name="AREABODEGA">0</SimpleData>
		<SimpleData name="AREACAFRI">0</SimpleData>
		<SimpleData name="AREAREFUG">1</SimpleData>
		<SimpleData name="AREAGALPON">0</SimpleData>
		<SimpleData name="PROGRAMA">CONEXIÓN</SimpleData>
		<SimpleData name="IMAGEN">http://colabora.mop.gov.cl/sites/dop/dptopl/dp/Documentos%20compartidos/Imágenes%20para%20el%20Modelo%20de%20Datos/9-%20ARAUCANÍA/09-41.JPG</SimpleData>
		<SimpleData name="MXSITEID">DOP</SimpleData>
		<SimpleData name="COD_REG">0</SimpleData>
	</SchemaData></ExtendedData>
      <Point><coordinates>-73.4081421609999,-38.745565873</coordinates></Point>
  </Placemark>
  <Placemark id="infraestructura_portuaria.125">
	<ExtendedData><SchemaData schemaUrl="#infraestructura_portuaria">
		<SimpleData name="OBJECTID_1">125</SimpleData>
		<SimpleData name="OBJECTID">2802</SimpleData>
		<SimpleData name="CODOBRA">12-06</SimpleData>
		<SimpleData name="TIPOOBRA">6</SimpleData>
		<SimpleData name="DESCOBRA">CALETA PESQUERA BARRANCO AMARILLO</SimpleData>
		<SimpleData name="CODCOMUNA">MAGALLANES</SimpleData>
		<SimpleData name="LONMUROS">150</SimpleData>
		<SimpleData name="LONESCOLLE">0</SimpleData>
		<SimpleData name="LONMUELLE">250</SimpleData>
		<SimpleData name="LONRAMPCO">0</SimpleData>
		<SimpleData name="LONRAMPA">0</SimpleData>
		<SimpleData name="LONRAMPAVA">0</SimpleData>
		<SimpleData name="LONPONTON">0</SimpleData>
		<SimpleData name="LONCAMIAC">0</SimpleData>
		<SimpleData name="AREAEXPLAN">4300</SimpleData>
		<SimpleData name="BOXUNI">6</SimpleData>
		<SimpleData name="BANO_UNI">5</SimpleData>
		<SimpleData name="TIPOGEOM">1</SimpleData>
		<SimpleData name="GLOBALID">{11319FF1-8791-4A0B-9E3C-C3CCEA166B4E}</SimpleData>
		<SimpleData name="SALAREUNI">1</SimpleData>
		<SimpleData name="PLAYAARTIF">0</SimpleData>
		<SimpleData name="PASEOCOSTE">0</SimpleData>
		<SimpleData name="ESTADOGRAL">BUENO</SimpleData>
		<SimpleData name="GRUAOPESC">1</SimpleData>
		<SimpleData name="LONSALAADM">1</SimpleData>
		<SimpleData name="LONSALVENT">0</SimpleData>
		<SimpleData name="SALAPROC">0</SimpleData>
		<SimpleData name="AREABODEGA">0</SimpleData>
		<SimpleData name="AREACAFRI">0</SimpleData>
		<SimpleData name="AREAREFUG">0</SimpleData>
		<SimpleData name="AREAGALPON">0</SimpleData>
		<SimpleData name="PROGRAMA">PESCA ARTESANAL</SimpleData>
		<SimpleData name="IMAGEN">http://colabora.mop.gov.cl/sites/dop/dptopl/dp/Documentos%20compartidos/Imágenes%20para%20el%20Modelo%20de%20Datos/12-%20MAGALLANES/12-06.jpg</SimpleData>
		<SimpleData name="MXLOCATION">12101-06</SimpleData>
		<SimpleData name="MXSITEID">DOP</SimpleData>
		<SimpleData name="COD_REG">0</SimpleData>
	</SchemaData></ExtendedData>
      <Point><coordinates>-70.8750989439999,-53.095980955</coordinates></Point>
  </Placemark>
  <Placemark id="infraestructura_portuaria.126">
	<ExtendedData><SchemaData schemaUrl="#infraestructura_portuaria">
		<SimpleData name="OBJECTID_1">126</SimpleData>
		<SimpleData name="OBJECTID">2805</SimpleData>
		<SimpleData name="CODOBRA">11-46</SimpleData>
		<SimpleData name="TIPOOBRA">6</SimpleData>
		<SimpleData name="DESCOBRA">MUELLE LAGO PALOMA</SimpleData>
		<SimpleData name="CODCOMUNA">AISEN</SimpleData>
		<SimpleData name="LONMUROS">79</SimpleData>
		<SimpleData name="LONESCOLLE">0</SimpleData>
		<SimpleData name="LONMUELLE">69</SimpleData>
		<SimpleData name="LONRAMPCO">0</SimpleData>
		<SimpleData name="LONRAMPA">0</SimpleData>
		<SimpleData name="LONRAMPAVA">0</SimpleData>
		<SimpleData name="LONPONTON">0</SimpleData>
		<SimpleData name="LONCAMIAC">66</SimpleData>
		<SimpleData name="AREAEXPLAN">224.9</SimpleData>
		<SimpleData name="BOXUNI">0</SimpleData>
		<SimpleData name="BANO_UNI">0</SimpleData>
		<SimpleData name="TIPOGEOM">1</SimpleData>
		<SimpleData name="GLOBALID">{D217F45F-85F7-41B0-8D87-181D199D61B3}</SimpleData>
		<SimpleData name="SALAREUNI">0</SimpleData>
		<SimpleData name="PLAYAARTIF">0</SimpleData>
		<SimpleData name="PASEOCOSTE">0</SimpleData>
		<SimpleData name="ESTADOGRAL">BUENO</SimpleData>
		<SimpleData name="GRUAOPESC">0</SimpleData>
		<SimpleData name="LONSALAADM">0</SimpleData>
		<SimpleData name="LONSALVENT">0</SimpleData>
		<SimpleData name="SALAPROC">0</SimpleData>
		<SimpleData name="AREABODEGA">0</SimpleData>
		<SimpleData name="AREACAFRI">0</SimpleData>
		<SimpleData name="AREAREFUG">0</SimpleData>
		<SimpleData name="AREAGALPON">0</SimpleData>
		<SimpleData name="PROGRAMA">CONEXIÓN</SimpleData>
		<SimpleData name="IMAGEN">http://colabora.mop.gov.cl/sites/dop/dptopl/dp/Documentos%20compartidos/Imágenes%20para%20el%20Modelo%20de%20Datos/11-%20AYSÉN/11-46.JPG</SimpleData>
		<SimpleData name="MXLOCATION">11402-37</SimpleData>
		<SimpleData name="MXSITEID">DOP</SimpleData>
		<SimpleData name="COD_REG">0</SimpleData>
	</SchemaData></ExtendedData>
      <Point><coordinates>-72.0679452379999,-45.878511953</coordinates></Point>
  </Placemark>
  <Placemark id="infraestructura_portuaria.127">
	<ExtendedData><SchemaData schemaUrl="#infraestructura_portuaria">
		<SimpleData name="OBJECTID_1">127</SimpleData>
		<SimpleData name="OBJECTID">2806</SimpleData>
		<SimpleData name="CODOBRA">11-45</SimpleData>
		<SimpleData name="TIPOOBRA">6</SimpleData>
		<SimpleData name="DESCOBRA">MUELLE RIO TRANQUILO</SimpleData>
		<SimpleData name="CODCOMUNA">AISEN</SimpleData>
		<SimpleData name="LONMUROS">0</SimpleData>
		<SimpleData name="LONESCOLLE">0</SimpleData>
		<SimpleData name="LONMUELLE">43</SimpleData>
		<SimpleData name="LONRAMPCO">0</SimpleData>
		<SimpleData name="LONRAMPA">0</SimpleData>
		<SimpleData name="LONRAMPAVA">0</SimpleData>
		<SimpleData name="LONPONTON">0</SimpleData>
		<SimpleData name="LONCAMIAC">170</SimpleData>
		<SimpleData name="AREAEXPLAN">353</SimpleData>
		<SimpleData name="BOXUNI">0</SimpleData>
		<SimpleData name="BANO_UNI">0</SimpleData>
		<SimpleData name="TIPOGEOM">1</SimpleData>
		<SimpleData name="GLOBALID">{C88A8075-17E3-46E6-8BA7-6568C345184F}</SimpleData>
		<SimpleData name="SALAREUNI">0</SimpleData>
		<SimpleData name="PLAYAARTIF">0</SimpleData>
		<SimpleData name="PASEOCOSTE">0</SimpleData>
		<SimpleData name="ESTADOGRAL">BUENO</SimpleData>
		<SimpleData name="GRUAOPESC">0</SimpleData>
		<SimpleData name="LONSALAADM">0</SimpleData>
		<SimpleData name="LONSALVENT">0</SimpleData>
		<SimpleData name="SALAPROC">0</SimpleData>
		<SimpleData name="AREABODEGA">0</SimpleData>
		<SimpleData name="AREACAFRI">0</SimpleData>
		<SimpleData name="AREAREFUG">0</SimpleData>
		<SimpleData name="AREAGALPON">0</SimpleData>
		<SimpleData name="PROGRAMA">CONEXIÓN</SimpleData>
		<SimpleData name="IMAGEN">http://colabora.mop.gov.cl/sites/dop/dptopl/dp/Documentos%20compartidos/Imágenes%20para%20el%20Modelo%20de%20Datos/11-%20AYSÉN/11-45.JPG</SimpleData>
		<SimpleData name="MXLOCATION">11401-36</SimpleData>
		<SimpleData name="MXSITEID">DOP</SimpleData>
		<SimpleData name="COD_REG">0</SimpleData>
	</SchemaData></ExtendedData>
      <Point><coordinates>-72.6732850559999,-46.619409888</coordinates></Point>
  </Placemark>
  <Placemark id="infraestructura_portuaria.128">
	<ExtendedData><SchemaData schemaUrl="#infraestructura_portuaria">
		<SimpleData name="OBJECTID_1">128</SimpleData>
		<SimpleData name="OBJECTID">2807</SimpleData>
		<SimpleData name="CODOBRA">11-44</SimpleData>
		<SimpleData name="TIPOOBRA">6</SimpleData>
		<SimpleData name="DESCOBRA">MUELLE PUERTO BERTRAND</SimpleData>
		<SimpleData name="CODCOMUNA">AISEN</SimpleData>
		<SimpleData name="LONMUROS">31</SimpleData>
		<SimpleData name="LONESCOLLE">0</SimpleData>
		<SimpleData name="LONMUELLE">41</SimpleData>
		<SimpleData name="LONRAMPCO">0</SimpleData>
		<SimpleData name="LONRAMPA">0</SimpleData>
		<SimpleData name="LONRAMPAVA">0</SimpleData>
		<SimpleData name="LONPONTON">0</SimpleData>
		<SimpleData name="LONCAMIAC">55</SimpleData>
		<SimpleData name="AREAEXPLAN">44.16</SimpleData>
		<SimpleData name="BOXUNI">0</SimpleData>
		<SimpleData name="BANO_UNI">0</SimpleData>
		<SimpleData name="TIPOGEOM">1</SimpleData>
		<SimpleData name="GLOBALID">{BC6D7DBA-E790-4719-81E1-1EA9BB994BF3}</SimpleData>
		<SimpleData name="SALAREUNI">0</SimpleData>
		<SimpleData name="PLAYAARTIF">0</SimpleData>
		<SimpleData name="PASEOCOSTE">0</SimpleData>
		<SimpleData name="ESTADOGRAL">BUENO</SimpleData>
		<SimpleData name="GRUAOPESC">0</SimpleData>
		<SimpleData name="LONSALAADM">0</SimpleData>
		<SimpleData name="LONSALVENT">0</SimpleData>
		<SimpleData name="SALAPROC">0</SimpleData>
		<SimpleData name="AREABODEGA">0</SimpleData>
		<SimpleData name="AREACAFRI">0</SimpleData>
		<SimpleData name="AREAREFUG">0</SimpleData>
		<SimpleData name="AREAGALPON">0</SimpleData>
		<SimpleData name="PROGRAMA">CONEXIÓN</SimpleData>
		<SimpleData name="IMAGEN">http://colabora.mop.gov.cl/sites/dop/dptopl/dp/Documentos%20compartidos/Imágenes%20para%20el%20Modelo%20de%20Datos/11-%20AYSÉN/11-44.JPG</SimpleData>
		<SimpleData name="MXLOCATION">11401-35</SimpleData>
		<SimpleData name="MXSITEID">DOP</SimpleData>
		<SimpleData name="COD_REG">0</SimpleData>
	</SchemaData></ExtendedData>
      <Point><coordinates>-72.830338924,-47.0164380149999</coordinates></Point>
  </Placemark>
  <Placemark id="infraestructura_portuaria.129">
	<ExtendedData><SchemaData schemaUrl="#infraestructura_portuaria">
		<SimpleData name="OBJECTID_1">129</SimpleData>
		<SimpleData name="OBJECTID">2808</SimpleData>
		<SimpleData name="CODOBRA">11-43</SimpleData>
		<SimpleData name="TIPOOBRA">6</SimpleData>
		<SimpleData name="DESCOBRA">MUELLE GUADAL</SimpleData>
		<SimpleData name="CODCOMUNA">AISEN</SimpleData>
		<SimpleData name="LONMUROS">40</SimpleData>
		<SimpleData name="LONESCOLLE">0</SimpleData>
		<SimpleData name="LONMUELLE">108</SimpleData>
		<SimpleData name="LONRAMPCO">0</SimpleData>
		<SimpleData name="LONRAMPA">151</SimpleData>
		<SimpleData name="LONRAMPAVA">0</SimpleData>
		<SimpleData name="LONPONTON">0</SimpleData>
		<SimpleData name="LONCAMIAC">70</SimpleData>
		<SimpleData name="AREAEXPLAN">120</SimpleData>
		<SimpleData name="BOXUNI">0</SimpleData>
		<SimpleData name="BANO_UNI">0</SimpleData>
		<SimpleData name="TIPOGEOM">1</SimpleData>
		<SimpleData name="GLOBALID">{24F8326F-69F8-4F70-BE89-46C60D0D6865}</SimpleData>
		<SimpleData name="SALAREUNI">0</SimpleData>
		<SimpleData name="PLAYAARTIF">0</SimpleData>
		<SimpleData name="PASEOCOSTE">0</SimpleData>
		<SimpleData name="ESTADOGRAL">BUENO</SimpleData>
		<SimpleData name="GRUAOPESC">0</SimpleData>
		<SimpleData name="LONSALAADM">0</SimpleData>
		<SimpleData name="LONSALVENT">0</SimpleData>
		<SimpleData name="SALAPROC">0</SimpleData>
		<SimpleData name="AREABODEGA">0</SimpleData>
		<SimpleData name="AREACAFRI">0</SimpleData>
		<SimpleData name="AREAREFUG">0</SimpleData>
		<SimpleData name="AREAGALPON">0</SimpleData>
		<SimpleData name="PROGRAMA">CONEXIÓN</SimpleData>
		<SimpleData name="IMAGEN">http://colabora.mop.gov.cl/sites/dop/dptopl/dp/Documentos%20compartidos/Imágenes%20para%20el%20Modelo%20de%20Datos/11-%20AYSÉN/11-43.JPG</SimpleData>
		<SimpleData name="MXLOCATION">11401-34</SimpleData>
		<SimpleData name="MXSITEID">DOP</SimpleData>
		<SimpleData name="COD_REG">0</SimpleData>
	</SchemaData></ExtendedData>
      <Point><coordinates>-72.701757384,-46.8400202349999</coordinates></Point>
  </Placemark>
  <Placemark id="infraestructura_portuaria.130">
	<ExtendedData><SchemaData schemaUrl="#infraestructura_portuaria">
		<SimpleData name="OBJECTID_1">130</SimpleData>
		<SimpleData name="OBJECTID">2809</SimpleData>
		<SimpleData name="CODOBRA">11-42</SimpleData>
		<SimpleData name="TIPOOBRA">6</SimpleData>
		<SimpleData name="DESCOBRA">MUELLE MALLIN GRANDE</SimpleData>
		<SimpleData name="CODCOMUNA">AISEN</SimpleData>
		<SimpleData name="LONMUROS">0</SimpleData>
		<SimpleData name="LONESCOLLE">0</SimpleData>
		<SimpleData name="LONMUELLE">141</SimpleData>
		<SimpleData name="LONRAMPCO">0</SimpleData>
		<SimpleData name="LONRAMPA">151</SimpleData>
		<SimpleData name="LONRAMPAVA">0</SimpleData>
		<SimpleData name="LONPONTON">0</SimpleData>
		<SimpleData name="LONCAMIAC">200</SimpleData>
		<SimpleData name="AREAEXPLAN">0</SimpleData>
		<SimpleData name="BOXUNI">0</SimpleData>
		<SimpleData name="BANO_UNI">0</SimpleData>
		<SimpleData name="TIPOGEOM">1</SimpleData>
		<SimpleData name="GLOBALID">{4BBD5F77-5D96-4301-A712-62196DE862CD}</SimpleData>
		<SimpleData name="SALAREUNI">0</SimpleData>
		<SimpleData name="PLAYAARTIF">0</SimpleData>
		<SimpleData name="PASEOCOSTE">0</SimpleData>
		<SimpleData name="ESTADOGRAL">MUY MALO</SimpleData>
		<SimpleData name="GRUAOPESC">0</SimpleData>
		<SimpleData name="LONSALAADM">0</SimpleData>
		<SimpleData name="LONSALVENT">0</SimpleData>
		<SimpleData name="SALAPROC">0</SimpleData>
		<SimpleData name="AREABODEGA">0</SimpleData>
		<SimpleData name="AREACAFRI">0</SimpleData>
		<SimpleData name="AREAREFUG">0</SimpleData>
		<SimpleData name="AREAGALPON">0</SimpleData>
		<SimpleData name="PROGRAMA">CONEXIÓN</SimpleData>
		<SimpleData name="IMAGEN">http://colabora.mop.gov.cl/sites/dop/dptopl/dp/Documentos%20compartidos/Imágenes%20para%20el%20Modelo%20de%20Datos/11-%20AYSÉN/11-42.JPG</SimpleData>
		<SimpleData name="MXLOCATION">11401-33</SimpleData>
		<SimpleData name="MXSITEID">DOP</SimpleData>
		<SimpleData name="COD_REG">0</SimpleData>
	</SchemaData></ExtendedData>
      <Point><coordinates>-72.4449277419999,-46.688807347</coordinates></Point>
  </Placemark>
  <Placemark id="infraestructura_portuaria.131">
	<ExtendedData><SchemaData schemaUrl="#infraestructura_portuaria">
		<SimpleData name="OBJECTID_1">131</SimpleData>
		<SimpleData name="OBJECTID">2810</SimpleData>
		<SimpleData name="CODOBRA">11-40</SimpleData>
		<SimpleData name="TIPOOBRA">8</SimpleData>
		<SimpleData name="DESCOBRA">COSTANERA CHILE CHICO</SimpleData>
		<SimpleData name="CODCOMUNA">AISEN</SimpleData>
		<SimpleData name="LONMUROS">574</SimpleData>
		<SimpleData name="LONESCOLLE">0</SimpleData>
		<SimpleData name="LONMUELLE">0</SimpleData>
		<SimpleData name="LONRAMPCO">0</SimpleData>
		<SimpleData name="LONRAMPA">0</SimpleData>
		<SimpleData name="LONRAMPAVA">0</SimpleData>
		<SimpleData name="LONPONTON">0</SimpleData>
		<SimpleData name="LONCAMIAC">0</SimpleData>
		<SimpleData name="AREAEXPLAN">0</SimpleData>
		<SimpleData name="BOXUNI">0</SimpleData>
		<SimpleData name="BANO_UNI">0</SimpleData>
		<SimpleData name="TIPOGEOM">1</SimpleData>
		<SimpleData name="GLOBALID">{BF6B49DD-B225-427F-B2F8-3B9C1163178E}</SimpleData>
		<SimpleData name="SALAREUNI">0</SimpleData>
		<SimpleData name="PLAYAARTIF">0</SimpleData>
		<SimpleData name="PASEOCOSTE">0</SimpleData>
		<SimpleData name="ESTADOGRAL">MUY BUENO</SimpleData>
		<SimpleData name="GRUAOPESC">0</SimpleData>
		<SimpleData name="LONSALAADM">0</SimpleData>
		<SimpleData name="LONSALVENT">0</SimpleData>
		<SimpleData name="SALAPROC">0</SimpleData>
		<SimpleData name="AREABODEGA">0</SimpleData>
		<SimpleData name="AREACAFRI">0</SimpleData>
		<SimpleData name="AREAREFUG">0</SimpleData>
		<SimpleData name="AREAGALPON">0</SimpleData>
		<SimpleData name="PROGRAMA">MEJORAMIENTO DE BORDE COSTERO</SimpleData>
		<SimpleData name="IMAGEN">http://colabora.mop.gov.cl/sites/dop/dptopl/dp/Documentos%20compartidos/Imágenes%20para%20el%20Modelo%20de%20Datos/11-%20AYSÉN/11-40.JPG</SimpleData>
		<SimpleData name="MXLOCATION">11401-31</SimpleData>
		<SimpleData name="MXSITEID">DOP</SimpleData>
		<SimpleData name="COD_REG">0</SimpleData>
	</SchemaData></ExtendedData>
      <Point><coordinates>-71.7291968499999,-46.53642308</coordinates></Point>
  </Placemark>
  <Placemark id="infraestructura_portuaria.132">
	<ExtendedData><SchemaData schemaUrl="#infraestructura_portuaria">
		<SimpleData name="OBJECTID_1">132</SimpleData>
		<SimpleData name="OBJECTID">2811</SimpleData>
		<SimpleData name="CODOBRA">11-09</SimpleData>
		<SimpleData name="TIPOOBRA">8</SimpleData>
		<SimpleData name="DESCOBRA">COSTANERA PUERTO CISNE</SimpleData>
		<SimpleData name="CODCOMUNA">CISNES</SimpleData>
		<SimpleData name="LONMUROS">851</SimpleData>
		<SimpleData name="LONESCOLLE">0</SimpleData>
		<SimpleData name="LONMUELLE">0</SimpleData>
		<SimpleData name="LONRAMPCO">0</SimpleData>
		<SimpleData name="LONRAMPA">0</SimpleData>
		<SimpleData name="LONRAMPAVA">3044</SimpleData>
		<SimpleData name="LONPONTON">0</SimpleData>
		<SimpleData name="LONCAMIAC">0</SimpleData>
		<SimpleData name="AREAEXPLAN">0</SimpleData>
		<SimpleData name="BOXUNI">0</SimpleData>
		<SimpleData name="BANO_UNI">0</SimpleData>
		<SimpleData name="TIPOGEOM">1</SimpleData>
		<SimpleData name="GLOBALID">{F062382E-E01E-47B4-8F69-69DA92C5AB02}</SimpleData>
		<SimpleData name="SALAREUNI">0</SimpleData>
		<SimpleData name="PLAYAARTIF">0</SimpleData>
		<SimpleData name="PASEOCOSTE">4715</SimpleData>
		<SimpleData name="ESTADOGRAL">BUENO</SimpleData>
		<SimpleData name="GRUAOPESC">0</SimpleData>
		<SimpleData name="LONSALAADM">0</SimpleData>
		<SimpleData name="LONSALVENT">0</SimpleData>
		<SimpleData name="SALAPROC">0</SimpleData>
		<SimpleData name="AREABODEGA">0</SimpleData>
		<SimpleData name="AREACAFRI">0</SimpleData>
		<SimpleData name="AREAREFUG">0</SimpleData>
		<SimpleData name="AREAGALPON">0</SimpleData>
		<SimpleData name="PROGRAMA">MEJORAMIENTO DE BORDE COSTERO</SimpleData>
		<SimpleData name="IMAGEN">http://colabora.mop.gov.cl/sites/dop/dptopl/dp/Documentos%20compartidos/Imágenes%20para%20el%20Modelo%20de%20Datos/11-%20AYSÉN/11-09.JPG</SimpleData>
		<SimpleData name="MXSITEID">DOP</SimpleData>
		<SimpleData name="COD_REG">0</SimpleData>
	</SchemaData></ExtendedData>
      <Point><coordinates>-72.68256253,-44.7351848</coordinates></Point>
  </Placemark>
  <Placemark id="infraestructura_portuaria.133">
	<ExtendedData><SchemaData schemaUrl="#infraestructura_portuaria">
		<SimpleData name="OBJECTID_1">133</SimpleData>
		<SimpleData name="OBJECTID">2812</SimpleData>
		<SimpleData name="CODOBRA">01-02</SimpleData>
		<SimpleData name="TIPOOBRA">8</SimpleData>
		<SimpleData name="DESCOBRA">MURO COSTERO MUSEO CORBETA ESMERALDA</SimpleData>
		<SimpleData name="CODCOMUNA">IQUIQUE</SimpleData>
		<SimpleData name="LONMUROS">175</SimpleData>
		<SimpleData name="LONESCOLLE">183</SimpleData>
		<SimpleData name="LONMUELLE">0</SimpleData>
		<SimpleData name="LONRAMPCO">0</SimpleData>
		<SimpleData name="LONRAMPA">0</SimpleData>
		<SimpleData name="LONRAMPAVA">0</SimpleData>
		<SimpleData name="LONPONTON">0</SimpleData>
		<SimpleData name="LONCAMIAC">0</SimpleData>
		<SimpleData name="AREAEXPLAN">0</SimpleData>
		<SimpleData name="BOXUNI">0</SimpleData>
		<SimpleData name="BANO_UNI">0</SimpleData>
		<SimpleData name="TIPOGEOM">1</SimpleData>
		<SimpleData name="GLOBALID">{45C9FDE8-D3DE-4269-8BD1-1D5AC36866E9}</SimpleData>
		<SimpleData name="SALAREUNI">0</SimpleData>
		<SimpleData name="PLAYAARTIF">0</SimpleData>
		<SimpleData name="PASEOCOSTE">0</SimpleData>
		<SimpleData name="ESTADOGRAL">MUY BUENO</SimpleData>
		<SimpleData name="GRUAOPESC">0</SimpleData>
		<SimpleData name="LONSALAADM">0</SimpleData>
		<SimpleData name="LONSALVENT">0</SimpleData>
		<SimpleData name="SALAPROC">0</SimpleData>
		<SimpleData name="AREABODEGA">0</SimpleData>
		<SimpleData name="AREACAFRI">0</SimpleData>
		<SimpleData name="AREAREFUG">0</SimpleData>
		<SimpleData name="AREAGALPON">0</SimpleData>
		<SimpleData name="PROGRAMA">PROTECCION DE RIBERA</SimpleData>
		<SimpleData name="IMAGEN">http://colabora.mop.gov.cl/sites/dop/dptopl/dp/Documentos%20compartidos/Imágenes%20para%20el%20Modelo%20de%20Datos/1-%20TARAPACÁ/1-02.jpg</SimpleData>
		<SimpleData name="MXLOCATION">01101-10</SimpleData>
		<SimpleData name="MXSITEID">DOP</SimpleData>
		<SimpleData name="COD_REG">0</SimpleData>
	</SchemaData></ExtendedData>
      <Point><coordinates>-70.151858561,-20.2100259499999</coordinates></Point>
  </Placemark>
  <Placemark id="infraestructura_portuaria.134">
	<ExtendedData><SchemaData schemaUrl="#infraestructura_portuaria">
		<SimpleData name="OBJECTID_1">134</SimpleData>
		<SimpleData name="OBJECTID">2815</SimpleData>
		<SimpleData name="CODOBRA">09-44</SimpleData>
		<SimpleData name="TIPOOBRA">8</SimpleData>
		<SimpleData name="DESCOBRA">MURO PUERTO SAAVEDRA</SimpleData>
		<SimpleData name="CODCOMUNA">SAAVEDRA</SimpleData>
		<SimpleData name="LONMUROS">1934</SimpleData>
		<SimpleData name="LONESCOLLE">153</SimpleData>
		<SimpleData name="LONMUELLE">0</SimpleData>
		<SimpleData name="LONRAMPCO">0</SimpleData>
		<SimpleData name="LONRAMPA">0</SimpleData>
		<SimpleData name="LONRAMPAVA">0</SimpleData>
		<SimpleData name="LONPONTON">0</SimpleData>
		<SimpleData name="LONCAMIAC">0</SimpleData>
		<SimpleData name="AREAEXPLAN">0</SimpleData>
		<SimpleData name="BOXUNI">0</SimpleData>
		<SimpleData name="BANO_UNI">0</SimpleData>
		<SimpleData name="TIPOGEOM">1</SimpleData>
		<SimpleData name="GLOBALID">{43789B43-297E-4FD3-9C66-150E430E254A}</SimpleData>
		<SimpleData name="SALAREUNI">0</SimpleData>
		<SimpleData name="PLAYAARTIF">0</SimpleData>
		<SimpleData name="PASEOCOSTE">0</SimpleData>
		<SimpleData name="ESTADOGRAL">BUENO</SimpleData>
		<SimpleData name="GRUAOPESC">0</SimpleData>
		<SimpleData name="LONSALAADM">0</SimpleData>
		<SimpleData name="LONSALVENT">0</SimpleData>
		<SimpleData name="SALAPROC">0</SimpleData>
		<SimpleData name="AREABODEGA">0</SimpleData>
		<SimpleData name="AREACAFRI">0</SimpleData>
		<SimpleData name="AREAREFUG">0</SimpleData>
		<SimpleData name="AREAGALPON">0</SimpleData>
		<SimpleData name="PROGRAMA">PROTECCION DE RIBERA</SimpleData>
		<SimpleData name="IMAGEN">http://colabora.mop.gov.cl/sites/dop/dptopl/dp/Documentos%20compartidos/Imágenes%20para%20el%20Modelo%20de%20Datos/9-%20ARAUCANÍA/09-44.JPG</SimpleData>
		<SimpleData name="MXLOCATION">09116-20</SimpleData>
		<SimpleData name="MXSITEID">DOP</SimpleData>
		<SimpleData name="COD_REG">0</SimpleData>
	</SchemaData></ExtendedData>
      <Point><coordinates>-73.401320605,-38.7951184359999</coordinates></Point>
  </Placemark>
  <Placemark id="infraestructura_portuaria.135">
	<ExtendedData><SchemaData schemaUrl="#infraestructura_portuaria">
		<SimpleData name="OBJECTID_1">135</SimpleData>
		<SimpleData name="OBJECTID">2818</SimpleData>
		<SimpleData name="CODOBRA">05-27</SimpleData>
		<SimpleData name="TIPOOBRA">6</SimpleData>
		<SimpleData name="DESCOBRA">MUELLE PACHECO ALTAMIRANO</SimpleData>
		<SimpleData name="CODCOMUNA">SAN ANTONIO</SimpleData>
		<SimpleData name="LONMUROS">40</SimpleData>
		<SimpleData name="LONESCOLLE">40</SimpleData>
		<SimpleData name="LONMUELLE">55</SimpleData>
		<SimpleData name="LONRAMPCO">0</SimpleData>
		<SimpleData name="LONRAMPA">0</SimpleData>
		<SimpleData name="LONRAMPAVA">0</SimpleData>
		<SimpleData name="LONPONTON">0</SimpleData>
		<SimpleData name="LONCAMIAC">0</SimpleData>
		<SimpleData name="AREAEXPLAN">40</SimpleData>
		<SimpleData name="BOXUNI">12</SimpleData>
		<SimpleData name="BANO_UNI">2</SimpleData>
		<SimpleData name="TIPOGEOM">1</SimpleData>
		<SimpleData name="GLOBALID">{99ACB2FD-1BE9-41CC-855C-0C84E185F204}</SimpleData>
		<SimpleData name="SALAREUNI">0</SimpleData>
		<SimpleData name="PLAYAARTIF">0</SimpleData>
		<SimpleData name="PASEOCOSTE">0</SimpleData>
		<SimpleData name="ESTADOGRAL">MALO</SimpleData>
		<SimpleData name="GRUAOPESC">0</SimpleData>
		<SimpleData name="LONSALAADM">0</SimpleData>
		<SimpleData name="LONSALVENT">0</SimpleData>
		<SimpleData name="SALAPROC">0</SimpleData>
		<SimpleData name="AREABODEGA">0</SimpleData>
		<SimpleData name="AREACAFRI">0</SimpleData>
		<SimpleData name="AREAREFUG">0</SimpleData>
		<SimpleData name="AREAGALPON">0</SimpleData>
		<SimpleData name="PROGRAMA">PESCA ARTESANAL</SimpleData>
		<SimpleData name="IMAGEN">http://colabora.mop.gov.cl/sites/dop/dptopl/dp/Documentos%20compartidos/Imágenes%20para%20el%20Modelo%20de%20Datos/5-%20VALPARAÍSO/05-27.JPG</SimpleData>
		<SimpleData name="MXLOCATION">05601-10</SimpleData>
		<SimpleData name="MXSITEID">DOP</SimpleData>
		<SimpleData name="COD_REG">0</SimpleData>
	</SchemaData></ExtendedData>
      <Point><coordinates>-71.615410432,-33.581336603</coordinates></Point>
  </Placemark>
  <Placemark id="infraestructura_portuaria.136">
	<ExtendedData><SchemaData schemaUrl="#infraestructura_portuaria">
		<SimpleData name="OBJECTID_1">136</SimpleData>
		<SimpleData name="OBJECTID">2819</SimpleData>
		<SimpleData name="CODOBRA">05-11</SimpleData>
		<SimpleData name="TIPOOBRA">6</SimpleData>
		<SimpleData name="DESCOBRA">EL EMBARCADERO</SimpleData>
		<SimpleData name="CODCOMUNA">QUINTERO</SimpleData>
		<SimpleData name="LONMUROS">43</SimpleData>
		<SimpleData name="LONESCOLLE">0</SimpleData>
		<SimpleData name="LONMUELLE">32</SimpleData>
		<SimpleData name="LONRAMPCO">0</SimpleData>
		<SimpleData name="LONRAMPA">0</SimpleData>
		<SimpleData name="LONRAMPAVA">0</SimpleData>
		<SimpleData name="LONPONTON">0</SimpleData>
		<SimpleData name="LONCAMIAC">0</SimpleData>
		<SimpleData name="AREAEXPLAN">32</SimpleData>
		<SimpleData name="BOXUNI">20</SimpleData>
		<SimpleData name="BANO_UNI">6</SimpleData>
		<SimpleData name="TIPOGEOM">1</SimpleData>
		<SimpleData name="GLOBALID">{7F0D7FA2-6F8C-4B24-B227-73494CC95FA6}</SimpleData>
		<SimpleData name="SALAREUNI">1</SimpleData>
		<SimpleData name="PLAYAARTIF">0</SimpleData>
		<SimpleData name="PASEOCOSTE">0</SimpleData>
		<SimpleData name="ESTADOGRAL">BUENO</SimpleData>
		<SimpleData name="GRUAOPESC">0</SimpleData>
		<SimpleData name="LONSALAADM">1</SimpleData>
		<SimpleData name="LONSALVENT">0</SimpleData>
		<SimpleData name="SALAPROC">0</SimpleData>
		<SimpleData name="AREABODEGA">1</SimpleData>
		<SimpleData name="AREACAFRI">0</SimpleData>
		<SimpleData name="AREAREFUG">0</SimpleData>
		<SimpleData name="AREAGALPON">0</SimpleData>
		<SimpleData name="PROGRAMA">PESCA ARTESANAL</SimpleData>
		<SimpleData name="IMAGEN">http://colabora.mop.gov.cl/sites/dop/dptopl/dp/Documentos%20compartidos/Imágenes%20para%20el%20Modelo%20de%20Datos/5-%20VALPARAÍSO/05-11.JPG</SimpleData>
		<SimpleData name="MXLOCATION">05107-21</SimpleData>
		<SimpleData name="MXSITEID">DOP</SimpleData>
		<SimpleData name="COD_REG">0</SimpleData>
	</SchemaData></ExtendedData>
      <Point><coordinates>-71.526311659,-32.7785519079999</coordinates></Point>
  </Placemark>
  <Placemark id="infraestructura_portuaria.137">
	<ExtendedData><SchemaData schemaUrl="#infraestructura_portuaria">
		<SimpleData name="OBJECTID_1">137</SimpleData>
		<SimpleData name="OBJECTID">2826</SimpleData>
		<SimpleData name="CODOBRA">05-21</SimpleData>
		<SimpleData name="TIPOOBRA">9</SimpleData>
		<SimpleData name="DESCOBRA">PASEO WHEELRIGHT</SimpleData>
		<SimpleData name="CODCOMUNA">VALPARAÍSO</SimpleData>
		<SimpleData name="LONMUROS">0</SimpleData>
		<SimpleData name="LONESCOLLE">0</SimpleData>
		<SimpleData name="LONMUELLE">0</SimpleData>
		<SimpleData name="LONRAMPCO">0</SimpleData>
		<SimpleData name="LONRAMPA">0</SimpleData>
		<SimpleData name="LONRAMPAVA">0</SimpleData>
		<SimpleData name="LONPONTON">0</SimpleData>
		<SimpleData name="LONCAMIAC">0</SimpleData>
		<SimpleData name="AREAEXPLAN">0</SimpleData>
		<SimpleData name="BOXUNI">0</SimpleData>
		<SimpleData name="BANO_UNI">0</SimpleData>
		<SimpleData name="TIPOGEOM">1</SimpleData>
		<SimpleData name="GLOBALID">{88D788FB-F745-4C7B-984F-E2D5B14B7EBF}</SimpleData>
		<SimpleData name="SALAREUNI">0</SimpleData>
		<SimpleData name="PLAYAARTIF">0</SimpleData>
		<SimpleData name="PASEOCOSTE">1060</SimpleData>
		<SimpleData name="ESTADOGRAL">BUENO</SimpleData>
		<SimpleData name="GRUAOPESC">0</SimpleData>
		<SimpleData name="LONSALAADM">0</SimpleData>
		<SimpleData name="LONSALVENT">0</SimpleData>
		<SimpleData name="SALAPROC">0</SimpleData>
		<SimpleData name="AREABODEGA">0</SimpleData>
		<SimpleData name="AREACAFRI">0</SimpleData>
		<SimpleData name="AREAREFUG">0</SimpleData>
		<SimpleData name="AREAGALPON">0</SimpleData>
		<SimpleData name="PROGRAMA">MEJORAMIENTO DE BORDE COSTERO</SimpleData>
		<SimpleData name="IMAGEN">http://colabora.mop.gov.cl/sites/dop/dptopl/dp/Documentos%20compartidos/Imágenes%20para%20el%20Modelo%20de%20Datos/5-%20VALPARAÍSO/05-21.JPG</SimpleData>
		<SimpleData name="MXLOCATION">05101-28</SimpleData>
		<SimpleData name="MXSITEID">DOP</SimpleData>
		<SimpleData name="COD_REG">0</SimpleData>
	</SchemaData></ExtendedData>
      <Point><coordinates>-71.601919145,-33.037186558</coordinates></Point>
  </Placemark>
  <Placemark id="infraestructura_portuaria.138">
	<ExtendedData><SchemaData schemaUrl="#infraestructura_portuaria">
		<SimpleData name="OBJECTID_1">138</SimpleData>
		<SimpleData name="OBJECTID">2827</SimpleData>
		<SimpleData name="CODOBRA">02-04</SimpleData>
		<SimpleData name="TIPOOBRA">9</SimpleData>
		<SimpleData name="DESCOBRA">PASEO COSTERO MEJILLONES</SimpleData>
		<SimpleData name="CODCOMUNA">MEJILLONES</SimpleData>
		<SimpleData name="LONMUROS">280</SimpleData>
		<SimpleData name="LONESCOLLE">0</SimpleData>
		<SimpleData name="LONMUELLE">0</SimpleData>
		<SimpleData name="LONRAMPCO">0</SimpleData>
		<SimpleData name="LONRAMPA">0</SimpleData>
		<SimpleData name="LONRAMPAVA">0</SimpleData>
		<SimpleData name="LONPONTON">0</SimpleData>
		<SimpleData name="LONCAMIAC">0</SimpleData>
		<SimpleData name="AREAEXPLAN">0</SimpleData>
		<SimpleData name="BOXUNI">0</SimpleData>
		<SimpleData name="BANO_UNI">0</SimpleData>
		<SimpleData name="TIPOGEOM">1</SimpleData>
		<SimpleData name="GLOBALID">{ACA31ECD-0584-422D-A5B1-159DE4666BF6}</SimpleData>
		<SimpleData name="SALAREUNI">0</SimpleData>
		<SimpleData name="PLAYAARTIF">0</SimpleData>
		<SimpleData name="PASEOCOSTE">250</SimpleData>
		<SimpleData name="ESTADOGRAL">BUENO</SimpleData>
		<SimpleData name="GRUAOPESC">0</SimpleData>
		<SimpleData name="LONSALAADM">0</SimpleData>
		<SimpleData name="LONSALVENT">0</SimpleData>
		<SimpleData name="SALAPROC">0</SimpleData>
		<SimpleData name="AREABODEGA">0</SimpleData>
		<SimpleData name="AREACAFRI">0</SimpleData>
		<SimpleData name="AREAREFUG">0</SimpleData>
		<SimpleData name="AREAGALPON">0</SimpleData>
		<SimpleData name="PROGRAMA">MEJORAMIENTO DE BORDE COSTERO</SimpleData>
		<SimpleData name="IMAGEN">http://colabora.mop.gov.cl/sites/dop/dptopl/dp/Documentos%20compartidos/Imágenes%20para%20el%20Modelo%20de%20Datos/2-%20ANTOFAGASTA/2-04.jpg</SimpleData>
		<SimpleData name="MXLOCATION">02102-09</SimpleData>
		<SimpleData name="MXSITEID">DOP</SimpleData>
		<SimpleData name="COD_REG">0</SimpleData>
	</SchemaData></ExtendedData>
      <Point><coordinates>-70.4486015479999,-23.098320424</coordinates></Point>
  </Placemark>
  <Placemark id="infraestructura_portuaria.139">
	<ExtendedData><SchemaData schemaUrl="#infraestructura_portuaria">
		<SimpleData name="OBJECTID_1">139</SimpleData>
		<SimpleData name="OBJECTID">2829</SimpleData>
		<SimpleData name="CODOBRA">09-38</SimpleData>
		<SimpleData name="TIPOOBRA">8</SimpleData>
		<SimpleData name="DESCOBRA">MURO SANTUARIO LA POZA</SimpleData>
		<SimpleData name="CODCOMUNA">VILLARRICA</SimpleData>
		<SimpleData name="LONMUROS">0</SimpleData>
		<SimpleData name="LONESCOLLE">256</SimpleData>
		<SimpleData name="LONMUELLE">0</SimpleData>
		<SimpleData name="LONRAMPCO">0</SimpleData>
		<SimpleData name="LONRAMPA">0</SimpleData>
		<SimpleData name="LONRAMPAVA">0</SimpleData>
		<SimpleData name="LONPONTON">0</SimpleData>
		<SimpleData name="LONCAMIAC">0</SimpleData>
		<SimpleData name="AREAEXPLAN">0</SimpleData>
		<SimpleData name="BOXUNI">0</SimpleData>
		<SimpleData name="BANO_UNI">0</SimpleData>
		<SimpleData name="TIPOGEOM">1</SimpleData>
		<SimpleData name="GLOBALID">{E4C21BF2-1BC0-4DD8-BF99-705103D7EB8B}</SimpleData>
		<SimpleData name="SALAREUNI">0</SimpleData>
		<SimpleData name="PLAYAARTIF">0</SimpleData>
		<SimpleData name="PASEOCOSTE">256</SimpleData>
		<SimpleData name="ESTADOGRAL">MUY BUENO</SimpleData>
		<SimpleData name="GRUAOPESC">0</SimpleData>
		<SimpleData name="LONSALAADM">0</SimpleData>
		<SimpleData name="LONSALVENT">0</SimpleData>
		<SimpleData name="SALAPROC">0</SimpleData>
		<SimpleData name="AREABODEGA">0</SimpleData>
		<SimpleData name="AREACAFRI">0</SimpleData>
		<SimpleData name="AREAREFUG">0</SimpleData>
		<SimpleData name="AREAGALPON">0</SimpleData>
		<SimpleData name="PROGRAMA">MEJORAMIENTO DE BORDE COSTERO</SimpleData>
		<SimpleData name="IMAGEN">http://colabora.mop.gov.cl/sites/dop/dptopl/dp/Documentos%20compartidos/Imágenes%20para%20el%20Modelo%20de%20Datos/9-%20ARAUCANÍA/09-38.JPG</SimpleData>
		<SimpleData name="MXLOCATION">09120-29</SimpleData>
		<SimpleData name="MXSITEID">DOP</SimpleData>
		<SimpleData name="COD_REG">0</SimpleData>
	</SchemaData></ExtendedData>
      <Point><coordinates>-71.9803378079999,-39.2764258079999</coordinates></Point>
  </Placemark>
  <Placemark id="infraestructura_portuaria.140">
	<ExtendedData><SchemaData schemaUrl="#infraestructura_portuaria">
		<SimpleData name="OBJECTID_1">140</SimpleData>
		<SimpleData name="OBJECTID">2830</SimpleData>
		<SimpleData name="CODOBRA">08-32</SimpleData>
		<SimpleData name="TIPOOBRA">8</SimpleData>
		<SimpleData name="DESCOBRA">ESPIGONES TIRUA</SimpleData>
		<SimpleData name="CODCOMUNA">TIRUA</SimpleData>
		<SimpleData name="LONMUROS">670</SimpleData>
		<SimpleData name="LONESCOLLE">0</SimpleData>
		<SimpleData name="LONMUELLE">0</SimpleData>
		<SimpleData name="LONRAMPCO">0</SimpleData>
		<SimpleData name="LONRAMPA">0</SimpleData>
		<SimpleData name="LONRAMPAVA">0</SimpleData>
		<SimpleData name="LONPONTON">0</SimpleData>
		<SimpleData name="LONCAMIAC">0</SimpleData>
		<SimpleData name="AREAEXPLAN">0</SimpleData>
		<SimpleData name="BOXUNI">0</SimpleData>
		<SimpleData name="BANO_UNI">0</SimpleData>
		<SimpleData name="TIPOGEOM">1</SimpleData>
		<SimpleData name="GLOBALID">{0F2C1BC0-DE0E-48F6-BEAF-799C4A9E27BD}</SimpleData>
		<SimpleData name="SALAREUNI">0</SimpleData>
		<SimpleData name="PLAYAARTIF">0</SimpleData>
		<SimpleData name="PASEOCOSTE">0</SimpleData>
		<SimpleData name="ESTADOGRAL">BUENO</SimpleData>
		<SimpleData name="GRUAOPESC">0</SimpleData>
		<SimpleData name="LONSALAADM">0</SimpleData>
		<SimpleData name="LONSALVENT">0</SimpleData>
		<SimpleData name="SALAPROC">0</SimpleData>
		<SimpleData name="AREABODEGA">0</SimpleData>
		<SimpleData name="AREACAFRI">0</SimpleData>
		<SimpleData name="AREAREFUG">0</SimpleData>
		<SimpleData name="AREAGALPON">0</SimpleData>
		<SimpleData name="PROGRAMA">PROTECCION DE RIBERA</SimpleData>
		<SimpleData name="IMAGEN">http://colabora.mop.gov.cl/sites/dop/dptopl/dp/Documentos%20compartidos/Imágenes%20para%20el%20Modelo%20de%20Datos/8-%20BIOBIO/08-32.JPG</SimpleData>
		<SimpleData name="MXLOCATION">08207-07</SimpleData>
		<SimpleData name="MXSITEID">DOP</SimpleData>
		<SimpleData name="COD_REG">0</SimpleData>
	</SchemaData></ExtendedData>
      <Point><coordinates>-73.50188446,-38.341445923</coordinates></Point>
  </Placemark>
  <Placemark id="infraestructura_portuaria.141">
	<ExtendedData><SchemaData schemaUrl="#infraestructura_portuaria">
		<SimpleData name="OBJECTID_1">141</SimpleData>
		<SimpleData name="OBJECTID">2831</SimpleData>
		<SimpleData name="CODOBRA">08-28</SimpleData>
		<SimpleData name="TIPOOBRA">8</SimpleData>
		<SimpleData name="DESCOBRA">MURO CALETA RUMENA</SimpleData>
		<SimpleData name="CODCOMUNA">ARAUCO</SimpleData>
		<SimpleData name="LONMUROS">83</SimpleData>
		<SimpleData name="LONESCOLLE">0</SimpleData>
		<SimpleData name="LONMUELLE">0</SimpleData>
		<SimpleData name="LONRAMPCO">0</SimpleData>
		<SimpleData name="LONRAMPA">0</SimpleData>
		<SimpleData name="LONRAMPAVA">0</SimpleData>
		<SimpleData name="LONPONTON">0</SimpleData>
		<SimpleData name="LONCAMIAC">0</SimpleData>
		<SimpleData name="AREAEXPLAN">0</SimpleData>
		<SimpleData name="BOXUNI">0</SimpleData>
		<SimpleData name="BANO_UNI">0</SimpleData>
		<SimpleData name="TIPOGEOM">1</SimpleData>
		<SimpleData name="GLOBALID">{4A6B8A67-2AF5-4217-B59A-96EF28E177DE}</SimpleData>
		<SimpleData name="SALAREUNI">0</SimpleData>
		<SimpleData name="PLAYAARTIF">0</SimpleData>
		<SimpleData name="PASEOCOSTE">0</SimpleData>
		<SimpleData name="ESTADOGRAL">BUENO</SimpleData>
		<SimpleData name="GRUAOPESC">0</SimpleData>
		<SimpleData name="LONSALAADM">0</SimpleData>
		<SimpleData name="LONSALVENT">0</SimpleData>
		<SimpleData name="SALAPROC">0</SimpleData>
		<SimpleData name="AREABODEGA">0</SimpleData>
		<SimpleData name="AREACAFRI">0</SimpleData>
		<SimpleData name="AREAREFUG">0</SimpleData>
		<SimpleData name="AREAGALPON">0</SimpleData>
		<SimpleData name="PROGRAMA">PROTECCION DE RIBERA</SimpleData>
		<SimpleData name="IMAGEN">http://colabora.mop.gov.cl/sites/dop/dptopl/dp/Documentos%20compartidos/Imágenes%20para%20el%20Modelo%20de%20Datos/8-%20BIOBIO/08-28.JPG</SimpleData>
		<SimpleData name="MXLOCATION">08202-04</SimpleData>
		<SimpleData name="MXSITEID">DOP</SimpleData>
		<SimpleData name="COD_REG">0</SimpleData>
	</SchemaData></ExtendedData>
      <Point><coordinates>-73.613799636,-37.1754147149999</coordinates></Point>
  </Placemark>
  <Placemark id="infraestructura_portuaria.142">
	<ExtendedData><SchemaData schemaUrl="#infraestructura_portuaria">
		<SimpleData name="OBJECTID_1">142</SimpleData>
		<SimpleData name="OBJECTID">2832</SimpleData>
		<SimpleData name="CODOBRA">08-27</SimpleData>
		<SimpleData name="TIPOOBRA">8</SimpleData>
		<SimpleData name="DESCOBRA">PUNTA LAVAPIE</SimpleData>
		<SimpleData name="CODCOMUNA">ARAUCO</SimpleData>
		<SimpleData name="LONMUROS">570</SimpleData>
		<SimpleData name="LONESCOLLE">211</SimpleData>
		<SimpleData name="LONMUELLE">0</SimpleData>
		<SimpleData name="LONRAMPCO">0</SimpleData>
		<SimpleData name="LONRAMPA">0</SimpleData>
		<SimpleData name="LONRAMPAVA">0</SimpleData>
		<SimpleData name="LONPONTON">0</SimpleData>
		<SimpleData name="LONCAMIAC">520</SimpleData>
		<SimpleData name="AREAEXPLAN">1815</SimpleData>
		<SimpleData name="BOXUNI">16</SimpleData>
		<SimpleData name="BANO_UNI">2</SimpleData>
		<SimpleData name="TIPOGEOM">1</SimpleData>
		<SimpleData name="GLOBALID">{61074872-FC36-4B07-99E1-753D15EEE035}</SimpleData>
		<SimpleData name="SALAREUNI">0</SimpleData>
		<SimpleData name="PLAYAARTIF">0</SimpleData>
		<SimpleData name="PASEOCOSTE">0</SimpleData>
		<SimpleData name="ESTADOGRAL">BUENO</SimpleData>
		<SimpleData name="GRUAOPESC">0</SimpleData>
		<SimpleData name="LONSALAADM">1</SimpleData>
		<SimpleData name="LONSALVENT">0</SimpleData>
		<SimpleData name="SALAPROC">0</SimpleData>
		<SimpleData name="AREABODEGA">1</SimpleData>
		<SimpleData name="AREACAFRI">0</SimpleData>
		<SimpleData name="AREAREFUG">0</SimpleData>
		<SimpleData name="AREAGALPON">0</SimpleData>
		<SimpleData name="PROGRAMA">PROTECCION DE RIBERA</SimpleData>
		<SimpleData name="IMAGEN">http://colabora.mop.gov.cl/sites/dop/dptopl/dp/Documentos%20compartidos/Imágenes%20para%20el%20Modelo%20de%20Datos/8-%20BIOBIO/08-27.JPG</SimpleData>
		<SimpleData name="MXLOCATION">08202-03</SimpleData>
		<SimpleData name="MXSITEID">DOP</SimpleData>
		<SimpleData name="COD_REG">0</SimpleData>
	</SchemaData></ExtendedData>
      <Point><coordinates>-73.5803815789999,-37.1485904969999</coordinates></Point>
  </Placemark>
  <Placemark id="infraestructura_portuaria.143">
	<ExtendedData><SchemaData schemaUrl="#infraestructura_portuaria">
		<SimpleData name="OBJECTID_1">143</SimpleData>
		<SimpleData name="OBJECTID">2833</SimpleData>
		<SimpleData name="CODOBRA">08-25</SimpleData>
		<SimpleData name="TIPOOBRA">8</SimpleData>
		<SimpleData name="DESCOBRA">LAS PEÑAS</SimpleData>
		<SimpleData name="CODCOMUNA">ARAUCO</SimpleData>
		<SimpleData name="LONMUROS">320</SimpleData>
		<SimpleData name="LONESCOLLE">0</SimpleData>
		<SimpleData name="LONMUELLE">0</SimpleData>
		<SimpleData name="LONRAMPCO">0</SimpleData>
		<SimpleData name="LONRAMPA">0</SimpleData>
		<SimpleData name="LONRAMPAVA">0</SimpleData>
		<SimpleData name="LONPONTON">0</SimpleData>
		<SimpleData name="LONCAMIAC">0</SimpleData>
		<SimpleData name="AREAEXPLAN">0</SimpleData>
		<SimpleData name="BOXUNI">0</SimpleData>
		<SimpleData name="BANO_UNI">0</SimpleData>
		<SimpleData name="TIPOGEOM">1</SimpleData>
		<SimpleData name="GLOBALID">{6C95903B-2550-45AA-A1C3-36FDB4A6019A}</SimpleData>
		<SimpleData name="SALAREUNI">0</SimpleData>
		<SimpleData name="PLAYAARTIF">0</SimpleData>
		<SimpleData name="PASEOCOSTE">0</SimpleData>
		<SimpleData name="ESTADOGRAL">REGULAR</SimpleData>
		<SimpleData name="GRUAOPESC">0</SimpleData>
		<SimpleData name="LONSALAADM">0</SimpleData>
		<SimpleData name="LONSALVENT">0</SimpleData>
		<SimpleData name="SALAPROC">0</SimpleData>
		<SimpleData name="AREABODEGA">0</SimpleData>
		<SimpleData name="AREACAFRI">0</SimpleData>
		<SimpleData name="AREAREFUG">0</SimpleData>
		<SimpleData name="AREAGALPON">0</SimpleData>
		<SimpleData name="PROGRAMA">PROTECCION DE RIBERA</SimpleData>
		<SimpleData name="IMAGEN">http://colabora.mop.gov.cl/sites/dop/dptopl/dp/Documentos%20compartidos/Imágenes%20para%20el%20Modelo%20de%20Datos/8-%20BIOBIO/08-25.JPG</SimpleData>
		<SimpleData name="MXLOCATION">08202-01</SimpleData>
		<SimpleData name="MXSITEID">DOP</SimpleData>
		<SimpleData name="COD_REG">0</SimpleData>
	</SchemaData></ExtendedData>
      <Point><coordinates>-73.437042807,-37.258102988</coordinates></Point>
  </Placemark>
  <Placemark id="infraestructura_portuaria.144">
	<ExtendedData><SchemaData schemaUrl="#infraestructura_portuaria">
		<SimpleData name="OBJECTID_1">144</SimpleData>
		<SimpleData name="OBJECTID">2834</SimpleData>
		<SimpleData name="CODOBRA">08-24</SimpleData>
		<SimpleData name="TIPOOBRA">8</SimpleData>
		<SimpleData name="DESCOBRA">PUERTO NUEVO, LOTA</SimpleData>
		<SimpleData name="CODCOMUNA">LOTA</SimpleData>
		<SimpleData name="LONMUROS">73</SimpleData>
		<SimpleData name="LONESCOLLE">63</SimpleData>
		<SimpleData name="LONMUELLE">0</SimpleData>
		<SimpleData name="LONRAMPCO">0</SimpleData>
		<SimpleData name="LONRAMPA">0</SimpleData>
		<SimpleData name="LONRAMPAVA">0</SimpleData>
		<SimpleData name="LONPONTON">0</SimpleData>
		<SimpleData name="LONCAMIAC">0</SimpleData>
		<SimpleData name="AREAEXPLAN">0</SimpleData>
		<SimpleData name="BOXUNI">0</SimpleData>
		<SimpleData name="BANO_UNI">0</SimpleData>
		<SimpleData name="TIPOGEOM">1</SimpleData>
		<SimpleData name="GLOBALID">{AAD446FA-B290-45D1-9759-12D573589D80}</SimpleData>
		<SimpleData name="SALAREUNI">0</SimpleData>
		<SimpleData name="PLAYAARTIF">0</SimpleData>
		<SimpleData name="PASEOCOSTE">9</SimpleData>
		<SimpleData name="ESTADOGRAL">BUENO</SimpleData>
		<SimpleData name="GRUAOPESC">0</SimpleData>
		<SimpleData name="LONSALAADM">0</SimpleData>
		<SimpleData name="LONSALVENT">0</SimpleData>
		<SimpleData name="SALAPROC">0</SimpleData>
		<SimpleData name="AREABODEGA">0</SimpleData>
		<SimpleData name="AREACAFRI">0</SimpleData>
		<SimpleData name="AREAREFUG">0</SimpleData>
		<SimpleData name="AREAGALPON">0</SimpleData>
		<SimpleData name="PROGRAMA">PROTECCION DE RIBERA</SimpleData>
		<SimpleData name="IMAGEN">http://colabora.mop.gov.cl/sites/dop/dptopl/dp/Documentos%20compartidos/Imágenes%20para%20el%20Modelo%20de%20Datos/8-%20BIOBIO/08-24.JPG</SimpleData>
		<SimpleData name="MXLOCATION">08106-18</SimpleData>
		<SimpleData name="MXSITEID">DOP</SimpleData>
		<SimpleData name="COD_REG">0</SimpleData>
	</SchemaData></ExtendedData>
      <Point><coordinates>-73.159744473,-37.103493613</coordinates></Point>
  </Placemark>
  <Placemark id="infraestructura_portuaria.145">
	<ExtendedData><SchemaData schemaUrl="#infraestructura_portuaria">
		<SimpleData name="OBJECTID_1">145</SimpleData>
		<SimpleData name="OBJECTID">2835</SimpleData>
		<SimpleData name="CODOBRA">08-20</SimpleData>
		<SimpleData name="TIPOOBRA">8</SimpleData>
		<SimpleData name="DESCOBRA">MURO COLCURA</SimpleData>
		<SimpleData name="CODCOMUNA">LOTA</SimpleData>
		<SimpleData name="LONMUROS">446</SimpleData>
		<SimpleData name="LONESCOLLE">424</SimpleData>
		<SimpleData name="LONMUELLE">0</SimpleData>
		<SimpleData name="LONRAMPCO">0</SimpleData>
		<SimpleData name="LONRAMPA">0</SimpleData>
		<SimpleData name="LONRAMPAVA">0</SimpleData>
		<SimpleData name="LONPONTON">0</SimpleData>
		<SimpleData name="LONCAMIAC">0</SimpleData>
		<SimpleData name="AREAEXPLAN">0</SimpleData>
		<SimpleData name="BOXUNI">0</SimpleData>
		<SimpleData name="BANO_UNI">0</SimpleData>
		<SimpleData name="TIPOGEOM">1</SimpleData>
		<SimpleData name="GLOBALID">{B460BAA0-0550-4D05-B781-C59C8254FC1B}</SimpleData>
		<SimpleData name="SALAREUNI">0</SimpleData>
		<SimpleData name="PLAYAARTIF">0</SimpleData>
		<SimpleData name="PASEOCOSTE">423</SimpleData>
		<SimpleData name="ESTADOGRAL">REGULAR</SimpleData>
		<SimpleData name="GRUAOPESC">0</SimpleData>
		<SimpleData name="LONSALAADM">0</SimpleData>
		<SimpleData name="LONSALVENT">0</SimpleData>
		<SimpleData name="SALAPROC">0</SimpleData>
		<SimpleData name="AREABODEGA">0</SimpleData>
		<SimpleData name="AREACAFRI">0</SimpleData>
		<SimpleData name="AREAREFUG">0</SimpleData>
		<SimpleData name="AREAGALPON">0</SimpleData>
		<SimpleData name="PROGRAMA">PROTECCION DE RIBERA</SimpleData>
		<SimpleData name="IMAGEN">http://colabora.mop.gov.cl/sites/dop/dptopl/dp/Documentos%20compartidos/Imágenes%20para%20el%20Modelo%20de%20Datos/8-%20BIOBIO/08-20.JPG</SimpleData>
		<SimpleData name="MXLOCATION">08106-14</SimpleData>
		<SimpleData name="MXSITEID">DOP</SimpleData>
		<SimpleData name="COD_REG">0</SimpleData>
	</SchemaData></ExtendedData>
      <Point><coordinates>-73.152877824,-37.109315989</coordinates></Point>
  </Placemark>
  <Placemark id="infraestructura_portuaria.146">
	<ExtendedData><SchemaData schemaUrl="#infraestructura_portuaria">
		<SimpleData name="OBJECTID_1">146</SimpleData>
		<SimpleData name="OBJECTID">2836</SimpleData>
		<SimpleData name="CODOBRA">08-18</SimpleData>
		<SimpleData name="TIPOOBRA">8</SimpleData>
		<SimpleData name="DESCOBRA">PUERTO NORTE (I. STA. MARÍA)</SimpleData>
		<SimpleData name="CODCOMUNA">CORONEL</SimpleData>
		<SimpleData name="LONMUROS">163</SimpleData>
		<SimpleData name="LONESCOLLE">0</SimpleData>
		<SimpleData name="LONMUELLE">0</SimpleData>
		<SimpleData name="LONRAMPCO">0</SimpleData>
		<SimpleData name="LONRAMPA">0</SimpleData>
		<SimpleData name="LONRAMPAVA">0</SimpleData>
		<SimpleData name="LONPONTON">0</SimpleData>
		<SimpleData name="LONCAMIAC">0</SimpleData>
		<SimpleData name="AREAEXPLAN">0</SimpleData>
		<SimpleData name="BOXUNI">0</SimpleData>
		<SimpleData name="BANO_UNI">0</SimpleData>
		<SimpleData name="TIPOGEOM">1</SimpleData>
		<SimpleData name="GLOBALID">{B7EB69D8-F383-41DA-8091-6445F21BACC0}</SimpleData>
		<SimpleData name="SALAREUNI">0</SimpleData>
		<SimpleData name="PLAYAARTIF">0</SimpleData>
		<SimpleData name="PASEOCOSTE">0</SimpleData>
		<SimpleData name="ESTADOGRAL">REGULAR</SimpleData>
		<SimpleData name="GRUAOPESC">0</SimpleData>
		<SimpleData name="LONSALAADM">0</SimpleData>
		<SimpleData name="LONSALVENT">0</SimpleData>
		<SimpleData name="SALAPROC">0</SimpleData>
		<SimpleData name="AREABODEGA">0</SimpleData>
		<SimpleData name="AREACAFRI">0</SimpleData>
		<SimpleData name="AREAREFUG">0</SimpleData>
		<SimpleData name="AREAGALPON">0</SimpleData>
		<SimpleData name="PROGRAMA">PESCA ARTESANAL</SimpleData>
		<SimpleData name="IMAGEN">http://colabora.mop.gov.cl/sites/dop/dptopl/dp/Documentos%20compartidos/Imágenes%20para%20el%20Modelo%20de%20Datos/8-%20BIOBIO/08-18.JPG</SimpleData>
		<SimpleData name="MXLOCATION">08102-11</SimpleData>
		<SimpleData name="MXSITEID">DOP</SimpleData>
		<SimpleData name="COD_REG">0</SimpleData>
	</SchemaData></ExtendedData>
      <Point><coordinates>-73.527911097,-36.982380581</coordinates></Point>
  </Placemark>
  <Placemark id="infraestructura_portuaria.147">
	<ExtendedData><SchemaData schemaUrl="#infraestructura_portuaria">
		<SimpleData name="OBJECTID_1">147</SimpleData>
		<SimpleData name="OBJECTID">2837</SimpleData>
		<SimpleData name="CODOBRA">08-17</SimpleData>
		<SimpleData name="TIPOOBRA">8</SimpleData>
		<SimpleData name="DESCOBRA">MUROS MAULE</SimpleData>
		<SimpleData name="CODCOMUNA">CORONEL</SimpleData>
		<SimpleData name="LONMUROS">246</SimpleData>
		<SimpleData name="LONESCOLLE">91</SimpleData>
		<SimpleData name="LONMUELLE">0</SimpleData>
		<SimpleData name="LONRAMPCO">0</SimpleData>
		<SimpleData name="LONRAMPA">0</SimpleData>
		<SimpleData name="LONRAMPAVA">0</SimpleData>
		<SimpleData name="LONPONTON">0</SimpleData>
		<SimpleData name="LONCAMIAC">202</SimpleData>
		<SimpleData name="AREAEXPLAN">60</SimpleData>
		<SimpleData name="BOXUNI">0</SimpleData>
		<SimpleData name="BANO_UNI">0</SimpleData>
		<SimpleData name="TIPOGEOM">1</SimpleData>
		<SimpleData name="GLOBALID">{B6C9A011-49D9-4806-82B7-4062681E8873}</SimpleData>
		<SimpleData name="SALAREUNI">0</SimpleData>
		<SimpleData name="PLAYAARTIF">0</SimpleData>
		<SimpleData name="PASEOCOSTE">0</SimpleData>
		<SimpleData name="ESTADOGRAL">BUENO</SimpleData>
		<SimpleData name="GRUAOPESC">0</SimpleData>
		<SimpleData name="LONSALAADM">0</SimpleData>
		<SimpleData name="LONSALVENT">0</SimpleData>
		<SimpleData name="SALAPROC">0</SimpleData>
		<SimpleData name="AREABODEGA">0</SimpleData>
		<SimpleData name="AREACAFRI">0</SimpleData>
		<SimpleData name="AREAREFUG">0</SimpleData>
		<SimpleData name="AREAGALPON">0</SimpleData>
		<SimpleData name="PROGRAMA">PROTECCION DE RIBERA</SimpleData>
		<SimpleData name="IMAGEN">http://colabora.mop.gov.cl/sites/dop/dptopl/dp/Documentos%20compartidos/Imágenes%20para%20el%20Modelo%20de%20Datos/8-%20BIOBIO/08-17.JPG</SimpleData>
		<SimpleData name="MXLOCATION">08102-10</SimpleData>
		<SimpleData name="MXSITEID">DOP</SimpleData>
		<SimpleData name="COD_REG">0</SimpleData>
	</SchemaData></ExtendedData>
      <Point><coordinates>-73.1864869139999,-37.0074311399999</coordinates></Point>
  </Placemark>
  <Placemark id="infraestructura_portuaria.148">
	<ExtendedData><SchemaData schemaUrl="#infraestructura_portuaria">
		<SimpleData name="OBJECTID_1">148</SimpleData>
		<SimpleData name="OBJECTID">2838</SimpleData>
		<SimpleData name="CODOBRA">08-16</SimpleData>
		<SimpleData name="TIPOOBRA">8</SimpleData>
		<SimpleData name="DESCOBRA">BORDE COSTERO LENGA</SimpleData>
		<SimpleData name="CODCOMUNA">HUALPÉN</SimpleData>
		<SimpleData name="LONMUROS">775</SimpleData>
		<SimpleData name="LONESCOLLE">284</SimpleData>
		<SimpleData name="LONMUELLE">0</SimpleData>
		<SimpleData name="LONRAMPCO">0</SimpleData>
		<SimpleData name="LONRAMPA">0</SimpleData>
		<SimpleData name="LONRAMPAVA">0</SimpleData>
		<SimpleData name="LONPONTON">0</SimpleData>
		<SimpleData name="LONCAMIAC">0</SimpleData>
		<SimpleData name="AREAEXPLAN">2752</SimpleData>
		<SimpleData name="BOXUNI">0</SimpleData>
		<SimpleData name="BANO_UNI">2</SimpleData>
		<SimpleData name="TIPOGEOM">1</SimpleData>
		<SimpleData name="GLOBALID">{D8BD2BF6-C186-49A8-9552-04215565A789}</SimpleData>
		<SimpleData name="SALAREUNI">0</SimpleData>
		<SimpleData name="PLAYAARTIF">0</SimpleData>
		<SimpleData name="PASEOCOSTE">745</SimpleData>
		<SimpleData name="ESTADOGRAL">BUENO</SimpleData>
		<SimpleData name="GRUAOPESC">0</SimpleData>
		<SimpleData name="LONSALAADM">0</SimpleData>
		<SimpleData name="LONSALVENT">0</SimpleData>
		<SimpleData name="SALAPROC">0</SimpleData>
		<SimpleData name="AREABODEGA">0</SimpleData>
		<SimpleData name="AREACAFRI">0</SimpleData>
		<SimpleData name="AREAREFUG">0</SimpleData>
		<SimpleData name="AREAGALPON">0</SimpleData>
		<SimpleData name="PROGRAMA">MEJORAMIENTO DE BORDE COSTERO</SimpleData>
		<SimpleData name="IMAGEN">http://colabora.mop.gov.cl/sites/dop/dptopl/dp/Documentos%20compartidos/Imágenes%20para%20el%20Modelo%20de%20Datos/8-%20BIOBIO/08-16.JPG</SimpleData>
		<SimpleData name="MXSITEID">DOP</SimpleData>
		<SimpleData name="COD_REG">0</SimpleData>
	</SchemaData></ExtendedData>
      <Point><coordinates>-73.168258458,-36.766736674</coordinates></Point>
  </Placemark>
  <Placemark id="infraestructura_portuaria.149">
	<ExtendedData><SchemaData schemaUrl="#infraestructura_portuaria">
		<SimpleData name="OBJECTID_1">149</SimpleData>
		<SimpleData name="OBJECTID">2839</SimpleData>
		<SimpleData name="CODOBRA">08-15</SimpleData>
		<SimpleData name="TIPOOBRA">8</SimpleData>
		<SimpleData name="DESCOBRA">CALETA PESQUERA TUMBES</SimpleData>
		<SimpleData name="CODCOMUNA">TALCAHUANO</SimpleData>
		<SimpleData name="LONMUROS">611</SimpleData>
		<SimpleData name="LONESCOLLE">0</SimpleData>
		<SimpleData name="LONMUELLE">0</SimpleData>
		<SimpleData name="LONRAMPCO">0</SimpleData>
		<SimpleData name="LONRAMPA">0</SimpleData>
		<SimpleData name="LONRAMPAVA">0</SimpleData>
		<SimpleData name="LONPONTON">0</SimpleData>
		<SimpleData name="LONCAMIAC">0</SimpleData>
		<SimpleData name="AREAEXPLAN">0</SimpleData>
		<SimpleData name="BOXUNI">0</SimpleData>
		<SimpleData name="BANO_UNI">2</SimpleData>
		<SimpleData name="TIPOGEOM">1</SimpleData>
		<SimpleData name="GLOBALID">{5F69C349-7D8C-4505-B474-8F5E82D79431}</SimpleData>
		<SimpleData name="SALAREUNI">0</SimpleData>
		<SimpleData name="PLAYAARTIF">0</SimpleData>
		<SimpleData name="PASEOCOSTE">0</SimpleData>
		<SimpleData name="ESTADOGRAL">BUENO</SimpleData>
		<SimpleData name="GRUAOPESC">0</SimpleData>
		<SimpleData name="LONSALAADM">0</SimpleData>
		<SimpleData name="LONSALVENT">1</SimpleData>
		<SimpleData name="SALAPROC">0</SimpleData>
		<SimpleData name="AREABODEGA">0</SimpleData>
		<SimpleData name="AREACAFRI">0</SimpleData>
		<SimpleData name="AREAREFUG">0</SimpleData>
		<SimpleData name="AREAGALPON">0</SimpleData>
		<SimpleData name="PROGRAMA">PESCA ARTESANAL</SimpleData>
		<SimpleData name="IMAGEN">http://colabora.mop.gov.cl/sites/dop/dptopl/dp/Documentos%20compartidos/Imágenes%20para%20el%20Modelo%20de%20Datos/8-%20BIOBIO/08-15.JPG</SimpleData>
		<SimpleData name="MXLOCATION">08110-25</SimpleData>
		<SimpleData name="MXSITEID">DOP</SimpleData>
		<SimpleData name="COD_REG">0</SimpleData>
	</SchemaData></ExtendedData>
      <Point><coordinates>-73.092045545,-36.638005241</coordinates></Point>
  </Placemark>
  <Placemark id="infraestructura_portuaria.150">
	<ExtendedData><SchemaData schemaUrl="#infraestructura_portuaria">
		<SimpleData name="OBJECTID_1">150</SimpleData>
		<SimpleData name="OBJECTID">2842</SimpleData>
		<SimpleData name="CODOBRA">02-10</SimpleData>
		<SimpleData name="TIPOOBRA">9</SimpleData>
		<SimpleData name="DESCOBRA">COSTANERA SUR ANTOFAGASTA</SimpleData>
		<SimpleData name="CODCOMUNA">ANTOFAGASTA</SimpleData>
		<SimpleData name="LONMUROS">800</SimpleData>
		<SimpleData name="LONESCOLLE">800</SimpleData>
		<SimpleData name="LONMUELLE">0</SimpleData>
		<SimpleData name="LONRAMPCO">0</SimpleData>
		<SimpleData name="LONRAMPA">0</SimpleData>
		<SimpleData name="LONRAMPAVA">0</SimpleData>
		<SimpleData name="LONPONTON">0</SimpleData>
		<SimpleData name="LONCAMIAC">0</SimpleData>
		<SimpleData name="AREAEXPLAN">0</SimpleData>
		<SimpleData name="BOXUNI">0</SimpleData>
		<SimpleData name="BANO_UNI">0</SimpleData>
		<SimpleData name="TIPOGEOM">1</SimpleData>
		<SimpleData name="GLOBALID">{46467E0D-C5E6-4CD6-A507-6F86E262CCE6}</SimpleData>
		<SimpleData name="SALAREUNI">0</SimpleData>
		<SimpleData name="PLAYAARTIF">0</SimpleData>
		<SimpleData name="PASEOCOSTE">800</SimpleData>
		<SimpleData name="ESTADOGRAL">BUENO</SimpleData>
		<SimpleData name="GRUAOPESC">0</SimpleData>
		<SimpleData name="LONSALAADM">0</SimpleData>
		<SimpleData name="LONSALVENT">0</SimpleData>
		<SimpleData name="SALAPROC">0</SimpleData>
		<SimpleData name="AREABODEGA">0</SimpleData>
		<SimpleData name="AREACAFRI">0</SimpleData>
		<SimpleData name="AREAREFUG">0</SimpleData>
		<SimpleData name="AREAGALPON">0</SimpleData>
		<SimpleData name="PROGRAMA">MEJORAMIENTO DE BORDE COSTERO</SimpleData>
		<SimpleData name="IMAGEN">http://colabora.mop.gov.cl/sites/dop/dptopl/dp/Documentos%20compartidos/Imágenes%20para%20el%20Modelo%20de%20Datos/2-%20ANTOFAGASTA/2-10.jpg</SimpleData>
		<SimpleData name="MXLOCATION">02101-07</SimpleData>
		<SimpleData name="MXSITEID">DOP</SimpleData>
		<SimpleData name="COD_REG">0</SimpleData>
	</SchemaData></ExtendedData>
      <Point><coordinates>-70.4029291589999,-23.655724483</coordinates></Point>
  </Placemark>
  <Placemark id="infraestructura_portuaria.151">
	<ExtendedData><SchemaData schemaUrl="#infraestructura_portuaria">
		<SimpleData name="OBJECTID_1">151</SimpleData>
		<SimpleData name="OBJECTID">2843</SimpleData>
		<SimpleData name="CODOBRA">05-05</SimpleData>
		<SimpleData name="TIPOOBRA">2</SimpleData>
		<SimpleData name="DESCOBRA">CALETA PESQUERA ZAPALLAR</SimpleData>
		<SimpleData name="CODCOMUNA">ZAPALLAR</SimpleData>
		<SimpleData name="LONMUROS">88</SimpleData>
		<SimpleData name="LONESCOLLE">42</SimpleData>
		<SimpleData name="LONMUELLE">18</SimpleData>
		<SimpleData name="LONRAMPCO">0</SimpleData>
		<SimpleData name="LONRAMPA">30</SimpleData>
		<SimpleData name="LONRAMPAVA">0</SimpleData>
		<SimpleData name="LONPONTON">0</SimpleData>
		<SimpleData name="LONCAMIAC">0</SimpleData>
		<SimpleData name="AREAEXPLAN">30</SimpleData>
		<SimpleData name="BOXUNI">0</SimpleData>
		<SimpleData name="BANO_UNI">2</SimpleData>
		<SimpleData name="TIPOGEOM">1</SimpleData>
		<SimpleData name="GLOBALID">{DC617D10-E07E-40DD-B7CB-F274225D2337}</SimpleData>
		<SimpleData name="SALAREUNI">0</SimpleData>
		<SimpleData name="PLAYAARTIF">0</SimpleData>
		<SimpleData name="PASEOCOSTE">0</SimpleData>
		<SimpleData name="ESTADOGRAL">REGULAR</SimpleData>
		<SimpleData name="GRUAOPESC">0</SimpleData>
		<SimpleData name="LONSALAADM">0</SimpleData>
		<SimpleData name="LONSALVENT">0</SimpleData>
		<SimpleData name="SALAPROC">0</SimpleData>
		<SimpleData name="AREABODEGA">0</SimpleData>
		<SimpleData name="AREACAFRI">0</SimpleData>
		<SimpleData name="AREAREFUG">0</SimpleData>
		<SimpleData name="AREAGALPON">0</SimpleData>
		<SimpleData name="PROGRAMA">PESCA ARTESANAL</SimpleData>
		<SimpleData name="IMAGEN">http://colabora.mop.gov.cl/sites/dop/dptopl/dp/Documentos%20compartidos/Imágenes%20para%20el%20Modelo%20de%20Datos/5-%20VALPARAÍSO/05-05.JPG</SimpleData>
		<SimpleData name="MXLOCATION">05405-05</SimpleData>
		<SimpleData name="MXSITEID">DOP</SimpleData>
		<SimpleData name="COD_REG">0</SimpleData>
	</SchemaData></ExtendedData>
      <Point><coordinates>-71.4650407889999,-32.552989875</coordinates></Point>
  </Placemark>
  <Placemark id="infraestructura_portuaria.152">
	<ExtendedData><SchemaData schemaUrl="#infraestructura_portuaria">
		<SimpleData name="OBJECTID_1">152</SimpleData>
		<SimpleData name="OBJECTID">2844</SimpleData>
		<SimpleData name="CODOBRA">05-04</SimpleData>
		<SimpleData name="TIPOOBRA">2</SimpleData>
		<SimpleData name="DESCOBRA">CALETA PESQUERA PAPUDO</SimpleData>
		<SimpleData name="CODCOMUNA">PAPUDO</SimpleData>
		<SimpleData name="LONMUROS">12</SimpleData>
		<SimpleData name="LONESCOLLE">0</SimpleData>
		<SimpleData name="LONMUELLE">0</SimpleData>
		<SimpleData name="LONRAMPCO">0</SimpleData>
		<SimpleData name="LONRAMPA">10</SimpleData>
		<SimpleData name="LONRAMPAVA">0</SimpleData>
		<SimpleData name="LONPONTON">0</SimpleData>
		<SimpleData name="LONCAMIAC">0</SimpleData>
		<SimpleData name="AREAEXPLAN">0</SimpleData>
		<SimpleData name="BOXUNI">8</SimpleData>
		<SimpleData name="BANO_UNI">0</SimpleData>
		<SimpleData name="TIPOGEOM">1</SimpleData>
		<SimpleData name="GLOBALID">{5C1F2FED-08D3-47DA-865A-786CC1622615}</SimpleData>
		<SimpleData name="SALAREUNI">0</SimpleData>
		<SimpleData name="PLAYAARTIF">0</SimpleData>
		<SimpleData name="PASEOCOSTE">0</SimpleData>
		<SimpleData name="ESTADOGRAL">REGULAR</SimpleData>
		<SimpleData name="GRUAOPESC">0</SimpleData>
		<SimpleData name="LONSALAADM">0</SimpleData>
		<SimpleData name="LONSALVENT">0</SimpleData>
		<SimpleData name="SALAPROC">0</SimpleData>
		<SimpleData name="AREABODEGA">0</SimpleData>
		<SimpleData name="AREACAFRI">0</SimpleData>
		<SimpleData name="AREAREFUG">0</SimpleData>
		<SimpleData name="AREAGALPON">0</SimpleData>
		<SimpleData name="PROGRAMA">PESCA ARTESANAL</SimpleData>
		<SimpleData name="IMAGEN">http://colabora.mop.gov.cl/sites/dop/dptopl/dp/Documentos%20compartidos/Imágenes%20para%20el%20Modelo%20de%20Datos/5-%20VALPARAÍSO/05-04.JPG</SimpleData>
		<SimpleData name="MXLOCATION">05403-04</SimpleData>
		<SimpleData name="MXSITEID">DOP</SimpleData>
		<SimpleData name="COD_REG">0</SimpleData>
	</SchemaData></ExtendedData>
      <Point><coordinates>-71.449641899,-32.505811277</coordinates></Point>
  </Placemark>
  <Placemark id="infraestructura_portuaria.153">
	<ExtendedData><SchemaData schemaUrl="#infraestructura_portuaria">
		<SimpleData name="OBJECTID_1">153</SimpleData>
		<SimpleData name="OBJECTID">2845</SimpleData>
		<SimpleData name="CODOBRA">05-02</SimpleData>
		<SimpleData name="TIPOOBRA">2</SimpleData>
		<SimpleData name="DESCOBRA">CALETA PESQUERA PICHICUY</SimpleData>
		<SimpleData name="CODCOMUNA">LA LIGUA</SimpleData>
		<SimpleData name="LONMUROS">230</SimpleData>
		<SimpleData name="LONESCOLLE">105</SimpleData>
		<SimpleData name="LONMUELLE">65</SimpleData>
		<SimpleData name="LONRAMPCO">0</SimpleData>
		<SimpleData name="LONRAMPA">25</SimpleData>
		<SimpleData name="LONRAMPAVA">0</SimpleData>
		<SimpleData name="LONPONTON">0</SimpleData>
		<SimpleData name="LONCAMIAC">0</SimpleData>
		<SimpleData name="AREAEXPLAN">60</SimpleData>
		<SimpleData name="BOXUNI">18</SimpleData>
		<SimpleData name="BANO_UNI">0</SimpleData>
		<SimpleData name="TIPOGEOM">1</SimpleData>
		<SimpleData name="GLOBALID">{E4FAD915-46CA-442A-B9CC-76E713B91611}</SimpleData>
		<SimpleData name="SALAREUNI">0</SimpleData>
		<SimpleData name="PLAYAARTIF">0</SimpleData>
		<SimpleData name="PASEOCOSTE">0</SimpleData>
		<SimpleData name="ESTADOGRAL">BUENO</SimpleData>
		<SimpleData name="GRUAOPESC">1</SimpleData>
		<SimpleData name="LONSALAADM">0</SimpleData>
		<SimpleData name="LONSALVENT">0</SimpleData>
		<SimpleData name="SALAPROC">0</SimpleData>
		<SimpleData name="AREABODEGA">0</SimpleData>
		<SimpleData name="AREACAFRI">0</SimpleData>
		<SimpleData name="AREAREFUG">0</SimpleData>
		<SimpleData name="AREAGALPON">0</SimpleData>
		<SimpleData name="PROGRAMA">PESCA ARTESANAL</SimpleData>
		<SimpleData name="IMAGEN">http://colabora.mop.gov.cl/sites/dop/dptopl/dp/Documentos%20compartidos/Imágenes%20para%20el%20Modelo%20de%20Datos/5-%20VALPARAÍSO/05-02.JPG</SimpleData>
		<SimpleData name="MXLOCATION">05401-02</SimpleData>
		<SimpleData name="MXSITEID">DOP</SimpleData>
		<SimpleData name="COD_REG">0</SimpleData>
	</SchemaData></ExtendedData>
      <Point><coordinates>-71.4602850699999,-32.3446665029999</coordinates></Point>
  </Placemark>
  <Placemark id="infraestructura_portuaria.154">
	<ExtendedData><SchemaData schemaUrl="#infraestructura_portuaria">
		<SimpleData name="OBJECTID_1">154</SimpleData>
		<SimpleData name="OBJECTID">2846</SimpleData>
		<SimpleData name="CODOBRA">05-01</SimpleData>
		<SimpleData name="TIPOOBRA">2</SimpleData>
		<SimpleData name="DESCOBRA">CALETA PESQUERA LOS MOLLES</SimpleData>
		<SimpleData name="CODCOMUNA">LA LIGUA</SimpleData>
		<SimpleData name="LONMUROS">0</SimpleData>
		<SimpleData name="LONESCOLLE">0</SimpleData>
		<SimpleData name="LONMUELLE">0</SimpleData>
		<SimpleData name="LONRAMPCO">0</SimpleData>
		<SimpleData name="LONRAMPA">0</SimpleData>
		<SimpleData name="LONRAMPAVA">0</SimpleData>
		<SimpleData name="LONPONTON">0</SimpleData>
		<SimpleData name="LONCAMIAC">0</SimpleData>
		<SimpleData name="AREAEXPLAN">0</SimpleData>
		<SimpleData name="BOXUNI">9</SimpleData>
		<SimpleData name="BANO_UNI">3</SimpleData>
		<SimpleData name="TIPOGEOM">1</SimpleData>
		<SimpleData name="GLOBALID">{F94225AB-AA77-4049-BE36-A86A2402E107}</SimpleData>
		<SimpleData name="SALAREUNI">0</SimpleData>
		<SimpleData name="PLAYAARTIF">0</SimpleData>
		<SimpleData name="PASEOCOSTE">135</SimpleData>
		<SimpleData name="ESTADOGRAL">REGULAR</SimpleData>
		<SimpleData name="GRUAOPESC">0</SimpleData>
		<SimpleData name="LONSALAADM">0</SimpleData>
		<SimpleData name="LONSALVENT">0</SimpleData>
		<SimpleData name="SALAPROC">0</SimpleData>
		<SimpleData name="AREABODEGA">1</SimpleData>
		<SimpleData name="AREACAFRI">0</SimpleData>
		<SimpleData name="AREAREFUG">0</SimpleData>
		<SimpleData name="AREAGALPON">0</SimpleData>
		<SimpleData name="PROGRAMA">PESCA ARTESANAL</SimpleData>
		<SimpleData name="IMAGEN">http://colabora.mop.gov.cl/sites/dop/dptopl/dp/Documentos%20compartidos/Imágenes%20para%20el%20Modelo%20de%20Datos/5-%20VALPARAÍSO/05-01.JPG</SimpleData>
		<SimpleData name="MXLOCATION">05401-01</SimpleData>
		<SimpleData name="MXSITEID">DOP</SimpleData>
		<SimpleData name="COD_REG">0</SimpleData>
	</SchemaData></ExtendedData>
      <Point><coordinates>-71.512638829,-32.2381997959999</coordinates></Point>
  </Placemark>
  <Placemark id="infraestructura_portuaria.155">
	<ExtendedData><SchemaData schemaUrl="#infraestructura_portuaria">
		<SimpleData name="OBJECTID_1">155</SimpleData>
		<SimpleData name="OBJECTID">2847</SimpleData>
		<SimpleData name="CODOBRA">06-04</SimpleData>
		<SimpleData name="TIPOOBRA">2</SimpleData>
		<SimpleData name="DESCOBRA">CALETA PESQUERA PICHILEMU</SimpleData>
		<SimpleData name="CODCOMUNA">CARDENAL CARO</SimpleData>
		<SimpleData name="LONMUROS">106</SimpleData>
		<SimpleData name="LONESCOLLE">0</SimpleData>
		<SimpleData name="LONMUELLE">0</SimpleData>
		<SimpleData name="LONRAMPCO">0</SimpleData>
		<SimpleData name="LONRAMPA">0</SimpleData>
		<SimpleData name="LONRAMPAVA">132</SimpleData>
		<SimpleData name="LONPONTON">0</SimpleData>
		<SimpleData name="LONCAMIAC">0</SimpleData>
		<SimpleData name="AREAEXPLAN">472</SimpleData>
		<SimpleData name="BOXUNI">11</SimpleData>
		<SimpleData name="BANO_UNI">4</SimpleData>
		<SimpleData name="TIPOGEOM">1</SimpleData>
		<SimpleData name="GLOBALID">{1E592785-2959-4807-A288-5491D9093996}</SimpleData>
		<SimpleData name="SALAREUNI">0</SimpleData>
		<SimpleData name="PLAYAARTIF">0</SimpleData>
		<SimpleData name="PASEOCOSTE">0</SimpleData>
		<SimpleData name="ESTADOGRAL">BUENO</SimpleData>
		<SimpleData name="GRUAOPESC">0</SimpleData>
		<SimpleData name="LONSALAADM">1</SimpleData>
		<SimpleData name="LONSALVENT">1</SimpleData>
		<SimpleData name="SALAPROC">1</SimpleData>
		<SimpleData name="AREABODEGA">0</SimpleData>
		<SimpleData name="AREACAFRI">1</SimpleData>
		<SimpleData name="AREAREFUG">0</SimpleData>
		<SimpleData name="AREAGALPON">0</SimpleData>
		<SimpleData name="PROGRAMA">PESCA ARTESANAL</SimpleData>
		<SimpleData name="IMAGEN">http://colabora.mop.gov.cl/sites/dop/dptopl/dp/Documentos%20compartidos/Imágenes%20para%20el%20Modelo%20de%20Datos/6-%20OHIGGINS/6-04.jpg</SimpleData>
		<SimpleData name="MXLOCATION">06201-06</SimpleData>
		<SimpleData name="MXSITEID">DOP</SimpleData>
		<SimpleData name="COD_REG">0</SimpleData>
	</SchemaData></ExtendedData>
      <Point><coordinates>-72.014357364,-34.382867496</coordinates></Point>
  </Placemark>
  <Placemark id="infraestructura_portuaria.156">
	<ExtendedData><SchemaData schemaUrl="#infraestructura_portuaria">
		<SimpleData name="OBJECTID_1">156</SimpleData>
		<SimpleData name="OBJECTID">2848</SimpleData>
		<SimpleData name="CODOBRA">06-02</SimpleData>
		<SimpleData name="TIPOOBRA">2</SimpleData>
		<SimpleData name="DESCOBRA">CALETA PESQUERA MATANZA</SimpleData>
		<SimpleData name="CODCOMUNA">NAVIDAD</SimpleData>
		<SimpleData name="LONMUROS">0</SimpleData>
		<SimpleData name="LONESCOLLE">0</SimpleData>
		<SimpleData name="LONMUELLE">0</SimpleData>
		<SimpleData name="LONRAMPCO">0</SimpleData>
		<SimpleData name="LONRAMPA">0</SimpleData>
		<SimpleData name="LONRAMPAVA">78</SimpleData>
		<SimpleData name="LONPONTON">0</SimpleData>
		<SimpleData name="LONCAMIAC">0</SimpleData>
		<SimpleData name="AREAEXPLAN">1054</SimpleData>
		<SimpleData name="BOXUNI">4</SimpleData>
		<SimpleData name="BANO_UNI">2</SimpleData>
		<SimpleData name="TIPOGEOM">1</SimpleData>
		<SimpleData name="GLOBALID">{A0752F04-76B5-4EBA-8156-4D61C071EB44}</SimpleData>
		<SimpleData name="SALAREUNI">0</SimpleData>
		<SimpleData name="PLAYAARTIF">0</SimpleData>
		<SimpleData name="PASEOCOSTE">0</SimpleData>
		<SimpleData name="ESTADOGRAL">MUY MALO</SimpleData>
		<SimpleData name="GRUAOPESC">0</SimpleData>
		<SimpleData name="LONSALAADM">0</SimpleData>
		<SimpleData name="LONSALVENT">1</SimpleData>
		<SimpleData name="SALAPROC">0</SimpleData>
		<SimpleData name="AREABODEGA">0</SimpleData>
		<SimpleData name="AREACAFRI">1</SimpleData>
		<SimpleData name="AREAREFUG">0</SimpleData>
		<SimpleData name="AREAGALPON">1</SimpleData>
		<SimpleData name="PROGRAMA">PESCA ARTESANAL</SimpleData>
		<SimpleData name="IMAGEN">http://colabora.mop.gov.cl/sites/dop/dptopl/dp/Documentos%20compartidos/Imágenes%20para%20el%20Modelo%20de%20Datos/6-%20OHIGGINS/6-02.jpg</SimpleData>
		<SimpleData name="MXLOCATION">06205-02</SimpleData>
		<SimpleData name="MXSITEID">DOP</SimpleData>
		<SimpleData name="COD_REG">0</SimpleData>
	</SchemaData></ExtendedData>
      <Point><coordinates>-71.876926472,-33.9625483579999</coordinates></Point>
  </Placemark>
  <Placemark id="infraestructura_portuaria.157">
	<ExtendedData><SchemaData schemaUrl="#infraestructura_portuaria">
		<SimpleData name="OBJECTID_1">157</SimpleData>
		<SimpleData name="OBJECTID">2849</SimpleData>
		<SimpleData name="CODOBRA">06-01</SimpleData>
		<SimpleData name="TIPOOBRA">2</SimpleData>
		<SimpleData name="DESCOBRA">CALETA PESQUERA BOCA DE RAPEL</SimpleData>
		<SimpleData name="CODCOMUNA">NAVIDAD</SimpleData>
		<SimpleData name="LONMUROS">47</SimpleData>
		<SimpleData name="LONESCOLLE">0</SimpleData>
		<SimpleData name="LONMUELLE">0</SimpleData>
		<SimpleData name="LONRAMPCO">0</SimpleData>
		<SimpleData name="LONRAMPA">0</SimpleData>
		<SimpleData name="LONRAMPAVA">0</SimpleData>
		<SimpleData name="LONPONTON">0</SimpleData>
		<SimpleData name="LONCAMIAC">0</SimpleData>
		<SimpleData name="AREAEXPLAN">0</SimpleData>
		<SimpleData name="BOXUNI">8</SimpleData>
		<SimpleData name="BANO_UNI">0</SimpleData>
		<SimpleData name="TIPOGEOM">1</SimpleData>
		<SimpleData name="GLOBALID">{2709EA80-FCD9-4055-9197-BDA339920140}</SimpleData>
		<SimpleData name="SALAREUNI">0</SimpleData>
		<SimpleData name="PLAYAARTIF">0</SimpleData>
		<SimpleData name="PASEOCOSTE">0</SimpleData>
		<SimpleData name="ESTADOGRAL">BUENO</SimpleData>
		<SimpleData name="GRUAOPESC">0</SimpleData>
		<SimpleData name="LONSALAADM">0</SimpleData>
		<SimpleData name="LONSALVENT">0</SimpleData>
		<SimpleData name="SALAPROC">0</SimpleData>
		<SimpleData name="AREABODEGA">0</SimpleData>
		<SimpleData name="AREACAFRI">0</SimpleData>
		<SimpleData name="AREAREFUG">0</SimpleData>
		<SimpleData name="AREAGALPON">0</SimpleData>
		<SimpleData name="PROGRAMA">PESCA ARTESANAL</SimpleData>
		<SimpleData name="IMAGEN">http://colabora.mop.gov.cl/sites/dop/dptopl/dp/Documentos%20compartidos/Imágenes%20para%20el%20Modelo%20de%20Datos/6-%20OHIGGINS/6-01.jpg</SimpleData>
		<SimpleData name="MXLOCATION">06205-01</SimpleData>
		<SimpleData name="MXSITEID">DOP</SimpleData>
		<SimpleData name="COD_REG">0</SimpleData>
	</SchemaData></ExtendedData>
      <Point><coordinates>-71.848760242,-33.920180952</coordinates></Point>
  </Placemark>
  <Placemark id="infraestructura_portuaria.158">
	<ExtendedData><SchemaData schemaUrl="#infraestructura_portuaria">
		<SimpleData name="OBJECTID_1">158</SimpleData>
		<SimpleData name="OBJECTID">2850</SimpleData>
		<SimpleData name="CODOBRA">05-28</SimpleData>
		<SimpleData name="TIPOOBRA">2</SimpleData>
		<SimpleData name="DESCOBRA">CALETA PESQUERA PUERTECITO</SimpleData>
		<SimpleData name="CODCOMUNA">SAN ANTONIO</SimpleData>
		<SimpleData name="LONMUROS">145</SimpleData>
		<SimpleData name="LONESCOLLE">30</SimpleData>
		<SimpleData name="LONMUELLE">160</SimpleData>
		<SimpleData name="LONRAMPCO">0</SimpleData>
		<SimpleData name="LONRAMPA">0</SimpleData>
		<SimpleData name="LONRAMPAVA">0</SimpleData>
		<SimpleData name="LONPONTON">0</SimpleData>
		<SimpleData name="LONCAMIAC">0</SimpleData>
		<SimpleData name="AREAEXPLAN">210</SimpleData>
		<SimpleData name="BOXUNI">149</SimpleData>
		<SimpleData name="BANO_UNI">6</SimpleData>
		<SimpleData name="TIPOGEOM">1</SimpleData>
		<SimpleData name="GLOBALID">{CDE10885-4E76-431D-9F45-DCFBAC37F449}</SimpleData>
		<SimpleData name="SALAREUNI">0</SimpleData>
		<SimpleData name="PLAYAARTIF">0</SimpleData>
		<SimpleData name="PASEOCOSTE">0</SimpleData>
		<SimpleData name="ESTADOGRAL">BUENO</SimpleData>
		<SimpleData name="GRUAOPESC">0</SimpleData>
		<SimpleData name="LONSALAADM">1</SimpleData>
		<SimpleData name="LONSALVENT">0</SimpleData>
		<SimpleData name="SALAPROC">0</SimpleData>
		<SimpleData name="AREABODEGA">1</SimpleData>
		<SimpleData name="AREACAFRI">0</SimpleData>
		<SimpleData name="AREAREFUG">0</SimpleData>
		<SimpleData name="AREAGALPON">0</SimpleData>
		<SimpleData name="PROGRAMA">PESCA ARTESANAL</SimpleData>
		<SimpleData name="IMAGEN">http://colabora.mop.gov.cl/sites/dop/dptopl/dp/Documentos%20compartidos/Imágenes%20para%20el%20Modelo%20de%20Datos/5-%20VALPARAÍSO/05-28.JPG</SimpleData>
		<SimpleData name="MXLOCATION">05601-11</SimpleData>
		<SimpleData name="MXSITEID">DOP</SimpleData>
		<SimpleData name="COD_REG">0</SimpleData>
	</SchemaData></ExtendedData>
      <Point><coordinates>-71.6146509,-33.587496721</coordinates></Point>
  </Placemark>
  <Placemark id="infraestructura_portuaria.159">
	<ExtendedData><SchemaData schemaUrl="#infraestructura_portuaria">
		<SimpleData name="OBJECTID_1">159</SimpleData>
		<SimpleData name="OBJECTID">2851</SimpleData>
		<SimpleData name="CODOBRA">05-25</SimpleData>
		<SimpleData name="TIPOOBRA">2</SimpleData>
		<SimpleData name="DESCOBRA">CALETA PESQUERA EL QUISCO</SimpleData>
		<SimpleData name="CODCOMUNA">EL QUISCO</SimpleData>
		<SimpleData name="LONMUROS">92</SimpleData>
		<SimpleData name="LONESCOLLE">0</SimpleData>
		<SimpleData name="LONMUELLE">58</SimpleData>
		<SimpleData name="LONRAMPCO">0</SimpleData>
		<SimpleData name="LONRAMPA">0</SimpleData>
		<SimpleData name="LONRAMPAVA">0</SimpleData>
		<SimpleData name="LONPONTON">0</SimpleData>
		<SimpleData name="LONCAMIAC">0</SimpleData>
		<SimpleData name="AREAEXPLAN">46</SimpleData>
		<SimpleData name="BOXUNI">24</SimpleData>
		<SimpleData name="BANO_UNI">0</SimpleData>
		<SimpleData name="TIPOGEOM">1</SimpleData>
		<SimpleData name="GLOBALID">{200246F4-D8C9-4EEC-AFDA-EA1C31E07B82}</SimpleData>
		<SimpleData name="SALAREUNI">0</SimpleData>
		<SimpleData name="PLAYAARTIF">0</SimpleData>
		<SimpleData name="PASEOCOSTE">0</SimpleData>
		<SimpleData name="ESTADOGRAL">BUENO</SimpleData>
		<SimpleData name="GRUAOPESC">0</SimpleData>
		<SimpleData name="LONSALAADM">0</SimpleData>
		<SimpleData name="LONSALVENT">0</SimpleData>
		<SimpleData name="SALAPROC">0</SimpleData>
		<SimpleData name="AREABODEGA">0</SimpleData>
		<SimpleData name="AREACAFRI">0</SimpleData>
		<SimpleData name="AREAREFUG">0</SimpleData>
		<SimpleData name="AREAGALPON">0</SimpleData>
		<SimpleData name="PROGRAMA">PESCA ARTESANAL</SimpleData>
		<SimpleData name="IMAGEN">http://colabora.mop.gov.cl/sites/dop/dptopl/dp/Documentos%20compartidos/Imágenes%20para%20el%20Modelo%20de%20Datos/5-%20VALPARAÍSO/05-25.JPG</SimpleData>
		<SimpleData name="MXLOCATION">05604-08</SimpleData>
		<SimpleData name="MXSITEID">DOP</SimpleData>
		<SimpleData name="COD_REG">0</SimpleData>
	</SchemaData></ExtendedData>
      <Point><coordinates>-71.697193716,-33.394923542</coordinates></Point>
  </Placemark>
  <Placemark id="infraestructura_portuaria.160">
	<ExtendedData><SchemaData schemaUrl="#infraestructura_portuaria">
		<SimpleData name="OBJECTID_1">160</SimpleData>
		<SimpleData name="OBJECTID">2852</SimpleData>
		<SimpleData name="CODOBRA">05-23</SimpleData>
		<SimpleData name="TIPOOBRA">2</SimpleData>
		<SimpleData name="DESCOBRA">CALETA PESQUERA ALGARROBO</SimpleData>
		<SimpleData name="CODCOMUNA">ALGARROBO</SimpleData>
		<SimpleData name="LONMUROS">10</SimpleData>
		<SimpleData name="LONESCOLLE">0</SimpleData>
		<SimpleData name="LONMUELLE">0</SimpleData>
		<SimpleData name="LONRAMPCO">0</SimpleData>
		<SimpleData name="LONRAMPA">12</SimpleData>
		<SimpleData name="LONRAMPAVA">0</SimpleData>
		<SimpleData name="LONPONTON">0</SimpleData>
		<SimpleData name="LONCAMIAC">0</SimpleData>
		<SimpleData name="AREAEXPLAN">0</SimpleData>
		<SimpleData name="BOXUNI">17</SimpleData>
		<SimpleData name="BANO_UNI">6</SimpleData>
		<SimpleData name="TIPOGEOM">1</SimpleData>
		<SimpleData name="GLOBALID">{36DD8397-D7E4-45A0-A8DB-E3122AF63BC1}</SimpleData>
		<SimpleData name="SALAREUNI">1</SimpleData>
		<SimpleData name="PLAYAARTIF">0</SimpleData>
		<SimpleData name="PASEOCOSTE">14</SimpleData>
		<SimpleData name="ESTADOGRAL">REGULAR</SimpleData>
		<SimpleData name="GRUAOPESC">0</SimpleData>
		<SimpleData name="LONSALAADM">1</SimpleData>
		<SimpleData name="LONSALVENT">0</SimpleData>
		<SimpleData name="SALAPROC">0</SimpleData>
		<SimpleData name="AREABODEGA">0</SimpleData>
		<SimpleData name="AREACAFRI">1</SimpleData>
		<SimpleData name="AREAREFUG">0</SimpleData>
		<SimpleData name="AREAGALPON">0</SimpleData>
		<SimpleData name="PROGRAMA">PESCA ARTESANAL</SimpleData>
		<SimpleData name="IMAGEN">http://colabora.mop.gov.cl/sites/dop/dptopl/dp/Documentos%20compartidos/Imágenes%20para%20el%20Modelo%20de%20Datos/5-%20VALPARAÍSO/05-23.JPG</SimpleData>
		<SimpleData name="MXLOCATION">05602-06</SimpleData>
		<SimpleData name="MXSITEID">DOP</SimpleData>
		<SimpleData name="COD_REG">0</SimpleData>
	</SchemaData></ExtendedData>
      <Point><coordinates>-71.672465616,-33.3634592769999</coordinates></Point>
  </Placemark>
  <Placemark id="infraestructura_portuaria.161">
	<ExtendedData><SchemaData schemaUrl="#infraestructura_portuaria">
		<SimpleData name="OBJECTID_1">161</SimpleData>
		<SimpleData name="OBJECTID">2853</SimpleData>
		<SimpleData name="CODOBRA">05-22</SimpleData>
		<SimpleData name="TIPOOBRA">2</SimpleData>
		<SimpleData name="DESCOBRA">CALETA PESQUERA QUINTAY</SimpleData>
		<SimpleData name="CODCOMUNA">CASABLANCA</SimpleData>
		<SimpleData name="LONMUROS">60</SimpleData>
		<SimpleData name="LONESCOLLE">0</SimpleData>
		<SimpleData name="LONMUELLE">0</SimpleData>
		<SimpleData name="LONRAMPCO">0</SimpleData>
		<SimpleData name="LONRAMPA">10</SimpleData>
		<SimpleData name="LONRAMPAVA">0</SimpleData>
		<SimpleData name="LONPONTON">0</SimpleData>
		<SimpleData name="LONCAMIAC">0</SimpleData>
		<SimpleData name="AREAEXPLAN">40</SimpleData>
		<SimpleData name="BOXUNI">8</SimpleData>
		<SimpleData name="BANO_UNI">0</SimpleData>
		<SimpleData name="TIPOGEOM">1</SimpleData>
		<SimpleData name="GLOBALID">{1E2C6912-DAB6-465F-9DFE-2725E71BA47E}</SimpleData>
		<SimpleData name="SALAREUNI">0</SimpleData>
		<SimpleData name="PLAYAARTIF">0</SimpleData>
		<SimpleData name="PASEOCOSTE">60</SimpleData>
		<SimpleData name="ESTADOGRAL">BUENO</SimpleData>
		<SimpleData name="GRUAOPESC">0</SimpleData>
		<SimpleData name="LONSALAADM">0</SimpleData>
		<SimpleData name="LONSALVENT">0</SimpleData>
		<SimpleData name="SALAPROC">0</SimpleData>
		<SimpleData name="AREABODEGA">0</SimpleData>
		<SimpleData name="AREACAFRI">0</SimpleData>
		<SimpleData name="AREAREFUG">0</SimpleData>
		<SimpleData name="AREAGALPON">0</SimpleData>
		<SimpleData name="PROGRAMA">PESCA ARTESANAL</SimpleData>
		<SimpleData name="IMAGEN">http://colabora.mop.gov.cl/sites/dop/dptopl/dp/Documentos%20compartidos/Imágenes%20para%20el%20Modelo%20de%20Datos/5-%20VALPARAÍSO/05-22.JPG</SimpleData>
		<SimpleData name="MXLOCATION">05102-13</SimpleData>
		<SimpleData name="MXSITEID">DOP</SimpleData>
		<SimpleData name="COD_REG">0</SimpleData>
	</SchemaData></ExtendedData>
      <Point><coordinates>-71.699095105,-33.193240675</coordinates></Point>
  </Placemark>
  <Placemark id="infraestructura_portuaria.162">
	<ExtendedData><SchemaData schemaUrl="#infraestructura_portuaria">
		<SimpleData name="OBJECTID_1">162</SimpleData>
		<SimpleData name="OBJECTID">2854</SimpleData>
		<SimpleData name="CODOBRA">05-18</SimpleData>
		<SimpleData name="TIPOOBRA">2</SimpleData>
		<SimpleData name="DESCOBRA">CALETA PESQUERA PORTALES</SimpleData>
		<SimpleData name="CODCOMUNA">VALPARAÍSO</SimpleData>
		<SimpleData name="LONMUROS">276</SimpleData>
		<SimpleData name="LONESCOLLE">198</SimpleData>
		<SimpleData name="LONMUELLE">161</SimpleData>
		<SimpleData name="LONRAMPCO">0</SimpleData>
		<SimpleData name="LONRAMPA">0</SimpleData>
		<SimpleData name="LONRAMPAVA">0</SimpleData>
		<SimpleData name="LONPONTON">0</SimpleData>
		<SimpleData name="LONCAMIAC">0</SimpleData>
		<SimpleData name="AREAEXPLAN">270</SimpleData>
		<SimpleData name="BOXUNI">3</SimpleData>
		<SimpleData name="BANO_UNI">6</SimpleData>
		<SimpleData name="TIPOGEOM">1</SimpleData>
		<SimpleData name="GLOBALID">{83EF96CE-79C1-4098-88C2-74971744504B}</SimpleData>
		<SimpleData name="SALAREUNI">0</SimpleData>
		<SimpleData name="PLAYAARTIF">0</SimpleData>
		<SimpleData name="PASEOCOSTE">116</SimpleData>
		<SimpleData name="ESTADOGRAL">BUENO</SimpleData>
		<SimpleData name="GRUAOPESC">0</SimpleData>
		<SimpleData name="LONSALAADM">0</SimpleData>
		<SimpleData name="LONSALVENT">0</SimpleData>
		<SimpleData name="SALAPROC">0</SimpleData>
		<SimpleData name="AREABODEGA">1</SimpleData>
		<SimpleData name="AREACAFRI">0</SimpleData>
		<SimpleData name="AREAREFUG">0</SimpleData>
		<SimpleData name="AREAGALPON">0</SimpleData>
		<SimpleData name="PROGRAMA">PESCA ARTESANAL</SimpleData>
		<SimpleData name="IMAGEN">http://colabora.mop.gov.cl/sites/dop/dptopl/dp/Documentos%20compartidos/Imágenes%20para%20el%20Modelo%20de%20Datos/5-%20VALPARAÍSO/05-18.JPG</SimpleData>
		<SimpleData name="MXLOCATION">05101-25</SimpleData>
		<SimpleData name="MXSITEID">DOP</SimpleData>
		<SimpleData name="COD_REG">0</SimpleData>
	</SchemaData></ExtendedData>
      <Point><coordinates>-71.58929891,-33.0308765939999</coordinates></Point>
  </Placemark>
  <Placemark id="infraestructura_portuaria.163">
	<ExtendedData><SchemaData schemaUrl="#infraestructura_portuaria">
		<SimpleData name="OBJECTID_1">163</SimpleData>
		<SimpleData name="OBJECTID">2855</SimpleData>
		<SimpleData name="CODOBRA">05-17</SimpleData>
		<SimpleData name="TIPOOBRA">2</SimpleData>
		<SimpleData name="DESCOBRA">CALETA PESQUERA EL MEMBRILLO</SimpleData>
		<SimpleData name="CODCOMUNA">VALPARAÍSO</SimpleData>
		<SimpleData name="LONMUROS">126</SimpleData>
		<SimpleData name="LONESCOLLE">20</SimpleData>
		<SimpleData name="LONMUELLE">46</SimpleData>
		<SimpleData name="LONRAMPCO">0</SimpleData>
		<SimpleData name="LONRAMPA">0</SimpleData>
		<SimpleData name="LONRAMPAVA">0</SimpleData>
		<SimpleData name="LONPONTON">0</SimpleData>
		<SimpleData name="LONCAMIAC">0</SimpleData>
		<SimpleData name="AREAEXPLAN">25</SimpleData>
		<SimpleData name="BOXUNI">90</SimpleData>
		<SimpleData name="BANO_UNI">4</SimpleData>
		<SimpleData name="TIPOGEOM">1</SimpleData>
		<SimpleData name="GLOBALID">{D5224220-0951-4F02-9823-7A6F5B550335}</SimpleData>
		<SimpleData name="SALAREUNI">0</SimpleData>
		<SimpleData name="PLAYAARTIF">0</SimpleData>
		<SimpleData name="PASEOCOSTE">0</SimpleData>
		<SimpleData name="ESTADOGRAL">BUENO</SimpleData>
		<SimpleData name="GRUAOPESC">0</SimpleData>
		<SimpleData name="LONSALAADM">0</SimpleData>
		<SimpleData name="LONSALVENT">0</SimpleData>
		<SimpleData name="SALAPROC">0</SimpleData>
		<SimpleData name="AREABODEGA">0</SimpleData>
		<SimpleData name="AREACAFRI">0</SimpleData>
		<SimpleData name="AREAREFUG">0</SimpleData>
		<SimpleData name="AREAGALPON">0</SimpleData>
		<SimpleData name="PROGRAMA">PESCA ARTESANAL</SimpleData>
		<SimpleData name="IMAGEN">http://colabora.mop.gov.cl/sites/dop/dptopl/dp/Documentos%20compartidos/Imágenes%20para%20el%20Modelo%20de%20Datos/5-%20VALPARAÍSO/05-17.JPG</SimpleData>
		<SimpleData name="MXLOCATION">05101-24</SimpleData>
		<SimpleData name="MXSITEID">DOP</SimpleData>
		<SimpleData name="COD_REG">0</SimpleData>
	</SchemaData></ExtendedData>
      <Point><coordinates>-71.632648113,-33.022442548</coordinates></Point>
  </Placemark>
  <Placemark id="infraestructura_portuaria.164">
	<ExtendedData><SchemaData schemaUrl="#infraestructura_portuaria">
		<SimpleData name="OBJECTID_1">164</SimpleData>
		<SimpleData name="OBJECTID">2856</SimpleData>
		<SimpleData name="CODOBRA">05-15</SimpleData>
		<SimpleData name="TIPOOBRA">2</SimpleData>
		<SimpleData name="DESCOBRA">CALETA PESQUERA MONTEMAR</SimpleData>
		<SimpleData name="CODCOMUNA">VIÑA DEL MAR</SimpleData>
		<SimpleData name="LONMUROS">0</SimpleData>
		<SimpleData name="LONESCOLLE">0</SimpleData>
		<SimpleData name="LONMUELLE">0</SimpleData>
		<SimpleData name="LONRAMPCO">5</SimpleData>
		<SimpleData name="LONRAMPA">3</SimpleData>
		<SimpleData name="LONRAMPAVA">0</SimpleData>
		<SimpleData name="LONPONTON">0</SimpleData>
		<SimpleData name="LONCAMIAC">0</SimpleData>
		<SimpleData name="AREAEXPLAN">0</SimpleData>
		<SimpleData name="BOXUNI">0</SimpleData>
		<SimpleData name="BANO_UNI">0</SimpleData>
		<SimpleData name="TIPOGEOM">1</SimpleData>
		<SimpleData name="GLOBALID">{2C2B14A8-CA35-4407-8EFA-37F6AC9C8EE4}</SimpleData>
		<SimpleData name="SALAREUNI">0</SimpleData>
		<SimpleData name="PLAYAARTIF">0</SimpleData>
		<SimpleData name="PASEOCOSTE">0</SimpleData>
		<SimpleData name="ESTADOGRAL">MALO</SimpleData>
		<SimpleData name="GRUAOPESC">0</SimpleData>
		<SimpleData name="LONSALAADM">0</SimpleData>
		<SimpleData name="LONSALVENT">0</SimpleData>
		<SimpleData name="SALAPROC">0</SimpleData>
		<SimpleData name="AREABODEGA">0</SimpleData>
		<SimpleData name="AREACAFRI">0</SimpleData>
		<SimpleData name="AREAREFUG">0</SimpleData>
		<SimpleData name="AREAGALPON">0</SimpleData>
		<SimpleData name="PROGRAMA">PESCA ARTESANAL</SimpleData>
		<SimpleData name="IMAGEN">http://colabora.mop.gov.cl/sites/dop/dptopl/dp/Documentos%20compartidos/Imágenes%20para%20el%20Modelo%20de%20Datos/5-%20VALPARAÍSO/05-15.JPG</SimpleData>
		<SimpleData name="MXLOCATION">05109-29</SimpleData>
		<SimpleData name="MXSITEID">DOP</SimpleData>
		<SimpleData name="COD_REG">0</SimpleData>
	</SchemaData></ExtendedData>
      <Point><coordinates>-71.549971284,-32.956923939</coordinates></Point>
  </Placemark>
  <Placemark id="infraestructura_portuaria.165">
	<ExtendedData><SchemaData schemaUrl="#infraestructura_portuaria">
		<SimpleData name="OBJECTID_1">165</SimpleData>
		<SimpleData name="OBJECTID">2857</SimpleData>
		<SimpleData name="CODOBRA">05-14</SimpleData>
		<SimpleData name="TIPOOBRA">2</SimpleData>
		<SimpleData name="DESCOBRA">CALETA PESQUERA HIGUERILLAS</SimpleData>
		<SimpleData name="CODCOMUNA">CONCÓN</SimpleData>
		<SimpleData name="LONMUROS">45</SimpleData>
		<SimpleData name="LONESCOLLE">25</SimpleData>
		<SimpleData name="LONMUELLE">37</SimpleData>
		<SimpleData name="LONRAMPCO">0</SimpleData>
		<SimpleData name="LONRAMPA">5</SimpleData>
		<SimpleData name="LONRAMPAVA">0</SimpleData>
		<SimpleData name="LONPONTON">0</SimpleData>
		<SimpleData name="LONCAMIAC">0</SimpleData>
		<SimpleData name="AREAEXPLAN">0</SimpleData>
		<SimpleData name="BOXUNI">30</SimpleData>
		<SimpleData name="BANO_UNI">4</SimpleData>
		<SimpleData name="TIPOGEOM">1</SimpleData>
		<SimpleData name="GLOBALID">{AEA8F8A7-1529-4E65-85CB-69C82B9B0A62}</SimpleData>
		<SimpleData name="SALAREUNI">0</SimpleData>
		<SimpleData name="PLAYAARTIF">0</SimpleData>
		<SimpleData name="PASEOCOSTE">0</SimpleData>
		<SimpleData name="ESTADOGRAL">BUENO</SimpleData>
		<SimpleData name="GRUAOPESC">0</SimpleData>
		<SimpleData name="LONSALAADM">0</SimpleData>
		<SimpleData name="LONSALVENT">0</SimpleData>
		<SimpleData name="SALAPROC">0</SimpleData>
		<SimpleData name="AREABODEGA">0</SimpleData>
		<SimpleData name="AREACAFRI">0</SimpleData>
		<SimpleData name="AREAREFUG">0</SimpleData>
		<SimpleData name="AREAGALPON">0</SimpleData>
		<SimpleData name="PROGRAMA">PESCA ARTESANAL</SimpleData>
		<SimpleData name="IMAGEN">http://colabora.mop.gov.cl/sites/dop/dptopl/dp/Documentos%20compartidos/Imágenes%20para%20el%20Modelo%20de%20Datos/5-%20VALPARAÍSO/05-14.JPG</SimpleData>
		<SimpleData name="MXLOCATION">05103-15</SimpleData>
		<SimpleData name="MXSITEID">DOP</SimpleData>
		<SimpleData name="COD_REG">0</SimpleData>
	</SchemaData></ExtendedData>
      <Point><coordinates>-71.538026051,-32.9294050569999</coordinates></Point>
  </Placemark>
  <Placemark id="infraestructura_portuaria.166">
	<ExtendedData><SchemaData schemaUrl="#infraestructura_portuaria">
		<SimpleData name="OBJECTID_1">166</SimpleData>
		<SimpleData name="OBJECTID">2858</SimpleData>
		<SimpleData name="CODOBRA">05-13</SimpleData>
		<SimpleData name="TIPOOBRA">2</SimpleData>
		<SimpleData name="DESCOBRA">CALETA PESQUERA SAN PEDRO DE CONCON</SimpleData>
		<SimpleData name="CODCOMUNA">CONCÓN</SimpleData>
		<SimpleData name="LONMUROS">54</SimpleData>
		<SimpleData name="LONESCOLLE">0</SimpleData>
		<SimpleData name="LONMUELLE">0</SimpleData>
		<SimpleData name="LONRAMPCO">15</SimpleData>
		<SimpleData name="LONRAMPA">7</SimpleData>
		<SimpleData name="LONRAMPAVA">0</SimpleData>
		<SimpleData name="LONPONTON">0</SimpleData>
		<SimpleData name="LONCAMIAC">0</SimpleData>
		<SimpleData name="AREAEXPLAN">17</SimpleData>
		<SimpleData name="BOXUNI">12</SimpleData>
		<SimpleData name="BANO_UNI">2</SimpleData>
		<SimpleData name="TIPOGEOM">1</SimpleData>
		<SimpleData name="GLOBALID">{88BAE456-7B16-4AB5-BFE3-AFACFF860AB1}</SimpleData>
		<SimpleData name="SALAREUNI">0</SimpleData>
		<SimpleData name="PLAYAARTIF">0</SimpleData>
		<SimpleData name="PASEOCOSTE">0</SimpleData>
		<SimpleData name="ESTADOGRAL">REGULAR</SimpleData>
		<SimpleData name="GRUAOPESC">0</SimpleData>
		<SimpleData name="LONSALAADM">0</SimpleData>
		<SimpleData name="LONSALVENT">0</SimpleData>
		<SimpleData name="SALAPROC">0</SimpleData>
		<SimpleData name="AREABODEGA">0</SimpleData>
		<SimpleData name="AREACAFRI">0</SimpleData>
		<SimpleData name="AREAREFUG">0</SimpleData>
		<SimpleData name="AREAGALPON">0</SimpleData>
		<SimpleData name="PROGRAMA">PESCA ARTESANAL</SimpleData>
		<SimpleData name="IMAGEN">http://colabora.mop.gov.cl/sites/dop/dptopl/dp/Documentos%20compartidos/Imágenes%20para%20el%20Modelo%20de%20Datos/5-%20VALPARAÍSO/05-13.JPG</SimpleData>
		<SimpleData name="MXLOCATION">05103-14</SimpleData>
		<SimpleData name="MXSITEID">DOP</SimpleData>
		<SimpleData name="COD_REG">0</SimpleData>
	</SchemaData></ExtendedData>
      <Point><coordinates>-71.517940391,-32.918771874</coordinates></Point>
  </Placemark>
  <Placemark id="infraestructura_portuaria.167">
	<ExtendedData><SchemaData schemaUrl="#infraestructura_portuaria">
		<SimpleData name="OBJECTID_1">167</SimpleData>
		<SimpleData name="OBJECTID">2859</SimpleData>
		<SimpleData name="CODOBRA">05-10</SimpleData>
		<SimpleData name="TIPOOBRA">2</SimpleData>
		<SimpleData name="DESCOBRA">CALETA PESQUERA EL MANZANO</SimpleData>
		<SimpleData name="CODCOMUNA">QUINTERO</SimpleData>
		<SimpleData name="LONMUROS">147</SimpleData>
		<SimpleData name="LONESCOLLE">0</SimpleData>
		<SimpleData name="LONMUELLE">81</SimpleData>
		<SimpleData name="LONRAMPCO">0</SimpleData>
		<SimpleData name="LONRAMPA">0</SimpleData>
		<SimpleData name="LONRAMPAVA">0</SimpleData>
		<SimpleData name="LONPONTON">0</SimpleData>
		<SimpleData name="LONCAMIAC">0</SimpleData>
		<SimpleData name="AREAEXPLAN">95</SimpleData>
		<SimpleData name="BOXUNI">30</SimpleData>
		<SimpleData name="BANO_UNI">8</SimpleData>
		<SimpleData name="TIPOGEOM">1</SimpleData>
		<SimpleData name="GLOBALID">{8F78C179-7F55-43D1-A7F2-AF43C0A27D9A}</SimpleData>
		<SimpleData name="SALAREUNI">1</SimpleData>
		<SimpleData name="PLAYAARTIF">0</SimpleData>
		<SimpleData name="PASEOCOSTE">0</SimpleData>
		<SimpleData name="ESTADOGRAL">BUENO</SimpleData>
		<SimpleData name="GRUAOPESC">0</SimpleData>
		<SimpleData name="LONSALAADM">0</SimpleData>
		<SimpleData name="LONSALVENT">0</SimpleData>
		<SimpleData name="SALAPROC">0</SimpleData>
		<SimpleData name="AREABODEGA">1</SimpleData>
		<SimpleData name="AREACAFRI">1</SimpleData>
		<SimpleData name="AREAREFUG">0</SimpleData>
		<SimpleData name="AREAGALPON">0</SimpleData>
		<SimpleData name="PROGRAMA">PESCA ARTESANAL</SimpleData>
		<SimpleData name="IMAGEN">http://colabora.mop.gov.cl/sites/dop/dptopl/dp/Documentos%20compartidos/Imágenes%20para%20el%20Modelo%20de%20Datos/5-%20VALPARAÍSO/05-10.JPG</SimpleData>
		<SimpleData name="MXLOCATION">05107-20</SimpleData>
		<SimpleData name="MXSITEID">DOP</SimpleData>
		<SimpleData name="COD_REG">0</SimpleData>
	</SchemaData></ExtendedData>
      <Point><coordinates>-71.525260438,-32.7813814909999</coordinates></Point>
  </Placemark>
  <Placemark id="infraestructura_portuaria.168">
	<ExtendedData><SchemaData schemaUrl="#infraestructura_portuaria">
		<SimpleData name="OBJECTID_1">168</SimpleData>
		<SimpleData name="OBJECTID">2860</SimpleData>
		<SimpleData name="CODOBRA">05-09</SimpleData>
		<SimpleData name="TIPOOBRA">2</SimpleData>
		<SimpleData name="DESCOBRA">CALETA PESQUERA LONCURA</SimpleData>
		<SimpleData name="CODCOMUNA">QUINTERO</SimpleData>
		<SimpleData name="LONMUROS">0</SimpleData>
		<SimpleData name="LONESCOLLE">0</SimpleData>
		<SimpleData name="LONMUELLE">35</SimpleData>
		<SimpleData name="LONRAMPCO">0</SimpleData>
		<SimpleData name="LONRAMPA">0</SimpleData>
		<SimpleData name="LONRAMPAVA">0</SimpleData>
		<SimpleData name="LONPONTON">0</SimpleData>
		<SimpleData name="LONCAMIAC">0</SimpleData>
		<SimpleData name="AREAEXPLAN">35</SimpleData>
		<SimpleData name="BOXUNI">9</SimpleData>
		<SimpleData name="BANO_UNI">6</SimpleData>
		<SimpleData name="TIPOGEOM">1</SimpleData>
		<SimpleData name="GLOBALID">{22283293-A13D-4D51-A1F1-2AF4A6383D63}</SimpleData>
		<SimpleData name="SALAREUNI">0</SimpleData>
		<SimpleData name="PLAYAARTIF">0</SimpleData>
		<SimpleData name="PASEOCOSTE">0</SimpleData>
		<SimpleData name="ESTADOGRAL">BUENO</SimpleData>
		<SimpleData name="GRUAOPESC">0</SimpleData>
		<SimpleData name="LONSALAADM">0</SimpleData>
		<SimpleData name="LONSALVENT">0</SimpleData>
		<SimpleData name="SALAPROC">0</SimpleData>
		<SimpleData name="AREABODEGA">0</SimpleData>
		<SimpleData name="AREACAFRI">0</SimpleData>
		<SimpleData name="AREAREFUG">0</SimpleData>
		<SimpleData name="AREAGALPON">0</SimpleData>
		<SimpleData name="PROGRAMA">PESCA ARTESANAL</SimpleData>
		<SimpleData name="IMAGEN">http://colabora.mop.gov.cl/sites/dop/dptopl/dp/Documentos%20compartidos/Imágenes%20para%20el%20Modelo%20de%20Datos/5-%20VALPARAÍSO/05-09.JPG</SimpleData>
		<SimpleData name="MXLOCATION">05107-19</SimpleData>
		<SimpleData name="MXSITEID">DOP</SimpleData>
		<SimpleData name="COD_REG">0</SimpleData>
	</SchemaData></ExtendedData>
      <Point><coordinates>-71.508271323,-32.782375106</coordinates></Point>
  </Placemark>
  <Placemark id="infraestructura_portuaria.169">
	<ExtendedData><SchemaData schemaUrl="#infraestructura_portuaria">
		<SimpleData name="OBJECTID_1">169</SimpleData>
		<SimpleData name="OBJECTID">2861</SimpleData>
		<SimpleData name="CODOBRA">05-07</SimpleData>
		<SimpleData name="TIPOOBRA">2</SimpleData>
		<SimpleData name="DESCOBRA">CALETA PESQUERA MAITENCILLO</SimpleData>
		<SimpleData name="CODCOMUNA">PUCHUNCAVÍ</SimpleData>
		<SimpleData name="LONMUROS">80</SimpleData>
		<SimpleData name="LONESCOLLE">40</SimpleData>
		<SimpleData name="LONMUELLE">0</SimpleData>
		<SimpleData name="LONRAMPCO">0</SimpleData>
		<SimpleData name="LONRAMPA">0</SimpleData>
		<SimpleData name="LONRAMPAVA">0</SimpleData>
		<SimpleData name="LONPONTON">0</SimpleData>
		<SimpleData name="LONCAMIAC">0</SimpleData>
		<SimpleData name="AREAEXPLAN">0</SimpleData>
		<SimpleData name="BOXUNI">16</SimpleData>
		<SimpleData name="BANO_UNI">3</SimpleData>
		<SimpleData name="TIPOGEOM">1</SimpleData>
		<SimpleData name="GLOBALID">{E00F7C4F-F48C-4D1C-9324-9DD297338F9E}</SimpleData>
		<SimpleData name="SALAREUNI">1</SimpleData>
		<SimpleData name="PLAYAARTIF">0</SimpleData>
		<SimpleData name="PASEOCOSTE">0</SimpleData>
		<SimpleData name="ESTADOGRAL">BUENO</SimpleData>
		<SimpleData name="GRUAOPESC">0</SimpleData>
		<SimpleData name="LONSALAADM">0</SimpleData>
		<SimpleData name="LONSALVENT">0</SimpleData>
		<SimpleData name="SALAPROC">0</SimpleData>
		<SimpleData name="AREABODEGA">0</SimpleData>
		<SimpleData name="AREACAFRI">0</SimpleData>
		<SimpleData name="AREAREFUG">0</SimpleData>
		<SimpleData name="AREAGALPON">0</SimpleData>
		<SimpleData name="PROGRAMA">PESCA ARTESANAL</SimpleData>
		<SimpleData name="IMAGEN">http://colabora.mop.gov.cl/sites/dop/dptopl/dp/Documentos%20compartidos/Imágenes%20para%20el%20Modelo%20de%20Datos/5-%20VALPARAÍSO/05-07.JPG</SimpleData>
		<SimpleData name="MXLOCATION">05105-17</SimpleData>
		<SimpleData name="MXSITEID">DOP</SimpleData>
		<SimpleData name="COD_REG">0</SimpleData>
	</SchemaData></ExtendedData>
      <Point><coordinates>-71.440840694,-32.6487300059999</coordinates></Point>
  </Placemark>
  <Placemark id="infraestructura_portuaria.170">
	<ExtendedData><SchemaData schemaUrl="#infraestructura_portuaria">
		<SimpleData name="OBJECTID_1">170</SimpleData>
		<SimpleData name="OBJECTID">2862</SimpleData>
		<SimpleData name="CODOBRA">05-06</SimpleData>
		<SimpleData name="TIPOOBRA">2</SimpleData>
		<SimpleData name="DESCOBRA">CALETA PESQUERA HORCON</SimpleData>
		<SimpleData name="CODCOMUNA">PUCHUNCAVÍ</SimpleData>
		<SimpleData name="LONMUROS">75</SimpleData>
		<SimpleData name="LONESCOLLE">0</SimpleData>
		<SimpleData name="LONMUELLE">0</SimpleData>
		<SimpleData name="LONRAMPCO">0</SimpleData>
		<SimpleData name="LONRAMPA">0</SimpleData>
		<SimpleData name="LONRAMPAVA">0</SimpleData>
		<SimpleData name="LONPONTON">0</SimpleData>
		<SimpleData name="LONCAMIAC">0</SimpleData>
		<SimpleData name="AREAEXPLAN">75</SimpleData>
		<SimpleData name="BOXUNI">32</SimpleData>
		<SimpleData name="BANO_UNI">0</SimpleData>
		<SimpleData name="TIPOGEOM">1</SimpleData>
		<SimpleData name="GLOBALID">{D9BC8DE3-3CCA-4E39-B04A-779610D06F58}</SimpleData>
		<SimpleData name="SALAREUNI">0</SimpleData>
		<SimpleData name="PLAYAARTIF">0</SimpleData>
		<SimpleData name="PASEOCOSTE">0</SimpleData>
		<SimpleData name="ESTADOGRAL">MALO</SimpleData>
		<SimpleData name="GRUAOPESC">0</SimpleData>
		<SimpleData name="LONSALAADM">0</SimpleData>
		<SimpleData name="LONSALVENT">0</SimpleData>
		<SimpleData name="SALAPROC">0</SimpleData>
		<SimpleData name="AREABODEGA">0</SimpleData>
		<SimpleData name="AREACAFRI">0</SimpleData>
		<SimpleData name="AREAREFUG">0</SimpleData>
		<SimpleData name="AREAGALPON">0</SimpleData>
		<SimpleData name="PROGRAMA">PESCA ARTESANAL</SimpleData>
		<SimpleData name="IMAGEN">http://colabora.mop.gov.cl/sites/dop/dptopl/dp/Documentos%20compartidos/Imágenes%20para%20el%20Modelo%20de%20Datos/5-%20VALPARAÍSO/05-06.JPG</SimpleData>
		<SimpleData name="MXLOCATION">05105-16</SimpleData>
		<SimpleData name="MXSITEID">DOP</SimpleData>
		<SimpleData name="COD_REG">0</SimpleData>
	</SchemaData></ExtendedData>
      <Point><coordinates>-71.489798166,-32.7086270259999</coordinates></Point>
  </Placemark>
  <Placemark id="infraestructura_portuaria.171">
	<ExtendedData><SchemaData schemaUrl="#infraestructura_portuaria">
		<SimpleData name="OBJECTID_1">171</SimpleData>
		<SimpleData name="OBJECTID">2863</SimpleData>
		<SimpleData name="CODOBRA">08-31</SimpleData>
		<SimpleData name="TIPOOBRA">2</SimpleData>
		<SimpleData name="DESCOBRA">CALETA PESQUERA QUIDICO</SimpleData>
		<SimpleData name="CODCOMUNA">TIRUA</SimpleData>
		<SimpleData name="LONMUROS">927</SimpleData>
		<SimpleData name="LONESCOLLE">0</SimpleData>
		<SimpleData name="LONMUELLE">0</SimpleData>
		<SimpleData name="LONRAMPCO">0</SimpleData>
		<SimpleData name="LONRAMPA">0</SimpleData>
		<SimpleData name="LONRAMPAVA">0</SimpleData>
		<SimpleData name="LONPONTON">0</SimpleData>
		<SimpleData name="LONCAMIAC">34</SimpleData>
		<SimpleData name="AREAEXPLAN">0</SimpleData>
		<SimpleData name="BOXUNI">0</SimpleData>
		<SimpleData name="BANO_UNI">0</SimpleData>
		<SimpleData name="TIPOGEOM">1</SimpleData>
		<SimpleData name="GLOBALID">{3CF7D228-DD4E-4A49-AE08-416B2FFAF430}</SimpleData>
		<SimpleData name="SALAREUNI">0</SimpleData>
		<SimpleData name="PLAYAARTIF">0</SimpleData>
		<SimpleData name="PASEOCOSTE">0</SimpleData>
		<SimpleData name="ESTADOGRAL">BUENO</SimpleData>
		<SimpleData name="GRUAOPESC">0</SimpleData>
		<SimpleData name="LONSALAADM">0</SimpleData>
		<SimpleData name="LONSALVENT">0</SimpleData>
		<SimpleData name="SALAPROC">0</SimpleData>
		<SimpleData name="AREABODEGA">0</SimpleData>
		<SimpleData name="AREACAFRI">0</SimpleData>
		<SimpleData name="AREAREFUG">0</SimpleData>
		<SimpleData name="AREAGALPON">0</SimpleData>
		<SimpleData name="PROGRAMA">PESCA ARTESANAL</SimpleData>
		<SimpleData name="IMAGEN">http://colabora.mop.gov.cl/sites/dop/dptopl/dp/Documentos%20compartidos/Imágenes%20para%20el%20Modelo%20de%20Datos/8-%20BIOBIO/08-31.JPG</SimpleData>
		<SimpleData name="MXLOCATION">08207-06</SimpleData>
		<SimpleData name="MXSITEID">DOP</SimpleData>
		<SimpleData name="COD_REG">0</SimpleData>
	</SchemaData></ExtendedData>
      <Point><coordinates>-73.490942812,-38.24558661</coordinates></Point>
  </Placemark>
  <Placemark id="infraestructura_portuaria.172">
	<ExtendedData><SchemaData schemaUrl="#infraestructura_portuaria">
		<SimpleData name="OBJECTID_1">172</SimpleData>
		<SimpleData name="OBJECTID">2864</SimpleData>
		<SimpleData name="CODOBRA">08-29</SimpleData>
		<SimpleData name="TIPOOBRA">2</SimpleData>
		<SimpleData name="DESCOBRA">ESPIGON LEBU</SimpleData>
		<SimpleData name="CODCOMUNA">LEBU</SimpleData>
		<SimpleData name="LONMUROS">403</SimpleData>
		<SimpleData name="LONESCOLLE">12</SimpleData>
		<SimpleData name="LONMUELLE">0</SimpleData>
		<SimpleData name="LONRAMPCO">0</SimpleData>
		<SimpleData name="LONRAMPA">0</SimpleData>
		<SimpleData name="LONRAMPAVA">0</SimpleData>
		<SimpleData name="LONPONTON">0</SimpleData>
		<SimpleData name="LONCAMIAC">0</SimpleData>
		<SimpleData name="AREAEXPLAN">0</SimpleData>
		<SimpleData name="BOXUNI">0</SimpleData>
		<SimpleData name="BANO_UNI">0</SimpleData>
		<SimpleData name="TIPOGEOM">1</SimpleData>
		<SimpleData name="GLOBALID">{196D07ED-396A-46C4-8CA1-D4F7CB68BF35}</SimpleData>
		<SimpleData name="SALAREUNI">0</SimpleData>
		<SimpleData name="PLAYAARTIF">0</SimpleData>
		<SimpleData name="PASEOCOSTE">0</SimpleData>
		<SimpleData name="ESTADOGRAL">BUENO</SimpleData>
		<SimpleData name="GRUAOPESC">0</SimpleData>
		<SimpleData name="LONSALAADM">0</SimpleData>
		<SimpleData name="LONSALVENT">0</SimpleData>
		<SimpleData name="SALAPROC">0</SimpleData>
		<SimpleData name="AREABODEGA">0</SimpleData>
		<SimpleData name="AREACAFRI">0</SimpleData>
		<SimpleData name="AREAREFUG">0</SimpleData>
		<SimpleData name="AREAGALPON">0</SimpleData>
		<SimpleData name="PROGRAMA">PESCA ARTESANAL</SimpleData>
		<SimpleData name="IMAGEN">http://colabora.mop.gov.cl/sites/dop/dptopl/dp/Documentos%20compartidos/Imágenes%20para%20el%20Modelo%20de%20Datos/8-%20BIOBIO/08-29.JPG</SimpleData>
		<SimpleData name="MXLOCATION">08201-05</SimpleData>
		<SimpleData name="MXSITEID">DOP</SimpleData>
		<SimpleData name="COD_REG">0</SimpleData>
	</SchemaData></ExtendedData>
      <Point><coordinates>-73.663207573,-37.5970479769999</coordinates></Point>
  </Placemark>
  <Placemark id="infraestructura_portuaria.173">
	<ExtendedData><SchemaData schemaUrl="#infraestructura_portuaria">
		<SimpleData name="OBJECTID_1">173</SimpleData>
		<SimpleData name="OBJECTID">2865</SimpleData>
		<SimpleData name="CODOBRA">08-26</SimpleData>
		<SimpleData name="TIPOOBRA">2</SimpleData>
		<SimpleData name="DESCOBRA">CALETA PESQUERA LLICO</SimpleData>
		<SimpleData name="CODCOMUNA">ARAUCO</SimpleData>
		<SimpleData name="LONMUROS">108</SimpleData>
		<SimpleData name="LONESCOLLE">54</SimpleData>
		<SimpleData name="LONMUELLE">0</SimpleData>
		<SimpleData name="LONRAMPCO">0</SimpleData>
		<SimpleData name="LONRAMPA">0</SimpleData>
		<SimpleData name="LONRAMPAVA">0</SimpleData>
		<SimpleData name="LONPONTON">0</SimpleData>
		<SimpleData name="LONCAMIAC">0</SimpleData>
		<SimpleData name="AREAEXPLAN">1668</SimpleData>
		<SimpleData name="BOXUNI">10</SimpleData>
		<SimpleData name="BANO_UNI">0</SimpleData>
		<SimpleData name="TIPOGEOM">1</SimpleData>
		<SimpleData name="GLOBALID">{974D882F-78D2-49CB-8596-1ABE2A287880}</SimpleData>
		<SimpleData name="SALAREUNI">0</SimpleData>
		<SimpleData name="PLAYAARTIF">0</SimpleData>
		<SimpleData name="PASEOCOSTE">0</SimpleData>
		<SimpleData name="ESTADOGRAL">REGULAR</SimpleData>
		<SimpleData name="GRUAOPESC">0</SimpleData>
		<SimpleData name="LONSALAADM">0</SimpleData>
		<SimpleData name="LONSALVENT">0</SimpleData>
		<SimpleData name="SALAPROC">0</SimpleData>
		<SimpleData name="AREABODEGA">0</SimpleData>
		<SimpleData name="AREACAFRI">0</SimpleData>
		<SimpleData name="AREAREFUG">0</SimpleData>
		<SimpleData name="AREAGALPON">0</SimpleData>
		<SimpleData name="PROGRAMA">PESCA ARTESANAL</SimpleData>
		<SimpleData name="IMAGEN">http://colabora.mop.gov.cl/sites/dop/dptopl/dp/Documentos%20compartidos/Imágenes%20para%20el%20Modelo%20de%20Datos/8-%20BIOBIO/08-26.JPG</SimpleData>
		<SimpleData name="MXLOCATION">08202-02</SimpleData>
		<SimpleData name="MXSITEID">DOP</SimpleData>
		<SimpleData name="COD_REG">0</SimpleData>
	</SchemaData></ExtendedData>
      <Point><coordinates>-73.5638858849999,-37.193838316</coordinates></Point>
  </Placemark>
  <Placemark id="infraestructura_portuaria.174">
	<ExtendedData><SchemaData schemaUrl="#infraestructura_portuaria">
		<SimpleData name="OBJECTID_1">174</SimpleData>
		<SimpleData name="OBJECTID">2866</SimpleData>
		<SimpleData name="CODOBRA">08-23</SimpleData>
		<SimpleData name="TIPOOBRA">2</SimpleData>
		<SimpleData name="DESCOBRA">CALETA PESQUERA LOTA BAJO</SimpleData>
		<SimpleData name="CODCOMUNA">LOTA</SimpleData>
		<SimpleData name="LONMUROS">0</SimpleData>
		<SimpleData name="LONESCOLLE">103</SimpleData>
		<SimpleData name="LONMUELLE">226</SimpleData>
		<SimpleData name="LONRAMPCO">0</SimpleData>
		<SimpleData name="LONRAMPA">0</SimpleData>
		<SimpleData name="LONRAMPAVA">0</SimpleData>
		<SimpleData name="LONPONTON">0</SimpleData>
		<SimpleData name="LONCAMIAC">21</SimpleData>
		<SimpleData name="AREAEXPLAN">3247</SimpleData>
		<SimpleData name="BOXUNI">70</SimpleData>
		<SimpleData name="BANO_UNI">2</SimpleData>
		<SimpleData name="TIPOGEOM">1</SimpleData>
		<SimpleData name="GLOBALID">{78F6500E-8297-40ED-A26D-43B7E539DF57}</SimpleData>
		<SimpleData name="SALAREUNI">0</SimpleData>
		<SimpleData name="PLAYAARTIF">0</SimpleData>
		<SimpleData name="PASEOCOSTE">0</SimpleData>
		<SimpleData name="ESTADOGRAL">MALO</SimpleData>
		<SimpleData name="GRUAOPESC">0</SimpleData>
		<SimpleData name="LONSALAADM">0</SimpleData>
		<SimpleData name="LONSALVENT">0</SimpleData>
		<SimpleData name="SALAPROC">0</SimpleData>
		<SimpleData name="AREABODEGA">0</SimpleData>
		<SimpleData name="AREACAFRI">0</SimpleData>
		<SimpleData name="AREAREFUG">0</SimpleData>
		<SimpleData name="AREAGALPON">0</SimpleData>
		<SimpleData name="PROGRAMA">PESCA ARTESANAL</SimpleData>
		<SimpleData name="IMAGEN">http://colabora.mop.gov.cl/sites/dop/dptopl/dp/Documentos%20compartidos/Imágenes%20para%20el%20Modelo%20de%20Datos/8-%20BIOBIO/08-23.JPG</SimpleData>
		<SimpleData name="MXLOCATION">08106-17</SimpleData>
		<SimpleData name="MXSITEID">DOP</SimpleData>
		<SimpleData name="COD_REG">0</SimpleData>
	</SchemaData></ExtendedData>
      <Point><coordinates>-73.159309706,-37.096564268</coordinates></Point>
  </Placemark>
  <Placemark id="infraestructura_portuaria.175">
	<ExtendedData><SchemaData schemaUrl="#infraestructura_portuaria">
		<SimpleData name="OBJECTID_1">175</SimpleData>
		<SimpleData name="OBJECTID">2867</SimpleData>
		<SimpleData name="CODOBRA">08-22</SimpleData>
		<SimpleData name="TIPOOBRA">2</SimpleData>
		<SimpleData name="DESCOBRA">CALETA PESQUERA PUEBLO HUNDIDO</SimpleData>
		<SimpleData name="CODCOMUNA">LOTA</SimpleData>
		<SimpleData name="LONMUROS">776</SimpleData>
		<SimpleData name="LONESCOLLE">600</SimpleData>
		<SimpleData name="LONMUELLE">0</SimpleData>
		<SimpleData name="LONRAMPCO">0</SimpleData>
		<SimpleData name="LONRAMPA">0</SimpleData>
		<SimpleData name="LONRAMPAVA">0</SimpleData>
		<SimpleData name="LONPONTON">0</SimpleData>
		<SimpleData name="LONCAMIAC">0</SimpleData>
		<SimpleData name="AREAEXPLAN">0</SimpleData>
		<SimpleData name="BOXUNI">9</SimpleData>
		<SimpleData name="BANO_UNI">4</SimpleData>
		<SimpleData name="TIPOGEOM">1</SimpleData>
		<SimpleData name="GLOBALID">{84D36753-805B-4BED-BD8D-3269626753D2}</SimpleData>
		<SimpleData name="SALAREUNI">0</SimpleData>
		<SimpleData name="PLAYAARTIF">0</SimpleData>
		<SimpleData name="PASEOCOSTE">217</SimpleData>
		<SimpleData name="ESTADOGRAL">REGULAR</SimpleData>
		<SimpleData name="GRUAOPESC">0</SimpleData>
		<SimpleData name="LONSALAADM">0</SimpleData>
		<SimpleData name="LONSALVENT">1</SimpleData>
		<SimpleData name="SALAPROC">0</SimpleData>
		<SimpleData name="AREABODEGA">1</SimpleData>
		<SimpleData name="AREACAFRI">0</SimpleData>
		<SimpleData name="AREAREFUG">0</SimpleData>
		<SimpleData name="AREAGALPON">0</SimpleData>
		<SimpleData name="PROGRAMA">PESCA ARTESANAL</SimpleData>
		<SimpleData name="IMAGEN">http://colabora.mop.gov.cl/sites/dop/dptopl/dp/Documentos%20compartidos/Imágenes%20para%20el%20Modelo%20de%20Datos/8-%20BIOBIO/08-22.JPG</SimpleData>
		<SimpleData name="MXLOCATION">08106-16</SimpleData>
		<SimpleData name="MXSITEID">DOP</SimpleData>
		<SimpleData name="COD_REG">0</SimpleData>
	</SchemaData></ExtendedData>
      <Point><coordinates>-73.152231688,-37.073470303</coordinates></Point>
  </Placemark>
  <Placemark id="infraestructura_portuaria.176">
	<ExtendedData><SchemaData schemaUrl="#infraestructura_portuaria">
		<SimpleData name="OBJECTID_1">176</SimpleData>
		<SimpleData name="OBJECTID">2868</SimpleData>
		<SimpleData name="CODOBRA">08-21</SimpleData>
		<SimpleData name="TIPOOBRA">2</SimpleData>
		<SimpleData name="DESCOBRA">CALETA PESQUERA LARAQUETE</SimpleData>
		<SimpleData name="CODCOMUNA">LOTA</SimpleData>
		<SimpleData name="LONMUROS">238</SimpleData>
		<SimpleData name="LONESCOLLE">0</SimpleData>
		<SimpleData name="LONMUELLE">0</SimpleData>
		<SimpleData name="LONRAMPCO">0</SimpleData>
		<SimpleData name="LONRAMPA">0</SimpleData>
		<SimpleData name="LONRAMPAVA">0</SimpleData>
		<SimpleData name="LONPONTON">0</SimpleData>
		<SimpleData name="LONCAMIAC">0</SimpleData>
		<SimpleData name="AREAEXPLAN">680</SimpleData>
		<SimpleData name="BOXUNI">30</SimpleData>
		<SimpleData name="BANO_UNI">4</SimpleData>
		<SimpleData name="TIPOGEOM">1</SimpleData>
		<SimpleData name="GLOBALID">{BBFD0967-C839-4605-BBB9-2789BC4596DE}</SimpleData>
		<SimpleData name="SALAREUNI">0</SimpleData>
		<SimpleData name="PLAYAARTIF">0</SimpleData>
		<SimpleData name="PASEOCOSTE">0</SimpleData>
		<SimpleData name="ESTADOGRAL">BUENO</SimpleData>
		<SimpleData name="GRUAOPESC">0</SimpleData>
		<SimpleData name="LONSALAADM">0</SimpleData>
		<SimpleData name="LONSALVENT">0</SimpleData>
		<SimpleData name="SALAPROC">0</SimpleData>
		<SimpleData name="AREABODEGA">1</SimpleData>
		<SimpleData name="AREACAFRI">0</SimpleData>
		<SimpleData name="AREAREFUG">0</SimpleData>
		<SimpleData name="AREAGALPON">0</SimpleData>
		<SimpleData name="PROGRAMA">PESCA ARTESANAL</SimpleData>
		<SimpleData name="IMAGEN">http://colabora.mop.gov.cl/sites/dop/dptopl/dp/Documentos%20compartidos/Imágenes%20para%20el%20Modelo%20de%20Datos/8-%20BIOBIO/08-21.JPG</SimpleData>
		<SimpleData name="MXLOCATION">08106-15</SimpleData>
		<SimpleData name="MXSITEID">DOP</SimpleData>
		<SimpleData name="COD_REG">0</SimpleData>
	</SchemaData></ExtendedData>
      <Point><coordinates>-73.1878444389999,-37.165437009</coordinates></Point>
  </Placemark>
  <Placemark id="infraestructura_portuaria.177">
	<ExtendedData><SchemaData schemaUrl="#infraestructura_portuaria">
		<SimpleData name="OBJECTID_1">177</SimpleData>
		<SimpleData name="OBJECTID">2869</SimpleData>
		<SimpleData name="CODOBRA">08-19</SimpleData>
		<SimpleData name="TIPOOBRA">2</SimpleData>
		<SimpleData name="DESCOBRA">PUERTO SUR (I. STA. MARÍA)</SimpleData>
		<SimpleData name="CODCOMUNA">CORONEL</SimpleData>
		<SimpleData name="LONMUROS">252</SimpleData>
		<SimpleData name="LONESCOLLE">0</SimpleData>
		<SimpleData name="LONMUELLE">0</SimpleData>
		<SimpleData name="LONRAMPCO">0</SimpleData>
		<SimpleData name="LONRAMPA">0</SimpleData>
		<SimpleData name="LONRAMPAVA">0</SimpleData>
		<SimpleData name="LONPONTON">0</SimpleData>
		<SimpleData name="LONCAMIAC">0</SimpleData>
		<SimpleData name="AREAEXPLAN">0</SimpleData>
		<SimpleData name="BOXUNI">0</SimpleData>
		<SimpleData name="BANO_UNI">0</SimpleData>
		<SimpleData name="TIPOGEOM">1</SimpleData>
		<SimpleData name="GLOBALID">{C0B949F4-7C42-41FB-B6EC-6CB00B5CB242}</SimpleData>
		<SimpleData name="SALAREUNI">0</SimpleData>
		<SimpleData name="PLAYAARTIF">0</SimpleData>
		<SimpleData name="PASEOCOSTE">0</SimpleData>
		<SimpleData name="ESTADOGRAL">MUY MALO</SimpleData>
		<SimpleData name="GRUAOPESC">0</SimpleData>
		<SimpleData name="LONSALAADM">0</SimpleData>
		<SimpleData name="LONSALVENT">0</SimpleData>
		<SimpleData name="SALAPROC">0</SimpleData>
		<SimpleData name="AREABODEGA">0</SimpleData>
		<SimpleData name="AREACAFRI">0</SimpleData>
		<SimpleData name="AREAREFUG">0</SimpleData>
		<SimpleData name="AREAGALPON">0</SimpleData>
		<SimpleData name="PROGRAMA">PESCA ARTESANAL</SimpleData>
		<SimpleData name="IMAGEN">http://colabora.mop.gov.cl/sites/dop/dptopl/dp/Documentos%20compartidos/Imágenes%20para%20el%20Modelo%20de%20Datos/8-%20BIOBIO/08-19.JPG</SimpleData>
		<SimpleData name="MXLOCATION">08102-12</SimpleData>
		<SimpleData name="MXSITEID">DOP</SimpleData>
		<SimpleData name="COD_REG">0</SimpleData>
	</SchemaData></ExtendedData>
      <Point><coordinates>-73.510802295,-37.044089319</coordinates></Point>
  </Placemark>
  <Placemark id="infraestructura_portuaria.178">
	<ExtendedData><SchemaData schemaUrl="#infraestructura_portuaria">
		<SimpleData name="OBJECTID_1">178</SimpleData>
		<SimpleData name="OBJECTID">2870</SimpleData>
		<SimpleData name="CODOBRA">08-14</SimpleData>
		<SimpleData name="TIPOOBRA">2</SimpleData>
		<SimpleData name="DESCOBRA">CALETA PESQUERA SAN VICENTE</SimpleData>
		<SimpleData name="CODCOMUNA">TALCAHUANO</SimpleData>
		<SimpleData name="LONMUROS">99</SimpleData>
		<SimpleData name="LONESCOLLE">47</SimpleData>
		<SimpleData name="LONMUELLE">0</SimpleData>
		<SimpleData name="LONRAMPCO">0</SimpleData>
		<SimpleData name="LONRAMPA">0</SimpleData>
		<SimpleData name="LONRAMPAVA">0</SimpleData>
		<SimpleData name="LONPONTON">0</SimpleData>
		<SimpleData name="LONCAMIAC">47</SimpleData>
		<SimpleData name="AREAEXPLAN">1159</SimpleData>
		<SimpleData name="BOXUNI">36</SimpleData>
		<SimpleData name="BANO_UNI">2</SimpleData>
		<SimpleData name="TIPOGEOM">1</SimpleData>
		<SimpleData name="GLOBALID">{8AAEA587-E6F0-41E7-A303-13C5D85AB9FE}</SimpleData>
		<SimpleData name="SALAREUNI">0</SimpleData>
		<SimpleData name="PLAYAARTIF">0</SimpleData>
		<SimpleData name="PASEOCOSTE">0</SimpleData>
		<SimpleData name="ESTADOGRAL">MALO</SimpleData>
		<SimpleData name="GRUAOPESC">0</SimpleData>
		<SimpleData name="LONSALAADM">1</SimpleData>
		<SimpleData name="LONSALVENT">0</SimpleData>
		<SimpleData name="SALAPROC">0</SimpleData>
		<SimpleData name="AREABODEGA">1</SimpleData>
		<SimpleData name="AREACAFRI">0</SimpleData>
		<SimpleData name="AREAREFUG">0</SimpleData>
		<SimpleData name="AREAGALPON">0</SimpleData>
		<SimpleData name="PROGRAMA">PESCA ARTESANAL</SimpleData>
		<SimpleData name="IMAGEN">http://colabora.mop.gov.cl/sites/dop/dptopl/dp/Documentos%20compartidos/Imágenes%20para%20el%20Modelo%20de%20Datos/8-%20BIOBIO/08-14.JPG</SimpleData>
		<SimpleData name="MXLOCATION">08110-24</SimpleData>
		<SimpleData name="MXSITEID">DOP</SimpleData>
		<SimpleData name="COD_REG">0</SimpleData>
	</SchemaData></ExtendedData>
      <Point><coordinates>-73.132603995,-36.7250546989999</coordinates></Point>
  </Placemark>
  <Placemark id="infraestructura_portuaria.179">
	<ExtendedData><SchemaData schemaUrl="#infraestructura_portuaria">
		<SimpleData name="OBJECTID_1">179</SimpleData>
		<SimpleData name="OBJECTID">2871</SimpleData>
		<SimpleData name="CODOBRA">08-13</SimpleData>
		<SimpleData name="TIPOOBRA">2</SimpleData>
		<SimpleData name="DESCOBRA">CALETA PESQUERA ROCUANT</SimpleData>
		<SimpleData name="CODCOMUNA">TALCAHUANO</SimpleData>
		<SimpleData name="LONMUROS">0</SimpleData>
		<SimpleData name="LONESCOLLE">0</SimpleData>
		<SimpleData name="LONMUELLE">0</SimpleData>
		<SimpleData name="LONRAMPCO">0</SimpleData>
		<SimpleData name="LONRAMPA">0</SimpleData>
		<SimpleData name="LONRAMPAVA">0</SimpleData>
		<SimpleData name="LONPONTON">0</SimpleData>
		<SimpleData name="LONCAMIAC">0</SimpleData>
		<SimpleData name="AREAEXPLAN">575</SimpleData>
		<SimpleData name="BOXUNI">8</SimpleData>
		<SimpleData name="BANO_UNI">3</SimpleData>
		<SimpleData name="TIPOGEOM">1</SimpleData>
		<SimpleData name="GLOBALID">{67B3C82A-EAF3-4733-8A0A-E707E6861DBC}</SimpleData>
		<SimpleData name="SALAREUNI">0</SimpleData>
		<SimpleData name="PLAYAARTIF">0</SimpleData>
		<SimpleData name="PASEOCOSTE">0</SimpleData>
		<SimpleData name="ESTADOGRAL">MUY BUENO</SimpleData>
		<SimpleData name="GRUAOPESC">0</SimpleData>
		<SimpleData name="LONSALAADM">1</SimpleData>
		<SimpleData name="LONSALVENT">0</SimpleData>
		<SimpleData name="SALAPROC">0</SimpleData>
		<SimpleData name="AREABODEGA">0</SimpleData>
		<SimpleData name="AREACAFRI">0</SimpleData>
		<SimpleData name="AREAREFUG">0</SimpleData>
		<SimpleData name="AREAGALPON">0</SimpleData>
		<SimpleData name="PROGRAMA">PESCA ARTESANAL</SimpleData>
		<SimpleData name="IMAGEN">http://colabora.mop.gov.cl/sites/dop/dptopl/dp/Documentos%20compartidos/Imágenes%20para%20el%20Modelo%20de%20Datos/8-%20BIOBIO/08-13.JPG</SimpleData>
		<SimpleData name="MXLOCATION">08110-23</SimpleData>
		<SimpleData name="MXSITEID">DOP</SimpleData>
		<SimpleData name="COD_REG">0</SimpleData>
	</SchemaData></ExtendedData>
      <Point><coordinates>-73.093061813,-36.736186802</coordinates></Point>
  </Placemark>
  <Placemark id="infraestructura_portuaria.180">
	<ExtendedData><SchemaData schemaUrl="#infraestructura_portuaria">
		<SimpleData name="OBJECTID_1">180</SimpleData>
		<SimpleData name="OBJECTID">2872</SimpleData>
		<SimpleData name="CODOBRA">08-11</SimpleData>
		<SimpleData name="TIPOOBRA">2</SimpleData>
		<SimpleData name="DESCOBRA">CALETA PESQUERA TOME</SimpleData>
		<SimpleData name="CODCOMUNA">TOMÉ</SimpleData>
		<SimpleData name="LONMUROS">0</SimpleData>
		<SimpleData name="LONESCOLLE">0</SimpleData>
		<SimpleData name="LONMUELLE">100</SimpleData>
		<SimpleData name="LONRAMPCO">0</SimpleData>
		<SimpleData name="LONRAMPA">0</SimpleData>
		<SimpleData name="LONRAMPAVA">0</SimpleData>
		<SimpleData name="LONPONTON">0</SimpleData>
		<SimpleData name="LONCAMIAC">0</SimpleData>
		<SimpleData name="AREAEXPLAN">0</SimpleData>
		<SimpleData name="BOXUNI">11</SimpleData>
		<SimpleData name="BANO_UNI">0</SimpleData>
		<SimpleData name="TIPOGEOM">1</SimpleData>
		<SimpleData name="GLOBALID">{5CC9751A-B103-4C1E-9563-51D312F45E86}</SimpleData>
		<SimpleData name="SALAREUNI">0</SimpleData>
		<SimpleData name="PLAYAARTIF">0</SimpleData>
		<SimpleData name="PASEOCOSTE">0</SimpleData>
		<SimpleData name="ESTADOGRAL">BUENO</SimpleData>
		<SimpleData name="GRUAOPESC">0</SimpleData>
		<SimpleData name="LONSALAADM">0</SimpleData>
		<SimpleData name="LONSALVENT">0</SimpleData>
		<SimpleData name="SALAPROC">0</SimpleData>
		<SimpleData name="AREABODEGA">0</SimpleData>
		<SimpleData name="AREACAFRI">0</SimpleData>
		<SimpleData name="AREAREFUG">0</SimpleData>
		<SimpleData name="AREAGALPON">0</SimpleData>
		<SimpleData name="PROGRAMA">PESCA ARTESANAL</SimpleData>
		<SimpleData name="IMAGEN">http://colabora.mop.gov.cl/sites/dop/dptopl/dp/Documentos%20compartidos/Imágenes%20para%20el%20Modelo%20de%20Datos/8-%20BIOBIO/08-11.JPG</SimpleData>
		<SimpleData name="MXLOCATION">08111-31</SimpleData>
		<SimpleData name="MXSITEID">DOP</SimpleData>
		<SimpleData name="COD_REG">0</SimpleData>
	</SchemaData></ExtendedData>
      <Point><coordinates>-72.9592806599999,-36.618936602</coordinates></Point>
  </Placemark>
  <Placemark id="infraestructura_portuaria.181">
	<ExtendedData><SchemaData schemaUrl="#infraestructura_portuaria">
		<SimpleData name="OBJECTID_1">181</SimpleData>
		<SimpleData name="OBJECTID">2873</SimpleData>
		<SimpleData name="CODOBRA">08-10</SimpleData>
		<SimpleData name="TIPOOBRA">2</SimpleData>
		<SimpleData name="DESCOBRA">CALETA PESQUERA LOS BAGRES</SimpleData>
		<SimpleData name="CODCOMUNA">TOMÉ</SimpleData>
		<SimpleData name="LONMUROS">80</SimpleData>
		<SimpleData name="LONESCOLLE">0</SimpleData>
		<SimpleData name="LONMUELLE">0</SimpleData>
		<SimpleData name="LONRAMPCO">0</SimpleData>
		<SimpleData name="LONRAMPA">0</SimpleData>
		<SimpleData name="LONRAMPAVA">0</SimpleData>
		<SimpleData name="LONPONTON">0</SimpleData>
		<SimpleData name="LONCAMIAC">0</SimpleData>
		<SimpleData name="AREAEXPLAN">384</SimpleData>
		<SimpleData name="BOXUNI">0</SimpleData>
		<SimpleData name="BANO_UNI">0</SimpleData>
		<SimpleData name="TIPOGEOM">1</SimpleData>
		<SimpleData name="GLOBALID">{BD38A93C-4938-423A-9CDB-9695729F2D89}</SimpleData>
		<SimpleData name="SALAREUNI">0</SimpleData>
		<SimpleData name="PLAYAARTIF">0</SimpleData>
		<SimpleData name="PASEOCOSTE">0</SimpleData>
		<SimpleData name="ESTADOGRAL">BUENO</SimpleData>
		<SimpleData name="GRUAOPESC">0</SimpleData>
		<SimpleData name="LONSALAADM">0</SimpleData>
		<SimpleData name="LONSALVENT">0</SimpleData>
		<SimpleData name="SALAPROC">0</SimpleData>
		<SimpleData name="AREABODEGA">0</SimpleData>
		<SimpleData name="AREACAFRI">0</SimpleData>
		<SimpleData name="AREAREFUG">0</SimpleData>
		<SimpleData name="AREAGALPON">0</SimpleData>
		<SimpleData name="PROGRAMA">PESCA ARTESANAL</SimpleData>
		<SimpleData name="IMAGEN">http://colabora.mop.gov.cl/sites/dop/dptopl/dp/Documentos%20compartidos/Imágenes%20para%20el%20Modelo%20de%20Datos/8-%20BIOBIO/08-10.JPG</SimpleData>
		<SimpleData name="MXLOCATION">08111-30</SimpleData>
		<SimpleData name="MXSITEID">DOP</SimpleData>
		<SimpleData name="COD_REG">0</SimpleData>
	</SchemaData></ExtendedData>
      <Point><coordinates>-72.9690373509999,-36.6111824119999</coordinates></Point>
  </Placemark>
  <Placemark id="infraestructura_portuaria.182">
	<ExtendedData><SchemaData schemaUrl="#infraestructura_portuaria">
		<SimpleData name="OBJECTID_1">182</SimpleData>
		<SimpleData name="OBJECTID">2874</SimpleData>
		<SimpleData name="CODOBRA">08-09</SimpleData>
		<SimpleData name="TIPOOBRA">2</SimpleData>
		<SimpleData name="DESCOBRA">CALETA PESQUERA VILLARRICA</SimpleData>
		<SimpleData name="CODCOMUNA">TOMÉ</SimpleData>
		<SimpleData name="LONMUROS">69</SimpleData>
		<SimpleData name="LONESCOLLE">0</SimpleData>
		<SimpleData name="LONMUELLE">0</SimpleData>
		<SimpleData name="LONRAMPCO">0</SimpleData>
		<SimpleData name="LONRAMPA">0</SimpleData>
		<SimpleData name="LONRAMPAVA">0</SimpleData>
		<SimpleData name="LONPONTON">0</SimpleData>
		<SimpleData name="LONCAMIAC">0</SimpleData>
		<SimpleData name="AREAEXPLAN">281</SimpleData>
		<SimpleData name="BOXUNI">20</SimpleData>
		<SimpleData name="BANO_UNI">2</SimpleData>
		<SimpleData name="TIPOGEOM">1</SimpleData>
		<SimpleData name="GLOBALID">{4DF4E40B-522D-4E23-9505-6E8160B68AA4}</SimpleData>
		<SimpleData name="SALAREUNI">0</SimpleData>
		<SimpleData name="PLAYAARTIF">0</SimpleData>
		<SimpleData name="PASEOCOSTE">42</SimpleData>
		<SimpleData name="ESTADOGRAL">MUY BUENO</SimpleData>
		<SimpleData name="GRUAOPESC">0</SimpleData>
		<SimpleData name="LONSALAADM">1</SimpleData>
		<SimpleData name="LONSALVENT">0</SimpleData>
		<SimpleData name="SALAPROC">0</SimpleData>
		<SimpleData name="AREABODEGA">0</SimpleData>
		<SimpleData name="AREACAFRI">0</SimpleData>
		<SimpleData name="AREAREFUG">0</SimpleData>
		<SimpleData name="AREAGALPON">0</SimpleData>
		<SimpleData name="PROGRAMA">PESCA ARTESANAL</SimpleData>
		<SimpleData name="IMAGEN">http://colabora.mop.gov.cl/sites/dop/dptopl/dp/Documentos%20compartidos/Imágenes%20para%20el%20Modelo%20de%20Datos/8-%20BIOBIO/08-09.JPG</SimpleData>
		<SimpleData name="MXLOCATION">08111-29</SimpleData>
		<SimpleData name="MXSITEID">DOP</SimpleData>
		<SimpleData name="COD_REG">0</SimpleData>
	</SchemaData></ExtendedData>
      <Point><coordinates>-72.932940017,-36.541266509</coordinates></Point>
  </Placemark>
  <Placemark id="infraestructura_portuaria.183">
	<ExtendedData><SchemaData schemaUrl="#infraestructura_portuaria">
		<SimpleData name="OBJECTID_1">183</SimpleData>
		<SimpleData name="OBJECTID">2875</SimpleData>
		<SimpleData name="CODOBRA">08-08</SimpleData>
		<SimpleData name="TIPOOBRA">2</SimpleData>
		<SimpleData name="DESCOBRA">CALETA PESQUERA COLIUMO</SimpleData>
		<SimpleData name="CODCOMUNA">TOMÉ</SimpleData>
		<SimpleData name="LONMUROS">75</SimpleData>
		<SimpleData name="LONESCOLLE">40</SimpleData>
		<SimpleData name="LONMUELLE">0</SimpleData>
		<SimpleData name="LONRAMPCO">0</SimpleData>
		<SimpleData name="LONRAMPA">0</SimpleData>
		<SimpleData name="LONRAMPAVA">0</SimpleData>
		<SimpleData name="LONPONTON">0</SimpleData>
		<SimpleData name="LONCAMIAC">0</SimpleData>
		<SimpleData name="AREAEXPLAN">902</SimpleData>
		<SimpleData name="BOXUNI">0</SimpleData>
		<SimpleData name="BANO_UNI">0</SimpleData>
		<SimpleData name="TIPOGEOM">1</SimpleData>
		<SimpleData name="GLOBALID">{4B4069E8-8263-4A22-9ED2-8475E493BA8C}</SimpleData>
		<SimpleData name="SALAREUNI">0</SimpleData>
		<SimpleData name="PLAYAARTIF">0</SimpleData>
		<SimpleData name="PASEOCOSTE">0</SimpleData>
		<SimpleData name="ESTADOGRAL">REGULAR</SimpleData>
		<SimpleData name="GRUAOPESC">0</SimpleData>
		<SimpleData name="LONSALAADM">1</SimpleData>
		<SimpleData name="LONSALVENT">0</SimpleData>
		<SimpleData name="SALAPROC">0</SimpleData>
		<SimpleData name="AREABODEGA">0</SimpleData>
		<SimpleData name="AREACAFRI">0</SimpleData>
		<SimpleData name="AREAREFUG">0</SimpleData>
		<SimpleData name="AREAGALPON">0</SimpleData>
		<SimpleData name="PROGRAMA">PESCA ARTESANAL</SimpleData>
		<SimpleData name="IMAGEN">http://colabora.mop.gov.cl/sites/dop/dptopl/dp/Documentos%20compartidos/Imágenes%20para%20el%20Modelo%20de%20Datos/8-%20BIOBIO/08-08.JPG</SimpleData>
		<SimpleData name="MXLOCATION">08111-28</SimpleData>
		<SimpleData name="MXSITEID">DOP</SimpleData>
		<SimpleData name="COD_REG">0</SimpleData>
	</SchemaData></ExtendedData>
      <Point><coordinates>-72.958864733,-36.537748736</coordinates></Point>
  </Placemark>
  <Placemark id="infraestructura_portuaria.184">
	<ExtendedData><SchemaData schemaUrl="#infraestructura_portuaria">
		<SimpleData name="OBJECTID_1">184</SimpleData>
		<SimpleData name="OBJECTID">2876</SimpleData>
		<SimpleData name="CODOBRA">08-06</SimpleData>
		<SimpleData name="TIPOOBRA">2</SimpleData>
		<SimpleData name="DESCOBRA">CALETA PESQUERA COCHOLGUE GRANDE</SimpleData>
		<SimpleData name="CODCOMUNA">TOMÉ</SimpleData>
		<SimpleData name="LONMUROS">208</SimpleData>
		<SimpleData name="LONESCOLLE">0</SimpleData>
		<SimpleData name="LONMUELLE">0</SimpleData>
		<SimpleData name="LONRAMPCO">0</SimpleData>
		<SimpleData name="LONRAMPA">0</SimpleData>
		<SimpleData name="LONRAMPAVA">0</SimpleData>
		<SimpleData name="LONPONTON">0</SimpleData>
		<SimpleData name="LONCAMIAC">13</SimpleData>
		<SimpleData name="AREAEXPLAN">1431</SimpleData>
		<SimpleData name="BOXUNI">0</SimpleData>
		<SimpleData name="BANO_UNI">0</SimpleData>
		<SimpleData name="TIPOGEOM">1</SimpleData>
		<SimpleData name="GLOBALID">{D0CD16E0-798A-4B1C-83FD-FA8EAFAC024A}</SimpleData>
		<SimpleData name="SALAREUNI">0</SimpleData>
		<SimpleData name="PLAYAARTIF">0</SimpleData>
		<SimpleData name="PASEOCOSTE">0</SimpleData>
		<SimpleData name="ESTADOGRAL">REGULAR</SimpleData>
		<SimpleData name="GRUAOPESC">0</SimpleData>
		<SimpleData name="LONSALAADM">0</SimpleData>
		<SimpleData name="LONSALVENT">0</SimpleData>
		<SimpleData name="SALAPROC">0</SimpleData>
		<SimpleData name="AREABODEGA">0</SimpleData>
		<SimpleData name="AREACAFRI">0</SimpleData>
		<SimpleData name="AREAREFUG">0</SimpleData>
		<SimpleData name="AREAGALPON">0</SimpleData>
		<SimpleData name="PROGRAMA">PESCA ARTESANAL</SimpleData>
		<SimpleData name="IMAGEN">http://colabora.mop.gov.cl/sites/dop/dptopl/dp/Documentos%20compartidos/Imágenes%20para%20el%20Modelo%20de%20Datos/8-%20BIOBIO/08-06.JPG</SimpleData>
		<SimpleData name="MXLOCATION">08111-26</SimpleData>
		<SimpleData name="MXSITEID">DOP</SimpleData>
		<SimpleData name="COD_REG">0</SimpleData>
	</SchemaData></ExtendedData>
      <Point><coordinates>-72.978060101,-36.5924805779999</coordinates></Point>
  </Placemark>
  <Placemark id="infraestructura_portuaria.185">
	<ExtendedData><SchemaData schemaUrl="#infraestructura_portuaria">
		<SimpleData name="OBJECTID_1">185</SimpleData>
		<SimpleData name="OBJECTID">2877</SimpleData>
		<SimpleData name="CODOBRA">07-01</SimpleData>
		<SimpleData name="TIPOOBRA">2</SimpleData>
		<SimpleData name="DESCOBRA">CALETA PESQUERA BOYERUCA</SimpleData>
		<SimpleData name="CODCOMUNA">VICHUQUÉN</SimpleData>
		<SimpleData name="LONMUROS">72</SimpleData>
		<SimpleData name="LONESCOLLE">0</SimpleData>
		<SimpleData name="LONMUELLE">0</SimpleData>
		<SimpleData name="LONRAMPCO">0</SimpleData>
		<SimpleData name="LONRAMPA">8</SimpleData>
		<SimpleData name="LONRAMPAVA">0</SimpleData>
		<SimpleData name="LONPONTON">0</SimpleData>
		<SimpleData name="LONCAMIAC">0</SimpleData>
		<SimpleData name="AREAEXPLAN">16</SimpleData>
		<SimpleData name="BOXUNI">7</SimpleData>
		<SimpleData name="BANO_UNI">0</SimpleData>
		<SimpleData name="TIPOGEOM">1</SimpleData>
		<SimpleData name="GLOBALID">{20761CFE-8EFE-4026-A0F8-92D01C924BE3}</SimpleData>
		<SimpleData name="SALAREUNI">1</SimpleData>
		<SimpleData name="PLAYAARTIF">0</SimpleData>
		<SimpleData name="PASEOCOSTE">0</SimpleData>
		<SimpleData name="ESTADOGRAL">BUENO</SimpleData>
		<SimpleData name="GRUAOPESC">0</SimpleData>
		<SimpleData name="LONSALAADM">0</SimpleData>
		<SimpleData name="LONSALVENT">0</SimpleData>
		<SimpleData name="SALAPROC">0</SimpleData>
		<SimpleData name="AREABODEGA">0</SimpleData>
		<SimpleData name="AREACAFRI">0</SimpleData>
		<SimpleData name="AREAREFUG">0</SimpleData>
		<SimpleData name="AREAGALPON">0</SimpleData>
		<SimpleData name="PROGRAMA">PESCA ARTESANAL</SimpleData>
		<SimpleData name="IMAGEN">http://colabora.mop.gov.cl/sites/dop/dptopl/dp/Documentos%20compartidos/Imágenes%20para%20el%20Modelo%20de%20Datos/7-%20MAULE/07-01.JPG</SimpleData>
		<SimpleData name="MXLOCATION">07309-06</SimpleData>
		<SimpleData name="MXSITEID">DOP</SimpleData>
		<SimpleData name="COD_REG">0</SimpleData>
	</SchemaData></ExtendedData>
      <Point><coordinates>-72.059550671,-34.6889391569999</coordinates></Point>
  </Placemark>
  <Placemark id="infraestructura_portuaria.186">
	<ExtendedData><SchemaData schemaUrl="#infraestructura_portuaria">
		<SimpleData name="OBJECTID_1">186</SimpleData>
		<SimpleData name="OBJECTID">2878</SimpleData>
		<SimpleData name="CODOBRA">06-06</SimpleData>
		<SimpleData name="TIPOOBRA">2</SimpleData>
		<SimpleData name="DESCOBRA">CALETA PESQUERA DE BUCALEMU</SimpleData>
		<SimpleData name="CODCOMUNA">CARDENAL CARO</SimpleData>
		<SimpleData name="LONMUROS">58</SimpleData>
		<SimpleData name="LONESCOLLE">0</SimpleData>
		<SimpleData name="LONMUELLE">0</SimpleData>
		<SimpleData name="LONRAMPCO">0</SimpleData>
		<SimpleData name="LONRAMPA">0</SimpleData>
		<SimpleData name="LONRAMPAVA">6</SimpleData>
		<SimpleData name="LONPONTON">0</SimpleData>
		<SimpleData name="LONCAMIAC">0</SimpleData>
		<SimpleData name="AREAEXPLAN">550</SimpleData>
		<SimpleData name="BOXUNI">12</SimpleData>
		<SimpleData name="BANO_UNI">3</SimpleData>
		<SimpleData name="TIPOGEOM">1</SimpleData>
		<SimpleData name="GLOBALID">{604F9A0A-4E0B-4515-9530-C085CE427ECE}</SimpleData>
		<SimpleData name="SALAREUNI">1</SimpleData>
		<SimpleData name="PLAYAARTIF">0</SimpleData>
		<SimpleData name="PASEOCOSTE">0</SimpleData>
		<SimpleData name="ESTADOGRAL">BUENO</SimpleData>
		<SimpleData name="GRUAOPESC">0</SimpleData>
		<SimpleData name="LONSALAADM">1</SimpleData>
		<SimpleData name="LONSALVENT">0</SimpleData>
		<SimpleData name="SALAPROC">0</SimpleData>
		<SimpleData name="AREABODEGA">1</SimpleData>
		<SimpleData name="AREACAFRI">0</SimpleData>
		<SimpleData name="AREAREFUG">0</SimpleData>
		<SimpleData name="AREAGALPON">0</SimpleData>
		<SimpleData name="PROGRAMA">PESCA ARTESANAL</SimpleData>
		<SimpleData name="IMAGEN">http://colabora.mop.gov.cl/sites/dop/dptopl/dp/Documentos%20compartidos/Imágenes%20para%20el%20Modelo%20de%20Datos/6-%20OHIGGINS/6-06.jpg</SimpleData>
		<SimpleData name="MXLOCATION">06206-05</SimpleData>
		<SimpleData name="MXSITEID">DOP</SimpleData>
		<SimpleData name="COD_REG">0</SimpleData>
	</SchemaData></ExtendedData>
      <Point><coordinates>-72.0439951509999,-34.6400576149999</coordinates></Point>
  </Placemark>
  <Placemark id="infraestructura_portuaria.187">
	<ExtendedData><SchemaData schemaUrl="#infraestructura_portuaria">
		<SimpleData name="OBJECTID_1">187</SimpleData>
		<SimpleData name="OBJECTID">2879</SimpleData>
		<SimpleData name="CODOBRA">08-03</SimpleData>
		<SimpleData name="TIPOOBRA">2</SimpleData>
		<SimpleData name="DESCOBRA">CALETA PESQUERA CERRO VERDE</SimpleData>
		<SimpleData name="CODCOMUNA">PENCO</SimpleData>
		<SimpleData name="LONMUROS">121</SimpleData>
		<SimpleData name="LONESCOLLE">0</SimpleData>
		<SimpleData name="LONMUELLE">0</SimpleData>
		<SimpleData name="LONRAMPCO">0</SimpleData>
		<SimpleData name="LONRAMPA">0</SimpleData>
		<SimpleData name="LONRAMPAVA">0</SimpleData>
		<SimpleData name="LONPONTON">0</SimpleData>
		<SimpleData name="LONCAMIAC">0</SimpleData>
		<SimpleData name="AREAEXPLAN">594</SimpleData>
		<SimpleData name="BOXUNI">12</SimpleData>
		<SimpleData name="BANO_UNI">4</SimpleData>
		<SimpleData name="TIPOGEOM">1</SimpleData>
		<SimpleData name="GLOBALID">{61474A5F-034D-445D-83C0-2BD896466E08}</SimpleData>
		<SimpleData name="SALAREUNI">0</SimpleData>
		<SimpleData name="PLAYAARTIF">0</SimpleData>
		<SimpleData name="PASEOCOSTE">0</SimpleData>
		<SimpleData name="ESTADOGRAL">BUENO</SimpleData>
		<SimpleData name="GRUAOPESC">0</SimpleData>
		<SimpleData name="LONSALAADM">1</SimpleData>
		<SimpleData name="LONSALVENT">0</SimpleData>
		<SimpleData name="SALAPROC">0</SimpleData>
		<SimpleData name="AREABODEGA">0</SimpleData>
		<SimpleData name="AREACAFRI">0</SimpleData>
		<SimpleData name="AREAREFUG">0</SimpleData>
		<SimpleData name="AREAGALPON">0</SimpleData>
		<SimpleData name="PROGRAMA">PESCA ARTESANAL</SimpleData>
		<SimpleData name="IMAGEN">http://colabora.mop.gov.cl/sites/dop/dptopl/dp/Documentos%20compartidos/Imágenes%20para%20el%20Modelo%20de%20Datos/8-%20BIOBIO/08-03.JPG</SimpleData>
		<SimpleData name="MXLOCATION">08107-20</SimpleData>
		<SimpleData name="MXSITEID">DOP</SimpleData>
		<SimpleData name="COD_REG">0</SimpleData>
	</SchemaData></ExtendedData>
      <Point><coordinates>-72.9920793159999,-36.7260381409999</coordinates></Point>
  </Placemark>
  <Placemark id="infraestructura_portuaria.188">
	<ExtendedData><SchemaData schemaUrl="#infraestructura_portuaria">
		<SimpleData name="OBJECTID_1">188</SimpleData>
		<SimpleData name="OBJECTID">2880</SimpleData>
		<SimpleData name="CODOBRA">08-02</SimpleData>
		<SimpleData name="TIPOOBRA">2</SimpleData>
		<SimpleData name="DESCOBRA">CALETA PESQUERA LIRQUEN</SimpleData>
		<SimpleData name="CODCOMUNA">PENCO</SimpleData>
		<SimpleData name="LONMUROS">133</SimpleData>
		<SimpleData name="LONESCOLLE">65</SimpleData>
		<SimpleData name="LONMUELLE">0</SimpleData>
		<SimpleData name="LONRAMPCO">0</SimpleData>
		<SimpleData name="LONRAMPA">0</SimpleData>
		<SimpleData name="LONRAMPAVA">0</SimpleData>
		<SimpleData name="LONPONTON">0</SimpleData>
		<SimpleData name="LONCAMIAC">34</SimpleData>
		<SimpleData name="AREAEXPLAN">1039</SimpleData>
		<SimpleData name="BOXUNI">14</SimpleData>
		<SimpleData name="BANO_UNI">2</SimpleData>
		<SimpleData name="TIPOGEOM">1</SimpleData>
		<SimpleData name="GLOBALID">{9C4B6180-BA20-48BD-8584-AC71851CDD1A}</SimpleData>
		<SimpleData name="SALAREUNI">0</SimpleData>
		<SimpleData name="PLAYAARTIF">0</SimpleData>
		<SimpleData name="PASEOCOSTE">38</SimpleData>
		<SimpleData name="ESTADOGRAL">MUY BUENO</SimpleData>
		<SimpleData name="GRUAOPESC">0</SimpleData>
		<SimpleData name="LONSALAADM">1</SimpleData>
		<SimpleData name="LONSALVENT">0</SimpleData>
		<SimpleData name="SALAPROC">0</SimpleData>
		<SimpleData name="AREABODEGA">0</SimpleData>
		<SimpleData name="AREACAFRI">0</SimpleData>
		<SimpleData name="AREAREFUG">0</SimpleData>
		<SimpleData name="AREAGALPON">0</SimpleData>
		<SimpleData name="PROGRAMA">PESCA ARTESANAL</SimpleData>
		<SimpleData name="IMAGEN">http://colabora.mop.gov.cl/sites/dop/dptopl/dp/Documentos%20compartidos/Imágenes%20para%20el%20Modelo%20de%20Datos/8-%20BIOBIO/08-02.JPG</SimpleData>
		<SimpleData name="MXLOCATION">08107-19</SimpleData>
		<SimpleData name="MXSITEID">DOP</SimpleData>
		<SimpleData name="COD_REG">0</SimpleData>
	</SchemaData></ExtendedData>
      <Point><coordinates>-72.9776113469999,-36.710442593</coordinates></Point>
  </Placemark>
  <Placemark id="infraestructura_portuaria.189">
	<ExtendedData><SchemaData schemaUrl="#infraestructura_portuaria">
		<SimpleData name="OBJECTID_1">189</SimpleData>
		<SimpleData name="OBJECTID">2881</SimpleData>
		<SimpleData name="CODOBRA">08-01</SimpleData>
		<SimpleData name="TIPOOBRA">2</SimpleData>
		<SimpleData name="DESCOBRA">CALETA PESQUERA  TAUCU</SimpleData>
		<SimpleData name="CODCOMUNA">COBQUECURA</SimpleData>
		<SimpleData name="LONMUROS">35</SimpleData>
		<SimpleData name="LONESCOLLE">0</SimpleData>
		<SimpleData name="LONMUELLE">75</SimpleData>
		<SimpleData name="LONRAMPCO">0</SimpleData>
		<SimpleData name="LONRAMPA">0</SimpleData>
		<SimpleData name="LONRAMPAVA">0</SimpleData>
		<SimpleData name="LONPONTON">0</SimpleData>
		<SimpleData name="LONCAMIAC">0</SimpleData>
		<SimpleData name="AREAEXPLAN">400</SimpleData>
		<SimpleData name="BOXUNI">12</SimpleData>
		<SimpleData name="BANO_UNI">3</SimpleData>
		<SimpleData name="TIPOGEOM">1</SimpleData>
		<SimpleData name="GLOBALID">{A6557F00-A24B-425C-91EA-04E6B9DA1ABA}</SimpleData>
		<SimpleData name="SALAREUNI">0</SimpleData>
		<SimpleData name="PLAYAARTIF">0</SimpleData>
		<SimpleData name="PASEOCOSTE">0</SimpleData>
		<SimpleData name="ESTADOGRAL">BUENO</SimpleData>
		<SimpleData name="GRUAOPESC">0</SimpleData>
		<SimpleData name="LONSALAADM">1</SimpleData>
		<SimpleData name="LONSALVENT">0</SimpleData>
		<SimpleData name="SALAPROC">0</SimpleData>
		<SimpleData name="AREABODEGA">0</SimpleData>
		<SimpleData name="AREACAFRI">0</SimpleData>
		<SimpleData name="AREAREFUG">0</SimpleData>
		<SimpleData name="AREAGALPON">0</SimpleData>
		<SimpleData name="PROGRAMA">PESCA ARTESANAL</SimpleData>
		<SimpleData name="IMAGEN">http://colabora.mop.gov.cl/sites/dop/dptopl/dp/Documentos%20compartidos/Imágenes%20para%20el%20Modelo%20de%20Datos/8-%20BIOBIO/08-01.JPG</SimpleData>
		<SimpleData name="MXLOCATION">08403-33</SimpleData>
		<SimpleData name="MXSITEID">DOP</SimpleData>
		<SimpleData name="COD_REG">0</SimpleData>
	</SchemaData></ExtendedData>
      <Point><coordinates>-72.811174019,-36.1753590829999</coordinates></Point>
  </Placemark>
  <Placemark id="infraestructura_portuaria.190">
	<ExtendedData><SchemaData schemaUrl="#infraestructura_portuaria">
		<SimpleData name="OBJECTID_1">190</SimpleData>
		<SimpleData name="OBJECTID">2882</SimpleData>
		<SimpleData name="CODOBRA">07-15</SimpleData>
		<SimpleData name="TIPOOBRA">2</SimpleData>
		<SimpleData name="DESCOBRA">CALETA PESQUERA PELLUHUE</SimpleData>
		<SimpleData name="CODCOMUNA">CHANCO</SimpleData>
		<SimpleData name="LONMUROS">123</SimpleData>
		<SimpleData name="LONESCOLLE">0</SimpleData>
		<SimpleData name="LONMUELLE">0</SimpleData>
		<SimpleData name="LONRAMPCO">0</SimpleData>
		<SimpleData name="LONRAMPA">25</SimpleData>
		<SimpleData name="LONRAMPAVA">0</SimpleData>
		<SimpleData name="LONPONTON">0</SimpleData>
		<SimpleData name="LONCAMIAC">0</SimpleData>
		<SimpleData name="AREAEXPLAN">54</SimpleData>
		<SimpleData name="BOXUNI">20</SimpleData>
		<SimpleData name="BANO_UNI">6</SimpleData>
		<SimpleData name="TIPOGEOM">1</SimpleData>
		<SimpleData name="GLOBALID">{E8F14AF0-2B50-4DC5-BE11-0F85B0FB213B}</SimpleData>
		<SimpleData name="SALAREUNI">0</SimpleData>
		<SimpleData name="PLAYAARTIF">0</SimpleData>
		<SimpleData name="PASEOCOSTE">0</SimpleData>
		<SimpleData name="ESTADOGRAL">BUENO</SimpleData>
		<SimpleData name="GRUAOPESC">0</SimpleData>
		<SimpleData name="LONSALAADM">0</SimpleData>
		<SimpleData name="LONSALVENT">0</SimpleData>
		<SimpleData name="SALAPROC">0</SimpleData>
		<SimpleData name="AREABODEGA">0</SimpleData>
		<SimpleData name="AREACAFRI">0</SimpleData>
		<SimpleData name="AREAREFUG">0</SimpleData>
		<SimpleData name="AREAGALPON">0</SimpleData>
		<SimpleData name="PROGRAMA">PESCA ARTESANAL</SimpleData>
		<SimpleData name="IMAGEN">http://colabora.mop.gov.cl/sites/dop/dptopl/dp/Documentos%20compartidos/Imágenes%20para%20el%20Modelo%20de%20Datos/7-%20MAULE/07-15.JPG</SimpleData>
		<SimpleData name="MXLOCATION">07202-03</SimpleData>
		<SimpleData name="MXSITEID">DOP</SimpleData>
		<SimpleData name="COD_REG">0</SimpleData>
	</SchemaData></ExtendedData>
      <Point><coordinates>-72.585979558,-35.815883992</coordinates></Point>
  </Placemark>
  <Placemark id="infraestructura_portuaria.191">
	<ExtendedData><SchemaData schemaUrl="#infraestructura_portuaria">
		<SimpleData name="OBJECTID_1">191</SimpleData>
		<SimpleData name="OBJECTID">2883</SimpleData>
		<SimpleData name="CODOBRA">07-14</SimpleData>
		<SimpleData name="TIPOOBRA">2</SimpleData>
		<SimpleData name="DESCOBRA">CALETA PESQUERA CURANIPE</SimpleData>
		<SimpleData name="CODCOMUNA">CHANCO</SimpleData>
		<SimpleData name="LONMUROS">101</SimpleData>
		<SimpleData name="LONESCOLLE">0</SimpleData>
		<SimpleData name="LONMUELLE">0</SimpleData>
		<SimpleData name="LONRAMPCO">0</SimpleData>
		<SimpleData name="LONRAMPA">0</SimpleData>
		<SimpleData name="LONRAMPAVA">0</SimpleData>
		<SimpleData name="LONPONTON">0</SimpleData>
		<SimpleData name="LONCAMIAC">0</SimpleData>
		<SimpleData name="AREAEXPLAN">40</SimpleData>
		<SimpleData name="BOXUNI">32</SimpleData>
		<SimpleData name="BANO_UNI">5</SimpleData>
		<SimpleData name="TIPOGEOM">1</SimpleData>
		<SimpleData name="GLOBALID">{ABD0EFBA-FE05-4993-AB73-05026F333153}</SimpleData>
		<SimpleData name="SALAREUNI">0</SimpleData>
		<SimpleData name="PLAYAARTIF">0</SimpleData>
		<SimpleData name="PASEOCOSTE">220</SimpleData>
		<SimpleData name="ESTADOGRAL">BUENO</SimpleData>
		<SimpleData name="GRUAOPESC">0</SimpleData>
		<SimpleData name="LONSALAADM">0</SimpleData>
		<SimpleData name="LONSALVENT">0</SimpleData>
		<SimpleData name="SALAPROC">0</SimpleData>
		<SimpleData name="AREABODEGA">0</SimpleData>
		<SimpleData name="AREACAFRI">0</SimpleData>
		<SimpleData name="AREAREFUG">0</SimpleData>
		<SimpleData name="AREAGALPON">0</SimpleData>
		<SimpleData name="PROGRAMA">PESCA ARTESANAL</SimpleData>
		<SimpleData name="IMAGEN">http://colabora.mop.gov.cl/sites/dop/dptopl/dp/Documentos%20compartidos/Imágenes%20para%20el%20Modelo%20de%20Datos/7-%20MAULE/07-14.JPG</SimpleData>
		<SimpleData name="MXLOCATION">07202-02</SimpleData>
		<SimpleData name="MXSITEID">DOP</SimpleData>
		<SimpleData name="COD_REG">0</SimpleData>
	</SchemaData></ExtendedData>
      <Point><coordinates>-72.638848669,-35.8434934429999</coordinates></Point>
  </Placemark>
  <Placemark id="infraestructura_portuaria.192">
	<ExtendedData><SchemaData schemaUrl="#infraestructura_portuaria">
		<SimpleData name="OBJECTID_1">192</SimpleData>
		<SimpleData name="OBJECTID">2884</SimpleData>
		<SimpleData name="CODOBRA">07-13</SimpleData>
		<SimpleData name="TIPOOBRA">2</SimpleData>
		<SimpleData name="DESCOBRA">CALETA PESQUERA LOANCO</SimpleData>
		<SimpleData name="CODCOMUNA">CHANCO</SimpleData>
		<SimpleData name="LONMUROS">57</SimpleData>
		<SimpleData name="LONESCOLLE">0</SimpleData>
		<SimpleData name="LONMUELLE">0</SimpleData>
		<SimpleData name="LONRAMPCO">0</SimpleData>
		<SimpleData name="LONRAMPA">10</SimpleData>
		<SimpleData name="LONRAMPAVA">0</SimpleData>
		<SimpleData name="LONPONTON">0</SimpleData>
		<SimpleData name="LONCAMIAC">0</SimpleData>
		<SimpleData name="AREAEXPLAN">18</SimpleData>
		<SimpleData name="BOXUNI">12</SimpleData>
		<SimpleData name="BANO_UNI">7</SimpleData>
		<SimpleData name="TIPOGEOM">1</SimpleData>
		<SimpleData name="GLOBALID">{B1ACA95A-8945-4F7F-8466-42F1C40A09B2}</SimpleData>
		<SimpleData name="SALAREUNI">0</SimpleData>
		<SimpleData name="PLAYAARTIF">0</SimpleData>
		<SimpleData name="PASEOCOSTE">0</SimpleData>
		<SimpleData name="ESTADOGRAL">BUENO</SimpleData>
		<SimpleData name="GRUAOPESC">0</SimpleData>
		<SimpleData name="LONSALAADM">0</SimpleData>
		<SimpleData name="LONSALVENT">0</SimpleData>
		<SimpleData name="SALAPROC">0</SimpleData>
		<SimpleData name="AREABODEGA">0</SimpleData>
		<SimpleData name="AREACAFRI">0</SimpleData>
		<SimpleData name="AREAREFUG">0</SimpleData>
		<SimpleData name="AREAGALPON">0</SimpleData>
		<SimpleData name="PROGRAMA">PESCA ARTESANAL</SimpleData>
		<SimpleData name="IMAGEN">http://colabora.mop.gov.cl/sites/dop/dptopl/dp/Documentos%20compartidos/Imágenes%20para%20el%20Modelo%20de%20Datos/7-%20MAULE/07-13.JPG</SimpleData>
		<SimpleData name="MXLOCATION">07202-01</SimpleData>
		<SimpleData name="MXSITEID">DOP</SimpleData>
		<SimpleData name="COD_REG">0</SimpleData>
	</SchemaData></ExtendedData>
      <Point><coordinates>-72.621952799,-35.583433172</coordinates></Point>
  </Placemark>
  <Placemark id="infraestructura_portuaria.193">
	<ExtendedData><SchemaData schemaUrl="#infraestructura_portuaria">
		<SimpleData name="OBJECTID_1">193</SimpleData>
		<SimpleData name="OBJECTID">2885</SimpleData>
		<SimpleData name="CODOBRA">07-11</SimpleData>
		<SimpleData name="TIPOOBRA">2</SimpleData>
		<SimpleData name="DESCOBRA">CALETA PESQUERA MAGUELLINES</SimpleData>
		<SimpleData name="CODCOMUNA">CONSTITUCIÓN</SimpleData>
		<SimpleData name="LONMUROS">0</SimpleData>
		<SimpleData name="LONESCOLLE">180</SimpleData>
		<SimpleData name="LONMUELLE">0</SimpleData>
		<SimpleData name="LONRAMPCO">0</SimpleData>
		<SimpleData name="LONRAMPA">202</SimpleData>
		<SimpleData name="LONRAMPAVA">0</SimpleData>
		<SimpleData name="LONPONTON">0</SimpleData>
		<SimpleData name="LONCAMIAC">0</SimpleData>
		<SimpleData name="AREAEXPLAN">0</SimpleData>
		<SimpleData name="BOXUNI">47</SimpleData>
		<SimpleData name="BANO_UNI">2</SimpleData>
		<SimpleData name="TIPOGEOM">1</SimpleData>
		<SimpleData name="GLOBALID">{D293CF97-9CAA-410B-AE7A-BFD2D65AB553}</SimpleData>
		<SimpleData name="SALAREUNI">0</SimpleData>
		<SimpleData name="PLAYAARTIF">0</SimpleData>
		<SimpleData name="PASEOCOSTE">0</SimpleData>
		<SimpleData name="ESTADOGRAL">MALO</SimpleData>
		<SimpleData name="GRUAOPESC">0</SimpleData>
		<SimpleData name="LONSALAADM">0</SimpleData>
		<SimpleData name="LONSALVENT">0</SimpleData>
		<SimpleData name="SALAPROC">0</SimpleData>
		<SimpleData name="AREABODEGA">0</SimpleData>
		<SimpleData name="AREACAFRI">0</SimpleData>
		<SimpleData name="AREAREFUG">0</SimpleData>
		<SimpleData name="AREAGALPON">0</SimpleData>
		<SimpleData name="PROGRAMA">PESCA ARTESANAL</SimpleData>
		<SimpleData name="IMAGEN">http://colabora.mop.gov.cl/sites/dop/dptopl/dp/Documentos%20compartidos/Imágenes%20para%20el%20Modelo%20de%20Datos/7-%20MAULE/07-11.JPG</SimpleData>
		<SimpleData name="MXLOCATION">07102-14</SimpleData>
		<SimpleData name="MXSITEID">DOP</SimpleData>
		<SimpleData name="COD_REG">0</SimpleData>
	</SchemaData></ExtendedData>
      <Point><coordinates>-72.459321267,-35.3552278989999</coordinates></Point>
  </Placemark>
  <Placemark id="infraestructura_portuaria.194">
	<ExtendedData><SchemaData schemaUrl="#infraestructura_portuaria">
		<SimpleData name="OBJECTID_1">194</SimpleData>
		<SimpleData name="OBJECTID">2886</SimpleData>
		<SimpleData name="CODOBRA">07-10</SimpleData>
		<SimpleData name="TIPOOBRA">2</SimpleData>
		<SimpleData name="DESCOBRA">CALETA PESQUERA PELLINES</SimpleData>
		<SimpleData name="CODCOMUNA">CONSTITUCIÓN</SimpleData>
		<SimpleData name="LONMUROS">112</SimpleData>
		<SimpleData name="LONESCOLLE">0</SimpleData>
		<SimpleData name="LONMUELLE">0</SimpleData>
		<SimpleData name="LONRAMPCO">0</SimpleData>
		<SimpleData name="LONRAMPA">18</SimpleData>
		<SimpleData name="LONRAMPAVA">0</SimpleData>
		<SimpleData name="LONPONTON">0</SimpleData>
		<SimpleData name="LONCAMIAC">0</SimpleData>
		<SimpleData name="AREAEXPLAN">50</SimpleData>
		<SimpleData name="BOXUNI">14</SimpleData>
		<SimpleData name="BANO_UNI">4</SimpleData>
		<SimpleData name="TIPOGEOM">1</SimpleData>
		<SimpleData name="GLOBALID">{A7631033-6AD7-4867-88DE-D833C9AC7C9B}</SimpleData>
		<SimpleData name="SALAREUNI">0</SimpleData>
		<SimpleData name="PLAYAARTIF">0</SimpleData>
		<SimpleData name="PASEOCOSTE">0</SimpleData>
		<SimpleData name="ESTADOGRAL">BUENO</SimpleData>
		<SimpleData name="GRUAOPESC">0</SimpleData>
		<SimpleData name="LONSALAADM">0</SimpleData>
		<SimpleData name="LONSALVENT">0</SimpleData>
		<SimpleData name="SALAPROC">0</SimpleData>
		<SimpleData name="AREABODEGA">0</SimpleData>
		<SimpleData name="AREACAFRI">0</SimpleData>
		<SimpleData name="AREAREFUG">0</SimpleData>
		<SimpleData name="AREAGALPON">0</SimpleData>
		<SimpleData name="PROGRAMA">PESCA ARTESANAL</SimpleData>
		<SimpleData name="IMAGEN">http://colabora.mop.gov.cl/sites/dop/dptopl/dp/Documentos%20compartidos/Imágenes%20para%20el%20Modelo%20de%20Datos/7-%20MAULE/07-10.JPG</SimpleData>
		<SimpleData name="MXLOCATION">07102-13</SimpleData>
		<SimpleData name="MXSITEID">DOP</SimpleData>
		<SimpleData name="COD_REG">0</SimpleData>
	</SchemaData></ExtendedData>
      <Point><coordinates>-72.504330443,-35.4747840969999</coordinates></Point>
  </Placemark>
  <Placemark id="infraestructura_portuaria.195">
	<ExtendedData><SchemaData schemaUrl="#infraestructura_portuaria">
		<SimpleData name="OBJECTID_1">195</SimpleData>
		<SimpleData name="OBJECTID">2887</SimpleData>
		<SimpleData name="CODOBRA">07-03</SimpleData>
		<SimpleData name="TIPOOBRA">2</SimpleData>
		<SimpleData name="DESCOBRA">CALETA PESQUERA DUAO</SimpleData>
		<SimpleData name="CODCOMUNA">LICANTÉN</SimpleData>
		<SimpleData name="LONMUROS">106</SimpleData>
		<SimpleData name="LONESCOLLE">112</SimpleData>
		<SimpleData name="LONMUELLE">0</SimpleData>
		<SimpleData name="LONRAMPCO">12</SimpleData>
		<SimpleData name="LONRAMPA">17</SimpleData>
		<SimpleData name="LONRAMPAVA">0</SimpleData>
		<SimpleData name="LONPONTON">0</SimpleData>
		<SimpleData name="LONCAMIAC">0</SimpleData>
		<SimpleData name="AREAEXPLAN">48</SimpleData>
		<SimpleData name="BOXUNI">27</SimpleData>
		<SimpleData name="BANO_UNI">5</SimpleData>
		<SimpleData name="TIPOGEOM">1</SimpleData>
		<SimpleData name="GLOBALID">{AE784245-FE73-4A3D-91A0-62726719355B}</SimpleData>
		<SimpleData name="SALAREUNI">0</SimpleData>
		<SimpleData name="PLAYAARTIF">0</SimpleData>
		<SimpleData name="PASEOCOSTE">0</SimpleData>
		<SimpleData name="ESTADOGRAL">BUENO</SimpleData>
		<SimpleData name="GRUAOPESC">0</SimpleData>
		<SimpleData name="LONSALAADM">1</SimpleData>
		<SimpleData name="LONSALVENT">0</SimpleData>
		<SimpleData name="SALAPROC">0</SimpleData>
		<SimpleData name="AREABODEGA">0</SimpleData>
		<SimpleData name="AREACAFRI">0</SimpleData>
		<SimpleData name="AREAREFUG">0</SimpleData>
		<SimpleData name="AREAGALPON">0</SimpleData>
		<SimpleData name="PROGRAMA">PESCA ARTESANAL</SimpleData>
		<SimpleData name="IMAGEN">http://colabora.mop.gov.cl/sites/dop/dptopl/dp/Documentos%20compartidos/Imágenes%20para%20el%20Modelo%20de%20Datos/7-%20MAULE/07-03.JPG</SimpleData>
		<SimpleData name="MXLOCATION">07303-04</SimpleData>
		<SimpleData name="MXSITEID">DOP</SimpleData>
		<SimpleData name="COD_REG">0</SimpleData>
	</SchemaData></ExtendedData>
      <Point><coordinates>-72.165249492,-34.88516268</coordinates></Point>
  </Placemark>
  <Placemark id="infraestructura_portuaria.196">
	<ExtendedData><SchemaData schemaUrl="#infraestructura_portuaria">
		<SimpleData name="OBJECTID_1">196</SimpleData>
		<SimpleData name="OBJECTID">2888</SimpleData>
		<SimpleData name="CODOBRA">07-02</SimpleData>
		<SimpleData name="TIPOOBRA">2</SimpleData>
		<SimpleData name="DESCOBRA">CALETA PESQUERA LLICO</SimpleData>
		<SimpleData name="CODCOMUNA">VICHUQUÉN</SimpleData>
		<SimpleData name="LONMUROS">86</SimpleData>
		<SimpleData name="LONESCOLLE">0</SimpleData>
		<SimpleData name="LONMUELLE">0</SimpleData>
		<SimpleData name="LONRAMPCO">0</SimpleData>
		<SimpleData name="LONRAMPA">20</SimpleData>
		<SimpleData name="LONRAMPAVA">0</SimpleData>
		<SimpleData name="LONPONTON">0</SimpleData>
		<SimpleData name="LONCAMIAC">0</SimpleData>
		<SimpleData name="AREAEXPLAN">32</SimpleData>
		<SimpleData name="BOXUNI">7</SimpleData>
		<SimpleData name="BANO_UNI">2</SimpleData>
		<SimpleData name="TIPOGEOM">1</SimpleData>
		<SimpleData name="GLOBALID">{84696A85-4628-48F4-A7F3-8C324E8CFDD6}</SimpleData>
		<SimpleData name="SALAREUNI">1</SimpleData>
		<SimpleData name="PLAYAARTIF">0</SimpleData>
		<SimpleData name="PASEOCOSTE">0</SimpleData>
		<SimpleData name="ESTADOGRAL">REGULAR</SimpleData>
		<SimpleData name="GRUAOPESC">0</SimpleData>
		<SimpleData name="LONSALAADM">0</SimpleData>
		<SimpleData name="LONSALVENT">0</SimpleData>
		<SimpleData name="SALAPROC">0</SimpleData>
		<SimpleData name="AREABODEGA">1</SimpleData>
		<SimpleData name="AREACAFRI">0</SimpleData>
		<SimpleData name="AREAREFUG">0</SimpleData>
		<SimpleData name="AREAGALPON">0</SimpleData>
		<SimpleData name="PROGRAMA">PESCA ARTESANAL</SimpleData>
		<SimpleData name="IMAGEN">http://colabora.mop.gov.cl/sites/dop/dptopl/dp/Documentos%20compartidos/Imágenes%20para%20el%20Modelo%20de%20Datos/7-%20MAULE/07-02.JPG</SimpleData>
		<SimpleData name="MXLOCATION">07309-07</SimpleData>
		<SimpleData name="MXSITEID">DOP</SimpleData>
		<SimpleData name="COD_REG">0</SimpleData>
	</SchemaData></ExtendedData>
      <Point><coordinates>-72.085931564,-34.753660262</coordinates></Point>
  </Placemark>
  <Placemark id="infraestructura_portuaria.197">
	<ExtendedData><SchemaData schemaUrl="#infraestructura_portuaria">
		<SimpleData name="OBJECTID_1">197</SimpleData>
		<SimpleData name="OBJECTID">2889</SimpleData>
		<SimpleData name="CODOBRA">09-36</SimpleData>
		<SimpleData name="TIPOOBRA">2</SimpleData>
		<SimpleData name="DESCOBRA">CALETA PESQUERA PUERTO SAAVEDRA</SimpleData>
		<SimpleData name="CODCOMUNA">SAAVEDRA</SimpleData>
		<SimpleData name="LONMUROS">0</SimpleData>
		<SimpleData name="LONESCOLLE">0</SimpleData>
		<SimpleData name="LONMUELLE">90</SimpleData>
		<SimpleData name="LONRAMPCO">67</SimpleData>
		<SimpleData name="LONRAMPA">0</SimpleData>
		<SimpleData name="LONRAMPAVA">0</SimpleData>
		<SimpleData name="LONPONTON">0</SimpleData>
		<SimpleData name="LONCAMIAC">0</SimpleData>
		<SimpleData name="AREAEXPLAN">2132</SimpleData>
		<SimpleData name="BOXUNI">12</SimpleData>
		<SimpleData name="BANO_UNI">3</SimpleData>
		<SimpleData name="TIPOGEOM">1</SimpleData>
		<SimpleData name="GLOBALID">{6AFB7AC0-AC8A-48F4-BF90-24639C0CB505}</SimpleData>
		<SimpleData name="SALAREUNI">0</SimpleData>
		<SimpleData name="PLAYAARTIF">0</SimpleData>
		<SimpleData name="PASEOCOSTE">0</SimpleData>
		<SimpleData name="ESTADOGRAL">BUENO</SimpleData>
		<SimpleData name="GRUAOPESC">0</SimpleData>
		<SimpleData name="LONSALAADM">1</SimpleData>
		<SimpleData name="LONSALVENT">0</SimpleData>
		<SimpleData name="SALAPROC">0</SimpleData>
		<SimpleData name="AREABODEGA">0</SimpleData>
		<SimpleData name="AREACAFRI">0</SimpleData>
		<SimpleData name="AREAREFUG">0</SimpleData>
		<SimpleData name="AREAGALPON">0</SimpleData>
		<SimpleData name="PROGRAMA">PESCA ARTESANAL</SimpleData>
		<SimpleData name="IMAGEN">http://colabora.mop.gov.cl/sites/dop/dptopl/dp/Documentos%20compartidos/Imágenes%20para%20el%20Modelo%20de%20Datos/9-%20ARAUCANÍA/09-36.JPG</SimpleData>
		<SimpleData name="MXLOCATION">09116-19</SimpleData>
		<SimpleData name="MXSITEID">DOP</SimpleData>
		<SimpleData name="COD_REG">0</SimpleData>
	</SchemaData></ExtendedData>
      <Point><coordinates>-73.40136755,-38.79685244</coordinates></Point>
  </Placemark>
  <Placemark id="infraestructura_portuaria.198">
	<ExtendedData><SchemaData schemaUrl="#infraestructura_portuaria">
		<SimpleData name="OBJECTID_1">198</SimpleData>
		<SimpleData name="OBJECTID">2890</SimpleData>
		<SimpleData name="CODOBRA">09-34</SimpleData>
		<SimpleData name="TIPOOBRA">2</SimpleData>
		<SimpleData name="DESCOBRA">CALETA PESQUERA PUERTO DOMINGUEZ</SimpleData>
		<SimpleData name="CODCOMUNA">SAAVEDRA</SimpleData>
		<SimpleData name="LONMUROS">117</SimpleData>
		<SimpleData name="LONESCOLLE">0</SimpleData>
		<SimpleData name="LONMUELLE">100</SimpleData>
		<SimpleData name="LONRAMPCO">0</SimpleData>
		<SimpleData name="LONRAMPA">0</SimpleData>
		<SimpleData name="LONRAMPAVA">0</SimpleData>
		<SimpleData name="LONPONTON">0</SimpleData>
		<SimpleData name="LONCAMIAC">0</SimpleData>
		<SimpleData name="AREAEXPLAN">1015</SimpleData>
		<SimpleData name="BOXUNI">8</SimpleData>
		<SimpleData name="BANO_UNI">2</SimpleData>
		<SimpleData name="TIPOGEOM">1</SimpleData>
		<SimpleData name="GLOBALID">{302C39F2-B88F-470F-AEC7-241FFF3900D2}</SimpleData>
		<SimpleData name="SALAREUNI">1</SimpleData>
		<SimpleData name="PLAYAARTIF">0</SimpleData>
		<SimpleData name="PASEOCOSTE">0</SimpleData>
		<SimpleData name="ESTADOGRAL">MALO</SimpleData>
		<SimpleData name="GRUAOPESC">0</SimpleData>
		<SimpleData name="LONSALAADM">0</SimpleData>
		<SimpleData name="LONSALVENT">0</SimpleData>
		<SimpleData name="SALAPROC">0</SimpleData>
		<SimpleData name="AREABODEGA">0</SimpleData>
		<SimpleData name="AREACAFRI">0</SimpleData>
		<SimpleData name="AREAREFUG">0</SimpleData>
		<SimpleData name="AREAGALPON">0</SimpleData>
		<SimpleData name="PROGRAMA">PESCA ARTESANAL</SimpleData>
		<SimpleData name="IMAGEN">http://colabora.mop.gov.cl/sites/dop/dptopl/dp/Documentos%20compartidos/Imágenes%20para%20el%20Modelo%20de%20Datos/9-%20ARAUCANÍA/09-34.JPG</SimpleData>
		<SimpleData name="MXLOCATION">09116-17</SimpleData>
		<SimpleData name="MXSITEID">DOP</SimpleData>
		<SimpleData name="COD_REG">0</SimpleData>
	</SchemaData></ExtendedData>
      <Point><coordinates>-73.255618553,-38.895396024</coordinates></Point>
  </Placemark>
  <Placemark id="infraestructura_portuaria.199">
	<ExtendedData><SchemaData schemaUrl="#infraestructura_portuaria">
		<SimpleData name="OBJECTID_1">199</SimpleData>
		<SimpleData name="OBJECTID">2891</SimpleData>
		<SimpleData name="CODOBRA">09-21</SimpleData>
		<SimpleData name="TIPOOBRA">2</SimpleData>
		<SimpleData name="DESCOBRA">CALETA PESQUERA LA BARRA</SimpleData>
		<SimpleData name="CODCOMUNA">TOLTÉN</SimpleData>
		<SimpleData name="LONMUROS">262</SimpleData>
		<SimpleData name="LONESCOLLE">22</SimpleData>
		<SimpleData name="LONMUELLE">54</SimpleData>
		<SimpleData name="LONRAMPCO">51</SimpleData>
		<SimpleData name="LONRAMPA">0</SimpleData>
		<SimpleData name="LONRAMPAVA">0</SimpleData>
		<SimpleData name="LONPONTON">0</SimpleData>
		<SimpleData name="LONCAMIAC">0</SimpleData>
		<SimpleData name="AREAEXPLAN">0</SimpleData>
		<SimpleData name="BOXUNI">0</SimpleData>
		<SimpleData name="BANO_UNI">0</SimpleData>
		<SimpleData name="TIPOGEOM">1</SimpleData>
		<SimpleData name="GLOBALID">{6D635ACF-370C-4FFA-8D97-433483E9686E}</SimpleData>
		<SimpleData name="SALAREUNI">0</SimpleData>
		<SimpleData name="PLAYAARTIF">0</SimpleData>
		<SimpleData name="PASEOCOSTE">0</SimpleData>
		<SimpleData name="ESTADOGRAL">MUY BUENO</SimpleData>
		<SimpleData name="GRUAOPESC">0</SimpleData>
		<SimpleData name="LONSALAADM">0</SimpleData>
		<SimpleData name="LONSALVENT">0</SimpleData>
		<SimpleData name="SALAPROC">0</SimpleData>
		<SimpleData name="AREABODEGA">0</SimpleData>
		<SimpleData name="AREACAFRI">0</SimpleData>
		<SimpleData name="AREAREFUG">0</SimpleData>
		<SimpleData name="AREAGALPON">0</SimpleData>
		<SimpleData name="PROGRAMA">PESCA ARTESANAL</SimpleData>
		<SimpleData name="IMAGEN">http://colabora.mop.gov.cl/sites/dop/dptopl/dp/Documentos%20compartidos/Imágenes%20para%20el%20Modelo%20de%20Datos/9-%20ARAUCANÍA/09-21.JPG</SimpleData>
		<SimpleData name="MXLOCATION">09118-27</SimpleData>
		<SimpleData name="MXSITEID">DOP</SimpleData>
		<SimpleData name="COD_REG">0</SimpleData>
	</SchemaData></ExtendedData>
      <Point><coordinates>-73.21966252,-39.246465997</coordinates></Point>
  </Placemark>
  <Placemark id="infraestructura_portuaria.200">
	<ExtendedData><SchemaData schemaUrl="#infraestructura_portuaria">
		<SimpleData name="OBJECTID_1">200</SimpleData>
		<SimpleData name="OBJECTID">2892</SimpleData>
		<SimpleData name="CODOBRA">09-14</SimpleData>
		<SimpleData name="TIPOOBRA">2</SimpleData>
		<SimpleData name="DESCOBRA">CALETA PESQUERA LOS PINOS</SimpleData>
		<SimpleData name="CODCOMUNA">TOLTÉN</SimpleData>
		<SimpleData name="LONMUROS">118</SimpleData>
		<SimpleData name="LONESCOLLE">0</SimpleData>
		<SimpleData name="LONMUELLE">58</SimpleData>
		<SimpleData name="LONRAMPCO">0</SimpleData>
		<SimpleData name="LONRAMPA">0</SimpleData>
		<SimpleData name="LONRAMPAVA">64</SimpleData>
		<SimpleData name="LONPONTON">0</SimpleData>
		<SimpleData name="LONCAMIAC">0</SimpleData>
		<SimpleData name="AREAEXPLAN">1296.5</SimpleData>
		<SimpleData name="BOXUNI">0</SimpleData>
		<SimpleData name="BANO_UNI">0</SimpleData>
		<SimpleData name="TIPOGEOM">1</SimpleData>
		<SimpleData name="GLOBALID">{54344958-C861-40BF-A07B-7C5A7794BC89}</SimpleData>
		<SimpleData name="SALAREUNI">0</SimpleData>
		<SimpleData name="PLAYAARTIF">0</SimpleData>
		<SimpleData name="PASEOCOSTE">0</SimpleData>
		<SimpleData name="ESTADOGRAL">MALO</SimpleData>
		<SimpleData name="GRUAOPESC">0</SimpleData>
		<SimpleData name="LONSALAADM">0</SimpleData>
		<SimpleData name="LONSALVENT">0</SimpleData>
		<SimpleData name="SALAPROC">0</SimpleData>
		<SimpleData name="AREABODEGA">0</SimpleData>
		<SimpleData name="AREACAFRI">0</SimpleData>
		<SimpleData name="AREAREFUG">0</SimpleData>
		<SimpleData name="AREAGALPON">1</SimpleData>
		<SimpleData name="PROGRAMA">PESCA ARTESANAL</SimpleData>
		<SimpleData name="IMAGEN">http://colabora.mop.gov.cl/sites/dop/dptopl/dp/Documentos%20compartidos/Imágenes%20para%20el%20Modelo%20de%20Datos/9-%20ARAUCANÍA/09-14.JPG</SimpleData>
		<SimpleData name="MXSITEID">DOP</SimpleData>
		<SimpleData name="COD_REG">0</SimpleData>
	</SchemaData></ExtendedData>
      <Point><coordinates>-73.1964682349999,-39.389044784</coordinates></Point>
  </Placemark>
  <Placemark id="infraestructura_portuaria.201">
	<ExtendedData><SchemaData schemaUrl="#infraestructura_portuaria">
		<SimpleData name="OBJECTID_1">201</SimpleData>
		<SimpleData name="OBJECTID">2893</SimpleData>
		<SimpleData name="CODOBRA">09-13</SimpleData>
		<SimpleData name="TIPOOBRA">2</SimpleData>
		<SimpleData name="DESCOBRA">CALETA PESQUERA QUEULE</SimpleData>
		<SimpleData name="CODCOMUNA">TOLTÉN</SimpleData>
		<SimpleData name="LONMUROS">164</SimpleData>
		<SimpleData name="LONESCOLLE">0</SimpleData>
		<SimpleData name="LONMUELLE">609</SimpleData>
		<SimpleData name="LONRAMPCO">0</SimpleData>
		<SimpleData name="LONRAMPA">0</SimpleData>
		<SimpleData name="LONRAMPAVA">0</SimpleData>
		<SimpleData name="LONPONTON">0</SimpleData>
		<SimpleData name="LONCAMIAC">0</SimpleData>
		<SimpleData name="AREAEXPLAN">1000</SimpleData>
		<SimpleData name="BOXUNI">20</SimpleData>
		<SimpleData name="BANO_UNI">4</SimpleData>
		<SimpleData name="TIPOGEOM">1</SimpleData>
		<SimpleData name="GLOBALID">{F71FAD97-8CF9-4CEE-9719-0A081BC9C579}</SimpleData>
		<SimpleData name="SALAREUNI">0</SimpleData>
		<SimpleData name="PLAYAARTIF">0</SimpleData>
		<SimpleData name="PASEOCOSTE">156</SimpleData>
		<SimpleData name="ESTADOGRAL">REGULAR</SimpleData>
		<SimpleData name="GRUAOPESC">0</SimpleData>
		<SimpleData name="LONSALAADM">1</SimpleData>
		<SimpleData name="LONSALVENT">0</SimpleData>
		<SimpleData name="SALAPROC">1</SimpleData>
		<SimpleData name="AREABODEGA">1</SimpleData>
		<SimpleData name="AREACAFRI">1</SimpleData>
		<SimpleData name="AREAREFUG">0</SimpleData>
		<SimpleData name="AREAGALPON">1</SimpleData>
		<SimpleData name="PROGRAMA">PESCA ARTESANAL</SimpleData>
		<SimpleData name="IMAGEN">http://colabora.mop.gov.cl/sites/dop/dptopl/dp/Documentos%20compartidos/Imágenes%20para%20el%20Modelo%20de%20Datos/9-%20ARAUCANÍA/09-13.JPG</SimpleData>
		<SimpleData name="MXLOCATION">09118-23</SimpleData>
		<SimpleData name="MXSITEID">DOP</SimpleData>
		<SimpleData name="COD_REG">0</SimpleData>
	</SchemaData></ExtendedData>
      <Point><coordinates>-73.2164605689999,-39.3974282419999</coordinates></Point>
  </Placemark>
  <Placemark id="infraestructura_portuaria.202">
	<ExtendedData><SchemaData schemaUrl="#infraestructura_portuaria">
		<SimpleData name="OBJECTID_1">202</SimpleData>
		<SimpleData name="OBJECTID">2894</SimpleData>
		<SimpleData name="CODOBRA">08-33</SimpleData>
		<SimpleData name="TIPOOBRA">2</SimpleData>
		<SimpleData name="DESCOBRA">CALETA PESQUERA TIRUA</SimpleData>
		<SimpleData name="CODCOMUNA">TIRUA</SimpleData>
		<SimpleData name="LONMUROS">155</SimpleData>
		<SimpleData name="LONESCOLLE">0</SimpleData>
		<SimpleData name="LONMUELLE">28</SimpleData>
		<SimpleData name="LONRAMPCO">0</SimpleData>
		<SimpleData name="LONRAMPA">0</SimpleData>
		<SimpleData name="LONRAMPAVA">0</SimpleData>
		<SimpleData name="LONPONTON">0</SimpleData>
		<SimpleData name="LONCAMIAC">0</SimpleData>
		<SimpleData name="AREAEXPLAN">2248</SimpleData>
		<SimpleData name="BOXUNI">14</SimpleData>
		<SimpleData name="BANO_UNI">2</SimpleData>
		<SimpleData name="TIPOGEOM">1</SimpleData>
		<SimpleData name="GLOBALID">{B237751C-0AA5-4930-B82C-A7CE4121FB00}</SimpleData>
		<SimpleData name="SALAREUNI">1</SimpleData>
		<SimpleData name="PLAYAARTIF">0</SimpleData>
		<SimpleData name="PASEOCOSTE">0</SimpleData>
		<SimpleData name="ESTADOGRAL">BUENO</SimpleData>
		<SimpleData name="GRUAOPESC">0</SimpleData>
		<SimpleData name="LONSALAADM">0</SimpleData>
		<SimpleData name="LONSALVENT">0</SimpleData>
		<SimpleData name="SALAPROC">0</SimpleData>
		<SimpleData name="AREABODEGA">1</SimpleData>
		<SimpleData name="AREACAFRI">0</SimpleData>
		<SimpleData name="AREAREFUG">0</SimpleData>
		<SimpleData name="AREAGALPON">0</SimpleData>
		<SimpleData name="PROGRAMA">PESCA ARTESANAL</SimpleData>
		<SimpleData name="IMAGEN">http://colabora.mop.gov.cl/sites/dop/dptopl/dp/Documentos%20compartidos/Imágenes%20para%20el%20Modelo%20de%20Datos/8-%20BIOBIO/08-33.JPG</SimpleData>
		<SimpleData name="MXLOCATION">08207-08</SimpleData>
		<SimpleData name="MXSITEID">DOP</SimpleData>
		<SimpleData name="COD_REG">0</SimpleData>
	</SchemaData></ExtendedData>
      <Point><coordinates>-73.496918842,-38.3437219909999</coordinates></Point>
  </Placemark>
  <Placemark id="infraestructura_portuaria.203">
	<ExtendedData><SchemaData schemaUrl="#infraestructura_portuaria">
		<SimpleData name="OBJECTID_1">203</SimpleData>
		<SimpleData name="OBJECTID">2895</SimpleData>
		<SimpleData name="CODOBRA">01-04</SimpleData>
		<SimpleData name="TIPOOBRA">2</SimpleData>
		<SimpleData name="DESCOBRA">CALETA PESQUERA CAVANCHA</SimpleData>
		<SimpleData name="CODCOMUNA">IQUIQUE</SimpleData>
		<SimpleData name="LONMUROS">155</SimpleData>
		<SimpleData name="LONESCOLLE">95</SimpleData>
		<SimpleData name="LONMUELLE">86</SimpleData>
		<SimpleData name="LONRAMPCO">0</SimpleData>
		<SimpleData name="LONRAMPA">0</SimpleData>
		<SimpleData name="LONRAMPAVA">0</SimpleData>
		<SimpleData name="LONPONTON">0</SimpleData>
		<SimpleData name="LONCAMIAC">0</SimpleData>
		<SimpleData name="AREAEXPLAN">1954</SimpleData>
		<SimpleData name="BOXUNI">54</SimpleData>
		<SimpleData name="BANO_UNI">2</SimpleData>
		<SimpleData name="TIPOGEOM">1</SimpleData>
		<SimpleData name="GLOBALID">{60132550-2922-4FE5-BBD2-4B96FADCD455}</SimpleData>
		<SimpleData name="SALAREUNI">0</SimpleData>
		<SimpleData name="PLAYAARTIF">0</SimpleData>
		<SimpleData name="PASEOCOSTE">0</SimpleData>
		<SimpleData name="ESTADOGRAL">REGULAR</SimpleData>
		<SimpleData name="GRUAOPESC">0</SimpleData>
		<SimpleData name="LONSALAADM">1</SimpleData>
		<SimpleData name="LONSALVENT">1</SimpleData>
		<SimpleData name="SALAPROC">0</SimpleData>
		<SimpleData name="AREABODEGA">1</SimpleData>
		<SimpleData name="AREACAFRI">1</SimpleData>
		<SimpleData name="AREAREFUG">0</SimpleData>
		<SimpleData name="AREAGALPON">0</SimpleData>
		<SimpleData name="PROGRAMA">PESCA ARTESANAL</SimpleData>
		<SimpleData name="IMAGEN">http://colabora.mop.gov.cl/sites/dop/dptopl/dp/Documentos%20compartidos/Imágenes%20para%20el%20Modelo%20de%20Datos/1-%20TARAPACÁ/1-04.jpg</SimpleData>
		<SimpleData name="MXLOCATION">01101-03</SimpleData>
		<SimpleData name="MXSITEID">DOP</SimpleData>
		<SimpleData name="COD_REG">0</SimpleData>
	</SchemaData></ExtendedData>
      <Point><coordinates>-70.1508967949999,-20.234946809</coordinates></Point>
  </Placemark>
  <Placemark id="infraestructura_portuaria.204">
	<ExtendedData><SchemaData schemaUrl="#infraestructura_portuaria">
		<SimpleData name="OBJECTID_1">204</SimpleData>
		<SimpleData name="OBJECTID">2896</SimpleData>
		<SimpleData name="CODOBRA">01-03</SimpleData>
		<SimpleData name="TIPOOBRA">2</SimpleData>
		<SimpleData name="DESCOBRA">CALETA PESQUERA GUARDIAMARINA RIQUELME</SimpleData>
		<SimpleData name="CODCOMUNA">IQUIQUE</SimpleData>
		<SimpleData name="LONMUROS">0</SimpleData>
		<SimpleData name="LONESCOLLE">0</SimpleData>
		<SimpleData name="LONMUELLE">107</SimpleData>
		<SimpleData name="LONRAMPCO">0</SimpleData>
		<SimpleData name="LONRAMPA">0</SimpleData>
		<SimpleData name="LONRAMPAVA">0</SimpleData>
		<SimpleData name="LONPONTON">0</SimpleData>
		<SimpleData name="LONCAMIAC">0</SimpleData>
		<SimpleData name="AREAEXPLAN">0</SimpleData>
		<SimpleData name="BOXUNI">0</SimpleData>
		<SimpleData name="BANO_UNI">0</SimpleData>
		<SimpleData name="TIPOGEOM">1</SimpleData>
		<SimpleData name="GLOBALID">{9085E359-E9D2-461A-AF74-8C4EB6AE326E}</SimpleData>
		<SimpleData name="SALAREUNI">0</SimpleData>
		<SimpleData name="PLAYAARTIF">0</SimpleData>
		<SimpleData name="PASEOCOSTE">0</SimpleData>
		<SimpleData name="ESTADOGRAL">MUY BUENO</SimpleData>
		<SimpleData name="GRUAOPESC">1</SimpleData>
		<SimpleData name="LONSALAADM">0</SimpleData>
		<SimpleData name="LONSALVENT">0</SimpleData>
		<SimpleData name="SALAPROC">0</SimpleData>
		<SimpleData name="AREABODEGA">0</SimpleData>
		<SimpleData name="AREACAFRI">0</SimpleData>
		<SimpleData name="AREAREFUG">0</SimpleData>
		<SimpleData name="AREAGALPON">0</SimpleData>
		<SimpleData name="PROGRAMA">PESCA ARTESANAL</SimpleData>
		<SimpleData name="IMAGEN">http://colabora.mop.gov.cl/sites/dop/dptopl/dp/Documentos%20compartidos/Imágenes%20para%20el%20Modelo%20de%20Datos/1-%20TARAPACÁ/1-03.jpg</SimpleData>
		<SimpleData name="MXLOCATION">01101-02</SimpleData>
		<SimpleData name="MXSITEID">DOP</SimpleData>
		<SimpleData name="COD_REG">0</SimpleData>
	</SchemaData></ExtendedData>
      <Point><coordinates>-70.1526296439999,-20.210673823</coordinates></Point>
  </Placemark>
  <Placemark id="infraestructura_portuaria.205">
	<ExtendedData><SchemaData schemaUrl="#infraestructura_portuaria">
		<SimpleData name="OBJECTID_1">205</SimpleData>
		<SimpleData name="OBJECTID">2898</SimpleData>
		<SimpleData name="CODOBRA">01-01</SimpleData>
		<SimpleData name="TIPOOBRA">2</SimpleData>
		<SimpleData name="DESCOBRA">CALETA PESQUERA PISAGUA</SimpleData>
		<SimpleData name="CODCOMUNA">HUARA</SimpleData>
		<SimpleData name="LONMUROS">79</SimpleData>
		<SimpleData name="LONESCOLLE">20</SimpleData>
		<SimpleData name="LONMUELLE">36</SimpleData>
		<SimpleData name="LONRAMPCO">0</SimpleData>
		<SimpleData name="LONRAMPA">0</SimpleData>
		<SimpleData name="LONRAMPAVA">0</SimpleData>
		<SimpleData name="LONPONTON">0</SimpleData>
		<SimpleData name="LONCAMIAC">0</SimpleData>
		<SimpleData name="AREAEXPLAN">400</SimpleData>
		<SimpleData name="BOXUNI">50</SimpleData>
		<SimpleData name="BANO_UNI">1</SimpleData>
		<SimpleData name="TIPOGEOM">1</SimpleData>
		<SimpleData name="GLOBALID">{5CB5D4DB-A0B2-4E3B-8941-96B6ED76D90D}</SimpleData>
		<SimpleData name="SALAREUNI">1</SimpleData>
		<SimpleData name="PLAYAARTIF">0</SimpleData>
		<SimpleData name="PASEOCOSTE">0</SimpleData>
		<SimpleData name="ESTADOGRAL">REGULAR</SimpleData>
		<SimpleData name="GRUAOPESC">2</SimpleData>
		<SimpleData name="LONSALAADM">0</SimpleData>
		<SimpleData name="LONSALVENT">0</SimpleData>
		<SimpleData name="SALAPROC">0</SimpleData>
		<SimpleData name="AREABODEGA">0</SimpleData>
		<SimpleData name="AREACAFRI">0</SimpleData>
		<SimpleData name="AREAREFUG">0</SimpleData>
		<SimpleData name="AREAGALPON">0</SimpleData>
		<SimpleData name="PROGRAMA">PESCA ARTESANAL</SimpleData>
		<SimpleData name="IMAGEN">http://colabora.mop.gov.cl/sites/dop/dptopl/dp/Documentos%20compartidos/Imágenes%20para%20el%20Modelo%20de%20Datos/1-%20TARAPACÁ/1-01.jpg</SimpleData>
		<SimpleData name="MXSITEID">DOP</SimpleData>
		<SimpleData name="COD_REG">0</SimpleData>
	</SchemaData></ExtendedData>
      <Point><coordinates>-70.215228514,-19.5974610239999</coordinates></Point>
  </Placemark>
  <Placemark id="infraestructura_portuaria.206">
	<ExtendedData><SchemaData schemaUrl="#infraestructura_portuaria">
		<SimpleData name="OBJECTID_1">206</SimpleData>
		<SimpleData name="OBJECTID">2899</SimpleData>
		<SimpleData name="CODOBRA">10-095</SimpleData>
		<SimpleData name="TIPOOBRA">2</SimpleData>
		<SimpleData name="DESCOBRA">CALETA PESQUERA CURANUE</SimpleData>
		<SimpleData name="CODCOMUNA">QUELLÓN</SimpleData>
		<SimpleData name="LONMUROS">245</SimpleData>
		<SimpleData name="LONESCOLLE">0</SimpleData>
		<SimpleData name="LONMUELLE">0</SimpleData>
		<SimpleData name="LONRAMPCO">0</SimpleData>
		<SimpleData name="LONRAMPA">95</SimpleData>
		<SimpleData name="LONRAMPAVA">0</SimpleData>
		<SimpleData name="LONPONTON">0</SimpleData>
		<SimpleData name="LONCAMIAC">0</SimpleData>
		<SimpleData name="AREAEXPLAN">273</SimpleData>
		<SimpleData name="BOXUNI">0</SimpleData>
		<SimpleData name="BANO_UNI">0</SimpleData>
		<SimpleData name="TIPOGEOM">1</SimpleData>
		<SimpleData name="GLOBALID">{5D04F971-75D9-464E-AA7F-D5B766CF249B}</SimpleData>
		<SimpleData name="SALAREUNI">0</SimpleData>
		<SimpleData name="PLAYAARTIF">0</SimpleData>
		<SimpleData name="PASEOCOSTE">0</SimpleData>
		<SimpleData name="ESTADOGRAL">BUENO</SimpleData>
		<SimpleData name="GRUAOPESC">0</SimpleData>
		<SimpleData name="LONSALAADM">0</SimpleData>
		<SimpleData name="LONSALVENT">0</SimpleData>
		<SimpleData name="SALAPROC">0</SimpleData>
		<SimpleData name="AREABODEGA">0</SimpleData>
		<SimpleData name="AREACAFRI">0</SimpleData>
		<SimpleData name="AREAREFUG">0</SimpleData>
		<SimpleData name="AREAGALPON">1</SimpleData>
		<SimpleData name="PROGRAMA">PESCA ARTESANAL</SimpleData>
		<SimpleData name="IMAGEN">http://colabora.mop.gov.cl/sites/dop/dptopl/dp/Documentos%20compartidos/Imágenes%20para%20el%20Modelo%20de%20Datos/10-%20LOS%20LAGOS/10-095.jpg</SimpleData>
		<SimpleData name="MXLOCATION">10208-39</SimpleData>
		<SimpleData name="MXSITEID">DOP</SimpleData>
		<SimpleData name="COD_REG">0</SimpleData>
	</SchemaData></ExtendedData>
      <Point><coordinates>-73.5684012249999,-43.0356768629999</coordinates></Point>
  </Placemark>
  <Placemark id="infraestructura_portuaria.207">
	<ExtendedData><SchemaData schemaUrl="#infraestructura_portuaria">
		<SimpleData name="OBJECTID_1">207</SimpleData>
		<SimpleData name="OBJECTID">2903</SimpleData>
		<SimpleData name="CODOBRA">10-059</SimpleData>
		<SimpleData name="TIPOOBRA">2</SimpleData>
		<SimpleData name="DESCOBRA">CALETA PESQUERA DE ANCUD</SimpleData>
		<SimpleData name="CODCOMUNA">ANCUD</SimpleData>
		<SimpleData name="LONMUROS">75</SimpleData>
		<SimpleData name="LONESCOLLE">0</SimpleData>
		<SimpleData name="LONMUELLE">66</SimpleData>
		<SimpleData name="LONRAMPCO">0</SimpleData>
		<SimpleData name="LONRAMPA">0</SimpleData>
		<SimpleData name="LONRAMPAVA">0</SimpleData>
		<SimpleData name="LONPONTON">0</SimpleData>
		<SimpleData name="LONCAMIAC">0</SimpleData>
		<SimpleData name="AREAEXPLAN">164</SimpleData>
		<SimpleData name="BOXUNI">0</SimpleData>
		<SimpleData name="BANO_UNI">0</SimpleData>
		<SimpleData name="TIPOGEOM">1</SimpleData>
		<SimpleData name="GLOBALID">{99809ECB-751F-4112-B6C7-B05054A9E36A}</SimpleData>
		<SimpleData name="SALAREUNI">1</SimpleData>
		<SimpleData name="PLAYAARTIF">0</SimpleData>
		<SimpleData name="PASEOCOSTE">0</SimpleData>
		<SimpleData name="ESTADOGRAL">BUENO</SimpleData>
		<SimpleData name="GRUAOPESC">1</SimpleData>
		<SimpleData name="LONSALAADM">1</SimpleData>
		<SimpleData name="LONSALVENT">0</SimpleData>
		<SimpleData name="SALAPROC">1</SimpleData>
		<SimpleData name="AREABODEGA">0</SimpleData>
		<SimpleData name="AREACAFRI">0</SimpleData>
		<SimpleData name="AREAREFUG">0</SimpleData>
		<SimpleData name="AREAGALPON">1</SimpleData>
		<SimpleData name="PROGRAMA">PESCA ARTESANAL</SimpleData>
		<SimpleData name="IMAGEN">http://colabora.mop.gov.cl/sites/dop/dptopl/dp/Documentos%20compartidos/Imágenes%20para%20el%20Modelo%20de%20Datos/10-%20LOS%20LAGOS/10-059.jpg</SimpleData>
		<SimpleData name="MXLOCATION">10202-02</SimpleData>
		<SimpleData name="MXSITEID">DOP</SimpleData>
		<SimpleData name="COD_REG">0</SimpleData>
	</SchemaData></ExtendedData>
      <Point><coordinates>-73.8312807039999,-41.866536461</coordinates></Point>
  </Placemark>
  <Placemark id="infraestructura_portuaria.208">
	<ExtendedData><SchemaData schemaUrl="#infraestructura_portuaria">
		<SimpleData name="OBJECTID_1">208</SimpleData>
		<SimpleData name="OBJECTID">2904</SimpleData>
		<SimpleData name="CODOBRA">10-058</SimpleData>
		<SimpleData name="TIPOOBRA">2</SimpleData>
		<SimpleData name="DESCOBRA">CALETA PESQUERA DE PICHICOLO</SimpleData>
		<SimpleData name="CODCOMUNA">HUALAIHUÉ</SimpleData>
		<SimpleData name="LONMUROS">197</SimpleData>
		<SimpleData name="LONESCOLLE">0</SimpleData>
		<SimpleData name="LONMUELLE">0</SimpleData>
		<SimpleData name="LONRAMPCO">0</SimpleData>
		<SimpleData name="LONRAMPA">0</SimpleData>
		<SimpleData name="LONRAMPAVA">0</SimpleData>
		<SimpleData name="LONPONTON">0</SimpleData>
		<SimpleData name="LONCAMIAC">0</SimpleData>
		<SimpleData name="AREAEXPLAN">1736</SimpleData>
		<SimpleData name="BOXUNI">0</SimpleData>
		<SimpleData name="BANO_UNI">2</SimpleData>
		<SimpleData name="TIPOGEOM">1</SimpleData>
		<SimpleData name="GLOBALID">{95C806D1-051F-4689-8F82-3C256B94C5AB}</SimpleData>
		<SimpleData name="SALAREUNI">0</SimpleData>
		<SimpleData name="PLAYAARTIF">0</SimpleData>
		<SimpleData name="PASEOCOSTE">0</SimpleData>
		<SimpleData name="ESTADOGRAL">BUENO</SimpleData>
		<SimpleData name="GRUAOPESC">0</SimpleData>
		<SimpleData name="LONSALAADM">1</SimpleData>
		<SimpleData name="LONSALVENT">0</SimpleData>
		<SimpleData name="SALAPROC">0</SimpleData>
		<SimpleData name="AREABODEGA">0</SimpleData>
		<SimpleData name="AREACAFRI">0</SimpleData>
		<SimpleData name="AREAREFUG">1</SimpleData>
		<SimpleData name="AREAGALPON">0</SimpleData>
		<SimpleData name="PROGRAMA">PESCA ARTESANAL</SimpleData>
		<SimpleData name="IMAGEN">http://colabora.mop.gov.cl/sites/dop/dptopl/dp/Documentos%20compartidos/Imágenes%20para%20el%20Modelo%20de%20Datos/10-%20LOS%20LAGOS/10-058.jpg</SimpleData>
		<SimpleData name="MXLOCATION">10403-129</SimpleData>
		<SimpleData name="MXSITEID">DOP</SimpleData>
		<SimpleData name="COD_REG">0</SimpleData>
	</SchemaData></ExtendedData>
      <Point><coordinates>-72.595857227,-42.005697233</coordinates></Point>
  </Placemark>
  <Placemark id="infraestructura_portuaria.209">
	<ExtendedData><SchemaData schemaUrl="#infraestructura_portuaria">
		<SimpleData name="OBJECTID_1">209</SimpleData>
		<SimpleData name="OBJECTID">2905</SimpleData>
		<SimpleData name="CODOBRA">10-023</SimpleData>
		<SimpleData name="TIPOOBRA">2</SimpleData>
		<SimpleData name="DESCOBRA">CALETA PESQUERA ARTESANALES DE CALBUCO - SECTOR LA VEGA</SimpleData>
		<SimpleData name="CODCOMUNA">CALBUCO</SimpleData>
		<SimpleData name="LONMUROS">115</SimpleData>
		<SimpleData name="LONESCOLLE">0</SimpleData>
		<SimpleData name="LONMUELLE">0</SimpleData>
		<SimpleData name="LONRAMPCO">0</SimpleData>
		<SimpleData name="LONRAMPA">0</SimpleData>
		<SimpleData name="LONRAMPAVA">0</SimpleData>
		<SimpleData name="LONPONTON">48</SimpleData>
		<SimpleData name="LONCAMIAC">0</SimpleData>
		<SimpleData name="AREAEXPLAN">400</SimpleData>
		<SimpleData name="BOXUNI">0</SimpleData>
		<SimpleData name="BANO_UNI">3</SimpleData>
		<SimpleData name="TIPOGEOM">1</SimpleData>
		<SimpleData name="GLOBALID">{550EDD57-813B-4AD0-B114-8E6964E9F7B8}</SimpleData>
		<SimpleData name="SALAREUNI">1</SimpleData>
		<SimpleData name="PLAYAARTIF">0</SimpleData>
		<SimpleData name="PASEOCOSTE">0</SimpleData>
		<SimpleData name="ESTADOGRAL">MUY BUENO</SimpleData>
		<SimpleData name="GRUAOPESC">0</SimpleData>
		<SimpleData name="LONSALAADM">1</SimpleData>
		<SimpleData name="LONSALVENT">0</SimpleData>
		<SimpleData name="SALAPROC">1</SimpleData>
		<SimpleData name="AREABODEGA">0</SimpleData>
		<SimpleData name="AREACAFRI">0</SimpleData>
		<SimpleData name="AREAREFUG">1</SimpleData>
		<SimpleData name="AREAGALPON">1</SimpleData>
		<SimpleData name="PROGRAMA">PESCA ARTESANAL</SimpleData>
		<SimpleData name="IMAGEN">http://colabora.mop.gov.cl/sites/dop/dptopl/dp/Documentos%20compartidos/Imágenes%20para%20el%20Modelo%20de%20Datos/10-%20LOS%20LAGOS/10-023.jpg</SimpleData>
		<SimpleData name="MXLOCATION">10102-72</SimpleData>
		<SimpleData name="MXSITEID">DOP</SimpleData>
		<SimpleData name="COD_REG">0</SimpleData>
	</SchemaData></ExtendedData>
      <Point><coordinates>-73.130393678,-41.77629705</coordinates></Point>
  </Placemark>
  <Placemark id="infraestructura_portuaria.210">
	<ExtendedData><SchemaData schemaUrl="#infraestructura_portuaria">
		<SimpleData name="OBJECTID_1">210</SimpleData>
		<SimpleData name="OBJECTID">2906</SimpleData>
		<SimpleData name="CODOBRA">10-010</SimpleData>
		<SimpleData name="TIPOOBRA">2</SimpleData>
		<SimpleData name="DESCOBRA">CALETA PESQUERA PICHIPELLUCO</SimpleData>
		<SimpleData name="CODCOMUNA">PUERTO MONTT</SimpleData>
		<SimpleData name="LONMUROS">54</SimpleData>
		<SimpleData name="LONESCOLLE">0</SimpleData>
		<SimpleData name="LONMUELLE">0</SimpleData>
		<SimpleData name="LONRAMPCO">0</SimpleData>
		<SimpleData name="LONRAMPA">0</SimpleData>
		<SimpleData name="LONRAMPAVA">0</SimpleData>
		<SimpleData name="LONPONTON">0</SimpleData>
		<SimpleData name="LONCAMIAC">0</SimpleData>
		<SimpleData name="AREAEXPLAN">370</SimpleData>
		<SimpleData name="BOXUNI">5</SimpleData>
		<SimpleData name="BANO_UNI">0</SimpleData>
		<SimpleData name="TIPOGEOM">1</SimpleData>
		<SimpleData name="GLOBALID">{67A8D6E2-C982-402A-B5D2-BBEBB9F06843}</SimpleData>
		<SimpleData name="SALAREUNI">1</SimpleData>
		<SimpleData name="PLAYAARTIF">0</SimpleData>
		<SimpleData name="PASEOCOSTE">0</SimpleData>
		<SimpleData name="ESTADOGRAL">REGULAR</SimpleData>
		<SimpleData name="GRUAOPESC">0</SimpleData>
		<SimpleData name="LONSALAADM">0</SimpleData>
		<SimpleData name="LONSALVENT">0</SimpleData>
		<SimpleData name="SALAPROC">0</SimpleData>
		<SimpleData name="AREABODEGA">0</SimpleData>
		<SimpleData name="AREACAFRI">0</SimpleData>
		<SimpleData name="AREAREFUG">0</SimpleData>
		<SimpleData name="AREAGALPON">0</SimpleData>
		<SimpleData name="PROGRAMA">PESCA ARTESANAL</SimpleData>
		<SimpleData name="IMAGEN">http://colabora.mop.gov.cl/sites/dop/dptopl/dp/Documentos%20compartidos/Imágenes%20para%20el%20Modelo%20de%20Datos/10-%20LOS%20LAGOS/10-010.jpg</SimpleData>
		<SimpleData name="MXLOCATION">10101-103</SimpleData>
		<SimpleData name="MXSITEID">DOP</SimpleData>
		<SimpleData name="COD_REG">0</SimpleData>
	</SchemaData></ExtendedData>
      <Point><coordinates>-72.920928686,-41.475855349</coordinates></Point>
  </Placemark>
  <Placemark id="infraestructura_portuaria.211">
	<ExtendedData><SchemaData schemaUrl="#infraestructura_portuaria">
		<SimpleData name="OBJECTID_1">211</SimpleData>
		<SimpleData name="OBJECTID">2907</SimpleData>
		<SimpleData name="CODOBRA">10-004</SimpleData>
		<SimpleData name="TIPOOBRA">2</SimpleData>
		<SimpleData name="DESCOBRA">CALETA PESQUERA DE ANAHUAC</SimpleData>
		<SimpleData name="CODCOMUNA">PUERTO MONTT</SimpleData>
		<SimpleData name="LONMUROS">117</SimpleData>
		<SimpleData name="LONESCOLLE">0</SimpleData>
		<SimpleData name="LONMUELLE">0</SimpleData>
		<SimpleData name="LONRAMPCO">0</SimpleData>
		<SimpleData name="LONRAMPA">0</SimpleData>
		<SimpleData name="LONRAMPAVA">0</SimpleData>
		<SimpleData name="LONPONTON">24</SimpleData>
		<SimpleData name="LONCAMIAC">0</SimpleData>
		<SimpleData name="AREAEXPLAN">0</SimpleData>
		<SimpleData name="BOXUNI">0</SimpleData>
		<SimpleData name="BANO_UNI">2</SimpleData>
		<SimpleData name="TIPOGEOM">1</SimpleData>
		<SimpleData name="GLOBALID">{07926DBA-8373-4467-930B-CC289926B98E}</SimpleData>
		<SimpleData name="SALAREUNI">1</SimpleData>
		<SimpleData name="PLAYAARTIF">0</SimpleData>
		<SimpleData name="PASEOCOSTE">0</SimpleData>
		<SimpleData name="ESTADOGRAL">MUY BUENO</SimpleData>
		<SimpleData name="GRUAOPESC">0</SimpleData>
		<SimpleData name="LONSALAADM">1</SimpleData>
		<SimpleData name="LONSALVENT">0</SimpleData>
		<SimpleData name="SALAPROC">0</SimpleData>
		<SimpleData name="AREABODEGA">0</SimpleData>
		<SimpleData name="AREACAFRI">0</SimpleData>
		<SimpleData name="AREAREFUG">0</SimpleData>
		<SimpleData name="AREAGALPON">1</SimpleData>
		<SimpleData name="PROGRAMA">PESCA ARTESANAL</SimpleData>
		<SimpleData name="IMAGEN">http://colabora.mop.gov.cl/sites/dop/dptopl/dp/Documentos%20compartidos/Imágenes%20para%20el%20Modelo%20de%20Datos/10-%20LOS%20LAGOS/10-004.jpg</SimpleData>
		<SimpleData name="MXLOCATION">10101-97</SimpleData>
		<SimpleData name="MXSITEID">DOP</SimpleData>
		<SimpleData name="COD_REG">0</SimpleData>
	</SchemaData></ExtendedData>
      <Point><coordinates>-72.976564131,-41.4860722989999</coordinates></Point>
  </Placemark>
  <Placemark id="infraestructura_portuaria.212">
	<ExtendedData><SchemaData schemaUrl="#infraestructura_portuaria">
		<SimpleData name="OBJECTID_1">212</SimpleData>
		<SimpleData name="OBJECTID">2908</SimpleData>
		<SimpleData name="CODOBRA">10-002</SimpleData>
		<SimpleData name="TIPOOBRA">2</SimpleData>
		<SimpleData name="DESCOBRA">CALETA PESQUERA DE BAHIA MANSA</SimpleData>
		<SimpleData name="CODCOMUNA">SAN JUAN DE LA COSTA</SimpleData>
		<SimpleData name="LONMUROS">190</SimpleData>
		<SimpleData name="LONESCOLLE">188</SimpleData>
		<SimpleData name="LONMUELLE">69</SimpleData>
		<SimpleData name="LONRAMPCO">0</SimpleData>
		<SimpleData name="LONRAMPA">0</SimpleData>
		<SimpleData name="LONRAMPAVA">0</SimpleData>
		<SimpleData name="LONPONTON">0</SimpleData>
		<SimpleData name="LONCAMIAC">0</SimpleData>
		<SimpleData name="AREAEXPLAN">3108</SimpleData>
		<SimpleData name="BOXUNI">30</SimpleData>
		<SimpleData name="BANO_UNI">0</SimpleData>
		<SimpleData name="TIPOGEOM">1</SimpleData>
		<SimpleData name="GLOBALID">{D7F48247-0FD8-444A-B5AC-B2CB7CA664E8}</SimpleData>
		<SimpleData name="SALAREUNI">1</SimpleData>
		<SimpleData name="PLAYAARTIF">0</SimpleData>
		<SimpleData name="PASEOCOSTE">151</SimpleData>
		<SimpleData name="ESTADOGRAL">BUENO</SimpleData>
		<SimpleData name="GRUAOPESC">1</SimpleData>
		<SimpleData name="LONSALAADM">1</SimpleData>
		<SimpleData name="LONSALVENT">0</SimpleData>
		<SimpleData name="SALAPROC">0</SimpleData>
		<SimpleData name="AREABODEGA">0</SimpleData>
		<SimpleData name="AREACAFRI">0</SimpleData>
		<SimpleData name="AREAREFUG">1</SimpleData>
		<SimpleData name="AREAGALPON">1</SimpleData>
		<SimpleData name="PROGRAMA">PESCA ARTESANAL</SimpleData>
		<SimpleData name="IMAGEN">http://colabora.mop.gov.cl/sites/dop/dptopl/dp/Documentos%20compartidos/Imágenes%20para%20el%20Modelo%20de%20Datos/10-%20LOS%20LAGOS/10-002.jpg</SimpleData>
		<SimpleData name="MXLOCATION">10306-117</SimpleData>
		<SimpleData name="MXSITEID">DOP</SimpleData>
		<SimpleData name="COD_REG">0</SimpleData>
	</SchemaData></ExtendedData>
      <Point><coordinates>-73.737148179,-40.580360073</coordinates></Point>
  </Placemark>
  <Placemark id="infraestructura_portuaria.213">
	<ExtendedData><SchemaData schemaUrl="#infraestructura_portuaria">
		<SimpleData name="OBJECTID_1">213</SimpleData>
		<SimpleData name="OBJECTID">2909</SimpleData>
		<SimpleData name="CODOBRA">08-05</SimpleData>
		<SimpleData name="TIPOOBRA">2</SimpleData>
		<SimpleData name="DESCOBRA">CALETA PESQUERA PLAYA NEGRA</SimpleData>
		<SimpleData name="CODCOMUNA">PENCO</SimpleData>
		<SimpleData name="LONMUROS">0</SimpleData>
		<SimpleData name="LONESCOLLE">0</SimpleData>
		<SimpleData name="LONMUELLE">0</SimpleData>
		<SimpleData name="LONRAMPCO">0</SimpleData>
		<SimpleData name="LONRAMPA">0</SimpleData>
		<SimpleData name="LONRAMPAVA">0</SimpleData>
		<SimpleData name="LONPONTON">0</SimpleData>
		<SimpleData name="LONCAMIAC">0</SimpleData>
		<SimpleData name="AREAEXPLAN">0</SimpleData>
		<SimpleData name="BOXUNI">0</SimpleData>
		<SimpleData name="BANO_UNI">0</SimpleData>
		<SimpleData name="TIPOGEOM">1</SimpleData>
		<SimpleData name="GLOBALID">{C39A3704-2F2B-4671-A267-C397CE0718E7}</SimpleData>
		<SimpleData name="SALAREUNI">0</SimpleData>
		<SimpleData name="PLAYAARTIF">0</SimpleData>
		<SimpleData name="PASEOCOSTE">0</SimpleData>
		<SimpleData name="ESTADOGRAL">BUENO</SimpleData>
		<SimpleData name="GRUAOPESC">0</SimpleData>
		<SimpleData name="LONSALAADM">0</SimpleData>
		<SimpleData name="LONSALVENT">0</SimpleData>
		<SimpleData name="SALAPROC">0</SimpleData>
		<SimpleData name="AREABODEGA">0</SimpleData>
		<SimpleData name="AREACAFRI">0</SimpleData>
		<SimpleData name="AREAREFUG">0</SimpleData>
		<SimpleData name="AREAGALPON">0</SimpleData>
		<SimpleData name="PROGRAMA">PESCA ARTESANAL</SimpleData>
		<SimpleData name="IMAGEN">http://colabora.mop.gov.cl/sites/dop/dptopl/dp/Documentos%20compartidos/Imágenes%20para%20el%20Modelo%20de%20Datos/8-%20BIOBIO/08-05.JPG</SimpleData>
		<SimpleData name="MXLOCATION">08107-22</SimpleData>
		<SimpleData name="MXSITEID">DOP</SimpleData>
		<SimpleData name="COD_REG">0</SimpleData>
	</SchemaData></ExtendedData>
      <Point><coordinates>-72.992559614,-36.733207415</coordinates></Point>
  </Placemark>
  <Placemark id="infraestructura_portuaria.214">
	<ExtendedData><SchemaData schemaUrl="#infraestructura_portuaria">
		<SimpleData name="OBJECTID_1">214</SimpleData>
		<SimpleData name="OBJECTID">2910</SimpleData>
		<SimpleData name="CODOBRA">08-04</SimpleData>
		<SimpleData name="TIPOOBRA">2</SimpleData>
		<SimpleData name="DESCOBRA">CALETA PESQUERA EL REFUGIO</SimpleData>
		<SimpleData name="CODCOMUNA">PENCO</SimpleData>
		<SimpleData name="LONMUROS">53</SimpleData>
		<SimpleData name="LONESCOLLE">0</SimpleData>
		<SimpleData name="LONMUELLE">0</SimpleData>
		<SimpleData name="LONRAMPCO">0</SimpleData>
		<SimpleData name="LONRAMPA">0</SimpleData>
		<SimpleData name="LONRAMPAVA">0</SimpleData>
		<SimpleData name="LONPONTON">0</SimpleData>
		<SimpleData name="LONCAMIAC">0</SimpleData>
		<SimpleData name="AREAEXPLAN">475</SimpleData>
		<SimpleData name="BOXUNI">7</SimpleData>
		<SimpleData name="BANO_UNI">2</SimpleData>
		<SimpleData name="TIPOGEOM">1</SimpleData>
		<SimpleData name="GLOBALID">{60272786-D55C-4FC3-A2C7-06C5583D9398}</SimpleData>
		<SimpleData name="SALAREUNI">0</SimpleData>
		<SimpleData name="PLAYAARTIF">0</SimpleData>
		<SimpleData name="PASEOCOSTE">0</SimpleData>
		<SimpleData name="ESTADOGRAL">BUENO</SimpleData>
		<SimpleData name="GRUAOPESC">0</SimpleData>
		<SimpleData name="LONSALAADM">0</SimpleData>
		<SimpleData name="LONSALVENT">0</SimpleData>
		<SimpleData name="SALAPROC">0</SimpleData>
		<SimpleData name="AREABODEGA">0</SimpleData>
		<SimpleData name="AREACAFRI">0</SimpleData>
		<SimpleData name="AREAREFUG">0</SimpleData>
		<SimpleData name="AREAGALPON">0</SimpleData>
		<SimpleData name="PROGRAMA">PESCA ARTESANAL</SimpleData>
		<SimpleData name="IMAGEN">http://colabora.mop.gov.cl/sites/dop/dptopl/dp/Documentos%20compartidos/Imágenes%20para%20el%20Modelo%20de%20Datos/8-%20BIOBIO/08-04.JPG</SimpleData>
		<SimpleData name="MXLOCATION">08107-21</SimpleData>
		<SimpleData name="MXSITEID">DOP</SimpleData>
		<SimpleData name="COD_REG">0</SimpleData>
	</SchemaData></ExtendedData>
      <Point><coordinates>-72.9863240769999,-36.721553634</coordinates></Point>
  </Placemark>
  <Placemark id="infraestructura_portuaria.215">
	<ExtendedData><SchemaData schemaUrl="#infraestructura_portuaria">
		<SimpleData name="OBJECTID_1">215</SimpleData>
		<SimpleData name="OBJECTID">2911</SimpleData>
		<SimpleData name="CODOBRA">02-02</SimpleData>
		<SimpleData name="TIPOOBRA">2</SimpleData>
		<SimpleData name="DESCOBRA">CALETA PESQUERA TOCOPILLA</SimpleData>
		<SimpleData name="CODCOMUNA">TOCOPILLA</SimpleData>
		<SimpleData name="LONMUROS">48</SimpleData>
		<SimpleData name="LONESCOLLE">15</SimpleData>
		<SimpleData name="LONMUELLE">61</SimpleData>
		<SimpleData name="LONRAMPCO">0</SimpleData>
		<SimpleData name="LONRAMPA">0</SimpleData>
		<SimpleData name="LONRAMPAVA">0</SimpleData>
		<SimpleData name="LONPONTON">0</SimpleData>
		<SimpleData name="LONCAMIAC">0</SimpleData>
		<SimpleData name="AREAEXPLAN">1891</SimpleData>
		<SimpleData name="BOXUNI">70</SimpleData>
		<SimpleData name="BANO_UNI">0</SimpleData>
		<SimpleData name="TIPOGEOM">1</SimpleData>
		<SimpleData name="GLOBALID">{94EEEF78-68ED-4DFB-B9B6-DDABF4EEC4FD}</SimpleData>
		<SimpleData name="SALAREUNI">0</SimpleData>
		<SimpleData name="PLAYAARTIF">0</SimpleData>
		<SimpleData name="PASEOCOSTE">0</SimpleData>
		<SimpleData name="ESTADOGRAL">REGULAR</SimpleData>
		<SimpleData name="GRUAOPESC">0</SimpleData>
		<SimpleData name="LONSALAADM">0</SimpleData>
		<SimpleData name="LONSALVENT">0</SimpleData>
		<SimpleData name="SALAPROC">0</SimpleData>
		<SimpleData name="AREABODEGA">0</SimpleData>
		<SimpleData name="AREACAFRI">0</SimpleData>
		<SimpleData name="AREAREFUG">0</SimpleData>
		<SimpleData name="AREAGALPON">0</SimpleData>
		<SimpleData name="PROGRAMA">PESCA ARTESANAL</SimpleData>
		<SimpleData name="IMAGEN">http://colabora.mop.gov.cl/sites/dop/dptopl/dp/Documentos%20compartidos/Imágenes%20para%20el%20Modelo%20de%20Datos/2-%20ANTOFAGASTA/2-02.jpg</SimpleData>
		<SimpleData name="MXLOCATION">02301-14</SimpleData>
		<SimpleData name="MXSITEID">DOP</SimpleData>
		<SimpleData name="COD_REG">0</SimpleData>
	</SchemaData></ExtendedData>
      <Point><coordinates>-70.2041356829999,-22.093148468</coordinates></Point>
  </Placemark>
  <Placemark id="infraestructura_portuaria.216">
	<ExtendedData><SchemaData schemaUrl="#infraestructura_portuaria">
		<SimpleData name="OBJECTID_1">216</SimpleData>
		<SimpleData name="OBJECTID">2912</SimpleData>
		<SimpleData name="CODOBRA">02-01</SimpleData>
		<SimpleData name="TIPOOBRA">2</SimpleData>
		<SimpleData name="DESCOBRA">CALETA PESQUERA PUNTA ARENAS</SimpleData>
		<SimpleData name="CODCOMUNA">TOCOPILLA</SimpleData>
		<SimpleData name="LONMUROS">93</SimpleData>
		<SimpleData name="LONESCOLLE">100</SimpleData>
		<SimpleData name="LONMUELLE">28</SimpleData>
		<SimpleData name="LONRAMPCO">0</SimpleData>
		<SimpleData name="LONRAMPA">0</SimpleData>
		<SimpleData name="LONRAMPAVA">0</SimpleData>
		<SimpleData name="LONPONTON">0</SimpleData>
		<SimpleData name="LONCAMIAC">0</SimpleData>
		<SimpleData name="AREAEXPLAN">0</SimpleData>
		<SimpleData name="BOXUNI">0</SimpleData>
		<SimpleData name="BANO_UNI">0</SimpleData>
		<SimpleData name="TIPOGEOM">1</SimpleData>
		<SimpleData name="GLOBALID">{CB1DCE70-F5D4-434D-BF81-1CDA9BD8441D}</SimpleData>
		<SimpleData name="SALAREUNI">0</SimpleData>
		<SimpleData name="PLAYAARTIF">0</SimpleData>
		<SimpleData name="PASEOCOSTE">0</SimpleData>
		<SimpleData name="ESTADOGRAL">MUY BUENO</SimpleData>
		<SimpleData name="GRUAOPESC">0</SimpleData>
		<SimpleData name="LONSALAADM">0</SimpleData>
		<SimpleData name="LONSALVENT">0</SimpleData>
		<SimpleData name="SALAPROC">0</SimpleData>
		<SimpleData name="AREABODEGA">0</SimpleData>
		<SimpleData name="AREACAFRI">0</SimpleData>
		<SimpleData name="AREAREFUG">0</SimpleData>
		<SimpleData name="AREAGALPON">0</SimpleData>
		<SimpleData name="PROGRAMA">PESCA ARTESANAL</SimpleData>
		<SimpleData name="IMAGEN">http://colabora.mop.gov.cl/sites/dop/dptopl/dp/Documentos%20compartidos/Imágenes%20para%20el%20Modelo%20de%20Datos/2-%20ANTOFAGASTA/2-01.jpg</SimpleData>
		<SimpleData name="MXLOCATION">02301-13</SimpleData>
		<SimpleData name="MXSITEID">DOP</SimpleData>
		<SimpleData name="COD_REG">0</SimpleData>
	</SchemaData></ExtendedData>
      <Point><coordinates>-70.137710517,-21.6339451019999</coordinates></Point>
  </Placemark>
  <Placemark id="infraestructura_portuaria.217">
	<ExtendedData><SchemaData schemaUrl="#infraestructura_portuaria">
		<SimpleData name="OBJECTID_1">217</SimpleData>
		<SimpleData name="OBJECTID">2913</SimpleData>
		<SimpleData name="CODOBRA">15-04</SimpleData>
		<SimpleData name="TIPOOBRA">2</SimpleData>
		<SimpleData name="DESCOBRA">CALETA PESQUERA CAMARONES</SimpleData>
		<SimpleData name="CODCOMUNA">ARICA</SimpleData>
		<SimpleData name="LONMUROS">25</SimpleData>
		<SimpleData name="LONESCOLLE">0</SimpleData>
		<SimpleData name="LONMUELLE">14</SimpleData>
		<SimpleData name="LONRAMPCO">0</SimpleData>
		<SimpleData name="LONRAMPA">0</SimpleData>
		<SimpleData name="LONRAMPAVA">0</SimpleData>
		<SimpleData name="LONPONTON">0</SimpleData>
		<SimpleData name="LONCAMIAC">0</SimpleData>
		<SimpleData name="AREAEXPLAN">0</SimpleData>
		<SimpleData name="BOXUNI">12</SimpleData>
		<SimpleData name="BANO_UNI">0</SimpleData>
		<SimpleData name="TIPOGEOM">1</SimpleData>
		<SimpleData name="GLOBALID">{ED70C88A-189F-45B4-B7C8-2A29C420A6AD}</SimpleData>
		<SimpleData name="SALAREUNI">0</SimpleData>
		<SimpleData name="PLAYAARTIF">0</SimpleData>
		<SimpleData name="PASEOCOSTE">0</SimpleData>
		<SimpleData name="ESTADOGRAL">BUENO</SimpleData>
		<SimpleData name="GRUAOPESC">0</SimpleData>
		<SimpleData name="LONSALAADM">0</SimpleData>
		<SimpleData name="LONSALVENT">0</SimpleData>
		<SimpleData name="SALAPROC">0</SimpleData>
		<SimpleData name="AREABODEGA">0</SimpleData>
		<SimpleData name="AREACAFRI">0</SimpleData>
		<SimpleData name="AREAREFUG">0</SimpleData>
		<SimpleData name="AREAGALPON">0</SimpleData>
		<SimpleData name="PROGRAMA">PESCA ARTESANAL</SimpleData>
		<SimpleData name="IMAGEN">http://colabora.mop.gov.cl/sites/dop/dptopl/dp/Documentos%20compartidos/Imágenes%20para%20el%20Modelo%20de%20Datos/15-%20ARICA/15-04.jpg</SimpleData>
		<SimpleData name="MXLOCATION">15101-04</SimpleData>
		<SimpleData name="MXSITEID">DOP</SimpleData>
		<SimpleData name="COD_REG">0</SimpleData>
	</SchemaData></ExtendedData>
      <Point><coordinates>-70.270749565,-19.206077653</coordinates></Point>
  </Placemark>
  <Placemark id="infraestructura_portuaria.218">
	<ExtendedData><SchemaData schemaUrl="#infraestructura_portuaria">
		<SimpleData name="OBJECTID_1">218</SimpleData>
		<SimpleData name="OBJECTID">2914</SimpleData>
		<SimpleData name="CODOBRA">14-9</SimpleData>
		<SimpleData name="TIPOOBRA">2</SimpleData>
		<SimpleData name="DESCOBRA">CALETA PESQUERA EL PIOJO</SimpleData>
		<SimpleData name="CODCOMUNA">VALDIVIA</SimpleData>
		<SimpleData name="LONMUROS">121</SimpleData>
		<SimpleData name="LONESCOLLE">0</SimpleData>
		<SimpleData name="LONMUELLE">0</SimpleData>
		<SimpleData name="LONRAMPCO">0</SimpleData>
		<SimpleData name="LONRAMPA">0</SimpleData>
		<SimpleData name="LONRAMPAVA">241</SimpleData>
		<SimpleData name="LONPONTON">0</SimpleData>
		<SimpleData name="LONCAMIAC">0</SimpleData>
		<SimpleData name="AREAEXPLAN">6280</SimpleData>
		<SimpleData name="BOXUNI">35</SimpleData>
		<SimpleData name="BANO_UNI">2</SimpleData>
		<SimpleData name="TIPOGEOM">1</SimpleData>
		<SimpleData name="GLOBALID">{1EE0F7F1-45D0-4E31-A752-08E2A92C54C6}</SimpleData>
		<SimpleData name="SALAREUNI">0</SimpleData>
		<SimpleData name="PLAYAARTIF">0</SimpleData>
		<SimpleData name="PASEOCOSTE">0</SimpleData>
		<SimpleData name="ESTADOGRAL">BUENO</SimpleData>
		<SimpleData name="GRUAOPESC">0</SimpleData>
		<SimpleData name="LONSALAADM">1</SimpleData>
		<SimpleData name="LONSALVENT">1</SimpleData>
		<SimpleData name="SALAPROC">0</SimpleData>
		<SimpleData name="AREABODEGA">1</SimpleData>
		<SimpleData name="AREACAFRI">0</SimpleData>
		<SimpleData name="AREAREFUG">0</SimpleData>
		<SimpleData name="AREAGALPON">1</SimpleData>
		<SimpleData name="PROGRAMA">PESCA ARTESANAL</SimpleData>
		<SimpleData name="IMAGEN">http://colabora.mop.gov.cl/sites/dop/dptopl/dp/Documentos%20compartidos/Imágenes%20para%20el%20Modelo%20de%20Datos/14-%20LOS%20RIOS/14-9.jpg</SimpleData>
		<SimpleData name="MXLOCATION">14101-16</SimpleData>
		<SimpleData name="MXSITEID">DOP</SimpleData>
		<SimpleData name="COD_REG">0</SimpleData>
	</SchemaData></ExtendedData>
      <Point><coordinates>-73.394132242,-39.874946727</coordinates></Point>
  </Placemark>
  <Placemark id="infraestructura_portuaria.219">
	<ExtendedData><SchemaData schemaUrl="#infraestructura_portuaria">
		<SimpleData name="OBJECTID_1">219</SimpleData>
		<SimpleData name="OBJECTID">2915</SimpleData>
		<SimpleData name="CODOBRA">14-16</SimpleData>
		<SimpleData name="TIPOOBRA">2</SimpleData>
		<SimpleData name="DESCOBRA">CALETA PESQUERA CORRAL BAJO</SimpleData>
		<SimpleData name="CODCOMUNA">CORRAL</SimpleData>
		<SimpleData name="LONMUROS">68</SimpleData>
		<SimpleData name="LONESCOLLE">0</SimpleData>
		<SimpleData name="LONMUELLE">102</SimpleData>
		<SimpleData name="LONRAMPCO">0</SimpleData>
		<SimpleData name="LONRAMPA">0</SimpleData>
		<SimpleData name="LONRAMPAVA">0</SimpleData>
		<SimpleData name="LONPONTON">0</SimpleData>
		<SimpleData name="LONCAMIAC">0</SimpleData>
		<SimpleData name="AREAEXPLAN">1680</SimpleData>
		<SimpleData name="BOXUNI">11</SimpleData>
		<SimpleData name="BANO_UNI">1</SimpleData>
		<SimpleData name="TIPOGEOM">1</SimpleData>
		<SimpleData name="GLOBALID">{DA1EF4D6-1B3A-40E1-984F-5896A9CD2975}</SimpleData>
		<SimpleData name="SALAREUNI">0</SimpleData>
		<SimpleData name="PLAYAARTIF">0</SimpleData>
		<SimpleData name="PASEOCOSTE">0</SimpleData>
		<SimpleData name="ESTADOGRAL">BUENO</SimpleData>
		<SimpleData name="GRUAOPESC">1</SimpleData>
		<SimpleData name="LONSALAADM">1</SimpleData>
		<SimpleData name="LONSALVENT">0</SimpleData>
		<SimpleData name="SALAPROC">1</SimpleData>
		<SimpleData name="AREABODEGA">0</SimpleData>
		<SimpleData name="AREACAFRI">1</SimpleData>
		<SimpleData name="AREAREFUG">0</SimpleData>
		<SimpleData name="AREAGALPON">0</SimpleData>
		<SimpleData name="PROGRAMA">PESCA ARTESANAL</SimpleData>
		<SimpleData name="IMAGEN">http://colabora.mop.gov.cl/sites/dop/dptopl/dp/Documentos%20compartidos/Imágenes%20para%20el%20Modelo%20de%20Datos/14-%20LOS%20RIOS/14-16.jpg</SimpleData>
		<SimpleData name="MXLOCATION">14102-10</SimpleData>
		<SimpleData name="MXSITEID">DOP</SimpleData>
		<SimpleData name="COD_REG">0</SimpleData>
	</SchemaData></ExtendedData>
      <Point><coordinates>-73.4264990189999,-39.883320963</coordinates></Point>
  </Placemark>
  <Placemark id="infraestructura_portuaria.220">
	<ExtendedData><SchemaData schemaUrl="#infraestructura_portuaria">
		<SimpleData name="OBJECTID_1">220</SimpleData>
		<SimpleData name="OBJECTID">2916</SimpleData>
		<SimpleData name="CODOBRA">14-15</SimpleData>
		<SimpleData name="TIPOOBRA">2</SimpleData>
		<SimpleData name="DESCOBRA">CALETA PESQUERA LOS MOLINOS</SimpleData>
		<SimpleData name="CODCOMUNA">VALDIVIA</SimpleData>
		<SimpleData name="LONMUROS">164</SimpleData>
		<SimpleData name="LONESCOLLE">0</SimpleData>
		<SimpleData name="LONMUELLE">484</SimpleData>
		<SimpleData name="LONRAMPCO">0</SimpleData>
		<SimpleData name="LONRAMPA">0</SimpleData>
		<SimpleData name="LONRAMPAVA">140</SimpleData>
		<SimpleData name="LONPONTON">0</SimpleData>
		<SimpleData name="LONCAMIAC">0</SimpleData>
		<SimpleData name="AREAEXPLAN">1080</SimpleData>
		<SimpleData name="BOXUNI">4</SimpleData>
		<SimpleData name="BANO_UNI">2</SimpleData>
		<SimpleData name="TIPOGEOM">1</SimpleData>
		<SimpleData name="GLOBALID">{C825BDEA-EE53-407F-89B9-C504A7FFCD88}</SimpleData>
		<SimpleData name="SALAREUNI">1</SimpleData>
		<SimpleData name="PLAYAARTIF">0</SimpleData>
		<SimpleData name="PASEOCOSTE">0</SimpleData>
		<SimpleData name="ESTADOGRAL">BUENO</SimpleData>
		<SimpleData name="GRUAOPESC">0</SimpleData>
		<SimpleData name="LONSALAADM">1</SimpleData>
		<SimpleData name="LONSALVENT">1</SimpleData>
		<SimpleData name="SALAPROC">0</SimpleData>
		<SimpleData name="AREABODEGA">0</SimpleData>
		<SimpleData name="AREACAFRI">0</SimpleData>
		<SimpleData name="AREAREFUG">0</SimpleData>
		<SimpleData name="AREAGALPON">0</SimpleData>
		<SimpleData name="PROGRAMA">PESCA ARTESANAL</SimpleData>
		<SimpleData name="IMAGEN">http://colabora.mop.gov.cl/sites/dop/dptopl/dp/Documentos%20compartidos/Imágenes%20para%20el%20Modelo%20de%20Datos/14-%20LOS%20RIOS/14-15.jpg</SimpleData>
		<SimpleData name="MXLOCATION">14101-20</SimpleData>
		<SimpleData name="MXSITEID">DOP</SimpleData>
		<SimpleData name="COD_REG">0</SimpleData>
	</SchemaData></ExtendedData>
      <Point><coordinates>-73.3968774749999,-39.8453785689999</coordinates></Point>
  </Placemark>
  <Placemark id="infraestructura_portuaria.221">
	<ExtendedData><SchemaData schemaUrl="#infraestructura_portuaria">
		<SimpleData name="OBJECTID_1">221</SimpleData>
		<SimpleData name="OBJECTID">2917</SimpleData>
		<SimpleData name="CODOBRA">14-11</SimpleData>
		<SimpleData name="TIPOOBRA">2</SimpleData>
		<SimpleData name="DESCOBRA">CALETA PESQUERA DE NIEBLA</SimpleData>
		<SimpleData name="CODCOMUNA">VALDIVIA</SimpleData>
		<SimpleData name="LONMUROS">62</SimpleData>
		<SimpleData name="LONESCOLLE">154</SimpleData>
		<SimpleData name="LONMUELLE">569</SimpleData>
		<SimpleData name="LONRAMPCO">0</SimpleData>
		<SimpleData name="LONRAMPA">0</SimpleData>
		<SimpleData name="LONRAMPAVA">0</SimpleData>
		<SimpleData name="LONPONTON">10</SimpleData>
		<SimpleData name="LONCAMIAC">0</SimpleData>
		<SimpleData name="AREAEXPLAN">2040</SimpleData>
		<SimpleData name="BOXUNI">0</SimpleData>
		<SimpleData name="BANO_UNI">3</SimpleData>
		<SimpleData name="TIPOGEOM">1</SimpleData>
		<SimpleData name="GLOBALID">{C842A3AE-38F0-4C0E-A951-983A7B54BB78}</SimpleData>
		<SimpleData name="SALAREUNI">0</SimpleData>
		<SimpleData name="PLAYAARTIF">0</SimpleData>
		<SimpleData name="PASEOCOSTE">0</SimpleData>
		<SimpleData name="ESTADOGRAL">BUENO</SimpleData>
		<SimpleData name="GRUAOPESC">0</SimpleData>
		<SimpleData name="LONSALAADM">1</SimpleData>
		<SimpleData name="LONSALVENT">1</SimpleData>
		<SimpleData name="SALAPROC">1</SimpleData>
		<SimpleData name="AREABODEGA">1</SimpleData>
		<SimpleData name="AREACAFRI">0</SimpleData>
		<SimpleData name="AREAREFUG">0</SimpleData>
		<SimpleData name="AREAGALPON">1</SimpleData>
		<SimpleData name="PROGRAMA">PESCA ARTESANAL</SimpleData>
		<SimpleData name="IMAGEN">http://colabora.mop.gov.cl/sites/dop/dptopl/dp/Documentos%20compartidos/Imágenes%20para%20el%20Modelo%20de%20Datos/14-%20LOS%20RIOS/14-11.jpg</SimpleData>
		<SimpleData name="MXLOCATION">14101-17</SimpleData>
		<SimpleData name="MXSITEID">DOP</SimpleData>
		<SimpleData name="COD_REG">0</SimpleData>
	</SchemaData></ExtendedData>
      <Point><coordinates>-73.384075653,-39.8732865969999</coordinates></Point>
  </Placemark>
  <Placemark id="infraestructura_portuaria.222">
	<ExtendedData><SchemaData schemaUrl="#infraestructura_portuaria">
		<SimpleData name="OBJECTID_1">222</SimpleData>
		<SimpleData name="OBJECTID">2918</SimpleData>
		<SimpleData name="CODOBRA">14-10</SimpleData>
		<SimpleData name="TIPOOBRA">2</SimpleData>
		<SimpleData name="DESCOBRA">CALETA PESQUERA AMARGOS</SimpleData>
		<SimpleData name="CODCOMUNA">CORRAL</SimpleData>
		<SimpleData name="LONMUROS">80</SimpleData>
		<SimpleData name="LONESCOLLE">100</SimpleData>
		<SimpleData name="LONMUELLE">212</SimpleData>
		<SimpleData name="LONRAMPCO">0</SimpleData>
		<SimpleData name="LONRAMPA">0</SimpleData>
		<SimpleData name="LONRAMPAVA">0</SimpleData>
		<SimpleData name="LONPONTON">0</SimpleData>
		<SimpleData name="LONCAMIAC">0</SimpleData>
		<SimpleData name="AREAEXPLAN">1537</SimpleData>
		<SimpleData name="BOXUNI">2</SimpleData>
		<SimpleData name="BANO_UNI">0</SimpleData>
		<SimpleData name="TIPOGEOM">1</SimpleData>
		<SimpleData name="GLOBALID">{B09E9187-2E8E-488F-AC83-97B1BEE622EC}</SimpleData>
		<SimpleData name="SALAREUNI">0</SimpleData>
		<SimpleData name="PLAYAARTIF">0</SimpleData>
		<SimpleData name="PASEOCOSTE">0</SimpleData>
		<SimpleData name="ESTADOGRAL">BUENO</SimpleData>
		<SimpleData name="GRUAOPESC">1</SimpleData>
		<SimpleData name="LONSALAADM">1</SimpleData>
		<SimpleData name="LONSALVENT">0</SimpleData>
		<SimpleData name="SALAPROC">0</SimpleData>
		<SimpleData name="AREABODEGA">1</SimpleData>
		<SimpleData name="AREACAFRI">0</SimpleData>
		<SimpleData name="AREAREFUG">0</SimpleData>
		<SimpleData name="AREAGALPON">1</SimpleData>
		<SimpleData name="PROGRAMA">PESCA ARTESANAL</SimpleData>
		<SimpleData name="IMAGEN">http://colabora.mop.gov.cl/sites/dop/dptopl/dp/Documentos%20compartidos/Imágenes%20para%20el%20Modelo%20de%20Datos/14-%20LOS%20RIOS/14-10.jpg</SimpleData>
		<SimpleData name="MXLOCATION">14102-09</SimpleData>
		<SimpleData name="MXSITEID">DOP</SimpleData>
		<SimpleData name="COD_REG">0</SimpleData>
	</SchemaData></ExtendedData>
      <Point><coordinates>-73.424744634,-39.874270209</coordinates></Point>
  </Placemark>
  <Placemark id="infraestructura_portuaria.223">
	<ExtendedData><SchemaData schemaUrl="#infraestructura_portuaria">
		<SimpleData name="OBJECTID_1">223</SimpleData>
		<SimpleData name="OBJECTID">2919</SimpleData>
		<SimpleData name="CODOBRA">11-18</SimpleData>
		<SimpleData name="TIPOOBRA">2</SimpleData>
		<SimpleData name="DESCOBRA">MUELLE MELINKA</SimpleData>
		<SimpleData name="CODCOMUNA">AISEN</SimpleData>
		<SimpleData name="LONMUROS">155</SimpleData>
		<SimpleData name="LONESCOLLE">202</SimpleData>
		<SimpleData name="LONMUELLE">588</SimpleData>
		<SimpleData name="LONRAMPCO">0</SimpleData>
		<SimpleData name="LONRAMPA">0</SimpleData>
		<SimpleData name="LONRAMPAVA">0</SimpleData>
		<SimpleData name="LONPONTON">0</SimpleData>
		<SimpleData name="LONCAMIAC">72</SimpleData>
		<SimpleData name="AREAEXPLAN">1487</SimpleData>
		<SimpleData name="BOXUNI">2</SimpleData>
		<SimpleData name="BANO_UNI">0</SimpleData>
		<SimpleData name="TIPOGEOM">1</SimpleData>
		<SimpleData name="GLOBALID">{5734CDAE-C168-4EE9-AA42-15527C00640A}</SimpleData>
		<SimpleData name="SALAREUNI">0</SimpleData>
		<SimpleData name="PLAYAARTIF">0</SimpleData>
		<SimpleData name="PASEOCOSTE">0</SimpleData>
		<SimpleData name="ESTADOGRAL">BUENO</SimpleData>
		<SimpleData name="GRUAOPESC">0</SimpleData>
		<SimpleData name="LONSALAADM">0</SimpleData>
		<SimpleData name="LONSALVENT">0</SimpleData>
		<SimpleData name="SALAPROC">0</SimpleData>
		<SimpleData name="AREABODEGA">0</SimpleData>
		<SimpleData name="AREACAFRI">0</SimpleData>
		<SimpleData name="AREAREFUG">0</SimpleData>
		<SimpleData name="AREAGALPON">0</SimpleData>
		<SimpleData name="PROGRAMA">PESCA ARTESANAL</SimpleData>
		<SimpleData name="IMAGEN">http://colabora.mop.gov.cl/sites/dop/dptopl/dp/Documentos%20compartidos/Imágenes%20para%20el%20Modelo%20de%20Datos/11-%20AYSÉN/11-18.JPG</SimpleData>
		<SimpleData name="MXLOCATION">11203-16</SimpleData>
		<SimpleData name="MXSITEID">DOP</SimpleData>
		<SimpleData name="COD_REG">0</SimpleData>
	</SchemaData></ExtendedData>
      <Point><coordinates>-73.747864056,-43.8981686719999</coordinates></Point>
  </Placemark>
  <Placemark id="infraestructura_portuaria.224">
	<ExtendedData><SchemaData schemaUrl="#infraestructura_portuaria">
		<SimpleData name="OBJECTID_1">224</SimpleData>
		<SimpleData name="OBJECTID">2920</SimpleData>
		<SimpleData name="CODOBRA">11-05</SimpleData>
		<SimpleData name="TIPOOBRA">2</SimpleData>
		<SimpleData name="DESCOBRA">MUELLE ARTESANAL PUERTO AGUIRRE</SimpleData>
		<SimpleData name="CODCOMUNA">AISEN</SimpleData>
		<SimpleData name="LONMUROS">168</SimpleData>
		<SimpleData name="LONESCOLLE">120</SimpleData>
		<SimpleData name="LONMUELLE">188</SimpleData>
		<SimpleData name="LONRAMPCO">0</SimpleData>
		<SimpleData name="LONRAMPA">0</SimpleData>
		<SimpleData name="LONRAMPAVA">0</SimpleData>
		<SimpleData name="LONPONTON">0</SimpleData>
		<SimpleData name="LONCAMIAC">0</SimpleData>
		<SimpleData name="AREAEXPLAN">2000</SimpleData>
		<SimpleData name="BOXUNI">2</SimpleData>
		<SimpleData name="BANO_UNI">0</SimpleData>
		<SimpleData name="TIPOGEOM">1</SimpleData>
		<SimpleData name="GLOBALID">{BC2A713E-4AD2-4AB2-AA74-01517A357152}</SimpleData>
		<SimpleData name="SALAREUNI">0</SimpleData>
		<SimpleData name="PLAYAARTIF">0</SimpleData>
		<SimpleData name="PASEOCOSTE">0</SimpleData>
		<SimpleData name="ESTADOGRAL">BUENO</SimpleData>
		<SimpleData name="GRUAOPESC">0</SimpleData>
		<SimpleData name="LONSALAADM">0</SimpleData>
		<SimpleData name="LONSALVENT">0</SimpleData>
		<SimpleData name="SALAPROC">0</SimpleData>
		<SimpleData name="AREABODEGA">0</SimpleData>
		<SimpleData name="AREACAFRI">0</SimpleData>
		<SimpleData name="AREAREFUG">0</SimpleData>
		<SimpleData name="AREAGALPON">0</SimpleData>
		<SimpleData name="PROGRAMA">PESCA ARTESANAL</SimpleData>
		<SimpleData name="IMAGEN">http://colabora.mop.gov.cl/sites/dop/dptopl/dp/Documentos%20compartidos/Imágenes%20para%20el%20Modelo%20de%20Datos/11-%20AYSÉN/11-05.JPG</SimpleData>
		<SimpleData name="MXLOCATION">11201-04</SimpleData>
		<SimpleData name="MXSITEID">DOP</SimpleData>
		<SimpleData name="COD_REG">0</SimpleData>
	</SchemaData></ExtendedData>
      <Point><coordinates>-73.523982802,-45.1648781869999</coordinates></Point>
  </Placemark>
  <Placemark id="infraestructura_portuaria.225">
	<ExtendedData><SchemaData schemaUrl="#infraestructura_portuaria">
		<SimpleData name="OBJECTID_1">225</SimpleData>
		<SimpleData name="OBJECTID">2921</SimpleData>
		<SimpleData name="CODOBRA">01-10</SimpleData>
		<SimpleData name="TIPOOBRA">2</SimpleData>
		<SimpleData name="DESCOBRA">CALETA PESQUERA CHIPANA</SimpleData>
		<SimpleData name="CODCOMUNA">IQUIQUE</SimpleData>
		<SimpleData name="LONMUROS">0</SimpleData>
		<SimpleData name="LONESCOLLE">65</SimpleData>
		<SimpleData name="LONMUELLE">40</SimpleData>
		<SimpleData name="LONRAMPCO">0</SimpleData>
		<SimpleData name="LONRAMPA">0</SimpleData>
		<SimpleData name="LONRAMPAVA">15</SimpleData>
		<SimpleData name="LONPONTON">0</SimpleData>
		<SimpleData name="LONCAMIAC">0</SimpleData>
		<SimpleData name="AREAEXPLAN">788</SimpleData>
		<SimpleData name="BOXUNI">19</SimpleData>
		<SimpleData name="BANO_UNI">1</SimpleData>
		<SimpleData name="TIPOGEOM">1</SimpleData>
		<SimpleData name="GLOBALID">{6AA2F6FE-8BC4-4006-BC0B-7E9BE3B46458}</SimpleData>
		<SimpleData name="SALAREUNI">0</SimpleData>
		<SimpleData name="PLAYAARTIF">0</SimpleData>
		<SimpleData name="PASEOCOSTE">0</SimpleData>
		<SimpleData name="ESTADOGRAL">BUENO</SimpleData>
		<SimpleData name="GRUAOPESC">0</SimpleData>
		<SimpleData name="LONSALAADM">1</SimpleData>
		<SimpleData name="LONSALVENT">0</SimpleData>
		<SimpleData name="SALAPROC">0</SimpleData>
		<SimpleData name="AREABODEGA">0</SimpleData>
		<SimpleData name="AREACAFRI">0</SimpleData>
		<SimpleData name="AREAREFUG">0</SimpleData>
		<SimpleData name="AREAGALPON">0</SimpleData>
		<SimpleData name="PROGRAMA">PESCA ARTESANAL</SimpleData>
		<SimpleData name="IMAGEN">http://colabora.mop.gov.cl/sites/dop/dptopl/dp/Documentos%20compartidos/Imágenes%20para%20el%20Modelo%20de%20Datos/1-%20TARAPACÁ/1-10.jpg</SimpleData>
		<SimpleData name="MXLOCATION">01101-09</SimpleData>
		<SimpleData name="MXSITEID">DOP</SimpleData>
		<SimpleData name="COD_REG">0</SimpleData>
	</SchemaData></ExtendedData>
      <Point><coordinates>-70.094373505,-21.3384389459999</coordinates></Point>
  </Placemark>
  <Placemark id="infraestructura_portuaria.226">
	<ExtendedData><SchemaData schemaUrl="#infraestructura_portuaria">
		<SimpleData name="OBJECTID_1">226</SimpleData>
		<SimpleData name="OBJECTID">2922</SimpleData>
		<SimpleData name="CODOBRA">01-09</SimpleData>
		<SimpleData name="TIPOOBRA">2</SimpleData>
		<SimpleData name="DESCOBRA">CALETA PESQUERA  SAN MARCOS</SimpleData>
		<SimpleData name="CODCOMUNA">IQUIQUE</SimpleData>
		<SimpleData name="LONMUROS">42</SimpleData>
		<SimpleData name="LONESCOLLE">44</SimpleData>
		<SimpleData name="LONMUELLE">20</SimpleData>
		<SimpleData name="LONRAMPCO">0</SimpleData>
		<SimpleData name="LONRAMPA">0</SimpleData>
		<SimpleData name="LONRAMPAVA">0</SimpleData>
		<SimpleData name="LONPONTON">0</SimpleData>
		<SimpleData name="LONCAMIAC">0</SimpleData>
		<SimpleData name="AREAEXPLAN">1163</SimpleData>
		<SimpleData name="BOXUNI">25</SimpleData>
		<SimpleData name="BANO_UNI">1</SimpleData>
		<SimpleData name="TIPOGEOM">1</SimpleData>
		<SimpleData name="GLOBALID">{3FA532F8-83CF-4F55-A6E8-83ADD609705B}</SimpleData>
		<SimpleData name="SALAREUNI">0</SimpleData>
		<SimpleData name="PLAYAARTIF">0</SimpleData>
		<SimpleData name="PASEOCOSTE">0</SimpleData>
		<SimpleData name="ESTADOGRAL">BUENO</SimpleData>
		<SimpleData name="GRUAOPESC">0</SimpleData>
		<SimpleData name="LONSALAADM">0</SimpleData>
		<SimpleData name="LONSALVENT">0</SimpleData>
		<SimpleData name="SALAPROC">1</SimpleData>
		<SimpleData name="AREABODEGA">0</SimpleData>
		<SimpleData name="AREACAFRI">0</SimpleData>
		<SimpleData name="AREAREFUG">0</SimpleData>
		<SimpleData name="AREAGALPON">0</SimpleData>
		<SimpleData name="PROGRAMA">PESCA ARTESANAL</SimpleData>
		<SimpleData name="IMAGEN">http://colabora.mop.gov.cl/sites/dop/dptopl/dp/Documentos%20compartidos/Imágenes%20para%20el%20Modelo%20de%20Datos/1-%20TARAPACÁ/1-09.jpg</SimpleData>
		<SimpleData name="MXLOCATION">01101-08</SimpleData>
		<SimpleData name="MXSITEID">DOP</SimpleData>
		<SimpleData name="COD_REG">0</SimpleData>
	</SchemaData></ExtendedData>
      <Point><coordinates>-70.123814888,-21.1146721449999</coordinates></Point>
  </Placemark>
  <Placemark id="infraestructura_portuaria.227">
	<ExtendedData><SchemaData schemaUrl="#infraestructura_portuaria">
		<SimpleData name="OBJECTID_1">227</SimpleData>
		<SimpleData name="OBJECTID">2923</SimpleData>
		<SimpleData name="CODOBRA">01-08</SimpleData>
		<SimpleData name="TIPOOBRA">2</SimpleData>
		<SimpleData name="DESCOBRA">CALETA PESQUERA RIO SECO</SimpleData>
		<SimpleData name="CODCOMUNA">IQUIQUE</SimpleData>
		<SimpleData name="LONMUROS">86</SimpleData>
		<SimpleData name="LONESCOLLE">0</SimpleData>
		<SimpleData name="LONMUELLE">65</SimpleData>
		<SimpleData name="LONRAMPCO">0</SimpleData>
		<SimpleData name="LONRAMPA">0</SimpleData>
		<SimpleData name="LONRAMPAVA">25</SimpleData>
		<SimpleData name="LONPONTON">0</SimpleData>
		<SimpleData name="LONCAMIAC">0</SimpleData>
		<SimpleData name="AREAEXPLAN">708</SimpleData>
		<SimpleData name="BOXUNI">5</SimpleData>
		<SimpleData name="BANO_UNI">2</SimpleData>
		<SimpleData name="TIPOGEOM">1</SimpleData>
		<SimpleData name="GLOBALID">{141266DF-9443-44AF-BF1B-A3942A405066}</SimpleData>
		<SimpleData name="SALAREUNI">0</SimpleData>
		<SimpleData name="PLAYAARTIF">0</SimpleData>
		<SimpleData name="PASEOCOSTE">0</SimpleData>
		<SimpleData name="ESTADOGRAL">BUENO</SimpleData>
		<SimpleData name="GRUAOPESC">0</SimpleData>
		<SimpleData name="LONSALAADM">0</SimpleData>
		<SimpleData name="LONSALVENT">0</SimpleData>
		<SimpleData name="SALAPROC">0</SimpleData>
		<SimpleData name="AREABODEGA">0</SimpleData>
		<SimpleData name="AREACAFRI">0</SimpleData>
		<SimpleData name="AREAREFUG">0</SimpleData>
		<SimpleData name="AREAGALPON">0</SimpleData>
		<SimpleData name="PROGRAMA">PESCA ARTESANAL</SimpleData>
		<SimpleData name="IMAGEN">http://colabora.mop.gov.cl/sites/dop/dptopl/dp/Documentos%20compartidos/Imágenes%20para%20el%20Modelo%20de%20Datos/1-%20TARAPACÁ/1-08.jpg</SimpleData>
		<SimpleData name="MXLOCATION">01101-07</SimpleData>
		<SimpleData name="MXSITEID">DOP</SimpleData>
		<SimpleData name="COD_REG">0</SimpleData>
	</SchemaData></ExtendedData>
      <Point><coordinates>-70.1637478059999,-20.997897495</coordinates></Point>
  </Placemark>
  <Placemark id="infraestructura_portuaria.228">
	<ExtendedData><SchemaData schemaUrl="#infraestructura_portuaria">
		<SimpleData name="OBJECTID_1">228</SimpleData>
		<SimpleData name="OBJECTID">2924</SimpleData>
		<SimpleData name="CODOBRA">01-07</SimpleData>
		<SimpleData name="TIPOOBRA">2</SimpleData>
		<SimpleData name="DESCOBRA">CALETA PESQUERA CHANAVAYA</SimpleData>
		<SimpleData name="CODCOMUNA">IQUIQUE</SimpleData>
		<SimpleData name="LONMUROS">64</SimpleData>
		<SimpleData name="LONESCOLLE">116</SimpleData>
		<SimpleData name="LONMUELLE">64</SimpleData>
		<SimpleData name="LONRAMPCO">0</SimpleData>
		<SimpleData name="LONRAMPA">0</SimpleData>
		<SimpleData name="LONRAMPAVA">0</SimpleData>
		<SimpleData name="LONPONTON">0</SimpleData>
		<SimpleData name="LONCAMIAC">0</SimpleData>
		<SimpleData name="AREAEXPLAN">695</SimpleData>
		<SimpleData name="BOXUNI">9</SimpleData>
		<SimpleData name="BANO_UNI">2</SimpleData>
		<SimpleData name="TIPOGEOM">1</SimpleData>
		<SimpleData name="GLOBALID">{6D016FA0-2155-441E-ADD5-C63F335DDBDF}</SimpleData>
		<SimpleData name="SALAREUNI">0</SimpleData>
		<SimpleData name="PLAYAARTIF">0</SimpleData>
		<SimpleData name="PASEOCOSTE">0</SimpleData>
		<SimpleData name="ESTADOGRAL">BUENO</SimpleData>
		<SimpleData name="GRUAOPESC">0</SimpleData>
		<SimpleData name="LONSALAADM">0</SimpleData>
		<SimpleData name="LONSALVENT">0</SimpleData>
		<SimpleData name="SALAPROC">0</SimpleData>
		<SimpleData name="AREABODEGA">0</SimpleData>
		<SimpleData name="AREACAFRI">0</SimpleData>
		<SimpleData name="AREAREFUG">0</SimpleData>
		<SimpleData name="AREAGALPON">0</SimpleData>
		<SimpleData name="PROGRAMA">PESCA ARTESANAL</SimpleData>
		<SimpleData name="IMAGEN">http://colabora.mop.gov.cl/sites/dop/dptopl/dp/Documentos%20compartidos/Imágenes%20para%20el%20Modelo%20de%20Datos/1-%20TARAPACÁ/1-07.jpg</SimpleData>
		<SimpleData name="MXLOCATION">01101-06</SimpleData>
		<SimpleData name="MXSITEID">DOP</SimpleData>
		<SimpleData name="COD_REG">0</SimpleData>
	</SchemaData></ExtendedData>
      <Point><coordinates>-70.1392326179999,-20.8974853309999</coordinates></Point>
  </Placemark>
  <Placemark id="infraestructura_portuaria.229">
	<ExtendedData><SchemaData schemaUrl="#infraestructura_portuaria">
		<SimpleData name="OBJECTID_1">229</SimpleData>
		<SimpleData name="OBJECTID">2925</SimpleData>
		<SimpleData name="CODOBRA">01-06</SimpleData>
		<SimpleData name="TIPOOBRA">2</SimpleData>
		<SimpleData name="DESCOBRA">CALETA PESQUERA CHANAVAYITA</SimpleData>
		<SimpleData name="CODCOMUNA">IQUIQUE</SimpleData>
		<SimpleData name="LONMUROS">122</SimpleData>
		<SimpleData name="LONESCOLLE">0</SimpleData>
		<SimpleData name="LONMUELLE">60</SimpleData>
		<SimpleData name="LONRAMPCO">0</SimpleData>
		<SimpleData name="LONRAMPA">0</SimpleData>
		<SimpleData name="LONRAMPAVA">36</SimpleData>
		<SimpleData name="LONPONTON">0</SimpleData>
		<SimpleData name="LONCAMIAC">0</SimpleData>
		<SimpleData name="AREAEXPLAN">713</SimpleData>
		<SimpleData name="BOXUNI">25</SimpleData>
		<SimpleData name="BANO_UNI">2</SimpleData>
		<SimpleData name="TIPOGEOM">1</SimpleData>
		<SimpleData name="GLOBALID">{260BC542-1EE8-4232-9B42-6765DCD1A6B7}</SimpleData>
		<SimpleData name="SALAREUNI">1</SimpleData>
		<SimpleData name="PLAYAARTIF">0</SimpleData>
		<SimpleData name="PASEOCOSTE">0</SimpleData>
		<SimpleData name="ESTADOGRAL">BUENO</SimpleData>
		<SimpleData name="GRUAOPESC">0</SimpleData>
		<SimpleData name="LONSALAADM">1</SimpleData>
		<SimpleData name="LONSALVENT">0</SimpleData>
		<SimpleData name="SALAPROC">0</SimpleData>
		<SimpleData name="AREABODEGA">0</SimpleData>
		<SimpleData name="AREACAFRI">0</SimpleData>
		<SimpleData name="AREAREFUG">0</SimpleData>
		<SimpleData name="AREAGALPON">0</SimpleData>
		<SimpleData name="PROGRAMA">PESCA ARTESANAL</SimpleData>
		<SimpleData name="IMAGEN">http://colabora.mop.gov.cl/sites/dop/dptopl/dp/Documentos%20compartidos/Imágenes%20para%20el%20Modelo%20de%20Datos/1-%20TARAPACÁ/1-06.jpg</SimpleData>
		<SimpleData name="MXLOCATION">01101-05</SimpleData>
		<SimpleData name="MXSITEID">DOP</SimpleData>
		<SimpleData name="COD_REG">0</SimpleData>
	</SchemaData></ExtendedData>
      <Point><coordinates>-70.188633995,-20.70287454</coordinates></Point>
  </Placemark>
  <Placemark id="infraestructura_portuaria.230">
	<ExtendedData><SchemaData schemaUrl="#infraestructura_portuaria">
		<SimpleData name="OBJECTID_1">230</SimpleData>
		<SimpleData name="OBJECTID">2926</SimpleData>
		<SimpleData name="CODOBRA">01-05</SimpleData>
		<SimpleData name="TIPOOBRA">2</SimpleData>
		<SimpleData name="DESCOBRA">CALETA PESQUERA LOS VERDES</SimpleData>
		<SimpleData name="CODCOMUNA">IQUIQUE</SimpleData>
		<SimpleData name="LONMUROS">133</SimpleData>
		<SimpleData name="LONESCOLLE">0</SimpleData>
		<SimpleData name="LONMUELLE">0</SimpleData>
		<SimpleData name="LONRAMPCO">0</SimpleData>
		<SimpleData name="LONRAMPA">0</SimpleData>
		<SimpleData name="LONRAMPAVA">52</SimpleData>
		<SimpleData name="LONPONTON">0</SimpleData>
		<SimpleData name="LONCAMIAC">0</SimpleData>
		<SimpleData name="AREAEXPLAN">815</SimpleData>
		<SimpleData name="BOXUNI">0</SimpleData>
		<SimpleData name="BANO_UNI">0</SimpleData>
		<SimpleData name="TIPOGEOM">1</SimpleData>
		<SimpleData name="GLOBALID">{908604B9-B4BA-4977-8D62-EF6536E8ED6A}</SimpleData>
		<SimpleData name="SALAREUNI">0</SimpleData>
		<SimpleData name="PLAYAARTIF">0</SimpleData>
		<SimpleData name="PASEOCOSTE">0</SimpleData>
		<SimpleData name="ESTADOGRAL">REGULAR</SimpleData>
		<SimpleData name="GRUAOPESC">0</SimpleData>
		<SimpleData name="LONSALAADM">0</SimpleData>
		<SimpleData name="LONSALVENT">0</SimpleData>
		<SimpleData name="SALAPROC">0</SimpleData>
		<SimpleData name="AREABODEGA">0</SimpleData>
		<SimpleData name="AREACAFRI">0</SimpleData>
		<SimpleData name="AREAREFUG">0</SimpleData>
		<SimpleData name="AREAGALPON">0</SimpleData>
		<SimpleData name="PROGRAMA">PESCA ARTESANAL</SimpleData>
		<SimpleData name="IMAGEN">http://colabora.mop.gov.cl/sites/dop/dptopl/dp/Documentos%20compartidos/Imágenes%20para%20el%20Modelo%20de%20Datos/1-%20TARAPACÁ/1-05.jpg</SimpleData>
		<SimpleData name="MXLOCATION">01101-04</SimpleData>
		<SimpleData name="MXSITEID">DOP</SimpleData>
		<SimpleData name="COD_REG">0</SimpleData>
	</SchemaData></ExtendedData>
      <Point><coordinates>-70.164883903,-20.4229997649999</coordinates></Point>
  </Placemark>
  <Placemark id="infraestructura_portuaria.231">
	<ExtendedData><SchemaData schemaUrl="#infraestructura_portuaria">
		<SimpleData name="OBJECTID_1">231</SimpleData>
		<SimpleData name="OBJECTID">3846</SimpleData>
		<SimpleData name="CODOBRA">05-29</SimpleData>
		<SimpleData name="TIPOOBRA">6</SimpleData>
		<SimpleData name="DESCOBRA">MUELLE BAHÍA CUMBERLAND</SimpleData>
		<SimpleData name="CODCOMUNA">JUAN FERNANDEZ</SimpleData>
		<SimpleData name="LONMUROS">0</SimpleData>
		<SimpleData name="LONESCOLLE">0</SimpleData>
		<SimpleData name="LONMUELLE">0</SimpleData>
		<SimpleData name="LONRAMPCO">0</SimpleData>
		<SimpleData name="LONRAMPA">0</SimpleData>
		<SimpleData name="LONRAMPAVA">0</SimpleData>
		<SimpleData name="LONPONTON">0</SimpleData>
		<SimpleData name="LONCAMIAC">0</SimpleData>
		<SimpleData name="AREAEXPLAN">0</SimpleData>
		<SimpleData name="BOXUNI">0</SimpleData>
		<SimpleData name="BANO_UNI">0</SimpleData>
		<SimpleData name="TIPOGEOM">1</SimpleData>
		<SimpleData name="GLOBALID">{341B6002-B4B9-4BA3-821A-8218DE976449}</SimpleData>
		<SimpleData name="SALAREUNI">0</SimpleData>
		<SimpleData name="PLAYAARTIF">0</SimpleData>
		<SimpleData name="PASEOCOSTE">0</SimpleData>
		<SimpleData name="GRUAOPESC">0</SimpleData>
		<SimpleData name="LONSALAADM">0</SimpleData>
		<SimpleData name="LONSALVENT">0</SimpleData>
		<SimpleData name="SALAPROC">0</SimpleData>
		<SimpleData name="AREABODEGA">0</SimpleData>
		<SimpleData name="AREACAFRI">0</SimpleData>
		<SimpleData name="AREAREFUG">0</SimpleData>
		<SimpleData name="AREAGALPON">0</SimpleData>
		<SimpleData name="PROGRAMA">CONEXIÓN</SimpleData>
		<SimpleData name="IMAGEN">http://colabora.mop.gov.cl/sites/dop/dptopl/dp/Documentos%20compartidos/Imágenes%20para%20el%20Modelo%20de%20Datos/5-%20VALPARAÍSO/05-29.JPG</SimpleData>
		<SimpleData name="MXSITEID">DOP</SimpleData>
		<SimpleData name="COD_REG">0</SimpleData>
	</SchemaData></ExtendedData>
      <Point><coordinates>-78.829635192,-33.6360357959999</coordinates></Point>
  </Placemark>
  <Placemark id="infraestructura_portuaria.232">
	<ExtendedData><SchemaData schemaUrl="#infraestructura_portuaria">
		<SimpleData name="OBJECTID_1">232</SimpleData>
		<SimpleData name="OBJECTID">3847</SimpleData>
		<SimpleData name="CODOBRA">05-30</SimpleData>
		<SimpleData name="TIPOOBRA">2</SimpleData>
		<SimpleData name="DESCOBRA">CALETA PESQUERA BAHIA CUMBERLAND</SimpleData>
		<SimpleData name="CODCOMUNA">JUAN FERNANDEZ</SimpleData>
		<SimpleData name="LONMUROS">0</SimpleData>
		<SimpleData name="LONESCOLLE">0</SimpleData>
		<SimpleData name="LONMUELLE">0</SimpleData>
		<SimpleData name="LONRAMPCO">0</SimpleData>
		<SimpleData name="LONRAMPA">0</SimpleData>
		<SimpleData name="LONRAMPAVA">0</SimpleData>
		<SimpleData name="LONPONTON">0</SimpleData>
		<SimpleData name="LONCAMIAC">0</SimpleData>
		<SimpleData name="AREAEXPLAN">0</SimpleData>
		<SimpleData name="BOXUNI">0</SimpleData>
		<SimpleData name="BANO_UNI">0</SimpleData>
		<SimpleData name="TIPOGEOM">1</SimpleData>
		<SimpleData name="GLOBALID">{9630DC23-65AF-4553-AEB9-096F6438A4E4}</SimpleData>
		<SimpleData name="SALAREUNI">0</SimpleData>
		<SimpleData name="PLAYAARTIF">0</SimpleData>
		<SimpleData name="PASEOCOSTE">0</SimpleData>
		<SimpleData name="GRUAOPESC">0</SimpleData>
		<SimpleData name="LONSALAADM">0</SimpleData>
		<SimpleData name="LONSALVENT">0</SimpleData>
		<SimpleData name="SALAPROC">0</SimpleData>
		<SimpleData name="AREABODEGA">0</SimpleData>
		<SimpleData name="AREACAFRI">0</SimpleData>
		<SimpleData name="AREAREFUG">0</SimpleData>
		<SimpleData name="AREAGALPON">0</SimpleData>
		<SimpleData name="PROGRAMA">PESCA ARTESANAL</SimpleData>
		<SimpleData name="IMAGEN">http://colabora.mop.gov.cl/sites/dop/dptopl/dp/Documentos%20compartidos/Imágenes%20para%20el%20Modelo%20de%20Datos/5-%20VALPARAÍSO/05-30.JPG</SimpleData>
		<SimpleData name="MXSITEID">DOP</SimpleData>
		<SimpleData name="COD_REG">0</SimpleData>
	</SchemaData></ExtendedData>
      <Point><coordinates>-78.830633228,-33.635785063</coordinates></Point>
  </Placemark>
  <Placemark id="infraestructura_portuaria.233">
	<ExtendedData><SchemaData schemaUrl="#infraestructura_portuaria">
		<SimpleData name="OBJECTID_1">233</SimpleData>
		<SimpleData name="OBJECTID">3848</SimpleData>
		<SimpleData name="CODOBRA">05-31</SimpleData>
		<SimpleData name="TIPOOBRA">10</SimpleData>
		<SimpleData name="DESCOBRA">RAMPA BAHIA CUMBERLAND</SimpleData>
		<SimpleData name="CODCOMUNA">JUAN FERNANDEZ</SimpleData>
		<SimpleData name="LONMUROS">0</SimpleData>
		<SimpleData name="LONESCOLLE">0</SimpleData>
		<SimpleData name="LONMUELLE">0</SimpleData>
		<SimpleData name="LONRAMPCO">0</SimpleData>
		<SimpleData name="LONRAMPA">0</SimpleData>
		<SimpleData name="LONRAMPAVA">0</SimpleData>
		<SimpleData name="LONPONTON">0</SimpleData>
		<SimpleData name="LONCAMIAC">0</SimpleData>
		<SimpleData name="AREAEXPLAN">0</SimpleData>
		<SimpleData name="BOXUNI">0</SimpleData>
		<SimpleData name="BANO_UNI">0</SimpleData>
		<SimpleData name="TIPOGEOM">1</SimpleData>
		<SimpleData name="GLOBALID">{5FBBE4BA-E4C9-4EA2-88FB-E5ACA9CC3FA2}</SimpleData>
		<SimpleData name="SALAREUNI">0</SimpleData>
		<SimpleData name="PLAYAARTIF">0</SimpleData>
		<SimpleData name="PASEOCOSTE">0</SimpleData>
		<SimpleData name="GRUAOPESC">0</SimpleData>
		<SimpleData name="LONSALAADM">0</SimpleData>
		<SimpleData name="LONSALVENT">0</SimpleData>
		<SimpleData name="SALAPROC">0</SimpleData>
		<SimpleData name="AREABODEGA">0</SimpleData>
		<SimpleData name="AREACAFRI">0</SimpleData>
		<SimpleData name="AREAREFUG">0</SimpleData>
		<SimpleData name="AREAGALPON">0</SimpleData>
		<SimpleData name="PROGRAMA">CONEXIÓN</SimpleData>
		<SimpleData name="IMAGEN">http://colabora.mop.gov.cl/sites/dop/dptopl/dp/Documentos%20compartidos/Imágenes%20para%20el%20Modelo%20de%20Datos/5-%20VALPARAÍSO/05-31.JPG</SimpleData>
		<SimpleData name="MXSITEID">DOP</SimpleData>
		<SimpleData name="COD_REG">0</SimpleData>
	</SchemaData></ExtendedData>
      <Point><coordinates>-78.831111834,-33.6373331039999</coordinates></Point>
  </Placemark>
  <Placemark id="infraestructura_portuaria.234">
	<ExtendedData><SchemaData schemaUrl="#infraestructura_portuaria">
		<SimpleData name="OBJECTID_1">234</SimpleData>
		<SimpleData name="OBJECTID">3849</SimpleData>
		<SimpleData name="CODOBRA">05-32</SimpleData>
		<SimpleData name="TIPOOBRA">6</SimpleData>
		<SimpleData name="DESCOBRA">MUELLE BAHIA EL PADRE</SimpleData>
		<SimpleData name="CODCOMUNA">JUAN FERNANDEZ</SimpleData>
		<SimpleData name="LONMUROS">0</SimpleData>
		<SimpleData name="LONESCOLLE">0</SimpleData>
		<SimpleData name="LONMUELLE">0</SimpleData>
		<SimpleData name="LONRAMPCO">0</SimpleData>
		<SimpleData name="LONRAMPA">0</SimpleData>
		<SimpleData name="LONRAMPAVA">0</SimpleData>
		<SimpleData name="LONPONTON">0</SimpleData>
		<SimpleData name="LONCAMIAC">0</SimpleData>
		<SimpleData name="AREAEXPLAN">0</SimpleData>
		<SimpleData name="BOXUNI">0</SimpleData>
		<SimpleData name="BANO_UNI">0</SimpleData>
		<SimpleData name="TIPOGEOM">1</SimpleData>
		<SimpleData name="GLOBALID">{8FCEEE67-6FEC-4F3E-8A2E-072F108D81AD}</SimpleData>
		<SimpleData name="SALAREUNI">0</SimpleData>
		<SimpleData name="PLAYAARTIF">0</SimpleData>
		<SimpleData name="PASEOCOSTE">0</SimpleData>
		<SimpleData name="GRUAOPESC">0</SimpleData>
		<SimpleData name="LONSALAADM">0</SimpleData>
		<SimpleData name="LONSALVENT">0</SimpleData>
		<SimpleData name="SALAPROC">0</SimpleData>
		<SimpleData name="AREABODEGA">0</SimpleData>
		<SimpleData name="AREACAFRI">0</SimpleData>
		<SimpleData name="AREAREFUG">0</SimpleData>
		<SimpleData name="AREAGALPON">0</SimpleData>
		<SimpleData name="PROGRAMA">CONEXIÓN</SimpleData>
		<SimpleData name="IMAGEN">http://colabora.mop.gov.cl/sites/dop/dptopl/dp/Documentos%20compartidos/Imágenes%20para%20el%20Modelo%20de%20Datos/5-%20VALPARAÍSO/05-32.JPG</SimpleData>
		<SimpleData name="MXSITEID">DOP</SimpleData>
		<SimpleData name="COD_REG">0</SimpleData>
	</SchemaData></ExtendedData>
      <Point><coordinates>-78.936291688,-33.669797374</coordinates></Point>
  </Placemark>
  <Placemark id="infraestructura_portuaria.235">
	<ExtendedData><SchemaData schemaUrl="#infraestructura_portuaria">
		<SimpleData name="OBJECTID_1">235</SimpleData>
		<SimpleData name="OBJECTID">4166</SimpleData>
		<SimpleData name="TIPOOBRA">9</SimpleData>
		<SimpleData name="DESCOBRA">BC PLAYA EL CABLE-BALNEARIO ANTOFAGASTA</SimpleData>
		<SimpleData name="CODCOMUNA">ANTOFAGASTA</SimpleData>
		<SimpleData name="LONMUROS">0</SimpleData>
		<SimpleData name="LONESCOLLE">0</SimpleData>
		<SimpleData name="LONMUELLE">0</SimpleData>
		<SimpleData name="LONRAMPCO">0</SimpleData>
		<SimpleData name="LONRAMPA">0</SimpleData>
		<SimpleData name="LONRAMPAVA">0</SimpleData>
		<SimpleData name="LONPONTON">0</SimpleData>
		<SimpleData name="LONCAMIAC">0</SimpleData>
		<SimpleData name="AREAEXPLAN">0</SimpleData>
		<SimpleData name="BOXUNI">0</SimpleData>
		<SimpleData name="BANO_UNI">0</SimpleData>
		<SimpleData name="TIPOGEOM">1</SimpleData>
		<SimpleData name="GLOBALID">{0F264811-DB35-404D-8E16-6A27823BA0DA}</SimpleData>
		<SimpleData name="SALAREUNI">0</SimpleData>
		<SimpleData name="PLAYAARTIF">0</SimpleData>
		<SimpleData name="PASEOCOSTE">0</SimpleData>
		<SimpleData name="ESTADOGRAL">MUY BUENO</SimpleData>
		<SimpleData name="GRUAOPESC">0</SimpleData>
		<SimpleData name="LONSALAADM">0</SimpleData>
		<SimpleData name="LONSALVENT">0</SimpleData>
		<SimpleData name="SALAPROC">0</SimpleData>
		<SimpleData name="AREABODEGA">0</SimpleData>
		<SimpleData name="AREACAFRI">0</SimpleData>
		<SimpleData name="AREAREFUG">0</SimpleData>
		<SimpleData name="AREAGALPON">0</SimpleData>
		<SimpleData name="PROGRAMA">MEJORAMIENTO DE BORDE COSTERO</SimpleData>
		<SimpleData name="MXSITEID">DOP</SimpleData>
		<SimpleData name="COD_REG">0</SimpleData>
	</SchemaData></ExtendedData>
      <Point><coordinates>-70.4059807949999,-23.6667575499999</coordinates></Point>
  </Placemark>
  <Placemark id="infraestructura_portuaria.236">
	<ExtendedData><SchemaData schemaUrl="#infraestructura_portuaria">
		<SimpleData name="OBJECTID_1">236</SimpleData>
		<SimpleData name="OBJECTID">4167</SimpleData>
		<SimpleData name="TIPOOBRA">13</SimpleData>
		<SimpleData name="DESCOBRA">MURO NORTE Y SUR EN PUERTO SAAVEDRA</SimpleData>
		<SimpleData name="CODCOMUNA">SAAVEDRA</SimpleData>
		<SimpleData name="LONMUROS">0</SimpleData>
		<SimpleData name="LONESCOLLE">0</SimpleData>
		<SimpleData name="LONMUELLE">0</SimpleData>
		<SimpleData name="LONRAMPCO">0</SimpleData>
		<SimpleData name="LONRAMPA">0</SimpleData>
		<SimpleData name="LONRAMPAVA">0</SimpleData>
		<SimpleData name="LONPONTON">0</SimpleData>
		<SimpleData name="LONCAMIAC">0</SimpleData>
		<SimpleData name="AREAEXPLAN">0</SimpleData>
		<SimpleData name="BOXUNI">0</SimpleData>
		<SimpleData name="BANO_UNI">0</SimpleData>
		<SimpleData name="TIPOGEOM">2</SimpleData>
		<SimpleData name="GLOBALID">{CC006838-32F7-4A95-B81E-36F20C9A83CB}</SimpleData>
		<SimpleData name="SALAREUNI">0</SimpleData>
		<SimpleData name="PLAYAARTIF">0</SimpleData>
		<SimpleData name="PASEOCOSTE">0</SimpleData>
		<SimpleData name="ESTADOGRAL">MUY BUENO</SimpleData>
		<SimpleData name="GRUAOPESC">0</SimpleData>
		<SimpleData name="LONSALAADM">0</SimpleData>
		<SimpleData name="LONSALVENT">0</SimpleData>
		<SimpleData name="SALAPROC">0</SimpleData>
		<SimpleData name="AREABODEGA">0</SimpleData>
		<SimpleData name="AREACAFRI">0</SimpleData>
		<SimpleData name="AREAREFUG">0</SimpleData>
		<SimpleData name="AREAGALPON">0</SimpleData>
		<SimpleData name="PROGRAMA">PROTECCION DE RIBERA</SimpleData>
		<SimpleData name="MXSITEID">DOP</SimpleData>
		<SimpleData name="COD_REG">0</SimpleData>
	</SchemaData></ExtendedData>
      <Point><coordinates>-73.4050589779999,-38.7840170609999</coordinates></Point>
  </Placemark>
  <Placemark id="infraestructura_portuaria.237">
	<ExtendedData><SchemaData schemaUrl="#infraestructura_portuaria">
		<SimpleData name="OBJECTID_1">237</SimpleData>
		<SimpleData name="OBJECTID">2601</SimpleData>
		<SimpleData name="CODOBRA">10-093</SimpleData>
		<SimpleData name="TIPOOBRA">10</SimpleData>
		<SimpleData name="DESCOBRA">RAMPA AUCHAC</SimpleData>
		<SimpleData name="CODCOMUNA">QUEILÉN</SimpleData>
		<SimpleData name="LONMUROS">50</SimpleData>
		<SimpleData name="LONESCOLLE">0</SimpleData>
		<SimpleData name="LONMUELLE">0</SimpleData>
		<SimpleData name="LONRAMPCO">0</SimpleData>
		<SimpleData name="LONRAMPA">68</SimpleData>
		<SimpleData name="LONRAMPAVA">0</SimpleData>
		<SimpleData name="LONPONTON">0</SimpleData>
		<SimpleData name="LONCAMIAC">0</SimpleData>
		<SimpleData name="AREAEXPLAN">0</SimpleData>
		<SimpleData name="BOXUNI">0</SimpleData>
		<SimpleData name="BANO_UNI">0</SimpleData>
		<SimpleData name="TIPOGEOM">1</SimpleData>
		<SimpleData name="GLOBALID">{01D8437A-D5DB-4F52-BAFB-DBA5E97D6346}</SimpleData>
		<SimpleData name="SALAREUNI">0</SimpleData>
		<SimpleData name="PLAYAARTIF">0</SimpleData>
		<SimpleData name="PASEOCOSTE">0</SimpleData>
		<SimpleData name="ESTADOGRAL">BUENO</SimpleData>
		<SimpleData name="GRUAOPESC">0</SimpleData>
		<SimpleData name="LONSALAADM">1</SimpleData>
		<SimpleData name="LONSALVENT">0</SimpleData>
		<SimpleData name="SALAPROC">0</SimpleData>
		<SimpleData name="AREABODEGA">0</SimpleData>
		<SimpleData name="AREACAFRI">0</SimpleData>
		<SimpleData name="AREAREFUG">1</SimpleData>
		<SimpleData name="AREAGALPON">0</SimpleData>
		<SimpleData name="PROGRAMA">CONEXIÓN</SimpleData>
		<SimpleData name="IMAGEN">http://colabora.mop.gov.cl/sites/dop/dptopl/dp/Documentos%20compartidos/Imágenes%20para%20el%20Modelo%20de%20Datos/10-%20LOS%20LAGOS/10-093.jpg</SimpleData>
		<SimpleData name="MXLOCATION">10208-37</SimpleData>
		<SimpleData name="MXSITEID">DOP</SimpleData>
		<SimpleData name="COD_REG">0</SimpleData>
	</SchemaData></ExtendedData>
      <Point><coordinates>-73.534592339,-43.034715596</coordinates></Point>
  </Placemark>
  <Placemark id="infraestructura_portuaria.238">
	<ExtendedData><SchemaData schemaUrl="#infraestructura_portuaria">
		<SimpleData name="OBJECTID_1">238</SimpleData>
		<SimpleData name="OBJECTID">2603</SimpleData>
		<SimpleData name="CODOBRA">10-090</SimpleData>
		<SimpleData name="TIPOOBRA">10</SimpleData>
		<SimpleData name="DESCOBRA">RAMPA ISLA TRANQUI SECTOR 1</SimpleData>
		<SimpleData name="CODCOMUNA">QUEILÉN</SimpleData>
		<SimpleData name="LONMUROS">132</SimpleData>
		<SimpleData name="LONESCOLLE">0</SimpleData>
		<SimpleData name="LONMUELLE">0</SimpleData>
		<SimpleData name="LONRAMPCO">0</SimpleData>
		<SimpleData name="LONRAMPA">96</SimpleData>
		<SimpleData name="LONRAMPAVA">0</SimpleData>
		<SimpleData name="LONPONTON">0</SimpleData>
		<SimpleData name="LONCAMIAC">0</SimpleData>
		<SimpleData name="AREAEXPLAN">380</SimpleData>
		<SimpleData name="BOXUNI">0</SimpleData>
		<SimpleData name="BANO_UNI">0</SimpleData>
		<SimpleData name="TIPOGEOM">1</SimpleData>
		<SimpleData name="GLOBALID">{943D1C18-E8B6-4E20-9EAA-C8F3CD2EC267}</SimpleData>
		<SimpleData name="SALAREUNI">1</SimpleData>
		<SimpleData name="PLAYAARTIF">0</SimpleData>
		<SimpleData name="PASEOCOSTE">0</SimpleData>
		<SimpleData name="ESTADOGRAL">BUENO</SimpleData>
		<SimpleData name="GRUAOPESC">0</SimpleData>
		<SimpleData name="LONSALAADM">1</SimpleData>
		<SimpleData name="LONSALVENT">0</SimpleData>
		<SimpleData name="SALAPROC">0</SimpleData>
		<SimpleData name="AREABODEGA">0</SimpleData>
		<SimpleData name="AREACAFRI">0</SimpleData>
		<SimpleData name="AREAREFUG">1</SimpleData>
		<SimpleData name="AREAGALPON">0</SimpleData>
		<SimpleData name="PROGRAMA">CONEXIÓN</SimpleData>
		<SimpleData name="IMAGEN">http://colabora.mop.gov.cl/sites/dop/dptopl/dp/Documentos%20compartidos/Imágenes%20para%20el%20Modelo%20de%20Datos/10-%20LOS%20LAGOS/10-090.jpg</SimpleData>
		<SimpleData name="MXLOCATION">10207-34</SimpleData>
		<SimpleData name="MXSITEID">DOP</SimpleData>
		<SimpleData name="COD_REG">0</SimpleData>
	</SchemaData></ExtendedData>
      <Point><coordinates>-73.5214111069999,-42.9168104309999</coordinates></Point>
  </Placemark>
  <Placemark id="infraestructura_portuaria.239">
	<ExtendedData><SchemaData schemaUrl="#infraestructura_portuaria">
		<SimpleData name="OBJECTID_1">239</SimpleData>
		<SimpleData name="OBJECTID">2604</SimpleData>
		<SimpleData name="CODOBRA">10-016</SimpleData>
		<SimpleData name="TIPOOBRA">10</SimpleData>
		<SimpleData name="DESCOBRA">RAMPA ISLA TENGLO, SECTOR HOFFMAN</SimpleData>
		<SimpleData name="CODCOMUNA">PUERTO MONTT</SimpleData>
		<SimpleData name="LONMUROS">0</SimpleData>
		<SimpleData name="LONESCOLLE">0</SimpleData>
		<SimpleData name="LONMUELLE">0</SimpleData>
		<SimpleData name="LONRAMPCO">0</SimpleData>
		<SimpleData name="LONRAMPA">0</SimpleData>
		<SimpleData name="LONRAMPAVA">0</SimpleData>
		<SimpleData name="LONPONTON">0</SimpleData>
		<SimpleData name="LONCAMIAC">0</SimpleData>
		<SimpleData name="AREAEXPLAN">0</SimpleData>
		<SimpleData name="BOXUNI">0</SimpleData>
		<SimpleData name="BANO_UNI">0</SimpleData>
		<SimpleData name="TIPOGEOM">1</SimpleData>
		<SimpleData name="GLOBALID">{70FF87A5-E1B1-4C96-99FA-BB106CC19342}</SimpleData>
		<SimpleData name="SALAREUNI">0</SimpleData>
		<SimpleData name="PLAYAARTIF">0</SimpleData>
		<SimpleData name="PASEOCOSTE">0</SimpleData>
		<SimpleData name="ESTADOGRAL">MUY MALO</SimpleData>
		<SimpleData name="GRUAOPESC">0</SimpleData>
		<SimpleData name="LONSALAADM">0</SimpleData>
		<SimpleData name="LONSALVENT">0</SimpleData>
		<SimpleData name="SALAPROC">0</SimpleData>
		<SimpleData name="AREABODEGA">0</SimpleData>
		<SimpleData name="AREACAFRI">0</SimpleData>
		<SimpleData name="AREAREFUG">0</SimpleData>
		<SimpleData name="AREAGALPON">0</SimpleData>
		<SimpleData name="PROGRAMA">CONEXIÓN</SimpleData>
		<SimpleData name="IMAGEN">http://colabora.mop.gov.cl/sites/dop/dptopl/dp/Documentos%20compartidos/Imágenes%20para%20el%20Modelo%20de%20Datos/10-%20LOS%20LAGOS/10-016.jpg</SimpleData>
		<SimpleData name="MXLOCATION">10101-109</SimpleData>
		<SimpleData name="MXSITEID">DOP</SimpleData>
		<SimpleData name="COD_REG">0</SimpleData>
	</SchemaData></ExtendedData>
      <Point><coordinates>-72.958776771,-41.486968767</coordinates></Point>
  </Placemark>
  <Placemark id="infraestructura_portuaria.240">
	<ExtendedData><SchemaData schemaUrl="#infraestructura_portuaria">
		<SimpleData name="OBJECTID_1">240</SimpleData>
		<SimpleData name="OBJECTID">2605</SimpleData>
		<SimpleData name="CODOBRA">10-015</SimpleData>
		<SimpleData name="TIPOOBRA">10</SimpleData>
		<SimpleData name="DESCOBRA">RAMPA ISLA TENGLO SECTOR LA CAPILLA</SimpleData>
		<SimpleData name="CODCOMUNA">PUERTO MONTT</SimpleData>
		<SimpleData name="LONMUROS">110</SimpleData>
		<SimpleData name="LONESCOLLE">0</SimpleData>
		<SimpleData name="LONMUELLE">0</SimpleData>
		<SimpleData name="LONRAMPCO">0</SimpleData>
		<SimpleData name="LONRAMPA">55</SimpleData>
		<SimpleData name="LONRAMPAVA">0</SimpleData>
		<SimpleData name="LONPONTON">0</SimpleData>
		<SimpleData name="LONCAMIAC">0</SimpleData>
		<SimpleData name="AREAEXPLAN">0</SimpleData>
		<SimpleData name="BOXUNI">0</SimpleData>
		<SimpleData name="BANO_UNI">0</SimpleData>
		<SimpleData name="TIPOGEOM">1</SimpleData>
		<SimpleData name="GLOBALID">{DC7D4B9C-4083-495C-9A93-327C1CE1CA0C}</SimpleData>
		<SimpleData name="SALAREUNI">0</SimpleData>
		<SimpleData name="PLAYAARTIF">0</SimpleData>
		<SimpleData name="PASEOCOSTE">0</SimpleData>
		<SimpleData name="ESTADOGRAL">REGULAR</SimpleData>
		<SimpleData name="GRUAOPESC">0</SimpleData>
		<SimpleData name="LONSALAADM">0</SimpleData>
		<SimpleData name="LONSALVENT">0</SimpleData>
		<SimpleData name="SALAPROC">0</SimpleData>
		<SimpleData name="AREABODEGA">0</SimpleData>
		<SimpleData name="AREACAFRI">0</SimpleData>
		<SimpleData name="AREAREFUG">1</SimpleData>
		<SimpleData name="AREAGALPON">0</SimpleData>
		<SimpleData name="PROGRAMA">CONEXIÓN</SimpleData>
		<SimpleData name="IMAGEN">http://colabora.mop.gov.cl/sites/dop/dptopl/dp/Documentos%20compartidos/Imágenes%20para%20el%20Modelo%20de%20Datos/10-%20LOS%20LAGOS/10-015.jpg</SimpleData>
		<SimpleData name="MXLOCATION">10101-108</SimpleData>
		<SimpleData name="MXSITEID">DOP</SimpleData>
		<SimpleData name="COD_REG">0</SimpleData>
	</SchemaData></ExtendedData>
      <Point><coordinates>-72.980694039,-41.500595701</coordinates></Point>
  </Placemark>
  <Placemark id="infraestructura_portuaria.241">
	<ExtendedData><SchemaData schemaUrl="#infraestructura_portuaria">
		<SimpleData name="OBJECTID_1">241</SimpleData>
		<SimpleData name="OBJECTID">2606</SimpleData>
		<SimpleData name="CODOBRA">10-014</SimpleData>
		<SimpleData name="TIPOOBRA">10</SimpleData>
		<SimpleData name="DESCOBRA">RAMPA COSTANERA DE TENGLO</SimpleData>
		<SimpleData name="CODCOMUNA">PUERTO MONTT</SimpleData>
		<SimpleData name="LONMUROS">121</SimpleData>
		<SimpleData name="LONESCOLLE">24</SimpleData>
		<SimpleData name="LONMUELLE">0</SimpleData>
		<SimpleData name="LONRAMPCO">0</SimpleData>
		<SimpleData name="LONRAMPA">0</SimpleData>
		<SimpleData name="LONRAMPAVA">0</SimpleData>
		<SimpleData name="LONPONTON">0</SimpleData>
		<SimpleData name="LONCAMIAC">0</SimpleData>
		<SimpleData name="AREAEXPLAN">0</SimpleData>
		<SimpleData name="BOXUNI">0</SimpleData>
		<SimpleData name="BANO_UNI">0</SimpleData>
		<SimpleData name="TIPOGEOM">1</SimpleData>
		<SimpleData name="GLOBALID">{D7629988-8CB8-4BA2-856C-42B2517E6883}</SimpleData>
		<SimpleData name="SALAREUNI">0</SimpleData>
		<SimpleData name="PLAYAARTIF">0</SimpleData>
		<SimpleData name="PASEOCOSTE">0</SimpleData>
		<SimpleData name="ESTADOGRAL">BUENO</SimpleData>
		<SimpleData name="GRUAOPESC">0</SimpleData>
		<SimpleData name="LONSALAADM">0</SimpleData>
		<SimpleData name="LONSALVENT">0</SimpleData>
		<SimpleData name="SALAPROC">0</SimpleData>
		<SimpleData name="AREABODEGA">0</SimpleData>
		<SimpleData name="AREACAFRI">0</SimpleData>
		<SimpleData name="AREAREFUG">1</SimpleData>
		<SimpleData name="AREAGALPON">0</SimpleData>
		<SimpleData name="PROGRAMA">CONEXIÓN</SimpleData>
		<SimpleData name="IMAGEN">http://colabora.mop.gov.cl/sites/dop/dptopl/dp/Documentos%20compartidos/Imágenes%20para%20el%20Modelo%20de%20Datos/10-%20LOS%20LAGOS/10-014.jpg</SimpleData>
		<SimpleData name="MXLOCATION">10101-107</SimpleData>
		<SimpleData name="MXSITEID">DOP</SimpleData>
		<SimpleData name="COD_REG">0</SimpleData>
	</SchemaData></ExtendedData>
      <Point><coordinates>-72.9528894009999,-41.4840234279999</coordinates></Point>
  </Placemark>
  <Placemark id="infraestructura_portuaria.242">
	<ExtendedData><SchemaData schemaUrl="#infraestructura_portuaria">
		<SimpleData name="OBJECTID_1">242</SimpleData>
		<SimpleData name="OBJECTID">2607</SimpleData>
		<SimpleData name="CODOBRA">10-013</SimpleData>
		<SimpleData name="TIPOOBRA">10</SimpleData>
		<SimpleData name="DESCOBRA">RAMPA TURISTICA DE ANGELMO</SimpleData>
		<SimpleData name="CODCOMUNA">PUERTO MONTT</SimpleData>
		<SimpleData name="LONMUROS">50</SimpleData>
		<SimpleData name="LONESCOLLE">0</SimpleData>
		<SimpleData name="LONMUELLE">0</SimpleData>
		<SimpleData name="LONRAMPCO">0</SimpleData>
		<SimpleData name="LONRAMPA">22</SimpleData>
		<SimpleData name="LONRAMPAVA">0</SimpleData>
		<SimpleData name="LONPONTON">0</SimpleData>
		<SimpleData name="LONCAMIAC">0</SimpleData>
		<SimpleData name="AREAEXPLAN">24</SimpleData>
		<SimpleData name="BOXUNI">0</SimpleData>
		<SimpleData name="BANO_UNI">0</SimpleData>
		<SimpleData name="TIPOGEOM">1</SimpleData>
		<SimpleData name="GLOBALID">{19281937-3510-4CED-9446-E1BFE387D285}</SimpleData>
		<SimpleData name="SALAREUNI">0</SimpleData>
		<SimpleData name="PLAYAARTIF">0</SimpleData>
		<SimpleData name="PASEOCOSTE">0</SimpleData>
		<SimpleData name="ESTADOGRAL">BUENO</SimpleData>
		<SimpleData name="GRUAOPESC">0</SimpleData>
		<SimpleData name="LONSALAADM">0</SimpleData>
		<SimpleData name="LONSALVENT">0</SimpleData>
		<SimpleData name="SALAPROC">0</SimpleData>
		<SimpleData name="AREABODEGA">0</SimpleData>
		<SimpleData name="AREACAFRI">0</SimpleData>
		<SimpleData name="AREAREFUG">1</SimpleData>
		<SimpleData name="AREAGALPON">0</SimpleData>
		<SimpleData name="PROGRAMA">CONEXIÓN</SimpleData>
		<SimpleData name="IMAGEN">http://colabora.mop.gov.cl/sites/dop/dptopl/dp/Documentos%20compartidos/Imágenes%20para%20el%20Modelo%20de%20Datos/10-%20LOS%20LAGOS/10-013.jpg</SimpleData>
		<SimpleData name="MXLOCATION">10101-106</SimpleData>
		<SimpleData name="MXSITEID">DOP</SimpleData>
		<SimpleData name="COD_REG">0</SimpleData>
	</SchemaData></ExtendedData>
      <Point><coordinates>-72.9637830409999,-41.4869306969999</coordinates></Point>
  </Placemark>
  <Placemark id="infraestructura_portuaria.243">
	<ExtendedData><SchemaData schemaUrl="#infraestructura_portuaria">
		<SimpleData name="OBJECTID_1">243</SimpleData>
		<SimpleData name="OBJECTID">2609</SimpleData>
		<SimpleData name="CODOBRA">10-011</SimpleData>
		<SimpleData name="TIPOOBRA">10</SimpleData>
		<SimpleData name="DESCOBRA">RAMPA FLETEROS DE ANGELMO</SimpleData>
		<SimpleData name="CODCOMUNA">PUERTO MONTT</SimpleData>
		<SimpleData name="LONMUROS">165</SimpleData>
		<SimpleData name="LONESCOLLE">0</SimpleData>
		<SimpleData name="LONMUELLE">0</SimpleData>
		<SimpleData name="LONRAMPCO">0</SimpleData>
		<SimpleData name="LONRAMPA">55</SimpleData>
		<SimpleData name="LONRAMPAVA">0</SimpleData>
		<SimpleData name="LONPONTON">0</SimpleData>
		<SimpleData name="LONCAMIAC">0</SimpleData>
		<SimpleData name="AREAEXPLAN">0</SimpleData>
		<SimpleData name="BOXUNI">0</SimpleData>
		<SimpleData name="BANO_UNI">0</SimpleData>
		<SimpleData name="TIPOGEOM">1</SimpleData>
		<SimpleData name="GLOBALID">{76439151-0B23-4C46-9730-3BB9D7F15272}</SimpleData>
		<SimpleData name="SALAREUNI">0</SimpleData>
		<SimpleData name="PLAYAARTIF">0</SimpleData>
		<SimpleData name="PASEOCOSTE">0</SimpleData>
		<SimpleData name="ESTADOGRAL">BUENO</SimpleData>
		<SimpleData name="GRUAOPESC">0</SimpleData>
		<SimpleData name="LONSALAADM">0</SimpleData>
		<SimpleData name="LONSALVENT">0</SimpleData>
		<SimpleData name="SALAPROC">0</SimpleData>
		<SimpleData name="AREABODEGA">0</SimpleData>
		<SimpleData name="AREACAFRI">0</SimpleData>
		<SimpleData name="AREAREFUG">1</SimpleData>
		<SimpleData name="AREAGALPON">0</SimpleData>
		<SimpleData name="PROGRAMA">CONEXIÓN</SimpleData>
		<SimpleData name="IMAGEN">http://colabora.mop.gov.cl/sites/dop/dptopl/dp/Documentos%20compartidos/Imágenes%20para%20el%20Modelo%20de%20Datos/10-%20LOS%20LAGOS/10-011.jpg</SimpleData>
		<SimpleData name="MXLOCATION">10101-104</SimpleData>
		<SimpleData name="MXSITEID">DOP</SimpleData>
		<SimpleData name="COD_REG">0</SimpleData>
	</SchemaData></ExtendedData>
      <Point><coordinates>-72.962891186,-41.485632599</coordinates></Point>
  </Placemark>
  <Placemark id="infraestructura_portuaria.244">
	<ExtendedData><SchemaData schemaUrl="#infraestructura_portuaria">
		<SimpleData name="OBJECTID_1">244</SimpleData>
		<SimpleData name="OBJECTID">2610</SimpleData>
		<SimpleData name="CODOBRA">10-009</SimpleData>
		<SimpleData name="TIPOOBRA">10</SimpleData>
		<SimpleData name="DESCOBRA">RAMPA DE TRANSBORDADORES DE LA ARENA</SimpleData>
		<SimpleData name="CODCOMUNA">PUERTO MONTT</SimpleData>
		<SimpleData name="LONMUROS">150</SimpleData>
		<SimpleData name="LONESCOLLE">0</SimpleData>
		<SimpleData name="LONMUELLE">0</SimpleData>
		<SimpleData name="LONRAMPCO">0</SimpleData>
		<SimpleData name="LONRAMPA">75</SimpleData>
		<SimpleData name="LONRAMPAVA">0</SimpleData>
		<SimpleData name="LONPONTON">0</SimpleData>
		<SimpleData name="LONCAMIAC">0</SimpleData>
		<SimpleData name="AREAEXPLAN">0</SimpleData>
		<SimpleData name="BOXUNI">0</SimpleData>
		<SimpleData name="BANO_UNI">0</SimpleData>
		<SimpleData name="TIPOGEOM">1</SimpleData>
		<SimpleData name="GLOBALID">{46E1E82C-2B08-412C-8A2F-B091F7C591AC}</SimpleData>
		<SimpleData name="SALAREUNI">0</SimpleData>
		<SimpleData name="PLAYAARTIF">0</SimpleData>
		<SimpleData name="PASEOCOSTE">0</SimpleData>
		<SimpleData name="ESTADOGRAL">REGULAR</SimpleData>
		<SimpleData name="GRUAOPESC">0</SimpleData>
		<SimpleData name="LONSALAADM">1</SimpleData>
		<SimpleData name="LONSALVENT">0</SimpleData>
		<SimpleData name="SALAPROC">0</SimpleData>
		<SimpleData name="AREABODEGA">0</SimpleData>
		<SimpleData name="AREACAFRI">0</SimpleData>
		<SimpleData name="AREAREFUG">1</SimpleData>
		<SimpleData name="AREAGALPON">0</SimpleData>
		<SimpleData name="PROGRAMA">CONEXIÓN</SimpleData>
		<SimpleData name="IMAGEN">http://colabora.mop.gov.cl/sites/dop/dptopl/dp/Documentos%20compartidos/Imágenes%20para%20el%20Modelo%20de%20Datos/10-%20LOS%20LAGOS/10-009.jpg</SimpleData>
		<SimpleData name="MXLOCATION">10101-102</SimpleData>
		<SimpleData name="MXSITEID">DOP</SimpleData>
		<SimpleData name="COD_REG">0</SimpleData>
	</SchemaData></ExtendedData>
      <Point><coordinates>-72.642085113,-41.6921247989999</coordinates></Point>
  </Placemark>
  <Placemark id="infraestructura_portuaria.245">
	<ExtendedData><SchemaData schemaUrl="#infraestructura_portuaria">
		<SimpleData name="OBJECTID_1">245</SimpleData>
		<SimpleData name="OBJECTID">2611</SimpleData>
		<SimpleData name="CODOBRA">10-007</SimpleData>
		<SimpleData name="TIPOOBRA">10</SimpleData>
		<SimpleData name="DESCOBRA">RAMPA ISLA MAILLEN - RAMPA 2</SimpleData>
		<SimpleData name="CODCOMUNA">PUERTO MONTT</SimpleData>
		<SimpleData name="LONMUROS">46</SimpleData>
		<SimpleData name="LONESCOLLE">0</SimpleData>
		<SimpleData name="LONMUELLE">84</SimpleData>
		<SimpleData name="LONRAMPCO">0</SimpleData>
		<SimpleData name="LONRAMPA">0</SimpleData>
		<SimpleData name="LONRAMPAVA">0</SimpleData>
		<SimpleData name="LONPONTON">2</SimpleData>
		<SimpleData name="LONCAMIAC">0</SimpleData>
		<SimpleData name="AREAEXPLAN">126.5</SimpleData>
		<SimpleData name="BOXUNI">0</SimpleData>
		<SimpleData name="BANO_UNI">0</SimpleData>
		<SimpleData name="TIPOGEOM">1</SimpleData>
		<SimpleData name="GLOBALID">{525A7E43-FABF-4810-943E-7324B0DF65C9}</SimpleData>
		<SimpleData name="SALAREUNI">0</SimpleData>
		<SimpleData name="PLAYAARTIF">0</SimpleData>
		<SimpleData name="PASEOCOSTE">0</SimpleData>
		<SimpleData name="ESTADOGRAL">BUENO</SimpleData>
		<SimpleData name="GRUAOPESC">0</SimpleData>
		<SimpleData name="LONSALAADM">1</SimpleData>
		<SimpleData name="LONSALVENT">0</SimpleData>
		<SimpleData name="SALAPROC">0</SimpleData>
		<SimpleData name="AREABODEGA">0</SimpleData>
		<SimpleData name="AREACAFRI">0</SimpleData>
		<SimpleData name="AREAREFUG">1</SimpleData>
		<SimpleData name="AREAGALPON">0</SimpleData>
		<SimpleData name="PROGRAMA">CONEXIÓN</SimpleData>
		<SimpleData name="IMAGEN">http://colabora.mop.gov.cl/sites/dop/dptopl/dp/Documentos%20compartidos/Imágenes%20para%20el%20Modelo%20de%20Datos/10-%20LOS%20LAGOS/10-007.jpg</SimpleData>
		<SimpleData name="MXLOCATION">10101-100</SimpleData>
		<SimpleData name="MXSITEID">DOP</SimpleData>
		<SimpleData name="COD_REG">0</SimpleData>
	</SchemaData></ExtendedData>
      <Point><coordinates>-73.007982456,-41.5857574739999</coordinates></Point>
  </Placemark>
  <Placemark id="infraestructura_portuaria.246">
	<ExtendedData><SchemaData schemaUrl="#infraestructura_portuaria">
		<SimpleData name="OBJECTID_1">246</SimpleData>
		<SimpleData name="OBJECTID">2612</SimpleData>
		<SimpleData name="CODOBRA">10-118</SimpleData>
		<SimpleData name="TIPOOBRA">10</SimpleData>
		<SimpleData name="DESCOBRA">RAMPA SECTOR LA CAPILLA, ISLA CAGUACH</SimpleData>
		<SimpleData name="CODCOMUNA">QUINCHAO</SimpleData>
		<SimpleData name="LONMUROS">31</SimpleData>
		<SimpleData name="LONESCOLLE">0</SimpleData>
		<SimpleData name="LONMUELLE">0</SimpleData>
		<SimpleData name="LONRAMPCO">0</SimpleData>
		<SimpleData name="LONRAMPA">97</SimpleData>
		<SimpleData name="LONRAMPAVA">0</SimpleData>
		<SimpleData name="LONPONTON">0</SimpleData>
		<SimpleData name="LONCAMIAC">0</SimpleData>
		<SimpleData name="AREAEXPLAN">35</SimpleData>
		<SimpleData name="BOXUNI">0</SimpleData>
		<SimpleData name="BANO_UNI">0</SimpleData>
		<SimpleData name="TIPOGEOM">1</SimpleData>
		<SimpleData name="GLOBALID">{3CF93EBF-19BD-4818-9F76-67A00ECCF1BC}</SimpleData>
		<SimpleData name="SALAREUNI">0</SimpleData>
		<SimpleData name="PLAYAARTIF">0</SimpleData>
		<SimpleData name="PASEOCOSTE">0</SimpleData>
		<SimpleData name="ESTADOGRAL">BUENO</SimpleData>
		<SimpleData name="GRUAOPESC">0</SimpleData>
		<SimpleData name="LONSALAADM">1</SimpleData>
		<SimpleData name="LONSALVENT">0</SimpleData>
		<SimpleData name="SALAPROC">0</SimpleData>
		<SimpleData name="AREABODEGA">0</SimpleData>
		<SimpleData name="AREACAFRI">0</SimpleData>
		<SimpleData name="AREAREFUG">1</SimpleData>
		<SimpleData name="AREAGALPON">0</SimpleData>
		<SimpleData name="PROGRAMA">CONEXIÓN</SimpleData>
		<SimpleData name="IMAGEN">http://colabora.mop.gov.cl/sites/dop/dptopl/dp/Documentos%20compartidos/Imágenes%20para%20el%20Modelo%20de%20Datos/10-%20LOS%20LAGOS/10-118.jpg</SimpleData>
		<SimpleData name="MXLOCATION">10210-62</SimpleData>
		<SimpleData name="MXSITEID">DOP</SimpleData>
		<SimpleData name="COD_REG">0</SimpleData>
	</SchemaData></ExtendedData>
      <Point><coordinates>-73.267429511,-42.511047898</coordinates></Point>
  </Placemark>
  <Placemark id="infraestructura_portuaria.247">
	<ExtendedData><SchemaData schemaUrl="#infraestructura_portuaria">
		<SimpleData name="OBJECTID_1">247</SimpleData>
		<SimpleData name="OBJECTID">2614</SimpleData>
		<SimpleData name="CODOBRA">10-116</SimpleData>
		<SimpleData name="TIPOOBRA">10</SimpleData>
		<SimpleData name="DESCOBRA">RAMPA ACHAO</SimpleData>
		<SimpleData name="CODCOMUNA">QUINCHAO</SimpleData>
		<SimpleData name="LONMUROS">0</SimpleData>
		<SimpleData name="LONESCOLLE">0</SimpleData>
		<SimpleData name="LONMUELLE">0</SimpleData>
		<SimpleData name="LONRAMPCO">0</SimpleData>
		<SimpleData name="LONRAMPA">94</SimpleData>
		<SimpleData name="LONRAMPAVA">0</SimpleData>
		<SimpleData name="LONPONTON">0</SimpleData>
		<SimpleData name="LONCAMIAC">0</SimpleData>
		<SimpleData name="AREAEXPLAN">0</SimpleData>
		<SimpleData name="BOXUNI">0</SimpleData>
		<SimpleData name="BANO_UNI">0</SimpleData>
		<SimpleData name="TIPOGEOM">1</SimpleData>
		<SimpleData name="GLOBALID">{13715D32-9434-4AAB-8D82-DA186F70500B}</SimpleData>
		<SimpleData name="SALAREUNI">0</SimpleData>
		<SimpleData name="PLAYAARTIF">0</SimpleData>
		<SimpleData name="PASEOCOSTE">0</SimpleData>
		<SimpleData name="ESTADOGRAL">REGULAR</SimpleData>
		<SimpleData name="GRUAOPESC">0</SimpleData>
		<SimpleData name="LONSALAADM">1</SimpleData>
		<SimpleData name="LONSALVENT">0</SimpleData>
		<SimpleData name="SALAPROC">0</SimpleData>
		<SimpleData name="AREABODEGA">0</SimpleData>
		<SimpleData name="AREACAFRI">0</SimpleData>
		<SimpleData name="AREAREFUG">1</SimpleData>
		<SimpleData name="AREAGALPON">0</SimpleData>
		<SimpleData name="PROGRAMA">CONEXIÓN</SimpleData>
		<SimpleData name="IMAGEN">http://colabora.mop.gov.cl/sites/dop/dptopl/dp/Documentos%20compartidos/Imágenes%20para%20el%20Modelo%20de%20Datos/10-%20LOS%20LAGOS/10-116.jpg</SimpleData>
		<SimpleData name="MXLOCATION">10210-60</SimpleData>
		<SimpleData name="MXSITEID">DOP</SimpleData>
		<SimpleData name="COD_REG">0</SimpleData>
	</SchemaData></ExtendedData>
      <Point><coordinates>-73.490133826,-42.467658699</coordinates></Point>
  </Placemark>
  <Placemark id="infraestructura_portuaria.248">
	<ExtendedData><SchemaData schemaUrl="#infraestructura_portuaria">
		<SimpleData name="OBJECTID_1">248</SimpleData>
		<SimpleData name="OBJECTID">2615</SimpleData>
		<SimpleData name="CODOBRA">10-115</SimpleData>
		<SimpleData name="TIPOOBRA">10</SimpleData>
		<SimpleData name="DESCOBRA">RAMPA QUICAVI</SimpleData>
		<SimpleData name="CODCOMUNA">QUEMCHI</SimpleData>
		<SimpleData name="LONMUROS">19</SimpleData>
		<SimpleData name="LONESCOLLE">0</SimpleData>
		<SimpleData name="LONMUELLE">0</SimpleData>
		<SimpleData name="LONRAMPCO">0</SimpleData>
		<SimpleData name="LONRAMPA">70</SimpleData>
		<SimpleData name="LONRAMPAVA">0</SimpleData>
		<SimpleData name="LONPONTON">0</SimpleData>
		<SimpleData name="LONCAMIAC">0</SimpleData>
		<SimpleData name="AREAEXPLAN">0</SimpleData>
		<SimpleData name="BOXUNI">0</SimpleData>
		<SimpleData name="BANO_UNI">0</SimpleData>
		<SimpleData name="TIPOGEOM">1</SimpleData>
		<SimpleData name="GLOBALID">{7D7FA5BA-E101-4755-9E2B-DE2CD235886B}</SimpleData>
		<SimpleData name="SALAREUNI">0</SimpleData>
		<SimpleData name="PLAYAARTIF">0</SimpleData>
		<SimpleData name="PASEOCOSTE">0</SimpleData>
		<SimpleData name="ESTADOGRAL">MUY BUENO</SimpleData>
		<SimpleData name="GRUAOPESC">0</SimpleData>
		<SimpleData name="LONSALAADM">1</SimpleData>
		<SimpleData name="LONSALVENT">0</SimpleData>
		<SimpleData name="SALAPROC">0</SimpleData>
		<SimpleData name="AREABODEGA">0</SimpleData>
		<SimpleData name="AREACAFRI">0</SimpleData>
		<SimpleData name="AREAREFUG">1</SimpleData>
		<SimpleData name="AREAGALPON">0</SimpleData>
		<SimpleData name="PROGRAMA">CONEXIÓN</SimpleData>
		<SimpleData name="IMAGEN">http://colabora.mop.gov.cl/sites/dop/dptopl/dp/Documentos%20compartidos/Imágenes%20para%20el%20Modelo%20de%20Datos/10-%20LOS%20LAGOS/10-115.jpg</SimpleData>
		<SimpleData name="MXLOCATION">10209-59</SimpleData>
		<SimpleData name="MXSITEID">DOP</SimpleData>
		<SimpleData name="COD_REG">0</SimpleData>
	</SchemaData></ExtendedData>
      <Point><coordinates>-73.351954946,-42.277663671</coordinates></Point>
  </Placemark>
  <Placemark id="infraestructura_portuaria.249">
	<ExtendedData><SchemaData schemaUrl="#infraestructura_portuaria">
		<SimpleData name="OBJECTID_1">249</SimpleData>
		<SimpleData name="OBJECTID">2616</SimpleData>
		<SimpleData name="CODOBRA">10-114</SimpleData>
		<SimpleData name="TIPOOBRA">10</SimpleData>
		<SimpleData name="DESCOBRA">RAMPA ANTIGUA QUICAVI</SimpleData>
		<SimpleData name="CODCOMUNA">QUEMCHI</SimpleData>
		<SimpleData name="LONMUROS">84</SimpleData>
		<SimpleData name="LONESCOLLE">0</SimpleData>
		<SimpleData name="LONMUELLE">0</SimpleData>
		<SimpleData name="LONRAMPCO">0</SimpleData>
		<SimpleData name="LONRAMPA">65</SimpleData>
		<SimpleData name="LONRAMPAVA">0</SimpleData>
		<SimpleData name="LONPONTON">0</SimpleData>
		<SimpleData name="LONCAMIAC">0</SimpleData>
		<SimpleData name="AREAEXPLAN">350</SimpleData>
		<SimpleData name="BOXUNI">0</SimpleData>
		<SimpleData name="BANO_UNI">0</SimpleData>
		<SimpleData name="TIPOGEOM">1</SimpleData>
		<SimpleData name="GLOBALID">{9F40F203-655D-4ED8-8931-6DC09211CB0A}</SimpleData>
		<SimpleData name="SALAREUNI">0</SimpleData>
		<SimpleData name="PLAYAARTIF">0</SimpleData>
		<SimpleData name="PASEOCOSTE">0</SimpleData>
		<SimpleData name="ESTADOGRAL">MALO</SimpleData>
		<SimpleData name="GRUAOPESC">0</SimpleData>
		<SimpleData name="LONSALAADM">1</SimpleData>
		<SimpleData name="LONSALVENT">0</SimpleData>
		<SimpleData name="SALAPROC">0</SimpleData>
		<SimpleData name="AREABODEGA">0</SimpleData>
		<SimpleData name="AREACAFRI">0</SimpleData>
		<SimpleData name="AREAREFUG">1</SimpleData>
		<SimpleData name="AREAGALPON">0</SimpleData>
		<SimpleData name="PROGRAMA">CONEXIÓN</SimpleData>
		<SimpleData name="IMAGEN">http://colabora.mop.gov.cl/sites/dop/dptopl/dp/Documentos%20compartidos/Imágenes%20para%20el%20Modelo%20de%20Datos/10-%20LOS%20LAGOS/10-114.jpg</SimpleData>
		<SimpleData name="MXLOCATION">10209-58</SimpleData>
		<SimpleData name="MXSITEID">DOP</SimpleData>
		<SimpleData name="COD_REG">0</SimpleData>
	</SchemaData></ExtendedData>
      <Point><coordinates>-73.3518121659999,-42.2707697669999</coordinates></Point>
  </Placemark>
  <Placemark id="infraestructura_portuaria.250">
	<ExtendedData><SchemaData schemaUrl="#infraestructura_portuaria">
		<SimpleData name="OBJECTID_1">250</SimpleData>
		<SimpleData name="OBJECTID">2617</SimpleData>
		<SimpleData name="CODOBRA">10-113</SimpleData>
		<SimpleData name="TIPOOBRA">10</SimpleData>
		<SimpleData name="DESCOBRA">RAMPA DE QUEMCHI</SimpleData>
		<SimpleData name="CODCOMUNA">QUEMCHI</SimpleData>
		<SimpleData name="LONMUROS">76</SimpleData>
		<SimpleData name="LONESCOLLE">0</SimpleData>
		<SimpleData name="LONMUELLE">0</SimpleData>
		<SimpleData name="LONRAMPCO">0</SimpleData>
		<SimpleData name="LONRAMPA">0</SimpleData>
		<SimpleData name="LONRAMPAVA">0</SimpleData>
		<SimpleData name="LONPONTON">0</SimpleData>
		<SimpleData name="LONCAMIAC">0</SimpleData>
		<SimpleData name="AREAEXPLAN">243</SimpleData>
		<SimpleData name="BOXUNI">0</SimpleData>
		<SimpleData name="BANO_UNI">0</SimpleData>
		<SimpleData name="TIPOGEOM">1</SimpleData>
		<SimpleData name="GLOBALID">{16D016A4-AB74-4B35-85E4-2B348E7EE339}</SimpleData>
		<SimpleData name="SALAREUNI">0</SimpleData>
		<SimpleData name="PLAYAARTIF">0</SimpleData>
		<SimpleData name="PASEOCOSTE">0</SimpleData>
		<SimpleData name="ESTADOGRAL">BUENO</SimpleData>
		<SimpleData name="GRUAOPESC">0</SimpleData>
		<SimpleData name="LONSALAADM">1</SimpleData>
		<SimpleData name="LONSALVENT">0</SimpleData>
		<SimpleData name="SALAPROC">0</SimpleData>
		<SimpleData name="AREABODEGA">0</SimpleData>
		<SimpleData name="AREACAFRI">0</SimpleData>
		<SimpleData name="AREAREFUG">1</SimpleData>
		<SimpleData name="AREAGALPON">0</SimpleData>
		<SimpleData name="PROGRAMA">CONEXIÓN</SimpleData>
		<SimpleData name="IMAGEN">http://colabora.mop.gov.cl/sites/dop/dptopl/dp/Documentos%20compartidos/Imágenes%20para%20el%20Modelo%20de%20Datos/10-%20LOS%20LAGOS/10-113.jpg</SimpleData>
		<SimpleData name="MXLOCATION">10209-57</SimpleData>
		<SimpleData name="MXSITEID">DOP</SimpleData>
		<SimpleData name="COD_REG">0</SimpleData>
	</SchemaData></ExtendedData>
      <Point><coordinates>-73.472515555,-42.144795835</coordinates></Point>
  </Placemark>
  <Placemark id="infraestructura_portuaria.251">
	<ExtendedData><SchemaData schemaUrl="#infraestructura_portuaria">
		<SimpleData name="OBJECTID_1">251</SimpleData>
		<SimpleData name="OBJECTID">2618</SimpleData>
		<SimpleData name="CODOBRA">10-111</SimpleData>
		<SimpleData name="TIPOOBRA">10</SimpleData>
		<SimpleData name="DESCOBRA">RAMPA ISLA TAC</SimpleData>
		<SimpleData name="CODCOMUNA">QUEMCHI</SimpleData>
		<SimpleData name="LONMUROS">0</SimpleData>
		<SimpleData name="LONESCOLLE">0</SimpleData>
		<SimpleData name="LONMUELLE">0</SimpleData>
		<SimpleData name="LONRAMPCO">0</SimpleData>
		<SimpleData name="LONRAMPA">260</SimpleData>
		<SimpleData name="LONRAMPAVA">0</SimpleData>
		<SimpleData name="LONPONTON">0</SimpleData>
		<SimpleData name="LONCAMIAC">0</SimpleData>
		<SimpleData name="AREAEXPLAN">0</SimpleData>
		<SimpleData name="BOXUNI">0</SimpleData>
		<SimpleData name="BANO_UNI">0</SimpleData>
		<SimpleData name="TIPOGEOM">1</SimpleData>
		<SimpleData name="GLOBALID">{9CB70FA2-73D0-42C6-8011-51B25B5DBB21}</SimpleData>
		<SimpleData name="SALAREUNI">0</SimpleData>
		<SimpleData name="PLAYAARTIF">0</SimpleData>
		<SimpleData name="PASEOCOSTE">0</SimpleData>
		<SimpleData name="ESTADOGRAL">BUENO</SimpleData>
		<SimpleData name="GRUAOPESC">0</SimpleData>
		<SimpleData name="LONSALAADM">1</SimpleData>
		<SimpleData name="LONSALVENT">0</SimpleData>
		<SimpleData name="SALAPROC">0</SimpleData>
		<SimpleData name="AREABODEGA">0</SimpleData>
		<SimpleData name="AREACAFRI">0</SimpleData>
		<SimpleData name="AREAREFUG">1</SimpleData>
		<SimpleData name="AREAGALPON">0</SimpleData>
		<SimpleData name="PROGRAMA">CONEXIÓN</SimpleData>
		<SimpleData name="IMAGEN">http://colabora.mop.gov.cl/sites/dop/dptopl/dp/Documentos%20compartidos/Imágenes%20para%20el%20Modelo%20de%20Datos/10-%20LOS%20LAGOS/10-111.jpg</SimpleData>
		<SimpleData name="MXLOCATION">10209-55</SimpleData>
		<SimpleData name="MXSITEID">DOP</SimpleData>
		<SimpleData name="COD_REG">0</SimpleData>
	</SchemaData></ExtendedData>
      <Point><coordinates>-73.138148104,-42.385223359</coordinates></Point>
  </Placemark>
  <Placemark id="infraestructura_portuaria.252">
	<ExtendedData><SchemaData schemaUrl="#infraestructura_portuaria">
		<SimpleData name="OBJECTID_1">252</SimpleData>
		<SimpleData name="OBJECTID">2619</SimpleData>
		<SimpleData name="CODOBRA">10-110</SimpleData>
		<SimpleData name="TIPOOBRA">10</SimpleData>
		<SimpleData name="DESCOBRA">RAMPA ISLA METAHUE</SimpleData>
		<SimpleData name="CODCOMUNA">QUEMCHI</SimpleData>
		<SimpleData name="LONMUROS">126</SimpleData>
		<SimpleData name="LONESCOLLE">0</SimpleData>
		<SimpleData name="LONMUELLE">0</SimpleData>
		<SimpleData name="LONRAMPCO">0</SimpleData>
		<SimpleData name="LONRAMPA">68</SimpleData>
		<SimpleData name="LONRAMPAVA">0</SimpleData>
		<SimpleData name="LONPONTON">0</SimpleData>
		<SimpleData name="LONCAMIAC">0</SimpleData>
		<SimpleData name="AREAEXPLAN">0</SimpleData>
		<SimpleData name="BOXUNI">0</SimpleData>
		<SimpleData name="BANO_UNI">0</SimpleData>
		<SimpleData name="TIPOGEOM">1</SimpleData>
		<SimpleData name="GLOBALID">{31E8916E-D77E-4891-B580-4FB53F31F01B}</SimpleData>
		<SimpleData name="SALAREUNI">0</SimpleData>
		<SimpleData name="PLAYAARTIF">0</SimpleData>
		<SimpleData name="PASEOCOSTE">0</SimpleData>
		<SimpleData name="ESTADOGRAL">MUY BUENO</SimpleData>
		<SimpleData name="GRUAOPESC">0</SimpleData>
		<SimpleData name="LONSALAADM">0</SimpleData>
		<SimpleData name="LONSALVENT">0</SimpleData>
		<SimpleData name="SALAPROC">0</SimpleData>
		<SimpleData name="AREABODEGA">0</SimpleData>
		<SimpleData name="AREACAFRI">0</SimpleData>
		<SimpleData name="AREAREFUG">1</SimpleData>
		<SimpleData name="AREAGALPON">0</SimpleData>
		<SimpleData name="PROGRAMA">CONEXIÓN</SimpleData>
		<SimpleData name="IMAGEN">http://colabora.mop.gov.cl/sites/dop/dptopl/dp/Documentos%20compartidos/Imágenes%20para%20el%20Modelo%20de%20Datos/10-%20LOS%20LAGOS/10-110.jpg</SimpleData>
		<SimpleData name="MXLOCATION">10209-54</SimpleData>
		<SimpleData name="MXSITEID">DOP</SimpleData>
		<SimpleData name="COD_REG">0</SimpleData>
	</SchemaData></ExtendedData>
      <Point><coordinates>-73.135203125,-42.2992462139999</coordinates></Point>
  </Placemark>
  <Placemark id="infraestructura_portuaria.253">
	<ExtendedData><SchemaData schemaUrl="#infraestructura_portuaria">
		<SimpleData name="OBJECTID_1">253</SimpleData>
		<SimpleData name="OBJECTID">2620</SimpleData>
		<SimpleData name="CODOBRA">10-109</SimpleData>
		<SimpleData name="TIPOOBRA">10</SimpleData>
		<SimpleData name="DESCOBRA">RAMPA ISLA MECHUQUE</SimpleData>
		<SimpleData name="CODCOMUNA">QUEMCHI</SimpleData>
		<SimpleData name="LONMUROS">56</SimpleData>
		<SimpleData name="LONESCOLLE">0</SimpleData>
		<SimpleData name="LONMUELLE">0</SimpleData>
		<SimpleData name="LONRAMPCO">0</SimpleData>
		<SimpleData name="LONRAMPA">89</SimpleData>
		<SimpleData name="LONRAMPAVA">0</SimpleData>
		<SimpleData name="LONPONTON">0</SimpleData>
		<SimpleData name="LONCAMIAC">0</SimpleData>
		<SimpleData name="AREAEXPLAN">0</SimpleData>
		<SimpleData name="BOXUNI">0</SimpleData>
		<SimpleData name="BANO_UNI">0</SimpleData>
		<SimpleData name="TIPOGEOM">1</SimpleData>
		<SimpleData name="GLOBALID">{90AB0717-1017-4E43-B230-8CDC307AF27F}</SimpleData>
		<SimpleData name="SALAREUNI">0</SimpleData>
		<SimpleData name="PLAYAARTIF">0</SimpleData>
		<SimpleData name="PASEOCOSTE">0</SimpleData>
		<SimpleData name="ESTADOGRAL">BUENO</SimpleData>
		<SimpleData name="GRUAOPESC">0</SimpleData>
		<SimpleData name="LONSALAADM">1</SimpleData>
		<SimpleData name="LONSALVENT">0</SimpleData>
		<SimpleData name="SALAPROC">0</SimpleData>
		<SimpleData name="AREABODEGA">0</SimpleData>
		<SimpleData name="AREACAFRI">0</SimpleData>
		<SimpleData name="AREAREFUG">1</SimpleData>
		<SimpleData name="AREAGALPON">0</SimpleData>
		<SimpleData name="PROGRAMA">CONEXIÓN</SimpleData>
		<SimpleData name="IMAGEN">http://colabora.mop.gov.cl/sites/dop/dptopl/dp/Documentos%20compartidos/Imágenes%20para%20el%20Modelo%20de%20Datos/10-%20LOS%20LAGOS/10-109.jpg</SimpleData>
		<SimpleData name="MXLOCATION">10209-53</SimpleData>
		<SimpleData name="MXSITEID">DOP</SimpleData>
		<SimpleData name="COD_REG">0</SimpleData>
	</SchemaData></ExtendedData>
      <Point><coordinates>-73.2684935889999,-42.3157582229999</coordinates></Point>
  </Placemark>
  <Placemark id="infraestructura_portuaria.254">
	<ExtendedData><SchemaData schemaUrl="#infraestructura_portuaria">
		<SimpleData name="OBJECTID_1">254</SimpleData>
		<SimpleData name="OBJECTID">2786</SimpleData>
		<SimpleData name="CODOBRA">11-26</SimpleData>
		<SimpleData name="TIPOOBRA">6</SimpleData>
		<SimpleData name="DESCOBRA">MUELLE CANDELARIO MANCILLA</SimpleData>
		<SimpleData name="CODCOMUNA">AISEN</SimpleData>
		<SimpleData name="LONMUROS">63</SimpleData>
		<SimpleData name="LONESCOLLE">87</SimpleData>
		<SimpleData name="LONMUELLE">78</SimpleData>
		<SimpleData name="LONRAMPCO">0</SimpleData>
		<SimpleData name="LONRAMPA">227</SimpleData>
		<SimpleData name="LONRAMPAVA">0</SimpleData>
		<SimpleData name="LONPONTON">0</SimpleData>
		<SimpleData name="LONCAMIAC">64</SimpleData>
		<SimpleData name="AREAEXPLAN">375</SimpleData>
		<SimpleData name="BOXUNI">0</SimpleData>
		<SimpleData name="BANO_UNI">0</SimpleData>
		<SimpleData name="TIPOGEOM">1</SimpleData>
		<SimpleData name="GLOBALID">{336DD3DC-7152-4730-BD73-89F5D4336641}</SimpleData>
		<SimpleData name="SALAREUNI">0</SimpleData>
		<SimpleData name="PLAYAARTIF">0</SimpleData>
		<SimpleData name="PASEOCOSTE">0</SimpleData>
		<SimpleData name="ESTADOGRAL">BUENO</SimpleData>
		<SimpleData name="GRUAOPESC">0</SimpleData>
		<SimpleData name="LONSALAADM">0</SimpleData>
		<SimpleData name="LONSALVENT">0</SimpleData>
		<SimpleData name="SALAPROC">0</SimpleData>
		<SimpleData name="AREABODEGA">0</SimpleData>
		<SimpleData name="AREACAFRI">0</SimpleData>
		<SimpleData name="AREAREFUG">0</SimpleData>
		<SimpleData name="AREAGALPON">0</SimpleData>
		<SimpleData name="PROGRAMA">CONEXIÓN</SimpleData>
		<SimpleData name="IMAGEN">http://colabora.mop.gov.cl/sites/dop/dptopl/dp/Documentos%20compartidos/Imágenes%20para%20el%20Modelo%20de%20Datos/11-%20AYSÉN/11-26.JPG</SimpleData>
		<SimpleData name="MXLOCATION">11303-25</SimpleData>
		<SimpleData name="MXSITEID">DOP</SimpleData>
		<SimpleData name="COD_REG">0</SimpleData>
	</SchemaData></ExtendedData>
      <Point><coordinates>-72.738598543,-48.8751089899999</coordinates></Point>
  </Placemark>
  <Placemark id="infraestructura_portuaria.255">
	<ExtendedData><SchemaData schemaUrl="#infraestructura_portuaria">
		<SimpleData name="OBJECTID_1">255</SimpleData>
		<SimpleData name="OBJECTID">2787</SimpleData>
		<SimpleData name="CODOBRA">11-25</SimpleData>
		<SimpleData name="TIPOOBRA">6</SimpleData>
		<SimpleData name="DESCOBRA">MUELLE BAHIA PESCADO</SimpleData>
		<SimpleData name="CODCOMUNA">AISEN</SimpleData>
		<SimpleData name="LONMUROS">0</SimpleData>
		<SimpleData name="LONESCOLLE">0</SimpleData>
		<SimpleData name="LONMUELLE">23</SimpleData>
		<SimpleData name="LONRAMPCO">0</SimpleData>
		<SimpleData name="LONRAMPA">0</SimpleData>
		<SimpleData name="LONRAMPAVA">0</SimpleData>
		<SimpleData name="LONPONTON">0</SimpleData>
		<SimpleData name="LONCAMIAC">0</SimpleData>
		<SimpleData name="AREAEXPLAN">0</SimpleData>
		<SimpleData name="BOXUNI">0</SimpleData>
		<SimpleData name="BANO_UNI">0</SimpleData>
		<SimpleData name="TIPOGEOM">1</SimpleData>
		<SimpleData name="GLOBALID">{44991236-ADFA-4E0B-9BFB-63E8534A000A}</SimpleData>
		<SimpleData name="SALAREUNI">0</SimpleData>
		<SimpleData name="PLAYAARTIF">0</SimpleData>
		<SimpleData name="PASEOCOSTE">0</SimpleData>
		<SimpleData name="ESTADOGRAL">MUY MALO</SimpleData>
		<SimpleData name="GRUAOPESC">0</SimpleData>
		<SimpleData name="LONSALAADM">0</SimpleData>
		<SimpleData name="LONSALVENT">0</SimpleData>
		<SimpleData name="SALAPROC">0</SimpleData>
		<SimpleData name="AREABODEGA">0</SimpleData>
		<SimpleData name="AREACAFRI">0</SimpleData>
		<SimpleData name="AREAREFUG">0</SimpleData>
		<SimpleData name="AREAGALPON">0</SimpleData>
		<SimpleData name="PROGRAMA">CONEXIÓN</SimpleData>
		<SimpleData name="IMAGEN">http://colabora.mop.gov.cl/sites/dop/dptopl/dp/Documentos%20compartidos/Imágenes%20para%20el%20Modelo%20de%20Datos/11-%20AYSÉN/11-25.JPG</SimpleData>
		<SimpleData name="MXLOCATION">11302-24</SimpleData>
		<SimpleData name="MXSITEID">DOP</SimpleData>
		<SimpleData name="COD_REG">0</SimpleData>
	</SchemaData></ExtendedData>
      <Point><coordinates>-72.700159054,-48.826205053</coordinates></Point>
  </Placemark>
  <Placemark id="infraestructura_portuaria.256">
	<ExtendedData><SchemaData schemaUrl="#infraestructura_portuaria">
		<SimpleData name="OBJECTID_1">256</SimpleData>
		<SimpleData name="OBJECTID">2788</SimpleData>
		<SimpleData name="CODOBRA">11-24</SimpleData>
		<SimpleData name="TIPOOBRA">6</SimpleData>
		<SimpleData name="DESCOBRA">MUELLE BAHIA BAHAMONDES</SimpleData>
		<SimpleData name="CODCOMUNA">AISEN</SimpleData>
		<SimpleData name="LONMUROS">86</SimpleData>
		<SimpleData name="LONESCOLLE">66</SimpleData>
		<SimpleData name="LONMUELLE">0</SimpleData>
		<SimpleData name="LONRAMPCO">0</SimpleData>
		<SimpleData name="LONRAMPA">135</SimpleData>
		<SimpleData name="LONRAMPAVA">0</SimpleData>
		<SimpleData name="LONPONTON">0</SimpleData>
		<SimpleData name="LONCAMIAC">14</SimpleData>
		<SimpleData name="AREAEXPLAN">660</SimpleData>
		<SimpleData name="BOXUNI">0</SimpleData>
		<SimpleData name="BANO_UNI">0</SimpleData>
		<SimpleData name="TIPOGEOM">1</SimpleData>
		<SimpleData name="GLOBALID">{352FD079-3DD3-4B4E-BD49-23166AC53BDB}</SimpleData>
		<SimpleData name="SALAREUNI">0</SimpleData>
		<SimpleData name="PLAYAARTIF">0</SimpleData>
		<SimpleData name="PASEOCOSTE">0</SimpleData>
		<SimpleData name="ESTADOGRAL">BUENO</SimpleData>
		<SimpleData name="GRUAOPESC">0</SimpleData>
		<SimpleData name="LONSALAADM">0</SimpleData>
		<SimpleData name="LONSALVENT">0</SimpleData>
		<SimpleData name="SALAPROC">0</SimpleData>
		<SimpleData name="AREABODEGA">0</SimpleData>
		<SimpleData name="AREACAFRI">0</SimpleData>
		<SimpleData name="AREAREFUG">0</SimpleData>
		<SimpleData name="AREAGALPON">0</SimpleData>
		<SimpleData name="PROGRAMA">CONEXIÓN</SimpleData>
		<SimpleData name="IMAGEN">http://colabora.mop.gov.cl/sites/dop/dptopl/dp/Documentos%20compartidos/Imágenes%20para%20el%20Modelo%20de%20Datos/11-%20AYSÉN/11-24.JPG</SimpleData>
		<SimpleData name="MXLOCATION">11302-23</SimpleData>
		<SimpleData name="MXSITEID">DOP</SimpleData>
		<SimpleData name="COD_REG">0</SimpleData>
	</SchemaData></ExtendedData>
      <Point><coordinates>-72.6003956019999,-48.511755922</coordinates></Point>
  </Placemark>
  <Placemark id="infraestructura_portuaria.257">
	<ExtendedData><SchemaData schemaUrl="#infraestructura_portuaria">
		<SimpleData name="OBJECTID_1">257</SimpleData>
		<SimpleData name="OBJECTID">2789</SimpleData>
		<SimpleData name="CODOBRA">11-23</SimpleData>
		<SimpleData name="TIPOOBRA">6</SimpleData>
		<SimpleData name="DESCOBRA">MUELLE VENTISQUERO CHICO</SimpleData>
		<SimpleData name="CODCOMUNA">AISEN</SimpleData>
		<SimpleData name="LONMUROS">25</SimpleData>
		<SimpleData name="LONESCOLLE">67</SimpleData>
		<SimpleData name="LONMUELLE">74</SimpleData>
		<SimpleData name="LONRAMPCO">0</SimpleData>
		<SimpleData name="LONRAMPA">80</SimpleData>
		<SimpleData name="LONRAMPAVA">0</SimpleData>
		<SimpleData name="LONPONTON">0</SimpleData>
		<SimpleData name="LONCAMIAC">0</SimpleData>
		<SimpleData name="AREAEXPLAN">600</SimpleData>
		<SimpleData name="BOXUNI">0</SimpleData>
		<SimpleData name="BANO_UNI">0</SimpleData>
		<SimpleData name="TIPOGEOM">1</SimpleData>
		<SimpleData name="GLOBALID">{EE823D87-336D-4969-BC81-CF24108979CE}</SimpleData>
		<SimpleData name="SALAREUNI">0</SimpleData>
		<SimpleData name="PLAYAARTIF">0</SimpleData>
		<SimpleData name="PASEOCOSTE">0</SimpleData>
		<SimpleData name="ESTADOGRAL">BUENO</SimpleData>
		<SimpleData name="GRUAOPESC">0</SimpleData>
		<SimpleData name="LONSALAADM">0</SimpleData>
		<SimpleData name="LONSALVENT">0</SimpleData>
		<SimpleData name="SALAPROC">0</SimpleData>
		<SimpleData name="AREABODEGA">0</SimpleData>
		<SimpleData name="AREACAFRI">0</SimpleData>
		<SimpleData name="AREAREFUG">1</SimpleData>
		<SimpleData name="AREAGALPON">0</SimpleData>
		<SimpleData name="PROGRAMA">CONEXIÓN</SimpleData>
		<SimpleData name="IMAGEN">http://colabora.mop.gov.cl/sites/dop/dptopl/dp/Documentos%20compartidos/Imágenes%20para%20el%20Modelo%20de%20Datos/11-%20AYSÉN/11-23.JPG</SimpleData>
		<SimpleData name="MXLOCATION">11302-22</SimpleData>
		<SimpleData name="MXSITEID">DOP</SimpleData>
		<SimpleData name="COD_REG">0</SimpleData>
	</SchemaData></ExtendedData>
      <Point><coordinates>-72.979503442,-48.900429225</coordinates></Point>
  </Placemark>
  <Placemark id="infraestructura_portuaria.258">
	<ExtendedData><SchemaData schemaUrl="#infraestructura_portuaria">
		<SimpleData name="OBJECTID_1">258</SimpleData>
		<SimpleData name="OBJECTID">2790</SimpleData>
		<SimpleData name="CODOBRA">11-22</SimpleData>
		<SimpleData name="TIPOOBRA">6</SimpleData>
		<SimpleData name="DESCOBRA">MUELLE RIO EXPLORADORES</SimpleData>
		<SimpleData name="CODCOMUNA">AISEN</SimpleData>
		<SimpleData name="LONMUROS">88</SimpleData>
		<SimpleData name="LONESCOLLE">0</SimpleData>
		<SimpleData name="LONMUELLE">91</SimpleData>
		<SimpleData name="LONRAMPCO">0</SimpleData>
		<SimpleData name="LONRAMPA">125</SimpleData>
		<SimpleData name="LONRAMPAVA">0</SimpleData>
		<SimpleData name="LONPONTON">0</SimpleData>
		<SimpleData name="LONCAMIAC">0</SimpleData>
		<SimpleData name="AREAEXPLAN">68</SimpleData>
		<SimpleData name="BOXUNI">0</SimpleData>
		<SimpleData name="BANO_UNI">0</SimpleData>
		<SimpleData name="TIPOGEOM">1</SimpleData>
		<SimpleData name="GLOBALID">{74F6ECFC-1612-4E97-9314-74AA400BFE21}</SimpleData>
		<SimpleData name="SALAREUNI">0</SimpleData>
		<SimpleData name="PLAYAARTIF">0</SimpleData>
		<SimpleData name="PASEOCOSTE">0</SimpleData>
		<SimpleData name="ESTADOGRAL">BUENO</SimpleData>
		<SimpleData name="GRUAOPESC">0</SimpleData>
		<SimpleData name="LONSALAADM">0</SimpleData>
		<SimpleData name="LONSALVENT">0</SimpleData>
		<SimpleData name="SALAPROC">0</SimpleData>
		<SimpleData name="AREABODEGA">0</SimpleData>
		<SimpleData name="AREACAFRI">0</SimpleData>
		<SimpleData name="AREAREFUG">1</SimpleData>
		<SimpleData name="AREAGALPON">0</SimpleData>
		<SimpleData name="PROGRAMA">CONEXIÓN</SimpleData>
		<SimpleData name="IMAGEN">http://colabora.mop.gov.cl/sites/dop/dptopl/dp/Documentos%20compartidos/Imágenes%20para%20el%20Modelo%20de%20Datos/11-%20AYSÉN/11-22.JPG</SimpleData>
		<SimpleData name="MXLOCATION">11302-21</SimpleData>
		<SimpleData name="MXSITEID">DOP</SimpleData>
		<SimpleData name="COD_REG">0</SimpleData>
	</SchemaData></ExtendedData>
      <Point><coordinates>-73.414847741,-46.322616524</coordinates></Point>
  </Placemark>
  <Placemark id="infraestructura_portuaria.259">
	<ExtendedData><SchemaData schemaUrl="#infraestructura_portuaria">
		<SimpleData name="OBJECTID_1">259</SimpleData>
		<SimpleData name="OBJECTID">2791</SimpleData>
		<SimpleData name="CODOBRA">11-15</SimpleData>
		<SimpleData name="TIPOOBRA">6</SimpleData>
		<SimpleData name="DESCOBRA">MUELLE RAUL MARIN BALMACEDA</SimpleData>
		<SimpleData name="CODCOMUNA">AISEN</SimpleData>
		<SimpleData name="LONMUROS">26</SimpleData>
		<SimpleData name="LONESCOLLE">0</SimpleData>
		<SimpleData name="LONMUELLE">121</SimpleData>
		<SimpleData name="LONRAMPCO">0</SimpleData>
		<SimpleData name="LONRAMPA">0</SimpleData>
		<SimpleData name="LONRAMPAVA">0</SimpleData>
		<SimpleData name="LONPONTON">0</SimpleData>
		<SimpleData name="LONCAMIAC">0</SimpleData>
		<SimpleData name="AREAEXPLAN">152.54</SimpleData>
		<SimpleData name="BOXUNI">0</SimpleData>
		<SimpleData name="BANO_UNI">0</SimpleData>
		<SimpleData name="TIPOGEOM">1</SimpleData>
		<SimpleData name="GLOBALID">{3170828E-2A2A-4DB2-85D9-A12C6ABE937A}</SimpleData>
		<SimpleData name="SALAREUNI">0</SimpleData>
		<SimpleData name="PLAYAARTIF">0</SimpleData>
		<SimpleData name="PASEOCOSTE">0</SimpleData>
		<SimpleData name="ESTADOGRAL">BUENO</SimpleData>
		<SimpleData name="GRUAOPESC">0</SimpleData>
		<SimpleData name="LONSALAADM">0</SimpleData>
		<SimpleData name="LONSALVENT">0</SimpleData>
		<SimpleData name="SALAPROC">0</SimpleData>
		<SimpleData name="AREABODEGA">0</SimpleData>
		<SimpleData name="AREACAFRI">0</SimpleData>
		<SimpleData name="AREAREFUG">0</SimpleData>
		<SimpleData name="AREAGALPON">0</SimpleData>
		<SimpleData name="PROGRAMA">PESCA ARTESANAL</SimpleData>
		<SimpleData name="IMAGEN">http://colabora.mop.gov.cl/sites/dop/dptopl/dp/Documentos%20compartidos/Imágenes%20para%20el%20Modelo%20de%20Datos/11-%20AYSÉN/11-15.JPG</SimpleData>
		<SimpleData name="MXLOCATION">11202-11</SimpleData>
		<SimpleData name="MXSITEID">DOP</SimpleData>
		<SimpleData name="COD_REG">0</SimpleData>
	</SchemaData></ExtendedData>
      <Point><coordinates>-72.950696283,-43.775801367</coordinates></Point>
  </Placemark>
  <Placemark id="infraestructura_portuaria.260">
	<ExtendedData><SchemaData schemaUrl="#infraestructura_portuaria">
		<SimpleData name="OBJECTID_1">260</SimpleData>
		<SimpleData name="OBJECTID">2792</SimpleData>
		<SimpleData name="CODOBRA">11-14</SimpleData>
		<SimpleData name="TIPOOBRA">6</SimpleData>
		<SimpleData name="DESCOBRA">MUELLE LA BALSA</SimpleData>
		<SimpleData name="CODCOMUNA">AISEN</SimpleData>
		<SimpleData name="LONMUROS">0</SimpleData>
		<SimpleData name="LONESCOLLE">0</SimpleData>
		<SimpleData name="LONMUELLE">130</SimpleData>
		<SimpleData name="LONRAMPCO">0</SimpleData>
		<SimpleData name="LONRAMPA">0</SimpleData>
		<SimpleData name="LONRAMPAVA">0</SimpleData>
		<SimpleData name="LONPONTON">0</SimpleData>
		<SimpleData name="LONCAMIAC">0</SimpleData>
		<SimpleData name="AREAEXPLAN">0</SimpleData>
		<SimpleData name="BOXUNI">0</SimpleData>
		<SimpleData name="BANO_UNI">0</SimpleData>
		<SimpleData name="TIPOGEOM">1</SimpleData>
		<SimpleData name="GLOBALID">{EF4ABA46-BF1C-4370-A38B-B863238E1076}</SimpleData>
		<SimpleData name="SALAREUNI">0</SimpleData>
		<SimpleData name="PLAYAARTIF">0</SimpleData>
		<SimpleData name="PASEOCOSTE">0</SimpleData>
		<SimpleData name="ESTADOGRAL">MALO</SimpleData>
		<SimpleData name="GRUAOPESC">0</SimpleData>
		<SimpleData name="LONSALAADM">0</SimpleData>
		<SimpleData name="LONSALVENT">0</SimpleData>
		<SimpleData name="SALAPROC">0</SimpleData>
		<SimpleData name="AREABODEGA">0</SimpleData>
		<SimpleData name="AREACAFRI">0</SimpleData>
		<SimpleData name="AREAREFUG">0</SimpleData>
		<SimpleData name="AREAGALPON">0</SimpleData>
		<SimpleData name="PROGRAMA">CONEXIÓN</SimpleData>
		<SimpleData name="IMAGEN">http://colabora.mop.gov.cl/sites/dop/dptopl/dp/Documentos%20compartidos/Imágenes%20para%20el%20Modelo%20de%20Datos/11-%20AYSÉN/11-14.JPG</SimpleData>
		<SimpleData name="MXSITEID">DOP</SimpleData>
		<SimpleData name="COD_REG">0</SimpleData>
	</SchemaData></ExtendedData>
      <Point><coordinates>-72.701069328,-45.413680374</coordinates></Point>
  </Placemark>
  <Placemark id="infraestructura_portuaria.261">
	<ExtendedData><SchemaData schemaUrl="#infraestructura_portuaria">
		<SimpleData name="OBJECTID_1">261</SimpleData>
		<SimpleData name="OBJECTID">2793</SimpleData>
		<SimpleData name="CODOBRA">11-13</SimpleData>
		<SimpleData name="TIPOOBRA">6</SimpleData>
		<SimpleData name="DESCOBRA">MUELLE HOSPITAL</SimpleData>
		<SimpleData name="CODCOMUNA">AISEN</SimpleData>
		<SimpleData name="LONMUROS">0</SimpleData>
		<SimpleData name="LONESCOLLE">0</SimpleData>
		<SimpleData name="LONMUELLE">103</SimpleData>
		<SimpleData name="LONRAMPCO">0</SimpleData>
		<SimpleData name="LONRAMPA">0</SimpleData>
		<SimpleData name="LONRAMPAVA">0</SimpleData>
		<SimpleData name="LONPONTON">0</SimpleData>
		<SimpleData name="LONCAMIAC">0</SimpleData>
		<SimpleData name="AREAEXPLAN">0</SimpleData>
		<SimpleData name="BOXUNI">0</SimpleData>
		<SimpleData name="BANO_UNI">0</SimpleData>
		<SimpleData name="TIPOGEOM">1</SimpleData>
		<SimpleData name="GLOBALID">{000367BB-D0B2-464D-A80A-40536F0AF3A0}</SimpleData>
		<SimpleData name="SALAREUNI">0</SimpleData>
		<SimpleData name="PLAYAARTIF">0</SimpleData>
		<SimpleData name="PASEOCOSTE">0</SimpleData>
		<SimpleData name="ESTADOGRAL">REGULAR</SimpleData>
		<SimpleData name="GRUAOPESC">0</SimpleData>
		<SimpleData name="LONSALAADM">0</SimpleData>
		<SimpleData name="LONSALVENT">0</SimpleData>
		<SimpleData name="SALAPROC">0</SimpleData>
		<SimpleData name="AREABODEGA">0</SimpleData>
		<SimpleData name="AREACAFRI">0</SimpleData>
		<SimpleData name="AREAREFUG">0</SimpleData>
		<SimpleData name="AREAGALPON">0</SimpleData>
		<SimpleData name="PROGRAMA">CONEXIÓN</SimpleData>
		<SimpleData name="IMAGEN">http://colabora.mop.gov.cl/sites/dop/dptopl/dp/Documentos%20compartidos/Imágenes%20para%20el%20Modelo%20de%20Datos/11-%20AYSÉN/11-13.JPG</SimpleData>
		<SimpleData name="MXLOCATION">11201-07</SimpleData>
		<SimpleData name="MXSITEID">DOP</SimpleData>
		<SimpleData name="COD_REG">0</SimpleData>
	</SchemaData></ExtendedData>
      <Point><coordinates>-72.703197758,-45.406161535</coordinates></Point>
  </Placemark>
  <Placemark id="infraestructura_portuaria.262">
	<ExtendedData><SchemaData schemaUrl="#infraestructura_portuaria">
		<SimpleData name="OBJECTID_1">262</SimpleData>
		<SimpleData name="OBJECTID">2797</SimpleData>
		<SimpleData name="CODOBRA">12-23</SimpleData>
		<SimpleData name="TIPOOBRA">6</SimpleData>
		<SimpleData name="DESCOBRA">MUELLE FISCAL DE PUERTO EDEN</SimpleData>
		<SimpleData name="CODCOMUNA">ÚLTIMA ESPERANZA</SimpleData>
		<SimpleData name="LONMUROS">0</SimpleData>
		<SimpleData name="LONESCOLLE">0</SimpleData>
		<SimpleData name="LONMUELLE">47</SimpleData>
		<SimpleData name="LONRAMPCO">0</SimpleData>
		<SimpleData name="LONRAMPA">0</SimpleData>
		<SimpleData name="LONRAMPAVA">0</SimpleData>
		<SimpleData name="LONPONTON">0</SimpleData>
		<SimpleData name="LONCAMIAC">0</SimpleData>
		<SimpleData name="AREAEXPLAN">0</SimpleData>
		<SimpleData name="BOXUNI">0</SimpleData>
		<SimpleData name="BANO_UNI">0</SimpleData>
		<SimpleData name="TIPOGEOM">1</SimpleData>
		<SimpleData name="GLOBALID">{CE425FAD-7892-4E68-B4D7-01ED9D520762}</SimpleData>
		<SimpleData name="SALAREUNI">0</SimpleData>
		<SimpleData name="PLAYAARTIF">0</SimpleData>
		<SimpleData name="PASEOCOSTE">0</SimpleData>
		<SimpleData name="ESTADOGRAL">BUENO</SimpleData>
		<SimpleData name="GRUAOPESC">0</SimpleData>
		<SimpleData name="LONSALAADM">0</SimpleData>
		<SimpleData name="LONSALVENT">0</SimpleData>
		<SimpleData name="SALAPROC">0</SimpleData>
		<SimpleData name="AREABODEGA">0</SimpleData>
		<SimpleData name="AREACAFRI">0</SimpleData>
		<SimpleData name="AREAREFUG">0</SimpleData>
		<SimpleData name="AREAGALPON">0</SimpleData>
		<SimpleData name="PROGRAMA">PESCA ARTESANAL</SimpleData>
		<SimpleData name="IMAGEN">http://colabora.mop.gov.cl/sites/dop/dptopl/dp/Documentos%20compartidos/Imágenes%20para%20el%20Modelo%20de%20Datos/12-%20MAGALLANES/12-23.jpg</SimpleData>
		<SimpleData name="MXLOCATION">12401-20</SimpleData>
		<SimpleData name="MXSITEID">DOP</SimpleData>
		<SimpleData name="COD_REG">0</SimpleData>
	</SchemaData></ExtendedData>
      <Point><coordinates>-74.4141421099999,-49.1268321119999</coordinates></Point>
  </Placemark>
  <Placemark id="infraestructura_portuaria.263">
	<ExtendedData><SchemaData schemaUrl="#infraestructura_portuaria">
		<SimpleData name="OBJECTID_1">263</SimpleData>
		<SimpleData name="OBJECTID">2799</SimpleData>
		<SimpleData name="CODOBRA">09-37</SimpleData>
		<SimpleData name="TIPOOBRA">6</SimpleData>
		<SimpleData name="DESCOBRA">EMBARCADERO DE PUCON</SimpleData>
		<SimpleData name="CODCOMUNA">VILLARRICA</SimpleData>
		<SimpleData name="LONMUROS">42</SimpleData>
		<SimpleData name="LONESCOLLE">0</SimpleData>
		<SimpleData name="LONMUELLE">390</SimpleData>
		<SimpleData name="LONRAMPCO">48</SimpleData>
		<SimpleData name="LONRAMPA">0</SimpleData>
		<SimpleData name="LONRAMPAVA">0</SimpleData>
		<SimpleData name="LONPONTON">26</SimpleData>
		<SimpleData name="LONCAMIAC">0</SimpleData>
		<SimpleData name="AREAEXPLAN">361</SimpleData>
		<SimpleData name="BOXUNI">0</SimpleData>
		<SimpleData name="BANO_UNI">0</SimpleData>
		<SimpleData name="TIPOGEOM">1</SimpleData>
		<SimpleData name="GLOBALID">{38799EFE-3513-42A1-914E-9CA285B1C45F}</SimpleData>
		<SimpleData name="SALAREUNI">0</SimpleData>
		<SimpleData name="PLAYAARTIF">0</SimpleData>
		<SimpleData name="PASEOCOSTE">39</SimpleData>
		<SimpleData name="ESTADOGRAL">MUY BUENO</SimpleData>
		<SimpleData name="GRUAOPESC">0</SimpleData>
		<SimpleData name="LONSALAADM">0</SimpleData>
		<SimpleData name="LONSALVENT">0</SimpleData>
		<SimpleData name="SALAPROC">0</SimpleData>
		<SimpleData name="AREABODEGA">0</SimpleData>
		<SimpleData name="AREACAFRI">0</SimpleData>
		<SimpleData name="AREAREFUG">0</SimpleData>
		<SimpleData name="AREAGALPON">0</SimpleData>
		<SimpleData name="PROGRAMA">CONEXIÓN</SimpleData>
		<SimpleData name="IMAGEN">http://colabora.mop.gov.cl/sites/dop/dptopl/dp/Documentos%20compartidos/Imágenes%20para%20el%20Modelo%20de%20Datos/9-%20ARAUCANÍA/09-37.JPG</SimpleData>
		<SimpleData name="MXLOCATION">09120-28</SimpleData>
		<SimpleData name="MXSITEID">DOP</SimpleData>
		<SimpleData name="COD_REG">0</SimpleData>
	</SchemaData></ExtendedData>
      <Point><coordinates>-71.980551702,-39.27605771</coordinates></Point>
  </Placemark>
  <Placemark id="infraestructura_portuaria.264">
	<ExtendedData><SchemaData schemaUrl="#infraestructura_portuaria">
		<SimpleData name="OBJECTID_1">264</SimpleData>
		<SimpleData name="OBJECTID">2800</SimpleData>
		<SimpleData name="CODOBRA">09-32</SimpleData>
		<SimpleData name="TIPOOBRA">6</SimpleData>
		<SimpleData name="DESCOBRA">MUELLE EL TEMO</SimpleData>
		<SimpleData name="CODCOMUNA">SAAVEDRA</SimpleData>
		<SimpleData name="LONMUROS">0</SimpleData>
		<SimpleData name="LONESCOLLE">0</SimpleData>
		<SimpleData name="LONMUELLE">30</SimpleData>
		<SimpleData name="LONRAMPCO">0</SimpleData>
		<SimpleData name="LONRAMPA">0</SimpleData>
		<SimpleData name="LONRAMPAVA">0</SimpleData>
		<SimpleData name="LONPONTON">0</SimpleData>
		<SimpleData name="LONCAMIAC">0</SimpleData>
		<SimpleData name="AREAEXPLAN">0</SimpleData>
		<SimpleData name="BOXUNI">0</SimpleData>
		<SimpleData name="BANO_UNI">0</SimpleData>
		<SimpleData name="TIPOGEOM">1</SimpleData>
		<SimpleData name="GLOBALID">{A13B97D0-525C-4F6D-8F7E-BE5A4E936B6B}</SimpleData>
		<SimpleData name="SALAREUNI">0</SimpleData>
		<SimpleData name="PLAYAARTIF">0</SimpleData>
		<SimpleData name="PASEOCOSTE">0</SimpleData>
		<SimpleData name="ESTADOGRAL">MUY BUENO</SimpleData>
		<SimpleData name="GRUAOPESC">0</SimpleData>
		<SimpleData name="LONSALAADM">0</SimpleData>
		<SimpleData name="LONSALVENT">0</SimpleData>
		<SimpleData name="SALAPROC">0</SimpleData>
		<SimpleData name="AREABODEGA">0</SimpleData>
		<SimpleData name="AREACAFRI">0</SimpleData>
		<SimpleData name="AREAREFUG">1</SimpleData>
		<SimpleData name="AREAGALPON">0</SimpleData>
		<SimpleData name="PROGRAMA">CONEXIÓN</SimpleData>
		<SimpleData name="IMAGEN">http://colabora.mop.gov.cl/sites/dop/dptopl/dp/Documentos%20compartidos/Imágenes%20para%20el%20Modelo%20de%20Datos/9-%20ARAUCANÍA/09-32.JPG</SimpleData>
		<SimpleData name="MXLOCATION">09116-15</SimpleData>
		<SimpleData name="MXSITEID">DOP</SimpleData>
		<SimpleData name="COD_REG">0</SimpleData>
	</SchemaData></ExtendedData>
      <Point><coordinates>-73.2443613899999,-38.812083355</coordinates></Point>
  </Placemark>
  <Placemark id="infraestructura_portuaria.265">
	<ExtendedData><SchemaData schemaUrl="#infraestructura_portuaria">
		<SimpleData name="OBJECTID_1">265</SimpleData>
		<SimpleData name="OBJECTID">2801</SimpleData>
		<SimpleData name="CODOBRA">09-31</SimpleData>
		<SimpleData name="TIPOOBRA">6</SimpleData>
		<SimpleData name="DESCOBRA">MUELLE COLLILEUFU</SimpleData>
		<SimpleData name="CODCOMUNA">SAAVEDRA</SimpleData>
		<SimpleData name="LONMUROS">50</SimpleData>
		<SimpleData name="LONESCOLLE">0</SimpleData>
		<SimpleData name="LONMUELLE">30</SimpleData>
		<SimpleData name="LONRAMPCO">0</SimpleData>
		<SimpleData name="LONRAMPA">0</SimpleData>
		<SimpleData name="LONRAMPAVA">0</SimpleData>
		<SimpleData name="LONPONTON">0</SimpleData>
		<SimpleData name="LONCAMIAC">0</SimpleData>
		<SimpleData name="AREAEXPLAN">200</SimpleData>
		<SimpleData name="BOXUNI">0</SimpleData>
		<SimpleData name="BANO_UNI">0</SimpleData>
		<SimpleData name="TIPOGEOM">1</SimpleData>
		<SimpleData name="GLOBALID">{30527799-E539-4E72-A5C6-28D3C5899C12}</SimpleData>
		<SimpleData name="SALAREUNI">0</SimpleData>
		<SimpleData name="PLAYAARTIF">0</SimpleData>
		<SimpleData name="PASEOCOSTE">0</SimpleData>
		<SimpleData name="ESTADOGRAL">MUY BUENO</SimpleData>
		<SimpleData name="GRUAOPESC">0</SimpleData>
		<SimpleData name="LONSALAADM">0</SimpleData>
		<SimpleData name="LONSALVENT">0</SimpleData>
		<SimpleData name="SALAPROC">0</SimpleData>
		<SimpleData name="AREABODEGA">0</SimpleData>
		<SimpleData name="AREACAFRI">0</SimpleData>
		<SimpleData name="AREAREFUG">1</SimpleData>
		<SimpleData name="AREAGALPON">0</SimpleData>
		<SimpleData name="PROGRAMA">CONEXIÓN</SimpleData>
		<SimpleData name="IMAGEN">http://colabora.mop.gov.cl/sites/dop/dptopl/dp/Documentos%20compartidos/Imágenes%20para%20el%20Modelo%20de%20Datos/9-%20ARAUCANÍA/09-31.JPG</SimpleData>
		<SimpleData name="MXLOCATION">09116-14</SimpleData>
		<SimpleData name="MXSITEID">DOP</SimpleData>
		<SimpleData name="COD_REG">0</SimpleData>
	</SchemaData></ExtendedData>
      <Point><coordinates>-73.360427085,-38.86113799</coordinates></Point>
  </Placemark>
  <Placemark id="infraestructura_portuaria.266">
	<ExtendedData><SchemaData schemaUrl="#infraestructura_portuaria">
		<SimpleData name="OBJECTID_1">266</SimpleData>
		<SimpleData name="OBJECTID">2621</SimpleData>
		<SimpleData name="CODOBRA">10-108</SimpleData>
		<SimpleData name="TIPOOBRA">10</SimpleData>
		<SimpleData name="DESCOBRA">RAMPA ISLA CHEÑIAO, SECTOR VOIGUE</SimpleData>
		<SimpleData name="CODCOMUNA">QUEMCHI</SimpleData>
		<SimpleData name="LONMUROS">31</SimpleData>
		<SimpleData name="LONESCOLLE">0</SimpleData>
		<SimpleData name="LONMUELLE">0</SimpleData>
		<SimpleData name="LONRAMPCO">0</SimpleData>
		<SimpleData name="LONRAMPA">97</SimpleData>
		<SimpleData name="LONRAMPAVA">0</SimpleData>
		<SimpleData name="LONPONTON">0</SimpleData>
		<SimpleData name="LONCAMIAC">0</SimpleData>
		<SimpleData name="AREAEXPLAN">35</SimpleData>
		<SimpleData name="BOXUNI">0</SimpleData>
		<SimpleData name="BANO_UNI">0</SimpleData>
		<SimpleData name="TIPOGEOM">1</SimpleData>
		<SimpleData name="GLOBALID">{51AAEAA6-01A1-4ECB-BB92-0EF24024D91F}</SimpleData>
		<SimpleData name="SALAREUNI">0</SimpleData>
		<SimpleData name="PLAYAARTIF">0</SimpleData>
		<SimpleData name="PASEOCOSTE">0</SimpleData>
		<SimpleData name="ESTADOGRAL">MUY BUENO</SimpleData>
		<SimpleData name="GRUAOPESC">0</SimpleData>
		<SimpleData name="LONSALAADM">1</SimpleData>
		<SimpleData name="LONSALVENT">0</SimpleData>
		<SimpleData name="SALAPROC">0</SimpleData>
		<SimpleData name="AREABODEGA">0</SimpleData>
		<SimpleData name="AREACAFRI">0</SimpleData>
		<SimpleData name="AREAREFUG">1</SimpleData>
		<SimpleData name="AREAGALPON">0</SimpleData>
		<SimpleData name="PROGRAMA">CONEXIÓN</SimpleData>
		<SimpleData name="IMAGEN">http://colabora.mop.gov.cl/sites/dop/dptopl/dp/Documentos%20compartidos/Imágenes%20para%20el%20Modelo%20de%20Datos/10-%20LOS%20LAGOS/10-108.jpg</SimpleData>
		<SimpleData name="MXLOCATION">10209-52</SimpleData>
		<SimpleData name="MXSITEID">DOP</SimpleData>
		<SimpleData name="COD_REG">0</SimpleData>
	</SchemaData></ExtendedData>
      <Point><coordinates>-73.2541073419999,-42.277849224</coordinates></Point>
  </Placemark>
  <Placemark id="infraestructura_portuaria.267">
	<ExtendedData><SchemaData schemaUrl="#infraestructura_portuaria">
		<SimpleData name="OBJECTID_1">267</SimpleData>
		<SimpleData name="OBJECTID">2622</SimpleData>
		<SimpleData name="CODOBRA">10-107</SimpleData>
		<SimpleData name="TIPOOBRA">10</SimpleData>
		<SimpleData name="DESCOBRA">RAMPA SECTOR SAN PEDRO DE BUTACHAUQUES</SimpleData>
		<SimpleData name="CODCOMUNA">QUEMCHI</SimpleData>
		<SimpleData name="LONMUROS">10</SimpleData>
		<SimpleData name="LONESCOLLE">0</SimpleData>
		<SimpleData name="LONMUELLE">0</SimpleData>
		<SimpleData name="LONRAMPCO">0</SimpleData>
		<SimpleData name="LONRAMPA">2</SimpleData>
		<SimpleData name="LONRAMPAVA">0</SimpleData>
		<SimpleData name="LONPONTON">0</SimpleData>
		<SimpleData name="LONCAMIAC">0</SimpleData>
		<SimpleData name="AREAEXPLAN">7</SimpleData>
		<SimpleData name="BOXUNI">0</SimpleData>
		<SimpleData name="BANO_UNI">0</SimpleData>
		<SimpleData name="TIPOGEOM">1</SimpleData>
		<SimpleData name="GLOBALID">{2B00E316-5C8D-423A-B525-FA807B6A9C43}</SimpleData>
		<SimpleData name="SALAREUNI">0</SimpleData>
		<SimpleData name="PLAYAARTIF">0</SimpleData>
		<SimpleData name="PASEOCOSTE">0</SimpleData>
		<SimpleData name="ESTADOGRAL">REGULAR</SimpleData>
		<SimpleData name="GRUAOPESC">0</SimpleData>
		<SimpleData name="LONSALAADM">0</SimpleData>
		<SimpleData name="LONSALVENT">0</SimpleData>
		<SimpleData name="SALAPROC">0</SimpleData>
		<SimpleData name="AREABODEGA">0</SimpleData>
		<SimpleData name="AREACAFRI">0</SimpleData>
		<SimpleData name="AREAREFUG">0</SimpleData>
		<SimpleData name="AREAGALPON">0</SimpleData>
		<SimpleData name="PROGRAMA">CONEXIÓN</SimpleData>
		<SimpleData name="IMAGEN">http://colabora.mop.gov.cl/sites/dop/dptopl/dp/Documentos%20compartidos/Imágenes%20para%20el%20Modelo%20de%20Datos/10-%20LOS%20LAGOS/10-107.jpg</SimpleData>
		<SimpleData name="MXLOCATION">10209-51</SimpleData>
		<SimpleData name="MXSITEID">DOP</SimpleData>
		<SimpleData name="COD_REG">0</SimpleData>
	</SchemaData></ExtendedData>
      <Point><coordinates>-73.1500582789999,-42.3029421489999</coordinates></Point>
  </Placemark>
  <Placemark id="infraestructura_portuaria.268">
	<ExtendedData><SchemaData schemaUrl="#infraestructura_portuaria">
		<SimpleData name="OBJECTID_1">268</SimpleData>
		<SimpleData name="OBJECTID">2623</SimpleData>
		<SimpleData name="CODOBRA">10-106</SimpleData>
		<SimpleData name="TIPOOBRA">10</SimpleData>
		<SimpleData name="DESCOBRA">RAMPA SECTOR SAN JOSE DE BUTACHAUQUES</SimpleData>
		<SimpleData name="CODCOMUNA">QUEMCHI</SimpleData>
		<SimpleData name="LONMUROS">0</SimpleData>
		<SimpleData name="LONESCOLLE">0</SimpleData>
		<SimpleData name="LONMUELLE">0</SimpleData>
		<SimpleData name="LONRAMPCO">0</SimpleData>
		<SimpleData name="LONRAMPA">238</SimpleData>
		<SimpleData name="LONRAMPAVA">0</SimpleData>
		<SimpleData name="LONPONTON">0</SimpleData>
		<SimpleData name="LONCAMIAC">0</SimpleData>
		<SimpleData name="AREAEXPLAN">0</SimpleData>
		<SimpleData name="BOXUNI">0</SimpleData>
		<SimpleData name="BANO_UNI">0</SimpleData>
		<SimpleData name="TIPOGEOM">1</SimpleData>
		<SimpleData name="GLOBALID">{321A8683-339C-4FB0-AB55-A8E52B7EB2C1}</SimpleData>
		<SimpleData name="SALAREUNI">0</SimpleData>
		<SimpleData name="PLAYAARTIF">0</SimpleData>
		<SimpleData name="PASEOCOSTE">0</SimpleData>
		<SimpleData name="ESTADOGRAL">BUENO</SimpleData>
		<SimpleData name="GRUAOPESC">0</SimpleData>
		<SimpleData name="LONSALAADM">0</SimpleData>
		<SimpleData name="LONSALVENT">0</SimpleData>
		<SimpleData name="SALAPROC">0</SimpleData>
		<SimpleData name="AREABODEGA">0</SimpleData>
		<SimpleData name="AREACAFRI">0</SimpleData>
		<SimpleData name="AREAREFUG">1</SimpleData>
		<SimpleData name="AREAGALPON">0</SimpleData>
		<SimpleData name="PROGRAMA">CONEXIÓN</SimpleData>
		<SimpleData name="IMAGEN">http://colabora.mop.gov.cl/sites/dop/dptopl/dp/Documentos%20compartidos/Imágenes%20para%20el%20Modelo%20de%20Datos/10-%20LOS%20LAGOS/10-106.jpg</SimpleData>
		<SimpleData name="MXLOCATION">10209-50</SimpleData>
		<SimpleData name="MXSITEID">DOP</SimpleData>
		<SimpleData name="COD_REG">0</SimpleData>
	</SchemaData></ExtendedData>
      <Point><coordinates>-73.152103746,-42.277822854</coordinates></Point>
  </Placemark>
  <Placemark id="infraestructura_portuaria.269">
	<ExtendedData><SchemaData schemaUrl="#infraestructura_portuaria">
		<SimpleData name="OBJECTID_1">269</SimpleData>
		<SimpleData name="OBJECTID">2628</SimpleData>
		<SimpleData name="CODOBRA">11-21</SimpleData>
		<SimpleData name="TIPOOBRA">10</SimpleData>
		<SimpleData name="DESCOBRA">RAMPA RIO BRAVO</SimpleData>
		<SimpleData name="CODCOMUNA">AISEN</SimpleData>
		<SimpleData name="LONMUROS">54</SimpleData>
		<SimpleData name="LONESCOLLE">54</SimpleData>
		<SimpleData name="LONMUELLE">0</SimpleData>
		<SimpleData name="LONRAMPCO">0</SimpleData>
		<SimpleData name="LONRAMPA">157</SimpleData>
		<SimpleData name="LONRAMPAVA">0</SimpleData>
		<SimpleData name="LONPONTON">0</SimpleData>
		<SimpleData name="LONCAMIAC">0</SimpleData>
		<SimpleData name="AREAEXPLAN">1015</SimpleData>
		<SimpleData name="BOXUNI">0</SimpleData>
		<SimpleData name="BANO_UNI">0</SimpleData>
		<SimpleData name="TIPOGEOM">1</SimpleData>
		<SimpleData name="GLOBALID">{471B9B2C-49CE-4B7F-9C76-35ADA9485A2D}</SimpleData>
		<SimpleData name="SALAREUNI">0</SimpleData>
		<SimpleData name="PLAYAARTIF">0</SimpleData>
		<SimpleData name="PASEOCOSTE">0</SimpleData>
		<SimpleData name="ESTADOGRAL">BUENO</SimpleData>
		<SimpleData name="GRUAOPESC">0</SimpleData>
		<SimpleData name="LONSALAADM">0</SimpleData>
		<SimpleData name="LONSALVENT">0</SimpleData>
		<SimpleData name="SALAPROC">0</SimpleData>
		<SimpleData name="AREABODEGA">0</SimpleData>
		<SimpleData name="AREACAFRI">0</SimpleData>
		<SimpleData name="AREAREFUG">1</SimpleData>
		<SimpleData name="AREAGALPON">0</SimpleData>
		<SimpleData name="PROGRAMA">CONEXIÓN</SimpleData>
		<SimpleData name="IMAGEN">http://colabora.mop.gov.cl/sites/dop/dptopl/dp/Documentos%20compartidos/Imágenes%20para%20el%20Modelo%20de%20Datos/11-%20AYSÉN/11-21.JPG</SimpleData>
		<SimpleData name="MXLOCATION">11302-20</SimpleData>
		<SimpleData name="MXSITEID">DOP</SimpleData>
		<SimpleData name="COD_REG">0</SimpleData>
	</SchemaData></ExtendedData>
      <Point><coordinates>-73.223497708,-47.9681532879999</coordinates></Point>
  </Placemark>
  <Placemark id="infraestructura_portuaria.270">
	<ExtendedData><SchemaData schemaUrl="#infraestructura_portuaria">
		<SimpleData name="OBJECTID_1">270</SimpleData>
		<SimpleData name="OBJECTID">2629</SimpleData>
		<SimpleData name="CODOBRA">11-20</SimpleData>
		<SimpleData name="TIPOOBRA">10</SimpleData>
		<SimpleData name="DESCOBRA">RAMPA EL PASCUA</SimpleData>
		<SimpleData name="CODCOMUNA">AISEN</SimpleData>
		<SimpleData name="LONMUROS">39</SimpleData>
		<SimpleData name="LONESCOLLE">71</SimpleData>
		<SimpleData name="LONMUELLE">0</SimpleData>
		<SimpleData name="LONRAMPCO">0</SimpleData>
		<SimpleData name="LONRAMPA">100</SimpleData>
		<SimpleData name="LONRAMPAVA">0</SimpleData>
		<SimpleData name="LONPONTON">0</SimpleData>
		<SimpleData name="LONCAMIAC">0</SimpleData>
		<SimpleData name="AREAEXPLAN">800</SimpleData>
		<SimpleData name="BOXUNI">0</SimpleData>
		<SimpleData name="BANO_UNI">0</SimpleData>
		<SimpleData name="TIPOGEOM">1</SimpleData>
		<SimpleData name="GLOBALID">{A0E5AAAD-19DA-4AEC-A0D7-AF2747B611A7}</SimpleData>
		<SimpleData name="SALAREUNI">0</SimpleData>
		<SimpleData name="PLAYAARTIF">0</SimpleData>
		<SimpleData name="PASEOCOSTE">0</SimpleData>
		<SimpleData name="ESTADOGRAL">BUENO</SimpleData>
		<SimpleData name="GRUAOPESC">0</SimpleData>
		<SimpleData name="LONSALAADM">0</SimpleData>
		<SimpleData name="LONSALVENT">0</SimpleData>
		<SimpleData name="SALAPROC">0</SimpleData>
		<SimpleData name="AREABODEGA">0</SimpleData>
		<SimpleData name="AREACAFRI">0</SimpleData>
		<SimpleData name="AREAREFUG">1</SimpleData>
		<SimpleData name="AREAGALPON">0</SimpleData>
		<SimpleData name="PROGRAMA">CONEXIÓN</SimpleData>
		<SimpleData name="IMAGEN">http://colabora.mop.gov.cl/sites/dop/dptopl/dp/Documentos%20compartidos/Imágenes%20para%20el%20Modelo%20de%20Datos/11-%20AYSÉN/11-20.JPG</SimpleData>
		<SimpleData name="MXLOCATION">11302-19</SimpleData>
		<SimpleData name="MXSITEID">DOP</SimpleData>
		<SimpleData name="COD_REG">0</SimpleData>
	</SchemaData></ExtendedData>
      <Point><coordinates>-72.842383865,-48.748273824</coordinates></Point>
  </Placemark>
  <Placemark id="infraestructura_portuaria.271">
	<ExtendedData><SchemaData schemaUrl="#infraestructura_portuaria">
		<SimpleData name="OBJECTID_1">271</SimpleData>
		<SimpleData name="OBJECTID">2630</SimpleData>
		<SimpleData name="CODOBRA">11-19</SimpleData>
		<SimpleData name="TIPOOBRA">10</SimpleData>
		<SimpleData name="DESCOBRA">RAMPA REPOLLAL MEDIO</SimpleData>
		<SimpleData name="CODCOMUNA">AISEN</SimpleData>
		<SimpleData name="LONMUROS">60</SimpleData>
		<SimpleData name="LONESCOLLE">0</SimpleData>
		<SimpleData name="LONMUELLE">0</SimpleData>
		<SimpleData name="LONRAMPCO">0</SimpleData>
		<SimpleData name="LONRAMPA">105</SimpleData>
		<SimpleData name="LONRAMPAVA">0</SimpleData>
		<SimpleData name="LONPONTON">0</SimpleData>
		<SimpleData name="LONCAMIAC">0</SimpleData>
		<SimpleData name="AREAEXPLAN">0</SimpleData>
		<SimpleData name="BOXUNI">0</SimpleData>
		<SimpleData name="BANO_UNI">0</SimpleData>
		<SimpleData name="TIPOGEOM">1</SimpleData>
		<SimpleData name="GLOBALID">{2A9B295A-349A-44C3-8DE9-B715D6B0073C}</SimpleData>
		<SimpleData name="SALAREUNI">0</SimpleData>
		<SimpleData name="PLAYAARTIF">0</SimpleData>
		<SimpleData name="PASEOCOSTE">0</SimpleData>
		<SimpleData name="ESTADOGRAL">MALO</SimpleData>
		<SimpleData name="GRUAOPESC">0</SimpleData>
		<SimpleData name="LONSALAADM">0</SimpleData>
		<SimpleData name="LONSALVENT">0</SimpleData>
		<SimpleData name="SALAPROC">0</SimpleData>
		<SimpleData name="AREABODEGA">0</SimpleData>
		<SimpleData name="AREACAFRI">0</SimpleData>
		<SimpleData name="AREAREFUG">0</SimpleData>
		<SimpleData name="AREAGALPON">0</SimpleData>
		<SimpleData name="PROGRAMA">CONEXIÓN</SimpleData>
		<SimpleData name="IMAGEN">http://colabora.mop.gov.cl/sites/dop/dptopl/dp/Documentos%20compartidos/Imágenes%20para%20el%20Modelo%20de%20Datos/11-%20AYSÉN/11-19.JPG</SimpleData>
		<SimpleData name="MXLOCATION">11203-18</SimpleData>
		<SimpleData name="MXSITEID">DOP</SimpleData>
		<SimpleData name="COD_REG">0</SimpleData>
	</SchemaData></ExtendedData>
      <Point><coordinates>-73.887932656,-43.877207456</coordinates></Point>
  </Placemark>
  <Placemark id="infraestructura_portuaria.272">
	<ExtendedData><SchemaData schemaUrl="#infraestructura_portuaria">
		<SimpleData name="OBJECTID_1">272</SimpleData>
		<SimpleData name="OBJECTID">2631</SimpleData>
		<SimpleData name="CODOBRA">11-17</SimpleData>
		<SimpleData name="TIPOOBRA">10</SimpleData>
		<SimpleData name="DESCOBRA">RAMPA MELINKA</SimpleData>
		<SimpleData name="CODCOMUNA">AISEN</SimpleData>
		<SimpleData name="LONMUROS">42</SimpleData>
		<SimpleData name="LONESCOLLE">0</SimpleData>
		<SimpleData name="LONMUELLE">0</SimpleData>
		<SimpleData name="LONRAMPCO">0</SimpleData>
		<SimpleData name="LONRAMPA">178</SimpleData>
		<SimpleData name="LONRAMPAVA">0</SimpleData>
		<SimpleData name="LONPONTON">0</SimpleData>
		<SimpleData name="LONCAMIAC">0</SimpleData>
		<SimpleData name="AREAEXPLAN">0</SimpleData>
		<SimpleData name="BOXUNI">0</SimpleData>
		<SimpleData name="BANO_UNI">0</SimpleData>
		<SimpleData name="TIPOGEOM">1</SimpleData>
		<SimpleData name="GLOBALID">{C061A635-ED4E-47A4-A596-D3D1CAB99416}</SimpleData>
		<SimpleData name="SALAREUNI">0</SimpleData>
		<SimpleData name="PLAYAARTIF">0</SimpleData>
		<SimpleData name="PASEOCOSTE">0</SimpleData>
		<SimpleData name="ESTADOGRAL">MALO</SimpleData>
		<SimpleData name="GRUAOPESC">0</SimpleData>
		<SimpleData name="LONSALAADM">0</SimpleData>
		<SimpleData name="LONSALVENT">0</SimpleData>
		<SimpleData name="SALAPROC">0</SimpleData>
		<SimpleData name="AREABODEGA">0</SimpleData>
		<SimpleData name="AREACAFRI">0</SimpleData>
		<SimpleData name="AREAREFUG">0</SimpleData>
		<SimpleData name="AREAGALPON">0</SimpleData>
		<SimpleData name="PROGRAMA">CONEXIÓN</SimpleData>
		<SimpleData name="IMAGEN">http://colabora.mop.gov.cl/sites/dop/dptopl/dp/Documentos%20compartidos/Imágenes%20para%20el%20Modelo%20de%20Datos/11-%20AYSÉN/11-17.JPG</SimpleData>
		<SimpleData name="MXSITEID">DOP</SimpleData>
		<SimpleData name="COD_REG">0</SimpleData>
	</SchemaData></ExtendedData>
      <Point><coordinates>-73.7461822879999,-43.898741394</coordinates></Point>
  </Placemark>
  <Placemark id="infraestructura_portuaria.273">
	<ExtendedData><SchemaData schemaUrl="#infraestructura_portuaria">
		<SimpleData name="OBJECTID_1">273</SimpleData>
		<SimpleData name="OBJECTID">2632</SimpleData>
		<SimpleData name="CODOBRA">11-16</SimpleData>
		<SimpleData name="TIPOOBRA">10</SimpleData>
		<SimpleData name="DESCOBRA">RAMPA RAUL MARIN BALMACEDA</SimpleData>
		<SimpleData name="CODCOMUNA">AISEN</SimpleData>
		<SimpleData name="LONMUROS">120</SimpleData>
		<SimpleData name="LONESCOLLE">0</SimpleData>
		<SimpleData name="LONMUELLE">0</SimpleData>
		<SimpleData name="LONRAMPCO">0</SimpleData>
		<SimpleData name="LONRAMPA">303</SimpleData>
		<SimpleData name="LONRAMPAVA">0</SimpleData>
		<SimpleData name="LONPONTON">0</SimpleData>
		<SimpleData name="LONCAMIAC">198</SimpleData>
		<SimpleData name="AREAEXPLAN">900</SimpleData>
		<SimpleData name="BOXUNI">0</SimpleData>
		<SimpleData name="BANO_UNI">0</SimpleData>
		<SimpleData name="TIPOGEOM">1</SimpleData>
		<SimpleData name="GLOBALID">{087C1BFE-F66D-43B0-A2F8-1A3465B253E3}</SimpleData>
		<SimpleData name="SALAREUNI">0</SimpleData>
		<SimpleData name="PLAYAARTIF">0</SimpleData>
		<SimpleData name="PASEOCOSTE">0</SimpleData>
		<SimpleData name="ESTADOGRAL">BUENO</SimpleData>
		<SimpleData name="GRUAOPESC">0</SimpleData>
		<SimpleData name="LONSALAADM">0</SimpleData>
		<SimpleData name="LONSALVENT">0</SimpleData>
		<SimpleData name="SALAPROC">0</SimpleData>
		<SimpleData name="AREABODEGA">0</SimpleData>
		<SimpleData name="AREACAFRI">0</SimpleData>
		<SimpleData name="AREAREFUG">1</SimpleData>
		<SimpleData name="AREAGALPON">0</SimpleData>
		<SimpleData name="PROGRAMA">CONEXIÓN</SimpleData>
		<SimpleData name="IMAGEN">http://colabora.mop.gov.cl/sites/dop/dptopl/dp/Documentos%20compartidos/Imágenes%20para%20el%20Modelo%20de%20Datos/11-%20AYSÉN/11-16.JPG</SimpleData>
		<SimpleData name="MXSITEID">DOP</SimpleData>
		<SimpleData name="COD_REG">0</SimpleData>
	</SchemaData></ExtendedData>
      <Point><coordinates>-72.952985815,-43.769790368</coordinates></Point>
  </Placemark>
  <Placemark id="infraestructura_portuaria.274">
	<ExtendedData><SchemaData schemaUrl="#infraestructura_portuaria">
		<SimpleData name="OBJECTID_1">274</SimpleData>
		<SimpleData name="OBJECTID">2633</SimpleData>
		<SimpleData name="CODOBRA">11-07</SimpleData>
		<SimpleData name="TIPOOBRA">10</SimpleData>
		<SimpleData name="DESCOBRA">RAMPA PUERTO AGUIRRE</SimpleData>
		<SimpleData name="CODCOMUNA">AISEN</SimpleData>
		<SimpleData name="LONMUROS">20</SimpleData>
		<SimpleData name="LONESCOLLE">0</SimpleData>
		<SimpleData name="LONMUELLE">0</SimpleData>
		<SimpleData name="LONRAMPCO">0</SimpleData>
		<SimpleData name="LONRAMPA">168</SimpleData>
		<SimpleData name="LONRAMPAVA">0</SimpleData>
		<SimpleData name="LONPONTON">0</SimpleData>
		<SimpleData name="LONCAMIAC">0</SimpleData>
		<SimpleData name="AREAEXPLAN">58.1</SimpleData>
		<SimpleData name="BOXUNI">0</SimpleData>
		<SimpleData name="BANO_UNI">0</SimpleData>
		<SimpleData name="TIPOGEOM">1</SimpleData>
		<SimpleData name="GLOBALID">{C5605C68-B04E-498D-A5DD-E9D35404C918}</SimpleData>
		<SimpleData name="SALAREUNI">0</SimpleData>
		<SimpleData name="PLAYAARTIF">0</SimpleData>
		<SimpleData name="PASEOCOSTE">0</SimpleData>
		<SimpleData name="ESTADOGRAL">MALO</SimpleData>
		<SimpleData name="GRUAOPESC">0</SimpleData>
		<SimpleData name="LONSALAADM">1</SimpleData>
		<SimpleData name="LONSALVENT">0</SimpleData>
		<SimpleData name="SALAPROC">0</SimpleData>
		<SimpleData name="AREABODEGA">0</SimpleData>
		<SimpleData name="AREACAFRI">0</SimpleData>
		<SimpleData name="AREAREFUG">1</SimpleData>
		<SimpleData name="AREAGALPON">0</SimpleData>
		<SimpleData name="PROGRAMA">CONEXIÓN</SimpleData>
		<SimpleData name="IMAGEN">http://colabora.mop.gov.cl/sites/dop/dptopl/dp/Documentos%20compartidos/Imágenes%20para%20el%20Modelo%20de%20Datos/11-%20AYSÉN/11-07.JPG</SimpleData>
		<SimpleData name="MXSITEID">DOP</SimpleData>
		<SimpleData name="COD_REG">0</SimpleData>
	</SchemaData></ExtendedData>
      <Point><coordinates>-73.521740628,-45.165497853</coordinates></Point>
  </Placemark>
  <Placemark id="infraestructura_portuaria.275">
	<ExtendedData><SchemaData schemaUrl="#infraestructura_portuaria">
		<SimpleData name="OBJECTID_1">275</SimpleData>
		<SimpleData name="OBJECTID">2634</SimpleData>
		<SimpleData name="CODOBRA">11-01</SimpleData>
		<SimpleData name="TIPOOBRA">10</SimpleData>
		<SimpleData name="DESCOBRA">ATRACADERO CALETA ANDRADE</SimpleData>
		<SimpleData name="CODCOMUNA">AISEN</SimpleData>
		<SimpleData name="LONMUROS">38</SimpleData>
		<SimpleData name="LONESCOLLE">0</SimpleData>
		<SimpleData name="LONMUELLE">0</SimpleData>
		<SimpleData name="LONRAMPCO">0</SimpleData>
		<SimpleData name="LONRAMPA">292</SimpleData>
		<SimpleData name="LONRAMPAVA">0</SimpleData>
		<SimpleData name="LONPONTON">0</SimpleData>
		<SimpleData name="LONCAMIAC">0</SimpleData>
		<SimpleData name="AREAEXPLAN">745</SimpleData>
		<SimpleData name="BOXUNI">0</SimpleData>
		<SimpleData name="BANO_UNI">0</SimpleData>
		<SimpleData name="TIPOGEOM">1</SimpleData>
		<SimpleData name="GLOBALID">{66A08A26-3227-4852-95AA-4C8B28327FF8}</SimpleData>
		<SimpleData name="SALAREUNI">0</SimpleData>
		<SimpleData name="PLAYAARTIF">0</SimpleData>
		<SimpleData name="PASEOCOSTE">0</SimpleData>
		<SimpleData name="ESTADOGRAL">REGULAR</SimpleData>
		<SimpleData name="GRUAOPESC">0</SimpleData>
		<SimpleData name="LONSALAADM">1</SimpleData>
		<SimpleData name="LONSALVENT">0</SimpleData>
		<SimpleData name="SALAPROC">0</SimpleData>
		<SimpleData name="AREABODEGA">0</SimpleData>
		<SimpleData name="AREACAFRI">0</SimpleData>
		<SimpleData name="AREAREFUG">0</SimpleData>
		<SimpleData name="AREAGALPON">0</SimpleData>
		<SimpleData name="PROGRAMA">PESCA ARTESANAL</SimpleData>
		<SimpleData name="IMAGEN">http://colabora.mop.gov.cl/sites/dop/dptopl/dp/Documentos%20compartidos/Imágenes%20para%20el%20Modelo%20de%20Datos/11-%20AYSÉN/11-01.JPG</SimpleData>
		<SimpleData name="MXLOCATION">11201-01</SimpleData>
		<SimpleData name="MXSITEID">DOP</SimpleData>
		<SimpleData name="COD_REG">0</SimpleData>
	</SchemaData></ExtendedData>
      <Point><coordinates>-73.5085128229999,-45.1545457719999</coordinates></Point>
  </Placemark>
  <Placemark id="infraestructura_portuaria.276">
	<ExtendedData><SchemaData schemaUrl="#infraestructura_portuaria">
		<SimpleData name="OBJECTID_1">276</SimpleData>
		<SimpleData name="OBJECTID">2635</SimpleData>
		<SimpleData name="CODOBRA">10-127</SimpleData>
		<SimpleData name="TIPOOBRA">10</SimpleData>
		<SimpleData name="DESCOBRA">RAMPA ISLA QUINCHAO, SECTOR CHUEQUIAN</SimpleData>
		<SimpleData name="CODCOMUNA">QUINCHAO</SimpleData>
		<SimpleData name="LONMUROS">14</SimpleData>
		<SimpleData name="LONESCOLLE">0</SimpleData>
		<SimpleData name="LONMUELLE">0</SimpleData>
		<SimpleData name="LONRAMPCO">0</SimpleData>
		<SimpleData name="LONRAMPA">88</SimpleData>
		<SimpleData name="LONRAMPAVA">0</SimpleData>
		<SimpleData name="LONPONTON">0</SimpleData>
		<SimpleData name="LONCAMIAC">0</SimpleData>
		<SimpleData name="AREAEXPLAN">0</SimpleData>
		<SimpleData name="BOXUNI">0</SimpleData>
		<SimpleData name="BANO_UNI">0</SimpleData>
		<SimpleData name="TIPOGEOM">1</SimpleData>
		<SimpleData name="GLOBALID">{CB2F1BD0-364D-41DB-B63D-FBD3AF692952}</SimpleData>
		<SimpleData name="SALAREUNI">0</SimpleData>
		<SimpleData name="PLAYAARTIF">0</SimpleData>
		<SimpleData name="PASEOCOSTE">0</SimpleData>
		<SimpleData name="ESTADOGRAL">BUENO</SimpleData>
		<SimpleData name="GRUAOPESC">0</SimpleData>
		<SimpleData name="LONSALAADM">1</SimpleData>
		<SimpleData name="LONSALVENT">0</SimpleData>
		<SimpleData name="SALAPROC">0</SimpleData>
		<SimpleData name="AREABODEGA">0</SimpleData>
		<SimpleData name="AREACAFRI">0</SimpleData>
		<SimpleData name="AREAREFUG">1</SimpleData>
		<SimpleData name="AREAGALPON">0</SimpleData>
		<SimpleData name="PROGRAMA">CONEXIÓN</SimpleData>
		<SimpleData name="IMAGEN">http://colabora.mop.gov.cl/sites/dop/dptopl/dp/Documentos%20compartidos/Imágenes%20para%20el%20Modelo%20de%20Datos/10-%20LOS%20LAGOS/10-127.jpg</SimpleData>
		<SimpleData name="MXLOCATION">10210-71</SimpleData>
		<SimpleData name="MXSITEID">DOP</SimpleData>
		<SimpleData name="COD_REG">0</SimpleData>
	</SchemaData></ExtendedData>
      <Point><coordinates>-73.4031216179999,-42.5781008509999</coordinates></Point>
  </Placemark>
  <Placemark id="infraestructura_portuaria.277">
	<ExtendedData><SchemaData schemaUrl="#infraestructura_portuaria">
		<SimpleData name="OBJECTID_1">277</SimpleData>
		<SimpleData name="OBJECTID">2652</SimpleData>
		<SimpleData name="CODOBRA">12-03</SimpleData>
		<SimpleData name="TIPOOBRA">10</SimpleData>
		<SimpleData name="DESCOBRA">RAMPA TERMINAL PASAJEROS PTO. WILLIAMS</SimpleData>
		<SimpleData name="CODCOMUNA">ANTÁRTICA CHILENA</SimpleData>
		<SimpleData name="LONMUROS">169</SimpleData>
		<SimpleData name="LONESCOLLE">116</SimpleData>
		<SimpleData name="LONMUELLE">36</SimpleData>
		<SimpleData name="LONRAMPCO">36</SimpleData>
		<SimpleData name="LONRAMPA">0</SimpleData>
		<SimpleData name="LONRAMPAVA">0</SimpleData>
		<SimpleData name="LONPONTON">0</SimpleData>
		<SimpleData name="LONCAMIAC">0</SimpleData>
		<SimpleData name="AREAEXPLAN">2200</SimpleData>
		<SimpleData name="BOXUNI">0</SimpleData>
		<SimpleData name="BANO_UNI">0</SimpleData>
		<SimpleData name="TIPOGEOM">1</SimpleData>
		<SimpleData name="GLOBALID">{7B3CEDBB-89B4-47AB-AB73-E70A0EEFC0FB}</SimpleData>
		<SimpleData name="SALAREUNI">0</SimpleData>
		<SimpleData name="PLAYAARTIF">0</SimpleData>
		<SimpleData name="PASEOCOSTE">0</SimpleData>
		<SimpleData name="ESTADOGRAL">MUY BUENO</SimpleData>
		<SimpleData name="GRUAOPESC">0</SimpleData>
		<SimpleData name="LONSALAADM">1</SimpleData>
		<SimpleData name="LONSALVENT">0</SimpleData>
		<SimpleData name="SALAPROC">0</SimpleData>
		<SimpleData name="AREABODEGA">0</SimpleData>
		<SimpleData name="AREACAFRI">0</SimpleData>
		<SimpleData name="AREAREFUG">1</SimpleData>
		<SimpleData name="AREAGALPON">0</SimpleData>
		<SimpleData name="PROGRAMA">CONEXIÓN</SimpleData>
		<SimpleData name="IMAGEN">http://colabora.mop.gov.cl/sites/dop/dptopl/dp/Documentos%20compartidos/Imágenes%20para%20el%20Modelo%20de%20Datos/12-%20MAGALLANES/12-03.jpg</SimpleData>
		<SimpleData name="MXLOCATION">12201-03</SimpleData>
		<SimpleData name="MXSITEID">DOP</SimpleData>
		<SimpleData name="COD_REG">0</SimpleData>
	</SchemaData></ExtendedData>
      <Point><coordinates>-67.597547014,-54.932498454</coordinates></Point>
  </Placemark>
  <Placemark id="infraestructura_portuaria.278">
	<ExtendedData><SchemaData schemaUrl="#infraestructura_portuaria">
		<SimpleData name="OBJECTID_1">278</SimpleData>
		<SimpleData name="OBJECTID">2653</SimpleData>
		<SimpleData name="CODOBRA">11-48</SimpleData>
		<SimpleData name="TIPOOBRA">10</SimpleData>
		<SimpleData name="DESCOBRA">EMBARCADERO PUERTO IBANEZ</SimpleData>
		<SimpleData name="CODCOMUNA">AISEN</SimpleData>
		<SimpleData name="LONMUROS">115</SimpleData>
		<SimpleData name="LONESCOLLE">155</SimpleData>
		<SimpleData name="LONMUELLE">0</SimpleData>
		<SimpleData name="LONRAMPCO">0</SimpleData>
		<SimpleData name="LONRAMPA">141</SimpleData>
		<SimpleData name="LONRAMPAVA">0</SimpleData>
		<SimpleData name="LONPONTON">0</SimpleData>
		<SimpleData name="LONCAMIAC">45</SimpleData>
		<SimpleData name="AREAEXPLAN">2800</SimpleData>
		<SimpleData name="BOXUNI">0</SimpleData>
		<SimpleData name="BANO_UNI">0</SimpleData>
		<SimpleData name="TIPOGEOM">1</SimpleData>
		<SimpleData name="GLOBALID">{6AF4FB82-8668-433A-9793-DA565E9F5E22}</SimpleData>
		<SimpleData name="SALAREUNI">0</SimpleData>
		<SimpleData name="PLAYAARTIF">0</SimpleData>
		<SimpleData name="PASEOCOSTE">0</SimpleData>
		<SimpleData name="ESTADOGRAL">MUY BUENO</SimpleData>
		<SimpleData name="GRUAOPESC">0</SimpleData>
		<SimpleData name="LONSALAADM">0</SimpleData>
		<SimpleData name="LONSALVENT">0</SimpleData>
		<SimpleData name="SALAPROC">0</SimpleData>
		<SimpleData name="AREABODEGA">0</SimpleData>
		<SimpleData name="AREACAFRI">0</SimpleData>
		<SimpleData name="AREAREFUG">1</SimpleData>
		<SimpleData name="AREAGALPON">0</SimpleData>
		<SimpleData name="PROGRAMA">CONEXIÓN</SimpleData>
		<SimpleData name="IMAGEN">http://colabora.mop.gov.cl/sites/dop/dptopl/dp/Documentos%20compartidos/Imágenes%20para%20el%20Modelo%20de%20Datos/11-%20AYSÉN/11-48.JPG</SimpleData>
		<SimpleData name="MXSITEID">DOP</SimpleData>
		<SimpleData name="COD_REG">0</SimpleData>
	</SchemaData></ExtendedData>
      <Point><coordinates>-71.9264378029999,-46.294706119</coordinates></Point>
  </Placemark>
  <Placemark id="infraestructura_portuaria.279">
	<ExtendedData><SchemaData schemaUrl="#infraestructura_portuaria">
		<SimpleData name="OBJECTID_1">279</SimpleData>
		<SimpleData name="OBJECTID">2654</SimpleData>
		<SimpleData name="CODOBRA">11-47</SimpleData>
		<SimpleData name="TIPOOBRA">10</SimpleData>
		<SimpleData name="DESCOBRA">RAMPA BAHIA ROGEL</SimpleData>
		<SimpleData name="CODCOMUNA">AISEN</SimpleData>
		<SimpleData name="LONMUROS">0</SimpleData>
		<SimpleData name="LONESCOLLE">44</SimpleData>
		<SimpleData name="LONMUELLE">0</SimpleData>
		<SimpleData name="LONRAMPCO">0</SimpleData>
		<SimpleData name="LONRAMPA">151</SimpleData>
		<SimpleData name="LONRAMPAVA">0</SimpleData>
		<SimpleData name="LONPONTON">0</SimpleData>
		<SimpleData name="LONCAMIAC">0</SimpleData>
		<SimpleData name="AREAEXPLAN">150</SimpleData>
		<SimpleData name="BOXUNI">0</SimpleData>
		<SimpleData name="BANO_UNI">0</SimpleData>
		<SimpleData name="TIPOGEOM">1</SimpleData>
		<SimpleData name="GLOBALID">{19EE8E9E-087F-4CA5-9A00-3523A0523935}</SimpleData>
		<SimpleData name="SALAREUNI">0</SimpleData>
		<SimpleData name="PLAYAARTIF">0</SimpleData>
		<SimpleData name="PASEOCOSTE">0</SimpleData>
		<SimpleData name="ESTADOGRAL">MUY MALO</SimpleData>
		<SimpleData name="GRUAOPESC">0</SimpleData>
		<SimpleData name="LONSALAADM">0</SimpleData>
		<SimpleData name="LONSALVENT">0</SimpleData>
		<SimpleData name="SALAPROC">0</SimpleData>
		<SimpleData name="AREABODEGA">0</SimpleData>
		<SimpleData name="AREACAFRI">0</SimpleData>
		<SimpleData name="AREAREFUG">0</SimpleData>
		<SimpleData name="AREAGALPON">0</SimpleData>
		<SimpleData name="PROGRAMA">CONEXIÓN</SimpleData>
		<SimpleData name="IMAGEN">http://colabora.mop.gov.cl/sites/dop/dptopl/dp/Documentos%20compartidos/Imágenes%20para%20el%20Modelo%20de%20Datos/11-%20AYSÉN/11-47.JPG</SimpleData>
		<SimpleData name="MXLOCATION">11402-38</SimpleData>
		<SimpleData name="MXSITEID">DOP</SimpleData>
		<SimpleData name="COD_REG">0</SimpleData>
	</SchemaData></ExtendedData>
      <Point><coordinates>-72.683599866,-46.61458928</coordinates></Point>
  </Placemark>
  <Placemark id="infraestructura_portuaria.280">
	<ExtendedData><SchemaData schemaUrl="#infraestructura_portuaria">
		<SimpleData name="OBJECTID_1">280</SimpleData>
		<SimpleData name="OBJECTID">2655</SimpleData>
		<SimpleData name="CODOBRA">11-35</SimpleData>
		<SimpleData name="TIPOOBRA">10</SimpleData>
		<SimpleData name="DESCOBRA">RAMPA PUERTO CISNES</SimpleData>
		<SimpleData name="CODCOMUNA">AISEN</SimpleData>
		<SimpleData name="LONMUROS">0</SimpleData>
		<SimpleData name="LONESCOLLE">126</SimpleData>
		<SimpleData name="LONMUELLE">0</SimpleData>
		<SimpleData name="LONRAMPCO">0</SimpleData>
		<SimpleData name="LONRAMPA">320</SimpleData>
		<SimpleData name="LONRAMPAVA">0</SimpleData>
		<SimpleData name="LONPONTON">0</SimpleData>
		<SimpleData name="LONCAMIAC">45</SimpleData>
		<SimpleData name="AREAEXPLAN">442</SimpleData>
		<SimpleData name="BOXUNI">0</SimpleData>
		<SimpleData name="BANO_UNI">0</SimpleData>
		<SimpleData name="TIPOGEOM">1</SimpleData>
		<SimpleData name="GLOBALID">{0C1F1878-2F44-4B52-B16E-7D9BC027CC0C}</SimpleData>
		<SimpleData name="SALAREUNI">0</SimpleData>
		<SimpleData name="PLAYAARTIF">0</SimpleData>
		<SimpleData name="PASEOCOSTE">0</SimpleData>
		<SimpleData name="ESTADOGRAL">REGULAR</SimpleData>
		<SimpleData name="GRUAOPESC">0</SimpleData>
		<SimpleData name="LONSALAADM">0</SimpleData>
		<SimpleData name="LONSALVENT">0</SimpleData>
		<SimpleData name="SALAPROC">0</SimpleData>
		<SimpleData name="AREABODEGA">0</SimpleData>
		<SimpleData name="AREACAFRI">0</SimpleData>
		<SimpleData name="AREAREFUG">1</SimpleData>
		<SimpleData name="AREAGALPON">0</SimpleData>
		<SimpleData name="PROGRAMA">CONEXIÓN</SimpleData>
		<SimpleData name="IMAGEN">http://colabora.mop.gov.cl/sites/dop/dptopl/dp/Documentos%20compartidos/Imágenes%20para%20el%20Modelo%20de%20Datos/11-%20AYSÉN/11-35.JPG</SimpleData>
		<SimpleData name="MXLOCATION">11301-27</SimpleData>
		<SimpleData name="MXSITEID">DOP</SimpleData>
		<SimpleData name="COD_REG">0</SimpleData>
	</SchemaData></ExtendedData>
      <Point><coordinates>-72.6879726,-44.724358609</coordinates></Point>
  </Placemark>
  <Placemark id="infraestructura_portuaria.281">
	<ExtendedData><SchemaData schemaUrl="#infraestructura_portuaria">
		<SimpleData name="OBJECTID_1">281</SimpleData>
		<SimpleData name="OBJECTID">2656</SimpleData>
		<SimpleData name="CODOBRA">11-32</SimpleData>
		<SimpleData name="TIPOOBRA">10</SimpleData>
		<SimpleData name="DESCOBRA">RAMPA MELIMOYU</SimpleData>
		<SimpleData name="CODCOMUNA">AISEN</SimpleData>
		<SimpleData name="LONMUROS">10</SimpleData>
		<SimpleData name="LONESCOLLE">0</SimpleData>
		<SimpleData name="LONMUELLE">0</SimpleData>
		<SimpleData name="LONRAMPCO">0</SimpleData>
		<SimpleData name="LONRAMPA">50</SimpleData>
		<SimpleData name="LONRAMPAVA">0</SimpleData>
		<SimpleData name="LONPONTON">0</SimpleData>
		<SimpleData name="LONCAMIAC">0</SimpleData>
		<SimpleData name="AREAEXPLAN">81.25</SimpleData>
		<SimpleData name="BOXUNI">0</SimpleData>
		<SimpleData name="BANO_UNI">0</SimpleData>
		<SimpleData name="TIPOGEOM">1</SimpleData>
		<SimpleData name="GLOBALID">{04433751-A988-435E-AE5D-D6B3FFA0BD97}</SimpleData>
		<SimpleData name="SALAREUNI">0</SimpleData>
		<SimpleData name="PLAYAARTIF">0</SimpleData>
		<SimpleData name="PASEOCOSTE">0</SimpleData>
		<SimpleData name="ESTADOGRAL">MALO</SimpleData>
		<SimpleData name="GRUAOPESC">0</SimpleData>
		<SimpleData name="LONSALAADM">0</SimpleData>
		<SimpleData name="LONSALVENT">0</SimpleData>
		<SimpleData name="SALAPROC">0</SimpleData>
		<SimpleData name="AREABODEGA">0</SimpleData>
		<SimpleData name="AREACAFRI">0</SimpleData>
		<SimpleData name="AREAREFUG">1</SimpleData>
		<SimpleData name="AREAGALPON">0</SimpleData>
		<SimpleData name="PROGRAMA">CONEXIÓN</SimpleData>
		<SimpleData name="IMAGEN">http://colabora.mop.gov.cl/sites/dop/dptopl/dp/Documentos%20compartidos/Imágenes%20para%20el%20Modelo%20de%20Datos/11-%20AYSÉN/11-32.JPG</SimpleData>
		<SimpleData name="MXLOCATION">11202-14</SimpleData>
		<SimpleData name="MXSITEID">DOP</SimpleData>
		<SimpleData name="COD_REG">0</SimpleData>
	</SchemaData></ExtendedData>
      <Point><coordinates>-73.1235219129999,-44.103679469</coordinates></Point>
  </Placemark>
  <Placemark id="infraestructura_portuaria.282">
	<ExtendedData><SchemaData schemaUrl="#infraestructura_portuaria">
		<SimpleData name="OBJECTID_1">282</SimpleData>
		<SimpleData name="OBJECTID">2657</SimpleData>
		<SimpleData name="CODOBRA">11-31</SimpleData>
		<SimpleData name="TIPOOBRA">10</SimpleData>
		<SimpleData name="DESCOBRA">RAMPA LEVICAN</SimpleData>
		<SimpleData name="CODCOMUNA">AISEN</SimpleData>
		<SimpleData name="LONMUROS">0</SimpleData>
		<SimpleData name="LONESCOLLE">44</SimpleData>
		<SimpleData name="LONMUELLE">0</SimpleData>
		<SimpleData name="LONRAMPCO">0</SimpleData>
		<SimpleData name="LONRAMPA">151</SimpleData>
		<SimpleData name="LONRAMPAVA">0</SimpleData>
		<SimpleData name="LONPONTON">0</SimpleData>
		<SimpleData name="LONCAMIAC">30</SimpleData>
		<SimpleData name="AREAEXPLAN">0</SimpleData>
		<SimpleData name="BOXUNI">0</SimpleData>
		<SimpleData name="BANO_UNI">0</SimpleData>
		<SimpleData name="TIPOGEOM">1</SimpleData>
		<SimpleData name="GLOBALID">{0490AAA2-E56F-4CFF-9071-D0B2C6D5D384}</SimpleData>
		<SimpleData name="SALAREUNI">0</SimpleData>
		<SimpleData name="PLAYAARTIF">0</SimpleData>
		<SimpleData name="PASEOCOSTE">0</SimpleData>
		<SimpleData name="ESTADOGRAL">REGULAR</SimpleData>
		<SimpleData name="GRUAOPESC">0</SimpleData>
		<SimpleData name="LONSALAADM">0</SimpleData>
		<SimpleData name="LONSALVENT">0</SimpleData>
		<SimpleData name="SALAPROC">0</SimpleData>
		<SimpleData name="AREABODEGA">0</SimpleData>
		<SimpleData name="AREACAFRI">0</SimpleData>
		<SimpleData name="AREAREFUG">0</SimpleData>
		<SimpleData name="AREAGALPON">0</SimpleData>
		<SimpleData name="PROGRAMA">CONEXIÓN</SimpleData>
		<SimpleData name="IMAGEN">http://colabora.mop.gov.cl/sites/dop/dptopl/dp/Documentos%20compartidos/Imágenes%20para%20el%20Modelo%20de%20Datos/11-%20AYSÉN/11-31.JPG</SimpleData>
		<SimpleData name="MXSITEID">DOP</SimpleData>
		<SimpleData name="COD_REG">0</SimpleData>
	</SchemaData></ExtendedData>
      <Point><coordinates>-71.8531836989999,-46.385639934</coordinates></Point>
  </Placemark>
  <Placemark id="infraestructura_portuaria.283">
	<ExtendedData><SchemaData schemaUrl="#infraestructura_portuaria">
		<SimpleData name="OBJECTID_1">283</SimpleData>
		<SimpleData name="OBJECTID">2658</SimpleData>
		<SimpleData name="CODOBRA">11-30</SimpleData>
		<SimpleData name="TIPOOBRA">10</SimpleData>
		<SimpleData name="DESCOBRA">RAMPA ISLA TOTO</SimpleData>
		<SimpleData name="CODCOMUNA">AISEN</SimpleData>
		<SimpleData name="LONMUROS">180</SimpleData>
		<SimpleData name="LONESCOLLE">0</SimpleData>
		<SimpleData name="LONMUELLE">0</SimpleData>
		<SimpleData name="LONRAMPCO">0</SimpleData>
		<SimpleData name="LONRAMPA">128</SimpleData>
		<SimpleData name="LONRAMPAVA">0</SimpleData>
		<SimpleData name="LONPONTON">0</SimpleData>
		<SimpleData name="LONCAMIAC">0</SimpleData>
		<SimpleData name="AREAEXPLAN">152.5</SimpleData>
		<SimpleData name="BOXUNI">0</SimpleData>
		<SimpleData name="BANO_UNI">0</SimpleData>
		<SimpleData name="TIPOGEOM">1</SimpleData>
		<SimpleData name="GLOBALID">{D46EC4DC-8A78-488C-B2EB-ECA3E7BCAD15}</SimpleData>
		<SimpleData name="SALAREUNI">0</SimpleData>
		<SimpleData name="PLAYAARTIF">0</SimpleData>
		<SimpleData name="PASEOCOSTE">0</SimpleData>
		<SimpleData name="ESTADOGRAL">MUY BUENO</SimpleData>
		<SimpleData name="GRUAOPESC">0</SimpleData>
		<SimpleData name="LONSALAADM">0</SimpleData>
		<SimpleData name="LONSALVENT">0</SimpleData>
		<SimpleData name="SALAPROC">0</SimpleData>
		<SimpleData name="AREABODEGA">0</SimpleData>
		<SimpleData name="AREACAFRI">0</SimpleData>
		<SimpleData name="AREAREFUG">1</SimpleData>
		<SimpleData name="AREAGALPON">0</SimpleData>
		<SimpleData name="PROGRAMA">CONEXIÓN</SimpleData>
		<SimpleData name="IMAGEN">http://colabora.mop.gov.cl/sites/dop/dptopl/dp/Documentos%20compartidos/Imágenes%20para%20el%20Modelo%20de%20Datos/11-%20AYSÉN/11-30.JPG</SimpleData>
		<SimpleData name="MXLOCATION">11202-13</SimpleData>
		<SimpleData name="MXSITEID">DOP</SimpleData>
		<SimpleData name="COD_REG">0</SimpleData>
	</SchemaData></ExtendedData>
      <Point><coordinates>-73.201815369,-44.258646584</coordinates></Point>
  </Placemark>
  <Placemark id="infraestructura_portuaria.284">
	<ExtendedData><SchemaData schemaUrl="#infraestructura_portuaria">
		<SimpleData name="OBJECTID_1">284</SimpleData>
		<SimpleData name="OBJECTID">2659</SimpleData>
		<SimpleData name="CODOBRA">11-27</SimpleData>
		<SimpleData name="TIPOOBRA">10</SimpleData>
		<SimpleData name="DESCOBRA">RAMPA PUERTO YUNGAY</SimpleData>
		<SimpleData name="CODCOMUNA">AISEN</SimpleData>
		<SimpleData name="LONMUROS">46</SimpleData>
		<SimpleData name="LONESCOLLE">86</SimpleData>
		<SimpleData name="LONMUELLE">0</SimpleData>
		<SimpleData name="LONRAMPCO">0</SimpleData>
		<SimpleData name="LONRAMPA">294</SimpleData>
		<SimpleData name="LONRAMPAVA">0</SimpleData>
		<SimpleData name="LONPONTON">0</SimpleData>
		<SimpleData name="LONCAMIAC">100</SimpleData>
		<SimpleData name="AREAEXPLAN">80</SimpleData>
		<SimpleData name="BOXUNI">0</SimpleData>
		<SimpleData name="BANO_UNI">0</SimpleData>
		<SimpleData name="TIPOGEOM">1</SimpleData>
		<SimpleData name="GLOBALID">{4DA3400C-7196-4061-8ADF-339C3C8844F8}</SimpleData>
		<SimpleData name="SALAREUNI">0</SimpleData>
		<SimpleData name="PLAYAARTIF">0</SimpleData>
		<SimpleData name="PASEOCOSTE">0</SimpleData>
		<SimpleData name="ESTADOGRAL">MUY BUENO</SimpleData>
		<SimpleData name="GRUAOPESC">0</SimpleData>
		<SimpleData name="LONSALAADM">0</SimpleData>
		<SimpleData name="LONSALVENT">0</SimpleData>
		<SimpleData name="SALAPROC">0</SimpleData>
		<SimpleData name="AREABODEGA">0</SimpleData>
		<SimpleData name="AREACAFRI">0</SimpleData>
		<SimpleData name="AREAREFUG">1</SimpleData>
		<SimpleData name="AREAGALPON">0</SimpleData>
		<SimpleData name="PROGRAMA">CONEXIÓN</SimpleData>
		<SimpleData name="IMAGEN">http://colabora.mop.gov.cl/sites/dop/dptopl/dp/Documentos%20compartidos/Imágenes%20para%20el%20Modelo%20de%20Datos/11-%20AYSÉN/11-27.JPG</SimpleData>
		<SimpleData name="MXSITEID">DOP</SimpleData>
		<SimpleData name="COD_REG">0</SimpleData>
	</SchemaData></ExtendedData>
      <Point><coordinates>-73.323499921,-47.9351586449999</coordinates></Point>
  </Placemark>
  <Placemark id="infraestructura_portuaria.285">
	<ExtendedData><SchemaData schemaUrl="#infraestructura_portuaria">
		<SimpleData name="OBJECTID_1">285</SimpleData>
		<SimpleData name="OBJECTID">2668</SimpleData>
		<SimpleData name="CODOBRA">09-04</SimpleData>
		<SimpleData name="TIPOOBRA">10</SimpleData>
		<SimpleData name="DESCOBRA">RAMPA CARACOLES 2</SimpleData>
		<SimpleData name="CODCOMUNA">LONQUIMAY</SimpleData>
		<SimpleData name="LONMUROS">0</SimpleData>
		<SimpleData name="LONESCOLLE">0</SimpleData>
		<SimpleData name="LONMUELLE">0</SimpleData>
		<SimpleData name="LONRAMPCO">0</SimpleData>
		<SimpleData name="LONRAMPA">69</SimpleData>
		<SimpleData name="LONRAMPAVA">0</SimpleData>
		<SimpleData name="LONPONTON">0</SimpleData>
		<SimpleData name="LONCAMIAC">0</SimpleData>
		<SimpleData name="AREAEXPLAN">0</SimpleData>
		<SimpleData name="BOXUNI">0</SimpleData>
		<SimpleData name="BANO_UNI">0</SimpleData>
		<SimpleData name="TIPOGEOM">1</SimpleData>
		<SimpleData name="GLOBALID">{F97D6988-FE75-418F-9932-4081C39C6102}</SimpleData>
		<SimpleData name="SALAREUNI">0</SimpleData>
		<SimpleData name="PLAYAARTIF">0</SimpleData>
		<SimpleData name="PASEOCOSTE">0</SimpleData>
		<SimpleData name="ESTADOGRAL">MUY BUENO</SimpleData>
		<SimpleData name="GRUAOPESC">0</SimpleData>
		<SimpleData name="LONSALAADM">0</SimpleData>
		<SimpleData name="LONSALVENT">0</SimpleData>
		<SimpleData name="SALAPROC">0</SimpleData>
		<SimpleData name="AREABODEGA">0</SimpleData>
		<SimpleData name="AREACAFRI">0</SimpleData>
		<SimpleData name="AREAREFUG">0</SimpleData>
		<SimpleData name="AREAGALPON">0</SimpleData>
		<SimpleData name="PROGRAMA">CONEXIÓN</SimpleData>
		<SimpleData name="IMAGEN">http://colabora.mop.gov.cl/sites/dop/dptopl/dp/Documentos%20compartidos/Imágenes%20para%20el%20Modelo%20de%20Datos/9-%20ARAUCANÍA/09-04.JPG</SimpleData>
		<SimpleData name="MXSITEID">DOP</SimpleData>
		<SimpleData name="COD_REG">0</SimpleData>
	</SchemaData></ExtendedData>
      <Point><coordinates>-71.292629241,-38.341416309</coordinates></Point>
  </Placemark>
  <Placemark id="infraestructura_portuaria.286">
	<ExtendedData><SchemaData schemaUrl="#infraestructura_portuaria">
		<SimpleData name="OBJECTID_1">286</SimpleData>
		<SimpleData name="OBJECTID">2669</SimpleData>
		<SimpleData name="CODOBRA">09-03</SimpleData>
		<SimpleData name="TIPOOBRA">10</SimpleData>
		<SimpleData name="DESCOBRA">RAMPA CARACOLES 1</SimpleData>
		<SimpleData name="CODCOMUNA">LONQUIMAY</SimpleData>
		<SimpleData name="LONMUROS">0</SimpleData>
		<SimpleData name="LONESCOLLE">0</SimpleData>
		<SimpleData name="LONMUELLE">0</SimpleData>
		<SimpleData name="LONRAMPCO">0</SimpleData>
		<SimpleData name="LONRAMPA">64</SimpleData>
		<SimpleData name="LONRAMPAVA">0</SimpleData>
		<SimpleData name="LONPONTON">0</SimpleData>
		<SimpleData name="LONCAMIAC">0</SimpleData>
		<SimpleData name="AREAEXPLAN">0</SimpleData>
		<SimpleData name="BOXUNI">0</SimpleData>
		<SimpleData name="BANO_UNI">0</SimpleData>
		<SimpleData name="TIPOGEOM">1</SimpleData>
		<SimpleData name="GLOBALID">{A0E93166-16CB-4D77-AE09-EA9C2DA85CDB}</SimpleData>
		<SimpleData name="SALAREUNI">0</SimpleData>
		<SimpleData name="PLAYAARTIF">0</SimpleData>
		<SimpleData name="PASEOCOSTE">0</SimpleData>
		<SimpleData name="ESTADOGRAL">MUY BUENO</SimpleData>
		<SimpleData name="GRUAOPESC">0</SimpleData>
		<SimpleData name="LONSALAADM">0</SimpleData>
		<SimpleData name="LONSALVENT">0</SimpleData>
		<SimpleData name="SALAPROC">0</SimpleData>
		<SimpleData name="AREABODEGA">0</SimpleData>
		<SimpleData name="AREACAFRI">0</SimpleData>
		<SimpleData name="AREAREFUG">0</SimpleData>
		<SimpleData name="AREAGALPON">0</SimpleData>
		<SimpleData name="PROGRAMA">CONEXIÓN</SimpleData>
		<SimpleData name="IMAGEN">http://colabora.mop.gov.cl/sites/dop/dptopl/dp/Documentos%20compartidos/Imágenes%20para%20el%20Modelo%20de%20Datos/9-%20ARAUCANÍA/09-03.JPG</SimpleData>
		<SimpleData name="MXLOCATION">09205-33</SimpleData>
		<SimpleData name="MXSITEID">DOP</SimpleData>
		<SimpleData name="COD_REG">0</SimpleData>
	</SchemaData></ExtendedData>
      <Point><coordinates>-71.293271099,-38.3420249399999</coordinates></Point>
  </Placemark>
  <Placemark id="infraestructura_portuaria.287">
	<ExtendedData><SchemaData schemaUrl="#infraestructura_portuaria">
		<SimpleData name="OBJECTID_1">287</SimpleData>
		<SimpleData name="OBJECTID">2670</SimpleData>
		<SimpleData name="CODOBRA">09-02</SimpleData>
		<SimpleData name="TIPOOBRA">10</SimpleData>
		<SimpleData name="DESCOBRA">RAMPA RAHUE 2</SimpleData>
		<SimpleData name="CODCOMUNA">LONQUIMAY</SimpleData>
		<SimpleData name="LONMUROS">14</SimpleData>
		<SimpleData name="LONESCOLLE">0</SimpleData>
		<SimpleData name="LONMUELLE">0</SimpleData>
		<SimpleData name="LONRAMPCO">0</SimpleData>
		<SimpleData name="LONRAMPA">61</SimpleData>
		<SimpleData name="LONRAMPAVA">0</SimpleData>
		<SimpleData name="LONPONTON">0</SimpleData>
		<SimpleData name="LONCAMIAC">0</SimpleData>
		<SimpleData name="AREAEXPLAN">0</SimpleData>
		<SimpleData name="BOXUNI">0</SimpleData>
		<SimpleData name="BANO_UNI">0</SimpleData>
		<SimpleData name="TIPOGEOM">1</SimpleData>
		<SimpleData name="GLOBALID">{5EF2C9F2-0B82-483C-94E1-D932FE91D525}</SimpleData>
		<SimpleData name="SALAREUNI">0</SimpleData>
		<SimpleData name="PLAYAARTIF">0</SimpleData>
		<SimpleData name="PASEOCOSTE">0</SimpleData>
		<SimpleData name="ESTADOGRAL">MUY BUENO</SimpleData>
		<SimpleData name="GRUAOPESC">0</SimpleData>
		<SimpleData name="LONSALAADM">0</SimpleData>
		<SimpleData name="LONSALVENT">0</SimpleData>
		<SimpleData name="SALAPROC">0</SimpleData>
		<SimpleData name="AREABODEGA">0</SimpleData>
		<SimpleData name="AREACAFRI">0</SimpleData>
		<SimpleData name="AREAREFUG">0</SimpleData>
		<SimpleData name="AREAGALPON">0</SimpleData>
		<SimpleData name="PROGRAMA">CONEXIÓN</SimpleData>
		<SimpleData name="IMAGEN">http://colabora.mop.gov.cl/sites/dop/dptopl/dp/Documentos%20compartidos/Imágenes%20para%20el%20Modelo%20de%20Datos/9-%20ARAUCANÍA/09-02.JPG</SimpleData>
		<SimpleData name="MXSITEID">DOP</SimpleData>
		<SimpleData name="COD_REG">0</SimpleData>
	</SchemaData></ExtendedData>
      <Point><coordinates>-71.2457957139999,-38.40838371</coordinates></Point>
  </Placemark>
  <Placemark id="infraestructura_portuaria.288">
	<ExtendedData><SchemaData schemaUrl="#infraestructura_portuaria">
		<SimpleData name="OBJECTID_1">288</SimpleData>
		<SimpleData name="OBJECTID">2671</SimpleData>
		<SimpleData name="CODOBRA">09-01</SimpleData>
		<SimpleData name="TIPOOBRA">10</SimpleData>
		<SimpleData name="DESCOBRA">RAMPA RAHUE 1</SimpleData>
		<SimpleData name="CODCOMUNA">LONQUIMAY</SimpleData>
		<SimpleData name="LONMUROS">0</SimpleData>
		<SimpleData name="LONESCOLLE">0</SimpleData>
		<SimpleData name="LONMUELLE">0</SimpleData>
		<SimpleData name="LONRAMPCO">0</SimpleData>
		<SimpleData name="LONRAMPA">69</SimpleData>
		<SimpleData name="LONRAMPAVA">0</SimpleData>
		<SimpleData name="LONPONTON">0</SimpleData>
		<SimpleData name="LONCAMIAC">0</SimpleData>
		<SimpleData name="AREAEXPLAN">0</SimpleData>
		<SimpleData name="BOXUNI">0</SimpleData>
		<SimpleData name="BANO_UNI">0</SimpleData>
		<SimpleData name="TIPOGEOM">1</SimpleData>
		<SimpleData name="GLOBALID">{D50F23B3-C314-4436-801A-8415E8928B5F}</SimpleData>
		<SimpleData name="SALAREUNI">0</SimpleData>
		<SimpleData name="PLAYAARTIF">0</SimpleData>
		<SimpleData name="PASEOCOSTE">0</SimpleData>
		<SimpleData name="ESTADOGRAL">MUY BUENO</SimpleData>
		<SimpleData name="GRUAOPESC">0</SimpleData>
		<SimpleData name="LONSALAADM">0</SimpleData>
		<SimpleData name="LONSALVENT">0</SimpleData>
		<SimpleData name="SALAPROC">0</SimpleData>
		<SimpleData name="AREABODEGA">0</SimpleData>
		<SimpleData name="AREACAFRI">0</SimpleData>
		<SimpleData name="AREAREFUG">0</SimpleData>
		<SimpleData name="AREAGALPON">0</SimpleData>
		<SimpleData name="PROGRAMA">CONEXIÓN</SimpleData>
		<SimpleData name="IMAGEN">http://colabora.mop.gov.cl/sites/dop/dptopl/dp/Documentos%20compartidos/Imágenes%20para%20el%20Modelo%20de%20Datos/9-%20ARAUCANÍA/09-01.JPG</SimpleData>
		<SimpleData name="MXLOCATION">09205-32</SimpleData>
		<SimpleData name="MXSITEID">DOP</SimpleData>
		<SimpleData name="COD_REG">0</SimpleData>
	</SchemaData></ExtendedData>
      <Point><coordinates>-71.246491873,-38.408634166</coordinates></Point>
  </Placemark>
  <Placemark id="infraestructura_portuaria.289">
	<ExtendedData><SchemaData schemaUrl="#infraestructura_portuaria">
		<SimpleData name="OBJECTID_1">289</SimpleData>
		<SimpleData name="OBJECTID">2672</SimpleData>
		<SimpleData name="CODOBRA">08-30</SimpleData>
		<SimpleData name="TIPOOBRA">10</SimpleData>
		<SimpleData name="DESCOBRA">RAMPA LOS CAZONES (ISLA MOCHA)</SimpleData>
		<SimpleData name="CODCOMUNA">LEBU</SimpleData>
		<SimpleData name="LONMUROS">228</SimpleData>
		<SimpleData name="LONESCOLLE">0</SimpleData>
		<SimpleData name="LONMUELLE">0</SimpleData>
		<SimpleData name="LONRAMPCO">0</SimpleData>
		<SimpleData name="LONRAMPA">0</SimpleData>
		<SimpleData name="LONRAMPAVA">0</SimpleData>
		<SimpleData name="LONPONTON">0</SimpleData>
		<SimpleData name="LONCAMIAC">0</SimpleData>
		<SimpleData name="AREAEXPLAN">1234</SimpleData>
		<SimpleData name="BOXUNI">0</SimpleData>
		<SimpleData name="BANO_UNI">0</SimpleData>
		<SimpleData name="TIPOGEOM">1</SimpleData>
		<SimpleData name="GLOBALID">{FBF2CB97-27F1-4F35-A5EA-F0F3ECA70768}</SimpleData>
		<SimpleData name="SALAREUNI">0</SimpleData>
		<SimpleData name="PLAYAARTIF">0</SimpleData>
		<SimpleData name="PASEOCOSTE">0</SimpleData>
		<SimpleData name="ESTADOGRAL">BUENO</SimpleData>
		<SimpleData name="GRUAOPESC">0</SimpleData>
		<SimpleData name="LONSALAADM">0</SimpleData>
		<SimpleData name="LONSALVENT">0</SimpleData>
		<SimpleData name="SALAPROC">0</SimpleData>
		<SimpleData name="AREABODEGA">0</SimpleData>
		<SimpleData name="AREACAFRI">0</SimpleData>
		<SimpleData name="AREAREFUG">0</SimpleData>
		<SimpleData name="AREAGALPON">0</SimpleData>
		<SimpleData name="PROGRAMA">CONEXIÓN</SimpleData>
		<SimpleData name="IMAGEN">http://colabora.mop.gov.cl/sites/dop/dptopl/dp/Documentos%20compartidos/Imágenes%20para%20el%20Modelo%20de%20Datos/8-%20BIOBIO/08-30.JPG</SimpleData>
		<SimpleData name="MXLOCATION">08201-09</SimpleData>
		<SimpleData name="MXSITEID">DOP</SimpleData>
		<SimpleData name="COD_REG">0</SimpleData>
	</SchemaData></ExtendedData>
      <Point><coordinates>-73.917479793,-38.3324586959999</coordinates></Point>
  </Placemark>
  <Placemark id="infraestructura_portuaria.290">
	<ExtendedData><SchemaData schemaUrl="#infraestructura_portuaria">
		<SimpleData name="OBJECTID_1">290</SimpleData>
		<SimpleData name="OBJECTID">2673</SimpleData>
		<SimpleData name="CODOBRA">05-24</SimpleData>
		<SimpleData name="TIPOOBRA">10</SimpleData>
		<SimpleData name="DESCOBRA">CARTAGENA</SimpleData>
		<SimpleData name="CODCOMUNA">CARTAGENA</SimpleData>
		<SimpleData name="LONMUROS">61</SimpleData>
		<SimpleData name="LONESCOLLE">0</SimpleData>
		<SimpleData name="LONMUELLE">0</SimpleData>
		<SimpleData name="LONRAMPCO">0</SimpleData>
		<SimpleData name="LONRAMPA">15</SimpleData>
		<SimpleData name="LONRAMPAVA">0</SimpleData>
		<SimpleData name="LONPONTON">0</SimpleData>
		<SimpleData name="LONCAMIAC">0</SimpleData>
		<SimpleData name="AREAEXPLAN">0</SimpleData>
		<SimpleData name="BOXUNI">9</SimpleData>
		<SimpleData name="BANO_UNI">0</SimpleData>
		<SimpleData name="TIPOGEOM">1</SimpleData>
		<SimpleData name="GLOBALID">{4784EF2D-80E8-40E7-80CF-81823C99D16F}</SimpleData>
		<SimpleData name="SALAREUNI">0</SimpleData>
		<SimpleData name="PLAYAARTIF">0</SimpleData>
		<SimpleData name="PASEOCOSTE">0</SimpleData>
		<SimpleData name="ESTADOGRAL">BUENO</SimpleData>
		<SimpleData name="GRUAOPESC">0</SimpleData>
		<SimpleData name="LONSALAADM">0</SimpleData>
		<SimpleData name="LONSALVENT">0</SimpleData>
		<SimpleData name="SALAPROC">0</SimpleData>
		<SimpleData name="AREABODEGA">0</SimpleData>
		<SimpleData name="AREACAFRI">0</SimpleData>
		<SimpleData name="AREAREFUG">0</SimpleData>
		<SimpleData name="AREAGALPON">0</SimpleData>
		<SimpleData name="PROGRAMA">PESCA ARTESANAL</SimpleData>
		<SimpleData name="IMAGEN">http://colabora.mop.gov.cl/sites/dop/dptopl/dp/Documentos%20compartidos/Imágenes%20para%20el%20Modelo%20de%20Datos/5-%20VALPARAÍSO/05-24.JPG</SimpleData>
		<SimpleData name="MXLOCATION">05603-07</SimpleData>
		<SimpleData name="MXSITEID">DOP</SimpleData>
		<SimpleData name="COD_REG">0</SimpleData>
	</SchemaData></ExtendedData>
      <Point><coordinates>-71.6141050589999,-33.550923258</coordinates></Point>
  </Placemark>
  <Placemark id="infraestructura_portuaria.291">
	<ExtendedData><SchemaData schemaUrl="#infraestructura_portuaria">
		<SimpleData name="OBJECTID_1">291</SimpleData>
		<SimpleData name="OBJECTID">2674</SimpleData>
		<SimpleData name="CODOBRA">14-8</SimpleData>
		<SimpleData name="TIPOOBRA">10</SimpleData>
		<SimpleData name="DESCOBRA">RAMPA Y REFUGIO TRANSBORDADOR NIEBLA CORRAL</SimpleData>
		<SimpleData name="CODCOMUNA">CORRAL</SimpleData>
		<SimpleData name="LONMUROS">127</SimpleData>
		<SimpleData name="LONESCOLLE">69</SimpleData>
		<SimpleData name="LONMUELLE">0</SimpleData>
		<SimpleData name="LONRAMPCO">0</SimpleData>
		<SimpleData name="LONRAMPA">612</SimpleData>
		<SimpleData name="LONRAMPAVA">0</SimpleData>
		<SimpleData name="LONPONTON">0</SimpleData>
		<SimpleData name="LONCAMIAC">0</SimpleData>
		<SimpleData name="AREAEXPLAN">518.75</SimpleData>
		<SimpleData name="BOXUNI">0</SimpleData>
		<SimpleData name="BANO_UNI">0</SimpleData>
		<SimpleData name="TIPOGEOM">1</SimpleData>
		<SimpleData name="GLOBALID">{4CADB71C-E8DC-4240-A62C-8E2CDC6BE1F8}</SimpleData>
		<SimpleData name="SALAREUNI">0</SimpleData>
		<SimpleData name="PLAYAARTIF">0</SimpleData>
		<SimpleData name="PASEOCOSTE">0</SimpleData>
		<SimpleData name="ESTADOGRAL">BUENO</SimpleData>
		<SimpleData name="GRUAOPESC">0</SimpleData>
		<SimpleData name="LONSALAADM">0</SimpleData>
		<SimpleData name="LONSALVENT">0</SimpleData>
		<SimpleData name="SALAPROC">0</SimpleData>
		<SimpleData name="AREABODEGA">0</SimpleData>
		<SimpleData name="AREACAFRI">0</SimpleData>
		<SimpleData name="AREAREFUG">1</SimpleData>
		<SimpleData name="AREAGALPON">0</SimpleData>
		<SimpleData name="PROGRAMA">CONEXIÓN</SimpleData>
		<SimpleData name="IMAGEN">http://colabora.mop.gov.cl/sites/dop/dptopl/dp/Documentos%20compartidos/Imágenes%20para%20el%20Modelo%20de%20Datos/14-%20LOS%20RIOS/14-8.jpg</SimpleData>
		<SimpleData name="MXLOCATION">14102-08</SimpleData>
		<SimpleData name="MXSITEID">DOP</SimpleData>
		<SimpleData name="COD_REG">0</SimpleData>
	</SchemaData></ExtendedData>
      <Point><coordinates>-73.4246810449999,-39.8823113999999</coordinates></Point>
  </Placemark>
  <Placemark id="infraestructura_portuaria.292">
	<ExtendedData><SchemaData schemaUrl="#infraestructura_portuaria">
		<SimpleData name="OBJECTID_1">292</SimpleData>
		<SimpleData name="OBJECTID">2714</SimpleData>
		<SimpleData name="CODOBRA">07-04</SimpleData>
		<SimpleData name="TIPOOBRA">13</SimpleData>
		<SimpleData name="DESCOBRA">ESPIGON RIO MATAQUITO</SimpleData>
		<SimpleData name="CODCOMUNA">LICANTÉN</SimpleData>
		<SimpleData name="LONMUROS">0</SimpleData>
		<SimpleData name="LONESCOLLE">0</SimpleData>
		<SimpleData name="LONMUELLE">0</SimpleData>
		<SimpleData name="LONRAMPCO">0</SimpleData>
		<SimpleData name="LONRAMPA">0</SimpleData>
		<SimpleData name="LONRAMPAVA">0</SimpleData>
		<SimpleData name="LONPONTON">0</SimpleData>
		<SimpleData name="LONCAMIAC">0</SimpleData>
		<SimpleData name="AREAEXPLAN">0</SimpleData>
		<SimpleData name="BOXUNI">0</SimpleData>
		<SimpleData name="BANO_UNI">0</SimpleData>
		<SimpleData name="TIPOGEOM">1</SimpleData>
		<SimpleData name="GLOBALID">{4AE1465A-4E19-4E77-9658-A1D764AD5F07}</SimpleData>
		<SimpleData name="SALAREUNI">0</SimpleData>
		<SimpleData name="PLAYAARTIF">0</SimpleData>
		<SimpleData name="PASEOCOSTE">40</SimpleData>
		<SimpleData name="ESTADOGRAL">BUENO</SimpleData>
		<SimpleData name="GRUAOPESC">0</SimpleData>
		<SimpleData name="LONSALAADM">0</SimpleData>
		<SimpleData name="LONSALVENT">0</SimpleData>
		<SimpleData name="SALAPROC">0</SimpleData>
		<SimpleData name="AREABODEGA">0</SimpleData>
		<SimpleData name="AREACAFRI">0</SimpleData>
		<SimpleData name="AREAREFUG">0</SimpleData>
		<SimpleData name="AREAGALPON">0</SimpleData>
		<SimpleData name="PROGRAMA">PROTECCION DE RIBERA</SimpleData>
		<SimpleData name="IMAGEN">http://colabora.mop.gov.cl/sites/dop/dptopl/dp/Documentos%20compartidos/Imágenes%20para%20el%20Modelo%20de%20Datos/7-%20MAULE/07-04.JPG</SimpleData>
		<SimpleData name="MXLOCATION">07303-05</SimpleData>
		<SimpleData name="MXSITEID">DOP</SimpleData>
		<SimpleData name="COD_REG">0</SimpleData>
	</SchemaData></ExtendedData>
      <Point><coordinates>-72.184618214,-34.9670398539999</coordinates></Point>
  </Placemark>
  <Placemark id="infraestructura_portuaria.293">
	<ExtendedData><SchemaData schemaUrl="#infraestructura_portuaria">
		<SimpleData name="OBJECTID_1">293</SimpleData>
		<SimpleData name="OBJECTID">2715</SimpleData>
		<SimpleData name="CODOBRA">07-06</SimpleData>
		<SimpleData name="TIPOOBRA">13</SimpleData>
		<SimpleData name="DESCOBRA">ESPIGON ORREGO</SimpleData>
		<SimpleData name="CODCOMUNA">CONSTITUCIÓN</SimpleData>
		<SimpleData name="LONMUROS">0</SimpleData>
		<SimpleData name="LONESCOLLE">0</SimpleData>
		<SimpleData name="LONMUELLE">0</SimpleData>
		<SimpleData name="LONRAMPCO">0</SimpleData>
		<SimpleData name="LONRAMPA">0</SimpleData>
		<SimpleData name="LONRAMPAVA">0</SimpleData>
		<SimpleData name="LONPONTON">0</SimpleData>
		<SimpleData name="LONCAMIAC">0</SimpleData>
		<SimpleData name="AREAEXPLAN">0</SimpleData>
		<SimpleData name="BOXUNI">0</SimpleData>
		<SimpleData name="BANO_UNI">0</SimpleData>
		<SimpleData name="TIPOGEOM">1</SimpleData>
		<SimpleData name="GLOBALID">{8CAA5742-15C0-4B70-88C9-7C9D265FB1FD}</SimpleData>
		<SimpleData name="SALAREUNI">0</SimpleData>
		<SimpleData name="PLAYAARTIF">0</SimpleData>
		<SimpleData name="PASEOCOSTE">0</SimpleData>
		<SimpleData name="ESTADOGRAL">BUENO</SimpleData>
		<SimpleData name="GRUAOPESC">0</SimpleData>
		<SimpleData name="LONSALAADM">0</SimpleData>
		<SimpleData name="LONSALVENT">0</SimpleData>
		<SimpleData name="SALAPROC">0</SimpleData>
		<SimpleData name="AREABODEGA">0</SimpleData>
		<SimpleData name="AREACAFRI">0</SimpleData>
		<SimpleData name="AREAREFUG">0</SimpleData>
		<SimpleData name="AREAGALPON">0</SimpleData>
		<SimpleData name="PROGRAMA">PROTECCION DE RIBERA</SimpleData>
		<SimpleData name="IMAGEN">http://colabora.mop.gov.cl/sites/dop/dptopl/dp/Documentos%20compartidos/Imágenes%20para%20el%20Modelo%20de%20Datos/7-%20MAULE/07-06.JPG</SimpleData>
		<SimpleData name="MXLOCATION">07102-09</SimpleData>
		<SimpleData name="MXSITEID">DOP</SimpleData>
		<SimpleData name="COD_REG">0</SimpleData>
	</SchemaData></ExtendedData>
      <Point><coordinates>-72.402880512,-35.3336018529999</coordinates></Point>
  </Placemark>
  <Placemark id="infraestructura_portuaria.294">
	<ExtendedData><SchemaData schemaUrl="#infraestructura_portuaria">
		<SimpleData name="OBJECTID_1">294</SimpleData>
		<SimpleData name="OBJECTID">2716</SimpleData>
		<SimpleData name="CODOBRA">07-09</SimpleData>
		<SimpleData name="TIPOOBRA">13</SimpleData>
		<SimpleData name="DESCOBRA">ESPIGON QUIVOLGO</SimpleData>
		<SimpleData name="CODCOMUNA">CONSTITUCIÓN</SimpleData>
		<SimpleData name="LONMUROS">0</SimpleData>
		<SimpleData name="LONESCOLLE">0</SimpleData>
		<SimpleData name="LONMUELLE">0</SimpleData>
		<SimpleData name="LONRAMPCO">0</SimpleData>
		<SimpleData name="LONRAMPA">0</SimpleData>
		<SimpleData name="LONRAMPAVA">0</SimpleData>
		<SimpleData name="LONPONTON">0</SimpleData>
		<SimpleData name="LONCAMIAC">0</SimpleData>
		<SimpleData name="AREAEXPLAN">0</SimpleData>
		<SimpleData name="BOXUNI">0</SimpleData>
		<SimpleData name="BANO_UNI">0</SimpleData>
		<SimpleData name="TIPOGEOM">1</SimpleData>
		<SimpleData name="GLOBALID">{70A92CF1-4FE8-45C5-A137-0BAA63281E33}</SimpleData>
		<SimpleData name="SALAREUNI">0</SimpleData>
		<SimpleData name="PLAYAARTIF">0</SimpleData>
		<SimpleData name="PASEOCOSTE">0</SimpleData>
		<SimpleData name="ESTADOGRAL">BUENO</SimpleData>
		<SimpleData name="GRUAOPESC">0</SimpleData>
		<SimpleData name="LONSALAADM">0</SimpleData>
		<SimpleData name="LONSALVENT">0</SimpleData>
		<SimpleData name="SALAPROC">0</SimpleData>
		<SimpleData name="AREABODEGA">0</SimpleData>
		<SimpleData name="AREACAFRI">0</SimpleData>
		<SimpleData name="AREAREFUG">0</SimpleData>
		<SimpleData name="AREAGALPON">0</SimpleData>
		<SimpleData name="PROGRAMA">PROTECCION DE RIBERA</SimpleData>
		<SimpleData name="IMAGEN">http://colabora.mop.gov.cl/sites/dop/dptopl/dp/Documentos%20compartidos/Imágenes%20para%20el%20Modelo%20de%20Datos/7-%20MAULE/07-09.JPG</SimpleData>
		<SimpleData name="MXLOCATION">07102-12</SimpleData>
		<SimpleData name="MXSITEID">DOP</SimpleData>
		<SimpleData name="COD_REG">0</SimpleData>
	</SchemaData></ExtendedData>
      <Point><coordinates>-72.4017813099999,-35.319936399</coordinates></Point>
  </Placemark>
  <Placemark id="infraestructura_portuaria.295">
	<ExtendedData><SchemaData schemaUrl="#infraestructura_portuaria">
		<SimpleData name="OBJECTID_1">295</SimpleData>
		<SimpleData name="OBJECTID">2717</SimpleData>
		<SimpleData name="CODOBRA">07-08</SimpleData>
		<SimpleData name="TIPOOBRA">13</SimpleData>
		<SimpleData name="DESCOBRA">ESPIGON FISCAL</SimpleData>
		<SimpleData name="CODCOMUNA">CONSTITUCIÓN</SimpleData>
		<SimpleData name="LONMUROS">0</SimpleData>
		<SimpleData name="LONESCOLLE">0</SimpleData>
		<SimpleData name="LONMUELLE">0</SimpleData>
		<SimpleData name="LONRAMPCO">0</SimpleData>
		<SimpleData name="LONRAMPA">0</SimpleData>
		<SimpleData name="LONRAMPAVA">0</SimpleData>
		<SimpleData name="LONPONTON">0</SimpleData>
		<SimpleData name="LONCAMIAC">0</SimpleData>
		<SimpleData name="AREAEXPLAN">0</SimpleData>
		<SimpleData name="BOXUNI">0</SimpleData>
		<SimpleData name="BANO_UNI">0</SimpleData>
		<SimpleData name="TIPOGEOM">1</SimpleData>
		<SimpleData name="GLOBALID">{B59E38B6-9FD6-49D9-AD8C-059C3ED8D51F}</SimpleData>
		<SimpleData name="SALAREUNI">0</SimpleData>
		<SimpleData name="PLAYAARTIF">0</SimpleData>
		<SimpleData name="PASEOCOSTE">0</SimpleData>
		<SimpleData name="ESTADOGRAL">BUENO</SimpleData>
		<SimpleData name="GRUAOPESC">0</SimpleData>
		<SimpleData name="LONSALAADM">0</SimpleData>
		<SimpleData name="LONSALVENT">0</SimpleData>
		<SimpleData name="SALAPROC">0</SimpleData>
		<SimpleData name="AREABODEGA">0</SimpleData>
		<SimpleData name="AREACAFRI">0</SimpleData>
		<SimpleData name="AREAREFUG">0</SimpleData>
		<SimpleData name="AREAGALPON">0</SimpleData>
		<SimpleData name="PROGRAMA">PROTECCION DE RIBERA</SimpleData>
		<SimpleData name="IMAGEN">http://colabora.mop.gov.cl/sites/dop/dptopl/dp/Documentos%20compartidos/Imágenes%20para%20el%20Modelo%20de%20Datos/7-%20MAULE/07-08.JPG</SimpleData>
		<SimpleData name="MXLOCATION">07102-11</SimpleData>
		<SimpleData name="MXSITEID">DOP</SimpleData>
		<SimpleData name="COD_REG">0</SimpleData>
	</SchemaData></ExtendedData>
      <Point><coordinates>-72.3954068799999,-35.340651865</coordinates></Point>
  </Placemark>
  <Placemark id="infraestructura_portuaria.296">
	<ExtendedData><SchemaData schemaUrl="#infraestructura_portuaria">
		<SimpleData name="OBJECTID_1">296</SimpleData>
		<SimpleData name="OBJECTID">2718</SimpleData>
		<SimpleData name="CODOBRA">07-07</SimpleData>
		<SimpleData name="TIPOOBRA">13</SimpleData>
		<SimpleData name="DESCOBRA">ESPIGON PIEDRA EL DIQUE</SimpleData>
		<SimpleData name="CODCOMUNA">CONSTITUCIÓN</SimpleData>
		<SimpleData name="LONMUROS">0</SimpleData>
		<SimpleData name="LONESCOLLE">0</SimpleData>
		<SimpleData name="LONMUELLE">0</SimpleData>
		<SimpleData name="LONRAMPCO">0</SimpleData>
		<SimpleData name="LONRAMPA">0</SimpleData>
		<SimpleData name="LONRAMPAVA">0</SimpleData>
		<SimpleData name="LONPONTON">0</SimpleData>
		<SimpleData name="LONCAMIAC">0</SimpleData>
		<SimpleData name="AREAEXPLAN">0</SimpleData>
		<SimpleData name="BOXUNI">0</SimpleData>
		<SimpleData name="BANO_UNI">0</SimpleData>
		<SimpleData name="TIPOGEOM">1</SimpleData>
		<SimpleData name="GLOBALID">{5F9B4738-547A-47D1-8761-99E36D0896EF}</SimpleData>
		<SimpleData name="SALAREUNI">0</SimpleData>
		<SimpleData name="PLAYAARTIF">0</SimpleData>
		<SimpleData name="PASEOCOSTE">0</SimpleData>
		<SimpleData name="ESTADOGRAL">BUENO</SimpleData>
		<SimpleData name="GRUAOPESC">0</SimpleData>
		<SimpleData name="LONSALAADM">0</SimpleData>
		<SimpleData name="LONSALVENT">0</SimpleData>
		<SimpleData name="SALAPROC">0</SimpleData>
		<SimpleData name="AREABODEGA">0</SimpleData>
		<SimpleData name="AREACAFRI">0</SimpleData>
		<SimpleData name="AREAREFUG">0</SimpleData>
		<SimpleData name="AREAGALPON">0</SimpleData>
		<SimpleData name="PROGRAMA">PROTECCION DE RIBERA</SimpleData>
		<SimpleData name="IMAGEN">http://colabora.mop.gov.cl/sites/dop/dptopl/dp/Documentos%20compartidos/Imágenes%20para%20el%20Modelo%20de%20Datos/7-%20MAULE/07-07.JPG</SimpleData>
		<SimpleData name="MXLOCATION">07102-10</SimpleData>
		<SimpleData name="MXSITEID">DOP</SimpleData>
		<SimpleData name="COD_REG">0</SimpleData>
	</SchemaData></ExtendedData>
      <Point><coordinates>-72.392899488,-35.3422887579999</coordinates></Point>
  </Placemark>
  <Placemark id="infraestructura_portuaria.297">
	<ExtendedData><SchemaData schemaUrl="#infraestructura_portuaria">
		<SimpleData name="OBJECTID_1">297</SimpleData>
		<SimpleData name="OBJECTID">2720</SimpleData>
		<SimpleData name="CODOBRA">02-11</SimpleData>
		<SimpleData name="TIPOOBRA">15</SimpleData>
		<SimpleData name="DESCOBRA">BALNEARIO MUNICIPAL ANTOFAGASTA</SimpleData>
		<SimpleData name="CODCOMUNA">ANTOFAGASTA</SimpleData>
		<SimpleData name="LONMUROS">298</SimpleData>
		<SimpleData name="LONESCOLLE">610</SimpleData>
		<SimpleData name="LONMUELLE">0</SimpleData>
		<SimpleData name="LONRAMPCO">0</SimpleData>
		<SimpleData name="LONRAMPA">0</SimpleData>
		<SimpleData name="LONRAMPAVA">0</SimpleData>
		<SimpleData name="LONPONTON">0</SimpleData>
		<SimpleData name="LONCAMIAC">0</SimpleData>
		<SimpleData name="AREAEXPLAN">0</SimpleData>
		<SimpleData name="BOXUNI">0</SimpleData>
		<SimpleData name="BANO_UNI">0</SimpleData>
		<SimpleData name="TIPOGEOM">1</SimpleData>
		<SimpleData name="GLOBALID">{ABB82FFD-CEEE-4EBD-89CC-8408303560FC}</SimpleData>
		<SimpleData name="SALAREUNI">0</SimpleData>
		<SimpleData name="PLAYAARTIF">140</SimpleData>
		<SimpleData name="PASEOCOSTE">610</SimpleData>
		<SimpleData name="ESTADOGRAL">BUENO</SimpleData>
		<SimpleData name="GRUAOPESC">0</SimpleData>
		<SimpleData name="LONSALAADM">0</SimpleData>
		<SimpleData name="LONSALVENT">0</SimpleData>
		<SimpleData name="SALAPROC">0</SimpleData>
		<SimpleData name="AREABODEGA">0</SimpleData>
		<SimpleData name="AREACAFRI">0</SimpleData>
		<SimpleData name="AREAREFUG">0</SimpleData>
		<SimpleData name="AREAGALPON">0</SimpleData>
		<SimpleData name="PROGRAMA">MEJORAMIENTO DE BORDE COSTERO</SimpleData>
		<SimpleData name="IMAGEN">http://colabora.mop.gov.cl/sites/dop/dptopl/dp/Documentos%20compartidos/Imágenes%20para%20el%20Modelo%20de%20Datos/2-%20ANTOFAGASTA/2-11.jpg</SimpleData>
		<SimpleData name="MXLOCATION">02101-04</SimpleData>
		<SimpleData name="MXSITEID">DOP</SimpleData>
		<SimpleData name="COD_REG">0</SimpleData>
	</SchemaData></ExtendedData>
      <Point><coordinates>-70.409322554,-23.671497674</coordinates></Point>
  </Placemark>
  <Placemark id="infraestructura_portuaria.298">
	<ExtendedData><SchemaData schemaUrl="#infraestructura_portuaria">
		<SimpleData name="OBJECTID_1">298</SimpleData>
		<SimpleData name="OBJECTID">2721</SimpleData>
		<SimpleData name="CODOBRA">15-02</SimpleData>
		<SimpleData name="TIPOOBRA">15</SimpleData>
		<SimpleData name="DESCOBRA">PLAYA ARTIFICIAL EL LAUCHO</SimpleData>
		<SimpleData name="CODCOMUNA">ARICA</SimpleData>
		<SimpleData name="LONMUROS">0</SimpleData>
		<SimpleData name="LONESCOLLE">180</SimpleData>
		<SimpleData name="LONMUELLE">0</SimpleData>
		<SimpleData name="LONRAMPCO">0</SimpleData>
		<SimpleData name="LONRAMPA">0</SimpleData>
		<SimpleData name="LONRAMPAVA">0</SimpleData>
		<SimpleData name="LONPONTON">0</SimpleData>
		<SimpleData name="LONCAMIAC">0</SimpleData>
		<SimpleData name="AREAEXPLAN">0</SimpleData>
		<SimpleData name="BOXUNI">0</SimpleData>
		<SimpleData name="BANO_UNI">2</SimpleData>
		<SimpleData name="TIPOGEOM">1</SimpleData>
		<SimpleData name="GLOBALID">{BD7E2447-8B08-4B13-926C-8A505E59DD72}</SimpleData>
		<SimpleData name="SALAREUNI">0</SimpleData>
		<SimpleData name="PLAYAARTIF">400</SimpleData>
		<SimpleData name="PASEOCOSTE">400</SimpleData>
		<SimpleData name="ESTADOGRAL">BUENO</SimpleData>
		<SimpleData name="GRUAOPESC">0</SimpleData>
		<SimpleData name="LONSALAADM">0</SimpleData>
		<SimpleData name="LONSALVENT">0</SimpleData>
		<SimpleData name="SALAPROC">0</SimpleData>
		<SimpleData name="AREABODEGA">0</SimpleData>
		<SimpleData name="AREACAFRI">0</SimpleData>
		<SimpleData name="AREAREFUG">0</SimpleData>
		<SimpleData name="AREAGALPON">0</SimpleData>
		<SimpleData name="PROGRAMA">MEJORAMIENTO DE BORDE COSTERO</SimpleData>
		<SimpleData name="IMAGEN">http://colabora.mop.gov.cl/sites/dop/dptopl/dp/Documentos%20compartidos/Imágenes%20para%20el%20Modelo%20de%20Datos/15-%20ARICA/15-02.jpg</SimpleData>
		<SimpleData name="MXLOCATION">15101-03</SimpleData>
		<SimpleData name="MXSITEID">DOP</SimpleData>
		<SimpleData name="COD_REG">0</SimpleData>
	</SchemaData></ExtendedData>
      <Point><coordinates>-70.3270913109999,-18.488464452</coordinates></Point>
  </Placemark>
  <Placemark id="infraestructura_portuaria.299">
	<ExtendedData><SchemaData schemaUrl="#infraestructura_portuaria">
		<SimpleData name="OBJECTID_1">299</SimpleData>
		<SimpleData name="OBJECTID">2722</SimpleData>
		<SimpleData name="CODOBRA">15-03</SimpleData>
		<SimpleData name="TIPOOBRA">15</SimpleData>
		<SimpleData name="DESCOBRA">BALNEARIO LA LISERA</SimpleData>
		<SimpleData name="CODCOMUNA">ARICA</SimpleData>
		<SimpleData name="LONMUROS">0</SimpleData>
		<SimpleData name="LONESCOLLE">0</SimpleData>
		<SimpleData name="LONMUELLE">0</SimpleData>
		<SimpleData name="LONRAMPCO">0</SimpleData>
		<SimpleData name="LONRAMPA">0</SimpleData>
		<SimpleData name="LONRAMPAVA">0</SimpleData>
		<SimpleData name="LONPONTON">0</SimpleData>
		<SimpleData name="LONCAMIAC">0</SimpleData>
		<SimpleData name="AREAEXPLAN">0</SimpleData>
		<SimpleData name="BOXUNI">0</SimpleData>
		<SimpleData name="BANO_UNI">2</SimpleData>
		<SimpleData name="TIPOGEOM">1</SimpleData>
		<SimpleData name="GLOBALID">{D0C48E71-E715-4173-982E-1CFA96F383BA}</SimpleData>
		<SimpleData name="SALAREUNI">0</SimpleData>
		<SimpleData name="PLAYAARTIF">240</SimpleData>
		<SimpleData name="PASEOCOSTE">570</SimpleData>
		<SimpleData name="ESTADOGRAL">BUENO</SimpleData>
		<SimpleData name="GRUAOPESC">0</SimpleData>
		<SimpleData name="LONSALAADM">0</SimpleData>
		<SimpleData name="LONSALVENT">0</SimpleData>
		<SimpleData name="SALAPROC">0</SimpleData>
		<SimpleData name="AREABODEGA">0</SimpleData>
		<SimpleData name="AREACAFRI">0</SimpleData>
		<SimpleData name="AREAREFUG">0</SimpleData>
		<SimpleData name="AREAGALPON">0</SimpleData>
		<SimpleData name="PROGRAMA">MEJORAMIENTO DE BORDE COSTERO</SimpleData>
		<SimpleData name="IMAGEN">http://colabora.mop.gov.cl/sites/dop/dptopl/dp/Documentos%20compartidos/Imágenes%20para%20el%20Modelo%20de%20Datos/15-%20ARICA/15-03.jpg</SimpleData>
		<SimpleData name="MXLOCATION">15101-02</SimpleData>
		<SimpleData name="MXSITEID">DOP</SimpleData>
		<SimpleData name="COD_REG">0</SimpleData>
	</SchemaData></ExtendedData>
      <Point><coordinates>-70.3257700199999,-18.492897661</coordinates></Point>
  </Placemark>
  <Placemark id="infraestructura_portuaria.300">
	<ExtendedData><SchemaData schemaUrl="#infraestructura_portuaria">
		<SimpleData name="OBJECTID_1">300</SimpleData>
		<SimpleData name="OBJECTID">2723</SimpleData>
		<SimpleData name="CODOBRA">02-03</SimpleData>
		<SimpleData name="TIPOOBRA">15</SimpleData>
		<SimpleData name="DESCOBRA">PLAYA ARTIFICIAL COVADONGA</SimpleData>
		<SimpleData name="CODCOMUNA">TOCOPILLA</SimpleData>
		<SimpleData name="LONMUROS">0</SimpleData>
		<SimpleData name="LONESCOLLE">270</SimpleData>
		<SimpleData name="LONMUELLE">0</SimpleData>
		<SimpleData name="LONRAMPCO">0</SimpleData>
		<SimpleData name="LONRAMPA">0</SimpleData>
		<SimpleData name="LONRAMPAVA">0</SimpleData>
		<SimpleData name="LONPONTON">0</SimpleData>
		<SimpleData name="LONCAMIAC">0</SimpleData>
		<SimpleData name="AREAEXPLAN">0</SimpleData>
		<SimpleData name="BOXUNI">0</SimpleData>
		<SimpleData name="BANO_UNI">0</SimpleData>
		<SimpleData name="TIPOGEOM">1</SimpleData>
		<SimpleData name="GLOBALID">{41A0C300-DC5F-46EF-A69D-3A0D7DE98572}</SimpleData>
		<SimpleData name="SALAREUNI">0</SimpleData>
		<SimpleData name="PLAYAARTIF">120</SimpleData>
		<SimpleData name="PASEOCOSTE">400</SimpleData>
		<SimpleData name="ESTADOGRAL">REGULAR</SimpleData>
		<SimpleData name="GRUAOPESC">0</SimpleData>
		<SimpleData name="LONSALAADM">0</SimpleData>
		<SimpleData name="LONSALVENT">0</SimpleData>
		<SimpleData name="SALAPROC">0</SimpleData>
		<SimpleData name="AREABODEGA">0</SimpleData>
		<SimpleData name="AREACAFRI">0</SimpleData>
		<SimpleData name="AREAREFUG">0</SimpleData>
		<SimpleData name="AREAGALPON">0</SimpleData>
		<SimpleData name="PROGRAMA">MEJORAMIENTO DE BORDE COSTERO</SimpleData>
		<SimpleData name="IMAGEN">http://colabora.mop.gov.cl/sites/dop/dptopl/dp/Documentos%20compartidos/Imágenes%20para%20el%20Modelo%20de%20Datos/2-%20ANTOFAGASTA/2-03.jpg</SimpleData>
		<SimpleData name="MXLOCATION">02301-15</SimpleData>
		<SimpleData name="MXSITEID">DOP</SimpleData>
		<SimpleData name="COD_REG">0</SimpleData>
	</SchemaData></ExtendedData>
      <Point><coordinates>-70.21377647,-22.111964105</coordinates></Point>
  </Placemark>
  <Placemark id="infraestructura_portuaria.301">
	<ExtendedData><SchemaData schemaUrl="#infraestructura_portuaria">
		<SimpleData name="OBJECTID_1">301</SimpleData>
		<SimpleData name="OBJECTID">2724</SimpleData>
		<SimpleData name="CODOBRA">02-07</SimpleData>
		<SimpleData name="TIPOOBRA">15</SimpleData>
		<SimpleData name="DESCOBRA">PLAYA ARTIFICIAL TROCADERO</SimpleData>
		<SimpleData name="CODCOMUNA">ANTOFAGASTA</SimpleData>
		<SimpleData name="LONMUROS">0</SimpleData>
		<SimpleData name="LONESCOLLE">160</SimpleData>
		<SimpleData name="LONMUELLE">0</SimpleData>
		<SimpleData name="LONRAMPCO">0</SimpleData>
		<SimpleData name="LONRAMPA">0</SimpleData>
		<SimpleData name="LONRAMPAVA">0</SimpleData>
		<SimpleData name="LONPONTON">0</SimpleData>
		<SimpleData name="LONCAMIAC">0</SimpleData>
		<SimpleData name="AREAEXPLAN">0</SimpleData>
		<SimpleData name="BOXUNI">0</SimpleData>
		<SimpleData name="BANO_UNI">0</SimpleData>
		<SimpleData name="TIPOGEOM">1</SimpleData>
		<SimpleData name="GLOBALID">{20F7D9BD-85D5-40DA-8432-C4F53CF5F823}</SimpleData>
		<SimpleData name="SALAREUNI">0</SimpleData>
		<SimpleData name="PLAYAARTIF">180</SimpleData>
		<SimpleData name="PASEOCOSTE">160</SimpleData>
		<SimpleData name="ESTADOGRAL">BUENO</SimpleData>
		<SimpleData name="GRUAOPESC">0</SimpleData>
		<SimpleData name="LONSALAADM">0</SimpleData>
		<SimpleData name="LONSALVENT">0</SimpleData>
		<SimpleData name="SALAPROC">0</SimpleData>
		<SimpleData name="AREABODEGA">0</SimpleData>
		<SimpleData name="AREACAFRI">0</SimpleData>
		<SimpleData name="AREAREFUG">0</SimpleData>
		<SimpleData name="AREAGALPON">0</SimpleData>
		<SimpleData name="PROGRAMA">MEJORAMIENTO DE BORDE COSTERO</SimpleData>
		<SimpleData name="IMAGEN">http://colabora.mop.gov.cl/sites/dop/dptopl/dp/Documentos%20compartidos/Imágenes%20para%20el%20Modelo%20de%20Datos/2-%20ANTOFAGASTA/2-07.jpg</SimpleData>
		<SimpleData name="MXLOCATION">02101-06</SimpleData>
		<SimpleData name="MXSITEID">DOP</SimpleData>
		<SimpleData name="COD_REG">0</SimpleData>
	</SchemaData></ExtendedData>
      <Point><coordinates>-70.393655023,-23.5855644499999</coordinates></Point>
  </Placemark>
  <Placemark id="infraestructura_portuaria.302">
	<ExtendedData><SchemaData schemaUrl="#infraestructura_portuaria">
		<SimpleData name="OBJECTID_1">302</SimpleData>
		<SimpleData name="OBJECTID">2725</SimpleData>
		<SimpleData name="CODOBRA">02-08</SimpleData>
		<SimpleData name="TIPOOBRA">15</SimpleData>
		<SimpleData name="DESCOBRA">PLAYA ARTIFICIAL PARAISO</SimpleData>
		<SimpleData name="CODCOMUNA">ANTOFAGASTA</SimpleData>
		<SimpleData name="LONMUROS">0</SimpleData>
		<SimpleData name="LONESCOLLE">450</SimpleData>
		<SimpleData name="LONMUELLE">0</SimpleData>
		<SimpleData name="LONRAMPCO">0</SimpleData>
		<SimpleData name="LONRAMPA">0</SimpleData>
		<SimpleData name="LONRAMPAVA">0</SimpleData>
		<SimpleData name="LONPONTON">0</SimpleData>
		<SimpleData name="LONCAMIAC">0</SimpleData>
		<SimpleData name="AREAEXPLAN">0</SimpleData>
		<SimpleData name="BOXUNI">0</SimpleData>
		<SimpleData name="BANO_UNI">0</SimpleData>
		<SimpleData name="TIPOGEOM">1</SimpleData>
		<SimpleData name="GLOBALID">{D3E8E2E1-6BEF-4F64-ADE7-FBAAED65215A}</SimpleData>
		<SimpleData name="SALAREUNI">0</SimpleData>
		<SimpleData name="PLAYAARTIF">180</SimpleData>
		<SimpleData name="PASEOCOSTE">300</SimpleData>
		<SimpleData name="ESTADOGRAL">BUENO</SimpleData>
		<SimpleData name="GRUAOPESC">0</SimpleData>
		<SimpleData name="LONSALAADM">0</SimpleData>
		<SimpleData name="LONSALVENT">0</SimpleData>
		<SimpleData name="SALAPROC">0</SimpleData>
		<SimpleData name="AREABODEGA">0</SimpleData>
		<SimpleData name="AREACAFRI">0</SimpleData>
		<SimpleData name="AREAREFUG">0</SimpleData>
		<SimpleData name="AREAGALPON">0</SimpleData>
		<SimpleData name="PROGRAMA">MEJORAMIENTO DE BORDE COSTERO</SimpleData>
		<SimpleData name="IMAGEN">http://colabora.mop.gov.cl/sites/dop/dptopl/dp/Documentos%20compartidos/Imágenes%20para%20el%20Modelo%20de%20Datos/2-%20ANTOFAGASTA/2-08.jpg</SimpleData>
		<SimpleData name="MXLOCATION">02101-05</SimpleData>
		<SimpleData name="MXSITEID">DOP</SimpleData>
		<SimpleData name="COD_REG">0</SimpleData>
	</SchemaData></ExtendedData>
      <Point><coordinates>-70.3983967139999,-23.6379518859999</coordinates></Point>
  </Placemark>
  <Placemark id="infraestructura_portuaria.303">
	<ExtendedData><SchemaData schemaUrl="#infraestructura_portuaria">
		<SimpleData name="OBJECTID_1">303</SimpleData>
		<SimpleData name="OBJECTID">2727</SimpleData>
		<SimpleData name="CODOBRA">11-36</SimpleData>
		<SimpleData name="TIPOOBRA">17</SimpleData>
		<SimpleData name="DESCOBRA">VARADERO PUERTO CISNES</SimpleData>
		<SimpleData name="CODCOMUNA">AISEN</SimpleData>
		<SimpleData name="LONMUROS">94</SimpleData>
		<SimpleData name="LONESCOLLE">155</SimpleData>
		<SimpleData name="LONMUELLE">0</SimpleData>
		<SimpleData name="LONRAMPCO">0</SimpleData>
		<SimpleData name="LONRAMPA">0</SimpleData>
		<SimpleData name="LONRAMPAVA">0</SimpleData>
		<SimpleData name="LONPONTON">0</SimpleData>
		<SimpleData name="LONCAMIAC">0</SimpleData>
		<SimpleData name="AREAEXPLAN">1530</SimpleData>
		<SimpleData name="BOXUNI">0</SimpleData>
		<SimpleData name="BANO_UNI">0</SimpleData>
		<SimpleData name="TIPOGEOM">1</SimpleData>
		<SimpleData name="GLOBALID">{10BEEB2B-894B-41BF-A8BF-801938F5300D}</SimpleData>
		<SimpleData name="SALAREUNI">0</SimpleData>
		<SimpleData name="PLAYAARTIF">0</SimpleData>
		<SimpleData name="PASEOCOSTE">0</SimpleData>
		<SimpleData name="ESTADOGRAL">BUENO</SimpleData>
		<SimpleData name="GRUAOPESC">0</SimpleData>
		<SimpleData name="LONSALAADM">0</SimpleData>
		<SimpleData name="LONSALVENT">0</SimpleData>
		<SimpleData name="SALAPROC">0</SimpleData>
		<SimpleData name="AREABODEGA">0</SimpleData>
		<SimpleData name="AREACAFRI">0</SimpleData>
		<SimpleData name="AREAREFUG">0</SimpleData>
		<SimpleData name="AREAGALPON">0</SimpleData>
		<SimpleData name="PROGRAMA">PESCA ARTESANAL</SimpleData>
		<SimpleData name="IMAGEN">http://colabora.mop.gov.cl/sites/dop/dptopl/dp/Documentos%20compartidos/Imágenes%20para%20el%20Modelo%20de%20Datos/11-%20AYSÉN/11-36.JPG</SimpleData>
		<SimpleData name="MXSITEID">DOP</SimpleData>
		<SimpleData name="COD_REG">0</SimpleData>
	</SchemaData></ExtendedData>
      <Point><coordinates>-72.682654863,-44.730553947</coordinates></Point>
  </Placemark>
  <Placemark id="infraestructura_portuaria.304">
	<ExtendedData><SchemaData schemaUrl="#infraestructura_portuaria">
		<SimpleData name="OBJECTID_1">304</SimpleData>
		<SimpleData name="OBJECTID">2728</SimpleData>
		<SimpleData name="CODOBRA">05-12</SimpleData>
		<SimpleData name="TIPOOBRA">17</SimpleData>
		<SimpleData name="DESCOBRA">PAPAGALLO</SimpleData>
		<SimpleData name="CODCOMUNA">QUINTERO</SimpleData>
		<SimpleData name="LONMUROS">26</SimpleData>
		<SimpleData name="LONESCOLLE">0</SimpleData>
		<SimpleData name="LONMUELLE">0</SimpleData>
		<SimpleData name="LONRAMPCO">0</SimpleData>
		<SimpleData name="LONRAMPA">0</SimpleData>
		<SimpleData name="LONRAMPAVA">0</SimpleData>
		<SimpleData name="LONPONTON">0</SimpleData>
		<SimpleData name="LONCAMIAC">0</SimpleData>
		<SimpleData name="AREAEXPLAN">0</SimpleData>
		<SimpleData name="BOXUNI">8</SimpleData>
		<SimpleData name="BANO_UNI">0</SimpleData>
		<SimpleData name="TIPOGEOM">1</SimpleData>
		<SimpleData name="GLOBALID">{19A0E917-FA20-42FD-89D5-3871B1A1F2AE}</SimpleData>
		<SimpleData name="SALAREUNI">0</SimpleData>
		<SimpleData name="PLAYAARTIF">0</SimpleData>
		<SimpleData name="PASEOCOSTE">0</SimpleData>
		<SimpleData name="ESTADOGRAL">REGULAR</SimpleData>
		<SimpleData name="GRUAOPESC">0</SimpleData>
		<SimpleData name="LONSALAADM">0</SimpleData>
		<SimpleData name="LONSALVENT">0</SimpleData>
		<SimpleData name="SALAPROC">0</SimpleData>
		<SimpleData name="AREABODEGA">0</SimpleData>
		<SimpleData name="AREACAFRI">0</SimpleData>
		<SimpleData name="AREAREFUG">0</SimpleData>
		<SimpleData name="AREAGALPON">0</SimpleData>
		<SimpleData name="PROGRAMA">PESCA ARTESANAL</SimpleData>
		<SimpleData name="IMAGEN">http://colabora.mop.gov.cl/sites/dop/dptopl/dp/Documentos%20compartidos/Imágenes%20para%20el%20Modelo%20de%20Datos/5-%20VALPARAÍSO/05-12.JPG</SimpleData>
		<SimpleData name="MXLOCATION">05107-22</SimpleData>
		<SimpleData name="MXSITEID">DOP</SimpleData>
		<SimpleData name="COD_REG">0</SimpleData>
	</SchemaData></ExtendedData>
      <Point><coordinates>-71.536565099,-32.7842422799999</coordinates></Point>
  </Placemark>
  <Placemark id="infraestructura_portuaria.305">
	<ExtendedData><SchemaData schemaUrl="#infraestructura_portuaria">
		<SimpleData name="OBJECTID_1">305</SimpleData>
		<SimpleData name="OBJECTID">2729</SimpleData>
		<SimpleData name="CODOBRA">11-04</SimpleData>
		<SimpleData name="TIPOOBRA">17</SimpleData>
		<SimpleData name="DESCOBRA">VARADERO AGUAS MUERTAS</SimpleData>
		<SimpleData name="CODCOMUNA">AISEN</SimpleData>
		<SimpleData name="LONMUROS">108</SimpleData>
		<SimpleData name="LONESCOLLE">0</SimpleData>
		<SimpleData name="LONMUELLE">0</SimpleData>
		<SimpleData name="LONRAMPCO">0</SimpleData>
		<SimpleData name="LONRAMPA">0</SimpleData>
		<SimpleData name="LONRAMPAVA">0</SimpleData>
		<SimpleData name="LONPONTON">0</SimpleData>
		<SimpleData name="LONCAMIAC">0</SimpleData>
		<SimpleData name="AREAEXPLAN">149</SimpleData>
		<SimpleData name="BOXUNI">0</SimpleData>
		<SimpleData name="BANO_UNI">0</SimpleData>
		<SimpleData name="TIPOGEOM">1</SimpleData>
		<SimpleData name="GLOBALID">{66A308B6-686F-4D2D-A5EB-B271DA983817}</SimpleData>
		<SimpleData name="SALAREUNI">0</SimpleData>
		<SimpleData name="PLAYAARTIF">0</SimpleData>
		<SimpleData name="PASEOCOSTE">0</SimpleData>
		<SimpleData name="ESTADOGRAL">BUENO</SimpleData>
		<SimpleData name="GRUAOPESC">0</SimpleData>
		<SimpleData name="LONSALAADM">0</SimpleData>
		<SimpleData name="LONSALVENT">0</SimpleData>
		<SimpleData name="SALAPROC">0</SimpleData>
		<SimpleData name="AREABODEGA">0</SimpleData>
		<SimpleData name="AREACAFRI">0</SimpleData>
		<SimpleData name="AREAREFUG">0</SimpleData>
		<SimpleData name="AREAGALPON">0</SimpleData>
		<SimpleData name="PROGRAMA">PESCA ARTESANAL</SimpleData>
		<SimpleData name="IMAGEN">http://colabora.mop.gov.cl/sites/dop/dptopl/dp/Documentos%20compartidos/Imágenes%20para%20el%20Modelo%20de%20Datos/11-%20AYSÉN/11-04.JPG</SimpleData>
		<SimpleData name="MXSITEID">DOP</SimpleData>
		<SimpleData name="COD_REG">0</SimpleData>
	</SchemaData></ExtendedData>
      <Point><coordinates>-72.7015857279999,-45.4010390239999</coordinates></Point>
  </Placemark>
  <Placemark id="infraestructura_portuaria.306">
	<ExtendedData><SchemaData schemaUrl="#infraestructura_portuaria">
		<SimpleData name="OBJECTID_1">306</SimpleData>
		<SimpleData name="OBJECTID">2730</SimpleData>
		<SimpleData name="CODOBRA">04-04</SimpleData>
		<SimpleData name="TIPOOBRA">2</SimpleData>
		<SimpleData name="DESCOBRA">CALETA PESQUERA CHUNGUNGO</SimpleData>
		<SimpleData name="CODCOMUNA">LA HIGUERA</SimpleData>
		<SimpleData name="LONMUROS">104</SimpleData>
		<SimpleData name="LONESCOLLE">0</SimpleData>
		<SimpleData name="LONMUELLE">162</SimpleData>
		<SimpleData name="LONRAMPCO">0</SimpleData>
		<SimpleData name="LONRAMPA">0</SimpleData>
		<SimpleData name="LONRAMPAVA">180</SimpleData>
		<SimpleData name="LONPONTON">0</SimpleData>
		<SimpleData name="LONCAMIAC">0</SimpleData>
		<SimpleData name="AREAEXPLAN">638</SimpleData>
		<SimpleData name="BOXUNI">5</SimpleData>
		<SimpleData name="BANO_UNI">0</SimpleData>
		<SimpleData name="TIPOGEOM">1</SimpleData>
		<SimpleData name="GLOBALID">{5D3A5011-58CA-4BC8-8EEF-EF51BA7EABB0}</SimpleData>
		<SimpleData name="SALAREUNI">0</SimpleData>
		<SimpleData name="PLAYAARTIF">0</SimpleData>
		<SimpleData name="PASEOCOSTE">0</SimpleData>
		<SimpleData name="ESTADOGRAL">REGULAR</SimpleData>
		<SimpleData name="GRUAOPESC">0</SimpleData>
		<SimpleData name="LONSALAADM">0</SimpleData>
		<SimpleData name="LONSALVENT">0</SimpleData>
		<SimpleData name="SALAPROC">0</SimpleData>
		<SimpleData name="AREABODEGA">0</SimpleData>
		<SimpleData name="AREACAFRI">0</SimpleData>
		<SimpleData name="AREAREFUG">0</SimpleData>
		<SimpleData name="AREAGALPON">0</SimpleData>
		<SimpleData name="PROGRAMA">PESCA ARTESANAL</SimpleData>
		<SimpleData name="IMAGEN">http://colabora.mop.gov.cl/sites/dop/dptopl/dp/Documentos%20compartidos/Imágenes%20para%20el%20Modelo%20de%20Datos/4-%20COQUIMBO/4-04.jpg</SimpleData>
		<SimpleData name="MXLOCATION">04104-21</SimpleData>
		<SimpleData name="MXSITEID">DOP</SimpleData>
		<SimpleData name="COD_REG">0</SimpleData>
	</SchemaData></ExtendedData>
      <Point><coordinates>-71.309248109,-29.450690525</coordinates></Point>
  </Placemark>
  <Placemark id="infraestructura_portuaria.307">
	<ExtendedData><SchemaData schemaUrl="#infraestructura_portuaria">
		<SimpleData name="OBJECTID_1">307</SimpleData>
		<SimpleData name="OBJECTID">2731</SimpleData>
		<SimpleData name="CODOBRA">04-03</SimpleData>
		<SimpleData name="TIPOOBRA">2</SimpleData>
		<SimpleData name="DESCOBRA">CALETA PESQUERA CHOREADERO</SimpleData>
		<SimpleData name="CODCOMUNA">LA HIGUERA</SimpleData>
		<SimpleData name="LONMUROS">0</SimpleData>
		<SimpleData name="LONESCOLLE">0</SimpleData>
		<SimpleData name="LONMUELLE">0</SimpleData>
		<SimpleData name="LONRAMPCO">0</SimpleData>
		<SimpleData name="LONRAMPA">0</SimpleData>
		<SimpleData name="LONRAMPAVA">0</SimpleData>
		<SimpleData name="LONPONTON">0</SimpleData>
		<SimpleData name="LONCAMIAC">0</SimpleData>
		<SimpleData name="AREAEXPLAN">130</SimpleData>
		<SimpleData name="BOXUNI">5</SimpleData>
		<SimpleData name="BANO_UNI">0</SimpleData>
		<SimpleData name="TIPOGEOM">1</SimpleData>
		<SimpleData name="GLOBALID">{6015BA3E-6271-4873-BF90-BB945EAE2D87}</SimpleData>
		<SimpleData name="SALAREUNI">0</SimpleData>
		<SimpleData name="PLAYAARTIF">0</SimpleData>
		<SimpleData name="PASEOCOSTE">0</SimpleData>
		<SimpleData name="ESTADOGRAL">BUENO</SimpleData>
		<SimpleData name="GRUAOPESC">0</SimpleData>
		<SimpleData name="LONSALAADM">0</SimpleData>
		<SimpleData name="LONSALVENT">0</SimpleData>
		<SimpleData name="SALAPROC">0</SimpleData>
		<SimpleData name="AREABODEGA">0</SimpleData>
		<SimpleData name="AREACAFRI">0</SimpleData>
		<SimpleData name="AREAREFUG">0</SimpleData>
		<SimpleData name="AREAGALPON">0</SimpleData>
		<SimpleData name="PROGRAMA">PESCA ARTESANAL</SimpleData>
		<SimpleData name="IMAGEN">http://colabora.mop.gov.cl/sites/dop/dptopl/dp/Documentos%20compartidos/Imágenes%20para%20el%20Modelo%20de%20Datos/4-%20COQUIMBO/4-03.jpg</SimpleData>
		<SimpleData name="MXLOCATION">04104-23</SimpleData>
		<SimpleData name="MXSITEID">DOP</SimpleData>
		<SimpleData name="COD_REG">0</SimpleData>
	</SchemaData></ExtendedData>
      <Point><coordinates>-71.358368124,-29.309770575</coordinates></Point>
  </Placemark>
  <Placemark id="infraestructura_portuaria.308">
	<ExtendedData><SchemaData schemaUrl="#infraestructura_portuaria">
		<SimpleData name="OBJECTID_1">308</SimpleData>
		<SimpleData name="OBJECTID">2732</SimpleData>
		<SimpleData name="CODOBRA">04-02</SimpleData>
		<SimpleData name="TIPOOBRA">2</SimpleData>
		<SimpleData name="DESCOBRA">CALETA PESQUERA CORRALES PUNTA DE CHOROS</SimpleData>
		<SimpleData name="CODCOMUNA">LA HIGUERA</SimpleData>
		<SimpleData name="LONMUROS">0</SimpleData>
		<SimpleData name="LONESCOLLE">56</SimpleData>
		<SimpleData name="LONMUELLE">0</SimpleData>
		<SimpleData name="LONRAMPCO">0</SimpleData>
		<SimpleData name="LONRAMPA">0</SimpleData>
		<SimpleData name="LONRAMPAVA">180</SimpleData>
		<SimpleData name="LONPONTON">0</SimpleData>
		<SimpleData name="LONCAMIAC">0</SimpleData>
		<SimpleData name="AREAEXPLAN">734</SimpleData>
		<SimpleData name="BOXUNI">12</SimpleData>
		<SimpleData name="BANO_UNI">2</SimpleData>
		<SimpleData name="TIPOGEOM">1</SimpleData>
		<SimpleData name="GLOBALID">{00308E84-1344-4528-9869-E353C85E3F7A}</SimpleData>
		<SimpleData name="SALAREUNI">0</SimpleData>
		<SimpleData name="PLAYAARTIF">0</SimpleData>
		<SimpleData name="PASEOCOSTE">0</SimpleData>
		<SimpleData name="ESTADOGRAL">BUENO</SimpleData>
		<SimpleData name="GRUAOPESC">0</SimpleData>
		<SimpleData name="LONSALAADM">0</SimpleData>
		<SimpleData name="LONSALVENT">0</SimpleData>
		<SimpleData name="SALAPROC">0</SimpleData>
		<SimpleData name="AREABODEGA">0</SimpleData>
		<SimpleData name="AREACAFRI">1</SimpleData>
		<SimpleData name="AREAREFUG">0</SimpleData>
		<SimpleData name="AREAGALPON">1</SimpleData>
		<SimpleData name="PROGRAMA">PESCA ARTESANAL</SimpleData>
		<SimpleData name="IMAGEN">http://colabora.mop.gov.cl/sites/dop/dptopl/dp/Documentos%20compartidos/Imágenes%20para%20el%20Modelo%20de%20Datos/4-%20COQUIMBO/4-02.jpg</SimpleData>
		<SimpleData name="MXLOCATION">04104-25</SimpleData>
		<SimpleData name="MXSITEID">DOP</SimpleData>
		<SimpleData name="COD_REG">0</SimpleData>
	</SchemaData></ExtendedData>
      <Point><coordinates>-71.4624367059999,-29.249803658</coordinates></Point>
  </Placemark>
  <Placemark id="infraestructura_portuaria.309">
	<ExtendedData><SchemaData schemaUrl="#infraestructura_portuaria">
		<SimpleData name="OBJECTID_1">309</SimpleData>
		<SimpleData name="OBJECTID">2733</SimpleData>
		<SimpleData name="CODOBRA">04-01</SimpleData>
		<SimpleData name="TIPOOBRA">2</SimpleData>
		<SimpleData name="DESCOBRA">CALETA PESQUERA SAN AGUSTIN, PUNTA DE CHOROS</SimpleData>
		<SimpleData name="CODCOMUNA">LA HIGUERA</SimpleData>
		<SimpleData name="LONMUROS">22</SimpleData>
		<SimpleData name="LONESCOLLE">36</SimpleData>
		<SimpleData name="LONMUELLE">390</SimpleData>
		<SimpleData name="LONRAMPCO">0</SimpleData>
		<SimpleData name="LONRAMPA">0</SimpleData>
		<SimpleData name="LONRAMPAVA">214</SimpleData>
		<SimpleData name="LONPONTON">0</SimpleData>
		<SimpleData name="LONCAMIAC">0</SimpleData>
		<SimpleData name="AREAEXPLAN">1160</SimpleData>
		<SimpleData name="BOXUNI">10</SimpleData>
		<SimpleData name="BANO_UNI">3</SimpleData>
		<SimpleData name="TIPOGEOM">1</SimpleData>
		<SimpleData name="GLOBALID">{CA1D6525-AD92-4CA7-B6AB-0747FED721C6}</SimpleData>
		<SimpleData name="SALAREUNI">0</SimpleData>
		<SimpleData name="PLAYAARTIF">0</SimpleData>
		<SimpleData name="PASEOCOSTE">0</SimpleData>
		<SimpleData name="ESTADOGRAL">REGULAR</SimpleData>
		<SimpleData name="GRUAOPESC">1</SimpleData>
		<SimpleData name="LONSALAADM">0</SimpleData>
		<SimpleData name="LONSALVENT">0</SimpleData>
		<SimpleData name="SALAPROC">0</SimpleData>
		<SimpleData name="AREABODEGA">0</SimpleData>
		<SimpleData name="AREACAFRI">0</SimpleData>
		<SimpleData name="AREAREFUG">0</SimpleData>
		<SimpleData name="AREAGALPON">0</SimpleData>
		<SimpleData name="PROGRAMA">PESCA ARTESANAL</SimpleData>
		<SimpleData name="IMAGEN">http://colabora.mop.gov.cl/sites/dop/dptopl/dp/Documentos%20compartidos/Imágenes%20para%20el%20Modelo%20de%20Datos/4-%20COQUIMBO/4-01.jpg</SimpleData>
		<SimpleData name="MXLOCATION">04104-24</SimpleData>
		<SimpleData name="MXSITEID">DOP</SimpleData>
		<SimpleData name="COD_REG">0</SimpleData>
	</SchemaData></ExtendedData>
      <Point><coordinates>-71.46861699,-29.2459211569999</coordinates></Point>
  </Placemark>
  <Placemark id="infraestructura_portuaria.310">
	<ExtendedData><SchemaData schemaUrl="#infraestructura_portuaria">
		<SimpleData name="OBJECTID_1">310</SimpleData>
		<SimpleData name="OBJECTID">2734</SimpleData>
		<SimpleData name="CODOBRA">03-06</SimpleData>
		<SimpleData name="TIPOOBRA">2</SimpleData>
		<SimpleData name="DESCOBRA">CALETA PESQUERA CHAÑARAL DE ACEITUNO</SimpleData>
		<SimpleData name="CODCOMUNA">FREIRINA</SimpleData>
		<SimpleData name="LONMUROS">41</SimpleData>
		<SimpleData name="LONESCOLLE">0</SimpleData>
		<SimpleData name="LONMUELLE">143</SimpleData>
		<SimpleData name="LONRAMPCO">0</SimpleData>
		<SimpleData name="LONRAMPA">0</SimpleData>
		<SimpleData name="LONRAMPAVA">0</SimpleData>
		<SimpleData name="LONPONTON">0</SimpleData>
		<SimpleData name="LONCAMIAC">0</SimpleData>
		<SimpleData name="AREAEXPLAN">162</SimpleData>
		<SimpleData name="BOXUNI">3</SimpleData>
		<SimpleData name="BANO_UNI">0</SimpleData>
		<SimpleData name="TIPOGEOM">1</SimpleData>
		<SimpleData name="GLOBALID">{9EBB73D6-F611-4643-9C6F-57972C8FEC88}</SimpleData>
		<SimpleData name="SALAREUNI">0</SimpleData>
		<SimpleData name="PLAYAARTIF">0</SimpleData>
		<SimpleData name="PASEOCOSTE">0</SimpleData>
		<SimpleData name="ESTADOGRAL">REGULAR</SimpleData>
		<SimpleData name="GRUAOPESC">0</SimpleData>
		<SimpleData name="LONSALAADM">0</SimpleData>
		<SimpleData name="LONSALVENT">0</SimpleData>
		<SimpleData name="SALAPROC">0</SimpleData>
		<SimpleData name="AREABODEGA">0</SimpleData>
		<SimpleData name="AREACAFRI">0</SimpleData>
		<SimpleData name="AREAREFUG">0</SimpleData>
		<SimpleData name="AREAGALPON">0</SimpleData>
		<SimpleData name="PROGRAMA">PESCA ARTESANAL</SimpleData>
		<SimpleData name="IMAGEN">http://colabora.mop.gov.cl/sites/dop/dptopl/dp/Documentos%20compartidos/Imágenes%20para%20el%20Modelo%20de%20Datos/3-%20ATACAMA/3-06.jpg</SimpleData>
		<SimpleData name="MXLOCATION">03303-03</SimpleData>
		<SimpleData name="MXSITEID">DOP</SimpleData>
		<SimpleData name="COD_REG">0</SimpleData>
	</SchemaData></ExtendedData>
      <Point><coordinates>-71.492032356,-29.0773220029999</coordinates></Point>
  </Placemark>
  <Placemark id="infraestructura_portuaria.311">
	<ExtendedData><SchemaData schemaUrl="#infraestructura_portuaria">
		<SimpleData name="OBJECTID_1">311</SimpleData>
		<SimpleData name="OBJECTID">2735</SimpleData>
		<SimpleData name="CODOBRA">03-05</SimpleData>
		<SimpleData name="TIPOOBRA">2</SimpleData>
		<SimpleData name="DESCOBRA">CALETA PESQUERA DE HUASCO</SimpleData>
		<SimpleData name="CODCOMUNA">HUASCO</SimpleData>
		<SimpleData name="LONMUROS">42</SimpleData>
		<SimpleData name="LONESCOLLE">42</SimpleData>
		<SimpleData name="LONMUELLE">493</SimpleData>
		<SimpleData name="LONRAMPCO">0</SimpleData>
		<SimpleData name="LONRAMPA">0</SimpleData>
		<SimpleData name="LONRAMPAVA">0</SimpleData>
		<SimpleData name="LONPONTON">0</SimpleData>
		<SimpleData name="LONCAMIAC">0</SimpleData>
		<SimpleData name="AREAEXPLAN">1248</SimpleData>
		<SimpleData name="BOXUNI">20</SimpleData>
		<SimpleData name="BANO_UNI">7</SimpleData>
		<SimpleData name="TIPOGEOM">1</SimpleData>
		<SimpleData name="GLOBALID">{16B62FC4-6110-40CE-B811-68742CCE5698}</SimpleData>
		<SimpleData name="SALAREUNI">1</SimpleData>
		<SimpleData name="PLAYAARTIF">0</SimpleData>
		<SimpleData name="PASEOCOSTE">0</SimpleData>
		<SimpleData name="ESTADOGRAL">BUENO</SimpleData>
		<SimpleData name="GRUAOPESC">1</SimpleData>
		<SimpleData name="LONSALAADM">1</SimpleData>
		<SimpleData name="LONSALVENT">1</SimpleData>
		<SimpleData name="SALAPROC">1</SimpleData>
		<SimpleData name="AREABODEGA">1</SimpleData>
		<SimpleData name="AREACAFRI">1</SimpleData>
		<SimpleData name="AREAREFUG">0</SimpleData>
		<SimpleData name="AREAGALPON">0</SimpleData>
		<SimpleData name="PROGRAMA">PESCA ARTESANAL</SimpleData>
		<SimpleData name="IMAGEN">http://colabora.mop.gov.cl/sites/dop/dptopl/dp/Documentos%20compartidos/Imágenes%20para%20el%20Modelo%20de%20Datos/3-%20ATACAMA/3-05.jpg</SimpleData>
		<SimpleData name="MXLOCATION">03304-05</SimpleData>
		<SimpleData name="MXSITEID">DOP</SimpleData>
		<SimpleData name="COD_REG">0</SimpleData>
	</SchemaData></ExtendedData>
      <Point><coordinates>-71.224281423,-28.460254397</coordinates></Point>
  </Placemark>
  <Placemark id="infraestructura_portuaria.312">
	<ExtendedData><SchemaData schemaUrl="#infraestructura_portuaria">
		<SimpleData name="OBJECTID_1">312</SimpleData>
		<SimpleData name="OBJECTID">2736</SimpleData>
		<SimpleData name="CODOBRA">03-04</SimpleData>
		<SimpleData name="TIPOOBRA">2</SimpleData>
		<SimpleData name="DESCOBRA">CALETA PESQUERA CARRIZAL BAJO</SimpleData>
		<SimpleData name="CODCOMUNA">HUASCO</SimpleData>
		<SimpleData name="LONMUROS">35</SimpleData>
		<SimpleData name="LONESCOLLE">0</SimpleData>
		<SimpleData name="LONMUELLE">290</SimpleData>
		<SimpleData name="LONRAMPCO">0</SimpleData>
		<SimpleData name="LONRAMPA">0</SimpleData>
		<SimpleData name="LONRAMPAVA">0</SimpleData>
		<SimpleData name="LONPONTON">0</SimpleData>
		<SimpleData name="LONCAMIAC">0</SimpleData>
		<SimpleData name="AREAEXPLAN">1320</SimpleData>
		<SimpleData name="BOXUNI">4</SimpleData>
		<SimpleData name="BANO_UNI">1</SimpleData>
		<SimpleData name="TIPOGEOM">1</SimpleData>
		<SimpleData name="GLOBALID">{548ECB3E-F8CB-48D6-94FE-55507A3EE6A9}</SimpleData>
		<SimpleData name="SALAREUNI">0</SimpleData>
		<SimpleData name="PLAYAARTIF">0</SimpleData>
		<SimpleData name="PASEOCOSTE">0</SimpleData>
		<SimpleData name="ESTADOGRAL">REGULAR</SimpleData>
		<SimpleData name="GRUAOPESC">1</SimpleData>
		<SimpleData name="LONSALAADM">1</SimpleData>
		<SimpleData name="LONSALVENT">0</SimpleData>
		<SimpleData name="SALAPROC">1</SimpleData>
		<SimpleData name="AREABODEGA">0</SimpleData>
		<SimpleData name="AREACAFRI">0</SimpleData>
		<SimpleData name="AREAREFUG">0</SimpleData>
		<SimpleData name="AREAGALPON">1</SimpleData>
		<SimpleData name="PROGRAMA">PESCA ARTESANAL</SimpleData>
		<SimpleData name="IMAGEN">http://colabora.mop.gov.cl/sites/dop/dptopl/dp/Documentos%20compartidos/Imágenes%20para%20el%20Modelo%20de%20Datos/3-%20ATACAMA/3-04.jpg</SimpleData>
		<SimpleData name="MXLOCATION">03304-04</SimpleData>
		<SimpleData name="MXSITEID">DOP</SimpleData>
		<SimpleData name="COD_REG">0</SimpleData>
	</SchemaData></ExtendedData>
      <Point><coordinates>-71.1485927479999,-28.0796565539999</coordinates></Point>
  </Placemark>
  <Placemark id="infraestructura_portuaria.313">
	<ExtendedData><SchemaData schemaUrl="#infraestructura_portuaria">
		<SimpleData name="OBJECTID_1">313</SimpleData>
		<SimpleData name="OBJECTID">2737</SimpleData>
		<SimpleData name="CODOBRA">03-02</SimpleData>
		<SimpleData name="TIPOOBRA">2</SimpleData>
		<SimpleData name="DESCOBRA">PUERTO PESQUERO ARTESANAL DE CALDERA</SimpleData>
		<SimpleData name="CODCOMUNA">CALDERA</SimpleData>
		<SimpleData name="LONMUROS">277</SimpleData>
		<SimpleData name="LONESCOLLE">38</SimpleData>
		<SimpleData name="LONMUELLE">0</SimpleData>
		<SimpleData name="LONRAMPCO">0</SimpleData>
		<SimpleData name="LONRAMPA">0</SimpleData>
		<SimpleData name="LONRAMPAVA">513</SimpleData>
		<SimpleData name="LONPONTON">0</SimpleData>
		<SimpleData name="LONCAMIAC">0</SimpleData>
		<SimpleData name="AREAEXPLAN">3446</SimpleData>
		<SimpleData name="BOXUNI">41</SimpleData>
		<SimpleData name="BANO_UNI">12</SimpleData>
		<SimpleData name="TIPOGEOM">1</SimpleData>
		<SimpleData name="GLOBALID">{D9B9F905-D25C-49B8-9C53-6BB394BD86DB}</SimpleData>
		<SimpleData name="SALAREUNI">1</SimpleData>
		<SimpleData name="PLAYAARTIF">0</SimpleData>
		<SimpleData name="PASEOCOSTE">0</SimpleData>
		<SimpleData name="ESTADOGRAL">BUENO</SimpleData>
		<SimpleData name="GRUAOPESC">2</SimpleData>
		<SimpleData name="LONSALAADM">1</SimpleData>
		<SimpleData name="LONSALVENT">1</SimpleData>
		<SimpleData name="SALAPROC">1</SimpleData>
		<SimpleData name="AREABODEGA">1</SimpleData>
		<SimpleData name="AREACAFRI">1</SimpleData>
		<SimpleData name="AREAREFUG">0</SimpleData>
		<SimpleData name="AREAGALPON">1</SimpleData>
		<SimpleData name="PROGRAMA">PESCA ARTESANAL</SimpleData>
		<SimpleData name="IMAGEN">http://colabora.mop.gov.cl/sites/dop/dptopl/dp/Documentos%20compartidos/Imágenes%20para%20el%20Modelo%20de%20Datos/3-%20ATACAMA/3-02.jpg</SimpleData>
		<SimpleData name="MXLOCATION">03102-02</SimpleData>
		<SimpleData name="MXSITEID">DOP</SimpleData>
		<SimpleData name="COD_REG">0</SimpleData>
	</SchemaData></ExtendedData>
      <Point><coordinates>-70.823697673,-27.063734773</coordinates></Point>
  </Placemark>
  <Placemark id="infraestructura_portuaria.314">
	<ExtendedData><SchemaData schemaUrl="#infraestructura_portuaria">
		<SimpleData name="OBJECTID_1">314</SimpleData>
		<SimpleData name="OBJECTID">2738</SimpleData>
		<SimpleData name="CODOBRA">03-01</SimpleData>
		<SimpleData name="TIPOOBRA">2</SimpleData>
		<SimpleData name="DESCOBRA">CALETA PESQUERA SAN PEDRO DE CHAÑARAL</SimpleData>
		<SimpleData name="CODCOMUNA">CHAÑARAL</SimpleData>
		<SimpleData name="LONMUROS">105</SimpleData>
		<SimpleData name="LONESCOLLE">31</SimpleData>
		<SimpleData name="LONMUELLE">416</SimpleData>
		<SimpleData name="LONRAMPCO">0</SimpleData>
		<SimpleData name="LONRAMPA">292</SimpleData>
		<SimpleData name="LONRAMPAVA">0</SimpleData>
		<SimpleData name="LONPONTON">0</SimpleData>
		<SimpleData name="LONCAMIAC">0</SimpleData>
		<SimpleData name="AREAEXPLAN">485</SimpleData>
		<SimpleData name="BOXUNI">0</SimpleData>
		<SimpleData name="BANO_UNI">3</SimpleData>
		<SimpleData name="TIPOGEOM">1</SimpleData>
		<SimpleData name="GLOBALID">{44739FE7-5992-46A7-B6B2-603E62CA74C0}</SimpleData>
		<SimpleData name="SALAREUNI">1</SimpleData>
		<SimpleData name="PLAYAARTIF">0</SimpleData>
		<SimpleData name="PASEOCOSTE">0</SimpleData>
		<SimpleData name="ESTADOGRAL">BUENO</SimpleData>
		<SimpleData name="GRUAOPESC">2</SimpleData>
		<SimpleData name="LONSALAADM">1</SimpleData>
		<SimpleData name="LONSALVENT">0</SimpleData>
		<SimpleData name="SALAPROC">1</SimpleData>
		<SimpleData name="AREABODEGA">1</SimpleData>
		<SimpleData name="AREACAFRI">1</SimpleData>
		<SimpleData name="AREAREFUG">0</SimpleData>
		<SimpleData name="AREAGALPON">1</SimpleData>
		<SimpleData name="PROGRAMA">PESCA ARTESANAL</SimpleData>
		<SimpleData name="IMAGEN">http://colabora.mop.gov.cl/sites/dop/dptopl/dp/Documentos%20compartidos/Imágenes%20para%20el%20Modelo%20de%20Datos/3-%20ATACAMA/3-01.jpg</SimpleData>
		<SimpleData name="MXLOCATION">03201-01</SimpleData>
		<SimpleData name="MXSITEID">DOP</SimpleData>
		<SimpleData name="COD_REG">0</SimpleData>
	</SchemaData></ExtendedData>
      <Point><coordinates>-70.633134887,-26.351842625</coordinates></Point>
  </Placemark>
  <Placemark id="infraestructura_portuaria.315">
	<ExtendedData><SchemaData schemaUrl="#infraestructura_portuaria">
		<SimpleData name="OBJECTID_1">315</SimpleData>
		<SimpleData name="OBJECTID">2739</SimpleData>
		<SimpleData name="CODOBRA">02-15</SimpleData>
		<SimpleData name="TIPOOBRA">2</SimpleData>
		<SimpleData name="DESCOBRA">CALETA PESQUERA CIFUNCHO</SimpleData>
		<SimpleData name="CODCOMUNA">TALTAL</SimpleData>
		<SimpleData name="LONMUROS">0</SimpleData>
		<SimpleData name="LONESCOLLE">30</SimpleData>
		<SimpleData name="LONMUELLE">31</SimpleData>
		<SimpleData name="LONRAMPCO">0</SimpleData>
		<SimpleData name="LONRAMPA">0</SimpleData>
		<SimpleData name="LONRAMPAVA">0</SimpleData>
		<SimpleData name="LONPONTON">0</SimpleData>
		<SimpleData name="LONCAMIAC">0</SimpleData>
		<SimpleData name="AREAEXPLAN">0</SimpleData>
		<SimpleData name="BOXUNI">13</SimpleData>
		<SimpleData name="BANO_UNI">0</SimpleData>
		<SimpleData name="TIPOGEOM">1</SimpleData>
		<SimpleData name="GLOBALID">{77DD7FA3-5FC0-42AA-B39D-0C9EDB99F626}</SimpleData>
		<SimpleData name="SALAREUNI">0</SimpleData>
		<SimpleData name="PLAYAARTIF">0</SimpleData>
		<SimpleData name="PASEOCOSTE">0</SimpleData>
		<SimpleData name="ESTADOGRAL">REGULAR</SimpleData>
		<SimpleData name="GRUAOPESC">0</SimpleData>
		<SimpleData name="LONSALAADM">0</SimpleData>
		<SimpleData name="LONSALVENT">0</SimpleData>
		<SimpleData name="SALAPROC">0</SimpleData>
		<SimpleData name="AREABODEGA">0</SimpleData>
		<SimpleData name="AREACAFRI">0</SimpleData>
		<SimpleData name="AREAREFUG">0</SimpleData>
		<SimpleData name="AREAGALPON">0</SimpleData>
		<SimpleData name="PROGRAMA">PESCA ARTESANAL</SimpleData>
		<SimpleData name="IMAGEN">http://colabora.mop.gov.cl/sites/dop/dptopl/dp/Documentos%20compartidos/Imágenes%20para%20el%20Modelo%20de%20Datos/2-%20ANTOFAGASTA/2-15.jpg</SimpleData>
		<SimpleData name="MXLOCATION">02104-10</SimpleData>
		<SimpleData name="MXSITEID">DOP</SimpleData>
		<SimpleData name="COD_REG">0</SimpleData>
	</SchemaData></ExtendedData>
      <Point><coordinates>-70.6465230539999,-25.6527420309999</coordinates></Point>
  </Placemark>
  <Placemark id="infraestructura_portuaria.316">
	<ExtendedData><SchemaData schemaUrl="#infraestructura_portuaria">
		<SimpleData name="OBJECTID_1">316</SimpleData>
		<SimpleData name="OBJECTID">2740</SimpleData>
		<SimpleData name="CODOBRA">02-14</SimpleData>
		<SimpleData name="TIPOOBRA">2</SimpleData>
		<SimpleData name="DESCOBRA">CALETA PESQUERA TALTAL</SimpleData>
		<SimpleData name="CODCOMUNA">TALTAL</SimpleData>
		<SimpleData name="LONMUROS">39</SimpleData>
		<SimpleData name="LONESCOLLE">0</SimpleData>
		<SimpleData name="LONMUELLE">95</SimpleData>
		<SimpleData name="LONRAMPCO">0</SimpleData>
		<SimpleData name="LONRAMPA">0</SimpleData>
		<SimpleData name="LONRAMPAVA">0</SimpleData>
		<SimpleData name="LONPONTON">0</SimpleData>
		<SimpleData name="LONCAMIAC">0</SimpleData>
		<SimpleData name="AREAEXPLAN">0</SimpleData>
		<SimpleData name="BOXUNI">31</SimpleData>
		<SimpleData name="BANO_UNI">0</SimpleData>
		<SimpleData name="TIPOGEOM">1</SimpleData>
		<SimpleData name="GLOBALID">{A27F5A2D-BE25-4F73-9C9A-CA93551D7506}</SimpleData>
		<SimpleData name="SALAREUNI">0</SimpleData>
		<SimpleData name="PLAYAARTIF">0</SimpleData>
		<SimpleData name="PASEOCOSTE">0</SimpleData>
		<SimpleData name="ESTADOGRAL">MUY BUENO</SimpleData>
		<SimpleData name="GRUAOPESC">0</SimpleData>
		<SimpleData name="LONSALAADM">0</SimpleData>
		<SimpleData name="LONSALVENT">0</SimpleData>
		<SimpleData name="SALAPROC">0</SimpleData>
		<SimpleData name="AREABODEGA">0</SimpleData>
		<SimpleData name="AREACAFRI">0</SimpleData>
		<SimpleData name="AREAREFUG">0</SimpleData>
		<SimpleData name="AREAGALPON">0</SimpleData>
		<SimpleData name="PROGRAMA">PESCA ARTESANAL</SimpleData>
		<SimpleData name="IMAGEN">http://colabora.mop.gov.cl/sites/dop/dptopl/dp/Documentos%20compartidos/Imágenes%20para%20el%20Modelo%20de%20Datos/2-%20ANTOFAGASTA/2-14.jpg</SimpleData>
		<SimpleData name="MXLOCATION">02104-12</SimpleData>
		<SimpleData name="MXSITEID">DOP</SimpleData>
		<SimpleData name="COD_REG">0</SimpleData>
	</SchemaData></ExtendedData>
      <Point><coordinates>-70.491133577,-25.408852193</coordinates></Point>
  </Placemark>
  <Placemark id="infraestructura_portuaria.317">
	<ExtendedData><SchemaData schemaUrl="#infraestructura_portuaria">
		<SimpleData name="OBJECTID_1">317</SimpleData>
		<SimpleData name="OBJECTID">2741</SimpleData>
		<SimpleData name="CODOBRA">02-13</SimpleData>
		<SimpleData name="TIPOOBRA">2</SimpleData>
		<SimpleData name="DESCOBRA">CALETA PESQUERA PAPOSO</SimpleData>
		<SimpleData name="CODCOMUNA">TALTAL</SimpleData>
		<SimpleData name="LONMUROS">12</SimpleData>
		<SimpleData name="LONESCOLLE">4</SimpleData>
		<SimpleData name="LONMUELLE">44</SimpleData>
		<SimpleData name="LONRAMPCO">0</SimpleData>
		<SimpleData name="LONRAMPA">0</SimpleData>
		<SimpleData name="LONRAMPAVA">0</SimpleData>
		<SimpleData name="LONPONTON">0</SimpleData>
		<SimpleData name="LONCAMIAC">0</SimpleData>
		<SimpleData name="AREAEXPLAN">0</SimpleData>
		<SimpleData name="BOXUNI">18</SimpleData>
		<SimpleData name="BANO_UNI">0</SimpleData>
		<SimpleData name="TIPOGEOM">1</SimpleData>
		<SimpleData name="GLOBALID">{17775E67-4DA3-4BE2-94FD-0DBD29CA1C20}</SimpleData>
		<SimpleData name="SALAREUNI">0</SimpleData>
		<SimpleData name="PLAYAARTIF">0</SimpleData>
		<SimpleData name="PASEOCOSTE">0</SimpleData>
		<SimpleData name="ESTADOGRAL">BUENO</SimpleData>
		<SimpleData name="GRUAOPESC">0</SimpleData>
		<SimpleData name="LONSALAADM">0</SimpleData>
		<SimpleData name="LONSALVENT">0</SimpleData>
		<SimpleData name="SALAPROC">0</SimpleData>
		<SimpleData name="AREABODEGA">0</SimpleData>
		<SimpleData name="AREACAFRI">0</SimpleData>
		<SimpleData name="AREAREFUG">0</SimpleData>
		<SimpleData name="AREAGALPON">0</SimpleData>
		<SimpleData name="PROGRAMA">PESCA ARTESANAL</SimpleData>
		<SimpleData name="IMAGEN">http://colabora.mop.gov.cl/sites/dop/dptopl/dp/Documentos%20compartidos/Imágenes%20para%20el%20Modelo%20de%20Datos/2-%20ANTOFAGASTA/2-13.jpg</SimpleData>
		<SimpleData name="MXLOCATION">02104-11</SimpleData>
		<SimpleData name="MXSITEID">DOP</SimpleData>
		<SimpleData name="COD_REG">0</SimpleData>
	</SchemaData></ExtendedData>
      <Point><coordinates>-70.468586003,-25.0092871869999</coordinates></Point>
  </Placemark>
  <Placemark id="infraestructura_portuaria.318">
	<ExtendedData><SchemaData schemaUrl="#infraestructura_portuaria">
		<SimpleData name="OBJECTID_1">318</SimpleData>
		<SimpleData name="OBJECTID">2742</SimpleData>
		<SimpleData name="CODOBRA">02-12</SimpleData>
		<SimpleData name="TIPOOBRA">2</SimpleData>
		<SimpleData name="DESCOBRA">CALETA PESQUERA COLOSO</SimpleData>
		<SimpleData name="CODCOMUNA">ANTOFAGASTA</SimpleData>
		<SimpleData name="LONMUROS">51</SimpleData>
		<SimpleData name="LONESCOLLE">0</SimpleData>
		<SimpleData name="LONMUELLE">47</SimpleData>
		<SimpleData name="LONRAMPCO">0</SimpleData>
		<SimpleData name="LONRAMPA">0</SimpleData>
		<SimpleData name="LONRAMPAVA">51</SimpleData>
		<SimpleData name="LONPONTON">0</SimpleData>
		<SimpleData name="LONCAMIAC">0</SimpleData>
		<SimpleData name="AREAEXPLAN">2176</SimpleData>
		<SimpleData name="BOXUNI">0</SimpleData>
		<SimpleData name="BANO_UNI">0</SimpleData>
		<SimpleData name="TIPOGEOM">1</SimpleData>
		<SimpleData name="GLOBALID">{084D10B6-F1D6-40F4-B331-7661BFDA581C}</SimpleData>
		<SimpleData name="SALAREUNI">0</SimpleData>
		<SimpleData name="PLAYAARTIF">0</SimpleData>
		<SimpleData name="PASEOCOSTE">0</SimpleData>
		<SimpleData name="ESTADOGRAL">BUENO</SimpleData>
		<SimpleData name="GRUAOPESC">1</SimpleData>
		<SimpleData name="LONSALAADM">1</SimpleData>
		<SimpleData name="LONSALVENT">0</SimpleData>
		<SimpleData name="SALAPROC">0</SimpleData>
		<SimpleData name="AREABODEGA">0</SimpleData>
		<SimpleData name="AREACAFRI">0</SimpleData>
		<SimpleData name="AREAREFUG">0</SimpleData>
		<SimpleData name="AREAGALPON">0</SimpleData>
		<SimpleData name="PROGRAMA">PESCA ARTESANAL</SimpleData>
		<SimpleData name="IMAGEN">http://colabora.mop.gov.cl/sites/dop/dptopl/dp/Documentos%20compartidos/Imágenes%20para%20el%20Modelo%20de%20Datos/2-%20ANTOFAGASTA/2-12.jpg</SimpleData>
		<SimpleData name="MXLOCATION">02101-01</SimpleData>
		<SimpleData name="MXSITEID">DOP</SimpleData>
		<SimpleData name="COD_REG">0</SimpleData>
	</SchemaData></ExtendedData>
      <Point><coordinates>-70.463111565,-23.7602533909999</coordinates></Point>
  </Placemark>
  <Placemark id="infraestructura_portuaria.319">
	<ExtendedData><SchemaData schemaUrl="#infraestructura_portuaria">
		<SimpleData name="OBJECTID_1">319</SimpleData>
		<SimpleData name="OBJECTID">2743</SimpleData>
		<SimpleData name="CODOBRA">02-09</SimpleData>
		<SimpleData name="TIPOOBRA">2</SimpleData>
		<SimpleData name="DESCOBRA">CALETA PESQUERA ANTOFAGASTA</SimpleData>
		<SimpleData name="CODCOMUNA">ANTOFAGASTA</SimpleData>
		<SimpleData name="LONMUROS">121</SimpleData>
		<SimpleData name="LONESCOLLE">170</SimpleData>
		<SimpleData name="LONMUELLE">100</SimpleData>
		<SimpleData name="LONRAMPCO">0</SimpleData>
		<SimpleData name="LONRAMPA">0</SimpleData>
		<SimpleData name="LONRAMPAVA">0</SimpleData>
		<SimpleData name="LONPONTON">0</SimpleData>
		<SimpleData name="LONCAMIAC">0</SimpleData>
		<SimpleData name="AREAEXPLAN">3748</SimpleData>
		<SimpleData name="BOXUNI">343</SimpleData>
		<SimpleData name="BANO_UNI">0</SimpleData>
		<SimpleData name="TIPOGEOM">1</SimpleData>
		<SimpleData name="GLOBALID">{B48B1A81-08E2-4699-9B04-B8D125114FC4}</SimpleData>
		<SimpleData name="SALAREUNI">0</SimpleData>
		<SimpleData name="PLAYAARTIF">0</SimpleData>
		<SimpleData name="PASEOCOSTE">0</SimpleData>
		<SimpleData name="ESTADOGRAL">BUENO</SimpleData>
		<SimpleData name="GRUAOPESC">0</SimpleData>
		<SimpleData name="LONSALAADM">0</SimpleData>
		<SimpleData name="LONSALVENT">0</SimpleData>
		<SimpleData name="SALAPROC">0</SimpleData>
		<SimpleData name="AREABODEGA">0</SimpleData>
		<SimpleData name="AREACAFRI">0</SimpleData>
		<SimpleData name="AREAREFUG">0</SimpleData>
		<SimpleData name="AREAGALPON">0</SimpleData>
		<SimpleData name="PROGRAMA">PESCA ARTESANAL</SimpleData>
		<SimpleData name="IMAGEN">http://colabora.mop.gov.cl/sites/dop/dptopl/dp/Documentos%20compartidos/Imágenes%20para%20el%20Modelo%20de%20Datos/2-%20ANTOFAGASTA/2-09.jpg</SimpleData>
		<SimpleData name="MXLOCATION">02101-02</SimpleData>
		<SimpleData name="MXSITEID">DOP</SimpleData>
		<SimpleData name="COD_REG">0</SimpleData>
	</SchemaData></ExtendedData>
      <Point><coordinates>-70.39814095,-23.640812678</coordinates></Point>
  </Placemark>
  <Placemark id="infraestructura_portuaria.320">
	<ExtendedData><SchemaData schemaUrl="#infraestructura_portuaria">
		<SimpleData name="OBJECTID_1">320</SimpleData>
		<SimpleData name="OBJECTID">2744</SimpleData>
		<SimpleData name="CODOBRA">02-06</SimpleData>
		<SimpleData name="TIPOOBRA">2</SimpleData>
		<SimpleData name="DESCOBRA">CALETA PESQUERA CONSTITUCION</SimpleData>
		<SimpleData name="CODCOMUNA">ANTOFAGASTA</SimpleData>
		<SimpleData name="LONMUROS">77</SimpleData>
		<SimpleData name="LONESCOLLE">23</SimpleData>
		<SimpleData name="LONMUELLE">0</SimpleData>
		<SimpleData name="LONRAMPCO">0</SimpleData>
		<SimpleData name="LONRAMPA">0</SimpleData>
		<SimpleData name="LONRAMPAVA">0</SimpleData>
		<SimpleData name="LONPONTON">0</SimpleData>
		<SimpleData name="LONCAMIAC">0</SimpleData>
		<SimpleData name="AREAEXPLAN">0</SimpleData>
		<SimpleData name="BOXUNI">15</SimpleData>
		<SimpleData name="BANO_UNI">0</SimpleData>
		<SimpleData name="TIPOGEOM">1</SimpleData>
		<SimpleData name="GLOBALID">{04E253FD-7CC6-4CA3-BE30-427CFE48F717}</SimpleData>
		<SimpleData name="SALAREUNI">0</SimpleData>
		<SimpleData name="PLAYAARTIF">0</SimpleData>
		<SimpleData name="PASEOCOSTE">0</SimpleData>
		<SimpleData name="ESTADOGRAL">BUENO</SimpleData>
		<SimpleData name="GRUAOPESC">0</SimpleData>
		<SimpleData name="LONSALAADM">0</SimpleData>
		<SimpleData name="LONSALVENT">0</SimpleData>
		<SimpleData name="SALAPROC">0</SimpleData>
		<SimpleData name="AREABODEGA">0</SimpleData>
		<SimpleData name="AREACAFRI">0</SimpleData>
		<SimpleData name="AREAREFUG">0</SimpleData>
		<SimpleData name="AREAGALPON">0</SimpleData>
		<SimpleData name="PROGRAMA">PESCA ARTESANAL</SimpleData>
		<SimpleData name="IMAGEN">http://colabora.mop.gov.cl/sites/dop/dptopl/dp/Documentos%20compartidos/Imágenes%20para%20el%20Modelo%20de%20Datos/2-%20ANTOFAGASTA/2-06.jpg</SimpleData>
		<SimpleData name="MXLOCATION">02101-03</SimpleData>
		<SimpleData name="MXSITEID">DOP</SimpleData>
		<SimpleData name="COD_REG">0</SimpleData>
	</SchemaData></ExtendedData>
      <Point><coordinates>-70.5933397049999,-23.4118712559999</coordinates></Point>
  </Placemark>
  <Placemark id="infraestructura_portuaria.321">
	<ExtendedData><SchemaData schemaUrl="#infraestructura_portuaria">
		<SimpleData name="OBJECTID_1">321</SimpleData>
		<SimpleData name="OBJECTID">2745</SimpleData>
		<SimpleData name="CODOBRA">02-05</SimpleData>
		<SimpleData name="TIPOOBRA">2</SimpleData>
		<SimpleData name="DESCOBRA">CALETA PESQUERA MEJILLONES</SimpleData>
		<SimpleData name="CODCOMUNA">MEJILLONES</SimpleData>
		<SimpleData name="LONMUROS">21</SimpleData>
		<SimpleData name="LONESCOLLE">0</SimpleData>
		<SimpleData name="LONMUELLE">111</SimpleData>
		<SimpleData name="LONRAMPCO">0</SimpleData>
		<SimpleData name="LONRAMPA">0</SimpleData>
		<SimpleData name="LONRAMPAVA">21</SimpleData>
		<SimpleData name="LONPONTON">0</SimpleData>
		<SimpleData name="LONCAMIAC">0</SimpleData>
		<SimpleData name="AREAEXPLAN">0</SimpleData>
		<SimpleData name="BOXUNI">44</SimpleData>
		<SimpleData name="BANO_UNI">0</SimpleData>
		<SimpleData name="TIPOGEOM">1</SimpleData>
		<SimpleData name="GLOBALID">{AC0BFFAF-965C-4802-A745-4940FB2C3243}</SimpleData>
		<SimpleData name="SALAREUNI">0</SimpleData>
		<SimpleData name="PLAYAARTIF">0</SimpleData>
		<SimpleData name="PASEOCOSTE">0</SimpleData>
		<SimpleData name="ESTADOGRAL">BUENO</SimpleData>
		<SimpleData name="GRUAOPESC">0</SimpleData>
		<SimpleData name="LONSALAADM">0</SimpleData>
		<SimpleData name="LONSALVENT">0</SimpleData>
		<SimpleData name="SALAPROC">0</SimpleData>
		<SimpleData name="AREABODEGA">0</SimpleData>
		<SimpleData name="AREACAFRI">0</SimpleData>
		<SimpleData name="AREAREFUG">0</SimpleData>
		<SimpleData name="AREAGALPON">0</SimpleData>
		<SimpleData name="PROGRAMA">PESCA ARTESANAL</SimpleData>
		<SimpleData name="IMAGEN">http://colabora.mop.gov.cl/sites/dop/dptopl/dp/Documentos%20compartidos/Imágenes%20para%20el%20Modelo%20de%20Datos/2-%20ANTOFAGASTA/2-05.jpg</SimpleData>
		<SimpleData name="MXLOCATION">02102-08</SimpleData>
		<SimpleData name="MXSITEID">DOP</SimpleData>
		<SimpleData name="COD_REG">0</SimpleData>
	</SchemaData></ExtendedData>
      <Point><coordinates>-70.4501457279999,-23.0986338189999</coordinates></Point>
  </Placemark>
  <Placemark id="infraestructura_portuaria.322">
	<ExtendedData><SchemaData schemaUrl="#infraestructura_portuaria">
		<SimpleData name="OBJECTID_1">322</SimpleData>
		<SimpleData name="OBJECTID">2746</SimpleData>
		<SimpleData name="CODOBRA">11-10</SimpleData>
		<SimpleData name="TIPOOBRA">6</SimpleData>
		<SimpleData name="DESCOBRA">MUELLE PUERTO GAVIOTA</SimpleData>
		<SimpleData name="CODCOMUNA">AISEN</SimpleData>
		<SimpleData name="LONMUROS">0</SimpleData>
		<SimpleData name="LONESCOLLE">0</SimpleData>
		<SimpleData name="LONMUELLE">94</SimpleData>
		<SimpleData name="LONRAMPCO">0</SimpleData>
		<SimpleData name="LONRAMPA">190</SimpleData>
		<SimpleData name="LONRAMPAVA">0</SimpleData>
		<SimpleData name="LONPONTON">0</SimpleData>
		<SimpleData name="LONCAMIAC">0</SimpleData>
		<SimpleData name="AREAEXPLAN">304</SimpleData>
		<SimpleData name="BOXUNI">0</SimpleData>
		<SimpleData name="BANO_UNI">0</SimpleData>
		<SimpleData name="TIPOGEOM">1</SimpleData>
		<SimpleData name="GLOBALID">{E235AE28-C2F4-4707-8FE2-941357A289B1}</SimpleData>
		<SimpleData name="SALAREUNI">0</SimpleData>
		<SimpleData name="PLAYAARTIF">0</SimpleData>
		<SimpleData name="PASEOCOSTE">0</SimpleData>
		<SimpleData name="ESTADOGRAL">REGULAR</SimpleData>
		<SimpleData name="GRUAOPESC">0</SimpleData>
		<SimpleData name="LONSALAADM">0</SimpleData>
		<SimpleData name="LONSALVENT">0</SimpleData>
		<SimpleData name="SALAPROC">0</SimpleData>
		<SimpleData name="AREABODEGA">0</SimpleData>
		<SimpleData name="AREACAFRI">0</SimpleData>
		<SimpleData name="AREAREFUG">1</SimpleData>
		<SimpleData name="AREAGALPON">0</SimpleData>
		<SimpleData name="PROGRAMA">CONEXIÓN</SimpleData>
		<SimpleData name="IMAGEN">http://colabora.mop.gov.cl/sites/dop/dptopl/dp/Documentos%20compartidos/Imágenes%20para%20el%20Modelo%20de%20Datos/11-%20AYSÉN/11-10.JPG</SimpleData>
		<SimpleData name="MXLOCATION">11202-09</SimpleData>
		<SimpleData name="MXSITEID">DOP</SimpleData>
		<SimpleData name="COD_REG">0</SimpleData>
	</SchemaData></ExtendedData>
      <Point><coordinates>-73.303155148,-44.8978717529999</coordinates></Point>
  </Placemark>
  <Placemark id="infraestructura_portuaria.323">
	<ExtendedData><SchemaData schemaUrl="#infraestructura_portuaria">
		<SimpleData name="OBJECTID_1">323</SimpleData>
		<SimpleData name="OBJECTID">2748</SimpleData>
		<SimpleData name="CODOBRA">04-19</SimpleData>
		<SimpleData name="TIPOOBRA">2</SimpleData>
		<SimpleData name="DESCOBRA">CALETA PESQUERA DE PICHIDANGUI</SimpleData>
		<SimpleData name="CODCOMUNA">LOS VILOS</SimpleData>
		<SimpleData name="LONMUROS">93</SimpleData>
		<SimpleData name="LONESCOLLE">0</SimpleData>
		<SimpleData name="LONMUELLE">276</SimpleData>
		<SimpleData name="LONRAMPCO">0</SimpleData>
		<SimpleData name="LONRAMPA">0</SimpleData>
		<SimpleData name="LONRAMPAVA">230</SimpleData>
		<SimpleData name="LONPONTON">0</SimpleData>
		<SimpleData name="LONCAMIAC">0</SimpleData>
		<SimpleData name="AREAEXPLAN">1257</SimpleData>
		<SimpleData name="BOXUNI">10</SimpleData>
		<SimpleData name="BANO_UNI">2</SimpleData>
		<SimpleData name="TIPOGEOM">1</SimpleData>
		<SimpleData name="GLOBALID">{7489B7A6-E7DD-43BC-85C5-60D21FC8A79D}</SimpleData>
		<SimpleData name="SALAREUNI">1</SimpleData>
		<SimpleData name="PLAYAARTIF">0</SimpleData>
		<SimpleData name="PASEOCOSTE">0</SimpleData>
		<SimpleData name="ESTADOGRAL">BUENO</SimpleData>
		<SimpleData name="GRUAOPESC">1</SimpleData>
		<SimpleData name="LONSALAADM">1</SimpleData>
		<SimpleData name="LONSALVENT">1</SimpleData>
		<SimpleData name="SALAPROC">0</SimpleData>
		<SimpleData name="AREABODEGA">1</SimpleData>
		<SimpleData name="AREACAFRI">0</SimpleData>
		<SimpleData name="AREAREFUG">0</SimpleData>
		<SimpleData name="AREAGALPON">0</SimpleData>
		<SimpleData name="PROGRAMA">PESCA ARTESANAL</SimpleData>
		<SimpleData name="IMAGEN">http://colabora.mop.gov.cl/sites/dop/dptopl/dp/Documentos%20compartidos/Imágenes%20para%20el%20Modelo%20de%20Datos/4-%20COQUIMBO/4-19.jpg</SimpleData>
		<SimpleData name="MXLOCATION">04203-09</SimpleData>
		<SimpleData name="MXSITEID">DOP</SimpleData>
		<SimpleData name="COD_REG">0</SimpleData>
	</SchemaData></ExtendedData>
      <Point><coordinates>-71.529822591,-32.1362492219999</coordinates></Point>
  </Placemark>
  <Placemark id="infraestructura_portuaria.324">
	<ExtendedData><SchemaData schemaUrl="#infraestructura_portuaria">
		<SimpleData name="OBJECTID_1">324</SimpleData>
		<SimpleData name="OBJECTID">2749</SimpleData>
		<SimpleData name="CODOBRA">04-18</SimpleData>
		<SimpleData name="TIPOOBRA">2</SimpleData>
		<SimpleData name="DESCOBRA">CALETA PESQUERA DE TOTORALILLO SUR</SimpleData>
		<SimpleData name="CODCOMUNA">LOS VILOS</SimpleData>
		<SimpleData name="LONMUROS">0</SimpleData>
		<SimpleData name="LONESCOLLE">0</SimpleData>
		<SimpleData name="LONMUELLE">0</SimpleData>
		<SimpleData name="LONRAMPCO">0</SimpleData>
		<SimpleData name="LONRAMPA">0</SimpleData>
		<SimpleData name="LONRAMPAVA">325</SimpleData>
		<SimpleData name="LONPONTON">0</SimpleData>
		<SimpleData name="LONCAMIAC">0</SimpleData>
		<SimpleData name="AREAEXPLAN">700</SimpleData>
		<SimpleData name="BOXUNI">4</SimpleData>
		<SimpleData name="BANO_UNI">1</SimpleData>
		<SimpleData name="TIPOGEOM">1</SimpleData>
		<SimpleData name="GLOBALID">{66E814DB-8229-449D-B8E0-DBA2F7885587}</SimpleData>
		<SimpleData name="SALAREUNI">0</SimpleData>
		<SimpleData name="PLAYAARTIF">0</SimpleData>
		<SimpleData name="PASEOCOSTE">0</SimpleData>
		<SimpleData name="ESTADOGRAL">MALO</SimpleData>
		<SimpleData name="GRUAOPESC">0</SimpleData>
		<SimpleData name="LONSALAADM">0</SimpleData>
		<SimpleData name="LONSALVENT">0</SimpleData>
		<SimpleData name="SALAPROC">0</SimpleData>
		<SimpleData name="AREABODEGA">1</SimpleData>
		<SimpleData name="AREACAFRI">0</SimpleData>
		<SimpleData name="AREAREFUG">0</SimpleData>
		<SimpleData name="AREAGALPON">0</SimpleData>
		<SimpleData name="PROGRAMA">PESCA ARTESANAL</SimpleData>
		<SimpleData name="IMAGEN">http://colabora.mop.gov.cl/sites/dop/dptopl/dp/Documentos%20compartidos/Imágenes%20para%20el%20Modelo%20de%20Datos/4-%20COQUIMBO/4-18.jpg</SimpleData>
		<SimpleData name="MXLOCATION">04203-11</SimpleData>
		<SimpleData name="MXSITEID">DOP</SimpleData>
		<SimpleData name="COD_REG">0</SimpleData>
	</SchemaData></ExtendedData>
      <Point><coordinates>-71.513001612,-32.0255999359999</coordinates></Point>
  </Placemark>
  <Placemark id="infraestructura_portuaria.325">
	<ExtendedData><SchemaData schemaUrl="#infraestructura_portuaria">
		<SimpleData name="OBJECTID_1">325</SimpleData>
		<SimpleData name="OBJECTID">2750</SimpleData>
		<SimpleData name="CODOBRA">04-17</SimpleData>
		<SimpleData name="TIPOOBRA">2</SimpleData>
		<SimpleData name="DESCOBRA">CALETA PESQUERA DE LAS CONCHAS</SimpleData>
		<SimpleData name="CODCOMUNA">LOS VILOS</SimpleData>
		<SimpleData name="LONMUROS">53</SimpleData>
		<SimpleData name="LONESCOLLE">0</SimpleData>
		<SimpleData name="LONMUELLE">0</SimpleData>
		<SimpleData name="LONRAMPCO">0</SimpleData>
		<SimpleData name="LONRAMPA">0</SimpleData>
		<SimpleData name="LONRAMPAVA">688</SimpleData>
		<SimpleData name="LONPONTON">0</SimpleData>
		<SimpleData name="LONCAMIAC">0</SimpleData>
		<SimpleData name="AREAEXPLAN">860</SimpleData>
		<SimpleData name="BOXUNI">6</SimpleData>
		<SimpleData name="BANO_UNI">4</SimpleData>
		<SimpleData name="TIPOGEOM">1</SimpleData>
		<SimpleData name="GLOBALID">{9213A63F-E8FE-4435-85A2-703D6EF962B8}</SimpleData>
		<SimpleData name="SALAREUNI">1</SimpleData>
		<SimpleData name="PLAYAARTIF">0</SimpleData>
		<SimpleData name="PASEOCOSTE">0</SimpleData>
		<SimpleData name="ESTADOGRAL">BUENO</SimpleData>
		<SimpleData name="GRUAOPESC">0</SimpleData>
		<SimpleData name="LONSALAADM">1</SimpleData>
		<SimpleData name="LONSALVENT">0</SimpleData>
		<SimpleData name="SALAPROC">1</SimpleData>
		<SimpleData name="AREABODEGA">1</SimpleData>
		<SimpleData name="AREACAFRI">1</SimpleData>
		<SimpleData name="AREAREFUG">0</SimpleData>
		<SimpleData name="AREAGALPON">1</SimpleData>
		<SimpleData name="PROGRAMA">PESCA ARTESANAL</SimpleData>
		<SimpleData name="IMAGEN">http://colabora.mop.gov.cl/sites/dop/dptopl/dp/Documentos%20compartidos/Imágenes%20para%20el%20Modelo%20de%20Datos/4-%20COQUIMBO/4-17.jpg</SimpleData>
		<SimpleData name="MXLOCATION">04203-07</SimpleData>
		<SimpleData name="MXSITEID">DOP</SimpleData>
		<SimpleData name="COD_REG">0</SimpleData>
	</SchemaData></ExtendedData>
      <Point><coordinates>-71.517378633,-31.913009799</coordinates></Point>
  </Placemark>
  <Placemark id="infraestructura_portuaria.326">
	<ExtendedData><SchemaData schemaUrl="#infraestructura_portuaria">
		<SimpleData name="OBJECTID_1">326</SimpleData>
		<SimpleData name="OBJECTID">2751</SimpleData>
		<SimpleData name="CODOBRA">04-16</SimpleData>
		<SimpleData name="TIPOOBRA">2</SimpleData>
		<SimpleData name="DESCOBRA">CALETA PESQUERA SAN PEDRO DE LOS VILOS</SimpleData>
		<SimpleData name="CODCOMUNA">LOS VILOS</SimpleData>
		<SimpleData name="LONMUROS">156</SimpleData>
		<SimpleData name="LONESCOLLE">156</SimpleData>
		<SimpleData name="LONMUELLE">449</SimpleData>
		<SimpleData name="LONRAMPCO">0</SimpleData>
		<SimpleData name="LONRAMPA">0</SimpleData>
		<SimpleData name="LONRAMPAVA">0</SimpleData>
		<SimpleData name="LONPONTON">0</SimpleData>
		<SimpleData name="LONCAMIAC">0</SimpleData>
		<SimpleData name="AREAEXPLAN">600</SimpleData>
		<SimpleData name="BOXUNI">15</SimpleData>
		<SimpleData name="BANO_UNI">0</SimpleData>
		<SimpleData name="TIPOGEOM">1</SimpleData>
		<SimpleData name="GLOBALID">{C0A72B56-30F0-4399-A1AF-995E2E7D08AF}</SimpleData>
		<SimpleData name="SALAREUNI">1</SimpleData>
		<SimpleData name="PLAYAARTIF">0</SimpleData>
		<SimpleData name="PASEOCOSTE">0</SimpleData>
		<SimpleData name="ESTADOGRAL">BUENO</SimpleData>
		<SimpleData name="GRUAOPESC">1</SimpleData>
		<SimpleData name="LONSALAADM">1</SimpleData>
		<SimpleData name="LONSALVENT">1</SimpleData>
		<SimpleData name="SALAPROC">1</SimpleData>
		<SimpleData name="AREABODEGA">1</SimpleData>
		<SimpleData name="AREACAFRI">1</SimpleData>
		<SimpleData name="AREAREFUG">0</SimpleData>
		<SimpleData name="AREAGALPON">0</SimpleData>
		<SimpleData name="PROGRAMA">PESCA ARTESANAL</SimpleData>
		<SimpleData name="IMAGEN">http://colabora.mop.gov.cl/sites/dop/dptopl/dp/Documentos%20compartidos/Imágenes%20para%20el%20Modelo%20de%20Datos/4-%20COQUIMBO/4-16.jpg</SimpleData>
		<SimpleData name="MXLOCATION">04203-08</SimpleData>
		<SimpleData name="MXSITEID">DOP</SimpleData>
		<SimpleData name="COD_REG">0</SimpleData>
	</SchemaData></ExtendedData>
      <Point><coordinates>-71.508822079,-31.9093583539999</coordinates></Point>
  </Placemark>
  <Placemark id="infraestructura_portuaria.327">
	<ExtendedData><SchemaData schemaUrl="#infraestructura_portuaria">
		<SimpleData name="OBJECTID_1">327</SimpleData>
		<SimpleData name="OBJECTID">2752</SimpleData>
		<SimpleData name="CODOBRA">04-15</SimpleData>
		<SimpleData name="TIPOOBRA">2</SimpleData>
		<SimpleData name="DESCOBRA">CALETA PESQUERA CHIGUALOCO</SimpleData>
		<SimpleData name="CODCOMUNA">LOS VILOS</SimpleData>
		<SimpleData name="LONMUROS">36</SimpleData>
		<SimpleData name="LONESCOLLE">50</SimpleData>
		<SimpleData name="LONMUELLE">0</SimpleData>
		<SimpleData name="LONRAMPCO">0</SimpleData>
		<SimpleData name="LONRAMPA">0</SimpleData>
		<SimpleData name="LONRAMPAVA">294</SimpleData>
		<SimpleData name="LONPONTON">0</SimpleData>
		<SimpleData name="LONCAMIAC">0</SimpleData>
		<SimpleData name="AREAEXPLAN">1348</SimpleData>
		<SimpleData name="BOXUNI">5</SimpleData>
		<SimpleData name="BANO_UNI">2</SimpleData>
		<SimpleData name="TIPOGEOM">1</SimpleData>
		<SimpleData name="GLOBALID">{BBF98AF8-2F30-4779-ABF2-6E6CAFA57827}</SimpleData>
		<SimpleData name="SALAREUNI">0</SimpleData>
		<SimpleData name="PLAYAARTIF">0</SimpleData>
		<SimpleData name="PASEOCOSTE">0</SimpleData>
		<SimpleData name="ESTADOGRAL">BUENO</SimpleData>
		<SimpleData name="GRUAOPESC">0</SimpleData>
		<SimpleData name="LONSALAADM">1</SimpleData>
		<SimpleData name="LONSALVENT">0</SimpleData>
		<SimpleData name="SALAPROC">0</SimpleData>
		<SimpleData name="AREABODEGA">0</SimpleData>
		<SimpleData name="AREACAFRI">0</SimpleData>
		<SimpleData name="AREAREFUG">0</SimpleData>
		<SimpleData name="AREAGALPON">0</SimpleData>
		<SimpleData name="PROGRAMA">PESCA ARTESANAL</SimpleData>
		<SimpleData name="IMAGEN">http://colabora.mop.gov.cl/sites/dop/dptopl/dp/Documentos%20compartidos/Imágenes%20para%20el%20Modelo%20de%20Datos/4-%20COQUIMBO/4-15.jpg</SimpleData>
		<SimpleData name="MXLOCATION">04203-06</SimpleData>
		<SimpleData name="MXSITEID">DOP</SimpleData>
		<SimpleData name="COD_REG">0</SimpleData>
	</SchemaData></ExtendedData>
      <Point><coordinates>-71.51865341,-31.7532496979999</coordinates></Point>
  </Placemark>
  <Placemark id="infraestructura_portuaria.328">
	<ExtendedData><SchemaData schemaUrl="#infraestructura_portuaria">
		<SimpleData name="OBJECTID_1">328</SimpleData>
		<SimpleData name="OBJECTID">2753</SimpleData>
		<SimpleData name="CODOBRA">04-14</SimpleData>
		<SimpleData name="TIPOOBRA">2</SimpleData>
		<SimpleData name="DESCOBRA">CALETA PESQUERA DE LA CEBADA</SimpleData>
		<SimpleData name="CODCOMUNA">OVALLE</SimpleData>
		<SimpleData name="LONMUROS">0</SimpleData>
		<SimpleData name="LONESCOLLE">72</SimpleData>
		<SimpleData name="LONMUELLE">0</SimpleData>
		<SimpleData name="LONRAMPCO">0</SimpleData>
		<SimpleData name="LONRAMPA">0</SimpleData>
		<SimpleData name="LONRAMPAVA">369</SimpleData>
		<SimpleData name="LONPONTON">0</SimpleData>
		<SimpleData name="LONCAMIAC">0</SimpleData>
		<SimpleData name="AREAEXPLAN">0</SimpleData>
		<SimpleData name="BOXUNI">0</SimpleData>
		<SimpleData name="BANO_UNI">0</SimpleData>
		<SimpleData name="TIPOGEOM">1</SimpleData>
		<SimpleData name="GLOBALID">{63430C6E-C2D7-43E5-B4FC-4D6E96D99DA2}</SimpleData>
		<SimpleData name="SALAREUNI">0</SimpleData>
		<SimpleData name="PLAYAARTIF">0</SimpleData>
		<SimpleData name="PASEOCOSTE">0</SimpleData>
		<SimpleData name="ESTADOGRAL">BUENO</SimpleData>
		<SimpleData name="GRUAOPESC">0</SimpleData>
		<SimpleData name="LONSALAADM">0</SimpleData>
		<SimpleData name="LONSALVENT">0</SimpleData>
		<SimpleData name="SALAPROC">0</SimpleData>
		<SimpleData name="AREABODEGA">0</SimpleData>
		<SimpleData name="AREACAFRI">0</SimpleData>
		<SimpleData name="AREAREFUG">0</SimpleData>
		<SimpleData name="AREAGALPON">1</SimpleData>
		<SimpleData name="PROGRAMA">PESCA ARTESANAL</SimpleData>
		<SimpleData name="IMAGEN">http://colabora.mop.gov.cl/sites/dop/dptopl/dp/Documentos%20compartidos/Imágenes%20para%20el%20Modelo%20de%20Datos/4-%20COQUIMBO/4-14.jpg</SimpleData>
		<SimpleData name="MXLOCATION">04301-28</SimpleData>
		<SimpleData name="MXSITEID">DOP</SimpleData>
		<SimpleData name="COD_REG">0</SimpleData>
	</SchemaData></ExtendedData>
      <Point><coordinates>-71.6504499169999,-31.0169055329999</coordinates></Point>
  </Placemark>
  <Placemark id="infraestructura_portuaria.329">
	<ExtendedData><SchemaData schemaUrl="#infraestructura_portuaria">
		<SimpleData name="OBJECTID_1">329</SimpleData>
		<SimpleData name="OBJECTID">2754</SimpleData>
		<SimpleData name="CODOBRA">04-13</SimpleData>
		<SimpleData name="TIPOOBRA">2</SimpleData>
		<SimpleData name="DESCOBRA">CALETA PESQUERA DE PUERTO ALDEA</SimpleData>
		<SimpleData name="CODCOMUNA">COQUIMBO</SimpleData>
		<SimpleData name="LONMUROS">153</SimpleData>
		<SimpleData name="LONESCOLLE">0</SimpleData>
		<SimpleData name="LONMUELLE">427</SimpleData>
		<SimpleData name="LONRAMPCO">0</SimpleData>
		<SimpleData name="LONRAMPA">0</SimpleData>
		<SimpleData name="LONRAMPAVA">230</SimpleData>
		<SimpleData name="LONPONTON">0</SimpleData>
		<SimpleData name="LONCAMIAC">0</SimpleData>
		<SimpleData name="AREAEXPLAN">1946</SimpleData>
		<SimpleData name="BOXUNI">9</SimpleData>
		<SimpleData name="BANO_UNI">0</SimpleData>
		<SimpleData name="TIPOGEOM">1</SimpleData>
		<SimpleData name="GLOBALID">{43AF0F24-9AB5-447C-8BDC-73E6DC902607}</SimpleData>
		<SimpleData name="SALAREUNI">0</SimpleData>
		<SimpleData name="PLAYAARTIF">0</SimpleData>
		<SimpleData name="PASEOCOSTE">0</SimpleData>
		<SimpleData name="ESTADOGRAL">BUENO</SimpleData>
		<SimpleData name="GRUAOPESC">1</SimpleData>
		<SimpleData name="LONSALAADM">1</SimpleData>
		<SimpleData name="LONSALVENT">0</SimpleData>
		<SimpleData name="SALAPROC">0</SimpleData>
		<SimpleData name="AREABODEGA">1</SimpleData>
		<SimpleData name="AREACAFRI">1</SimpleData>
		<SimpleData name="AREAREFUG">0</SimpleData>
		<SimpleData name="AREAGALPON">1</SimpleData>
		<SimpleData name="PROGRAMA">PESCA ARTESANAL</SimpleData>
		<SimpleData name="IMAGEN">http://colabora.mop.gov.cl/sites/dop/dptopl/dp/Documentos%20compartidos/Imágenes%20para%20el%20Modelo%20de%20Datos/4-%20COQUIMBO/4-13.jpg</SimpleData>
		<SimpleData name="MXLOCATION">04102-17</SimpleData>
		<SimpleData name="MXSITEID">DOP</SimpleData>
		<SimpleData name="COD_REG">0</SimpleData>
	</SchemaData></ExtendedData>
      <Point><coordinates>-71.60816054,-30.2920414289999</coordinates></Point>
  </Placemark>
  <Placemark id="infraestructura_portuaria.330">
	<ExtendedData><SchemaData schemaUrl="#infraestructura_portuaria">
		<SimpleData name="OBJECTID_1">330</SimpleData>
		<SimpleData name="OBJECTID">2755</SimpleData>
		<SimpleData name="CODOBRA">04-12</SimpleData>
		<SimpleData name="TIPOOBRA">2</SimpleData>
		<SimpleData name="DESCOBRA">CALETA PESQUERA DE TONGOY</SimpleData>
		<SimpleData name="CODCOMUNA">COQUIMBO</SimpleData>
		<SimpleData name="LONMUROS">102</SimpleData>
		<SimpleData name="LONESCOLLE">0</SimpleData>
		<SimpleData name="LONMUELLE">472</SimpleData>
		<SimpleData name="LONRAMPCO">0</SimpleData>
		<SimpleData name="LONRAMPA">0</SimpleData>
		<SimpleData name="LONRAMPAVA">0</SimpleData>
		<SimpleData name="LONPONTON">0</SimpleData>
		<SimpleData name="LONCAMIAC">0</SimpleData>
		<SimpleData name="AREAEXPLAN">1738</SimpleData>
		<SimpleData name="BOXUNI">16</SimpleData>
		<SimpleData name="BANO_UNI">6</SimpleData>
		<SimpleData name="TIPOGEOM">1</SimpleData>
		<SimpleData name="GLOBALID">{090AF9C8-B274-48B4-869F-4727BAE7D5F1}</SimpleData>
		<SimpleData name="SALAREUNI">1</SimpleData>
		<SimpleData name="PLAYAARTIF">0</SimpleData>
		<SimpleData name="PASEOCOSTE">0</SimpleData>
		<SimpleData name="ESTADOGRAL">REGULAR</SimpleData>
		<SimpleData name="GRUAOPESC">2</SimpleData>
		<SimpleData name="LONSALAADM">1</SimpleData>
		<SimpleData name="LONSALVENT">1</SimpleData>
		<SimpleData name="SALAPROC">1</SimpleData>
		<SimpleData name="AREABODEGA">1</SimpleData>
		<SimpleData name="AREACAFRI">1</SimpleData>
		<SimpleData name="AREAREFUG">0</SimpleData>
		<SimpleData name="AREAGALPON">1</SimpleData>
		<SimpleData name="PROGRAMA">PESCA ARTESANAL</SimpleData>
		<SimpleData name="IMAGEN">http://colabora.mop.gov.cl/sites/dop/dptopl/dp/Documentos%20compartidos/Imágenes%20para%20el%20Modelo%20de%20Datos/4-%20COQUIMBO/4-12.jpg</SimpleData>
		<SimpleData name="MXLOCATION">04102-18</SimpleData>
		<SimpleData name="MXSITEID">DOP</SimpleData>
		<SimpleData name="COD_REG">0</SimpleData>
	</SchemaData></ExtendedData>
      <Point><coordinates>-71.498752815,-30.255658856</coordinates></Point>
  </Placemark>
  <Placemark id="infraestructura_portuaria.331">
	<ExtendedData><SchemaData schemaUrl="#infraestructura_portuaria">
		<SimpleData name="OBJECTID_1">331</SimpleData>
		<SimpleData name="OBJECTID">2756</SimpleData>
		<SimpleData name="CODOBRA">04-10</SimpleData>
		<SimpleData name="TIPOOBRA">2</SimpleData>
		<SimpleData name="DESCOBRA">CALETA PESQUERA DE GUANAQUEROS</SimpleData>
		<SimpleData name="CODCOMUNA">COQUIMBO</SimpleData>
		<SimpleData name="LONMUROS">211</SimpleData>
		<SimpleData name="LONESCOLLE">28</SimpleData>
		<SimpleData name="LONMUELLE">0</SimpleData>
		<SimpleData name="LONRAMPCO">0</SimpleData>
		<SimpleData name="LONRAMPA">0</SimpleData>
		<SimpleData name="LONRAMPAVA">0</SimpleData>
		<SimpleData name="LONPONTON">0</SimpleData>
		<SimpleData name="LONCAMIAC">0</SimpleData>
		<SimpleData name="AREAEXPLAN">1933</SimpleData>
		<SimpleData name="BOXUNI">24</SimpleData>
		<SimpleData name="BANO_UNI">3</SimpleData>
		<SimpleData name="TIPOGEOM">1</SimpleData>
		<SimpleData name="GLOBALID">{C3B072C7-E439-4D85-A28D-929E6CCE1099}</SimpleData>
		<SimpleData name="SALAREUNI">1</SimpleData>
		<SimpleData name="PLAYAARTIF">0</SimpleData>
		<SimpleData name="PASEOCOSTE">0</SimpleData>
		<SimpleData name="ESTADOGRAL">BUENO</SimpleData>
		<SimpleData name="GRUAOPESC">1</SimpleData>
		<SimpleData name="LONSALAADM">1</SimpleData>
		<SimpleData name="LONSALVENT">0</SimpleData>
		<SimpleData name="SALAPROC">0</SimpleData>
		<SimpleData name="AREABODEGA">0</SimpleData>
		<SimpleData name="AREACAFRI">0</SimpleData>
		<SimpleData name="AREAREFUG">0</SimpleData>
		<SimpleData name="AREAGALPON">0</SimpleData>
		<SimpleData name="PROGRAMA">PESCA ARTESANAL</SimpleData>
		<SimpleData name="IMAGEN">http://colabora.mop.gov.cl/sites/dop/dptopl/dp/Documentos%20compartidos/Imágenes%20para%20el%20Modelo%20de%20Datos/4-%20COQUIMBO/4-10.jpg</SimpleData>
		<SimpleData name="MXLOCATION">04102-13</SimpleData>
		<SimpleData name="MXSITEID">DOP</SimpleData>
		<SimpleData name="COD_REG">0</SimpleData>
	</SchemaData></ExtendedData>
      <Point><coordinates>-71.430474497,-30.1937716039999</coordinates></Point>
  </Placemark>
  <Placemark id="infraestructura_portuaria.332">
	<ExtendedData><SchemaData schemaUrl="#infraestructura_portuaria">
		<SimpleData name="OBJECTID_1">332</SimpleData>
		<SimpleData name="OBJECTID">2757</SimpleData>
		<SimpleData name="CODOBRA">04-09</SimpleData>
		<SimpleData name="TIPOOBRA">2</SimpleData>
		<SimpleData name="DESCOBRA">CALETA PESQUERA DE TOTORALILLO CENTRO</SimpleData>
		<SimpleData name="CODCOMUNA">COQUIMBO</SimpleData>
		<SimpleData name="LONMUROS">25</SimpleData>
		<SimpleData name="LONESCOLLE">0</SimpleData>
		<SimpleData name="LONMUELLE">0</SimpleData>
		<SimpleData name="LONRAMPCO">0</SimpleData>
		<SimpleData name="LONRAMPA">0</SimpleData>
		<SimpleData name="LONRAMPAVA">0</SimpleData>
		<SimpleData name="LONPONTON">0</SimpleData>
		<SimpleData name="LONCAMIAC">0</SimpleData>
		<SimpleData name="AREAEXPLAN">543</SimpleData>
		<SimpleData name="BOXUNI">11</SimpleData>
		<SimpleData name="BANO_UNI">2</SimpleData>
		<SimpleData name="TIPOGEOM">1</SimpleData>
		<SimpleData name="GLOBALID">{ABF9C393-9492-46DA-A701-63EFB26C2548}</SimpleData>
		<SimpleData name="SALAREUNI">0</SimpleData>
		<SimpleData name="PLAYAARTIF">0</SimpleData>
		<SimpleData name="PASEOCOSTE">0</SimpleData>
		<SimpleData name="ESTADOGRAL">REGULAR</SimpleData>
		<SimpleData name="GRUAOPESC">0</SimpleData>
		<SimpleData name="LONSALAADM">1</SimpleData>
		<SimpleData name="LONSALVENT">1</SimpleData>
		<SimpleData name="SALAPROC">0</SimpleData>
		<SimpleData name="AREABODEGA">1</SimpleData>
		<SimpleData name="AREACAFRI">0</SimpleData>
		<SimpleData name="AREAREFUG">0</SimpleData>
		<SimpleData name="AREAGALPON">0</SimpleData>
		<SimpleData name="PROGRAMA">PESCA ARTESANAL</SimpleData>
		<SimpleData name="IMAGEN">http://colabora.mop.gov.cl/sites/dop/dptopl/dp/Documentos%20compartidos/Imágenes%20para%20el%20Modelo%20de%20Datos/4-%20COQUIMBO/4-09.jpg</SimpleData>
		<SimpleData name="MXLOCATION">04102-19</SimpleData>
		<SimpleData name="MXSITEID">DOP</SimpleData>
		<SimpleData name="COD_REG">0</SimpleData>
	</SchemaData></ExtendedData>
      <Point><coordinates>-71.3773857419999,-30.073443273</coordinates></Point>
  </Placemark>
  <Placemark id="infraestructura_portuaria.333">
	<ExtendedData><SchemaData schemaUrl="#infraestructura_portuaria">
		<SimpleData name="OBJECTID_1">333</SimpleData>
		<SimpleData name="OBJECTID">2758</SimpleData>
		<SimpleData name="CODOBRA">04-08</SimpleData>
		<SimpleData name="TIPOOBRA">2</SimpleData>
		<SimpleData name="DESCOBRA">CALETA PESQUERA DE GUAYACAN</SimpleData>
		<SimpleData name="CODCOMUNA">COQUIMBO</SimpleData>
		<SimpleData name="LONMUROS">81</SimpleData>
		<SimpleData name="LONESCOLLE">64</SimpleData>
		<SimpleData name="LONMUELLE">172</SimpleData>
		<SimpleData name="LONRAMPCO">0</SimpleData>
		<SimpleData name="LONRAMPA">0</SimpleData>
		<SimpleData name="LONRAMPAVA">637</SimpleData>
		<SimpleData name="LONPONTON">0</SimpleData>
		<SimpleData name="LONCAMIAC">0</SimpleData>
		<SimpleData name="AREAEXPLAN">1020</SimpleData>
		<SimpleData name="BOXUNI">13</SimpleData>
		<SimpleData name="BANO_UNI">2</SimpleData>
		<SimpleData name="TIPOGEOM">1</SimpleData>
		<SimpleData name="GLOBALID">{4E3FDC1E-E78E-4E47-B7C8-E49AB70F5695}</SimpleData>
		<SimpleData name="SALAREUNI">0</SimpleData>
		<SimpleData name="PLAYAARTIF">0</SimpleData>
		<SimpleData name="PASEOCOSTE">0</SimpleData>
		<SimpleData name="ESTADOGRAL">BUENO</SimpleData>
		<SimpleData name="GRUAOPESC">1</SimpleData>
		<SimpleData name="LONSALAADM">1</SimpleData>
		<SimpleData name="LONSALVENT">1</SimpleData>
		<SimpleData name="SALAPROC">0</SimpleData>
		<SimpleData name="AREABODEGA">0</SimpleData>
		<SimpleData name="AREACAFRI">0</SimpleData>
		<SimpleData name="AREAREFUG">0</SimpleData>
		<SimpleData name="AREAGALPON">1</SimpleData>
		<SimpleData name="PROGRAMA">PESCA ARTESANAL</SimpleData>
		<SimpleData name="IMAGEN">http://colabora.mop.gov.cl/sites/dop/dptopl/dp/Documentos%20compartidos/Imágenes%20para%20el%20Modelo%20de%20Datos/4-%20COQUIMBO/4-08.jpg</SimpleData>
		<SimpleData name="MXLOCATION">04102-15</SimpleData>
		<SimpleData name="MXSITEID">DOP</SimpleData>
		<SimpleData name="COD_REG">0</SimpleData>
	</SchemaData></ExtendedData>
      <Point><coordinates>-71.349903949,-29.966825441</coordinates></Point>
  </Placemark>
  <Placemark id="infraestructura_portuaria.334">
	<ExtendedData><SchemaData schemaUrl="#infraestructura_portuaria">
		<SimpleData name="OBJECTID_1">334</SimpleData>
		<SimpleData name="OBJECTID">2759</SimpleData>
		<SimpleData name="CODOBRA">04-07</SimpleData>
		<SimpleData name="TIPOOBRA">2</SimpleData>
		<SimpleData name="DESCOBRA">PUERTO PESQUERO ARTESANAL DE COQUIMBO</SimpleData>
		<SimpleData name="CODCOMUNA">COQUIMBO</SimpleData>
		<SimpleData name="LONMUROS">341</SimpleData>
		<SimpleData name="LONESCOLLE">45</SimpleData>
		<SimpleData name="LONMUELLE">309</SimpleData>
		<SimpleData name="LONRAMPCO">0</SimpleData>
		<SimpleData name="LONRAMPA">0</SimpleData>
		<SimpleData name="LONRAMPAVA">0</SimpleData>
		<SimpleData name="LONPONTON">0</SimpleData>
		<SimpleData name="LONCAMIAC">0</SimpleData>
		<SimpleData name="AREAEXPLAN">2361</SimpleData>
		<SimpleData name="BOXUNI">137</SimpleData>
		<SimpleData name="BANO_UNI">9</SimpleData>
		<SimpleData name="TIPOGEOM">1</SimpleData>
		<SimpleData name="GLOBALID">{0C8C5F62-0FD2-4195-8859-CC8A8C2BACFE}</SimpleData>
		<SimpleData name="SALAREUNI">1</SimpleData>
		<SimpleData name="PLAYAARTIF">0</SimpleData>
		<SimpleData name="PASEOCOSTE">72</SimpleData>
		<SimpleData name="ESTADOGRAL">MUY BUENO</SimpleData>
		<SimpleData name="GRUAOPESC">3</SimpleData>
		<SimpleData name="LONSALAADM">1</SimpleData>
		<SimpleData name="LONSALVENT">1</SimpleData>
		<SimpleData name="SALAPROC">1</SimpleData>
		<SimpleData name="AREABODEGA">1</SimpleData>
		<SimpleData name="AREACAFRI">1</SimpleData>
		<SimpleData name="AREAREFUG">0</SimpleData>
		<SimpleData name="AREAGALPON">0</SimpleData>
		<SimpleData name="PROGRAMA">PESCA ARTESANAL</SimpleData>
		<SimpleData name="IMAGEN">http://colabora.mop.gov.cl/sites/dop/dptopl/dp/Documentos%20compartidos/Imágenes%20para%20el%20Modelo%20de%20Datos/4-%20COQUIMBO/4-07.jpg</SimpleData>
		<SimpleData name="MXLOCATION">04102-12</SimpleData>
		<SimpleData name="MXSITEID">DOP</SimpleData>
		<SimpleData name="COD_REG">0</SimpleData>
	</SchemaData></ExtendedData>
      <Point><coordinates>-71.335328789,-29.9545845169999</coordinates></Point>
  </Placemark>
  <Placemark id="infraestructura_portuaria.335">
	<ExtendedData><SchemaData schemaUrl="#infraestructura_portuaria">
		<SimpleData name="OBJECTID_1">335</SimpleData>
		<SimpleData name="OBJECTID">2760</SimpleData>
		<SimpleData name="CODOBRA">04-06</SimpleData>
		<SimpleData name="TIPOOBRA">2</SimpleData>
		<SimpleData name="DESCOBRA">CALETA PESQUERA PEÑUELAS</SimpleData>
		<SimpleData name="CODCOMUNA">COQUIMBO</SimpleData>
		<SimpleData name="LONMUROS">0</SimpleData>
		<SimpleData name="LONESCOLLE">0</SimpleData>
		<SimpleData name="LONMUELLE">0</SimpleData>
		<SimpleData name="LONRAMPCO">0</SimpleData>
		<SimpleData name="LONRAMPA">0</SimpleData>
		<SimpleData name="LONRAMPAVA">70</SimpleData>
		<SimpleData name="LONPONTON">0</SimpleData>
		<SimpleData name="LONCAMIAC">0</SimpleData>
		<SimpleData name="AREAEXPLAN">406</SimpleData>
		<SimpleData name="BOXUNI">44</SimpleData>
		<SimpleData name="BANO_UNI">3</SimpleData>
		<SimpleData name="TIPOGEOM">1</SimpleData>
		<SimpleData name="GLOBALID">{B403993D-7FD5-4679-A355-894650BD4BA8}</SimpleData>
		<SimpleData name="SALAREUNI">0</SimpleData>
		<SimpleData name="PLAYAARTIF">0</SimpleData>
		<SimpleData name="PASEOCOSTE">0</SimpleData>
		<SimpleData name="ESTADOGRAL">MUY BUENO</SimpleData>
		<SimpleData name="GRUAOPESC">0</SimpleData>
		<SimpleData name="LONSALAADM">1</SimpleData>
		<SimpleData name="LONSALVENT">0</SimpleData>
		<SimpleData name="SALAPROC">0</SimpleData>
		<SimpleData name="AREABODEGA">1</SimpleData>
		<SimpleData name="AREACAFRI">0</SimpleData>
		<SimpleData name="AREAREFUG">0</SimpleData>
		<SimpleData name="AREAGALPON">0</SimpleData>
		<SimpleData name="PROGRAMA">PESCA ARTESANAL</SimpleData>
		<SimpleData name="IMAGEN">http://colabora.mop.gov.cl/sites/dop/dptopl/dp/Documentos%20compartidos/Imágenes%20para%20el%20Modelo%20de%20Datos/4-%20COQUIMBO/4-06.jpg</SimpleData>
		<SimpleData name="MXLOCATION">04102-16</SimpleData>
		<SimpleData name="MXSITEID">DOP</SimpleData>
		<SimpleData name="COD_REG">0</SimpleData>
	</SchemaData></ExtendedData>
      <Point><coordinates>-71.300317956,-29.9524356979999</coordinates></Point>
  </Placemark>
  <Placemark id="infraestructura_portuaria.336">
	<ExtendedData><SchemaData schemaUrl="#infraestructura_portuaria">
		<SimpleData name="OBJECTID_1">336</SimpleData>
		<SimpleData name="OBJECTID">2761</SimpleData>
		<SimpleData name="CODOBRA">04-05</SimpleData>
		<SimpleData name="TIPOOBRA">2</SimpleData>
		<SimpleData name="DESCOBRA">CALETA PESQUERA HORNOS</SimpleData>
		<SimpleData name="CODCOMUNA">LA HIGUERA</SimpleData>
		<SimpleData name="LONMUROS">63</SimpleData>
		<SimpleData name="LONESCOLLE">0</SimpleData>
		<SimpleData name="LONMUELLE">106</SimpleData>
		<SimpleData name="LONRAMPCO">0</SimpleData>
		<SimpleData name="LONRAMPA">0</SimpleData>
		<SimpleData name="LONRAMPAVA">552</SimpleData>
		<SimpleData name="LONPONTON">0</SimpleData>
		<SimpleData name="LONCAMIAC">0</SimpleData>
		<SimpleData name="AREAEXPLAN">2911</SimpleData>
		<SimpleData name="BOXUNI">5</SimpleData>
		<SimpleData name="BANO_UNI">3</SimpleData>
		<SimpleData name="TIPOGEOM">1</SimpleData>
		<SimpleData name="GLOBALID">{599FF303-C472-483E-9888-C5D8DB120542}</SimpleData>
		<SimpleData name="SALAREUNI">1</SimpleData>
		<SimpleData name="PLAYAARTIF">0</SimpleData>
		<SimpleData name="PASEOCOSTE">0</SimpleData>
		<SimpleData name="ESTADOGRAL">BUENO</SimpleData>
		<SimpleData name="GRUAOPESC">1</SimpleData>
		<SimpleData name="LONSALAADM">1</SimpleData>
		<SimpleData name="LONSALVENT">0</SimpleData>
		<SimpleData name="SALAPROC">1</SimpleData>
		<SimpleData name="AREABODEGA">1</SimpleData>
		<SimpleData name="AREACAFRI">0</SimpleData>
		<SimpleData name="AREAREFUG">0</SimpleData>
		<SimpleData name="AREAGALPON">1</SimpleData>
		<SimpleData name="PROGRAMA">PESCA ARTESANAL</SimpleData>
		<SimpleData name="IMAGEN">http://colabora.mop.gov.cl/sites/dop/dptopl/dp/Documentos%20compartidos/Imágenes%20para%20el%20Modelo%20de%20Datos/4-%20COQUIMBO/4-05.jpg</SimpleData>
		<SimpleData name="MXLOCATION">04104-22</SimpleData>
		<SimpleData name="MXSITEID">DOP</SimpleData>
		<SimpleData name="COD_REG">0</SimpleData>
	</SchemaData></ExtendedData>
      <Point><coordinates>-71.288507626,-29.6224480999999</coordinates></Point>
  </Placemark>
  <Placemark id="infraestructura_portuaria.337">
	<ExtendedData><SchemaData schemaUrl="#infraestructura_portuaria">
		<SimpleData name="OBJECTID_1">337</SimpleData>
		<SimpleData name="OBJECTID">2762</SimpleData>
		<SimpleData name="CODOBRA">11-12</SimpleData>
		<SimpleData name="TIPOOBRA">6</SimpleData>
		<SimpleData name="DESCOBRA">MUELLE FISCAL PUYUHUAPI</SimpleData>
		<SimpleData name="CODCOMUNA">AISEN</SimpleData>
		<SimpleData name="LONMUROS">0</SimpleData>
		<SimpleData name="LONESCOLLE">0</SimpleData>
		<SimpleData name="LONMUELLE">531</SimpleData>
		<SimpleData name="LONRAMPCO">0</SimpleData>
		<SimpleData name="LONRAMPA">0</SimpleData>
		<SimpleData name="LONRAMPAVA">0</SimpleData>
		<SimpleData name="LONPONTON">0</SimpleData>
		<SimpleData name="LONCAMIAC">0</SimpleData>
		<SimpleData name="AREAEXPLAN">0</SimpleData>
		<SimpleData name="BOXUNI">0</SimpleData>
		<SimpleData name="BANO_UNI">0</SimpleData>
		<SimpleData name="TIPOGEOM">1</SimpleData>
		<SimpleData name="GLOBALID">{FFBD9656-DB5D-4349-9D72-44839E21312C}</SimpleData>
		<SimpleData name="SALAREUNI">0</SimpleData>
		<SimpleData name="PLAYAARTIF">0</SimpleData>
		<SimpleData name="PASEOCOSTE">0</SimpleData>
		<SimpleData name="ESTADOGRAL">BUENO</SimpleData>
		<SimpleData name="GRUAOPESC">0</SimpleData>
		<SimpleData name="LONSALAADM">0</SimpleData>
		<SimpleData name="LONSALVENT">0</SimpleData>
		<SimpleData name="SALAPROC">0</SimpleData>
		<SimpleData name="AREABODEGA">0</SimpleData>
		<SimpleData name="AREACAFRI">0</SimpleData>
		<SimpleData name="AREAREFUG">0</SimpleData>
		<SimpleData name="AREAGALPON">0</SimpleData>
		<SimpleData name="PROGRAMA">CONEXIÓN</SimpleData>
		<SimpleData name="IMAGEN">http://colabora.mop.gov.cl/sites/dop/dptopl/dp/Documentos%20compartidos/Imágenes%20para%20el%20Modelo%20de%20Datos/11-%20AYSÉN/11-12.JPG</SimpleData>
		<SimpleData name="MXLOCATION">11201-06</SimpleData>
		<SimpleData name="MXSITEID">DOP</SimpleData>
		<SimpleData name="COD_REG">0</SimpleData>
	</SchemaData></ExtendedData>
      <Point><coordinates>-72.5713638349999,-44.326421909</coordinates></Point>
  </Placemark>
  <Placemark id="infraestructura_portuaria.338">
	<ExtendedData><SchemaData schemaUrl="#infraestructura_portuaria">
		<SimpleData name="OBJECTID_1">338</SimpleData>
		<SimpleData name="OBJECTID">2763</SimpleData>
		<SimpleData name="CODOBRA">11-11</SimpleData>
		<SimpleData name="TIPOOBRA">6</SimpleData>
		<SimpleData name="DESCOBRA">MUELLE ARTESANAL PUYUHUAPI</SimpleData>
		<SimpleData name="CODCOMUNA">AISEN</SimpleData>
		<SimpleData name="LONMUROS">0</SimpleData>
		<SimpleData name="LONESCOLLE">0</SimpleData>
		<SimpleData name="LONMUELLE">135</SimpleData>
		<SimpleData name="LONRAMPCO">0</SimpleData>
		<SimpleData name="LONRAMPA">0</SimpleData>
		<SimpleData name="LONRAMPAVA">0</SimpleData>
		<SimpleData name="LONPONTON">0</SimpleData>
		<SimpleData name="LONCAMIAC">0</SimpleData>
		<SimpleData name="AREAEXPLAN">0</SimpleData>
		<SimpleData name="BOXUNI">0</SimpleData>
		<SimpleData name="BANO_UNI">0</SimpleData>
		<SimpleData name="TIPOGEOM">1</SimpleData>
		<SimpleData name="GLOBALID">{68827E44-C819-41C7-B91C-E824A12EC64A}</SimpleData>
		<SimpleData name="SALAREUNI">0</SimpleData>
		<SimpleData name="PLAYAARTIF">0</SimpleData>
		<SimpleData name="PASEOCOSTE">0</SimpleData>
		<SimpleData name="ESTADOGRAL">BUENO</SimpleData>
		<SimpleData name="GRUAOPESC">0</SimpleData>
		<SimpleData name="LONSALAADM">0</SimpleData>
		<SimpleData name="LONSALVENT">0</SimpleData>
		<SimpleData name="SALAPROC">0</SimpleData>
		<SimpleData name="AREABODEGA">0</SimpleData>
		<SimpleData name="AREACAFRI">0</SimpleData>
		<SimpleData name="AREAREFUG">0</SimpleData>
		<SimpleData name="AREAGALPON">0</SimpleData>
		<SimpleData name="PROGRAMA">PESCA ARTESANAL</SimpleData>
		<SimpleData name="IMAGEN">http://colabora.mop.gov.cl/sites/dop/dptopl/dp/Documentos%20compartidos/Imágenes%20para%20el%20Modelo%20de%20Datos/11-%20AYSÉN/11-11.JPG</SimpleData>
		<SimpleData name="MXLOCATION">11202-10</SimpleData>
		<SimpleData name="MXSITEID">DOP</SimpleData>
		<SimpleData name="COD_REG">0</SimpleData>
	</SchemaData></ExtendedData>
      <Point><coordinates>-72.5583956799999,-44.325840263</coordinates></Point>
  </Placemark>
  <Placemark id="infraestructura_portuaria.339">
	<ExtendedData><SchemaData schemaUrl="#infraestructura_portuaria">
		<SimpleData name="OBJECTID_1">339</SimpleData>
		<SimpleData name="OBJECTID">2764</SimpleData>
		<SimpleData name="CODOBRA">11-08</SimpleData>
		<SimpleData name="TIPOOBRA">6</SimpleData>
		<SimpleData name="DESCOBRA">MUELLE BAHIA MURTA</SimpleData>
		<SimpleData name="CODCOMUNA">RÍO IBÁÑEZ</SimpleData>
		<SimpleData name="LONMUROS">45</SimpleData>
		<SimpleData name="LONESCOLLE">0</SimpleData>
		<SimpleData name="LONMUELLE">262</SimpleData>
		<SimpleData name="LONRAMPCO">0</SimpleData>
		<SimpleData name="LONRAMPA">151</SimpleData>
		<SimpleData name="LONRAMPAVA">0</SimpleData>
		<SimpleData name="LONPONTON">0</SimpleData>
		<SimpleData name="LONCAMIAC">0</SimpleData>
		<SimpleData name="AREAEXPLAN">960</SimpleData>
		<SimpleData name="BOXUNI">0</SimpleData>
		<SimpleData name="BANO_UNI">0</SimpleData>
		<SimpleData name="TIPOGEOM">1</SimpleData>
		<SimpleData name="GLOBALID">{4ABC84A0-C216-4A0A-8006-E5470BED49D2}</SimpleData>
		<SimpleData name="SALAREUNI">0</SimpleData>
		<SimpleData name="PLAYAARTIF">0</SimpleData>
		<SimpleData name="PASEOCOSTE">0</SimpleData>
		<SimpleData name="ESTADOGRAL">BUENO</SimpleData>
		<SimpleData name="GRUAOPESC">0</SimpleData>
		<SimpleData name="LONSALAADM">0</SimpleData>
		<SimpleData name="LONSALVENT">0</SimpleData>
		<SimpleData name="SALAPROC">0</SimpleData>
		<SimpleData name="AREABODEGA">0</SimpleData>
		<SimpleData name="AREACAFRI">0</SimpleData>
		<SimpleData name="AREAREFUG">1</SimpleData>
		<SimpleData name="AREAGALPON">0</SimpleData>
		<SimpleData name="PROGRAMA">CONEXIÓN</SimpleData>
		<SimpleData name="IMAGEN">http://colabora.mop.gov.cl/sites/dop/dptopl/dp/Documentos%20compartidos/Imágenes%20para%20el%20Modelo%20de%20Datos/11-%20AYSÉN/11-08.JPG</SimpleData>
		<SimpleData name="MXSITEID">DOP</SimpleData>
		<SimpleData name="COD_REG">0</SimpleData>
	</SchemaData></ExtendedData>
      <Point><coordinates>-72.672073876,-46.464633405</coordinates></Point>
  </Placemark>
  <Placemark id="infraestructura_portuaria.340">
	<ExtendedData><SchemaData schemaUrl="#infraestructura_portuaria">
		<SimpleData name="OBJECTID_1">340</SimpleData>
		<SimpleData name="OBJECTID">2765</SimpleData>
		<SimpleData name="CODOBRA">11-06</SimpleData>
		<SimpleData name="TIPOOBRA">6</SimpleData>
		<SimpleData name="DESCOBRA">MUELLE FISCAL PUERTO AGUIRRE</SimpleData>
		<SimpleData name="CODCOMUNA">AISEN</SimpleData>
		<SimpleData name="LONMUROS">16</SimpleData>
		<SimpleData name="LONESCOLLE">0</SimpleData>
		<SimpleData name="LONMUELLE">425</SimpleData>
		<SimpleData name="LONRAMPCO">0</SimpleData>
		<SimpleData name="LONRAMPA">0</SimpleData>
		<SimpleData name="LONRAMPAVA">0</SimpleData>
		<SimpleData name="LONPONTON">0</SimpleData>
		<SimpleData name="LONCAMIAC">0</SimpleData>
		<SimpleData name="AREAEXPLAN">0</SimpleData>
		<SimpleData name="BOXUNI">0</SimpleData>
		<SimpleData name="BANO_UNI">0</SimpleData>
		<SimpleData name="TIPOGEOM">1</SimpleData>
		<SimpleData name="GLOBALID">{B7852C7D-1C28-4D35-A5A2-0276478104B4}</SimpleData>
		<SimpleData name="SALAREUNI">0</SimpleData>
		<SimpleData name="PLAYAARTIF">0</SimpleData>
		<SimpleData name="PASEOCOSTE">0</SimpleData>
		<SimpleData name="ESTADOGRAL">BUENO</SimpleData>
		<SimpleData name="GRUAOPESC">0</SimpleData>
		<SimpleData name="LONSALAADM">0</SimpleData>
		<SimpleData name="LONSALVENT">0</SimpleData>
		<SimpleData name="SALAPROC">0</SimpleData>
		<SimpleData name="AREABODEGA">0</SimpleData>
		<SimpleData name="AREACAFRI">0</SimpleData>
		<SimpleData name="AREAREFUG">0</SimpleData>
		<SimpleData name="AREAGALPON">0</SimpleData>
		<SimpleData name="PROGRAMA">CONEXIÓN</SimpleData>
		<SimpleData name="IMAGEN">http://colabora.mop.gov.cl/sites/dop/dptopl/dp/Documentos%20compartidos/Imágenes%20para%20el%20Modelo%20de%20Datos/11-%20AYSÉN/11-06.JPG</SimpleData>
		<SimpleData name="MXLOCATION">10401-05</SimpleData>
		<SimpleData name="MXSITEID">DOP</SimpleData>
		<SimpleData name="COD_REG">0</SimpleData>
	</SchemaData></ExtendedData>
      <Point><coordinates>-73.521007175,-45.1646227529999</coordinates></Point>
  </Placemark>
  <Placemark id="infraestructura_portuaria.341">
	<ExtendedData><SchemaData schemaUrl="#infraestructura_portuaria">
		<SimpleData name="OBJECTID_1">341</SimpleData>
		<SimpleData name="OBJECTID">2766</SimpleData>
		<SimpleData name="CODOBRA">11-03</SimpleData>
		<SimpleData name="TIPOOBRA">6</SimpleData>
		<SimpleData name="DESCOBRA">MUELLE AGUAS MUERTAS</SimpleData>
		<SimpleData name="CODCOMUNA">AISEN</SimpleData>
		<SimpleData name="LONMUROS">94</SimpleData>
		<SimpleData name="LONESCOLLE">0</SimpleData>
		<SimpleData name="LONMUELLE">564</SimpleData>
		<SimpleData name="LONRAMPCO">0</SimpleData>
		<SimpleData name="LONRAMPA">0</SimpleData>
		<SimpleData name="LONRAMPAVA">0</SimpleData>
		<SimpleData name="LONPONTON">0</SimpleData>
		<SimpleData name="LONCAMIAC">0</SimpleData>
		<SimpleData name="AREAEXPLAN">3536</SimpleData>
		<SimpleData name="BOXUNI">0</SimpleData>
		<SimpleData name="BANO_UNI">0</SimpleData>
		<SimpleData name="TIPOGEOM">1</SimpleData>
		<SimpleData name="GLOBALID">{2DE542EF-E507-41E4-BF09-DF3582BAEED6}</SimpleData>
		<SimpleData name="SALAREUNI">0</SimpleData>
		<SimpleData name="PLAYAARTIF">0</SimpleData>
		<SimpleData name="PASEOCOSTE">0</SimpleData>
		<SimpleData name="ESTADOGRAL">REGULAR</SimpleData>
		<SimpleData name="GRUAOPESC">0</SimpleData>
		<SimpleData name="LONSALAADM">1</SimpleData>
		<SimpleData name="LONSALVENT">0</SimpleData>
		<SimpleData name="SALAPROC">0</SimpleData>
		<SimpleData name="AREABODEGA">0</SimpleData>
		<SimpleData name="AREACAFRI">0</SimpleData>
		<SimpleData name="AREAREFUG">0</SimpleData>
		<SimpleData name="AREAGALPON">0</SimpleData>
		<SimpleData name="PROGRAMA">PESCA ARTESANAL</SimpleData>
		<SimpleData name="IMAGEN">http://colabora.mop.gov.cl/sites/dop/dptopl/dp/Documentos%20compartidos/Imágenes%20para%20el%20Modelo%20de%20Datos/11-%20AYSÉN/11-03.JPG</SimpleData>
		<SimpleData name="MXSITEID">DOP</SimpleData>
		<SimpleData name="COD_REG">0</SimpleData>
	</SchemaData></ExtendedData>
      <Point><coordinates>-72.702648172,-45.4006478109999</coordinates></Point>
  </Placemark>
  <Placemark id="infraestructura_portuaria.342">
	<ExtendedData><SchemaData schemaUrl="#infraestructura_portuaria">
		<SimpleData name="OBJECTID_1">342</SimpleData>
		<SimpleData name="OBJECTID">2767</SimpleData>
		<SimpleData name="CODOBRA">11-02</SimpleData>
		<SimpleData name="TIPOOBRA">6</SimpleData>
		<SimpleData name="DESCOBRA">MUELLE BAHIA ERASMO</SimpleData>
		<SimpleData name="CODCOMUNA">AISEN</SimpleData>
		<SimpleData name="LONMUROS">0</SimpleData>
		<SimpleData name="LONESCOLLE">0</SimpleData>
		<SimpleData name="LONMUELLE">309</SimpleData>
		<SimpleData name="LONRAMPCO">0</SimpleData>
		<SimpleData name="LONRAMPA">0</SimpleData>
		<SimpleData name="LONRAMPAVA">0</SimpleData>
		<SimpleData name="LONPONTON">0</SimpleData>
		<SimpleData name="LONCAMIAC">0</SimpleData>
		<SimpleData name="AREAEXPLAN">0</SimpleData>
		<SimpleData name="BOXUNI">0</SimpleData>
		<SimpleData name="BANO_UNI">0</SimpleData>
		<SimpleData name="TIPOGEOM">1</SimpleData>
		<SimpleData name="GLOBALID">{EDC351DF-2A3F-4573-92F1-5EBC89248370}</SimpleData>
		<SimpleData name="SALAREUNI">0</SimpleData>
		<SimpleData name="PLAYAARTIF">0</SimpleData>
		<SimpleData name="PASEOCOSTE">0</SimpleData>
		<SimpleData name="ESTADOGRAL">MUY BUENO</SimpleData>
		<SimpleData name="GRUAOPESC">0</SimpleData>
		<SimpleData name="LONSALAADM">0</SimpleData>
		<SimpleData name="LONSALVENT">0</SimpleData>
		<SimpleData name="SALAPROC">0</SimpleData>
		<SimpleData name="AREABODEGA">0</SimpleData>
		<SimpleData name="AREACAFRI">0</SimpleData>
		<SimpleData name="AREAREFUG">0</SimpleData>
		<SimpleData name="AREAGALPON">0</SimpleData>
		<SimpleData name="PROGRAMA">CONEXIÓN</SimpleData>
		<SimpleData name="IMAGEN">http://colabora.mop.gov.cl/sites/dop/dptopl/dp/Documentos%20compartidos/Imágenes%20para%20el%20Modelo%20de%20Datos/11-%20AYSÉN/11-02.JPG</SimpleData>
		<SimpleData name="MXLOCATION">11201-03</SimpleData>
		<SimpleData name="MXSITEID">DOP</SimpleData>
		<SimpleData name="COD_REG">0</SimpleData>
	</SchemaData></ExtendedData>
      <Point><coordinates>-73.353446705,-46.0021702409999</coordinates></Point>
  </Placemark>
  <Placemark id="infraestructura_portuaria.343">
	<ExtendedData><SchemaData schemaUrl="#infraestructura_portuaria">
		<SimpleData name="OBJECTID_1">343</SimpleData>
		<SimpleData name="OBJECTID">2777</SimpleData>
		<SimpleData name="CODOBRA">09-30</SimpleData>
		<SimpleData name="TIPOOBRA">6</SimpleData>
		<SimpleData name="DESCOBRA">MUELLE PASO EL ROBLE</SimpleData>
		<SimpleData name="CODCOMUNA">SAAVEDRA</SimpleData>
		<SimpleData name="LONMUROS">31</SimpleData>
		<SimpleData name="LONESCOLLE">0</SimpleData>
		<SimpleData name="LONMUELLE">30</SimpleData>
		<SimpleData name="LONRAMPCO">0</SimpleData>
		<SimpleData name="LONRAMPA">0</SimpleData>
		<SimpleData name="LONRAMPAVA">0</SimpleData>
		<SimpleData name="LONPONTON">0</SimpleData>
		<SimpleData name="LONCAMIAC">20</SimpleData>
		<SimpleData name="AREAEXPLAN">0</SimpleData>
		<SimpleData name="BOXUNI">0</SimpleData>
		<SimpleData name="BANO_UNI">0</SimpleData>
		<SimpleData name="TIPOGEOM">1</SimpleData>
		<SimpleData name="GLOBALID">{5DF11102-557E-48F8-AD89-43CA66A45AA0}</SimpleData>
		<SimpleData name="SALAREUNI">0</SimpleData>
		<SimpleData name="PLAYAARTIF">0</SimpleData>
		<SimpleData name="PASEOCOSTE">0</SimpleData>
		<SimpleData name="ESTADOGRAL">MUY BUENO</SimpleData>
		<SimpleData name="GRUAOPESC">0</SimpleData>
		<SimpleData name="LONSALAADM">0</SimpleData>
		<SimpleData name="LONSALVENT">0</SimpleData>
		<SimpleData name="SALAPROC">0</SimpleData>
		<SimpleData name="AREABODEGA">0</SimpleData>
		<SimpleData name="AREACAFRI">0</SimpleData>
		<SimpleData name="AREAREFUG">1</SimpleData>
		<SimpleData name="AREAGALPON">0</SimpleData>
		<SimpleData name="PROGRAMA">CONEXIÓN</SimpleData>
		<SimpleData name="IMAGEN">http://colabora.mop.gov.cl/sites/dop/dptopl/dp/Documentos%20compartidos/Imágenes%20para%20el%20Modelo%20de%20Datos/9-%20ARAUCANÍA/09-30.JPG</SimpleData>
		<SimpleData name="MXLOCATION">09116-13</SimpleData>
		<SimpleData name="MXSITEID">DOP</SimpleData>
		<SimpleData name="COD_REG">0</SimpleData>
	</SchemaData></ExtendedData>
      <Point><coordinates>-73.341480025,-38.827664867</coordinates></Point>
  </Placemark>
  <Placemark id="infraestructura_portuaria.344">
	<ExtendedData><SchemaData schemaUrl="#infraestructura_portuaria">
		<SimpleData name="OBJECTID_1">344</SimpleData>
		<SimpleData name="OBJECTID">2778</SimpleData>
		<SimpleData name="CODOBRA">11-41</SimpleData>
		<SimpleData name="TIPOOBRA">6</SimpleData>
		<SimpleData name="DESCOBRA">MUELLE LAGO VERDE</SimpleData>
		<SimpleData name="CODCOMUNA">AISEN</SimpleData>
		<SimpleData name="LONMUROS">25</SimpleData>
		<SimpleData name="LONESCOLLE">0</SimpleData>
		<SimpleData name="LONMUELLE">60</SimpleData>
		<SimpleData name="LONRAMPCO">0</SimpleData>
		<SimpleData name="LONRAMPA">0</SimpleData>
		<SimpleData name="LONRAMPAVA">0</SimpleData>
		<SimpleData name="LONPONTON">0</SimpleData>
		<SimpleData name="LONCAMIAC">58</SimpleData>
		<SimpleData name="AREAEXPLAN">118.4</SimpleData>
		<SimpleData name="BOXUNI">0</SimpleData>
		<SimpleData name="BANO_UNI">0</SimpleData>
		<SimpleData name="TIPOGEOM">1</SimpleData>
		<SimpleData name="GLOBALID">{72F79586-D874-4CF6-8D25-2AC09F13A9D7}</SimpleData>
		<SimpleData name="SALAREUNI">0</SimpleData>
		<SimpleData name="PLAYAARTIF">0</SimpleData>
		<SimpleData name="PASEOCOSTE">0</SimpleData>
		<SimpleData name="ESTADOGRAL">BUENO</SimpleData>
		<SimpleData name="GRUAOPESC">0</SimpleData>
		<SimpleData name="LONSALAADM">0</SimpleData>
		<SimpleData name="LONSALVENT">0</SimpleData>
		<SimpleData name="SALAPROC">0</SimpleData>
		<SimpleData name="AREABODEGA">0</SimpleData>
		<SimpleData name="AREACAFRI">0</SimpleData>
		<SimpleData name="AREAREFUG">0</SimpleData>
		<SimpleData name="AREAGALPON">0</SimpleData>
		<SimpleData name="PROGRAMA">CONEXIÓN</SimpleData>
		<SimpleData name="IMAGEN">http://colabora.mop.gov.cl/sites/dop/dptopl/dp/Documentos%20compartidos/Imágenes%20para%20el%20Modelo%20de%20Datos/11-%20AYSÉN/11-41.JPG</SimpleData>
		<SimpleData name="MXLOCATION">11401-32</SimpleData>
		<SimpleData name="MXSITEID">DOP</SimpleData>
		<SimpleData name="COD_REG">0</SimpleData>
	</SchemaData></ExtendedData>
      <Point><coordinates>-71.874534134,-44.246713169</coordinates></Point>
  </Placemark>
  <Placemark id="infraestructura_portuaria.345">
	<ExtendedData><SchemaData schemaUrl="#infraestructura_portuaria">
		<SimpleData name="OBJECTID_1">345</SimpleData>
		<SimpleData name="OBJECTID">2779</SimpleData>
		<SimpleData name="CODOBRA">11-39</SimpleData>
		<SimpleData name="TIPOOBRA">6</SimpleData>
		<SimpleData name="DESCOBRA">MUELLE CHILE CHICO</SimpleData>
		<SimpleData name="CODCOMUNA">AISEN</SimpleData>
		<SimpleData name="LONMUROS">16</SimpleData>
		<SimpleData name="LONESCOLLE">60</SimpleData>
		<SimpleData name="LONMUELLE">163</SimpleData>
		<SimpleData name="LONRAMPCO">0</SimpleData>
		<SimpleData name="LONRAMPA">301</SimpleData>
		<SimpleData name="LONRAMPAVA">0</SimpleData>
		<SimpleData name="LONPONTON">0</SimpleData>
		<SimpleData name="LONCAMIAC">0</SimpleData>
		<SimpleData name="AREAEXPLAN">1251</SimpleData>
		<SimpleData name="BOXUNI">0</SimpleData>
		<SimpleData name="BANO_UNI">0</SimpleData>
		<SimpleData name="TIPOGEOM">1</SimpleData>
		<SimpleData name="GLOBALID">{6A97A326-FF7C-4C14-9E19-E32B00E005BD}</SimpleData>
		<SimpleData name="SALAREUNI">0</SimpleData>
		<SimpleData name="PLAYAARTIF">0</SimpleData>
		<SimpleData name="PASEOCOSTE">0</SimpleData>
		<SimpleData name="ESTADOGRAL">BUENO</SimpleData>
		<SimpleData name="GRUAOPESC">0</SimpleData>
		<SimpleData name="LONSALAADM">0</SimpleData>
		<SimpleData name="LONSALVENT">0</SimpleData>
		<SimpleData name="SALAPROC">0</SimpleData>
		<SimpleData name="AREABODEGA">0</SimpleData>
		<SimpleData name="AREACAFRI">0</SimpleData>
		<SimpleData name="AREAREFUG">0</SimpleData>
		<SimpleData name="AREAGALPON">0</SimpleData>
		<SimpleData name="PROGRAMA">CONEXIÓN</SimpleData>
		<SimpleData name="IMAGEN">http://colabora.mop.gov.cl/sites/dop/dptopl/dp/Documentos%20compartidos/Imágenes%20para%20el%20Modelo%20de%20Datos/11-%20AYSÉN/11-39.JPG</SimpleData>
		<SimpleData name="MXLOCATION">11401-30</SimpleData>
		<SimpleData name="MXSITEID">DOP</SimpleData>
		<SimpleData name="COD_REG">0</SimpleData>
	</SchemaData></ExtendedData>
      <Point><coordinates>-71.7318021899999,-46.535788645</coordinates></Point>
  </Placemark>
  <Placemark id="infraestructura_portuaria.346">
	<ExtendedData><SchemaData schemaUrl="#infraestructura_portuaria">
		<SimpleData name="OBJECTID_1">346</SimpleData>
		<SimpleData name="OBJECTID">2780</SimpleData>
		<SimpleData name="CODOBRA">11-38</SimpleData>
		<SimpleData name="TIPOOBRA">6</SimpleData>
		<SimpleData name="DESCOBRA">MUELLE LAGO ELIZALDE</SimpleData>
		<SimpleData name="CODCOMUNA">AISEN</SimpleData>
		<SimpleData name="LONMUROS">29</SimpleData>
		<SimpleData name="LONESCOLLE">0</SimpleData>
		<SimpleData name="LONMUELLE">53</SimpleData>
		<SimpleData name="LONRAMPCO">0</SimpleData>
		<SimpleData name="LONRAMPA">0</SimpleData>
		<SimpleData name="LONRAMPAVA">0</SimpleData>
		<SimpleData name="LONPONTON">0</SimpleData>
		<SimpleData name="LONCAMIAC">15</SimpleData>
		<SimpleData name="AREAEXPLAN">63.75</SimpleData>
		<SimpleData name="BOXUNI">0</SimpleData>
		<SimpleData name="BANO_UNI">0</SimpleData>
		<SimpleData name="TIPOGEOM">1</SimpleData>
		<SimpleData name="GLOBALID">{172C1934-9F60-4F57-A6DD-CBFB273BE6C1}</SimpleData>
		<SimpleData name="SALAREUNI">0</SimpleData>
		<SimpleData name="PLAYAARTIF">0</SimpleData>
		<SimpleData name="PASEOCOSTE">0</SimpleData>
		<SimpleData name="ESTADOGRAL">REGULAR</SimpleData>
		<SimpleData name="GRUAOPESC">0</SimpleData>
		<SimpleData name="LONSALAADM">0</SimpleData>
		<SimpleData name="LONSALVENT">0</SimpleData>
		<SimpleData name="SALAPROC">0</SimpleData>
		<SimpleData name="AREABODEGA">0</SimpleData>
		<SimpleData name="AREACAFRI">0</SimpleData>
		<SimpleData name="AREAREFUG">0</SimpleData>
		<SimpleData name="AREAGALPON">0</SimpleData>
		<SimpleData name="PROGRAMA">CONEXIÓN</SimpleData>
		<SimpleData name="IMAGEN">http://colabora.mop.gov.cl/sites/dop/dptopl/dp/Documentos%20compartidos/Imágenes%20para%20el%20Modelo%20de%20Datos/11-%20AYSÉN/11-38.JPG</SimpleData>
		<SimpleData name="MXLOCATION">11401-29</SimpleData>
		<SimpleData name="MXSITEID">DOP</SimpleData>
		<SimpleData name="COD_REG">0</SimpleData>
	</SchemaData></ExtendedData>
      <Point><coordinates>-72.174784759,-45.7747212149999</coordinates></Point>
  </Placemark>
  <Placemark id="infraestructura_portuaria.347">
	<ExtendedData><SchemaData schemaUrl="#infraestructura_portuaria">
		<SimpleData name="OBJECTID_1">347</SimpleData>
		<SimpleData name="OBJECTID">2781</SimpleData>
		<SimpleData name="CODOBRA">11-37</SimpleData>
		<SimpleData name="TIPOOBRA">6</SimpleData>
		<SimpleData name="DESCOBRA">MUELLE LAGO COCHRANE</SimpleData>
		<SimpleData name="CODCOMUNA">AISEN</SimpleData>
		<SimpleData name="LONMUROS">25</SimpleData>
		<SimpleData name="LONESCOLLE">0</SimpleData>
		<SimpleData name="LONMUELLE">12</SimpleData>
		<SimpleData name="LONRAMPCO">0</SimpleData>
		<SimpleData name="LONRAMPA">0</SimpleData>
		<SimpleData name="LONRAMPAVA">0</SimpleData>
		<SimpleData name="LONPONTON">0</SimpleData>
		<SimpleData name="LONCAMIAC">20</SimpleData>
		<SimpleData name="AREAEXPLAN">345</SimpleData>
		<SimpleData name="BOXUNI">0</SimpleData>
		<SimpleData name="BANO_UNI">0</SimpleData>
		<SimpleData name="TIPOGEOM">1</SimpleData>
		<SimpleData name="GLOBALID">{44E80780-07A4-4BD0-9F2E-FF6C356840F8}</SimpleData>
		<SimpleData name="SALAREUNI">0</SimpleData>
		<SimpleData name="PLAYAARTIF">0</SimpleData>
		<SimpleData name="PASEOCOSTE">0</SimpleData>
		<SimpleData name="ESTADOGRAL">MALO</SimpleData>
		<SimpleData name="GRUAOPESC">0</SimpleData>
		<SimpleData name="LONSALAADM">0</SimpleData>
		<SimpleData name="LONSALVENT">0</SimpleData>
		<SimpleData name="SALAPROC">0</SimpleData>
		<SimpleData name="AREABODEGA">0</SimpleData>
		<SimpleData name="AREACAFRI">0</SimpleData>
		<SimpleData name="AREAREFUG">0</SimpleData>
		<SimpleData name="AREAGALPON">0</SimpleData>
		<SimpleData name="PROGRAMA">CONEXIÓN</SimpleData>
		<SimpleData name="IMAGEN">http://colabora.mop.gov.cl/sites/dop/dptopl/dp/Documentos%20compartidos/Imágenes%20para%20el%20Modelo%20de%20Datos/11-%20AYSÉN/11-37.JPG</SimpleData>
		<SimpleData name="MXLOCATION">11301-28</SimpleData>
		<SimpleData name="MXSITEID">DOP</SimpleData>
		<SimpleData name="COD_REG">0</SimpleData>
	</SchemaData></ExtendedData>
      <Point><coordinates>-72.4736686919999,-47.2666141019999</coordinates></Point>
  </Placemark>
  <Placemark id="infraestructura_portuaria.348">
	<ExtendedData><SchemaData schemaUrl="#infraestructura_portuaria">
		<SimpleData name="OBJECTID_1">348</SimpleData>
		<SimpleData name="OBJECTID">2782</SimpleData>
		<SimpleData name="CODOBRA">11-34</SimpleData>
		<SimpleData name="TIPOOBRA">6</SimpleData>
		<SimpleData name="DESCOBRA">MUELLE ARTESANAL PUERTO CISNES</SimpleData>
		<SimpleData name="CODCOMUNA">AISEN</SimpleData>
		<SimpleData name="LONMUROS">46</SimpleData>
		<SimpleData name="LONESCOLLE">0</SimpleData>
		<SimpleData name="LONMUELLE">413</SimpleData>
		<SimpleData name="LONRAMPCO">0</SimpleData>
		<SimpleData name="LONRAMPA">0</SimpleData>
		<SimpleData name="LONRAMPAVA">0</SimpleData>
		<SimpleData name="LONPONTON">0</SimpleData>
		<SimpleData name="LONCAMIAC">46</SimpleData>
		<SimpleData name="AREAEXPLAN">0</SimpleData>
		<SimpleData name="BOXUNI">0</SimpleData>
		<SimpleData name="BANO_UNI">0</SimpleData>
		<SimpleData name="TIPOGEOM">1</SimpleData>
		<SimpleData name="GLOBALID">{8BB1DB8A-2209-4485-AA4D-46E6986E0F12}</SimpleData>
		<SimpleData name="SALAREUNI">0</SimpleData>
		<SimpleData name="PLAYAARTIF">0</SimpleData>
		<SimpleData name="PASEOCOSTE">0</SimpleData>
		<SimpleData name="ESTADOGRAL">BUENO</SimpleData>
		<SimpleData name="GRUAOPESC">0</SimpleData>
		<SimpleData name="LONSALAADM">0</SimpleData>
		<SimpleData name="LONSALVENT">0</SimpleData>
		<SimpleData name="SALAPROC">0</SimpleData>
		<SimpleData name="AREABODEGA">0</SimpleData>
		<SimpleData name="AREACAFRI">0</SimpleData>
		<SimpleData name="AREAREFUG">0</SimpleData>
		<SimpleData name="AREAGALPON">0</SimpleData>
		<SimpleData name="PROGRAMA">PESCA ARTESANAL</SimpleData>
		<SimpleData name="IMAGEN">http://colabora.mop.gov.cl/sites/dop/dptopl/dp/Documentos%20compartidos/Imágenes%20para%20el%20Modelo%20de%20Datos/11-%20AYSÉN/11-34.JPG</SimpleData>
		<SimpleData name="MXLOCATION">11202-15</SimpleData>
		<SimpleData name="MXSITEID">DOP</SimpleData>
		<SimpleData name="COD_REG">0</SimpleData>
	</SchemaData></ExtendedData>
      <Point><coordinates>-72.689707286,-44.724706754</coordinates></Point>
  </Placemark>
  <Placemark id="infraestructura_portuaria.349">
	<ExtendedData><SchemaData schemaUrl="#infraestructura_portuaria">
		<SimpleData name="OBJECTID_1">349</SimpleData>
		<SimpleData name="OBJECTID">2783</SimpleData>
		<SimpleData name="CODOBRA">11-33</SimpleData>
		<SimpleData name="TIPOOBRA">6</SimpleData>
		<SimpleData name="DESCOBRA">MUELLE FISCAL PUERTO CISNES</SimpleData>
		<SimpleData name="CODCOMUNA">AISEN</SimpleData>
		<SimpleData name="LONMUROS">0</SimpleData>
		<SimpleData name="LONESCOLLE">0</SimpleData>
		<SimpleData name="LONMUELLE">195</SimpleData>
		<SimpleData name="LONRAMPCO">0</SimpleData>
		<SimpleData name="LONRAMPA">0</SimpleData>
		<SimpleData name="LONRAMPAVA">0</SimpleData>
		<SimpleData name="LONPONTON">0</SimpleData>
		<SimpleData name="LONCAMIAC">10</SimpleData>
		<SimpleData name="AREAEXPLAN">75</SimpleData>
		<SimpleData name="BOXUNI">0</SimpleData>
		<SimpleData name="BANO_UNI">0</SimpleData>
		<SimpleData name="TIPOGEOM">1</SimpleData>
		<SimpleData name="GLOBALID">{9ADA57A5-5C43-4164-91F3-7D6309DE989F}</SimpleData>
		<SimpleData name="SALAREUNI">0</SimpleData>
		<SimpleData name="PLAYAARTIF">0</SimpleData>
		<SimpleData name="PASEOCOSTE">0</SimpleData>
		<SimpleData name="ESTADOGRAL">REGULAR</SimpleData>
		<SimpleData name="GRUAOPESC">0</SimpleData>
		<SimpleData name="LONSALAADM">0</SimpleData>
		<SimpleData name="LONSALVENT">0</SimpleData>
		<SimpleData name="SALAPROC">0</SimpleData>
		<SimpleData name="AREABODEGA">0</SimpleData>
		<SimpleData name="AREACAFRI">0</SimpleData>
		<SimpleData name="AREAREFUG">0</SimpleData>
		<SimpleData name="AREAGALPON">0</SimpleData>
		<SimpleData name="PROGRAMA">CONEXIÓN</SimpleData>
		<SimpleData name="IMAGEN">http://colabora.mop.gov.cl/sites/dop/dptopl/dp/Documentos%20compartidos/Imágenes%20para%20el%20Modelo%20de%20Datos/11-%20AYSÉN/11-33.JPG</SimpleData>
		<SimpleData name="MXSITEID">DOP</SimpleData>
		<SimpleData name="COD_REG">0</SimpleData>
	</SchemaData></ExtendedData>
      <Point><coordinates>-72.688501378,-44.72454907</coordinates></Point>
  </Placemark>
  <Placemark id="infraestructura_portuaria.350">
	<ExtendedData><SchemaData schemaUrl="#infraestructura_portuaria">
		<SimpleData name="OBJECTID_1">350</SimpleData>
		<SimpleData name="OBJECTID">2784</SimpleData>
		<SimpleData name="CODOBRA">11-29</SimpleData>
		<SimpleData name="TIPOOBRA">6</SimpleData>
		<SimpleData name="DESCOBRA">MUELLE ISLA TOTO</SimpleData>
		<SimpleData name="CODCOMUNA">AISEN</SimpleData>
		<SimpleData name="LONMUROS">0</SimpleData>
		<SimpleData name="LONESCOLLE">0</SimpleData>
		<SimpleData name="LONMUELLE">161</SimpleData>
		<SimpleData name="LONRAMPCO">0</SimpleData>
		<SimpleData name="LONRAMPA">0</SimpleData>
		<SimpleData name="LONRAMPAVA">0</SimpleData>
		<SimpleData name="LONPONTON">0</SimpleData>
		<SimpleData name="LONCAMIAC">0</SimpleData>
		<SimpleData name="AREAEXPLAN">0</SimpleData>
		<SimpleData name="BOXUNI">0</SimpleData>
		<SimpleData name="BANO_UNI">0</SimpleData>
		<SimpleData name="TIPOGEOM">1</SimpleData>
		<SimpleData name="GLOBALID">{5B471569-4EA9-4263-B7B4-3FD020E4CA13}</SimpleData>
		<SimpleData name="SALAREUNI">0</SimpleData>
		<SimpleData name="PLAYAARTIF">0</SimpleData>
		<SimpleData name="PASEOCOSTE">0</SimpleData>
		<SimpleData name="ESTADOGRAL">BUENO</SimpleData>
		<SimpleData name="GRUAOPESC">0</SimpleData>
		<SimpleData name="LONSALAADM">0</SimpleData>
		<SimpleData name="LONSALVENT">0</SimpleData>
		<SimpleData name="SALAPROC">0</SimpleData>
		<SimpleData name="AREABODEGA">0</SimpleData>
		<SimpleData name="AREACAFRI">0</SimpleData>
		<SimpleData name="AREAREFUG">0</SimpleData>
		<SimpleData name="AREAGALPON">0</SimpleData>
		<SimpleData name="PROGRAMA">PESCA ARTESANAL</SimpleData>
		<SimpleData name="IMAGEN">http://colabora.mop.gov.cl/sites/dop/dptopl/dp/Documentos%20compartidos/Imágenes%20para%20el%20Modelo%20de%20Datos/11-%20AYSÉN/11-29.JPG</SimpleData>
		<SimpleData name="MXSITEID">DOP</SimpleData>
		<SimpleData name="COD_REG">0</SimpleData>
	</SchemaData></ExtendedData>
      <Point><coordinates>-73.207047852,-44.257560987</coordinates></Point>
  </Placemark>
  <Placemark id="infraestructura_portuaria.351">
	<ExtendedData><SchemaData schemaUrl="#infraestructura_portuaria">
		<SimpleData name="OBJECTID_1">351</SimpleData>
		<SimpleData name="OBJECTID">2785</SimpleData>
		<SimpleData name="CODOBRA">11-28</SimpleData>
		<SimpleData name="TIPOOBRA">6</SimpleData>
		<SimpleData name="DESCOBRA">MUELLE CALETA TORTEL</SimpleData>
		<SimpleData name="CODCOMUNA">AISEN</SimpleData>
		<SimpleData name="LONMUROS">0</SimpleData>
		<SimpleData name="LONESCOLLE">0</SimpleData>
		<SimpleData name="LONMUELLE">564</SimpleData>
		<SimpleData name="LONRAMPCO">0</SimpleData>
		<SimpleData name="LONRAMPA">40</SimpleData>
		<SimpleData name="LONRAMPAVA">0</SimpleData>
		<SimpleData name="LONPONTON">0</SimpleData>
		<SimpleData name="LONCAMIAC">0</SimpleData>
		<SimpleData name="AREAEXPLAN">0</SimpleData>
		<SimpleData name="BOXUNI">0</SimpleData>
		<SimpleData name="BANO_UNI">0</SimpleData>
		<SimpleData name="TIPOGEOM">1</SimpleData>
		<SimpleData name="GLOBALID">{5FEED5A5-7F3E-4A63-9C7E-B4BFE0DA003A}</SimpleData>
		<SimpleData name="SALAREUNI">0</SimpleData>
		<SimpleData name="PLAYAARTIF">0</SimpleData>
		<SimpleData name="PASEOCOSTE">0</SimpleData>
		<SimpleData name="ESTADOGRAL">MUY BUENO</SimpleData>
		<SimpleData name="GRUAOPESC">0</SimpleData>
		<SimpleData name="LONSALAADM">0</SimpleData>
		<SimpleData name="LONSALVENT">0</SimpleData>
		<SimpleData name="SALAPROC">0</SimpleData>
		<SimpleData name="AREABODEGA">0</SimpleData>
		<SimpleData name="AREACAFRI">0</SimpleData>
		<SimpleData name="AREAREFUG">0</SimpleData>
		<SimpleData name="AREAGALPON">0</SimpleData>
		<SimpleData name="PROGRAMA">CONEXIÓN</SimpleData>
		<SimpleData name="IMAGEN">http://colabora.mop.gov.cl/sites/dop/dptopl/dp/Documentos%20compartidos/Imágenes%20para%20el%20Modelo%20de%20Datos/11-%20AYSÉN/11-28.JPG</SimpleData>
		<SimpleData name="MXLOCATION">11202-12</SimpleData>
		<SimpleData name="MXSITEID">DOP</SimpleData>
		<SimpleData name="COD_REG">0</SimpleData>
	</SchemaData></ExtendedData>
      <Point><coordinates>-73.537171668,-47.8031517009999</coordinates></Point>
  </Placemark>
  <Placemark id="infraestructura_portuaria.352">
	<ExtendedData><SchemaData schemaUrl="#infraestructura_portuaria">
		<SimpleData name="OBJECTID_1">352</SimpleData>
		<SimpleData name="OBJECTID">2747</SimpleData>
		<SimpleData name="CODOBRA">14-23</SimpleData>
		<SimpleData name="TIPOOBRA">4</SimpleData>
		<SimpleData name="DESCOBRA">EMBARCADERO CARBONEROS</SimpleData>
		<SimpleData name="CODCOMUNA">CORRAL</SimpleData>
		<SimpleData name="LONMUROS">0</SimpleData>
		<SimpleData name="LONESCOLLE">0</SimpleData>
		<SimpleData name="LONMUELLE">0</SimpleData>
		<SimpleData name="LONRAMPCO">0</SimpleData>
		<SimpleData name="LONRAMPA">0</SimpleData>
		<SimpleData name="LONRAMPAVA">0</SimpleData>
		<SimpleData name="LONPONTON">25</SimpleData>
		<SimpleData name="LONCAMIAC">0</SimpleData>
		<SimpleData name="AREAEXPLAN">0</SimpleData>
		<SimpleData name="BOXUNI">0</SimpleData>
		<SimpleData name="BANO_UNI">0</SimpleData>
		<SimpleData name="TIPOGEOM">1</SimpleData>
		<SimpleData name="GLOBALID">{6CD50E3F-3E93-4D7E-8CE4-717123E7F123}</SimpleData>
		<SimpleData name="SALAREUNI">0</SimpleData>
		<SimpleData name="PLAYAARTIF">0</SimpleData>
		<SimpleData name="PASEOCOSTE">0</SimpleData>
		<SimpleData name="ESTADOGRAL">BUENO</SimpleData>
		<SimpleData name="GRUAOPESC">0</SimpleData>
		<SimpleData name="LONSALAADM">0</SimpleData>
		<SimpleData name="LONSALVENT">0</SimpleData>
		<SimpleData name="SALAPROC">0</SimpleData>
		<SimpleData name="AREABODEGA">0</SimpleData>
		<SimpleData name="AREACAFRI">0</SimpleData>
		<SimpleData name="AREAREFUG">0</SimpleData>
		<SimpleData name="AREAGALPON">0</SimpleData>
		<SimpleData name="PROGRAMA">CONEXIÓN</SimpleData>
		<SimpleData name="IMAGEN">http://colabora.mop.gov.cl/sites/dop/dptopl/dp/Documentos%20compartidos/Imágenes%20para%20el%20Modelo%20de%20Datos/14-%20LOS%20RIOS/14-23.jpg</SimpleData>
		<SimpleData name="MXLOCATION">14102-15</SimpleData>
		<SimpleData name="MXSITEID">DOP</SimpleData>
		<SimpleData name="COD_REG">0</SimpleData>
	</SchemaData></ExtendedData>
      <Point><coordinates>-73.3686257369999,-39.8729156529999</coordinates></Point>
  </Placemark>
  <Placemark id="infraestructura_portuaria.353">
	<ExtendedData><SchemaData schemaUrl="#infraestructura_portuaria">
		<SimpleData name="OBJECTID_1">353</SimpleData>
		<SimpleData name="OBJECTID">2768</SimpleData>
		<SimpleData name="CODOBRA">10-112</SimpleData>
		<SimpleData name="TIPOOBRA">6</SimpleData>
		<SimpleData name="DESCOBRA">MUELLE FISCAL DE QUEMCHI</SimpleData>
		<SimpleData name="CODCOMUNA">QUEMCHI</SimpleData>
		<SimpleData name="LONMUROS">38</SimpleData>
		<SimpleData name="LONESCOLLE">0</SimpleData>
		<SimpleData name="LONMUELLE">0</SimpleData>
		<SimpleData name="LONRAMPCO">0</SimpleData>
		<SimpleData name="LONRAMPA">50</SimpleData>
		<SimpleData name="LONRAMPAVA">0</SimpleData>
		<SimpleData name="LONPONTON">0</SimpleData>
		<SimpleData name="LONCAMIAC">0</SimpleData>
		<SimpleData name="AREAEXPLAN">0</SimpleData>
		<SimpleData name="BOXUNI">0</SimpleData>
		<SimpleData name="BANO_UNI">0</SimpleData>
		<SimpleData name="TIPOGEOM">1</SimpleData>
		<SimpleData name="GLOBALID">{12EDC167-D741-4D75-B407-24C4167DC7A3}</SimpleData>
		<SimpleData name="SALAREUNI">0</SimpleData>
		<SimpleData name="PLAYAARTIF">0</SimpleData>
		<SimpleData name="PASEOCOSTE">0</SimpleData>
		<SimpleData name="ESTADOGRAL">MUY MALO</SimpleData>
		<SimpleData name="GRUAOPESC">0</SimpleData>
		<SimpleData name="LONSALAADM">0</SimpleData>
		<SimpleData name="LONSALVENT">0</SimpleData>
		<SimpleData name="SALAPROC">0</SimpleData>
		<SimpleData name="AREABODEGA">0</SimpleData>
		<SimpleData name="AREACAFRI">0</SimpleData>
		<SimpleData name="AREAREFUG">0</SimpleData>
		<SimpleData name="AREAGALPON">0</SimpleData>
		<SimpleData name="PROGRAMA">CONEXIÓN</SimpleData>
		<SimpleData name="IMAGEN">http://colabora.mop.gov.cl/sites/dop/dptopl/dp/Documentos%20compartidos/Imágenes%20para%20el%20Modelo%20de%20Datos/10-%20LOS%20LAGOS/10-112.jpg</SimpleData>
		<SimpleData name="MXLOCATION">10209-56</SimpleData>
		<SimpleData name="MXSITEID">DOP</SimpleData>
		<SimpleData name="COD_REG">0</SimpleData>
	</SchemaData></ExtendedData>
      <Point><coordinates>-73.47284532,-42.144837153</coordinates></Point>
  </Placemark>
  <Placemark id="infraestructura_portuaria.354">
	<ExtendedData><SchemaData schemaUrl="#infraestructura_portuaria">
		<SimpleData name="OBJECTID_1">354</SimpleData>
		<SimpleData name="OBJECTID">2769</SimpleData>
		<SimpleData name="CODOBRA">10-050</SimpleData>
		<SimpleData name="TIPOOBRA">6</SimpleData>
		<SimpleData name="DESCOBRA">MUELLE DE CHAITEN</SimpleData>
		<SimpleData name="CODCOMUNA">CHAITÉN</SimpleData>
		<SimpleData name="LONMUROS">0</SimpleData>
		<SimpleData name="LONESCOLLE">0</SimpleData>
		<SimpleData name="LONMUELLE">0</SimpleData>
		<SimpleData name="LONRAMPCO">0</SimpleData>
		<SimpleData name="LONRAMPA">0</SimpleData>
		<SimpleData name="LONRAMPAVA">0</SimpleData>
		<SimpleData name="LONPONTON">0</SimpleData>
		<SimpleData name="LONCAMIAC">0</SimpleData>
		<SimpleData name="AREAEXPLAN">0</SimpleData>
		<SimpleData name="BOXUNI">0</SimpleData>
		<SimpleData name="BANO_UNI">0</SimpleData>
		<SimpleData name="TIPOGEOM">1</SimpleData>
		<SimpleData name="GLOBALID">{E6B4C2E5-4161-43BA-ACBA-B1ACC80CC821}</SimpleData>
		<SimpleData name="SALAREUNI">0</SimpleData>
		<SimpleData name="PLAYAARTIF">0</SimpleData>
		<SimpleData name="PASEOCOSTE">0</SimpleData>
		<SimpleData name="ESTADOGRAL">REGULAR</SimpleData>
		<SimpleData name="GRUAOPESC">0</SimpleData>
		<SimpleData name="LONSALAADM">0</SimpleData>
		<SimpleData name="LONSALVENT">0</SimpleData>
		<SimpleData name="SALAPROC">0</SimpleData>
		<SimpleData name="AREABODEGA">0</SimpleData>
		<SimpleData name="AREACAFRI">0</SimpleData>
		<SimpleData name="AREAREFUG">0</SimpleData>
		<SimpleData name="AREAGALPON">0</SimpleData>
		<SimpleData name="PROGRAMA">CONEXIÓN</SimpleData>
		<SimpleData name="IMAGEN">http://colabora.mop.gov.cl/sites/dop/dptopl/dp/Documentos%20compartidos/Imágenes%20para%20el%20Modelo%20de%20Datos/10-%20LOS%20LAGOS/10-050.jpg</SimpleData>
		<SimpleData name="MXLOCATION">10401-121</SimpleData>
		<SimpleData name="MXSITEID">DOP</SimpleData>
		<SimpleData name="COD_REG">0</SimpleData>
	</SchemaData></ExtendedData>
      <Point><coordinates>-72.7187240499999,-42.9111952059999</coordinates></Point>
  </Placemark>
  <Placemark id="infraestructura_portuaria.355">
	<ExtendedData><SchemaData schemaUrl="#infraestructura_portuaria">
		<SimpleData name="OBJECTID_1">355</SimpleData>
		<SimpleData name="OBJECTID">2770</SimpleData>
		<SimpleData name="CODOBRA">10-047</SimpleData>
		<SimpleData name="TIPOOBRA">6</SimpleData>
		<SimpleData name="DESCOBRA">MUELLE QUENUIR ALTO</SimpleData>
		<SimpleData name="CODCOMUNA">MAULLÍN</SimpleData>
		<SimpleData name="LONMUROS">50</SimpleData>
		<SimpleData name="LONESCOLLE">0</SimpleData>
		<SimpleData name="LONMUELLE">42</SimpleData>
		<SimpleData name="LONRAMPCO">0</SimpleData>
		<SimpleData name="LONRAMPA">0</SimpleData>
		<SimpleData name="LONRAMPAVA">0</SimpleData>
		<SimpleData name="LONPONTON">0</SimpleData>
		<SimpleData name="LONCAMIAC">0</SimpleData>
		<SimpleData name="AREAEXPLAN">0</SimpleData>
		<SimpleData name="BOXUNI">0</SimpleData>
		<SimpleData name="BANO_UNI">0</SimpleData>
		<SimpleData name="TIPOGEOM">1</SimpleData>
		<SimpleData name="GLOBALID">{F50FAC19-9F61-424D-A1C9-772145CC3E47}</SimpleData>
		<SimpleData name="SALAREUNI">0</SimpleData>
		<SimpleData name="PLAYAARTIF">0</SimpleData>
		<SimpleData name="PASEOCOSTE">0</SimpleData>
		<SimpleData name="ESTADOGRAL">MALO</SimpleData>
		<SimpleData name="GRUAOPESC">0</SimpleData>
		<SimpleData name="LONSALAADM">0</SimpleData>
		<SimpleData name="LONSALVENT">0</SimpleData>
		<SimpleData name="SALAPROC">0</SimpleData>
		<SimpleData name="AREABODEGA">0</SimpleData>
		<SimpleData name="AREACAFRI">0</SimpleData>
		<SimpleData name="AREAREFUG">1</SimpleData>
		<SimpleData name="AREAGALPON">0</SimpleData>
		<SimpleData name="PROGRAMA">CONEXIÓN</SimpleData>
		<SimpleData name="IMAGEN">http://colabora.mop.gov.cl/sites/dop/dptopl/dp/Documentos%20compartidos/Imágenes%20para%20el%20Modelo%20de%20Datos/10-%20LOS%20LAGOS/10-047.jpg</SimpleData>
		<SimpleData name="MXLOCATION">10108-96</SimpleData>
		<SimpleData name="MXSITEID">DOP</SimpleData>
		<SimpleData name="COD_REG">0</SimpleData>
	</SchemaData></ExtendedData>
      <Point><coordinates>-73.675985412,-41.5647890549999</coordinates></Point>
  </Placemark>
  <Placemark id="infraestructura_portuaria.356">
	<ExtendedData><SchemaData schemaUrl="#infraestructura_portuaria">
		<SimpleData name="OBJECTID_1">356</SimpleData>
		<SimpleData name="OBJECTID">2771</SimpleData>
		<SimpleData name="CODOBRA">10-046</SimpleData>
		<SimpleData name="TIPOOBRA">6</SimpleData>
		<SimpleData name="DESCOBRA">MUELLE QUENUIR BAJO</SimpleData>
		<SimpleData name="CODCOMUNA">MAULLÍN</SimpleData>
		<SimpleData name="LONMUROS">0</SimpleData>
		<SimpleData name="LONESCOLLE">0</SimpleData>
		<SimpleData name="LONMUELLE">43</SimpleData>
		<SimpleData name="LONRAMPCO">0</SimpleData>
		<SimpleData name="LONRAMPA">0</SimpleData>
		<SimpleData name="LONRAMPAVA">0</SimpleData>
		<SimpleData name="LONPONTON">0</SimpleData>
		<SimpleData name="LONCAMIAC">0</SimpleData>
		<SimpleData name="AREAEXPLAN">0</SimpleData>
		<SimpleData name="BOXUNI">0</SimpleData>
		<SimpleData name="BANO_UNI">0</SimpleData>
		<SimpleData name="TIPOGEOM">1</SimpleData>
		<SimpleData name="GLOBALID">{17CDB257-6E93-4B50-8C4C-1512C7762EF5}</SimpleData>
		<SimpleData name="SALAREUNI">0</SimpleData>
		<SimpleData name="PLAYAARTIF">0</SimpleData>
		<SimpleData name="PASEOCOSTE">0</SimpleData>
		<SimpleData name="ESTADOGRAL">MUY MALO</SimpleData>
		<SimpleData name="GRUAOPESC">0</SimpleData>
		<SimpleData name="LONSALAADM">0</SimpleData>
		<SimpleData name="LONSALVENT">0</SimpleData>
		<SimpleData name="SALAPROC">0</SimpleData>
		<SimpleData name="AREABODEGA">0</SimpleData>
		<SimpleData name="AREACAFRI">0</SimpleData>
		<SimpleData name="AREAREFUG">1</SimpleData>
		<SimpleData name="AREAGALPON">0</SimpleData>
		<SimpleData name="PROGRAMA">CONEXIÓN</SimpleData>
		<SimpleData name="IMAGEN">http://colabora.mop.gov.cl/sites/dop/dptopl/dp/Documentos%20compartidos/Imágenes%20para%20el%20Modelo%20de%20Datos/10-%20LOS%20LAGOS/10-046.jpg</SimpleData>
		<SimpleData name="MXLOCATION">10108-95</SimpleData>
		<SimpleData name="MXSITEID">DOP</SimpleData>
		<SimpleData name="COD_REG">0</SimpleData>
	</SchemaData></ExtendedData>
      <Point><coordinates>-73.6655633889999,-41.585546813</coordinates></Point>
  </Placemark>
  <Placemark id="infraestructura_portuaria.357">
	<ExtendedData><SchemaData schemaUrl="#infraestructura_portuaria">
		<SimpleData name="OBJECTID_1">357</SimpleData>
		<SimpleData name="OBJECTID">2772</SimpleData>
		<SimpleData name="CODOBRA">10-042</SimpleData>
		<SimpleData name="TIPOOBRA">6</SimpleData>
		<SimpleData name="DESCOBRA">MUELLE DE PESCADORES ARTESANALES DE CARIQUILDA</SimpleData>
		<SimpleData name="CODCOMUNA">MAULLÍN</SimpleData>
		<SimpleData name="LONMUROS">15</SimpleData>
		<SimpleData name="LONESCOLLE">0</SimpleData>
		<SimpleData name="LONMUELLE">51</SimpleData>
		<SimpleData name="LONRAMPCO">0</SimpleData>
		<SimpleData name="LONRAMPA">0</SimpleData>
		<SimpleData name="LONRAMPAVA">0</SimpleData>
		<SimpleData name="LONPONTON">0</SimpleData>
		<SimpleData name="LONCAMIAC">0</SimpleData>
		<SimpleData name="AREAEXPLAN">0</SimpleData>
		<SimpleData name="BOXUNI">0</SimpleData>
		<SimpleData name="BANO_UNI">0</SimpleData>
		<SimpleData name="TIPOGEOM">1</SimpleData>
		<SimpleData name="GLOBALID">{9C9C58E2-923C-421A-A97E-C3A6D6510FB5}</SimpleData>
		<SimpleData name="SALAREUNI">0</SimpleData>
		<SimpleData name="PLAYAARTIF">0</SimpleData>
		<SimpleData name="PASEOCOSTE">15</SimpleData>
		<SimpleData name="ESTADOGRAL">MALO</SimpleData>
		<SimpleData name="GRUAOPESC">0</SimpleData>
		<SimpleData name="LONSALAADM">0</SimpleData>
		<SimpleData name="LONSALVENT">0</SimpleData>
		<SimpleData name="SALAPROC">0</SimpleData>
		<SimpleData name="AREABODEGA">0</SimpleData>
		<SimpleData name="AREACAFRI">0</SimpleData>
		<SimpleData name="AREAREFUG">0</SimpleData>
		<SimpleData name="AREAGALPON">0</SimpleData>
		<SimpleData name="PROGRAMA">PESCA ARTESANAL</SimpleData>
		<SimpleData name="IMAGEN">http://colabora.mop.gov.cl/sites/dop/dptopl/dp/Documentos%20compartidos/Imágenes%20para%20el%20Modelo%20de%20Datos/10-%20LOS%20LAGOS/10-042.jpg</SimpleData>
		<SimpleData name="MXLOCATION">10108-91</SimpleData>
		<SimpleData name="MXSITEID">DOP</SimpleData>
		<SimpleData name="COD_REG">0</SimpleData>
	</SchemaData></ExtendedData>
      <Point><coordinates>-73.593112634,-41.618273593</coordinates></Point>
  </Placemark>
  <Placemark id="infraestructura_portuaria.358">
	<ExtendedData><SchemaData schemaUrl="#infraestructura_portuaria">
		<SimpleData name="OBJECTID_1">358</SimpleData>
		<SimpleData name="OBJECTID">2773</SimpleData>
		<SimpleData name="CODOBRA">10-041</SimpleData>
		<SimpleData name="TIPOOBRA">6</SimpleData>
		<SimpleData name="DESCOBRA">MUELLE DE PESCADORES DE CARELMAPU</SimpleData>
		<SimpleData name="CODCOMUNA">MAULLÍN</SimpleData>
		<SimpleData name="LONMUROS">250</SimpleData>
		<SimpleData name="LONESCOLLE">0</SimpleData>
		<SimpleData name="LONMUELLE">140</SimpleData>
		<SimpleData name="LONRAMPCO">0</SimpleData>
		<SimpleData name="LONRAMPA">0</SimpleData>
		<SimpleData name="LONRAMPAVA">0</SimpleData>
		<SimpleData name="LONPONTON">150</SimpleData>
		<SimpleData name="LONCAMIAC">0</SimpleData>
		<SimpleData name="AREAEXPLAN">1180</SimpleData>
		<SimpleData name="BOXUNI">0</SimpleData>
		<SimpleData name="BANO_UNI">0</SimpleData>
		<SimpleData name="TIPOGEOM">1</SimpleData>
		<SimpleData name="GLOBALID">{9EF820AD-B457-4036-9BA0-B1CEF02E5387}</SimpleData>
		<SimpleData name="SALAREUNI">1</SimpleData>
		<SimpleData name="PLAYAARTIF">0</SimpleData>
		<SimpleData name="PASEOCOSTE">0</SimpleData>
		<SimpleData name="ESTADOGRAL">BUENO</SimpleData>
		<SimpleData name="GRUAOPESC">0</SimpleData>
		<SimpleData name="LONSALAADM">1</SimpleData>
		<SimpleData name="LONSALVENT">0</SimpleData>
		<SimpleData name="SALAPROC">1</SimpleData>
		<SimpleData name="AREABODEGA">1</SimpleData>
		<SimpleData name="AREACAFRI">0</SimpleData>
		<SimpleData name="AREAREFUG">1</SimpleData>
		<SimpleData name="AREAGALPON">1</SimpleData>
		<SimpleData name="PROGRAMA">PESCA ARTESANAL</SimpleData>
		<SimpleData name="IMAGEN">http://colabora.mop.gov.cl/sites/dop/dptopl/dp/Documentos%20compartidos/Imágenes%20para%20el%20Modelo%20de%20Datos/10-%20LOS%20LAGOS/10-041.jpg</SimpleData>
		<SimpleData name="MXLOCATION">10108-90</SimpleData>
		<SimpleData name="MXSITEID">DOP</SimpleData>
		<SimpleData name="COD_REG">0</SimpleData>
	</SchemaData></ExtendedData>
      <Point><coordinates>-73.705040084,-41.747654078</coordinates></Point>
  </Placemark>
  <Placemark id="infraestructura_portuaria.359">
	<ExtendedData><SchemaData schemaUrl="#infraestructura_portuaria">
		<SimpleData name="OBJECTID_1">359</SimpleData>
		<SimpleData name="OBJECTID">2624</SimpleData>
		<SimpleData name="CODOBRA">10-105</SimpleData>
		<SimpleData name="TIPOOBRA">10</SimpleData>
		<SimpleData name="DESCOBRA">RAMPA ISLA CAUCAHUE</SimpleData>
		<SimpleData name="CODCOMUNA">QUEMCHI</SimpleData>
		<SimpleData name="LONMUROS">72</SimpleData>
		<SimpleData name="LONESCOLLE">0</SimpleData>
		<SimpleData name="LONMUELLE">0</SimpleData>
		<SimpleData name="LONRAMPCO">0</SimpleData>
		<SimpleData name="LONRAMPA">180</SimpleData>
		<SimpleData name="LONRAMPAVA">0</SimpleData>
		<SimpleData name="LONPONTON">0</SimpleData>
		<SimpleData name="LONCAMIAC">0</SimpleData>
		<SimpleData name="AREAEXPLAN">221</SimpleData>
		<SimpleData name="BOXUNI">0</SimpleData>
		<SimpleData name="BANO_UNI">0</SimpleData>
		<SimpleData name="TIPOGEOM">1</SimpleData>
		<SimpleData name="GLOBALID">{FB755150-0783-4240-A25B-E180D2CC73B7}</SimpleData>
		<SimpleData name="SALAREUNI">0</SimpleData>
		<SimpleData name="PLAYAARTIF">0</SimpleData>
		<SimpleData name="PASEOCOSTE">0</SimpleData>
		<SimpleData name="ESTADOGRAL">REGULAR</SimpleData>
		<SimpleData name="GRUAOPESC">0</SimpleData>
		<SimpleData name="LONSALAADM">0</SimpleData>
		<SimpleData name="LONSALVENT">0</SimpleData>
		<SimpleData name="SALAPROC">0</SimpleData>
		<SimpleData name="AREABODEGA">0</SimpleData>
		<SimpleData name="AREACAFRI">0</SimpleData>
		<SimpleData name="AREAREFUG">1</SimpleData>
		<SimpleData name="AREAGALPON">0</SimpleData>
		<SimpleData name="PROGRAMA">CONEXIÓN</SimpleData>
		<SimpleData name="IMAGEN">http://colabora.mop.gov.cl/sites/dop/dptopl/dp/Documentos%20compartidos/Imágenes%20para%20el%20Modelo%20de%20Datos/10-%20LOS%20LAGOS/10-105.jpg</SimpleData>
		<SimpleData name="MXLOCATION">10209-49</SimpleData>
		<SimpleData name="MXSITEID">DOP</SimpleData>
		<SimpleData name="COD_REG">0</SimpleData>
	</SchemaData></ExtendedData>
      <Point><coordinates>-73.435982372,-42.146533345</coordinates></Point>
  </Placemark>
  <Placemark id="infraestructura_portuaria.360">
	<ExtendedData><SchemaData schemaUrl="#infraestructura_portuaria">
		<SimpleData name="OBJECTID_1">360</SimpleData>
		<SimpleData name="OBJECTID">2625</SimpleData>
		<SimpleData name="CODOBRA">10-104</SimpleData>
		<SimpleData name="TIPOOBRA">10</SimpleData>
		<SimpleData name="DESCOBRA">RAMPA ISLA AULIN</SimpleData>
		<SimpleData name="CODCOMUNA">QUEMCHI</SimpleData>
		<SimpleData name="LONMUROS">122</SimpleData>
		<SimpleData name="LONESCOLLE">0</SimpleData>
		<SimpleData name="LONMUELLE">0</SimpleData>
		<SimpleData name="LONRAMPCO">0</SimpleData>
		<SimpleData name="LONRAMPA">60</SimpleData>
		<SimpleData name="LONRAMPAVA">0</SimpleData>
		<SimpleData name="LONPONTON">0</SimpleData>
		<SimpleData name="LONCAMIAC">0</SimpleData>
		<SimpleData name="AREAEXPLAN">0</SimpleData>
		<SimpleData name="BOXUNI">0</SimpleData>
		<SimpleData name="BANO_UNI">0</SimpleData>
		<SimpleData name="TIPOGEOM">1</SimpleData>
		<SimpleData name="GLOBALID">{07A50E12-062E-4C8B-AB93-0C07C9665BC2}</SimpleData>
		<SimpleData name="SALAREUNI">0</SimpleData>
		<SimpleData name="PLAYAARTIF">0</SimpleData>
		<SimpleData name="PASEOCOSTE">0</SimpleData>
		<SimpleData name="ESTADOGRAL">BUENO</SimpleData>
		<SimpleData name="GRUAOPESC">0</SimpleData>
		<SimpleData name="LONSALAADM">0</SimpleData>
		<SimpleData name="LONSALVENT">0</SimpleData>
		<SimpleData name="SALAPROC">0</SimpleData>
		<SimpleData name="AREABODEGA">0</SimpleData>
		<SimpleData name="AREACAFRI">0</SimpleData>
		<SimpleData name="AREAREFUG">1</SimpleData>
		<SimpleData name="AREAGALPON">0</SimpleData>
		<SimpleData name="PROGRAMA">CONEXIÓN</SimpleData>
		<SimpleData name="IMAGEN">http://colabora.mop.gov.cl/sites/dop/dptopl/dp/Documentos%20compartidos/Imágenes%20para%20el%20Modelo%20de%20Datos/10-%20LOS%20LAGOS/10-104.jpg</SimpleData>
		<SimpleData name="MXLOCATION">10209-48</SimpleData>
		<SimpleData name="MXSITEID">DOP</SimpleData>
		<SimpleData name="COD_REG">0</SimpleData>
	</SchemaData></ExtendedData>
      <Point><coordinates>-73.1547380009999,-42.2645537079999</coordinates></Point>
  </Placemark>
  <Placemark id="infraestructura_portuaria.361">
	<ExtendedData><SchemaData schemaUrl="#infraestructura_portuaria">
		<SimpleData name="OBJECTID_1">361</SimpleData>
		<SimpleData name="OBJECTID">2626</SimpleData>
		<SimpleData name="CODOBRA">10-103</SimpleData>
		<SimpleData name="TIPOOBRA">10</SimpleData>
		<SimpleData name="DESCOBRA">RAMPA AÑIHUE</SimpleData>
		<SimpleData name="CODCOMUNA">QUEMCHI</SimpleData>
		<SimpleData name="LONMUROS">78</SimpleData>
		<SimpleData name="LONESCOLLE">0</SimpleData>
		<SimpleData name="LONMUELLE">0</SimpleData>
		<SimpleData name="LONRAMPCO">0</SimpleData>
		<SimpleData name="LONRAMPA">53</SimpleData>
		<SimpleData name="LONRAMPAVA">0</SimpleData>
		<SimpleData name="LONPONTON">0</SimpleData>
		<SimpleData name="LONCAMIAC">0</SimpleData>
		<SimpleData name="AREAEXPLAN">240</SimpleData>
		<SimpleData name="BOXUNI">0</SimpleData>
		<SimpleData name="BANO_UNI">0</SimpleData>
		<SimpleData name="TIPOGEOM">1</SimpleData>
		<SimpleData name="GLOBALID">{78E18203-A341-45E7-AE82-A26F1D3DAAD3}</SimpleData>
		<SimpleData name="SALAREUNI">0</SimpleData>
		<SimpleData name="PLAYAARTIF">0</SimpleData>
		<SimpleData name="PASEOCOSTE">0</SimpleData>
		<SimpleData name="ESTADOGRAL">BUENO</SimpleData>
		<SimpleData name="GRUAOPESC">0</SimpleData>
		<SimpleData name="LONSALAADM">1</SimpleData>
		<SimpleData name="LONSALVENT">0</SimpleData>
		<SimpleData name="SALAPROC">0</SimpleData>
		<SimpleData name="AREABODEGA">0</SimpleData>
		<SimpleData name="AREACAFRI">0</SimpleData>
		<SimpleData name="AREAREFUG">1</SimpleData>
		<SimpleData name="AREAGALPON">0</SimpleData>
		<SimpleData name="PROGRAMA">CONEXIÓN</SimpleData>
		<SimpleData name="IMAGEN">http://colabora.mop.gov.cl/sites/dop/dptopl/dp/Documentos%20compartidos/Imágenes%20para%20el%20Modelo%20de%20Datos/10-%20LOS%20LAGOS/10-103.jpg</SimpleData>
		<SimpleData name="MXLOCATION">10209-47</SimpleData>
		<SimpleData name="MXSITEID">DOP</SimpleData>
		<SimpleData name="COD_REG">0</SimpleData>
	</SchemaData></ExtendedData>
      <Point><coordinates>-73.250230035,-42.329251239</coordinates></Point>
  </Placemark>
  <Placemark id="infraestructura_portuaria.362">
	<ExtendedData><SchemaData schemaUrl="#infraestructura_portuaria">
		<SimpleData name="OBJECTID_1">362</SimpleData>
		<SimpleData name="OBJECTID">2627</SimpleData>
		<SimpleData name="CODOBRA">10-102</SimpleData>
		<SimpleData name="TIPOOBRA">10</SimpleData>
		<SimpleData name="DESCOBRA">RAMPA YALDAD</SimpleData>
		<SimpleData name="CODCOMUNA">QUEILÉN</SimpleData>
		<SimpleData name="LONMUROS">0</SimpleData>
		<SimpleData name="LONESCOLLE">0</SimpleData>
		<SimpleData name="LONMUELLE">0</SimpleData>
		<SimpleData name="LONRAMPCO">0</SimpleData>
		<SimpleData name="LONRAMPA">0</SimpleData>
		<SimpleData name="LONRAMPAVA">0</SimpleData>
		<SimpleData name="LONPONTON">0</SimpleData>
		<SimpleData name="LONCAMIAC">0</SimpleData>
		<SimpleData name="AREAEXPLAN">0</SimpleData>
		<SimpleData name="BOXUNI">0</SimpleData>
		<SimpleData name="BANO_UNI">0</SimpleData>
		<SimpleData name="TIPOGEOM">1</SimpleData>
		<SimpleData name="GLOBALID">{5C6BECD1-6994-453A-845D-5BAB013D7815}</SimpleData>
		<SimpleData name="SALAREUNI">0</SimpleData>
		<SimpleData name="PLAYAARTIF">0</SimpleData>
		<SimpleData name="PASEOCOSTE">0</SimpleData>
		<SimpleData name="ESTADOGRAL">BUENO</SimpleData>
		<SimpleData name="GRUAOPESC">0</SimpleData>
		<SimpleData name="LONSALAADM">0</SimpleData>
		<SimpleData name="LONSALVENT">0</SimpleData>
		<SimpleData name="SALAPROC">0</SimpleData>
		<SimpleData name="AREABODEGA">0</SimpleData>
		<SimpleData name="AREACAFRI">0</SimpleData>
		<SimpleData name="AREAREFUG">1</SimpleData>
		<SimpleData name="AREAGALPON">0</SimpleData>
		<SimpleData name="PROGRAMA">CONEXIÓN</SimpleData>
		<SimpleData name="IMAGEN">http://colabora.mop.gov.cl/sites/dop/dptopl/dp/Documentos%20compartidos/Imágenes%20para%20el%20Modelo%20de%20Datos/10-%20LOS%20LAGOS/10-102.jpg</SimpleData>
		<SimpleData name="MXLOCATION">10208-46</SimpleData>
		<SimpleData name="MXSITEID">DOP</SimpleData>
		<SimpleData name="COD_REG">0</SimpleData>
	</SchemaData></ExtendedData>
      <Point><coordinates>-73.710842885,-43.113040734</coordinates></Point>
  </Placemark>
  <Placemark id="infraestructura_portuaria.363">
	<ExtendedData><SchemaData schemaUrl="#infraestructura_portuaria">
		<SimpleData name="OBJECTID_1">363</SimpleData>
		<SimpleData name="OBJECTID">2636</SimpleData>
		<SimpleData name="CODOBRA">10-126</SimpleData>
		<SimpleData name="TIPOOBRA">10</SimpleData>
		<SimpleData name="DESCOBRA">RAMPA SECTOR LA VILLA, ISLA QUENAC</SimpleData>
		<SimpleData name="CODCOMUNA">QUINCHAO</SimpleData>
		<SimpleData name="LONMUROS">0</SimpleData>
		<SimpleData name="LONESCOLLE">0</SimpleData>
		<SimpleData name="LONMUELLE">0</SimpleData>
		<SimpleData name="LONRAMPCO">0</SimpleData>
		<SimpleData name="LONRAMPA">94</SimpleData>
		<SimpleData name="LONRAMPAVA">0</SimpleData>
		<SimpleData name="LONPONTON">0</SimpleData>
		<SimpleData name="LONCAMIAC">0</SimpleData>
		<SimpleData name="AREAEXPLAN">0</SimpleData>
		<SimpleData name="BOXUNI">0</SimpleData>
		<SimpleData name="BANO_UNI">0</SimpleData>
		<SimpleData name="TIPOGEOM">1</SimpleData>
		<SimpleData name="GLOBALID">{E9AC70F7-8B6A-4880-9887-7FF595DF8F23}</SimpleData>
		<SimpleData name="SALAREUNI">0</SimpleData>
		<SimpleData name="PLAYAARTIF">0</SimpleData>
		<SimpleData name="PASEOCOSTE">0</SimpleData>
		<SimpleData name="ESTADOGRAL">BUENO</SimpleData>
		<SimpleData name="GRUAOPESC">0</SimpleData>
		<SimpleData name="LONSALAADM">1</SimpleData>
		<SimpleData name="LONSALVENT">0</SimpleData>
		<SimpleData name="SALAPROC">0</SimpleData>
		<SimpleData name="AREABODEGA">0</SimpleData>
		<SimpleData name="AREACAFRI">0</SimpleData>
		<SimpleData name="AREAREFUG">1</SimpleData>
		<SimpleData name="AREAGALPON">0</SimpleData>
		<SimpleData name="PROGRAMA">CONEXIÓN</SimpleData>
		<SimpleData name="IMAGEN">http://colabora.mop.gov.cl/sites/dop/dptopl/dp/Documentos%20compartidos/Imágenes%20para%20el%20Modelo%20de%20Datos/10-%20LOS%20LAGOS/10-126.jpg</SimpleData>
		<SimpleData name="MXLOCATION">10210-70</SimpleData>
		<SimpleData name="MXSITEID">DOP</SimpleData>
		<SimpleData name="COD_REG">0</SimpleData>
	</SchemaData></ExtendedData>
      <Point><coordinates>-73.3303977579999,-42.45653056</coordinates></Point>
  </Placemark>
  <Placemark id="infraestructura_portuaria.364">
	<ExtendedData><SchemaData schemaUrl="#infraestructura_portuaria">
		<SimpleData name="OBJECTID_1">364</SimpleData>
		<SimpleData name="OBJECTID">2637</SimpleData>
		<SimpleData name="CODOBRA">10-125</SimpleData>
		<SimpleData name="TIPOOBRA">10</SimpleData>
		<SimpleData name="DESCOBRA">RAMPA ISLA MEULIN, SECTOR SAN FRANCISCO</SimpleData>
		<SimpleData name="CODCOMUNA">QUINCHAO</SimpleData>
		<SimpleData name="LONMUROS">19</SimpleData>
		<SimpleData name="LONESCOLLE">0</SimpleData>
		<SimpleData name="LONMUELLE">0</SimpleData>
		<SimpleData name="LONRAMPCO">0</SimpleData>
		<SimpleData name="LONRAMPA">70</SimpleData>
		<SimpleData name="LONRAMPAVA">0</SimpleData>
		<SimpleData name="LONPONTON">0</SimpleData>
		<SimpleData name="LONCAMIAC">0</SimpleData>
		<SimpleData name="AREAEXPLAN">0</SimpleData>
		<SimpleData name="BOXUNI">0</SimpleData>
		<SimpleData name="BANO_UNI">0</SimpleData>
		<SimpleData name="TIPOGEOM">1</SimpleData>
		<SimpleData name="GLOBALID">{6FCB4E7A-C435-495F-BB14-17F7AF018809}</SimpleData>
		<SimpleData name="SALAREUNI">0</SimpleData>
		<SimpleData name="PLAYAARTIF">0</SimpleData>
		<SimpleData name="PASEOCOSTE">0</SimpleData>
		<SimpleData name="ESTADOGRAL">BUENO</SimpleData>
		<SimpleData name="GRUAOPESC">0</SimpleData>
		<SimpleData name="LONSALAADM">1</SimpleData>
		<SimpleData name="LONSALVENT">0</SimpleData>
		<SimpleData name="SALAPROC">0</SimpleData>
		<SimpleData name="AREABODEGA">0</SimpleData>
		<SimpleData name="AREACAFRI">0</SimpleData>
		<SimpleData name="AREAREFUG">1</SimpleData>
		<SimpleData name="AREAGALPON">0</SimpleData>
		<SimpleData name="PROGRAMA">CONEXIÓN</SimpleData>
		<SimpleData name="IMAGEN">http://colabora.mop.gov.cl/sites/dop/dptopl/dp/Documentos%20compartidos/Imágenes%20para%20el%20Modelo%20de%20Datos/10-%20LOS%20LAGOS/10-125.jpg</SimpleData>
		<SimpleData name="MXLOCATION">10210-69</SimpleData>
		<SimpleData name="MXSITEID">DOP</SimpleData>
		<SimpleData name="COD_REG">0</SimpleData>
	</SchemaData></ExtendedData>
      <Point><coordinates>-73.307946085,-42.416400451</coordinates></Point>
  </Placemark>
  <Placemark id="infraestructura_portuaria.365">
	<ExtendedData><SchemaData schemaUrl="#infraestructura_portuaria">
		<SimpleData name="OBJECTID_1">365</SimpleData>
		<SimpleData name="OBJECTID">2638</SimpleData>
		<SimpleData name="CODOBRA">10-124</SimpleData>
		<SimpleData name="TIPOOBRA">10</SimpleData>
		<SimpleData name="DESCOBRA">RAMPA ISLA MEULIN, SECTOR EL TR-NSITO</SimpleData>
		<SimpleData name="CODCOMUNA">QUINCHAO</SimpleData>
		<SimpleData name="LONMUROS">84</SimpleData>
		<SimpleData name="LONESCOLLE">0</SimpleData>
		<SimpleData name="LONMUELLE">0</SimpleData>
		<SimpleData name="LONRAMPCO">0</SimpleData>
		<SimpleData name="LONRAMPA">65</SimpleData>
		<SimpleData name="LONRAMPAVA">0</SimpleData>
		<SimpleData name="LONPONTON">0</SimpleData>
		<SimpleData name="LONCAMIAC">0</SimpleData>
		<SimpleData name="AREAEXPLAN">350</SimpleData>
		<SimpleData name="BOXUNI">0</SimpleData>
		<SimpleData name="BANO_UNI">0</SimpleData>
		<SimpleData name="TIPOGEOM">1</SimpleData>
		<SimpleData name="GLOBALID">{6EB0D52A-2BC8-44A0-AA5A-5E041721AC44}</SimpleData>
		<SimpleData name="SALAREUNI">0</SimpleData>
		<SimpleData name="PLAYAARTIF">0</SimpleData>
		<SimpleData name="PASEOCOSTE">0</SimpleData>
		<SimpleData name="ESTADOGRAL">BUENO</SimpleData>
		<SimpleData name="GRUAOPESC">0</SimpleData>
		<SimpleData name="LONSALAADM">1</SimpleData>
		<SimpleData name="LONSALVENT">0</SimpleData>
		<SimpleData name="SALAPROC">0</SimpleData>
		<SimpleData name="AREABODEGA">0</SimpleData>
		<SimpleData name="AREACAFRI">0</SimpleData>
		<SimpleData name="AREAREFUG">1</SimpleData>
		<SimpleData name="AREAGALPON">0</SimpleData>
		<SimpleData name="PROGRAMA">CONEXIÓN</SimpleData>
		<SimpleData name="IMAGEN">http://colabora.mop.gov.cl/sites/dop/dptopl/dp/Documentos%20compartidos/Imágenes%20para%20el%20Modelo%20de%20Datos/10-%20LOS%20LAGOS/10-124.jpg</SimpleData>
		<SimpleData name="MXLOCATION">10210-68</SimpleData>
		<SimpleData name="MXSITEID">DOP</SimpleData>
		<SimpleData name="COD_REG">0</SimpleData>
	</SchemaData></ExtendedData>
      <Point><coordinates>-73.340645834,-42.4273823949999</coordinates></Point>
  </Placemark>
  <Placemark id="infraestructura_portuaria.366">
	<ExtendedData><SchemaData schemaUrl="#infraestructura_portuaria">
		<SimpleData name="OBJECTID_1">366</SimpleData>
		<SimpleData name="OBJECTID">2639</SimpleData>
		<SimpleData name="CODOBRA">10-123</SimpleData>
		<SimpleData name="TIPOOBRA">10</SimpleData>
		<SimpleData name="DESCOBRA">RAMPA ISLA LLINGUA, QUINCHAO</SimpleData>
		<SimpleData name="CODCOMUNA">QUINCHAO</SimpleData>
		<SimpleData name="LONMUROS">76</SimpleData>
		<SimpleData name="LONESCOLLE">0</SimpleData>
		<SimpleData name="LONMUELLE">0</SimpleData>
		<SimpleData name="LONRAMPCO">0</SimpleData>
		<SimpleData name="LONRAMPA">0</SimpleData>
		<SimpleData name="LONRAMPAVA">0</SimpleData>
		<SimpleData name="LONPONTON">0</SimpleData>
		<SimpleData name="LONCAMIAC">0</SimpleData>
		<SimpleData name="AREAEXPLAN">243</SimpleData>
		<SimpleData name="BOXUNI">0</SimpleData>
		<SimpleData name="BANO_UNI">0</SimpleData>
		<SimpleData name="TIPOGEOM">1</SimpleData>
		<SimpleData name="GLOBALID">{6AF12141-A00B-4343-8BE3-4FF00AFD530A}</SimpleData>
		<SimpleData name="SALAREUNI">0</SimpleData>
		<SimpleData name="PLAYAARTIF">0</SimpleData>
		<SimpleData name="PASEOCOSTE">0</SimpleData>
		<SimpleData name="ESTADOGRAL">BUENO</SimpleData>
		<SimpleData name="GRUAOPESC">0</SimpleData>
		<SimpleData name="LONSALAADM">1</SimpleData>
		<SimpleData name="LONSALVENT">0</SimpleData>
		<SimpleData name="SALAPROC">0</SimpleData>
		<SimpleData name="AREABODEGA">0</SimpleData>
		<SimpleData name="AREACAFRI">0</SimpleData>
		<SimpleData name="AREAREFUG">1</SimpleData>
		<SimpleData name="AREAGALPON">0</SimpleData>
		<SimpleData name="PROGRAMA">CONEXIÓN</SimpleData>
		<SimpleData name="IMAGEN">http://colabora.mop.gov.cl/sites/dop/dptopl/dp/Documentos%20compartidos/Imágenes%20para%20el%20Modelo%20de%20Datos/10-%20LOS%20LAGOS/10-123.jpg</SimpleData>
		<SimpleData name="MXLOCATION">10210-67</SimpleData>
		<SimpleData name="MXSITEID">DOP</SimpleData>
		<SimpleData name="COD_REG">0</SimpleData>
	</SchemaData></ExtendedData>
      <Point><coordinates>-73.4526583209999,-42.4335642419999</coordinates></Point>
  </Placemark>
  <Placemark id="infraestructura_portuaria.367">
	<ExtendedData><SchemaData schemaUrl="#infraestructura_portuaria">
		<SimpleData name="OBJECTID_1">367</SimpleData>
		<SimpleData name="OBJECTID">2640</SimpleData>
		<SimpleData name="CODOBRA">10-122</SimpleData>
		<SimpleData name="TIPOOBRA">10</SimpleData>
		<SimpleData name="DESCOBRA">RAMPA ISLA LIN-LIN, SECTOR CURACO, QUINCHAO</SimpleData>
		<SimpleData name="CODCOMUNA">QUINCHAO</SimpleData>
		<SimpleData name="LONMUROS">38</SimpleData>
		<SimpleData name="LONESCOLLE">0</SimpleData>
		<SimpleData name="LONMUELLE">0</SimpleData>
		<SimpleData name="LONRAMPCO">0</SimpleData>
		<SimpleData name="LONRAMPA">50</SimpleData>
		<SimpleData name="LONRAMPAVA">0</SimpleData>
		<SimpleData name="LONPONTON">0</SimpleData>
		<SimpleData name="LONCAMIAC">0</SimpleData>
		<SimpleData name="AREAEXPLAN">0</SimpleData>
		<SimpleData name="BOXUNI">0</SimpleData>
		<SimpleData name="BANO_UNI">0</SimpleData>
		<SimpleData name="TIPOGEOM">1</SimpleData>
		<SimpleData name="GLOBALID">{ADF112DC-54CC-4417-A1E0-2E5A7787C381}</SimpleData>
		<SimpleData name="SALAREUNI">0</SimpleData>
		<SimpleData name="PLAYAARTIF">0</SimpleData>
		<SimpleData name="PASEOCOSTE">0</SimpleData>
		<SimpleData name="ESTADOGRAL">BUENO</SimpleData>
		<SimpleData name="GRUAOPESC">0</SimpleData>
		<SimpleData name="LONSALAADM">1</SimpleData>
		<SimpleData name="LONSALVENT">0</SimpleData>
		<SimpleData name="SALAPROC">0</SimpleData>
		<SimpleData name="AREABODEGA">0</SimpleData>
		<SimpleData name="AREACAFRI">0</SimpleData>
		<SimpleData name="AREAREFUG">1</SimpleData>
		<SimpleData name="AREAGALPON">0</SimpleData>
		<SimpleData name="PROGRAMA">CONEXIÓN</SimpleData>
		<SimpleData name="IMAGEN">http://colabora.mop.gov.cl/sites/dop/dptopl/dp/Documentos%20compartidos/Imágenes%20para%20el%20Modelo%20de%20Datos/10-%20LOS%20LAGOS/10-122.jpg</SimpleData>
		<SimpleData name="MXLOCATION">10210-66</SimpleData>
		<SimpleData name="MXSITEID">DOP</SimpleData>
		<SimpleData name="COD_REG">0</SimpleData>
	</SchemaData></ExtendedData>
      <Point><coordinates>-73.4259538109999,-42.4010563209999</coordinates></Point>
  </Placemark>
  <Placemark id="infraestructura_portuaria.368">
	<ExtendedData><SchemaData schemaUrl="#infraestructura_portuaria">
		<SimpleData name="OBJECTID_1">368</SimpleData>
		<SimpleData name="OBJECTID">2641</SimpleData>
		<SimpleData name="CODOBRA">10-121</SimpleData>
		<SimpleData name="TIPOOBRA">10</SimpleData>
		<SimpleData name="DESCOBRA">RAMPA ISLA LIN-LIN, SECTOR LOS PINOS, QUINCHAO</SimpleData>
		<SimpleData name="CODCOMUNA">QUINCHAO</SimpleData>
		<SimpleData name="LONMUROS">0</SimpleData>
		<SimpleData name="LONESCOLLE">0</SimpleData>
		<SimpleData name="LONMUELLE">0</SimpleData>
		<SimpleData name="LONRAMPCO">0</SimpleData>
		<SimpleData name="LONRAMPA">260</SimpleData>
		<SimpleData name="LONRAMPAVA">0</SimpleData>
		<SimpleData name="LONPONTON">0</SimpleData>
		<SimpleData name="LONCAMIAC">0</SimpleData>
		<SimpleData name="AREAEXPLAN">0</SimpleData>
		<SimpleData name="BOXUNI">0</SimpleData>
		<SimpleData name="BANO_UNI">0</SimpleData>
		<SimpleData name="TIPOGEOM">1</SimpleData>
		<SimpleData name="GLOBALID">{65A6FEDF-F3D1-4BED-95EB-2C8922B233A1}</SimpleData>
		<SimpleData name="SALAREUNI">0</SimpleData>
		<SimpleData name="PLAYAARTIF">0</SimpleData>
		<SimpleData name="PASEOCOSTE">0</SimpleData>
		<SimpleData name="ESTADOGRAL">MUY BUENO</SimpleData>
		<SimpleData name="GRUAOPESC">0</SimpleData>
		<SimpleData name="LONSALAADM">1</SimpleData>
		<SimpleData name="LONSALVENT">0</SimpleData>
		<SimpleData name="SALAPROC">0</SimpleData>
		<SimpleData name="AREABODEGA">0</SimpleData>
		<SimpleData name="AREACAFRI">0</SimpleData>
		<SimpleData name="AREAREFUG">1</SimpleData>
		<SimpleData name="AREAGALPON">0</SimpleData>
		<SimpleData name="PROGRAMA">CONEXIÓN</SimpleData>
		<SimpleData name="IMAGEN">http://colabora.mop.gov.cl/sites/dop/dptopl/dp/Documentos%20compartidos/Imágenes%20para%20el%20Modelo%20de%20Datos/10-%20LOS%20LAGOS/10-121.jpg</SimpleData>
		<SimpleData name="MXLOCATION">10210-65</SimpleData>
		<SimpleData name="MXSITEID">DOP</SimpleData>
		<SimpleData name="COD_REG">0</SimpleData>
	</SchemaData></ExtendedData>
      <Point><coordinates>-73.4503144079999,-42.387529571</coordinates></Point>
  </Placemark>
  <Placemark id="infraestructura_portuaria.369">
	<ExtendedData><SchemaData schemaUrl="#infraestructura_portuaria">
		<SimpleData name="OBJECTID_1">369</SimpleData>
		<SimpleData name="OBJECTID">2642</SimpleData>
		<SimpleData name="CODOBRA">10-120</SimpleData>
		<SimpleData name="TIPOOBRA">10</SimpleData>
		<SimpleData name="DESCOBRA">RAMPA ISLA CHAULINEC, SECTOR CAPILLA NUEVA, QUINCHAO.</SimpleData>
		<SimpleData name="CODCOMUNA">QUINCHAO</SimpleData>
		<SimpleData name="LONMUROS">126</SimpleData>
		<SimpleData name="LONESCOLLE">0</SimpleData>
		<SimpleData name="LONMUELLE">0</SimpleData>
		<SimpleData name="LONRAMPCO">0</SimpleData>
		<SimpleData name="LONRAMPA">68</SimpleData>
		<SimpleData name="LONRAMPAVA">0</SimpleData>
		<SimpleData name="LONPONTON">0</SimpleData>
		<SimpleData name="LONCAMIAC">0</SimpleData>
		<SimpleData name="AREAEXPLAN">0</SimpleData>
		<SimpleData name="BOXUNI">0</SimpleData>
		<SimpleData name="BANO_UNI">0</SimpleData>
		<SimpleData name="TIPOGEOM">1</SimpleData>
		<SimpleData name="GLOBALID">{E606EBBE-BE3A-4601-876D-4EA7161954C7}</SimpleData>
		<SimpleData name="SALAREUNI">0</SimpleData>
		<SimpleData name="PLAYAARTIF">0</SimpleData>
		<SimpleData name="PASEOCOSTE">0</SimpleData>
		<SimpleData name="ESTADOGRAL">BUENO</SimpleData>
		<SimpleData name="GRUAOPESC">0</SimpleData>
		<SimpleData name="LONSALAADM">0</SimpleData>
		<SimpleData name="LONSALVENT">0</SimpleData>
		<SimpleData name="SALAPROC">0</SimpleData>
		<SimpleData name="AREABODEGA">0</SimpleData>
		<SimpleData name="AREACAFRI">0</SimpleData>
		<SimpleData name="AREAREFUG">1</SimpleData>
		<SimpleData name="AREAGALPON">0</SimpleData>
		<SimpleData name="PROGRAMA">CONEXIÓN</SimpleData>
		<SimpleData name="IMAGEN">http://colabora.mop.gov.cl/sites/dop/dptopl/dp/Documentos%20compartidos/Imágenes%20para%20el%20Modelo%20de%20Datos/10-%20LOS%20LAGOS/10-120.jpg</SimpleData>
		<SimpleData name="MXLOCATION">10210-64</SimpleData>
		<SimpleData name="MXSITEID">DOP</SimpleData>
		<SimpleData name="COD_REG">0</SimpleData>
	</SchemaData></ExtendedData>
      <Point><coordinates>-73.269831316,-42.6332652739999</coordinates></Point>
  </Placemark>
  <Placemark id="infraestructura_portuaria.370">
	<ExtendedData><SchemaData schemaUrl="#infraestructura_portuaria">
		<SimpleData name="OBJECTID_1">370</SimpleData>
		<SimpleData name="OBJECTID">2643</SimpleData>
		<SimpleData name="CODOBRA">10-119</SimpleData>
		<SimpleData name="TIPOOBRA">10</SimpleData>
		<SimpleData name="DESCOBRA">RAMPA ISLA CHAULINEC, SECTOR CAPILLA ANTIGUA, QUINCHAO</SimpleData>
		<SimpleData name="CODCOMUNA">QUINCHAO</SimpleData>
		<SimpleData name="LONMUROS">56</SimpleData>
		<SimpleData name="LONESCOLLE">0</SimpleData>
		<SimpleData name="LONMUELLE">0</SimpleData>
		<SimpleData name="LONRAMPCO">0</SimpleData>
		<SimpleData name="LONRAMPA">89</SimpleData>
		<SimpleData name="LONRAMPAVA">0</SimpleData>
		<SimpleData name="LONPONTON">0</SimpleData>
		<SimpleData name="LONCAMIAC">0</SimpleData>
		<SimpleData name="AREAEXPLAN">0</SimpleData>
		<SimpleData name="BOXUNI">0</SimpleData>
		<SimpleData name="BANO_UNI">0</SimpleData>
		<SimpleData name="TIPOGEOM">1</SimpleData>
		<SimpleData name="GLOBALID">{C92828D1-A018-4F28-9C8C-43979D651837}</SimpleData>
		<SimpleData name="SALAREUNI">0</SimpleData>
		<SimpleData name="PLAYAARTIF">0</SimpleData>
		<SimpleData name="PASEOCOSTE">0</SimpleData>
		<SimpleData name="ESTADOGRAL">BUENO</SimpleData>
		<SimpleData name="GRUAOPESC">0</SimpleData>
		<SimpleData name="LONSALAADM">1</SimpleData>
		<SimpleData name="LONSALVENT">0</SimpleData>
		<SimpleData name="SALAPROC">0</SimpleData>
		<SimpleData name="AREABODEGA">0</SimpleData>
		<SimpleData name="AREACAFRI">0</SimpleData>
		<SimpleData name="AREAREFUG">1</SimpleData>
		<SimpleData name="AREAGALPON">0</SimpleData>
		<SimpleData name="PROGRAMA">CONEXIÓN</SimpleData>
		<SimpleData name="IMAGEN">http://colabora.mop.gov.cl/sites/dop/dptopl/dp/Documentos%20compartidos/Imágenes%20para%20el%20Modelo%20de%20Datos/10-%20LOS%20LAGOS/10-119.jpg</SimpleData>
		<SimpleData name="MXLOCATION">10210-63</SimpleData>
		<SimpleData name="MXSITEID">DOP</SimpleData>
		<SimpleData name="COD_REG">0</SimpleData>
	</SchemaData></ExtendedData>
      <Point><coordinates>-73.298426037,-42.625799688</coordinates></Point>
  </Placemark>
  <Placemark id="infraestructura_portuaria.371">
	<ExtendedData><SchemaData schemaUrl="#infraestructura_portuaria">
		<SimpleData name="OBJECTID_1">371</SimpleData>
		<SimpleData name="OBJECTID">2644</SimpleData>
		<SimpleData name="CODOBRA">14-5</SimpleData>
		<SimpleData name="TIPOOBRA">10</SimpleData>
		<SimpleData name="DESCOBRA">RAMPA Y REFUGIO ISLA HUAPI LAGO RANCO</SimpleData>
		<SimpleData name="CODCOMUNA">FUTRONO</SimpleData>
		<SimpleData name="LONMUROS">90</SimpleData>
		<SimpleData name="LONESCOLLE">0</SimpleData>
		<SimpleData name="LONMUELLE">0</SimpleData>
		<SimpleData name="LONRAMPCO">277</SimpleData>
		<SimpleData name="LONRAMPA">0</SimpleData>
		<SimpleData name="LONRAMPAVA">0</SimpleData>
		<SimpleData name="LONPONTON">0</SimpleData>
		<SimpleData name="LONCAMIAC">0</SimpleData>
		<SimpleData name="AREAEXPLAN">50</SimpleData>
		<SimpleData name="BOXUNI">0</SimpleData>
		<SimpleData name="BANO_UNI">0</SimpleData>
		<SimpleData name="TIPOGEOM">1</SimpleData>
		<SimpleData name="GLOBALID">{5D262D99-157E-4C2D-8FB0-B8D7CF43601B}</SimpleData>
		<SimpleData name="SALAREUNI">0</SimpleData>
		<SimpleData name="PLAYAARTIF">0</SimpleData>
		<SimpleData name="PASEOCOSTE">0</SimpleData>
		<SimpleData name="ESTADOGRAL">BUENO</SimpleData>
		<SimpleData name="GRUAOPESC">0</SimpleData>
		<SimpleData name="LONSALAADM">0</SimpleData>
		<SimpleData name="LONSALVENT">0</SimpleData>
		<SimpleData name="SALAPROC">0</SimpleData>
		<SimpleData name="AREABODEGA">0</SimpleData>
		<SimpleData name="AREACAFRI">0</SimpleData>
		<SimpleData name="AREAREFUG">1</SimpleData>
		<SimpleData name="AREAGALPON">0</SimpleData>
		<SimpleData name="PROGRAMA">CONEXIÓN</SimpleData>
		<SimpleData name="IMAGEN">http://colabora.mop.gov.cl/sites/dop/dptopl/dp/Documentos%20compartidos/Imágenes%20para%20el%20Modelo%20de%20Datos/14-%20LOS%20RIOS/14-5.jpg</SimpleData>
		<SimpleData name="MXLOCATION">14202-05</SimpleData>
		<SimpleData name="MXSITEID">DOP</SimpleData>
		<SimpleData name="COD_REG">0</SimpleData>
	</SchemaData></ExtendedData>
      <Point><coordinates>-72.388256728,-40.2132625149999</coordinates></Point>
  </Placemark>
  <Placemark id="infraestructura_portuaria.372">
	<ExtendedData><SchemaData schemaUrl="#infraestructura_portuaria">
		<SimpleData name="OBJECTID_1">372</SimpleData>
		<SimpleData name="OBJECTID">2645</SimpleData>
		<SimpleData name="CODOBRA">14-4</SimpleData>
		<SimpleData name="TIPOOBRA">10</SimpleData>
		<SimpleData name="DESCOBRA">RAMPA Y REFUGIO DE MAQUEO</SimpleData>
		<SimpleData name="CODCOMUNA">FUTRONO</SimpleData>
		<SimpleData name="LONMUROS">114</SimpleData>
		<SimpleData name="LONESCOLLE">32</SimpleData>
		<SimpleData name="LONMUELLE">0</SimpleData>
		<SimpleData name="LONRAMPCO">300</SimpleData>
		<SimpleData name="LONRAMPA">0</SimpleData>
		<SimpleData name="LONRAMPAVA">0</SimpleData>
		<SimpleData name="LONPONTON">0</SimpleData>
		<SimpleData name="LONCAMIAC">0</SimpleData>
		<SimpleData name="AREAEXPLAN">257</SimpleData>
		<SimpleData name="BOXUNI">0</SimpleData>
		<SimpleData name="BANO_UNI">0</SimpleData>
		<SimpleData name="TIPOGEOM">1</SimpleData>
		<SimpleData name="GLOBALID">{DE7FA523-1561-4CEA-AB25-48ACCC0C291B}</SimpleData>
		<SimpleData name="SALAREUNI">0</SimpleData>
		<SimpleData name="PLAYAARTIF">0</SimpleData>
		<SimpleData name="PASEOCOSTE">0</SimpleData>
		<SimpleData name="ESTADOGRAL">BUENO</SimpleData>
		<SimpleData name="GRUAOPESC">0</SimpleData>
		<SimpleData name="LONSALAADM">0</SimpleData>
		<SimpleData name="LONSALVENT">0</SimpleData>
		<SimpleData name="SALAPROC">0</SimpleData>
		<SimpleData name="AREABODEGA">0</SimpleData>
		<SimpleData name="AREACAFRI">0</SimpleData>
		<SimpleData name="AREAREFUG">1</SimpleData>
		<SimpleData name="AREAGALPON">0</SimpleData>
		<SimpleData name="PROGRAMA">CONEXIÓN</SimpleData>
		<SimpleData name="IMAGEN">http://colabora.mop.gov.cl/sites/dop/dptopl/dp/Documentos%20compartidos/Imágenes%20para%20el%20Modelo%20de%20Datos/14-%20LOS%20RIOS/14-4.jpg</SimpleData>
		<SimpleData name="MXLOCATION">14202-04</SimpleData>
		<SimpleData name="MXSITEID">DOP</SimpleData>
		<SimpleData name="COD_REG">0</SimpleData>
	</SchemaData></ExtendedData>
      <Point><coordinates>-71.996719641,-40.275067279</coordinates></Point>
  </Placemark>
  <Placemark id="infraestructura_portuaria.373">
	<ExtendedData><SchemaData schemaUrl="#infraestructura_portuaria">
		<SimpleData name="OBJECTID_1">373</SimpleData>
		<SimpleData name="OBJECTID">2646</SimpleData>
		<SimpleData name="CODOBRA">14-22</SimpleData>
		<SimpleData name="TIPOOBRA">10</SimpleData>
		<SimpleData name="DESCOBRA">RAMPA CARBONEROS</SimpleData>
		<SimpleData name="CODCOMUNA">VALDIVIA</SimpleData>
		<SimpleData name="LONMUROS">0</SimpleData>
		<SimpleData name="LONESCOLLE">88</SimpleData>
		<SimpleData name="LONMUELLE">0</SimpleData>
		<SimpleData name="LONRAMPCO">247</SimpleData>
		<SimpleData name="LONRAMPA">0</SimpleData>
		<SimpleData name="LONRAMPAVA">0</SimpleData>
		<SimpleData name="LONPONTON">0</SimpleData>
		<SimpleData name="LONCAMIAC">0</SimpleData>
		<SimpleData name="AREAEXPLAN">728</SimpleData>
		<SimpleData name="BOXUNI">0</SimpleData>
		<SimpleData name="BANO_UNI">0</SimpleData>
		<SimpleData name="TIPOGEOM">1</SimpleData>
		<SimpleData name="GLOBALID">{60EEB636-BC89-48A3-B349-B8C79BB17B4E}</SimpleData>
		<SimpleData name="SALAREUNI">0</SimpleData>
		<SimpleData name="PLAYAARTIF">0</SimpleData>
		<SimpleData name="PASEOCOSTE">0</SimpleData>
		<SimpleData name="ESTADOGRAL">BUENO</SimpleData>
		<SimpleData name="GRUAOPESC">0</SimpleData>
		<SimpleData name="LONSALAADM">0</SimpleData>
		<SimpleData name="LONSALVENT">0</SimpleData>
		<SimpleData name="SALAPROC">0</SimpleData>
		<SimpleData name="AREABODEGA">0</SimpleData>
		<SimpleData name="AREACAFRI">0</SimpleData>
		<SimpleData name="AREAREFUG">1</SimpleData>
		<SimpleData name="AREAGALPON">0</SimpleData>
		<SimpleData name="PROGRAMA">CONEXIÓN</SimpleData>
		<SimpleData name="IMAGEN">http://colabora.mop.gov.cl/sites/dop/dptopl/dp/Documentos%20compartidos/Imágenes%20para%20el%20Modelo%20de%20Datos/14-%20LOS%20RIOS/14-22.jpg</SimpleData>
		<SimpleData name="MXLOCATION">14102-14</SimpleData>
		<SimpleData name="MXSITEID">DOP</SimpleData>
		<SimpleData name="COD_REG">0</SimpleData>
	</SchemaData></ExtendedData>
      <Point><coordinates>-73.3686274409999,-39.873235472</coordinates></Point>
  </Placemark>
  <Placemark id="infraestructura_portuaria.374">
	<ExtendedData><SchemaData schemaUrl="#infraestructura_portuaria">
		<SimpleData name="OBJECTID_1">374</SimpleData>
		<SimpleData name="OBJECTID">2647</SimpleData>
		<SimpleData name="CODOBRA">14-2</SimpleData>
		<SimpleData name="TIPOOBRA">10</SimpleData>
		<SimpleData name="DESCOBRA">RAMPA Y REFUGIO RUPUMEICA</SimpleData>
		<SimpleData name="CODCOMUNA">LAGO RANCO</SimpleData>
		<SimpleData name="LONMUROS">103</SimpleData>
		<SimpleData name="LONESCOLLE">83</SimpleData>
		<SimpleData name="LONMUELLE">0</SimpleData>
		<SimpleData name="LONRAMPCO">248</SimpleData>
		<SimpleData name="LONRAMPA">0</SimpleData>
		<SimpleData name="LONRAMPAVA">0</SimpleData>
		<SimpleData name="LONPONTON">0</SimpleData>
		<SimpleData name="LONCAMIAC">0</SimpleData>
		<SimpleData name="AREAEXPLAN">0</SimpleData>
		<SimpleData name="BOXUNI">0</SimpleData>
		<SimpleData name="BANO_UNI">0</SimpleData>
		<SimpleData name="TIPOGEOM">1</SimpleData>
		<SimpleData name="GLOBALID">{668F7C0F-CD3C-40FC-B344-94E2AA0F6C0C}</SimpleData>
		<SimpleData name="SALAREUNI">0</SimpleData>
		<SimpleData name="PLAYAARTIF">0</SimpleData>
		<SimpleData name="PASEOCOSTE">0</SimpleData>
		<SimpleData name="ESTADOGRAL">MUY BUENO</SimpleData>
		<SimpleData name="GRUAOPESC">0</SimpleData>
		<SimpleData name="LONSALAADM">1</SimpleData>
		<SimpleData name="LONSALVENT">0</SimpleData>
		<SimpleData name="SALAPROC">0</SimpleData>
		<SimpleData name="AREABODEGA">0</SimpleData>
		<SimpleData name="AREACAFRI">0</SimpleData>
		<SimpleData name="AREAREFUG">1</SimpleData>
		<SimpleData name="AREAGALPON">0</SimpleData>
		<SimpleData name="PROGRAMA">CONEXIÓN</SimpleData>
		<SimpleData name="IMAGEN">http://colabora.mop.gov.cl/sites/dop/dptopl/dp/Documentos%20compartidos/Imágenes%20para%20el%20Modelo%20de%20Datos/14-%20LOS%20RIOS/14-2.jpg</SimpleData>
		<SimpleData name="MXLOCATION">14203-03</SimpleData>
		<SimpleData name="MXSITEID">DOP</SimpleData>
		<SimpleData name="COD_REG">0</SimpleData>
	</SchemaData></ExtendedData>
      <Point><coordinates>-71.992060768,-40.316812452</coordinates></Point>
  </Placemark>
  <Placemark id="infraestructura_portuaria.375">
	<ExtendedData><SchemaData schemaUrl="#infraestructura_portuaria">
		<SimpleData name="OBJECTID_1">375</SimpleData>
		<SimpleData name="OBJECTID">2648</SimpleData>
		<SimpleData name="CODOBRA">12-18</SimpleData>
		<SimpleData name="TIPOOBRA">10</SimpleData>
		<SimpleData name="DESCOBRA">RAMPA Y TERMINAL PASAJEROS PUERTO NATALES</SimpleData>
		<SimpleData name="CODCOMUNA">ÚLTIMA ESPERANZA</SimpleData>
		<SimpleData name="LONMUROS">135</SimpleData>
		<SimpleData name="LONESCOLLE">0</SimpleData>
		<SimpleData name="LONMUELLE">50</SimpleData>
		<SimpleData name="LONRAMPCO">0</SimpleData>
		<SimpleData name="LONRAMPA">0</SimpleData>
		<SimpleData name="LONRAMPAVA">0</SimpleData>
		<SimpleData name="LONPONTON">0</SimpleData>
		<SimpleData name="LONCAMIAC">0</SimpleData>
		<SimpleData name="AREAEXPLAN">800</SimpleData>
		<SimpleData name="BOXUNI">0</SimpleData>
		<SimpleData name="BANO_UNI">2</SimpleData>
		<SimpleData name="TIPOGEOM">1</SimpleData>
		<SimpleData name="GLOBALID">{4D4EFE80-D921-4FB6-919A-DE92C16E1430}</SimpleData>
		<SimpleData name="SALAREUNI">0</SimpleData>
		<SimpleData name="PLAYAARTIF">0</SimpleData>
		<SimpleData name="PASEOCOSTE">80</SimpleData>
		<SimpleData name="ESTADOGRAL">MUY BUENO</SimpleData>
		<SimpleData name="GRUAOPESC">0</SimpleData>
		<SimpleData name="LONSALAADM">1</SimpleData>
		<SimpleData name="LONSALVENT">0</SimpleData>
		<SimpleData name="SALAPROC">0</SimpleData>
		<SimpleData name="AREABODEGA">0</SimpleData>
		<SimpleData name="AREACAFRI">0</SimpleData>
		<SimpleData name="AREAREFUG">1</SimpleData>
		<SimpleData name="AREAGALPON">0</SimpleData>
		<SimpleData name="PROGRAMA">CONEXIÓN</SimpleData>
		<SimpleData name="IMAGEN">http://colabora.mop.gov.cl/sites/dop/dptopl/dp/Documentos%20compartidos/Imágenes%20para%20el%20Modelo%20de%20Datos/12-%20MAGALLANES/12-18.jpg</SimpleData>
		<SimpleData name="MXSITEID">DOP</SimpleData>
		<SimpleData name="COD_REG">0</SimpleData>
	</SchemaData></ExtendedData>
      <Point><coordinates>-72.513604761,-51.7318568329999</coordinates></Point>
  </Placemark>
  <Placemark id="infraestructura_portuaria.376">
	<ExtendedData><SchemaData schemaUrl="#infraestructura_portuaria">
		<SimpleData name="OBJECTID_1">376</SimpleData>
		<SimpleData name="OBJECTID">2649</SimpleData>
		<SimpleData name="CODOBRA">12-13</SimpleData>
		<SimpleData name="TIPOOBRA">10</SimpleData>
		<SimpleData name="DESCOBRA">RAMPA RIO VERDE</SimpleData>
		<SimpleData name="CODCOMUNA">MAGALLANES</SimpleData>
		<SimpleData name="LONMUROS">0</SimpleData>
		<SimpleData name="LONESCOLLE">0</SimpleData>
		<SimpleData name="LONMUELLE">0</SimpleData>
		<SimpleData name="LONRAMPCO">12</SimpleData>
		<SimpleData name="LONRAMPA">12</SimpleData>
		<SimpleData name="LONRAMPAVA">0</SimpleData>
		<SimpleData name="LONPONTON">0</SimpleData>
		<SimpleData name="LONCAMIAC">0</SimpleData>
		<SimpleData name="AREAEXPLAN">0</SimpleData>
		<SimpleData name="BOXUNI">0</SimpleData>
		<SimpleData name="BANO_UNI">0</SimpleData>
		<SimpleData name="TIPOGEOM">1</SimpleData>
		<SimpleData name="GLOBALID">{DDC0A2A6-4BCD-48DD-B97F-BA2B2888D678}</SimpleData>
		<SimpleData name="SALAREUNI">0</SimpleData>
		<SimpleData name="PLAYAARTIF">0</SimpleData>
		<SimpleData name="PASEOCOSTE">0</SimpleData>
		<SimpleData name="ESTADOGRAL">REGULAR</SimpleData>
		<SimpleData name="GRUAOPESC">0</SimpleData>
		<SimpleData name="LONSALAADM">0</SimpleData>
		<SimpleData name="LONSALVENT">0</SimpleData>
		<SimpleData name="SALAPROC">0</SimpleData>
		<SimpleData name="AREABODEGA">0</SimpleData>
		<SimpleData name="AREACAFRI">0</SimpleData>
		<SimpleData name="AREAREFUG">0</SimpleData>
		<SimpleData name="AREAGALPON">0</SimpleData>
		<SimpleData name="PROGRAMA">CONEXIÓN</SimpleData>
		<SimpleData name="IMAGEN">http://colabora.mop.gov.cl/sites/dop/dptopl/dp/Documentos%20compartidos/Imágenes%20para%20el%20Modelo%20de%20Datos/12-%20MAGALLANES/12-13.jpg</SimpleData>
		<SimpleData name="MXLOCATION">12103-13</SimpleData>
		<SimpleData name="MXSITEID">DOP</SimpleData>
		<SimpleData name="COD_REG">0</SimpleData>
	</SchemaData></ExtendedData>
      <Point><coordinates>-71.4640507409999,-52.651436228</coordinates></Point>
  </Placemark>
  <Placemark id="infraestructura_portuaria.377">
	<ExtendedData><SchemaData schemaUrl="#infraestructura_portuaria">
		<SimpleData name="OBJECTID_1">377</SimpleData>
		<SimpleData name="OBJECTID">2650</SimpleData>
		<SimpleData name="CODOBRA">12-12</SimpleData>
		<SimpleData name="TIPOOBRA">10</SimpleData>
		<SimpleData name="DESCOBRA">RAMPA ISLA RIESCO</SimpleData>
		<SimpleData name="CODCOMUNA">MAGALLANES</SimpleData>
		<SimpleData name="LONMUROS">0</SimpleData>
		<SimpleData name="LONESCOLLE">0</SimpleData>
		<SimpleData name="LONMUELLE">0</SimpleData>
		<SimpleData name="LONRAMPCO">13</SimpleData>
		<SimpleData name="LONRAMPA">13</SimpleData>
		<SimpleData name="LONRAMPAVA">0</SimpleData>
		<SimpleData name="LONPONTON">0</SimpleData>
		<SimpleData name="LONCAMIAC">0</SimpleData>
		<SimpleData name="AREAEXPLAN">0</SimpleData>
		<SimpleData name="BOXUNI">0</SimpleData>
		<SimpleData name="BANO_UNI">0</SimpleData>
		<SimpleData name="TIPOGEOM">1</SimpleData>
		<SimpleData name="GLOBALID">{60DD018D-2642-448E-8411-B3D95EF4F67C}</SimpleData>
		<SimpleData name="SALAREUNI">0</SimpleData>
		<SimpleData name="PLAYAARTIF">0</SimpleData>
		<SimpleData name="PASEOCOSTE">0</SimpleData>
		<SimpleData name="ESTADOGRAL">REGULAR</SimpleData>
		<SimpleData name="GRUAOPESC">0</SimpleData>
		<SimpleData name="LONSALAADM">0</SimpleData>
		<SimpleData name="LONSALVENT">0</SimpleData>
		<SimpleData name="SALAPROC">0</SimpleData>
		<SimpleData name="AREABODEGA">0</SimpleData>
		<SimpleData name="AREACAFRI">0</SimpleData>
		<SimpleData name="AREAREFUG">0</SimpleData>
		<SimpleData name="AREAGALPON">0</SimpleData>
		<SimpleData name="PROGRAMA">CONEXIÓN</SimpleData>
		<SimpleData name="IMAGEN">http://colabora.mop.gov.cl/sites/dop/dptopl/dp/Documentos%20compartidos/Imágenes%20para%20el%20Modelo%20de%20Datos/12-%20MAGALLANES/12-12.jpg</SimpleData>
		<SimpleData name="MXLOCATION">12103-12</SimpleData>
		<SimpleData name="MXSITEID">DOP</SimpleData>
		<SimpleData name="COD_REG">0</SimpleData>
	</SchemaData></ExtendedData>
      <Point><coordinates>-71.469651719,-52.6545728309999</coordinates></Point>
  </Placemark>
  <Placemark id="infraestructura_portuaria.378">
	<ExtendedData><SchemaData schemaUrl="#infraestructura_portuaria">
		<SimpleData name="OBJECTID_1">378</SimpleData>
		<SimpleData name="OBJECTID">2651</SimpleData>
		<SimpleData name="CODOBRA">12-04</SimpleData>
		<SimpleData name="TIPOOBRA">10</SimpleData>
		<SimpleData name="DESCOBRA">RAMPA TERMINAL DE PASAJEROS BAHIA CATALINA</SimpleData>
		<SimpleData name="CODCOMUNA">MAGALLANES</SimpleData>
		<SimpleData name="LONMUROS">34</SimpleData>
		<SimpleData name="LONESCOLLE">0</SimpleData>
		<SimpleData name="LONMUELLE">46</SimpleData>
		<SimpleData name="LONRAMPCO">46</SimpleData>
		<SimpleData name="LONRAMPA">0</SimpleData>
		<SimpleData name="LONRAMPAVA">0</SimpleData>
		<SimpleData name="LONPONTON">0</SimpleData>
		<SimpleData name="LONCAMIAC">0</SimpleData>
		<SimpleData name="AREAEXPLAN">190</SimpleData>
		<SimpleData name="BOXUNI">0</SimpleData>
		<SimpleData name="BANO_UNI">0</SimpleData>
		<SimpleData name="TIPOGEOM">1</SimpleData>
		<SimpleData name="GLOBALID">{298527BE-F85E-4FEA-AF28-AAE63134076F}</SimpleData>
		<SimpleData name="SALAREUNI">0</SimpleData>
		<SimpleData name="PLAYAARTIF">0</SimpleData>
		<SimpleData name="PASEOCOSTE">0</SimpleData>
		<SimpleData name="ESTADOGRAL">MUY BUENO</SimpleData>
		<SimpleData name="GRUAOPESC">0</SimpleData>
		<SimpleData name="LONSALAADM">1</SimpleData>
		<SimpleData name="LONSALVENT">0</SimpleData>
		<SimpleData name="SALAPROC">0</SimpleData>
		<SimpleData name="AREABODEGA">0</SimpleData>
		<SimpleData name="AREACAFRI">0</SimpleData>
		<SimpleData name="AREAREFUG">0</SimpleData>
		<SimpleData name="AREAGALPON">0</SimpleData>
		<SimpleData name="PROGRAMA">CONEXIÓN</SimpleData>
		<SimpleData name="IMAGEN">http://colabora.mop.gov.cl/sites/dop/dptopl/dp/Documentos%20compartidos/Imágenes%20para%20el%20Modelo%20de%20Datos/12-%20MAGALLANES/12-04.jpg</SimpleData>
		<SimpleData name="MXLOCATION">12101-04</SimpleData>
		<SimpleData name="MXSITEID">DOP</SimpleData>
		<SimpleData name="COD_REG">0</SimpleData>
	</SchemaData></ExtendedData>
      <Point><coordinates>-70.867080527,-53.121197899</coordinates></Point>
  </Placemark>
  <Placemark id="infraestructura_portuaria.379">
	<ExtendedData><SchemaData schemaUrl="#infraestructura_portuaria">
		<SimpleData name="OBJECTID_1">379</SimpleData>
		<SimpleData name="OBJECTID">2660</SimpleData>
		<SimpleData name="CODOBRA">10-033</SimpleData>
		<SimpleData name="TIPOOBRA">10</SimpleData>
		<SimpleData name="DESCOBRA">RAMPA ISLA TABON - SECTOR MAYELHUE</SimpleData>
		<SimpleData name="CODCOMUNA">CALBUCO</SimpleData>
		<SimpleData name="LONMUROS">65</SimpleData>
		<SimpleData name="LONESCOLLE">0</SimpleData>
		<SimpleData name="LONMUELLE">0</SimpleData>
		<SimpleData name="LONRAMPCO">0</SimpleData>
		<SimpleData name="LONRAMPA">0</SimpleData>
		<SimpleData name="LONRAMPAVA">0</SimpleData>
		<SimpleData name="LONPONTON">0</SimpleData>
		<SimpleData name="LONCAMIAC">0</SimpleData>
		<SimpleData name="AREAEXPLAN">0</SimpleData>
		<SimpleData name="BOXUNI">0</SimpleData>
		<SimpleData name="BANO_UNI">0</SimpleData>
		<SimpleData name="TIPOGEOM">1</SimpleData>
		<SimpleData name="GLOBALID">{D1BD9C11-353F-41D9-B4F4-6BC57E1686D8}</SimpleData>
		<SimpleData name="SALAREUNI">0</SimpleData>
		<SimpleData name="PLAYAARTIF">0</SimpleData>
		<SimpleData name="PASEOCOSTE">0</SimpleData>
		<SimpleData name="ESTADOGRAL">MUY MALO</SimpleData>
		<SimpleData name="GRUAOPESC">0</SimpleData>
		<SimpleData name="LONSALAADM">0</SimpleData>
		<SimpleData name="LONSALVENT">0</SimpleData>
		<SimpleData name="SALAPROC">0</SimpleData>
		<SimpleData name="AREABODEGA">0</SimpleData>
		<SimpleData name="AREACAFRI">0</SimpleData>
		<SimpleData name="AREAREFUG">0</SimpleData>
		<SimpleData name="AREAGALPON">0</SimpleData>
		<SimpleData name="PROGRAMA">CONEXIÓN</SimpleData>
		<SimpleData name="IMAGEN">http://colabora.mop.gov.cl/sites/dop/dptopl/dp/Documentos%20compartidos/Imágenes%20para%20el%20Modelo%20de%20Datos/10-%20LOS%20LAGOS/10-033.jpg</SimpleData>
		<SimpleData name="MXLOCATION">10102-82</SimpleData>
		<SimpleData name="MXSITEID">DOP</SimpleData>
		<SimpleData name="COD_REG">0</SimpleData>
	</SchemaData></ExtendedData>
      <Point><coordinates>-73.155210758,-41.879526019</coordinates></Point>
  </Placemark>
  <Placemark id="infraestructura_portuaria.380">
	<ExtendedData><SchemaData schemaUrl="#infraestructura_portuaria">
		<SimpleData name="OBJECTID_1">380</SimpleData>
		<SimpleData name="OBJECTID">2661</SimpleData>
		<SimpleData name="CODOBRA">10-032</SimpleData>
		<SimpleData name="TIPOOBRA">10</SimpleData>
		<SimpleData name="DESCOBRA">RAMPA ISLA TABON - SECTOR ESTERO</SimpleData>
		<SimpleData name="CODCOMUNA">CALBUCO</SimpleData>
		<SimpleData name="LONMUROS">12</SimpleData>
		<SimpleData name="LONESCOLLE">37</SimpleData>
		<SimpleData name="LONMUELLE">0</SimpleData>
		<SimpleData name="LONRAMPCO">0</SimpleData>
		<SimpleData name="LONRAMPA">0</SimpleData>
		<SimpleData name="LONRAMPAVA">0</SimpleData>
		<SimpleData name="LONPONTON">0</SimpleData>
		<SimpleData name="LONCAMIAC">0</SimpleData>
		<SimpleData name="AREAEXPLAN">0</SimpleData>
		<SimpleData name="BOXUNI">0</SimpleData>
		<SimpleData name="BANO_UNI">0</SimpleData>
		<SimpleData name="TIPOGEOM">1</SimpleData>
		<SimpleData name="GLOBALID">{6B028822-DB12-424E-BD0A-7DBBF09F3467}</SimpleData>
		<SimpleData name="SALAREUNI">0</SimpleData>
		<SimpleData name="PLAYAARTIF">0</SimpleData>
		<SimpleData name="PASEOCOSTE">0</SimpleData>
		<SimpleData name="ESTADOGRAL">BUENO</SimpleData>
		<SimpleData name="GRUAOPESC">0</SimpleData>
		<SimpleData name="LONSALAADM">0</SimpleData>
		<SimpleData name="LONSALVENT">0</SimpleData>
		<SimpleData name="SALAPROC">0</SimpleData>
		<SimpleData name="AREABODEGA">0</SimpleData>
		<SimpleData name="AREACAFRI">0</SimpleData>
		<SimpleData name="AREAREFUG">0</SimpleData>
		<SimpleData name="AREAGALPON">0</SimpleData>
		<SimpleData name="PROGRAMA">CONEXIÓN</SimpleData>
		<SimpleData name="IMAGEN">http://colabora.mop.gov.cl/sites/dop/dptopl/dp/Documentos%20compartidos/Imágenes%20para%20el%20Modelo%20de%20Datos/10-%20LOS%20LAGOS/10-032.jpg</SimpleData>
		<SimpleData name="MXLOCATION">10102-81</SimpleData>
		<SimpleData name="MXSITEID">DOP</SimpleData>
		<SimpleData name="COD_REG">0</SimpleData>
	</SchemaData></ExtendedData>
      <Point><coordinates>-73.105457784,-41.9029730139999</coordinates></Point>
  </Placemark>
  <Placemark id="infraestructura_portuaria.381">
	<ExtendedData><SchemaData schemaUrl="#infraestructura_portuaria">
		<SimpleData name="OBJECTID_1">381</SimpleData>
		<SimpleData name="OBJECTID">2662</SimpleData>
		<SimpleData name="CODOBRA">10-031</SimpleData>
		<SimpleData name="TIPOOBRA">10</SimpleData>
		<SimpleData name="DESCOBRA">RAMPA ISLA SAN AGUSTIN</SimpleData>
		<SimpleData name="CODCOMUNA">CALBUCO</SimpleData>
		<SimpleData name="LONMUROS">180</SimpleData>
		<SimpleData name="LONESCOLLE">0</SimpleData>
		<SimpleData name="LONMUELLE">0</SimpleData>
		<SimpleData name="LONRAMPCO">0</SimpleData>
		<SimpleData name="LONRAMPA">0</SimpleData>
		<SimpleData name="LONRAMPAVA">0</SimpleData>
		<SimpleData name="LONPONTON">0</SimpleData>
		<SimpleData name="LONCAMIAC">0</SimpleData>
		<SimpleData name="AREAEXPLAN">0</SimpleData>
		<SimpleData name="BOXUNI">0</SimpleData>
		<SimpleData name="BANO_UNI">0</SimpleData>
		<SimpleData name="TIPOGEOM">1</SimpleData>
		<SimpleData name="GLOBALID">{EFDDFEE3-EA36-4FD2-AA8E-2F8C925115C8}</SimpleData>
		<SimpleData name="SALAREUNI">0</SimpleData>
		<SimpleData name="PLAYAARTIF">0</SimpleData>
		<SimpleData name="PASEOCOSTE">0</SimpleData>
		<SimpleData name="ESTADOGRAL">BUENO</SimpleData>
		<SimpleData name="GRUAOPESC">0</SimpleData>
		<SimpleData name="LONSALAADM">0</SimpleData>
		<SimpleData name="LONSALVENT">0</SimpleData>
		<SimpleData name="SALAPROC">0</SimpleData>
		<SimpleData name="AREABODEGA">0</SimpleData>
		<SimpleData name="AREACAFRI">0</SimpleData>
		<SimpleData name="AREAREFUG">0</SimpleData>
		<SimpleData name="AREAGALPON">0</SimpleData>
		<SimpleData name="PROGRAMA">CONEXIÓN</SimpleData>
		<SimpleData name="IMAGEN">http://colabora.mop.gov.cl/sites/dop/dptopl/dp/Documentos%20compartidos/Imágenes%20para%20el%20Modelo%20de%20Datos/10-%20LOS%20LAGOS/10-031.jpg</SimpleData>
		<SimpleData name="MXLOCATION">10102-80</SimpleData>
		<SimpleData name="MXSITEID">DOP</SimpleData>
		<SimpleData name="COD_REG">0</SimpleData>
	</SchemaData></ExtendedData>
      <Point><coordinates>-73.057649171,-41.7195879229999</coordinates></Point>
  </Placemark>
  <Placemark id="infraestructura_portuaria.382">
	<ExtendedData><SchemaData schemaUrl="#infraestructura_portuaria">
		<SimpleData name="OBJECTID_1">382</SimpleData>
		<SimpleData name="OBJECTID">2663</SimpleData>
		<SimpleData name="CODOBRA">10-030</SimpleData>
		<SimpleData name="TIPOOBRA">10</SimpleData>
		<SimpleData name="DESCOBRA">RAMPA ISLA QUENU</SimpleData>
		<SimpleData name="CODCOMUNA">CALBUCO</SimpleData>
		<SimpleData name="LONMUROS">10</SimpleData>
		<SimpleData name="LONESCOLLE">35</SimpleData>
		<SimpleData name="LONMUELLE">0</SimpleData>
		<SimpleData name="LONRAMPCO">0</SimpleData>
		<SimpleData name="LONRAMPA">0</SimpleData>
		<SimpleData name="LONRAMPAVA">0</SimpleData>
		<SimpleData name="LONPONTON">0</SimpleData>
		<SimpleData name="LONCAMIAC">0</SimpleData>
		<SimpleData name="AREAEXPLAN">0</SimpleData>
		<SimpleData name="BOXUNI">0</SimpleData>
		<SimpleData name="BANO_UNI">0</SimpleData>
		<SimpleData name="TIPOGEOM">1</SimpleData>
		<SimpleData name="GLOBALID">{BBEBCB1B-F256-450E-8C74-3FF589081AB3}</SimpleData>
		<SimpleData name="SALAREUNI">0</SimpleData>
		<SimpleData name="PLAYAARTIF">0</SimpleData>
		<SimpleData name="PASEOCOSTE">0</SimpleData>
		<SimpleData name="ESTADOGRAL">BUENO</SimpleData>
		<SimpleData name="GRUAOPESC">0</SimpleData>
		<SimpleData name="LONSALAADM">0</SimpleData>
		<SimpleData name="LONSALVENT">0</SimpleData>
		<SimpleData name="SALAPROC">0</SimpleData>
		<SimpleData name="AREABODEGA">0</SimpleData>
		<SimpleData name="AREACAFRI">0</SimpleData>
		<SimpleData name="AREAREFUG">0</SimpleData>
		<SimpleData name="AREAGALPON">0</SimpleData>
		<SimpleData name="PROGRAMA">CONEXIÓN</SimpleData>
		<SimpleData name="IMAGEN">http://colabora.mop.gov.cl/sites/dop/dptopl/dp/Documentos%20compartidos/Imágenes%20para%20el%20Modelo%20de%20Datos/10-%20LOS%20LAGOS/10-030.jpg</SimpleData>
		<SimpleData name="MXLOCATION">10102-79</SimpleData>
		<SimpleData name="MXSITEID">DOP</SimpleData>
		<SimpleData name="COD_REG">0</SimpleData>
	</SchemaData></ExtendedData>
      <Point><coordinates>-73.1430713729999,-41.8351826909999</coordinates></Point>
  </Placemark>
  <Placemark id="infraestructura_portuaria.383">
	<ExtendedData><SchemaData schemaUrl="#infraestructura_portuaria">
		<SimpleData name="OBJECTID_1">383</SimpleData>
		<SimpleData name="OBJECTID">2664</SimpleData>
		<SimpleData name="CODOBRA">10-025</SimpleData>
		<SimpleData name="TIPOOBRA">10</SimpleData>
		<SimpleData name="DESCOBRA">RAMPA ISLA HUAR - SECTOR ALFARO</SimpleData>
		<SimpleData name="CODCOMUNA">CALBUCO</SimpleData>
		<SimpleData name="LONMUROS">16</SimpleData>
		<SimpleData name="LONESCOLLE">0</SimpleData>
		<SimpleData name="LONMUELLE">0</SimpleData>
		<SimpleData name="LONRAMPCO">0</SimpleData>
		<SimpleData name="LONRAMPA">0</SimpleData>
		<SimpleData name="LONRAMPAVA">0</SimpleData>
		<SimpleData name="LONPONTON">0</SimpleData>
		<SimpleData name="LONCAMIAC">0</SimpleData>
		<SimpleData name="AREAEXPLAN">0</SimpleData>
		<SimpleData name="BOXUNI">5</SimpleData>
		<SimpleData name="BANO_UNI">0</SimpleData>
		<SimpleData name="TIPOGEOM">1</SimpleData>
		<SimpleData name="GLOBALID">{C7189524-5735-4847-B979-CED432929FBC}</SimpleData>
		<SimpleData name="SALAREUNI">0</SimpleData>
		<SimpleData name="PLAYAARTIF">0</SimpleData>
		<SimpleData name="PASEOCOSTE">0</SimpleData>
		<SimpleData name="ESTADOGRAL">BUENO</SimpleData>
		<SimpleData name="GRUAOPESC">0</SimpleData>
		<SimpleData name="LONSALAADM">0</SimpleData>
		<SimpleData name="LONSALVENT">0</SimpleData>
		<SimpleData name="SALAPROC">0</SimpleData>
		<SimpleData name="AREABODEGA">0</SimpleData>
		<SimpleData name="AREACAFRI">0</SimpleData>
		<SimpleData name="AREAREFUG">1</SimpleData>
		<SimpleData name="AREAGALPON">0</SimpleData>
		<SimpleData name="PROGRAMA">CONEXIÓN</SimpleData>
		<SimpleData name="IMAGEN">http://colabora.mop.gov.cl/sites/dop/dptopl/dp/Documentos%20compartidos/Imágenes%20para%20el%20Modelo%20de%20Datos/10-%20LOS%20LAGOS/10-025.jpg</SimpleData>
		<SimpleData name="MXLOCATION">10102-74</SimpleData>
		<SimpleData name="MXSITEID">DOP</SimpleData>
		<SimpleData name="COD_REG">0</SimpleData>
	</SchemaData></ExtendedData>
      <Point><coordinates>-72.990207809,-41.671420167</coordinates></Point>
  </Placemark>
  <Placemark id="infraestructura_portuaria.384">
	<ExtendedData><SchemaData schemaUrl="#infraestructura_portuaria">
		<SimpleData name="OBJECTID_1">384</SimpleData>
		<SimpleData name="OBJECTID">2665</SimpleData>
		<SimpleData name="CODOBRA">10-022</SimpleData>
		<SimpleData name="TIPOOBRA">10</SimpleData>
		<SimpleData name="DESCOBRA">RAMPA ROLLIZO</SimpleData>
		<SimpleData name="CODCOMUNA">PUERTO VARAS</SimpleData>
		<SimpleData name="LONMUROS">77</SimpleData>
		<SimpleData name="LONESCOLLE">0</SimpleData>
		<SimpleData name="LONMUELLE">0</SimpleData>
		<SimpleData name="LONRAMPCO">0</SimpleData>
		<SimpleData name="LONRAMPA">35</SimpleData>
		<SimpleData name="LONRAMPAVA">0</SimpleData>
		<SimpleData name="LONPONTON">0</SimpleData>
		<SimpleData name="LONCAMIAC">0</SimpleData>
		<SimpleData name="AREAEXPLAN">0</SimpleData>
		<SimpleData name="BOXUNI">0</SimpleData>
		<SimpleData name="BANO_UNI">0</SimpleData>
		<SimpleData name="TIPOGEOM">1</SimpleData>
		<SimpleData name="GLOBALID">{924A0C0D-F750-43F4-BEA5-00A2EA121AE3}</SimpleData>
		<SimpleData name="SALAREUNI">0</SimpleData>
		<SimpleData name="PLAYAARTIF">0</SimpleData>
		<SimpleData name="PASEOCOSTE">0</SimpleData>
		<SimpleData name="ESTADOGRAL">BUENO</SimpleData>
		<SimpleData name="GRUAOPESC">0</SimpleData>
		<SimpleData name="LONSALAADM">0</SimpleData>
		<SimpleData name="LONSALVENT">0</SimpleData>
		<SimpleData name="SALAPROC">0</SimpleData>
		<SimpleData name="AREABODEGA">0</SimpleData>
		<SimpleData name="AREACAFRI">0</SimpleData>
		<SimpleData name="AREAREFUG">0</SimpleData>
		<SimpleData name="AREAGALPON">0</SimpleData>
		<SimpleData name="PROGRAMA">CONEXIÓN</SimpleData>
		<SimpleData name="IMAGEN">http://colabora.mop.gov.cl/sites/dop/dptopl/dp/Documentos%20compartidos/Imágenes%20para%20el%20Modelo%20de%20Datos/10-%20LOS%20LAGOS/10-022.jpg</SimpleData>
		<SimpleData name="MXLOCATION">10109-115</SimpleData>
		<SimpleData name="MXSITEID">DOP</SimpleData>
		<SimpleData name="COD_REG">0</SimpleData>
	</SchemaData></ExtendedData>
      <Point><coordinates>-72.3230976409999,-41.450057033</coordinates></Point>
  </Placemark>
  <Placemark id="infraestructura_portuaria.385">
	<ExtendedData><SchemaData schemaUrl="#infraestructura_portuaria">
		<SimpleData name="OBJECTID_1">385</SimpleData>
		<SimpleData name="OBJECTID">2666</SimpleData>
		<SimpleData name="CODOBRA">10-020</SimpleData>
		<SimpleData name="TIPOOBRA">10</SimpleData>
		<SimpleData name="DESCOBRA">RAMPA PUERTO CHICO</SimpleData>
		<SimpleData name="CODCOMUNA">PUERTO VARAS</SimpleData>
		<SimpleData name="LONMUROS">89</SimpleData>
		<SimpleData name="LONESCOLLE">0</SimpleData>
		<SimpleData name="LONMUELLE">0</SimpleData>
		<SimpleData name="LONRAMPCO">0</SimpleData>
		<SimpleData name="LONRAMPA">35</SimpleData>
		<SimpleData name="LONRAMPAVA">0</SimpleData>
		<SimpleData name="LONPONTON">0</SimpleData>
		<SimpleData name="LONCAMIAC">0</SimpleData>
		<SimpleData name="AREAEXPLAN">170</SimpleData>
		<SimpleData name="BOXUNI">0</SimpleData>
		<SimpleData name="BANO_UNI">0</SimpleData>
		<SimpleData name="TIPOGEOM">1</SimpleData>
		<SimpleData name="GLOBALID">{14B233DD-4579-416B-B40B-DB0EA5336DFD}</SimpleData>
		<SimpleData name="SALAREUNI">0</SimpleData>
		<SimpleData name="PLAYAARTIF">0</SimpleData>
		<SimpleData name="PASEOCOSTE">0</SimpleData>
		<SimpleData name="ESTADOGRAL">BUENO</SimpleData>
		<SimpleData name="GRUAOPESC">0</SimpleData>
		<SimpleData name="LONSALAADM">0</SimpleData>
		<SimpleData name="LONSALVENT">0</SimpleData>
		<SimpleData name="SALAPROC">0</SimpleData>
		<SimpleData name="AREABODEGA">0</SimpleData>
		<SimpleData name="AREACAFRI">0</SimpleData>
		<SimpleData name="AREAREFUG">0</SimpleData>
		<SimpleData name="AREAGALPON">0</SimpleData>
		<SimpleData name="PROGRAMA">CONEXIÓN</SimpleData>
		<SimpleData name="IMAGEN">http://colabora.mop.gov.cl/sites/dop/dptopl/dp/Documentos%20compartidos/Imágenes%20para%20el%20Modelo%20de%20Datos/10-%20LOS%20LAGOS/10-020.jpg</SimpleData>
		<SimpleData name="MXLOCATION">10109-113</SimpleData>
		<SimpleData name="MXSITEID">DOP</SimpleData>
		<SimpleData name="COD_REG">0</SimpleData>
	</SchemaData></ExtendedData>
      <Point><coordinates>-72.960448458,-41.327951534</coordinates></Point>
  </Placemark>
  <Placemark id="infraestructura_portuaria.386">
	<ExtendedData><SchemaData schemaUrl="#infraestructura_portuaria">
		<SimpleData name="OBJECTID_1">386</SimpleData>
		<SimpleData name="OBJECTID">2667</SimpleData>
		<SimpleData name="CODOBRA">10-017</SimpleData>
		<SimpleData name="TIPOOBRA">10</SimpleData>
		<SimpleData name="DESCOBRA">RAMPA PUNTILLA DE TENGLO</SimpleData>
		<SimpleData name="CODCOMUNA">PUERTO MONTT</SimpleData>
		<SimpleData name="LONMUROS">0</SimpleData>
		<SimpleData name="LONESCOLLE">0</SimpleData>
		<SimpleData name="LONMUELLE">0</SimpleData>
		<SimpleData name="LONRAMPCO">0</SimpleData>
		<SimpleData name="LONRAMPA">60</SimpleData>
		<SimpleData name="LONRAMPAVA">0</SimpleData>
		<SimpleData name="LONPONTON">0</SimpleData>
		<SimpleData name="LONCAMIAC">0</SimpleData>
		<SimpleData name="AREAEXPLAN">84.6</SimpleData>
		<SimpleData name="BOXUNI">0</SimpleData>
		<SimpleData name="BANO_UNI">0</SimpleData>
		<SimpleData name="TIPOGEOM">1</SimpleData>
		<SimpleData name="GLOBALID">{0FCDC117-F807-481E-9418-02A4B3C03ACD}</SimpleData>
		<SimpleData name="SALAREUNI">0</SimpleData>
		<SimpleData name="PLAYAARTIF">0</SimpleData>
		<SimpleData name="PASEOCOSTE">0</SimpleData>
		<SimpleData name="ESTADOGRAL">BUENO</SimpleData>
		<SimpleData name="GRUAOPESC">0</SimpleData>
		<SimpleData name="LONSALAADM">1</SimpleData>
		<SimpleData name="LONSALVENT">0</SimpleData>
		<SimpleData name="SALAPROC">0</SimpleData>
		<SimpleData name="AREABODEGA">0</SimpleData>
		<SimpleData name="AREACAFRI">0</SimpleData>
		<SimpleData name="AREAREFUG">1</SimpleData>
		<SimpleData name="AREAGALPON">0</SimpleData>
		<SimpleData name="PROGRAMA">CONEXIÓN</SimpleData>
		<SimpleData name="IMAGEN">http://colabora.mop.gov.cl/sites/dop/dptopl/dp/Documentos%20compartidos/Imágenes%20para%20el%20Modelo%20de%20Datos/10-%20LOS%20LAGOS/10-017.jpg</SimpleData>
		<SimpleData name="MXLOCATION">10101-110</SimpleData>
		<SimpleData name="MXSITEID">DOP</SimpleData>
		<SimpleData name="COD_REG">0</SimpleData>
	</SchemaData></ExtendedData>
      <Point><coordinates>-72.9529197689999,-41.480874866</coordinates></Point>
  </Placemark>
  <Placemark id="infraestructura_portuaria.387">
	<ExtendedData><SchemaData schemaUrl="#infraestructura_portuaria">
		<SimpleData name="OBJECTID_1">387</SimpleData>
		<SimpleData name="OBJECTID">2675</SimpleData>
		<SimpleData name="CODOBRA">14-6</SimpleData>
		<SimpleData name="TIPOOBRA">10</SimpleData>
		<SimpleData name="DESCOBRA">RAMPA Y REFUGIO DE FUTRONO LAGO RANCO</SimpleData>
		<SimpleData name="CODCOMUNA">FUTRONO</SimpleData>
		<SimpleData name="LONMUROS">90</SimpleData>
		<SimpleData name="LONESCOLLE">47</SimpleData>
		<SimpleData name="LONMUELLE">0</SimpleData>
		<SimpleData name="LONRAMPCO">343</SimpleData>
		<SimpleData name="LONRAMPA">0</SimpleData>
		<SimpleData name="LONRAMPAVA">0</SimpleData>
		<SimpleData name="LONPONTON">0</SimpleData>
		<SimpleData name="LONCAMIAC">0</SimpleData>
		<SimpleData name="AREAEXPLAN">0</SimpleData>
		<SimpleData name="BOXUNI">0</SimpleData>
		<SimpleData name="BANO_UNI">0</SimpleData>
		<SimpleData name="TIPOGEOM">1</SimpleData>
		<SimpleData name="GLOBALID">{EDA51BDC-4507-47D7-A735-948832D5A932}</SimpleData>
		<SimpleData name="SALAREUNI">0</SimpleData>
		<SimpleData name="PLAYAARTIF">0</SimpleData>
		<SimpleData name="PASEOCOSTE">0</SimpleData>
		<SimpleData name="ESTADOGRAL">BUENO</SimpleData>
		<SimpleData name="GRUAOPESC">0</SimpleData>
		<SimpleData name="LONSALAADM">0</SimpleData>
		<SimpleData name="LONSALVENT">0</SimpleData>
		<SimpleData name="SALAPROC">0</SimpleData>
		<SimpleData name="AREABODEGA">0</SimpleData>
		<SimpleData name="AREACAFRI">0</SimpleData>
		<SimpleData name="AREAREFUG">1</SimpleData>
		<SimpleData name="AREAGALPON">0</SimpleData>
		<SimpleData name="PROGRAMA">CONEXIÓN</SimpleData>
		<SimpleData name="IMAGEN">http://colabora.mop.gov.cl/sites/dop/dptopl/dp/Documentos%20compartidos/Imágenes%20para%20el%20Modelo%20de%20Datos/14-%20LOS%20RIOS/14-6.jpg</SimpleData>
		<SimpleData name="MXLOCATION">14202-06</SimpleData>
		<SimpleData name="MXSITEID">DOP</SimpleData>
		<SimpleData name="COD_REG">0</SimpleData>
	</SchemaData></ExtendedData>
      <Point><coordinates>-72.394883382,-40.1394397519999</coordinates></Point>
  </Placemark>
  <Placemark id="infraestructura_portuaria.388">
	<ExtendedData><SchemaData schemaUrl="#infraestructura_portuaria">
		<SimpleData name="OBJECTID_1">388</SimpleData>
		<SimpleData name="OBJECTID">2676</SimpleData>
		<SimpleData name="CODOBRA">10-056</SimpleData>
		<SimpleData name="TIPOOBRA">10</SimpleData>
		<SimpleData name="DESCOBRA">RAMPA HORNOPIREN</SimpleData>
		<SimpleData name="CODCOMUNA">HUALAIHUÉ</SimpleData>
		<SimpleData name="LONMUROS">219</SimpleData>
		<SimpleData name="LONESCOLLE">0</SimpleData>
		<SimpleData name="LONMUELLE">0</SimpleData>
		<SimpleData name="LONRAMPCO">0</SimpleData>
		<SimpleData name="LONRAMPA">0</SimpleData>
		<SimpleData name="LONRAMPAVA">0</SimpleData>
		<SimpleData name="LONPONTON">0</SimpleData>
		<SimpleData name="LONCAMIAC">0</SimpleData>
		<SimpleData name="AREAEXPLAN">0</SimpleData>
		<SimpleData name="BOXUNI">0</SimpleData>
		<SimpleData name="BANO_UNI">0</SimpleData>
		<SimpleData name="TIPOGEOM">1</SimpleData>
		<SimpleData name="GLOBALID">{CC94645A-2D95-4EC7-B88E-39EA653D9B29}</SimpleData>
		<SimpleData name="SALAREUNI">0</SimpleData>
		<SimpleData name="PLAYAARTIF">0</SimpleData>
		<SimpleData name="PASEOCOSTE">0</SimpleData>
		<SimpleData name="ESTADOGRAL">REGULAR</SimpleData>
		<SimpleData name="GRUAOPESC">0</SimpleData>
		<SimpleData name="LONSALAADM">0</SimpleData>
		<SimpleData name="LONSALVENT">0</SimpleData>
		<SimpleData name="SALAPROC">0</SimpleData>
		<SimpleData name="AREABODEGA">0</SimpleData>
		<SimpleData name="AREACAFRI">0</SimpleData>
		<SimpleData name="AREAREFUG">1</SimpleData>
		<SimpleData name="AREAGALPON">0</SimpleData>
		<SimpleData name="PROGRAMA">CONEXIÓN</SimpleData>
		<SimpleData name="IMAGEN">http://colabora.mop.gov.cl/sites/dop/dptopl/dp/Documentos%20compartidos/Imágenes%20para%20el%20Modelo%20de%20Datos/10-%20LOS%20LAGOS/10-056.jpg</SimpleData>
		<SimpleData name="MXLOCATION">10403-127</SimpleData>
		<SimpleData name="MXSITEID">DOP</SimpleData>
		<SimpleData name="COD_REG">0</SimpleData>
	</SchemaData></ExtendedData>
      <Point><coordinates>-72.471801225,-41.971211903</coordinates></Point>
  </Placemark>
  <Placemark id="infraestructura_portuaria.389">
	<ExtendedData><SchemaData schemaUrl="#infraestructura_portuaria">
		<SimpleData name="OBJECTID_1">389</SimpleData>
		<SimpleData name="OBJECTID">2677</SimpleData>
		<SimpleData name="CODOBRA">10-054</SimpleData>
		<SimpleData name="TIPOOBRA">10</SimpleData>
		<SimpleData name="DESCOBRA">RAMPA LEPTEPU</SimpleData>
		<SimpleData name="CODCOMUNA">CHAITÉN</SimpleData>
		<SimpleData name="LONMUROS">110</SimpleData>
		<SimpleData name="LONESCOLLE">0</SimpleData>
		<SimpleData name="LONMUELLE">0</SimpleData>
		<SimpleData name="LONRAMPCO">0</SimpleData>
		<SimpleData name="LONRAMPA">0</SimpleData>
		<SimpleData name="LONRAMPAVA">0</SimpleData>
		<SimpleData name="LONPONTON">0</SimpleData>
		<SimpleData name="LONCAMIAC">0</SimpleData>
		<SimpleData name="AREAEXPLAN">0</SimpleData>
		<SimpleData name="BOXUNI">0</SimpleData>
		<SimpleData name="BANO_UNI">0</SimpleData>
		<SimpleData name="TIPOGEOM">1</SimpleData>
		<SimpleData name="GLOBALID">{4B684E6E-05E8-4B9C-B40A-7819448D55CE}</SimpleData>
		<SimpleData name="SALAREUNI">0</SimpleData>
		<SimpleData name="PLAYAARTIF">0</SimpleData>
		<SimpleData name="PASEOCOSTE">0</SimpleData>
		<SimpleData name="ESTADOGRAL">MALO</SimpleData>
		<SimpleData name="GRUAOPESC">0</SimpleData>
		<SimpleData name="LONSALAADM">0</SimpleData>
		<SimpleData name="LONSALVENT">0</SimpleData>
		<SimpleData name="SALAPROC">0</SimpleData>
		<SimpleData name="AREABODEGA">0</SimpleData>
		<SimpleData name="AREACAFRI">0</SimpleData>
		<SimpleData name="AREAREFUG">1</SimpleData>
		<SimpleData name="AREAGALPON">0</SimpleData>
		<SimpleData name="PROGRAMA">CONEXIÓN</SimpleData>
		<SimpleData name="IMAGEN">http://colabora.mop.gov.cl/sites/dop/dptopl/dp/Documentos%20compartidos/Imágenes%20para%20el%20Modelo%20de%20Datos/10-%20LOS%20LAGOS/10-054.jpg</SimpleData>
		<SimpleData name="MXLOCATION">10401-125</SimpleData>
		<SimpleData name="MXSITEID">DOP</SimpleData>
		<SimpleData name="COD_REG">0</SimpleData>
	</SchemaData></ExtendedData>
      <Point><coordinates>-72.4365243839999,-42.488816331</coordinates></Point>
  </Placemark>
  <Placemark id="infraestructura_portuaria.390">
	<ExtendedData><SchemaData schemaUrl="#infraestructura_portuaria">
		<SimpleData name="OBJECTID_1">390</SimpleData>
		<SimpleData name="OBJECTID">2678</SimpleData>
		<SimpleData name="CODOBRA">10-053</SimpleData>
		<SimpleData name="TIPOOBRA">10</SimpleData>
		<SimpleData name="DESCOBRA">RAMPA FIORDO LARGO</SimpleData>
		<SimpleData name="CODCOMUNA">CHAITÉN</SimpleData>
		<SimpleData name="LONMUROS">120</SimpleData>
		<SimpleData name="LONESCOLLE">0</SimpleData>
		<SimpleData name="LONMUELLE">0</SimpleData>
		<SimpleData name="LONRAMPCO">0</SimpleData>
		<SimpleData name="LONRAMPA">0</SimpleData>
		<SimpleData name="LONRAMPAVA">0</SimpleData>
		<SimpleData name="LONPONTON">0</SimpleData>
		<SimpleData name="LONCAMIAC">0</SimpleData>
		<SimpleData name="AREAEXPLAN">0</SimpleData>
		<SimpleData name="BOXUNI">0</SimpleData>
		<SimpleData name="BANO_UNI">0</SimpleData>
		<SimpleData name="TIPOGEOM">1</SimpleData>
		<SimpleData name="GLOBALID">{5013893E-23A2-42E0-BA8F-04EDB983CB56}</SimpleData>
		<SimpleData name="SALAREUNI">0</SimpleData>
		<SimpleData name="PLAYAARTIF">0</SimpleData>
		<SimpleData name="PASEOCOSTE">0</SimpleData>
		<SimpleData name="ESTADOGRAL">BUENO</SimpleData>
		<SimpleData name="GRUAOPESC">0</SimpleData>
		<SimpleData name="LONSALAADM">0</SimpleData>
		<SimpleData name="LONSALVENT">0</SimpleData>
		<SimpleData name="SALAPROC">0</SimpleData>
		<SimpleData name="AREABODEGA">0</SimpleData>
		<SimpleData name="AREACAFRI">0</SimpleData>
		<SimpleData name="AREAREFUG">1</SimpleData>
		<SimpleData name="AREAGALPON">0</SimpleData>
		<SimpleData name="PROGRAMA">CONEXIÓN</SimpleData>
		<SimpleData name="IMAGEN">http://colabora.mop.gov.cl/sites/dop/dptopl/dp/Documentos%20compartidos/Imágenes%20para%20el%20Modelo%20de%20Datos/10-%20LOS%20LAGOS/10-053.jpg</SimpleData>
		<SimpleData name="MXLOCATION">10401-124</SimpleData>
		<SimpleData name="MXSITEID">DOP</SimpleData>
		<SimpleData name="COD_REG">0</SimpleData>
	</SchemaData></ExtendedData>
      <Point><coordinates>-72.523158539,-42.5453218339999</coordinates></Point>
  </Placemark>
  <Placemark id="infraestructura_portuaria.391">
	<ExtendedData><SchemaData schemaUrl="#infraestructura_portuaria">
		<SimpleData name="OBJECTID_1">391</SimpleData>
		<SimpleData name="OBJECTID">2679</SimpleData>
		<SimpleData name="CODOBRA">10-052</SimpleData>
		<SimpleData name="TIPOOBRA">10</SimpleData>
		<SimpleData name="DESCOBRA">RAMPA CHUMELDEN</SimpleData>
		<SimpleData name="CODCOMUNA">CHAITÉN</SimpleData>
		<SimpleData name="LONMUROS">113</SimpleData>
		<SimpleData name="LONESCOLLE">0</SimpleData>
		<SimpleData name="LONMUELLE">0</SimpleData>
		<SimpleData name="LONRAMPCO">0</SimpleData>
		<SimpleData name="LONRAMPA">0</SimpleData>
		<SimpleData name="LONRAMPAVA">0</SimpleData>
		<SimpleData name="LONPONTON">0</SimpleData>
		<SimpleData name="LONCAMIAC">0</SimpleData>
		<SimpleData name="AREAEXPLAN">0</SimpleData>
		<SimpleData name="BOXUNI">0</SimpleData>
		<SimpleData name="BANO_UNI">0</SimpleData>
		<SimpleData name="TIPOGEOM">1</SimpleData>
		<SimpleData name="GLOBALID">{D7109962-7E18-464F-AD04-35726339FBD6}</SimpleData>
		<SimpleData name="SALAREUNI">0</SimpleData>
		<SimpleData name="PLAYAARTIF">0</SimpleData>
		<SimpleData name="PASEOCOSTE">0</SimpleData>
		<SimpleData name="ESTADOGRAL">BUENO</SimpleData>
		<SimpleData name="GRUAOPESC">0</SimpleData>
		<SimpleData name="LONSALAADM">0</SimpleData>
		<SimpleData name="LONSALVENT">0</SimpleData>
		<SimpleData name="SALAPROC">0</SimpleData>
		<SimpleData name="AREABODEGA">0</SimpleData>
		<SimpleData name="AREACAFRI">0</SimpleData>
		<SimpleData name="AREAREFUG">1</SimpleData>
		<SimpleData name="AREAGALPON">0</SimpleData>
		<SimpleData name="PROGRAMA">CONEXIÓN</SimpleData>
		<SimpleData name="IMAGEN">http://colabora.mop.gov.cl/sites/dop/dptopl/dp/Documentos%20compartidos/Imágenes%20para%20el%20Modelo%20de%20Datos/10-%20LOS%20LAGOS/10-052.jpg</SimpleData>
		<SimpleData name="MXLOCATION">10401-123</SimpleData>
		<SimpleData name="MXSITEID">DOP</SimpleData>
		<SimpleData name="COD_REG">0</SimpleData>
	</SchemaData></ExtendedData>
      <Point><coordinates>-72.806537103,-42.5077532</coordinates></Point>
  </Placemark>
  <Placemark id="infraestructura_portuaria.392">
	<ExtendedData><SchemaData schemaUrl="#infraestructura_portuaria">
		<SimpleData name="OBJECTID_1">392</SimpleData>
		<SimpleData name="OBJECTID">2680</SimpleData>
		<SimpleData name="CODOBRA">10-051</SimpleData>
		<SimpleData name="TIPOOBRA">10</SimpleData>
		<SimpleData name="DESCOBRA">RAMPA DE TRANSBORDADORES DE CHAITEN</SimpleData>
		<SimpleData name="CODCOMUNA">CHAITÉN</SimpleData>
		<SimpleData name="LONMUROS">20</SimpleData>
		<SimpleData name="LONESCOLLE">0</SimpleData>
		<SimpleData name="LONMUELLE">0</SimpleData>
		<SimpleData name="LONRAMPCO">0</SimpleData>
		<SimpleData name="LONRAMPA">0</SimpleData>
		<SimpleData name="LONRAMPAVA">0</SimpleData>
		<SimpleData name="LONPONTON">0</SimpleData>
		<SimpleData name="LONCAMIAC">0</SimpleData>
		<SimpleData name="AREAEXPLAN">0</SimpleData>
		<SimpleData name="BOXUNI">0</SimpleData>
		<SimpleData name="BANO_UNI">0</SimpleData>
		<SimpleData name="TIPOGEOM">1</SimpleData>
		<SimpleData name="GLOBALID">{C34AE2DF-00F2-4A51-8190-2CC5D5524A0F}</SimpleData>
		<SimpleData name="SALAREUNI">0</SimpleData>
		<SimpleData name="PLAYAARTIF">0</SimpleData>
		<SimpleData name="PASEOCOSTE">0</SimpleData>
		<SimpleData name="ESTADOGRAL">BUENO</SimpleData>
		<SimpleData name="GRUAOPESC">0</SimpleData>
		<SimpleData name="LONSALAADM">0</SimpleData>
		<SimpleData name="LONSALVENT">0</SimpleData>
		<SimpleData name="SALAPROC">0</SimpleData>
		<SimpleData name="AREABODEGA">0</SimpleData>
		<SimpleData name="AREACAFRI">0</SimpleData>
		<SimpleData name="AREAREFUG">0</SimpleData>
		<SimpleData name="AREAGALPON">0</SimpleData>
		<SimpleData name="PROGRAMA">CONEXIÓN</SimpleData>
		<SimpleData name="IMAGEN">http://colabora.mop.gov.cl/sites/dop/dptopl/dp/Documentos%20compartidos/Imágenes%20para%20el%20Modelo%20de%20Datos/10-%20LOS%20LAGOS/10-051.jpg</SimpleData>
		<SimpleData name="MXLOCATION">10401-122</SimpleData>
		<SimpleData name="MXSITEID">DOP</SimpleData>
		<SimpleData name="COD_REG">0</SimpleData>
	</SchemaData></ExtendedData>
      <Point><coordinates>-72.717943901,-42.911855106</coordinates></Point>
  </Placemark>
  <Placemark id="infraestructura_portuaria.393">
	<ExtendedData><SchemaData schemaUrl="#infraestructura_portuaria">
		<SimpleData name="OBJECTID_1">393</SimpleData>
		<SimpleData name="OBJECTID">2681</SimpleData>
		<SimpleData name="CODOBRA">10-049</SimpleData>
		<SimpleData name="TIPOOBRA">10</SimpleData>
		<SimpleData name="DESCOBRA">RAMPA EN CASA DE PESCA</SimpleData>
		<SimpleData name="CODCOMUNA">CHAITÉN</SimpleData>
		<SimpleData name="LONMUROS">221</SimpleData>
		<SimpleData name="LONESCOLLE">0</SimpleData>
		<SimpleData name="LONMUELLE">0</SimpleData>
		<SimpleData name="LONRAMPCO">0</SimpleData>
		<SimpleData name="LONRAMPA">0</SimpleData>
		<SimpleData name="LONRAMPAVA">0</SimpleData>
		<SimpleData name="LONPONTON">0</SimpleData>
		<SimpleData name="LONCAMIAC">0</SimpleData>
		<SimpleData name="AREAEXPLAN">0</SimpleData>
		<SimpleData name="BOXUNI">0</SimpleData>
		<SimpleData name="BANO_UNI">0</SimpleData>
		<SimpleData name="TIPOGEOM">1</SimpleData>
		<SimpleData name="GLOBALID">{2C288696-1407-42C1-B0B5-E4B78C72BF07}</SimpleData>
		<SimpleData name="SALAREUNI">0</SimpleData>
		<SimpleData name="PLAYAARTIF">0</SimpleData>
		<SimpleData name="PASEOCOSTE">0</SimpleData>
		<SimpleData name="ESTADOGRAL">BUENO</SimpleData>
		<SimpleData name="GRUAOPESC">0</SimpleData>
		<SimpleData name="LONSALAADM">0</SimpleData>
		<SimpleData name="LONSALVENT">0</SimpleData>
		<SimpleData name="SALAPROC">0</SimpleData>
		<SimpleData name="AREABODEGA">0</SimpleData>
		<SimpleData name="AREACAFRI">0</SimpleData>
		<SimpleData name="AREAREFUG">1</SimpleData>
		<SimpleData name="AREAGALPON">0</SimpleData>
		<SimpleData name="PROGRAMA">CONEXIÓN</SimpleData>
		<SimpleData name="IMAGEN">http://colabora.mop.gov.cl/sites/dop/dptopl/dp/Documentos%20compartidos/Imágenes%20para%20el%20Modelo%20de%20Datos/10-%20LOS%20LAGOS/10-049.jpg</SimpleData>
		<SimpleData name="MXLOCATION">10401-120</SimpleData>
		<SimpleData name="MXSITEID">DOP</SimpleData>
		<SimpleData name="COD_REG">0</SimpleData>
	</SchemaData></ExtendedData>
      <Point><coordinates>-72.824961135,-42.564243721</coordinates></Point>
  </Placemark>
  <Placemark id="infraestructura_portuaria.394">
	<ExtendedData><SchemaData schemaUrl="#infraestructura_portuaria">
		<SimpleData name="OBJECTID_1">394</SimpleData>
		<SimpleData name="OBJECTID">2682</SimpleData>
		<SimpleData name="CODOBRA">10-048</SimpleData>
		<SimpleData name="TIPOOBRA">10</SimpleData>
		<SimpleData name="DESCOBRA">RAMPA DE AYACARA</SimpleData>
		<SimpleData name="CODCOMUNA">CHAITÉN</SimpleData>
		<SimpleData name="LONMUROS">170</SimpleData>
		<SimpleData name="LONESCOLLE">24</SimpleData>
		<SimpleData name="LONMUELLE">0</SimpleData>
		<SimpleData name="LONRAMPCO">0</SimpleData>
		<SimpleData name="LONRAMPA">0</SimpleData>
		<SimpleData name="LONRAMPAVA">0</SimpleData>
		<SimpleData name="LONPONTON">0</SimpleData>
		<SimpleData name="LONCAMIAC">0</SimpleData>
		<SimpleData name="AREAEXPLAN">0</SimpleData>
		<SimpleData name="BOXUNI">0</SimpleData>
		<SimpleData name="BANO_UNI">0</SimpleData>
		<SimpleData name="TIPOGEOM">1</SimpleData>
		<SimpleData name="GLOBALID">{32EBA53D-065C-46E0-A2FB-FCF1A8380A85}</SimpleData>
		<SimpleData name="SALAREUNI">0</SimpleData>
		<SimpleData name="PLAYAARTIF">0</SimpleData>
		<SimpleData name="PASEOCOSTE">0</SimpleData>
		<SimpleData name="ESTADOGRAL">MUY BUENO</SimpleData>
		<SimpleData name="GRUAOPESC">0</SimpleData>
		<SimpleData name="LONSALAADM">0</SimpleData>
		<SimpleData name="LONSALVENT">0</SimpleData>
		<SimpleData name="SALAPROC">0</SimpleData>
		<SimpleData name="AREABODEGA">0</SimpleData>
		<SimpleData name="AREACAFRI">0</SimpleData>
		<SimpleData name="AREAREFUG">1</SimpleData>
		<SimpleData name="AREAGALPON">0</SimpleData>
		<SimpleData name="PROGRAMA">CONEXIÓN</SimpleData>
		<SimpleData name="IMAGEN">http://colabora.mop.gov.cl/sites/dop/dptopl/dp/Documentos%20compartidos/Imágenes%20para%20el%20Modelo%20de%20Datos/10-%20LOS%20LAGOS/10-048.jpg</SimpleData>
		<SimpleData name="MXLOCATION">10401-119</SimpleData>
		<SimpleData name="MXSITEID">DOP</SimpleData>
		<SimpleData name="COD_REG">0</SimpleData>
	</SchemaData></ExtendedData>
      <Point><coordinates>-72.78740788,-42.317700257</coordinates></Point>
  </Placemark>
  <Placemark id="infraestructura_portuaria.395">
	<ExtendedData><SchemaData schemaUrl="#infraestructura_portuaria">
		<SimpleData name="OBJECTID_1">395</SimpleData>
		<SimpleData name="OBJECTID">2683</SimpleData>
		<SimpleData name="CODOBRA">10-045</SimpleData>
		<SimpleData name="TIPOOBRA">10</SimpleData>
		<SimpleData name="DESCOBRA">RAMPA DE TRANSBORDADORES DE MAULLIN</SimpleData>
		<SimpleData name="CODCOMUNA">MAULLÍN</SimpleData>
		<SimpleData name="LONMUROS">166</SimpleData>
		<SimpleData name="LONESCOLLE">0</SimpleData>
		<SimpleData name="LONMUELLE">0</SimpleData>
		<SimpleData name="LONRAMPCO">0</SimpleData>
		<SimpleData name="LONRAMPA">76</SimpleData>
		<SimpleData name="LONRAMPAVA">0</SimpleData>
		<SimpleData name="LONPONTON">0</SimpleData>
		<SimpleData name="LONCAMIAC">0</SimpleData>
		<SimpleData name="AREAEXPLAN">54</SimpleData>
		<SimpleData name="BOXUNI">0</SimpleData>
		<SimpleData name="BANO_UNI">0</SimpleData>
		<SimpleData name="TIPOGEOM">1</SimpleData>
		<SimpleData name="GLOBALID">{32657F6F-65EB-4545-A6DB-954F41F185DA}</SimpleData>
		<SimpleData name="SALAREUNI">0</SimpleData>
		<SimpleData name="PLAYAARTIF">0</SimpleData>
		<SimpleData name="PASEOCOSTE">40</SimpleData>
		<SimpleData name="ESTADOGRAL">MUY BUENO</SimpleData>
		<SimpleData name="GRUAOPESC">0</SimpleData>
		<SimpleData name="LONSALAADM">0</SimpleData>
		<SimpleData name="LONSALVENT">0</SimpleData>
		<SimpleData name="SALAPROC">0</SimpleData>
		<SimpleData name="AREABODEGA">0</SimpleData>
		<SimpleData name="AREACAFRI">0</SimpleData>
		<SimpleData name="AREAREFUG">1</SimpleData>
		<SimpleData name="AREAGALPON">0</SimpleData>
		<SimpleData name="PROGRAMA">CONEXIÓN</SimpleData>
		<SimpleData name="IMAGEN">http://colabora.mop.gov.cl/sites/dop/dptopl/dp/Documentos%20compartidos/Imágenes%20para%20el%20Modelo%20de%20Datos/10-%20LOS%20LAGOS/10-045.jpg</SimpleData>
		<SimpleData name="MXLOCATION">10108-94</SimpleData>
		<SimpleData name="MXSITEID">DOP</SimpleData>
		<SimpleData name="COD_REG">0</SimpleData>
	</SchemaData></ExtendedData>
      <Point><coordinates>-73.59451969,-41.61529623</coordinates></Point>
  </Placemark>
  <Placemark id="infraestructura_portuaria.396">
	<ExtendedData><SchemaData schemaUrl="#infraestructura_portuaria">
		<SimpleData name="OBJECTID_1">396</SimpleData>
		<SimpleData name="OBJECTID">1678</SimpleData>
		<SimpleData name="CODOBRA">12-14</SimpleData>
		<SimpleData name="TIPOOBRA">10</SimpleData>
		<SimpleData name="DESCOBRA">RAMPA PUNTA DELGADA</SimpleData>
		<SimpleData name="CODCOMUNA">MAGALLANES</SimpleData>
		<SimpleData name="LONMUROS">20</SimpleData>
		<SimpleData name="LONESCOLLE">0</SimpleData>
		<SimpleData name="LONMUELLE">0</SimpleData>
		<SimpleData name="LONRAMPCO">20</SimpleData>
		<SimpleData name="LONRAMPA">20</SimpleData>
		<SimpleData name="LONRAMPAVA">0</SimpleData>
		<SimpleData name="LONPONTON">0</SimpleData>
		<SimpleData name="LONCAMIAC">0</SimpleData>
		<SimpleData name="AREAEXPLAN">0</SimpleData>
		<SimpleData name="BOXUNI">0</SimpleData>
		<SimpleData name="BANO_UNI">0</SimpleData>
		<SimpleData name="TIPOGEOM">1</SimpleData>
		<SimpleData name="GLOBALID">{5E476048-817E-4FC0-AE2F-C83A47BA587D}</SimpleData>
		<SimpleData name="SALAREUNI">0</SimpleData>
		<SimpleData name="PLAYAARTIF">0</SimpleData>
		<SimpleData name="PASEOCOSTE">0</SimpleData>
		<SimpleData name="ESTADOGRAL">BUENO</SimpleData>
		<SimpleData name="GRUAOPESC">0</SimpleData>
		<SimpleData name="LONSALAADM">0</SimpleData>
		<SimpleData name="LONSALVENT">0</SimpleData>
		<SimpleData name="SALAPROC">0</SimpleData>
		<SimpleData name="AREABODEGA">0</SimpleData>
		<SimpleData name="AREACAFRI">0</SimpleData>
		<SimpleData name="AREAREFUG">0</SimpleData>
		<SimpleData name="AREAGALPON">0</SimpleData>
		<SimpleData name="PROGRAMA">CONEXIÓN</SimpleData>
		<SimpleData name="IMAGEN">http://colabora.mop.gov.cl/sites/dop/dptopl/dp/Documentos%20compartidos/Imágenes%20para%20el%20Modelo%20de%20Datos/12-%20MAGALLANES/12-14.jpg</SimpleData>
		<SimpleData name="MXLOCATION">12104-14</SimpleData>
		<SimpleData name="MXSITEID">DOP</SimpleData>
		<SimpleData name="COD_REG">0</SimpleData>
	</SchemaData></ExtendedData>
      <Point><coordinates>-69.5463988509999,-52.456464395</coordinates></Point>
  </Placemark>
  <Placemark id="infraestructura_portuaria.397">
	<ExtendedData><SchemaData schemaUrl="#infraestructura_portuaria">
		<SimpleData name="OBJECTID_1">397</SimpleData>
		<SimpleData name="OBJECTID">1679</SimpleData>
		<SimpleData name="CODOBRA">12-15</SimpleData>
		<SimpleData name="TIPOOBRA">6</SimpleData>
		<SimpleData name="DESCOBRA">MUELLE BAHIA CHILOTA</SimpleData>
		<SimpleData name="CODCOMUNA">TIERRA DEL FUEGO</SimpleData>
		<SimpleData name="LONMUROS">60</SimpleData>
		<SimpleData name="LONESCOLLE">0</SimpleData>
		<SimpleData name="LONMUELLE">62</SimpleData>
		<SimpleData name="LONRAMPCO">0</SimpleData>
		<SimpleData name="LONRAMPA">0</SimpleData>
		<SimpleData name="LONRAMPAVA">0</SimpleData>
		<SimpleData name="LONPONTON">0</SimpleData>
		<SimpleData name="LONCAMIAC">0</SimpleData>
		<SimpleData name="AREAEXPLAN">238</SimpleData>
		<SimpleData name="BOXUNI">0</SimpleData>
		<SimpleData name="BANO_UNI">2</SimpleData>
		<SimpleData name="TIPOGEOM">1</SimpleData>
		<SimpleData name="GLOBALID">{3DDD5EA6-3A6D-479C-B3F8-41BAEB41BB56}</SimpleData>
		<SimpleData name="SALAREUNI">1</SimpleData>
		<SimpleData name="PLAYAARTIF">0</SimpleData>
		<SimpleData name="PASEOCOSTE">0</SimpleData>
		<SimpleData name="ESTADOGRAL">MUY BUENO</SimpleData>
		<SimpleData name="GRUAOPESC">0</SimpleData>
		<SimpleData name="LONSALAADM">1</SimpleData>
		<SimpleData name="LONSALVENT">0</SimpleData>
		<SimpleData name="SALAPROC">0</SimpleData>
		<SimpleData name="AREABODEGA">0</SimpleData>
		<SimpleData name="AREACAFRI">0</SimpleData>
		<SimpleData name="AREAREFUG">0</SimpleData>
		<SimpleData name="AREAGALPON">0</SimpleData>
		<SimpleData name="PROGRAMA">PESCA ARTESANAL</SimpleData>
		<SimpleData name="IMAGEN">http://colabora.mop.gov.cl/sites/dop/dptopl/dp/Documentos%20compartidos/Imágenes%20para%20el%20Modelo%20de%20Datos/12-%20MAGALLANES/12-15.jpg</SimpleData>
		<SimpleData name="MXLOCATION">12301-15</SimpleData>
		<SimpleData name="MXSITEID">DOP</SimpleData>
		<SimpleData name="COD_REG">0</SimpleData>
	</SchemaData></ExtendedData>
      <Point><coordinates>-70.435979919,-53.303550131</coordinates></Point>
  </Placemark>
  <Placemark id="infraestructura_portuaria.398">
	<ExtendedData><SchemaData schemaUrl="#infraestructura_portuaria">
		<SimpleData name="OBJECTID_1">398</SimpleData>
		<SimpleData name="OBJECTID">1680</SimpleData>
		<SimpleData name="CODOBRA">12-16</SimpleData>
		<SimpleData name="TIPOOBRA">10</SimpleData>
		<SimpleData name="DESCOBRA">RAMPA Y TERMINAL DE PASAJEROS BAHIA CHILOTA</SimpleData>
		<SimpleData name="CODCOMUNA">TIERRA DEL FUEGO</SimpleData>
		<SimpleData name="LONMUROS">58</SimpleData>
		<SimpleData name="LONESCOLLE">0</SimpleData>
		<SimpleData name="LONMUELLE">0</SimpleData>
		<SimpleData name="LONRAMPCO">32</SimpleData>
		<SimpleData name="LONRAMPA">32</SimpleData>
		<SimpleData name="LONRAMPAVA">0</SimpleData>
		<SimpleData name="LONPONTON">0</SimpleData>
		<SimpleData name="LONCAMIAC">0</SimpleData>
		<SimpleData name="AREAEXPLAN">375</SimpleData>
		<SimpleData name="BOXUNI">0</SimpleData>
		<SimpleData name="BANO_UNI">0</SimpleData>
		<SimpleData name="TIPOGEOM">1</SimpleData>
		<SimpleData name="GLOBALID">{E8ABEFBA-A968-4671-8A8F-3F117BACEE2B}</SimpleData>
		<SimpleData name="SALAREUNI">0</SimpleData>
		<SimpleData name="PLAYAARTIF">0</SimpleData>
		<SimpleData name="PASEOCOSTE">0</SimpleData>
		<SimpleData name="ESTADOGRAL">MUY BUENO</SimpleData>
		<SimpleData name="GRUAOPESC">0</SimpleData>
		<SimpleData name="LONSALAADM">1</SimpleData>
		<SimpleData name="LONSALVENT">0</SimpleData>
		<SimpleData name="SALAPROC">0</SimpleData>
		<SimpleData name="AREABODEGA">0</SimpleData>
		<SimpleData name="AREACAFRI">0</SimpleData>
		<SimpleData name="AREAREFUG">0</SimpleData>
		<SimpleData name="AREAGALPON">0</SimpleData>
		<SimpleData name="PROGRAMA">CONEXIÓN</SimpleData>
		<SimpleData name="IMAGEN">http://colabora.mop.gov.cl/sites/dop/dptopl/dp/Documentos%20compartidos/Imágenes%20para%20el%20Modelo%20de%20Datos/12-%20MAGALLANES/12-16.jpg</SimpleData>
		<SimpleData name="MXLOCATION">12301-16</SimpleData>
		<SimpleData name="MXSITEID">DOP</SimpleData>
		<SimpleData name="COD_REG">0</SimpleData>
	</SchemaData></ExtendedData>
      <Point><coordinates>-70.436331544,-53.3046710039999</coordinates></Point>
  </Placemark>
  <Placemark id="infraestructura_portuaria.399">
	<ExtendedData><SchemaData schemaUrl="#infraestructura_portuaria">
		<SimpleData name="OBJECTID_1">399</SimpleData>
		<SimpleData name="OBJECTID">1682</SimpleData>
		<SimpleData name="CODOBRA">12-22</SimpleData>
		<SimpleData name="TIPOOBRA">6</SimpleData>
		<SimpleData name="DESCOBRA">MUELLE ARTURO PRAT</SimpleData>
		<SimpleData name="CODCOMUNA">ANTÁRTICA CHILENA</SimpleData>
		<SimpleData name="LONMUROS">0</SimpleData>
		<SimpleData name="LONESCOLLE">0</SimpleData>
		<SimpleData name="LONMUELLE">25</SimpleData>
		<SimpleData name="LONRAMPCO">0</SimpleData>
		<SimpleData name="LONRAMPA">0</SimpleData>
		<SimpleData name="LONRAMPAVA">0</SimpleData>
		<SimpleData name="LONPONTON">0</SimpleData>
		<SimpleData name="LONCAMIAC">0</SimpleData>
		<SimpleData name="AREAEXPLAN">0</SimpleData>
		<SimpleData name="BOXUNI">0</SimpleData>
		<SimpleData name="BANO_UNI">0</SimpleData>
		<SimpleData name="TIPOGEOM">1</SimpleData>
		<SimpleData name="GLOBALID">{CBA26677-BEC7-40DA-88EC-A1D527308DD9}</SimpleData>
		<SimpleData name="SALAREUNI">0</SimpleData>
		<SimpleData name="PLAYAARTIF">0</SimpleData>
		<SimpleData name="PASEOCOSTE">0</SimpleData>
		<SimpleData name="ESTADOGRAL">BUENO</SimpleData>
		<SimpleData name="GRUAOPESC">0</SimpleData>
		<SimpleData name="LONSALAADM">0</SimpleData>
		<SimpleData name="LONSALVENT">0</SimpleData>
		<SimpleData name="SALAPROC">0</SimpleData>
		<SimpleData name="AREABODEGA">0</SimpleData>
		<SimpleData name="AREACAFRI">0</SimpleData>
		<SimpleData name="AREAREFUG">0</SimpleData>
		<SimpleData name="AREAGALPON">0</SimpleData>
		<SimpleData name="PROGRAMA">CONEXIÓN</SimpleData>
		<SimpleData name="IMAGEN">http://colabora.mop.gov.cl/sites/dop/dptopl/dp/Documentos%20compartidos/Imágenes%20para%20el%20Modelo%20de%20Datos/12-%20MAGALLANES/12-22.jpg</SimpleData>
		<SimpleData name="MXSITEID">DOP</SimpleData>
		<SimpleData name="COD_REG">0</SimpleData>
	</SchemaData></ExtendedData>
      <Point><coordinates>-67.610634365,-54.933108987</coordinates></Point>
  </Placemark>
  <Placemark id="infraestructura_portuaria.400">
	<ExtendedData><SchemaData schemaUrl="#infraestructura_portuaria">
		<SimpleData name="OBJECTID_1">400</SimpleData>
		<SimpleData name="OBJECTID">1683</SimpleData>
		<SimpleData name="CODOBRA">12-21</SimpleData>
		<SimpleData name="TIPOOBRA">10</SimpleData>
		<SimpleData name="DESCOBRA">RAMPA YENDEGAIA</SimpleData>
		<SimpleData name="CODCOMUNA">ANTÁRTICA CHILENA</SimpleData>
		<SimpleData name="LONMUROS">45</SimpleData>
		<SimpleData name="LONESCOLLE">0</SimpleData>
		<SimpleData name="LONMUELLE">0</SimpleData>
		<SimpleData name="LONRAMPCO">15</SimpleData>
		<SimpleData name="LONRAMPA">15</SimpleData>
		<SimpleData name="LONRAMPAVA">0</SimpleData>
		<SimpleData name="LONPONTON">0</SimpleData>
		<SimpleData name="LONCAMIAC">0</SimpleData>
		<SimpleData name="AREAEXPLAN">0</SimpleData>
		<SimpleData name="BOXUNI">0</SimpleData>
		<SimpleData name="BANO_UNI">0</SimpleData>
		<SimpleData name="TIPOGEOM">1</SimpleData>
		<SimpleData name="GLOBALID">{91639332-EE67-4259-9C78-C207EED8C713}</SimpleData>
		<SimpleData name="SALAREUNI">0</SimpleData>
		<SimpleData name="PLAYAARTIF">0</SimpleData>
		<SimpleData name="PASEOCOSTE">0</SimpleData>
		<SimpleData name="ESTADOGRAL">BUENO</SimpleData>
		<SimpleData name="GRUAOPESC">0</SimpleData>
		<SimpleData name="LONSALAADM">1</SimpleData>
		<SimpleData name="LONSALVENT">0</SimpleData>
		<SimpleData name="SALAPROC">0</SimpleData>
		<SimpleData name="AREABODEGA">0</SimpleData>
		<SimpleData name="AREACAFRI">0</SimpleData>
		<SimpleData name="AREAREFUG">1</SimpleData>
		<SimpleData name="AREAGALPON">0</SimpleData>
		<SimpleData name="PROGRAMA">CONEXIÓN</SimpleData>
		<SimpleData name="IMAGEN">http://colabora.mop.gov.cl/sites/dop/dptopl/dp/Documentos%20compartidos/Imágenes%20para%20el%20Modelo%20de%20Datos/12-%20MAGALLANES/12-21.jpg</SimpleData>
		<SimpleData name="MXSITEID">DOP</SimpleData>
		<SimpleData name="COD_REG">0</SimpleData>
	</SchemaData></ExtendedData>
      <Point><coordinates>-68.6938248169999,-54.866008386</coordinates></Point>
  </Placemark>
  <Placemark id="infraestructura_portuaria.401">
	<ExtendedData><SchemaData schemaUrl="#infraestructura_portuaria">
		<SimpleData name="OBJECTID_1">401</SimpleData>
		<SimpleData name="OBJECTID">3844</SimpleData>
		<SimpleData name="CODOBRA">10-128</SimpleData>
		<SimpleData name="TIPOOBRA">10</SimpleData>
		<SimpleData name="DESCOBRA">RAMPA PUELCHE</SimpleData>
		<SimpleData name="LONMUROS">0</SimpleData>
		<SimpleData name="LONESCOLLE">0</SimpleData>
		<SimpleData name="LONMUELLE">0</SimpleData>
		<SimpleData name="LONRAMPCO">0</SimpleData>
		<SimpleData name="LONRAMPA">0</SimpleData>
		<SimpleData name="LONRAMPAVA">0</SimpleData>
		<SimpleData name="LONPONTON">0</SimpleData>
		<SimpleData name="LONCAMIAC">0</SimpleData>
		<SimpleData name="AREAEXPLAN">0</SimpleData>
		<SimpleData name="BOXUNI">0</SimpleData>
		<SimpleData name="BANO_UNI">0</SimpleData>
		<SimpleData name="TIPOGEOM">1</SimpleData>
		<SimpleData name="GLOBALID">{2B6C7421-FF26-4554-B14F-21ED1C46000A}</SimpleData>
		<SimpleData name="SALAREUNI">0</SimpleData>
		<SimpleData name="PLAYAARTIF">0</SimpleData>
		<SimpleData name="PASEOCOSTE">0</SimpleData>
		<SimpleData name="GRUAOPESC">0</SimpleData>
		<SimpleData name="LONSALAADM">0</SimpleData>
		<SimpleData name="LONSALVENT">0</SimpleData>
		<SimpleData name="SALAPROC">0</SimpleData>
		<SimpleData name="AREABODEGA">0</SimpleData>
		<SimpleData name="AREACAFRI">0</SimpleData>
		<SimpleData name="AREAREFUG">0</SimpleData>
		<SimpleData name="AREAGALPON">0</SimpleData>
		<SimpleData name="PROGRAMA">CONEXIÓN</SimpleData>
		<SimpleData name="MXSITEID">DOP</SimpleData>
		<SimpleData name="COD_REG">0</SimpleData>
	</SchemaData></ExtendedData>
      <Point><coordinates>-72.64776698,-41.739521941</coordinates></Point>
  </Placemark>
  <Placemark id="infraestructura_portuaria.402">
	<ExtendedData><SchemaData schemaUrl="#infraestructura_portuaria">
		<SimpleData name="OBJECTID_1">402</SimpleData>
		<SimpleData name="OBJECTID">3850</SimpleData>
		<SimpleData name="TIPOOBRA">10</SimpleData>
		<SimpleData name="DESCOBRA">INFRAESTRUCTURA PORTUARIA PUERTO EDEN</SimpleData>
		<SimpleData name="CODCOMUNA">ULTIMA ESPERANZA</SimpleData>
		<SimpleData name="LONMUROS">0</SimpleData>
		<SimpleData name="LONESCOLLE">0</SimpleData>
		<SimpleData name="LONMUELLE">0</SimpleData>
		<SimpleData name="LONRAMPCO">0</SimpleData>
		<SimpleData name="LONRAMPA">0</SimpleData>
		<SimpleData name="LONRAMPAVA">0</SimpleData>
		<SimpleData name="LONPONTON">0</SimpleData>
		<SimpleData name="LONCAMIAC">0</SimpleData>
		<SimpleData name="AREAEXPLAN">0</SimpleData>
		<SimpleData name="BOXUNI">0</SimpleData>
		<SimpleData name="BANO_UNI">0</SimpleData>
		<SimpleData name="TIPOGEOM">1</SimpleData>
		<SimpleData name="GLOBALID">{BC582E47-0A4E-4166-A80D-6D6BD330601D}</SimpleData>
		<SimpleData name="SALAREUNI">0</SimpleData>
		<SimpleData name="PLAYAARTIF">0</SimpleData>
		<SimpleData name="PASEOCOSTE">0</SimpleData>
		<SimpleData name="GRUAOPESC">0</SimpleData>
		<SimpleData name="LONSALAADM">0</SimpleData>
		<SimpleData name="LONSALVENT">0</SimpleData>
		<SimpleData name="SALAPROC">0</SimpleData>
		<SimpleData name="AREABODEGA">0</SimpleData>
		<SimpleData name="AREACAFRI">0</SimpleData>
		<SimpleData name="AREAREFUG">0</SimpleData>
		<SimpleData name="AREAGALPON">0</SimpleData>
		<SimpleData name="PROGRAMA">CONEXIÓN</SimpleData>
		<SimpleData name="MXSITEID">DOP</SimpleData>
		<SimpleData name="COD_REG">0</SimpleData>
	</SchemaData></ExtendedData>
      <Point><coordinates>-74.408650741,-49.129702607</coordinates></Point>
  </Placemark>
  <Placemark id="infraestructura_portuaria.403">
	<ExtendedData><SchemaData schemaUrl="#infraestructura_portuaria">
		<SimpleData name="OBJECTID_1">403</SimpleData>
		<SimpleData name="OBJECTID">3851</SimpleData>
		<SimpleData name="TIPOOBRA">4</SimpleData>
		<SimpleData name="DESCOBRA">EMBARCADERO EL PASAJE CONSTITUCION</SimpleData>
		<SimpleData name="CODCOMUNA">CONSTITUCION</SimpleData>
		<SimpleData name="LONMUROS">0</SimpleData>
		<SimpleData name="LONESCOLLE">0</SimpleData>
		<SimpleData name="LONMUELLE">0</SimpleData>
		<SimpleData name="LONRAMPCO">0</SimpleData>
		<SimpleData name="LONRAMPA">0</SimpleData>
		<SimpleData name="LONRAMPAVA">0</SimpleData>
		<SimpleData name="LONPONTON">0</SimpleData>
		<SimpleData name="LONCAMIAC">0</SimpleData>
		<SimpleData name="AREAEXPLAN">0</SimpleData>
		<SimpleData name="BOXUNI">0</SimpleData>
		<SimpleData name="BANO_UNI">0</SimpleData>
		<SimpleData name="TIPOGEOM">1</SimpleData>
		<SimpleData name="GLOBALID">{1DCA593C-A273-449F-93EF-E65F910160F2}</SimpleData>
		<SimpleData name="SALAREUNI">0</SimpleData>
		<SimpleData name="PLAYAARTIF">0</SimpleData>
		<SimpleData name="PASEOCOSTE">0</SimpleData>
		<SimpleData name="GRUAOPESC">0</SimpleData>
		<SimpleData name="LONSALAADM">0</SimpleData>
		<SimpleData name="LONSALVENT">0</SimpleData>
		<SimpleData name="SALAPROC">0</SimpleData>
		<SimpleData name="AREABODEGA">0</SimpleData>
		<SimpleData name="AREACAFRI">0</SimpleData>
		<SimpleData name="AREAREFUG">0</SimpleData>
		<SimpleData name="AREAGALPON">0</SimpleData>
		<SimpleData name="PROGRAMA">CONEXIÓN</SimpleData>
		<SimpleData name="MXSITEID">DOP</SimpleData>
		<SimpleData name="COD_REG">0</SimpleData>
	</SchemaData></ExtendedData>
      <Point><coordinates>-72.40455331,-35.3257603389999</coordinates></Point>
  </Placemark>
  <Placemark id="infraestructura_portuaria.404">
	<ExtendedData><SchemaData schemaUrl="#infraestructura_portuaria">
		<SimpleData name="OBJECTID_1">404</SimpleData>
		<SimpleData name="OBJECTID">3852</SimpleData>
		<SimpleData name="TIPOOBRA">9</SimpleData>
		<SimpleData name="DESCOBRA">COSTANERA SECTOR CERRO VERDE DE PENCO</SimpleData>
		<SimpleData name="CODCOMUNA">PENCO</SimpleData>
		<SimpleData name="LONMUROS">0</SimpleData>
		<SimpleData name="LONESCOLLE">0</SimpleData>
		<SimpleData name="LONMUELLE">0</SimpleData>
		<SimpleData name="LONRAMPCO">0</SimpleData>
		<SimpleData name="LONRAMPA">0</SimpleData>
		<SimpleData name="LONRAMPAVA">0</SimpleData>
		<SimpleData name="LONPONTON">0</SimpleData>
		<SimpleData name="LONCAMIAC">0</SimpleData>
		<SimpleData name="AREAEXPLAN">0</SimpleData>
		<SimpleData name="BOXUNI">0</SimpleData>
		<SimpleData name="BANO_UNI">0</SimpleData>
		<SimpleData name="TIPOGEOM">3</SimpleData>
		<SimpleData name="GLOBALID">{DAC4E69D-0805-4222-A114-B40757041519}</SimpleData>
		<SimpleData name="SALAREUNI">0</SimpleData>
		<SimpleData name="PLAYAARTIF">0</SimpleData>
		<SimpleData name="PASEOCOSTE">0</SimpleData>
		<SimpleData name="GRUAOPESC">0</SimpleData>
		<SimpleData name="LONSALAADM">0</SimpleData>
		<SimpleData name="LONSALVENT">0</SimpleData>
		<SimpleData name="SALAPROC">0</SimpleData>
		<SimpleData name="AREABODEGA">0</SimpleData>
		<SimpleData name="AREACAFRI">0</SimpleData>
		<SimpleData name="AREAREFUG">0</SimpleData>
		<SimpleData name="AREAGALPON">0</SimpleData>
		<SimpleData name="PROGRAMA">MEJORAMIENTO DE BORDE COSTERO</SimpleData>
		<SimpleData name="MXSITEID">DOP</SimpleData>
		<SimpleData name="COD_REG">0</SimpleData>
	</SchemaData></ExtendedData>
      <Point><coordinates>-72.9908303999999,-36.727530074</coordinates></Point>
  </Placemark>
  <Placemark id="infraestructura_portuaria.405">
	<ExtendedData><SchemaData schemaUrl="#infraestructura_portuaria">
		<SimpleData name="OBJECTID_1">405</SimpleData>
		<SimpleData name="OBJECTID">3854</SimpleData>
		<SimpleData name="TIPOOBRA">8</SimpleData>
		<SimpleData name="DESCOBRA">DEFENSA COSTERA DE EMERGENCIA DUAO</SimpleData>
		<SimpleData name="CODCOMUNA">LICANTEN</SimpleData>
		<SimpleData name="LONMUROS">0</SimpleData>
		<SimpleData name="LONESCOLLE">0</SimpleData>
		<SimpleData name="LONMUELLE">0</SimpleData>
		<SimpleData name="LONRAMPCO">0</SimpleData>
		<SimpleData name="LONRAMPA">0</SimpleData>
		<SimpleData name="LONRAMPAVA">0</SimpleData>
		<SimpleData name="LONPONTON">0</SimpleData>
		<SimpleData name="LONCAMIAC">0</SimpleData>
		<SimpleData name="AREAEXPLAN">0</SimpleData>
		<SimpleData name="BOXUNI">0</SimpleData>
		<SimpleData name="BANO_UNI">0</SimpleData>
		<SimpleData name="TIPOGEOM">2</SimpleData>
		<SimpleData name="GLOBALID">{9D94FDC4-871E-4066-B96F-6377E1381394}</SimpleData>
		<SimpleData name="SALAREUNI">0</SimpleData>
		<SimpleData name="PLAYAARTIF">0</SimpleData>
		<SimpleData name="PASEOCOSTE">0</SimpleData>
		<SimpleData name="GRUAOPESC">0</SimpleData>
		<SimpleData name="LONSALAADM">0</SimpleData>
		<SimpleData name="LONSALVENT">0</SimpleData>
		<SimpleData name="SALAPROC">0</SimpleData>
		<SimpleData name="AREABODEGA">0</SimpleData>
		<SimpleData name="AREACAFRI">0</SimpleData>
		<SimpleData name="AREAREFUG">0</SimpleData>
		<SimpleData name="AREAGALPON">0</SimpleData>
		<SimpleData name="PROGRAMA">PROTECCION DE RIBERA</SimpleData>
		<SimpleData name="MXSITEID">DOP</SimpleData>
		<SimpleData name="COD_REG">0</SimpleData>
	</SchemaData></ExtendedData>
      <Point><coordinates>-72.166084498,-34.8854918819999</coordinates></Point>
  </Placemark>
  <Placemark id="infraestructura_portuaria.406">
	<ExtendedData><SchemaData schemaUrl="#infraestructura_portuaria">
		<SimpleData name="OBJECTID_1">406</SimpleData>
		<SimpleData name="OBJECTID">3855</SimpleData>
		<SimpleData name="TIPOOBRA">13</SimpleData>
		<SimpleData name="DESCOBRA">DEFENSA COSTERA DUAO SECTOR CALETA</SimpleData>
		<SimpleData name="CODCOMUNA">LICANTEN</SimpleData>
		<SimpleData name="LONMUROS">125</SimpleData>
		<SimpleData name="LONESCOLLE">0</SimpleData>
		<SimpleData name="LONMUELLE">0</SimpleData>
		<SimpleData name="LONRAMPCO">0</SimpleData>
		<SimpleData name="LONRAMPA">0</SimpleData>
		<SimpleData name="LONRAMPAVA">0</SimpleData>
		<SimpleData name="LONPONTON">0</SimpleData>
		<SimpleData name="LONCAMIAC">0</SimpleData>
		<SimpleData name="AREAEXPLAN">0</SimpleData>
		<SimpleData name="BOXUNI">0</SimpleData>
		<SimpleData name="BANO_UNI">0</SimpleData>
		<SimpleData name="TIPOGEOM">2</SimpleData>
		<SimpleData name="GLOBALID">{C43840C5-CA09-44A8-9257-4CF2C8D16286}</SimpleData>
		<SimpleData name="SALAREUNI">0</SimpleData>
		<SimpleData name="PLAYAARTIF">0</SimpleData>
		<SimpleData name="PASEOCOSTE">0</SimpleData>
		<SimpleData name="GRUAOPESC">0</SimpleData>
		<SimpleData name="LONSALAADM">0</SimpleData>
		<SimpleData name="LONSALVENT">0</SimpleData>
		<SimpleData name="SALAPROC">0</SimpleData>
		<SimpleData name="AREABODEGA">0</SimpleData>
		<SimpleData name="AREACAFRI">0</SimpleData>
		<SimpleData name="AREAREFUG">0</SimpleData>
		<SimpleData name="AREAGALPON">0</SimpleData>
		<SimpleData name="PROGRAMA">PROTECCION DE RIBERA</SimpleData>
		<SimpleData name="MXSITEID">DOP</SimpleData>
		<SimpleData name="COD_REG">0</SimpleData>
	</SchemaData></ExtendedData>
      <Point><coordinates>-72.160612983,-34.883038174</coordinates></Point>
  </Placemark>
  <Placemark id="infraestructura_portuaria.407">
	<ExtendedData><SchemaData schemaUrl="#infraestructura_portuaria">
		<SimpleData name="OBJECTID_1">407</SimpleData>
		<SimpleData name="OBJECTID">3856</SimpleData>
		<SimpleData name="TIPOOBRA">8</SimpleData>
		<SimpleData name="DESCOBRA">DEFENSA COSTERA LIPIMAVIDA</SimpleData>
		<SimpleData name="CODCOMUNA">VICHUQUEN</SimpleData>
		<SimpleData name="LONMUROS">145</SimpleData>
		<SimpleData name="LONESCOLLE">0</SimpleData>
		<SimpleData name="LONMUELLE">0</SimpleData>
		<SimpleData name="LONRAMPCO">0</SimpleData>
		<SimpleData name="LONRAMPA">0</SimpleData>
		<SimpleData name="LONRAMPAVA">0</SimpleData>
		<SimpleData name="LONPONTON">0</SimpleData>
		<SimpleData name="LONCAMIAC">0</SimpleData>
		<SimpleData name="AREAEXPLAN">0</SimpleData>
		<SimpleData name="BOXUNI">0</SimpleData>
		<SimpleData name="BANO_UNI">0</SimpleData>
		<SimpleData name="TIPOGEOM">2</SimpleData>
		<SimpleData name="GLOBALID">{8B85F956-5ADB-43ED-A1AA-FB43E3BE24C6}</SimpleData>
		<SimpleData name="SALAREUNI">0</SimpleData>
		<SimpleData name="PLAYAARTIF">0</SimpleData>
		<SimpleData name="PASEOCOSTE">0</SimpleData>
		<SimpleData name="GRUAOPESC">0</SimpleData>
		<SimpleData name="LONSALAADM">0</SimpleData>
		<SimpleData name="LONSALVENT">0</SimpleData>
		<SimpleData name="SALAPROC">0</SimpleData>
		<SimpleData name="AREABODEGA">0</SimpleData>
		<SimpleData name="AREACAFRI">0</SimpleData>
		<SimpleData name="AREAREFUG">0</SimpleData>
		<SimpleData name="AREAGALPON">0</SimpleData>
		<SimpleData name="PROGRAMA">PROTECCION DE RIBERA</SimpleData>
		<SimpleData name="MXSITEID">DOP</SimpleData>
		<SimpleData name="COD_REG">0</SimpleData>
	</SchemaData></ExtendedData>
      <Point><coordinates>-72.1462748979999,-34.857435798</coordinates></Point>
  </Placemark>
  <Placemark id="infraestructura_portuaria.408">
	<ExtendedData><SchemaData schemaUrl="#infraestructura_portuaria">
		<SimpleData name="OBJECTID_1">408</SimpleData>
		<SimpleData name="OBJECTID">4161</SimpleData>
		<SimpleData name="TIPOOBRA">6</SimpleData>
		<SimpleData name="DESCOBRA">REPOSICION MUELLE LO ROJAS CORONEL</SimpleData>
		<SimpleData name="CODCOMUNA">CORONEL</SimpleData>
		<SimpleData name="LONMUROS">0</SimpleData>
		<SimpleData name="LONESCOLLE">0</SimpleData>
		<SimpleData name="LONMUELLE">0</SimpleData>
		<SimpleData name="LONRAMPCO">0</SimpleData>
		<SimpleData name="LONRAMPA">0</SimpleData>
		<SimpleData name="LONRAMPAVA">0</SimpleData>
		<SimpleData name="LONPONTON">0</SimpleData>
		<SimpleData name="LONCAMIAC">0</SimpleData>
		<SimpleData name="AREAEXPLAN">0</SimpleData>
		<SimpleData name="BOXUNI">0</SimpleData>
		<SimpleData name="BANO_UNI">0</SimpleData>
		<SimpleData name="TIPOGEOM">1</SimpleData>
		<SimpleData name="GLOBALID">{E3ED611A-A68F-4573-9248-46F637799ABA}</SimpleData>
		<SimpleData name="SALAREUNI">0</SimpleData>
		<SimpleData name="PLAYAARTIF">0</SimpleData>
		<SimpleData name="PASEOCOSTE">0</SimpleData>
		<SimpleData name="GRUAOPESC">0</SimpleData>
		<SimpleData name="LONSALAADM">0</SimpleData>
		<SimpleData name="LONSALVENT">0</SimpleData>
		<SimpleData name="SALAPROC">0</SimpleData>
		<SimpleData name="AREABODEGA">0</SimpleData>
		<SimpleData name="AREACAFRI">0</SimpleData>
		<SimpleData name="AREAREFUG">0</SimpleData>
		<SimpleData name="AREAGALPON">0</SimpleData>
		<SimpleData name="PROGRAMA">PESCA ARTESANAL</SimpleData>
		<SimpleData name="MXSITEID">DOP</SimpleData>
		<SimpleData name="COD_REG">0</SimpleData>
	</SchemaData></ExtendedData>
      <Point><coordinates>-73.156179223,-37.0241921799999</coordinates></Point>
  </Placemark>
  <Placemark id="infraestructura_portuaria.409">
	<ExtendedData><SchemaData schemaUrl="#infraestructura_portuaria">
		<SimpleData name="OBJECTID_1">409</SimpleData>
		<SimpleData name="OBJECTID">4162</SimpleData>
		<SimpleData name="TIPOOBRA">6</SimpleData>
		<SimpleData name="DESCOBRA">MUELLE CALETA TUMBES</SimpleData>
		<SimpleData name="CODCOMUNA">TALCAHUANO</SimpleData>
		<SimpleData name="LONMUROS">0</SimpleData>
		<SimpleData name="LONESCOLLE">0</SimpleData>
		<SimpleData name="LONMUELLE">0</SimpleData>
		<SimpleData name="LONRAMPCO">0</SimpleData>
		<SimpleData name="LONRAMPA">0</SimpleData>
		<SimpleData name="LONRAMPAVA">0</SimpleData>
		<SimpleData name="LONPONTON">0</SimpleData>
		<SimpleData name="LONCAMIAC">0</SimpleData>
		<SimpleData name="AREAEXPLAN">0</SimpleData>
		<SimpleData name="BOXUNI">0</SimpleData>
		<SimpleData name="BANO_UNI">0</SimpleData>
		<SimpleData name="TIPOGEOM">1</SimpleData>
		<SimpleData name="GLOBALID">{5473771E-5FCB-4009-BE31-64615DED38F5}</SimpleData>
		<SimpleData name="SALAREUNI">0</SimpleData>
		<SimpleData name="PLAYAARTIF">0</SimpleData>
		<SimpleData name="PASEOCOSTE">0</SimpleData>
		<SimpleData name="GRUAOPESC">0</SimpleData>
		<SimpleData name="LONSALAADM">0</SimpleData>
		<SimpleData name="LONSALVENT">0</SimpleData>
		<SimpleData name="SALAPROC">0</SimpleData>
		<SimpleData name="AREABODEGA">0</SimpleData>
		<SimpleData name="AREACAFRI">0</SimpleData>
		<SimpleData name="AREAREFUG">0</SimpleData>
		<SimpleData name="AREAGALPON">0</SimpleData>
		<SimpleData name="PROGRAMA">PESCA ARTESANAL</SimpleData>
		<SimpleData name="MXSITEID">DOP</SimpleData>
		<SimpleData name="COD_REG">0</SimpleData>
	</SchemaData></ExtendedData>
      <Point><coordinates>-73.091778819,-36.638501154</coordinates></Point>
  </Placemark>
  <Placemark id="infraestructura_portuaria.410">
	<ExtendedData><SchemaData schemaUrl="#infraestructura_portuaria">
		<SimpleData name="OBJECTID_1">410</SimpleData>
		<SimpleData name="OBJECTID">4163</SimpleData>
		<SimpleData name="TIPOOBRA">9</SimpleData>
		<SimpleData name="DESCOBRA">PASEO COSTERO DE DICHATO ETAPA I</SimpleData>
		<SimpleData name="CODCOMUNA">TOME</SimpleData>
		<SimpleData name="LONMUROS">0</SimpleData>
		<SimpleData name="LONESCOLLE">0</SimpleData>
		<SimpleData name="LONMUELLE">0</SimpleData>
		<SimpleData name="LONRAMPCO">0</SimpleData>
		<SimpleData name="LONRAMPA">0</SimpleData>
		<SimpleData name="LONRAMPAVA">0</SimpleData>
		<SimpleData name="LONPONTON">0</SimpleData>
		<SimpleData name="LONCAMIAC">0</SimpleData>
		<SimpleData name="AREAEXPLAN">0</SimpleData>
		<SimpleData name="BOXUNI">0</SimpleData>
		<SimpleData name="BANO_UNI">0</SimpleData>
		<SimpleData name="TIPOGEOM">3</SimpleData>
		<SimpleData name="GLOBALID">{8475A649-0222-4996-9770-9367D69369E1}</SimpleData>
		<SimpleData name="SALAREUNI">0</SimpleData>
		<SimpleData name="PLAYAARTIF">0</SimpleData>
		<SimpleData name="PASEOCOSTE">0</SimpleData>
		<SimpleData name="GRUAOPESC">0</SimpleData>
		<SimpleData name="LONSALAADM">0</SimpleData>
		<SimpleData name="LONSALVENT">0</SimpleData>
		<SimpleData name="SALAPROC">0</SimpleData>
		<SimpleData name="AREABODEGA">0</SimpleData>
		<SimpleData name="AREACAFRI">0</SimpleData>
		<SimpleData name="AREAREFUG">0</SimpleData>
		<SimpleData name="AREAGALPON">0</SimpleData>
		<SimpleData name="PROGRAMA">MEJORAMIENTO DE BORDE COSTERO</SimpleData>
		<SimpleData name="MXSITEID">DOP</SimpleData>
		<SimpleData name="COD_REG">0</SimpleData>
	</SchemaData></ExtendedData>
      <Point><coordinates>-72.9332566539999,-36.5446286929999</coordinates></Point>
  </Placemark>
  <Placemark id="infraestructura_portuaria.411">
	<ExtendedData><SchemaData schemaUrl="#infraestructura_portuaria">
		<SimpleData name="OBJECTID_1">411</SimpleData>
		<SimpleData name="OBJECTID">4165</SimpleData>
		<SimpleData name="TIPOOBRA">9</SimpleData>
		<SimpleData name="DESCOBRA">BORDE COSTERO SANTUARIO LA POZA DE PUCON</SimpleData>
		<SimpleData name="CODCOMUNA">PUCON</SimpleData>
		<SimpleData name="LONMUROS">0</SimpleData>
		<SimpleData name="LONESCOLLE">0</SimpleData>
		<SimpleData name="LONMUELLE">0</SimpleData>
		<SimpleData name="LONRAMPCO">0</SimpleData>
		<SimpleData name="LONRAMPA">0</SimpleData>
		<SimpleData name="LONRAMPAVA">0</SimpleData>
		<SimpleData name="LONPONTON">0</SimpleData>
		<SimpleData name="LONCAMIAC">0</SimpleData>
		<SimpleData name="AREAEXPLAN">0</SimpleData>
		<SimpleData name="BOXUNI">0</SimpleData>
		<SimpleData name="BANO_UNI">0</SimpleData>
		<SimpleData name="TIPOGEOM">3</SimpleData>
		<SimpleData name="GLOBALID">{F83C878B-3D2A-4AB8-A3DC-F42E5AE9457B}</SimpleData>
		<SimpleData name="SALAREUNI">0</SimpleData>
		<SimpleData name="PLAYAARTIF">0</SimpleData>
		<SimpleData name="PASEOCOSTE">0</SimpleData>
		<SimpleData name="GRUAOPESC">0</SimpleData>
		<SimpleData name="LONSALAADM">0</SimpleData>
		<SimpleData name="LONSALVENT">0</SimpleData>
		<SimpleData name="SALAPROC">0</SimpleData>
		<SimpleData name="AREABODEGA">0</SimpleData>
		<SimpleData name="AREACAFRI">0</SimpleData>
		<SimpleData name="AREAREFUG">0</SimpleData>
		<SimpleData name="AREAGALPON">0</SimpleData>
		<SimpleData name="PROGRAMA">MEJORAMIENTO DE BORDE COSTERO</SimpleData>
		<SimpleData name="MXSITEID">DOP</SimpleData>
		<SimpleData name="COD_REG">0</SimpleData>
	</SchemaData></ExtendedData>
      <Point><coordinates>-71.979913537,-39.276631564</coordinates></Point>
  </Placemark>
  <Placemark id="infraestructura_portuaria.412">
	<ExtendedData><SchemaData schemaUrl="#infraestructura_portuaria">
		<SimpleData name="OBJECTID_1">412</SimpleData>
		<SimpleData name="OBJECTID">4168</SimpleData>
		<SimpleData name="TIPOOBRA">9</SimpleData>
		<SimpleData name="DESCOBRA">BORDE COSTERO DE CHACAO</SimpleData>
		<SimpleData name="CODCOMUNA">ANCUD</SimpleData>
		<SimpleData name="LONMUROS">0</SimpleData>
		<SimpleData name="LONESCOLLE">0</SimpleData>
		<SimpleData name="LONMUELLE">0</SimpleData>
		<SimpleData name="LONRAMPCO">0</SimpleData>
		<SimpleData name="LONRAMPA">0</SimpleData>
		<SimpleData name="LONRAMPAVA">0</SimpleData>
		<SimpleData name="LONPONTON">0</SimpleData>
		<SimpleData name="LONCAMIAC">0</SimpleData>
		<SimpleData name="AREAEXPLAN">0</SimpleData>
		<SimpleData name="BOXUNI">0</SimpleData>
		<SimpleData name="BANO_UNI">0</SimpleData>
		<SimpleData name="TIPOGEOM">1</SimpleData>
		<SimpleData name="GLOBALID">{B15E75FB-B5E8-4D29-9881-F43C9F96AB56}</SimpleData>
		<SimpleData name="SALAREUNI">0</SimpleData>
		<SimpleData name="PLAYAARTIF">0</SimpleData>
		<SimpleData name="PASEOCOSTE">0</SimpleData>
		<SimpleData name="ESTADOGRAL">MUY BUENO</SimpleData>
		<SimpleData name="GRUAOPESC">0</SimpleData>
		<SimpleData name="LONSALAADM">0</SimpleData>
		<SimpleData name="LONSALVENT">0</SimpleData>
		<SimpleData name="SALAPROC">0</SimpleData>
		<SimpleData name="AREABODEGA">0</SimpleData>
		<SimpleData name="AREACAFRI">0</SimpleData>
		<SimpleData name="AREAREFUG">0</SimpleData>
		<SimpleData name="AREAGALPON">0</SimpleData>
		<SimpleData name="PROGRAMA">MEJORAMIENTO DE BORDE COSTERO</SimpleData>
		<SimpleData name="MXSITEID">DOP</SimpleData>
		<SimpleData name="COD_REG">0</SimpleData>
	</SchemaData></ExtendedData>
      <Point><coordinates>-73.521073261,-41.829318174</coordinates></Point>
  </Placemark>
  <Placemark id="infraestructura_portuaria.413">
	<ExtendedData><SchemaData schemaUrl="#infraestructura_portuaria">
		<SimpleData name="OBJECTID_1">413</SimpleData>
		<SimpleData name="OBJECTID">4169</SimpleData>
		<SimpleData name="TIPOOBRA">10</SimpleData>
		<SimpleData name="DESCOBRA">RAMPA EN COÑAB</SimpleData>
		<SimpleData name="LONMUROS">0</SimpleData>
		<SimpleData name="LONESCOLLE">0</SimpleData>
		<SimpleData name="LONMUELLE">0</SimpleData>
		<SimpleData name="LONRAMPCO">0</SimpleData>
		<SimpleData name="LONRAMPA">0</SimpleData>
		<SimpleData name="LONRAMPAVA">0</SimpleData>
		<SimpleData name="LONPONTON">0</SimpleData>
		<SimpleData name="LONCAMIAC">0</SimpleData>
		<SimpleData name="AREAEXPLAN">0</SimpleData>
		<SimpleData name="BOXUNI">0</SimpleData>
		<SimpleData name="BANO_UNI">0</SimpleData>
		<SimpleData name="TIPOGEOM">1</SimpleData>
		<SimpleData name="GLOBALID">{3503346C-787F-46AF-83A5-AE1EA0BF8F61}</SimpleData>
		<SimpleData name="SALAREUNI">0</SimpleData>
		<SimpleData name="PLAYAARTIF">0</SimpleData>
		<SimpleData name="PASEOCOSTE">0</SimpleData>
		<SimpleData name="ESTADOGRAL">MUY BUENO</SimpleData>
		<SimpleData name="GRUAOPESC">0</SimpleData>
		<SimpleData name="LONSALAADM">0</SimpleData>
		<SimpleData name="LONSALVENT">0</SimpleData>
		<SimpleData name="SALAPROC">0</SimpleData>
		<SimpleData name="AREABODEGA">0</SimpleData>
		<SimpleData name="AREACAFRI">0</SimpleData>
		<SimpleData name="AREAREFUG">0</SimpleData>
		<SimpleData name="AREAGALPON">0</SimpleData>
		<SimpleData name="PROGRAMA">CONEXIÓN</SimpleData>
		<SimpleData name="MXSITEID">DOP</SimpleData>
		<SimpleData name="COD_REG">0</SimpleData>
	</SchemaData></ExtendedData>
      <Point><coordinates>-73.491417556,-42.515576365</coordinates></Point>
  </Placemark>
  <Placemark id="infraestructura_portuaria.414">
	<ExtendedData><SchemaData schemaUrl="#infraestructura_portuaria">
		<SimpleData name="OBJECTID_1">414</SimpleData>
		<SimpleData name="OBJECTID">1857</SimpleData>
		<SimpleData name="CODOBRA">9-30</SimpleData>
		<SimpleData name="TIPOOBRA">MUELLE</SimpleData>
		<SimpleData name="DESCOBRA">MUELLE PASO EL ROBLE</SimpleData>
		<SimpleData name="CODCOMUNA">SAAVEDRA</SimpleData>
		<SimpleData name="LONMUROS">31</SimpleData>
		<SimpleData name="LONESCOLLE">0</SimpleData>
		<SimpleData name="LONMUELLE">30</SimpleData>
		<SimpleData name="LONRAMPCO">0</SimpleData>
		<SimpleData name="LONRAMPA">0</SimpleData>
		<SimpleData name="LONRAMPAVA">0</SimpleData>
		<SimpleData name="LONPONTON">0</SimpleData>
		<SimpleData name="LONCAMIAC">20</SimpleData>
		<SimpleData name="AREAEXPLAN">0</SimpleData>
		<SimpleData name="BOXUNI">0</SimpleData>
		<SimpleData name="BANO_UNI">0</SimpleData>
		<SimpleData name="TIPOGEOM">0</SimpleData>
		<SimpleData name="GLOBALID">{69059AF8-17D1-4CCA-97F7-B508BB6EC204}</SimpleData>
		<SimpleData name="SALAREUNI">0</SimpleData>
		<SimpleData name="PLAYAARTIF">0</SimpleData>
		<SimpleData name="PASEOCOSTE">0</SimpleData>
		<SimpleData name="ESTADOGRAL">MUY BUENO</SimpleData>
		<SimpleData name="GRUAOPESC">0</SimpleData>
		<SimpleData name="LONSALAADM">0</SimpleData>
		<SimpleData name="LONSALVENT">0</SimpleData>
		<SimpleData name="SALAPROC">0</SimpleData>
		<SimpleData name="AREABODEGA">0</SimpleData>
		<SimpleData name="AREACAFRI">0</SimpleData>
		<SimpleData name="AREAREFUG">1</SimpleData>
		<SimpleData name="AREAGALPON">0</SimpleData>
		<SimpleData name="PROGRAMA">CONEXIÓN</SimpleData>
		<SimpleData name="MXLOCATION">09116-13</SimpleData>
		<SimpleData name="MXSITEID">DOP</SimpleData>
		<SimpleData name="COD_REG">0</SimpleData>
	</SchemaData></ExtendedData>
      <Point><coordinates>-73.341480025,-38.827664867</coordinates></Point>
  </Placemark>
</Folder>
</Document></kml>
