<?xml version="1.0" encoding="utf-8" ?>
<kml xmlns="http://www.opengis.net/kml/2.2">
<Document id="root_doc">
<Schema name="red_aeroportuaria" id="red_aeroportuaria">
	<SimpleField name="OBJECTID" type="string"></SimpleField>
	<SimpleField name="LAYER" type="string"></SimpleField>
	<SimpleField name="F_html_xml" type="string"></SimpleField>
	<SimpleField name="KML_FOLDER" type="string"></SimpleField>
</Schema>
<Folder><name>red_aeroportuaria</name>
  <Placemark id="red_aeroportuaria.1">
	<ExtendedData><SchemaData schemaUrl="#red_aeroportuaria">
		<SimpleData name="OBJECTID">1</SimpleData>
		<SimpleData name="LAYER">Unknown Point Feature</SimpleData>
		<SimpleData name="KML_FOLDER">Aeropuertos</SimpleData>
	</SchemaData></ExtendedData>
      <Point><coordinates>-70.338611111,-18.348611111</coordinates></Point>
  </Placemark>
  <Placemark id="red_aeroportuaria.2">
	<ExtendedData><SchemaData schemaUrl="#red_aeroportuaria">
		<SimpleData name="OBJECTID">2</SimpleData>
		<SimpleData name="LAYER">Unknown Point Feature</SimpleData>
		<SimpleData name="KML_FOLDER">Aeropuertos</SimpleData>
	</SchemaData></ExtendedData>
      <Point><coordinates>-70.1813888889999,-20.535277778</coordinates></Point>
  </Placemark>
  <Placemark id="red_aeroportuaria.3">
	<ExtendedData><SchemaData schemaUrl="#red_aeroportuaria">
		<SimpleData name="OBJECTID">3</SimpleData>
		<SimpleData name="LAYER">Unknown Point Feature</SimpleData>
		<SimpleData name="KML_FOLDER">Aeropuertos</SimpleData>
	</SchemaData></ExtendedData>
      <Point><coordinates>-70.4449999999999,-23.4444444439999</coordinates></Point>
  </Placemark>
  <Placemark id="red_aeroportuaria.4">
	<ExtendedData><SchemaData schemaUrl="#red_aeroportuaria">
		<SimpleData name="OBJECTID">4</SimpleData>
		<SimpleData name="LAYER">Unknown Point Feature</SimpleData>
		<SimpleData name="KML_FOLDER">Aeropuertos</SimpleData>
	</SchemaData></ExtendedData>
      <Point><coordinates>-109.421666667,-27.164722222</coordinates></Point>
  </Placemark>
  <Placemark id="red_aeroportuaria.5">
	<ExtendedData><SchemaData schemaUrl="#red_aeroportuaria">
		<SimpleData name="OBJECTID">5</SimpleData>
		<SimpleData name="LAYER">Unknown Point Feature</SimpleData>
		<SimpleData name="KML_FOLDER">Aeropuertos</SimpleData>
	</SchemaData></ExtendedData>
      <Point><coordinates>-73.093888889,-41.4388888889999</coordinates></Point>
  </Placemark>
  <Placemark id="red_aeroportuaria.6">
	<ExtendedData><SchemaData schemaUrl="#red_aeroportuaria">
		<SimpleData name="OBJECTID">6</SimpleData>
		<SimpleData name="LAYER">Unknown Point Feature</SimpleData>
		<SimpleData name="KML_FOLDER">Aeropuertos</SimpleData>
	</SchemaData></ExtendedData>
      <Point><coordinates>-70.853611111,-53.0036111109999</coordinates></Point>
  </Placemark>
  <Placemark id="red_aeroportuaria.7">
	<ExtendedData><SchemaData schemaUrl="#red_aeroportuaria">
		<SimpleData name="OBJECTID">7</SimpleData>
		<SimpleData name="LAYER">Unknown Point Feature</SimpleData>
		<SimpleData name="KML_FOLDER">Aeropuertos</SimpleData>
	</SchemaData></ExtendedData>
      <Point><coordinates>-70.793888889,-33.3944444439999</coordinates></Point>
  </Placemark>
  <Placemark id="red_aeroportuaria.8">
	<ExtendedData><SchemaData schemaUrl="#red_aeroportuaria">
		<SimpleData name="OBJECTID">8</SimpleData>
		<SimpleData name="LAYER">Unknown Point Feature</SimpleData>
		<SimpleData name="KML_FOLDER">Aeródromos</SimpleData>
	</SchemaData></ExtendedData>
      <Point><coordinates>-68.903611111,-22.4983333329999</coordinates></Point>
  </Placemark>
  <Placemark id="red_aeroportuaria.9">
	<ExtendedData><SchemaData schemaUrl="#red_aeroportuaria">
		<SimpleData name="OBJECTID">9</SimpleData>
		<SimpleData name="LAYER">Unknown Point Feature</SimpleData>
		<SimpleData name="KML_FOLDER">Aeródromos</SimpleData>
	</SchemaData></ExtendedData>
      <Point><coordinates>-70.779166667,-27.2616666669999</coordinates></Point>
  </Placemark>
  <Placemark id="red_aeroportuaria.10">
	<ExtendedData><SchemaData schemaUrl="#red_aeroportuaria">
		<SimpleData name="OBJECTID">10</SimpleData>
		<SimpleData name="LAYER">Unknown Point Feature</SimpleData>
		<SimpleData name="KML_FOLDER">Aeródromos</SimpleData>
	</SchemaData></ExtendedData>
      <Point><coordinates>-71.1994444439999,-29.916388889</coordinates></Point>
  </Placemark>
  <Placemark id="red_aeroportuaria.11">
	<ExtendedData><SchemaData schemaUrl="#red_aeroportuaria">
		<SimpleData name="OBJECTID">11</SimpleData>
		<SimpleData name="LAYER">Unknown Point Feature</SimpleData>
		<SimpleData name="KML_FOLDER">Aeródromos</SimpleData>
	</SchemaData></ExtendedData>
      <Point><coordinates>-73.0630555559999,-36.772777778</coordinates></Point>
  </Placemark>
  <Placemark id="red_aeroportuaria.12">
	<ExtendedData><SchemaData schemaUrl="#red_aeroportuaria">
		<SimpleData name="OBJECTID">12</SimpleData>
		<SimpleData name="LAYER">Unknown Point Feature</SimpleData>
		<SimpleData name="KML_FOLDER">Aeródromos</SimpleData>
	</SchemaData></ExtendedData>
      <Point><coordinates>-72.6372222219999,-38.7669444439999</coordinates></Point>
  </Placemark>
  <Placemark id="red_aeroportuaria.13">
	<ExtendedData><SchemaData schemaUrl="#red_aeroportuaria">
		<SimpleData name="OBJECTID">13</SimpleData>
		<SimpleData name="LAYER">Unknown Point Feature</SimpleData>
		<SimpleData name="KML_FOLDER">Aeródromos</SimpleData>
	</SchemaData></ExtendedData>
      <Point><coordinates>-73.086388889,-39.649444444</coordinates></Point>
  </Placemark>
  <Placemark id="red_aeroportuaria.14">
	<ExtendedData><SchemaData schemaUrl="#red_aeroportuaria">
		<SimpleData name="OBJECTID">14</SimpleData>
		<SimpleData name="LAYER">Unknown Point Feature</SimpleData>
		<SimpleData name="KML_FOLDER">Aeródromos</SimpleData>
	</SchemaData></ExtendedData>
      <Point><coordinates>-73.0605555559999,-40.611388889</coordinates></Point>
  </Placemark>
  <Placemark id="red_aeroportuaria.15">
	<ExtendedData><SchemaData schemaUrl="#red_aeroportuaria">
		<SimpleData name="OBJECTID">15</SimpleData>
		<SimpleData name="LAYER">Unknown Point Feature</SimpleData>
		<SimpleData name="KML_FOLDER">Aeródromos</SimpleData>
	</SchemaData></ExtendedData>
      <Point><coordinates>-73.715694444,-42.3403888889999</coordinates></Point>
  </Placemark>
  <Placemark id="red_aeroportuaria.16">
	<ExtendedData><SchemaData schemaUrl="#red_aeroportuaria">
		<SimpleData name="OBJECTID">16</SimpleData>
		<SimpleData name="LAYER">Unknown Point Feature</SimpleData>
		<SimpleData name="KML_FOLDER">Aeródromos</SimpleData>
	</SchemaData></ExtendedData>
      <Point><coordinates>-71.6869444439999,-45.916388889</coordinates></Point>
  </Placemark>
  <Placemark id="red_aeroportuaria.17">
	<ExtendedData><SchemaData schemaUrl="#red_aeroportuaria">
		<SimpleData name="OBJECTID">17</SimpleData>
		<SimpleData name="LAYER">Unknown Point Feature</SimpleData>
		<SimpleData name="KML_FOLDER">Red Secundaria</SimpleData>
	</SchemaData></ExtendedData>
      <Point><coordinates>-69.765277778,-26.3113888889999</coordinates></Point>
  </Placemark>
  <Placemark id="red_aeroportuaria.18">
	<ExtendedData><SchemaData schemaUrl="#red_aeroportuaria">
		<SimpleData name="OBJECTID">18</SimpleData>
		<SimpleData name="LAYER">Unknown Point Feature</SimpleData>
		<SimpleData name="KML_FOLDER">Red Secundaria</SimpleData>
	</SchemaData></ExtendedData>
      <Point><coordinates>-70.7552777779999,-28.596111111</coordinates></Point>
  </Placemark>
  <Placemark id="red_aeroportuaria.19">
	<ExtendedData><SchemaData schemaUrl="#red_aeroportuaria">
		<SimpleData name="OBJECTID">19</SimpleData>
		<SimpleData name="LAYER">Unknown Point Feature</SimpleData>
		<SimpleData name="KML_FOLDER">Red Secundaria</SimpleData>
	</SchemaData></ExtendedData>
      <Point><coordinates>-71.478611111,-32.9497222219999</coordinates></Point>
  </Placemark>
  <Placemark id="red_aeroportuaria.20">
	<ExtendedData><SchemaData schemaUrl="#red_aeroportuaria">
		<SimpleData name="OBJECTID">20</SimpleData>
		<SimpleData name="LAYER">Unknown Point Feature</SimpleData>
		<SimpleData name="KML_FOLDER">Red Secundaria</SimpleData>
	</SchemaData></ExtendedData>
      <Point><coordinates>-72.031666667,-36.582777778</coordinates></Point>
  </Placemark>
  <Placemark id="red_aeroportuaria.21">
	<ExtendedData><SchemaData schemaUrl="#red_aeroportuaria">
		<SimpleData name="OBJECTID">21</SimpleData>
		<SimpleData name="LAYER">Unknown Point Feature</SimpleData>
		<SimpleData name="KML_FOLDER">Red Secundaria</SimpleData>
	</SchemaData></ExtendedData>
      <Point><coordinates>-72.4255555559999,-37.401944444</coordinates></Point>
  </Placemark>
  <Placemark id="red_aeroportuaria.22">
	<ExtendedData><SchemaData schemaUrl="#red_aeroportuaria">
		<SimpleData name="OBJECTID">22</SimpleData>
		<SimpleData name="LAYER">Unknown Point Feature</SimpleData>
		<SimpleData name="KML_FOLDER">Red Secundaria</SimpleData>
	</SchemaData></ExtendedData>
      <Point><coordinates>-71.916111111,-39.292222222</coordinates></Point>
  </Placemark>
  <Placemark id="red_aeroportuaria.23">
	<ExtendedData><SchemaData schemaUrl="#red_aeroportuaria">
		<SimpleData name="OBJECTID">23</SimpleData>
		<SimpleData name="LAYER">Unknown Point Feature</SimpleData>
		<SimpleData name="KML_FOLDER">Red Secundaria</SimpleData>
	</SchemaData></ExtendedData>
      <Point><coordinates>-72.106111111,-45.594166667</coordinates></Point>
  </Placemark>
  <Placemark id="red_aeroportuaria.24">
	<ExtendedData><SchemaData schemaUrl="#red_aeroportuaria">
		<SimpleData name="OBJECTID">24</SimpleData>
		<SimpleData name="LAYER">Unknown Point Feature</SimpleData>
		<SimpleData name="KML_FOLDER">Red Secundaria</SimpleData>
	</SchemaData></ExtendedData>
      <Point><coordinates>-58.986666667,-62.1908333329999</coordinates></Point>
  </Placemark>
  <Placemark id="red_aeroportuaria.25">
	<ExtendedData><SchemaData schemaUrl="#red_aeroportuaria">
		<SimpleData name="OBJECTID">25</SimpleData>
		<SimpleData name="LAYER">Unknown Point Feature</SimpleData>
		<SimpleData name="KML_FOLDER">Red Secundaria</SimpleData>
	</SchemaData></ExtendedData>
      <Point><coordinates>-70.333333333,-53.2499999999999</coordinates></Point>
  </Placemark>
  <Placemark id="red_aeroportuaria.26">
	<ExtendedData><SchemaData schemaUrl="#red_aeroportuaria">
		<SimpleData name="OBJECTID">26</SimpleData>
		<SimpleData name="LAYER">Unknown Point Feature</SimpleData>
		<SimpleData name="KML_FOLDER">Red Secundaria</SimpleData>
	</SchemaData></ExtendedData>
      <Point><coordinates>-72.528611111,-51.670833333</coordinates></Point>
  </Placemark>
  <Placemark id="red_aeroportuaria.27">
	<ExtendedData><SchemaData schemaUrl="#red_aeroportuaria">
		<SimpleData name="OBJECTID">27</SimpleData>
		<SimpleData name="LAYER">Unknown Point Feature</SimpleData>
		<SimpleData name="KML_FOLDER">Red Secundaria</SimpleData>
	</SchemaData></ExtendedData>
      <Point><coordinates>-67.6261111109999,-54.931111111</coordinates></Point>
  </Placemark>
  <Placemark id="red_aeroportuaria.28">
	<ExtendedData><SchemaData schemaUrl="#red_aeroportuaria">
		<SimpleData name="OBJECTID">28</SimpleData>
		<SimpleData name="LAYER">Unknown Point Feature</SimpleData>
		<SimpleData name="KML_FOLDER">Red Secundaria</SimpleData>
	</SchemaData></ExtendedData>
      <Point><coordinates>-70.547222222,-33.4569444439999</coordinates></Point>
  </Placemark>
  <Placemark id="red_aeroportuaria.29">
	<ExtendedData><SchemaData schemaUrl="#red_aeroportuaria">
		<SimpleData name="OBJECTID">29</SimpleData>
		<SimpleData name="LAYER">Unknown Point Feature</SimpleData>
		<SimpleData name="KML_FOLDER">PAD Fiscal</SimpleData>
	</SchemaData></ExtendedData>
      <Point><coordinates>-68.158333333,-22.921666667</coordinates></Point>
  </Placemark>
  <Placemark id="red_aeroportuaria.30">
	<ExtendedData><SchemaData schemaUrl="#red_aeroportuaria">
		<SimpleData name="OBJECTID">30</SimpleData>
		<SimpleData name="LAYER">Unknown Point Feature</SimpleData>
		<SimpleData name="KML_FOLDER">PAD Fiscal</SimpleData>
	</SchemaData></ExtendedData>
      <Point><coordinates>-70.3758333329999,-25.5638888889999</coordinates></Point>
  </Placemark>
  <Placemark id="red_aeroportuaria.31">
	<ExtendedData><SchemaData schemaUrl="#red_aeroportuaria">
		<SimpleData name="OBJECTID">31</SimpleData>
		<SimpleData name="LAYER">Unknown Point Feature</SimpleData>
		<SimpleData name="KML_FOLDER">PAD Fiscal</SimpleData>
	</SchemaData></ExtendedData>
      <Point><coordinates>-70.0624999999999,-22.1408333329999</coordinates></Point>
  </Placemark>
  <Placemark id="red_aeroportuaria.32">
	<ExtendedData><SchemaData schemaUrl="#red_aeroportuaria">
		<SimpleData name="OBJECTID">32</SimpleData>
		<SimpleData name="LAYER">Unknown Point Feature</SimpleData>
		<SimpleData name="KML_FOLDER">PAD Fiscal</SimpleData>
	</SchemaData></ExtendedData>
      <Point><coordinates>-70.607222222,-26.3325</coordinates></Point>
  </Placemark>
  <Placemark id="red_aeroportuaria.33">
	<ExtendedData><SchemaData schemaUrl="#red_aeroportuaria">
		<SimpleData name="OBJECTID">33</SimpleData>
		<SimpleData name="LAYER">Unknown Point Feature</SimpleData>
		<SimpleData name="KML_FOLDER">PAD Fiscal</SimpleData>
	</SchemaData></ExtendedData>
      <Point><coordinates>-70.795277778,-27.0783333329999</coordinates></Point>
  </Placemark>
  <Placemark id="red_aeroportuaria.34">
	<ExtendedData><SchemaData schemaUrl="#red_aeroportuaria">
		<SimpleData name="OBJECTID">34</SimpleData>
		<SimpleData name="LAYER">Unknown Point Feature</SimpleData>
		<SimpleData name="KML_FOLDER">PAD Fiscal</SimpleData>
	</SchemaData></ExtendedData>
      <Point><coordinates>-70.413611111,-27.296666667</coordinates></Point>
  </Placemark>
  <Placemark id="red_aeroportuaria.35">
	<ExtendedData><SchemaData schemaUrl="#red_aeroportuaria">
		<SimpleData name="OBJECTID">35</SimpleData>
		<SimpleData name="LAYER">Unknown Point Feature</SimpleData>
		<SimpleData name="KML_FOLDER">PAD Fiscal</SimpleData>
	</SchemaData></ExtendedData>
      <Point><coordinates>-71.145702778,-28.099077778</coordinates></Point>
  </Placemark>
  <Placemark id="red_aeroportuaria.36">
	<ExtendedData><SchemaData schemaUrl="#red_aeroportuaria">
		<SimpleData name="OBJECTID">36</SimpleData>
		<SimpleData name="LAYER">Unknown Point Feature</SimpleData>
		<SimpleData name="KML_FOLDER">PAD Fiscal</SimpleData>
	</SchemaData></ExtendedData>
      <Point><coordinates>-71.07075,-31.220419444</coordinates></Point>
  </Placemark>
  <Placemark id="red_aeroportuaria.37">
	<ExtendedData><SchemaData schemaUrl="#red_aeroportuaria">
		<SimpleData name="OBJECTID">37</SimpleData>
		<SimpleData name="LAYER">Unknown Point Feature</SimpleData>
		<SimpleData name="KML_FOLDER">PAD Fiscal</SimpleData>
	</SchemaData></ExtendedData>
      <Point><coordinates>-71.110833333,-31.577777778</coordinates></Point>
  </Placemark>
  <Placemark id="red_aeroportuaria.38">
	<ExtendedData><SchemaData schemaUrl="#red_aeroportuaria">
		<SimpleData name="OBJECTID">38</SimpleData>
		<SimpleData name="LAYER">Unknown Point Feature</SimpleData>
		<SimpleData name="KML_FOLDER">PAD Fiscal</SimpleData>
	</SchemaData></ExtendedData>
      <Point><coordinates>-71.176111111,-30.559444444</coordinates></Point>
  </Placemark>
  <Placemark id="red_aeroportuaria.39">
	<ExtendedData><SchemaData schemaUrl="#red_aeroportuaria">
		<SimpleData name="OBJECTID">39</SimpleData>
		<SimpleData name="LAYER">Unknown Point Feature</SimpleData>
		<SimpleData name="KML_FOLDER">PAD Fiscal</SimpleData>
	</SchemaData></ExtendedData>
      <Point><coordinates>-71.5077777779999,-32.146111111</coordinates></Point>
  </Placemark>
  <Placemark id="red_aeroportuaria.40">
	<ExtendedData><SchemaData schemaUrl="#red_aeroportuaria">
		<SimpleData name="OBJECTID">40</SimpleData>
		<SimpleData name="LAYER">Unknown Point Feature</SimpleData>
		<SimpleData name="KML_FOLDER">PAD Fiscal</SimpleData>
	</SchemaData></ExtendedData>
      <Point><coordinates>-71.0133333329999,-31.786111111</coordinates></Point>
  </Placemark>
  <Placemark id="red_aeroportuaria.41">
	<ExtendedData><SchemaData schemaUrl="#red_aeroportuaria">
		<SimpleData name="OBJECTID">41</SimpleData>
		<SimpleData name="LAYER">Unknown Point Feature</SimpleData>
		<SimpleData name="KML_FOLDER">PAD Fiscal</SimpleData>
	</SchemaData></ExtendedData>
      <Point><coordinates>-78.9291666669999,-33.665833333</coordinates></Point>
  </Placemark>
  <Placemark id="red_aeroportuaria.42">
	<ExtendedData><SchemaData schemaUrl="#red_aeroportuaria">
		<SimpleData name="OBJECTID">42</SimpleData>
		<SimpleData name="LAYER">Unknown Point Feature</SimpleData>
		<SimpleData name="KML_FOLDER">PAD Fiscal</SimpleData>
	</SchemaData></ExtendedData>
      <Point><coordinates>-70.705,-32.745833333</coordinates></Point>
  </Placemark>
  <Placemark id="red_aeroportuaria.43">
	<ExtendedData><SchemaData schemaUrl="#red_aeroportuaria">
		<SimpleData name="OBJECTID">43</SimpleData>
		<SimpleData name="LAYER">Unknown Point Feature</SimpleData>
		<SimpleData name="KML_FOLDER">PAD Fiscal</SimpleData>
	</SchemaData></ExtendedData>
      <Point><coordinates>-71.615833333,-33.656666667</coordinates></Point>
  </Placemark>
  <Placemark id="red_aeroportuaria.44">
	<ExtendedData><SchemaData schemaUrl="#red_aeroportuaria">
		<SimpleData name="OBJECTID">44</SimpleData>
		<SimpleData name="LAYER">Unknown Point Feature</SimpleData>
		<SimpleData name="KML_FOLDER">PAD Fiscal</SimpleData>
	</SchemaData></ExtendedData>
      <Point><coordinates>-72.019722222,-34.395833333</coordinates></Point>
  </Placemark>
  <Placemark id="red_aeroportuaria.45">
	<ExtendedData><SchemaData schemaUrl="#red_aeroportuaria">
		<SimpleData name="OBJECTID">45</SimpleData>
		<SimpleData name="LAYER">Unknown Point Feature</SimpleData>
		<SimpleData name="KML_FOLDER">PAD Fiscal</SimpleData>
	</SchemaData></ExtendedData>
      <Point><coordinates>-72.225,-35.971388889</coordinates></Point>
  </Placemark>
  <Placemark id="red_aeroportuaria.46">
	<ExtendedData><SchemaData schemaUrl="#red_aeroportuaria">
		<SimpleData name="OBJECTID">46</SimpleData>
		<SimpleData name="LAYER">Unknown Point Feature</SimpleData>
		<SimpleData name="KML_FOLDER">PAD Fiscal</SimpleData>
	</SchemaData></ExtendedData>
      <Point><coordinates>-71.216388889,-34.965833333</coordinates></Point>
  </Placemark>
  <Placemark id="red_aeroportuaria.47">
	<ExtendedData><SchemaData schemaUrl="#red_aeroportuaria">
		<SimpleData name="OBJECTID">47</SimpleData>
		<SimpleData name="LAYER">Unknown Point Feature</SimpleData>
		<SimpleData name="KML_FOLDER">PAD Fiscal</SimpleData>
	</SchemaData></ExtendedData>
      <Point><coordinates>-71.547777778,-35.860555556</coordinates></Point>
  </Placemark>
  <Placemark id="red_aeroportuaria.48">
	<ExtendedData><SchemaData schemaUrl="#red_aeroportuaria">
		<SimpleData name="OBJECTID">48</SimpleData>
		<SimpleData name="LAYER">Unknown Point Feature</SimpleData>
		<SimpleData name="KML_FOLDER">PAD Fiscal</SimpleData>
	</SchemaData></ExtendedData>
      <Point><coordinates>-72.050833333,-34.783333333</coordinates></Point>
  </Placemark>
  <Placemark id="red_aeroportuaria.49">
	<ExtendedData><SchemaData schemaUrl="#red_aeroportuaria">
		<SimpleData name="OBJECTID">49</SimpleData>
		<SimpleData name="LAYER">Unknown Point Feature</SimpleData>
		<SimpleData name="KML_FOLDER">PAD Fiscal</SimpleData>
	</SchemaData></ExtendedData>
      <Point><coordinates>-72.645833333,-35.854444444</coordinates></Point>
  </Placemark>
  <Placemark id="red_aeroportuaria.50">
	<ExtendedData><SchemaData schemaUrl="#red_aeroportuaria">
		<SimpleData name="OBJECTID">50</SimpleData>
		<SimpleData name="LAYER">Unknown Point Feature</SimpleData>
		<SimpleData name="KML_FOLDER">PAD Fiscal</SimpleData>
	</SchemaData></ExtendedData>
      <Point><coordinates>-73.3833333329999,-37.775</coordinates></Point>
  </Placemark>
  <Placemark id="red_aeroportuaria.51">
	<ExtendedData><SchemaData schemaUrl="#red_aeroportuaria">
		<SimpleData name="OBJECTID">51</SimpleData>
		<SimpleData name="LAYER">Unknown Point Feature</SimpleData>
		<SimpleData name="KML_FOLDER">PAD Fiscal</SimpleData>
	</SchemaData></ExtendedData>
      <Point><coordinates>-72.804722222,-36.1222222219999</coordinates></Point>
  </Placemark>
  <Placemark id="red_aeroportuaria.52">
	<ExtendedData><SchemaData schemaUrl="#red_aeroportuaria">
		<SimpleData name="OBJECTID">52</SimpleData>
		<SimpleData name="LAYER">Unknown Point Feature</SimpleData>
		<SimpleData name="KML_FOLDER">PAD Fiscal</SimpleData>
	</SchemaData></ExtendedData>
      <Point><coordinates>-73.868611111,-38.3847222219999</coordinates></Point>
  </Placemark>
  <Placemark id="red_aeroportuaria.53">
	<ExtendedData><SchemaData schemaUrl="#red_aeroportuaria">
		<SimpleData name="OBJECTID">53</SimpleData>
		<SimpleData name="LAYER">Unknown Point Feature</SimpleData>
		<SimpleData name="KML_FOLDER">PAD Fiscal</SimpleData>
	</SchemaData></ExtendedData>
      <Point><coordinates>-73.508055556,-37.029166667</coordinates></Point>
  </Placemark>
  <Placemark id="red_aeroportuaria.54">
	<ExtendedData><SchemaData schemaUrl="#red_aeroportuaria">
		<SimpleData name="OBJECTID">54</SimpleData>
		<SimpleData name="LAYER">Unknown Point Feature</SimpleData>
		<SimpleData name="KML_FOLDER">PAD Fiscal</SimpleData>
	</SchemaData></ExtendedData>
      <Point><coordinates>-73.489722222,-38.361666667</coordinates></Point>
  </Placemark>
  <Placemark id="red_aeroportuaria.55">
	<ExtendedData><SchemaData schemaUrl="#red_aeroportuaria">
		<SimpleData name="OBJECTID">55</SimpleData>
		<SimpleData name="LAYER">Unknown Point Feature</SimpleData>
		<SimpleData name="KML_FOLDER">PAD Fiscal</SimpleData>
	</SchemaData></ExtendedData>
      <Point><coordinates>-72.6877777779999,-37.793888889</coordinates></Point>
  </Placemark>
  <Placemark id="red_aeroportuaria.56">
	<ExtendedData><SchemaData schemaUrl="#red_aeroportuaria">
		<SimpleData name="OBJECTID">56</SimpleData>
		<SimpleData name="LAYER">Unknown Point Feature</SimpleData>
		<SimpleData name="KML_FOLDER">PAD Fiscal</SimpleData>
	</SchemaData></ExtendedData>
      <Point><coordinates>-71.356944444,-38.4486111109999</coordinates></Point>
  </Placemark>
  <Placemark id="red_aeroportuaria.57">
	<ExtendedData><SchemaData schemaUrl="#red_aeroportuaria">
		<SimpleData name="OBJECTID">57</SimpleData>
		<SimpleData name="LAYER">Unknown Point Feature</SimpleData>
		<SimpleData name="KML_FOLDER">PAD Fiscal</SimpleData>
	</SchemaData></ExtendedData>
      <Point><coordinates>-72.661666667,-38.271111111</coordinates></Point>
  </Placemark>
  <Placemark id="red_aeroportuaria.58">
	<ExtendedData><SchemaData schemaUrl="#red_aeroportuaria">
		<SimpleData name="OBJECTID">58</SimpleData>
		<SimpleData name="LAYER">Unknown Point Feature</SimpleData>
		<SimpleData name="KML_FOLDER">PAD Fiscal</SimpleData>
	</SchemaData></ExtendedData>
      <Point><coordinates>-72.348333333,-38.244444444</coordinates></Point>
  </Placemark>
  <Placemark id="red_aeroportuaria.59">
	<ExtendedData><SchemaData schemaUrl="#red_aeroportuaria">
		<SimpleData name="OBJECTID">59</SimpleData>
		<SimpleData name="LAYER">Unknown Point Feature</SimpleData>
		<SimpleData name="KML_FOLDER">PAD Fiscal</SimpleData>
	</SchemaData></ExtendedData>
      <Point><coordinates>-72.358611111,-39.655555556</coordinates></Point>
  </Placemark>
  <Placemark id="red_aeroportuaria.60">
	<ExtendedData><SchemaData schemaUrl="#red_aeroportuaria">
		<SimpleData name="OBJECTID">60</SimpleData>
		<SimpleData name="LAYER">Unknown Point Feature</SimpleData>
		<SimpleData name="KML_FOLDER">PAD Fiscal</SimpleData>
	</SchemaData></ExtendedData>
      <Point><coordinates>-73.2416666669999,-39.796388889</coordinates></Point>
  </Placemark>
  <Placemark id="red_aeroportuaria.61">
	<ExtendedData><SchemaData schemaUrl="#red_aeroportuaria">
		<SimpleData name="OBJECTID">61</SimpleData>
		<SimpleData name="LAYER">Unknown Point Feature</SimpleData>
		<SimpleData name="KML_FOLDER">PAD Fiscal</SimpleData>
	</SchemaData></ExtendedData>
      <Point><coordinates>-73.524722222,-42.4494444439999</coordinates></Point>
  </Placemark>
  <Placemark id="red_aeroportuaria.62">
	<ExtendedData><SchemaData schemaUrl="#red_aeroportuaria">
		<SimpleData name="OBJECTID">62</SimpleData>
		<SimpleData name="LAYER">Unknown Point Feature</SimpleData>
		<SimpleData name="KML_FOLDER">PAD Fiscal</SimpleData>
	</SchemaData></ExtendedData>
      <Point><coordinates>-73.7963889009999,-41.8999999989999</coordinates></Point>
  </Placemark>
  <Placemark id="red_aeroportuaria.63">
	<ExtendedData><SchemaData schemaUrl="#red_aeroportuaria">
		<SimpleData name="OBJECTID">63</SimpleData>
		<SimpleData name="LAYER">Unknown Point Feature</SimpleData>
		<SimpleData name="KML_FOLDER">PAD Fiscal</SimpleData>
	</SchemaData></ExtendedData>
      <Point><coordinates>-72.7877777799999,-42.307500004</coordinates></Point>
  </Placemark>
  <Placemark id="red_aeroportuaria.64">
	<ExtendedData><SchemaData schemaUrl="#red_aeroportuaria">
		<SimpleData name="OBJECTID">64</SimpleData>
		<SimpleData name="LAYER">Unknown Point Feature</SimpleData>
		<SimpleData name="KML_FOLDER">PAD Fiscal</SimpleData>
	</SchemaData></ExtendedData>
      <Point><coordinates>-72.793611111,-42.845833333</coordinates></Point>
  </Placemark>
  <Placemark id="red_aeroportuaria.65">
	<ExtendedData><SchemaData schemaUrl="#red_aeroportuaria">
		<SimpleData name="OBJECTID">65</SimpleData>
		<SimpleData name="LAYER">Unknown Point Feature</SimpleData>
		<SimpleData name="KML_FOLDER">PAD Fiscal</SimpleData>
	</SchemaData></ExtendedData>
      <Point><coordinates>-72.834722222,-42.700555556</coordinates></Point>
  </Placemark>
  <Placemark id="red_aeroportuaria.66">
	<ExtendedData><SchemaData schemaUrl="#red_aeroportuaria">
		<SimpleData name="OBJECTID">66</SimpleData>
		<SimpleData name="LAYER">Unknown Point Feature</SimpleData>
		<SimpleData name="KML_FOLDER">PAD Fiscal</SimpleData>
	</SchemaData></ExtendedData>
      <Point><coordinates>-72.6947222219999,-42.226666667</coordinates></Point>
  </Placemark>
  <Placemark id="red_aeroportuaria.67">
	<ExtendedData><SchemaData schemaUrl="#red_aeroportuaria">
		<SimpleData name="OBJECTID">67</SimpleData>
		<SimpleData name="LAYER">Unknown Point Feature</SimpleData>
		<SimpleData name="KML_FOLDER">PAD Fiscal</SimpleData>
	</SchemaData></ExtendedData>
      <Point><coordinates>-72.3074999999999,-41.482777778</coordinates></Point>
  </Placemark>
  <Placemark id="red_aeroportuaria.68">
	<ExtendedData><SchemaData schemaUrl="#red_aeroportuaria">
		<SimpleData name="OBJECTID">68</SimpleData>
		<SimpleData name="LAYER">Unknown Point Feature</SimpleData>
		<SimpleData name="KML_FOLDER">PAD Fiscal</SimpleData>
	</SchemaData></ExtendedData>
      <Point><coordinates>-72.721111111,-41.8</coordinates></Point>
  </Placemark>
  <Placemark id="red_aeroportuaria.69">
	<ExtendedData><SchemaData schemaUrl="#red_aeroportuaria">
		<SimpleData name="OBJECTID">69</SimpleData>
		<SimpleData name="LAYER">Unknown Point Feature</SimpleData>
		<SimpleData name="KML_FOLDER">PAD Fiscal</SimpleData>
	</SchemaData></ExtendedData>
      <Point><coordinates>-71.850555556,-43.1888888889999</coordinates></Point>
  </Placemark>
  <Placemark id="red_aeroportuaria.70">
	<ExtendedData><SchemaData schemaUrl="#red_aeroportuaria">
		<SimpleData name="OBJECTID">70</SimpleData>
		<SimpleData name="LAYER">Unknown Point Feature</SimpleData>
		<SimpleData name="KML_FOLDER">PAD Fiscal</SimpleData>
	</SchemaData></ExtendedData>
      <Point><coordinates>-72.6905555559999,-42.027222222</coordinates></Point>
  </Placemark>
  <Placemark id="red_aeroportuaria.71">
	<ExtendedData><SchemaData schemaUrl="#red_aeroportuaria">
		<SimpleData name="OBJECTID">71</SimpleData>
		<SimpleData name="LAYER">Unknown Point Feature</SimpleData>
		<SimpleData name="KML_FOLDER">PAD Fiscal</SimpleData>
	</SchemaData></ExtendedData>
      <Point><coordinates>-73.209444444,-42.605</coordinates></Point>
  </Placemark>
  <Placemark id="red_aeroportuaria.72">
	<ExtendedData><SchemaData schemaUrl="#red_aeroportuaria">
		<SimpleData name="OBJECTID">72</SimpleData>
		<SimpleData name="LAYER">Unknown Point Feature</SimpleData>
		<SimpleData name="KML_FOLDER">PAD Fiscal</SimpleData>
	</SchemaData></ExtendedData>
      <Point><coordinates>-73.142777778,-42.308333333</coordinates></Point>
  </Placemark>
  <Placemark id="red_aeroportuaria.73">
	<ExtendedData><SchemaData schemaUrl="#red_aeroportuaria">
		<SimpleData name="OBJECTID">73</SimpleData>
		<SimpleData name="LAYER">Unknown Point Feature</SimpleData>
		<SimpleData name="KML_FOLDER">PAD Fiscal</SimpleData>
	</SchemaData></ExtendedData>
      <Point><coordinates>-71.9394444439999,-41.869444444</coordinates></Point>
  </Placemark>
  <Placemark id="red_aeroportuaria.74">
	<ExtendedData><SchemaData schemaUrl="#red_aeroportuaria">
		<SimpleData name="OBJECTID">74</SimpleData>
		<SimpleData name="LAYER">Unknown Point Feature</SimpleData>
		<SimpleData name="KML_FOLDER">PAD Fiscal</SimpleData>
	</SchemaData></ExtendedData>
      <Point><coordinates>-72.0133333329999,-41.056944444</coordinates></Point>
  </Placemark>
  <Placemark id="red_aeroportuaria.75">
	<ExtendedData><SchemaData schemaUrl="#red_aeroportuaria">
		<SimpleData name="OBJECTID">75</SimpleData>
		<SimpleData name="LAYER">Unknown Point Feature</SimpleData>
		<SimpleData name="KML_FOLDER">PAD Fiscal</SimpleData>
	</SchemaData></ExtendedData>
      <Point><coordinates>-72.3,-41.658333333</coordinates></Point>
  </Placemark>
  <Placemark id="red_aeroportuaria.76">
	<ExtendedData><SchemaData schemaUrl="#red_aeroportuaria">
		<SimpleData name="OBJECTID">76</SimpleData>
		<SimpleData name="LAYER">Unknown Point Feature</SimpleData>
		<SimpleData name="KML_FOLDER">PAD Fiscal</SimpleData>
	</SchemaData></ExtendedData>
      <Point><coordinates>-73.473888889,-42.893888889</coordinates></Point>
  </Placemark>
  <Placemark id="red_aeroportuaria.77">
	<ExtendedData><SchemaData schemaUrl="#red_aeroportuaria">
		<SimpleData name="OBJECTID">77</SimpleData>
		<SimpleData name="LAYER">Unknown Point Feature</SimpleData>
		<SimpleData name="KML_FOLDER">PAD Fiscal</SimpleData>
	</SchemaData></ExtendedData>
      <Point><coordinates>-73.634166667,-43.1352777779999</coordinates></Point>
  </Placemark>
  <Placemark id="red_aeroportuaria.78">
	<ExtendedData><SchemaData schemaUrl="#red_aeroportuaria">
		<SimpleData name="OBJECTID">78</SimpleData>
		<SimpleData name="LAYER">Unknown Point Feature</SimpleData>
		<SimpleData name="KML_FOLDER">PAD Fiscal</SimpleData>
	</SchemaData></ExtendedData>
      <Point><coordinates>-73.52,-42.155555556</coordinates></Point>
  </Placemark>
  <Placemark id="red_aeroportuaria.79">
	<ExtendedData><SchemaData schemaUrl="#red_aeroportuaria">
		<SimpleData name="OBJECTID">79</SimpleData>
		<SimpleData name="LAYER">Unknown Point Feature</SimpleData>
		<SimpleData name="KML_FOLDER">PAD Fiscal</SimpleData>
	</SchemaData></ExtendedData>
      <Point><coordinates>-71.910555556,-41.7424999999999</coordinates></Point>
  </Placemark>
  <Placemark id="red_aeroportuaria.80">
	<ExtendedData><SchemaData schemaUrl="#red_aeroportuaria">
		<SimpleData name="OBJECTID">80</SimpleData>
		<SimpleData name="LAYER">Unknown Point Feature</SimpleData>
		<SimpleData name="KML_FOLDER">PAD Fiscal</SimpleData>
	</SchemaData></ExtendedData>
      <Point><coordinates>-72.4525,-41.961388889</coordinates></Point>
  </Placemark>
  <Placemark id="red_aeroportuaria.81">
	<ExtendedData><SchemaData schemaUrl="#red_aeroportuaria">
		<SimpleData name="OBJECTID">81</SimpleData>
		<SimpleData name="LAYER">Unknown Point Feature</SimpleData>
		<SimpleData name="KML_FOLDER">PAD Fiscal</SimpleData>
	</SchemaData></ExtendedData>
      <Point><coordinates>-71.862777778,-42.0741666669999</coordinates></Point>
  </Placemark>
  <Placemark id="red_aeroportuaria.82">
	<ExtendedData><SchemaData schemaUrl="#red_aeroportuaria">
		<SimpleData name="OBJECTID">82</SimpleData>
		<SimpleData name="LAYER">Unknown Point Feature</SimpleData>
		<SimpleData name="KML_FOLDER">PAD Fiscal</SimpleData>
	</SchemaData></ExtendedData>
      <Point><coordinates>-73.533333333,-47.786944444</coordinates></Point>
  </Placemark>
  <Placemark id="red_aeroportuaria.83">
	<ExtendedData><SchemaData schemaUrl="#red_aeroportuaria">
		<SimpleData name="OBJECTID">83</SimpleData>
		<SimpleData name="LAYER">Unknown Point Feature</SimpleData>
		<SimpleData name="KML_FOLDER">PAD Fiscal</SimpleData>
	</SchemaData></ExtendedData>
      <Point><coordinates>-71.6866666669999,-46.582777778</coordinates></Point>
  </Placemark>
  <Placemark id="red_aeroportuaria.84">
	<ExtendedData><SchemaData schemaUrl="#red_aeroportuaria">
		<SimpleData name="OBJECTID">84</SimpleData>
		<SimpleData name="LAYER">Unknown Point Feature</SimpleData>
		<SimpleData name="KML_FOLDER">PAD Fiscal</SimpleData>
	</SchemaData></ExtendedData>
      <Point><coordinates>-72.587758333,-47.2435694439999</coordinates></Point>
  </Placemark>
  <Placemark id="red_aeroportuaria.85">
	<ExtendedData><SchemaData schemaUrl="#red_aeroportuaria">
		<SimpleData name="OBJECTID">85</SimpleData>
		<SimpleData name="LAYER">Unknown Point Feature</SimpleData>
		<SimpleData name="KML_FOLDER">PAD Fiscal</SimpleData>
	</SchemaData></ExtendedData>
      <Point><coordinates>-72.220272456,-46.548799056</coordinates></Point>
  </Placemark>
  <Placemark id="red_aeroportuaria.86">
	<ExtendedData><SchemaData schemaUrl="#red_aeroportuaria">
		<SimpleData name="OBJECTID">86</SimpleData>
		<SimpleData name="LAYER">Unknown Point Feature</SimpleData>
		<SimpleData name="KML_FOLDER">PAD Fiscal</SimpleData>
	</SchemaData></ExtendedData>
      <Point><coordinates>-72.328333333,-48.2011111109999</coordinates></Point>
  </Placemark>
  <Placemark id="red_aeroportuaria.87">
	<ExtendedData><SchemaData schemaUrl="#red_aeroportuaria">
		<SimpleData name="OBJECTID">87</SimpleData>
		<SimpleData name="LAYER">Unknown Point Feature</SimpleData>
		<SimpleData name="KML_FOLDER">PAD Fiscal</SimpleData>
	</SchemaData></ExtendedData>
      <Point><coordinates>-71.9930555559999,-47.166388889</coordinates></Point>
  </Placemark>
  <Placemark id="red_aeroportuaria.88">
	<ExtendedData><SchemaData schemaUrl="#red_aeroportuaria">
		<SimpleData name="OBJECTID">88</SimpleData>
		<SimpleData name="LAYER">Unknown Point Feature</SimpleData>
		<SimpleData name="KML_FOLDER">PAD Fiscal</SimpleData>
	</SchemaData></ExtendedData>
      <Point><coordinates>-73.5133333329999,-45.148888889</coordinates></Point>
  </Placemark>
  <Placemark id="red_aeroportuaria.89">
	<ExtendedData><SchemaData schemaUrl="#red_aeroportuaria">
		<SimpleData name="OBJECTID">89</SimpleData>
		<SimpleData name="LAYER">Unknown Point Feature</SimpleData>
		<SimpleData name="KML_FOLDER">PAD Fiscal</SimpleData>
	</SchemaData></ExtendedData>
      <Point><coordinates>-72.413055556,-43.978055556</coordinates></Point>
  </Placemark>
  <Placemark id="red_aeroportuaria.90">
	<ExtendedData><SchemaData schemaUrl="#red_aeroportuaria">
		<SimpleData name="OBJECTID">90</SimpleData>
		<SimpleData name="LAYER">Unknown Point Feature</SimpleData>
		<SimpleData name="KML_FOLDER">PAD Fiscal</SimpleData>
	</SchemaData></ExtendedData>
      <Point><coordinates>-71.852222222,-44.23</coordinates></Point>
  </Placemark>
  <Placemark id="red_aeroportuaria.91">
	<ExtendedData><SchemaData schemaUrl="#red_aeroportuaria">
		<SimpleData name="OBJECTID">91</SimpleData>
		<SimpleData name="LAYER">Unknown Point Feature</SimpleData>
		<SimpleData name="KML_FOLDER">PAD Fiscal</SimpleData>
	</SchemaData></ExtendedData>
      <Point><coordinates>-73.861666667,-46.6397222219999</coordinates></Point>
  </Placemark>
  <Placemark id="red_aeroportuaria.92">
	<ExtendedData><SchemaData schemaUrl="#red_aeroportuaria">
		<SimpleData name="OBJECTID">92</SimpleData>
		<SimpleData name="LAYER">Unknown Point Feature</SimpleData>
		<SimpleData name="KML_FOLDER">PAD Fiscal</SimpleData>
	</SchemaData></ExtendedData>
      <Point><coordinates>-73.7387166669999,-43.8944444439999</coordinates></Point>
  </Placemark>
  <Placemark id="red_aeroportuaria.93">
	<ExtendedData><SchemaData schemaUrl="#red_aeroportuaria">
		<SimpleData name="OBJECTID">93</SimpleData>
		<SimpleData name="LAYER">Unknown Point Feature</SimpleData>
		<SimpleData name="KML_FOLDER">PAD Fiscal</SimpleData>
	</SchemaData></ExtendedData>
      <Point><coordinates>-72.670277778,-45.399166667</coordinates></Point>
  </Placemark>
  <Placemark id="red_aeroportuaria.94">
	<ExtendedData><SchemaData schemaUrl="#red_aeroportuaria">
		<SimpleData name="OBJECTID">94</SimpleData>
		<SimpleData name="LAYER">Unknown Point Feature</SimpleData>
		<SimpleData name="KML_FOLDER">PAD Fiscal</SimpleData>
	</SchemaData></ExtendedData>
      <Point><coordinates>-72.6983333329999,-44.7588888889999</coordinates></Point>
  </Placemark>
  <Placemark id="red_aeroportuaria.95">
	<ExtendedData><SchemaData schemaUrl="#red_aeroportuaria">
		<SimpleData name="OBJECTID">95</SimpleData>
		<SimpleData name="LAYER">Unknown Point Feature</SimpleData>
		<SimpleData name="KML_FOLDER">PAD Fiscal</SimpleData>
	</SchemaData></ExtendedData>
      <Point><coordinates>-71.9497222219999,-46.294166667</coordinates></Point>
  </Placemark>
  <Placemark id="red_aeroportuaria.96">
	<ExtendedData><SchemaData schemaUrl="#red_aeroportuaria">
		<SimpleData name="OBJECTID">96</SimpleData>
		<SimpleData name="LAYER">Unknown Point Feature</SimpleData>
		<SimpleData name="KML_FOLDER">PAD Fiscal</SimpleData>
	</SchemaData></ExtendedData>
      <Point><coordinates>-72.9508333329999,-43.7875</coordinates></Point>
  </Placemark>
  <Placemark id="red_aeroportuaria.97">
	<ExtendedData><SchemaData schemaUrl="#red_aeroportuaria">
		<SimpleData name="OBJECTID">97</SimpleData>
		<SimpleData name="LAYER">Unknown Point Feature</SimpleData>
		<SimpleData name="KML_FOLDER">PAD Fiscal</SimpleData>
	</SchemaData></ExtendedData>
      <Point><coordinates>-72.585833333,-46.592222222</coordinates></Point>
  </Placemark>
  <Placemark id="red_aeroportuaria.98">
	<ExtendedData><SchemaData schemaUrl="#red_aeroportuaria">
		<SimpleData name="OBJECTID">98</SimpleData>
		<SimpleData name="LAYER">Unknown Point Feature</SimpleData>
		<SimpleData name="KML_FOLDER">PAD Fiscal</SimpleData>
	</SchemaData></ExtendedData>
      <Point><coordinates>-72.593611111,-44.3833333329999</coordinates></Point>
  </Placemark>
  <Placemark id="red_aeroportuaria.99">
	<ExtendedData><SchemaData schemaUrl="#red_aeroportuaria">
		<SimpleData name="OBJECTID">99</SimpleData>
		<SimpleData name="LAYER">Unknown Point Feature</SimpleData>
		<SimpleData name="KML_FOLDER">PAD Fiscal</SimpleData>
	</SchemaData></ExtendedData>
      <Point><coordinates>-71.3161111109999,-44.5008333329999</coordinates></Point>
  </Placemark>
  <Placemark id="red_aeroportuaria.100">
	<ExtendedData><SchemaData schemaUrl="#red_aeroportuaria">
		<SimpleData name="OBJECTID">100</SimpleData>
		<SimpleData name="LAYER">Unknown Point Feature</SimpleData>
		<SimpleData name="KML_FOLDER">PAD Fiscal</SimpleData>
	</SchemaData></ExtendedData>
      <Point><coordinates>-71.664444444,-44.640277778</coordinates></Point>
  </Placemark>
  <Placemark id="red_aeroportuaria.101">
	<ExtendedData><SchemaData schemaUrl="#red_aeroportuaria">
		<SimpleData name="OBJECTID">101</SimpleData>
		<SimpleData name="LAYER">Unknown Point Feature</SimpleData>
		<SimpleData name="KML_FOLDER">PAD Fiscal</SimpleData>
	</SchemaData></ExtendedData>
      <Point><coordinates>-72.6766666669999,-46.456111111</coordinates></Point>
  </Placemark>
  <Placemark id="red_aeroportuaria.102">
	<ExtendedData><SchemaData schemaUrl="#red_aeroportuaria">
		<SimpleData name="OBJECTID">102</SimpleData>
		<SimpleData name="LAYER">Unknown Point Feature</SimpleData>
		<SimpleData name="KML_FOLDER">PAD Fiscal</SimpleData>
	</SchemaData></ExtendedData>
      <Point><coordinates>-73.1425,-47.9902777779999</coordinates></Point>
  </Placemark>
  <Placemark id="red_aeroportuaria.103">
	<ExtendedData><SchemaData schemaUrl="#red_aeroportuaria">
		<SimpleData name="OBJECTID">103</SimpleData>
		<SimpleData name="LAYER">Unknown Point Feature</SimpleData>
		<SimpleData name="KML_FOLDER">PAD Fiscal</SimpleData>
	</SchemaData></ExtendedData>
      <Point><coordinates>-73.3,-48.228333333</coordinates></Point>
  </Placemark>
  <Placemark id="red_aeroportuaria.104">
	<ExtendedData><SchemaData schemaUrl="#red_aeroportuaria">
		<SimpleData name="OBJECTID">104</SimpleData>
		<SimpleData name="LAYER">Unknown Point Feature</SimpleData>
		<SimpleData name="KML_FOLDER">PAD Fiscal</SimpleData>
	</SchemaData></ExtendedData>
      <Point><coordinates>-72.799722222,-48.933333333</coordinates></Point>
  </Placemark>
  <Placemark id="red_aeroportuaria.105">
	<ExtendedData><SchemaData schemaUrl="#red_aeroportuaria">
		<SimpleData name="OBJECTID">105</SimpleData>
		<SimpleData name="LAYER">Unknown Point Feature</SimpleData>
		<SimpleData name="KML_FOLDER">PAD Fiscal</SimpleData>
	</SchemaData></ExtendedData>
      <Point><coordinates>-72.5638888889999,-48.469166667</coordinates></Point>
  </Placemark>
  <Placemark id="red_aeroportuaria.106">
	<ExtendedData><SchemaData schemaUrl="#red_aeroportuaria">
		<SimpleData name="OBJECTID">106</SimpleData>
		<SimpleData name="LAYER">Unknown Point Feature</SimpleData>
		<SimpleData name="KML_FOLDER">PAD Fiscal</SimpleData>
	</SchemaData></ExtendedData>
      <Point><coordinates>-73.096944444,-44.0975</coordinates></Point>
  </Placemark>
  <Placemark id="red_aeroportuaria.107">
	<ExtendedData><SchemaData schemaUrl="#red_aeroportuaria">
		<SimpleData name="OBJECTID">107</SimpleData>
		<SimpleData name="LAYER">Unknown Point Feature</SimpleData>
		<SimpleData name="KML_FOLDER">PAD Fiscal</SimpleData>
	</SchemaData></ExtendedData>
      <Point><coordinates>-73.3277666669999,-46.3537249999999</coordinates></Point>
  </Placemark>
  <Placemark id="red_aeroportuaria.108">
	<ExtendedData><SchemaData schemaUrl="#red_aeroportuaria">
		<SimpleData name="OBJECTID">108</SimpleData>
		<SimpleData name="LAYER">Unknown Point Feature</SimpleData>
		<SimpleData name="KML_FOLDER">PAD Fiscal</SimpleData>
	</SchemaData></ExtendedData>
      <Point><coordinates>-83.316688889,-79.777366667</coordinates></Point>
  </Placemark>
  <Placemark id="red_aeroportuaria.109">
	<ExtendedData><SchemaData schemaUrl="#red_aeroportuaria">
		<SimpleData name="OBJECTID">109</SimpleData>
		<SimpleData name="LAYER">Unknown Point Feature</SimpleData>
		<SimpleData name="KML_FOLDER">PAD Fiscal</SimpleData>
	</SchemaData></ExtendedData>
      <Point><coordinates>-68.658197222,-53.0500611109999</coordinates></Point>
  </Placemark>
  <Placemark id="red_aeroportuaria.110">
	<ExtendedData><SchemaData schemaUrl="#red_aeroportuaria">
		<SimpleData name="OBJECTID">110</SimpleData>
		<SimpleData name="LAYER">Unknown Point Feature</SimpleData>
		<SimpleData name="KML_FOLDER">PAD Fiscal</SimpleData>
	</SchemaData></ExtendedData>
      <Point><coordinates>-68.658197222,-53.316261111</coordinates></Point>
  </Placemark>
  <Placemark id="red_aeroportuaria.111">
	<ExtendedData><SchemaData schemaUrl="#red_aeroportuaria">
		<SimpleData name="OBJECTID">111</SimpleData>
		<SimpleData name="LAYER">Unknown Point Feature</SimpleData>
		<SimpleData name="KML_FOLDER">PAD Fiscal</SimpleData>
	</SchemaData></ExtendedData>
      <Point><coordinates>-72.419444444,-50.97</coordinates></Point>
  </Placemark>
  <Placemark id="red_aeroportuaria.112">
	<ExtendedData><SchemaData schemaUrl="#red_aeroportuaria">
		<SimpleData name="OBJECTID">112</SimpleData>
		<SimpleData name="LAYER">Unknown Point Feature</SimpleData>
		<SimpleData name="KML_FOLDER">PAD Fiscal</SimpleData>
	</SchemaData></ExtendedData>
      <Point><coordinates>-70.58225,-33.380708333</coordinates></Point>
  </Placemark>
  <Placemark id="red_aeroportuaria.113">
	<ExtendedData><SchemaData schemaUrl="#red_aeroportuaria">
		<SimpleData name="OBJECTID">113</SimpleData>
		<SimpleData name="LAYER">Unknown Point Feature</SimpleData>
		<SimpleData name="KML_FOLDER">PAD Fiscal</SimpleData>
	</SchemaData></ExtendedData>
      <Point><coordinates>-73.6283333329999,-37.657222222</coordinates></Point>
  </Placemark>
  <Placemark id="red_aeroportuaria.114">
	<ExtendedData><SchemaData schemaUrl="#red_aeroportuaria">
		<SimpleData name="OBJECTID">114</SimpleData>
		<SimpleData name="LAYER">Unknown Point Feature</SimpleData>
		<SimpleData name="KML_FOLDER">PAD Fiscal</SimpleData>
	</SchemaData></ExtendedData>
      <Point><coordinates>-71.8055555559999,-43.611666667</coordinates></Point>
  </Placemark>
  <Placemark id="red_aeroportuaria.115">
	<ExtendedData><SchemaData schemaUrl="#red_aeroportuaria">
		<SimpleData name="OBJECTID">115</SimpleData>
		<SimpleData name="LAYER">Unknown Point Feature</SimpleData>
		<SimpleData name="KML_FOLDER">PAD Particular</SimpleData>
	</SchemaData></ExtendedData>
      <Point><coordinates>-68.6802777779999,-20.7516666669999</coordinates></Point>
  </Placemark>
  <Placemark id="red_aeroportuaria.116">
	<ExtendedData><SchemaData schemaUrl="#red_aeroportuaria">
		<SimpleData name="OBJECTID">116</SimpleData>
		<SimpleData name="LAYER">Unknown Point Feature</SimpleData>
		<SimpleData name="KML_FOLDER">PAD Particular</SimpleData>
	</SchemaData></ExtendedData>
      <Point><coordinates>-69.625722222,-20.7348333329999</coordinates></Point>
  </Placemark>
  <Placemark id="red_aeroportuaria.117">
	<ExtendedData><SchemaData schemaUrl="#red_aeroportuaria">
		<SimpleData name="OBJECTID">117</SimpleData>
		<SimpleData name="LAYER">Unknown Point Feature</SimpleData>
		<SimpleData name="KML_FOLDER">PAD Particular</SimpleData>
	</SchemaData></ExtendedData>
      <Point><coordinates>-69.826111111,-24.138055556</coordinates></Point>
  </Placemark>
  <Placemark id="red_aeroportuaria.118">
	<ExtendedData><SchemaData schemaUrl="#red_aeroportuaria">
		<SimpleData name="OBJECTID">118</SimpleData>
		<SimpleData name="LAYER">Unknown Point Feature</SimpleData>
		<SimpleData name="KML_FOLDER">PAD Particular</SimpleData>
	</SchemaData></ExtendedData>
      <Point><coordinates>-69.1316555559999,-24.293855556</coordinates></Point>
  </Placemark>
  <Placemark id="red_aeroportuaria.119">
	<ExtendedData><SchemaData schemaUrl="#red_aeroportuaria">
		<SimpleData name="OBJECTID">119</SimpleData>
		<SimpleData name="LAYER">Unknown Point Feature</SimpleData>
		<SimpleData name="KML_FOLDER">PAD Particular</SimpleData>
	</SchemaData></ExtendedData>
      <Point><coordinates>-70.348888889,-24.6394444439999</coordinates></Point>
  </Placemark>
  <Placemark id="red_aeroportuaria.120">
	<ExtendedData><SchemaData schemaUrl="#red_aeroportuaria">
		<SimpleData name="OBJECTID">120</SimpleData>
		<SimpleData name="LAYER">Unknown Point Feature</SimpleData>
		<SimpleData name="KML_FOLDER">PAD Particular</SimpleData>
	</SchemaData></ExtendedData>
      <Point><coordinates>-69.70525,-22.3035055559999</coordinates></Point>
  </Placemark>
  <Placemark id="red_aeroportuaria.121">
	<ExtendedData><SchemaData schemaUrl="#red_aeroportuaria">
		<SimpleData name="OBJECTID">121</SimpleData>
		<SimpleData name="LAYER">Unknown Point Feature</SimpleData>
		<SimpleData name="KML_FOLDER">PAD Particular</SimpleData>
	</SchemaData></ExtendedData>
      <Point><coordinates>-68.305438889,-23.648955556</coordinates></Point>
  </Placemark>
  <Placemark id="red_aeroportuaria.122">
	<ExtendedData><SchemaData schemaUrl="#red_aeroportuaria">
		<SimpleData name="OBJECTID">122</SimpleData>
		<SimpleData name="LAYER">Unknown Point Feature</SimpleData>
		<SimpleData name="KML_FOLDER">PAD Particular</SimpleData>
	</SchemaData></ExtendedData>
      <Point><coordinates>-68.382747222,-23.5846083329999</coordinates></Point>
  </Placemark>
  <Placemark id="red_aeroportuaria.123">
	<ExtendedData><SchemaData schemaUrl="#red_aeroportuaria">
		<SimpleData name="OBJECTID">123</SimpleData>
		<SimpleData name="LAYER">Unknown Point Feature</SimpleData>
		<SimpleData name="KML_FOLDER">PAD Particular</SimpleData>
	</SchemaData></ExtendedData>
      <Point><coordinates>-69.8777777779999,-23.4516666669999</coordinates></Point>
  </Placemark>
  <Placemark id="red_aeroportuaria.124">
	<ExtendedData><SchemaData schemaUrl="#red_aeroportuaria">
		<SimpleData name="OBJECTID">124</SimpleData>
		<SimpleData name="LAYER">Unknown Point Feature</SimpleData>
		<SimpleData name="KML_FOLDER">PAD Particular</SimpleData>
	</SchemaData></ExtendedData>
      <Point><coordinates>-70.087580556,-29.259411111</coordinates></Point>
  </Placemark>
  <Placemark id="red_aeroportuaria.125">
	<ExtendedData><SchemaData schemaUrl="#red_aeroportuaria">
		<SimpleData name="OBJECTID">125</SimpleData>
		<SimpleData name="LAYER">Unknown Point Feature</SimpleData>
		<SimpleData name="KML_FOLDER">PAD Particular</SimpleData>
	</SchemaData></ExtendedData>
      <Point><coordinates>-69.5099999999999,-25.096666667</coordinates></Point>
  </Placemark>
  <Placemark id="red_aeroportuaria.126">
	<ExtendedData><SchemaData schemaUrl="#red_aeroportuaria">
		<SimpleData name="OBJECTID">126</SimpleData>
		<SimpleData name="LAYER">Unknown Point Feature</SimpleData>
		<SimpleData name="KML_FOLDER">PAD Particular</SimpleData>
	</SchemaData></ExtendedData>
      <Point><coordinates>-71.467222222,-29.0844444439999</coordinates></Point>
  </Placemark>
  <Placemark id="red_aeroportuaria.127">
	<ExtendedData><SchemaData schemaUrl="#red_aeroportuaria">
		<SimpleData name="OBJECTID">127</SimpleData>
		<SimpleData name="LAYER">Unknown Point Feature</SimpleData>
		<SimpleData name="KML_FOLDER">PAD Particular</SimpleData>
	</SchemaData></ExtendedData>
      <Point><coordinates>-71.063236111,-28.5262999999999</coordinates></Point>
  </Placemark>
  <Placemark id="red_aeroportuaria.128">
	<ExtendedData><SchemaData schemaUrl="#red_aeroportuaria">
		<SimpleData name="OBJECTID">128</SimpleData>
		<SimpleData name="LAYER">Unknown Point Feature</SimpleData>
		<SimpleData name="KML_FOLDER">PAD Particular</SimpleData>
	</SchemaData></ExtendedData>
      <Point><coordinates>-69.474166667,-26.3799999999999</coordinates></Point>
  </Placemark>
  <Placemark id="red_aeroportuaria.129">
	<ExtendedData><SchemaData schemaUrl="#red_aeroportuaria">
		<SimpleData name="OBJECTID">129</SimpleData>
		<SimpleData name="LAYER">Unknown Point Feature</SimpleData>
		<SimpleData name="KML_FOLDER">PAD Particular</SimpleData>
	</SchemaData></ExtendedData>
      <Point><coordinates>-70.954769444,-31.0675527779999</coordinates></Point>
  </Placemark>
  <Placemark id="red_aeroportuaria.130">
	<ExtendedData><SchemaData schemaUrl="#red_aeroportuaria">
		<SimpleData name="OBJECTID">130</SimpleData>
		<SimpleData name="LAYER">Unknown Point Feature</SimpleData>
		<SimpleData name="KML_FOLDER">PAD Particular</SimpleData>
	</SchemaData></ExtendedData>
      <Point><coordinates>-70.617288889,-31.870847222</coordinates></Point>
  </Placemark>
  <Placemark id="red_aeroportuaria.131">
	<ExtendedData><SchemaData schemaUrl="#red_aeroportuaria">
		<SimpleData name="OBJECTID">131</SimpleData>
		<SimpleData name="LAYER">Unknown Point Feature</SimpleData>
		<SimpleData name="KML_FOLDER">PAD Particular</SimpleData>
	</SchemaData></ExtendedData>
      <Point><coordinates>-71.3981777779999,-32.141252778</coordinates></Point>
  </Placemark>
  <Placemark id="red_aeroportuaria.132">
	<ExtendedData><SchemaData schemaUrl="#red_aeroportuaria">
		<SimpleData name="OBJECTID">132</SimpleData>
		<SimpleData name="LAYER">Unknown Point Feature</SimpleData>
		<SimpleData name="KML_FOLDER">PAD Particular</SimpleData>
	</SchemaData></ExtendedData>
      <Point><coordinates>-71.4800722219999,-31.8852499999999</coordinates></Point>
  </Placemark>
  <Placemark id="red_aeroportuaria.133">
	<ExtendedData><SchemaData schemaUrl="#red_aeroportuaria">
		<SimpleData name="OBJECTID">133</SimpleData>
		<SimpleData name="LAYER">Unknown Point Feature</SimpleData>
		<SimpleData name="KML_FOLDER">PAD Particular</SimpleData>
	</SchemaData></ExtendedData>
      <Point><coordinates>-71.620577778,-30.795925</coordinates></Point>
  </Placemark>
  <Placemark id="red_aeroportuaria.134">
	<ExtendedData><SchemaData schemaUrl="#red_aeroportuaria">
		<SimpleData name="OBJECTID">134</SimpleData>
		<SimpleData name="LAYER">Unknown Point Feature</SimpleData>
		<SimpleData name="KML_FOLDER">PAD Particular</SimpleData>
	</SchemaData></ExtendedData>
      <Point><coordinates>-71.5825,-30.664722222</coordinates></Point>
  </Placemark>
  <Placemark id="red_aeroportuaria.135">
	<ExtendedData><SchemaData schemaUrl="#red_aeroportuaria">
		<SimpleData name="OBJECTID">135</SimpleData>
		<SimpleData name="LAYER">Unknown Point Feature</SimpleData>
		<SimpleData name="KML_FOLDER">PAD Particular</SimpleData>
	</SchemaData></ExtendedData>
      <Point><coordinates>-71.533952778,-30.4346138889999</coordinates></Point>
  </Placemark>
  <Placemark id="red_aeroportuaria.136">
	<ExtendedData><SchemaData schemaUrl="#red_aeroportuaria">
		<SimpleData name="OBJECTID">136</SimpleData>
		<SimpleData name="LAYER">Unknown Point Feature</SimpleData>
		<SimpleData name="KML_FOLDER">PAD Particular</SimpleData>
	</SchemaData></ExtendedData>
      <Point><coordinates>-71.399708333,-30.676219444</coordinates></Point>
  </Placemark>
  <Placemark id="red_aeroportuaria.137">
	<ExtendedData><SchemaData schemaUrl="#red_aeroportuaria">
		<SimpleData name="OBJECTID">137</SimpleData>
		<SimpleData name="LAYER">Unknown Point Feature</SimpleData>
		<SimpleData name="KML_FOLDER">PAD Particular</SimpleData>
	</SchemaData></ExtendedData>
      <Point><coordinates>-71.401944444,-30.6433333329999</coordinates></Point>
  </Placemark>
  <Placemark id="red_aeroportuaria.138">
	<ExtendedData><SchemaData schemaUrl="#red_aeroportuaria">
		<SimpleData name="OBJECTID">138</SimpleData>
		<SimpleData name="LAYER">Unknown Point Feature</SimpleData>
		<SimpleData name="KML_FOLDER">PAD Particular</SimpleData>
	</SchemaData></ExtendedData>
      <Point><coordinates>-71.3640444439999,-30.095472222</coordinates></Point>
  </Placemark>
  <Placemark id="red_aeroportuaria.139">
	<ExtendedData><SchemaData schemaUrl="#red_aeroportuaria">
		<SimpleData name="OBJECTID">139</SimpleData>
		<SimpleData name="LAYER">Unknown Point Feature</SimpleData>
		<SimpleData name="KML_FOLDER">PAD Particular</SimpleData>
	</SchemaData></ExtendedData>
      <Point><coordinates>-71.246944444,-30.1988888889999</coordinates></Point>
  </Placemark>
  <Placemark id="red_aeroportuaria.140">
	<ExtendedData><SchemaData schemaUrl="#red_aeroportuaria">
		<SimpleData name="OBJECTID">140</SimpleData>
		<SimpleData name="LAYER">Unknown Point Feature</SimpleData>
		<SimpleData name="KML_FOLDER">PAD Particular</SimpleData>
	</SchemaData></ExtendedData>
      <Point><coordinates>-70.7416111109999,-30.0324805559999</coordinates></Point>
  </Placemark>
  <Placemark id="red_aeroportuaria.141">
	<ExtendedData><SchemaData schemaUrl="#red_aeroportuaria">
		<SimpleData name="OBJECTID">141</SimpleData>
		<SimpleData name="LAYER">Unknown Point Feature</SimpleData>
		<SimpleData name="KML_FOLDER">PAD Particular</SimpleData>
	</SchemaData></ExtendedData>
      <Point><coordinates>-71.171138889,-32.079861111</coordinates></Point>
  </Placemark>
  <Placemark id="red_aeroportuaria.142">
	<ExtendedData><SchemaData schemaUrl="#red_aeroportuaria">
		<SimpleData name="OBJECTID">142</SimpleData>
		<SimpleData name="LAYER">Unknown Point Feature</SimpleData>
		<SimpleData name="KML_FOLDER">PAD Particular</SimpleData>
	</SchemaData></ExtendedData>
      <Point><coordinates>-71.2656388889999,-31.682388889</coordinates></Point>
  </Placemark>
  <Placemark id="red_aeroportuaria.143">
	<ExtendedData><SchemaData schemaUrl="#red_aeroportuaria">
		<SimpleData name="OBJECTID">143</SimpleData>
		<SimpleData name="LAYER">Unknown Point Feature</SimpleData>
		<SimpleData name="KML_FOLDER">PAD Particular</SimpleData>
	</SchemaData></ExtendedData>
      <Point><coordinates>-71.351666667,-31.0086111109999</coordinates></Point>
  </Placemark>
  <Placemark id="red_aeroportuaria.144">
	<ExtendedData><SchemaData schemaUrl="#red_aeroportuaria">
		<SimpleData name="OBJECTID">144</SimpleData>
		<SimpleData name="LAYER">Unknown Point Feature</SimpleData>
		<SimpleData name="KML_FOLDER">PAD Particular</SimpleData>
	</SchemaData></ExtendedData>
      <Point><coordinates>-70.046111111,-29.8344444439999</coordinates></Point>
  </Placemark>
  <Placemark id="red_aeroportuaria.145">
	<ExtendedData><SchemaData schemaUrl="#red_aeroportuaria">
		<SimpleData name="OBJECTID">145</SimpleData>
		<SimpleData name="LAYER">Unknown Point Feature</SimpleData>
		<SimpleData name="KML_FOLDER">PAD Particular</SimpleData>
	</SchemaData></ExtendedData>
      <Point><coordinates>-71.6261111109999,-33.353333333</coordinates></Point>
  </Placemark>
  <Placemark id="red_aeroportuaria.146">
	<ExtendedData><SchemaData schemaUrl="#red_aeroportuaria">
		<SimpleData name="OBJECTID">146</SimpleData>
		<SimpleData name="LAYER">Unknown Point Feature</SimpleData>
		<SimpleData name="KML_FOLDER">PAD Particular</SimpleData>
	</SchemaData></ExtendedData>
      <Point><coordinates>-71.405555556,-33.488888889</coordinates></Point>
  </Placemark>
  <Placemark id="red_aeroportuaria.147">
	<ExtendedData><SchemaData schemaUrl="#red_aeroportuaria">
		<SimpleData name="OBJECTID">147</SimpleData>
		<SimpleData name="LAYER">Unknown Point Feature</SimpleData>
		<SimpleData name="KML_FOLDER">PAD Particular</SimpleData>
	</SchemaData></ExtendedData>
      <Point><coordinates>-70.9930555559999,-32.471944444</coordinates></Point>
  </Placemark>
  <Placemark id="red_aeroportuaria.148">
	<ExtendedData><SchemaData schemaUrl="#red_aeroportuaria">
		<SimpleData name="OBJECTID">148</SimpleData>
		<SimpleData name="LAYER">Unknown Point Feature</SimpleData>
		<SimpleData name="KML_FOLDER">PAD Particular</SimpleData>
	</SchemaData></ExtendedData>
      <Point><coordinates>-71.3222222219999,-33.3205027779999</coordinates></Point>
  </Placemark>
  <Placemark id="red_aeroportuaria.149">
	<ExtendedData><SchemaData schemaUrl="#red_aeroportuaria">
		<SimpleData name="OBJECTID">149</SimpleData>
		<SimpleData name="LAYER">Unknown Point Feature</SimpleData>
		<SimpleData name="KML_FOLDER">PAD Particular</SimpleData>
	</SchemaData></ExtendedData>
      <Point><coordinates>-71.3763888889999,-33.278888889</coordinates></Point>
  </Placemark>
  <Placemark id="red_aeroportuaria.150">
	<ExtendedData><SchemaData schemaUrl="#red_aeroportuaria">
		<SimpleData name="OBJECTID">150</SimpleData>
		<SimpleData name="LAYER">Unknown Point Feature</SimpleData>
		<SimpleData name="KML_FOLDER">PAD Particular</SimpleData>
	</SchemaData></ExtendedData>
      <Point><coordinates>-71.456388889,-33.2775</coordinates></Point>
  </Placemark>
  <Placemark id="red_aeroportuaria.151">
	<ExtendedData><SchemaData schemaUrl="#red_aeroportuaria">
		<SimpleData name="OBJECTID">151</SimpleData>
		<SimpleData name="LAYER">Unknown Point Feature</SimpleData>
		<SimpleData name="KML_FOLDER">PAD Particular</SimpleData>
	</SchemaData></ExtendedData>
      <Point><coordinates>-71.259019444,-32.448816667</coordinates></Point>
  </Placemark>
  <Placemark id="red_aeroportuaria.152">
	<ExtendedData><SchemaData schemaUrl="#red_aeroportuaria">
		<SimpleData name="OBJECTID">152</SimpleData>
		<SimpleData name="LAYER">Unknown Point Feature</SimpleData>
		<SimpleData name="KML_FOLDER">PAD Particular</SimpleData>
	</SchemaData></ExtendedData>
      <Point><coordinates>-70.8,-32.223611111</coordinates></Point>
  </Placemark>
  <Placemark id="red_aeroportuaria.153">
	<ExtendedData><SchemaData schemaUrl="#red_aeroportuaria">
		<SimpleData name="OBJECTID">153</SimpleData>
		<SimpleData name="LAYER">Unknown Point Feature</SimpleData>
		<SimpleData name="KML_FOLDER">PAD Particular</SimpleData>
	</SchemaData></ExtendedData>
      <Point><coordinates>-70.646666667,-32.8141666669999</coordinates></Point>
  </Placemark>
  <Placemark id="red_aeroportuaria.154">
	<ExtendedData><SchemaData schemaUrl="#red_aeroportuaria">
		<SimpleData name="OBJECTID">154</SimpleData>
		<SimpleData name="LAYER">Unknown Point Feature</SimpleData>
		<SimpleData name="KML_FOLDER">PAD Particular</SimpleData>
	</SchemaData></ExtendedData>
      <Point><coordinates>-71.172222222,-32.9974999999999</coordinates></Point>
  </Placemark>
  <Placemark id="red_aeroportuaria.155">
	<ExtendedData><SchemaData schemaUrl="#red_aeroportuaria">
		<SimpleData name="OBJECTID">155</SimpleData>
		<SimpleData name="LAYER">Unknown Point Feature</SimpleData>
		<SimpleData name="KML_FOLDER">PAD Particular</SimpleData>
	</SchemaData></ExtendedData>
      <Point><coordinates>-71.244530556,-32.852091667</coordinates></Point>
  </Placemark>
  <Placemark id="red_aeroportuaria.156">
	<ExtendedData><SchemaData schemaUrl="#red_aeroportuaria">
		<SimpleData name="OBJECTID">156</SimpleData>
		<SimpleData name="LAYER">Unknown Point Feature</SimpleData>
		<SimpleData name="KML_FOLDER">PAD Particular</SimpleData>
	</SchemaData></ExtendedData>
      <Point><coordinates>-71.5574999999999,-33.0683333329999</coordinates></Point>
  </Placemark>
  <Placemark id="red_aeroportuaria.157">
	<ExtendedData><SchemaData schemaUrl="#red_aeroportuaria">
		<SimpleData name="OBJECTID">157</SimpleData>
		<SimpleData name="LAYER">Unknown Point Feature</SimpleData>
		<SimpleData name="KML_FOLDER">PAD Particular</SimpleData>
	</SchemaData></ExtendedData>
      <Point><coordinates>-71.347222222,-32.595277778</coordinates></Point>
  </Placemark>
  <Placemark id="red_aeroportuaria.158">
	<ExtendedData><SchemaData schemaUrl="#red_aeroportuaria">
		<SimpleData name="OBJECTID">158</SimpleData>
		<SimpleData name="LAYER">Unknown Point Feature</SimpleData>
		<SimpleData name="KML_FOLDER">PAD Particular</SimpleData>
	</SchemaData></ExtendedData>
      <Point><coordinates>-71.4458333329999,-34.151666667</coordinates></Point>
  </Placemark>
  <Placemark id="red_aeroportuaria.159">
	<ExtendedData><SchemaData schemaUrl="#red_aeroportuaria">
		<SimpleData name="OBJECTID">159</SimpleData>
		<SimpleData name="LAYER">Unknown Point Feature</SimpleData>
		<SimpleData name="KML_FOLDER">PAD Particular</SimpleData>
	</SchemaData></ExtendedData>
      <Point><coordinates>-71.527449791,-34.121172222</coordinates></Point>
  </Placemark>
  <Placemark id="red_aeroportuaria.160">
	<ExtendedData><SchemaData schemaUrl="#red_aeroportuaria">
		<SimpleData name="OBJECTID">160</SimpleData>
		<SimpleData name="LAYER">Unknown Point Feature</SimpleData>
		<SimpleData name="KML_FOLDER">PAD Particular</SimpleData>
	</SchemaData></ExtendedData>
      <Point><coordinates>-71.7182194439999,-34.111944444</coordinates></Point>
  </Placemark>
  <Placemark id="red_aeroportuaria.161">
	<ExtendedData><SchemaData schemaUrl="#red_aeroportuaria">
		<SimpleData name="OBJECTID">161</SimpleData>
		<SimpleData name="LAYER">Unknown Point Feature</SimpleData>
		<SimpleData name="KML_FOLDER">PAD Particular</SimpleData>
	</SchemaData></ExtendedData>
      <Point><coordinates>-71.7406999999999,-34.732516667</coordinates></Point>
  </Placemark>
  <Placemark id="red_aeroportuaria.162">
	<ExtendedData><SchemaData schemaUrl="#red_aeroportuaria">
		<SimpleData name="OBJECTID">162</SimpleData>
		<SimpleData name="LAYER">Unknown Point Feature</SimpleData>
		<SimpleData name="KML_FOLDER">PAD Particular</SimpleData>
	</SchemaData></ExtendedData>
      <Point><coordinates>-71.705972222,-34.443555556</coordinates></Point>
  </Placemark>
  <Placemark id="red_aeroportuaria.163">
	<ExtendedData><SchemaData schemaUrl="#red_aeroportuaria">
		<SimpleData name="OBJECTID">163</SimpleData>
		<SimpleData name="LAYER">Unknown Point Feature</SimpleData>
		<SimpleData name="KML_FOLDER">PAD Particular</SimpleData>
	</SchemaData></ExtendedData>
      <Point><coordinates>-71.550955556,-34.288627778</coordinates></Point>
  </Placemark>
  <Placemark id="red_aeroportuaria.164">
	<ExtendedData><SchemaData schemaUrl="#red_aeroportuaria">
		<SimpleData name="OBJECTID">164</SimpleData>
		<SimpleData name="LAYER">Unknown Point Feature</SimpleData>
		<SimpleData name="KML_FOLDER">PAD Particular</SimpleData>
	</SchemaData></ExtendedData>
      <Point><coordinates>-71.663888889,-34.3525</coordinates></Point>
  </Placemark>
  <Placemark id="red_aeroportuaria.165">
	<ExtendedData><SchemaData schemaUrl="#red_aeroportuaria">
		<SimpleData name="OBJECTID">165</SimpleData>
		<SimpleData name="LAYER">Unknown Point Feature</SimpleData>
		<SimpleData name="KML_FOLDER">PAD Particular</SimpleData>
	</SchemaData></ExtendedData>
      <Point><coordinates>-71.54535,-34.3961666669999</coordinates></Point>
  </Placemark>
  <Placemark id="red_aeroportuaria.166">
	<ExtendedData><SchemaData schemaUrl="#red_aeroportuaria">
		<SimpleData name="OBJECTID">166</SimpleData>
		<SimpleData name="LAYER">Unknown Point Feature</SimpleData>
		<SimpleData name="KML_FOLDER">PAD Particular</SimpleData>
	</SchemaData></ExtendedData>
      <Point><coordinates>-71.335513889,-34.5520749999999</coordinates></Point>
  </Placemark>
  <Placemark id="red_aeroportuaria.167">
	<ExtendedData><SchemaData schemaUrl="#red_aeroportuaria">
		<SimpleData name="OBJECTID">167</SimpleData>
		<SimpleData name="LAYER">Unknown Point Feature</SimpleData>
		<SimpleData name="KML_FOLDER">PAD Particular</SimpleData>
	</SchemaData></ExtendedData>
      <Point><coordinates>-71.3858333329999,-34.4488888889999</coordinates></Point>
  </Placemark>
  <Placemark id="red_aeroportuaria.168">
	<ExtendedData><SchemaData schemaUrl="#red_aeroportuaria">
		<SimpleData name="OBJECTID">168</SimpleData>
		<SimpleData name="LAYER">Unknown Point Feature</SimpleData>
		<SimpleData name="KML_FOLDER">PAD Particular</SimpleData>
	</SchemaData></ExtendedData>
      <Point><coordinates>-71.168033333,-34.408752778</coordinates></Point>
  </Placemark>
  <Placemark id="red_aeroportuaria.169">
	<ExtendedData><SchemaData schemaUrl="#red_aeroportuaria">
		<SimpleData name="OBJECTID">169</SimpleData>
		<SimpleData name="LAYER">Unknown Point Feature</SimpleData>
		<SimpleData name="KML_FOLDER">PAD Particular</SimpleData>
	</SchemaData></ExtendedData>
      <Point><coordinates>-71.3715444439999,-34.3988111109999</coordinates></Point>
  </Placemark>
  <Placemark id="red_aeroportuaria.170">
	<ExtendedData><SchemaData schemaUrl="#red_aeroportuaria">
		<SimpleData name="OBJECTID">170</SimpleData>
		<SimpleData name="LAYER">Unknown Point Feature</SimpleData>
		<SimpleData name="KML_FOLDER">PAD Particular</SimpleData>
	</SchemaData></ExtendedData>
      <Point><coordinates>-71.949166667,-34.285672222</coordinates></Point>
  </Placemark>
  <Placemark id="red_aeroportuaria.171">
	<ExtendedData><SchemaData schemaUrl="#red_aeroportuaria">
		<SimpleData name="OBJECTID">171</SimpleData>
		<SimpleData name="LAYER">Unknown Point Feature</SimpleData>
		<SimpleData name="KML_FOLDER">PAD Particular</SimpleData>
	</SchemaData></ExtendedData>
      <Point><coordinates>-70.964166667,-34.328055556</coordinates></Point>
  </Placemark>
  <Placemark id="red_aeroportuaria.172">
	<ExtendedData><SchemaData schemaUrl="#red_aeroportuaria">
		<SimpleData name="OBJECTID">172</SimpleData>
		<SimpleData name="LAYER">Unknown Point Feature</SimpleData>
		<SimpleData name="KML_FOLDER">PAD Particular</SimpleData>
	</SchemaData></ExtendedData>
      <Point><coordinates>-71.481108333,-34.199383333</coordinates></Point>
  </Placemark>
  <Placemark id="red_aeroportuaria.173">
	<ExtendedData><SchemaData schemaUrl="#red_aeroportuaria">
		<SimpleData name="OBJECTID">173</SimpleData>
		<SimpleData name="LAYER">Unknown Point Feature</SimpleData>
		<SimpleData name="KML_FOLDER">PAD Particular</SimpleData>
	</SchemaData></ExtendedData>
      <Point><coordinates>-71.5125,-34.106388889</coordinates></Point>
  </Placemark>
  <Placemark id="red_aeroportuaria.174">
	<ExtendedData><SchemaData schemaUrl="#red_aeroportuaria">
		<SimpleData name="OBJECTID">174</SimpleData>
		<SimpleData name="LAYER">Unknown Point Feature</SimpleData>
		<SimpleData name="KML_FOLDER">PAD Particular</SimpleData>
	</SchemaData></ExtendedData>
      <Point><coordinates>-70.920277778,-34.3202777779999</coordinates></Point>
  </Placemark>
  <Placemark id="red_aeroportuaria.175">
	<ExtendedData><SchemaData schemaUrl="#red_aeroportuaria">
		<SimpleData name="OBJECTID">175</SimpleData>
		<SimpleData name="LAYER">Unknown Point Feature</SimpleData>
		<SimpleData name="KML_FOLDER">PAD Particular</SimpleData>
	</SchemaData></ExtendedData>
      <Point><coordinates>-70.8819444439999,-34.361111111</coordinates></Point>
  </Placemark>
  <Placemark id="red_aeroportuaria.176">
	<ExtendedData><SchemaData schemaUrl="#red_aeroportuaria">
		<SimpleData name="OBJECTID">176</SimpleData>
		<SimpleData name="LAYER">Unknown Point Feature</SimpleData>
		<SimpleData name="KML_FOLDER">PAD Particular</SimpleData>
	</SchemaData></ExtendedData>
      <Point><coordinates>-70.9686694439999,-34.56575</coordinates></Point>
  </Placemark>
  <Placemark id="red_aeroportuaria.177">
	<ExtendedData><SchemaData schemaUrl="#red_aeroportuaria">
		<SimpleData name="OBJECTID">177</SimpleData>
		<SimpleData name="LAYER">Unknown Point Feature</SimpleData>
		<SimpleData name="KML_FOLDER">PAD Particular</SimpleData>
	</SchemaData></ExtendedData>
      <Point><coordinates>-71.3861111109999,-34.649166667</coordinates></Point>
  </Placemark>
  <Placemark id="red_aeroportuaria.178">
	<ExtendedData><SchemaData schemaUrl="#red_aeroportuaria">
		<SimpleData name="OBJECTID">178</SimpleData>
		<SimpleData name="LAYER">Unknown Point Feature</SimpleData>
		<SimpleData name="KML_FOLDER">PAD Particular</SimpleData>
	</SchemaData></ExtendedData>
      <Point><coordinates>-71.2842805559999,-34.679791667</coordinates></Point>
  </Placemark>
  <Placemark id="red_aeroportuaria.179">
	<ExtendedData><SchemaData schemaUrl="#red_aeroportuaria">
		<SimpleData name="OBJECTID">179</SimpleData>
		<SimpleData name="LAYER">Unknown Point Feature</SimpleData>
		<SimpleData name="KML_FOLDER">PAD Particular</SimpleData>
	</SchemaData></ExtendedData>
      <Point><coordinates>-72.047361111,-34.553155556</coordinates></Point>
  </Placemark>
  <Placemark id="red_aeroportuaria.180">
	<ExtendedData><SchemaData schemaUrl="#red_aeroportuaria">
		<SimpleData name="OBJECTID">180</SimpleData>
		<SimpleData name="LAYER">Unknown Point Feature</SimpleData>
		<SimpleData name="KML_FOLDER">PAD Particular</SimpleData>
	</SchemaData></ExtendedData>
      <Point><coordinates>-71.3758333329999,-34.6130555559999</coordinates></Point>
  </Placemark>
  <Placemark id="red_aeroportuaria.181">
	<ExtendedData><SchemaData schemaUrl="#red_aeroportuaria">
		<SimpleData name="OBJECTID">181</SimpleData>
		<SimpleData name="LAYER">Unknown Point Feature</SimpleData>
		<SimpleData name="KML_FOLDER">PAD Particular</SimpleData>
	</SchemaData></ExtendedData>
      <Point><coordinates>-71.9388888889999,-34.112222222</coordinates></Point>
  </Placemark>
  <Placemark id="red_aeroportuaria.182">
	<ExtendedData><SchemaData schemaUrl="#red_aeroportuaria">
		<SimpleData name="OBJECTID">182</SimpleData>
		<SimpleData name="LAYER">Unknown Point Feature</SimpleData>
		<SimpleData name="KML_FOLDER">PAD Particular</SimpleData>
	</SchemaData></ExtendedData>
      <Point><coordinates>-71.967464365,-34.263530873</coordinates></Point>
  </Placemark>
  <Placemark id="red_aeroportuaria.183">
	<ExtendedData><SchemaData schemaUrl="#red_aeroportuaria">
		<SimpleData name="OBJECTID">183</SimpleData>
		<SimpleData name="LAYER">Unknown Point Feature</SimpleData>
		<SimpleData name="KML_FOLDER">PAD Particular</SimpleData>
	</SchemaData></ExtendedData>
      <Point><coordinates>-72.327222222,-35.8802777779999</coordinates></Point>
  </Placemark>
  <Placemark id="red_aeroportuaria.184">
	<ExtendedData><SchemaData schemaUrl="#red_aeroportuaria">
		<SimpleData name="OBJECTID">184</SimpleData>
		<SimpleData name="LAYER">Unknown Point Feature</SimpleData>
		<SimpleData name="KML_FOLDER">PAD Particular</SimpleData>
	</SchemaData></ExtendedData>
      <Point><coordinates>-72.055833333,-35.896388889</coordinates></Point>
  </Placemark>
  <Placemark id="red_aeroportuaria.185">
	<ExtendedData><SchemaData schemaUrl="#red_aeroportuaria">
		<SimpleData name="OBJECTID">185</SimpleData>
		<SimpleData name="LAYER">Unknown Point Feature</SimpleData>
		<SimpleData name="KML_FOLDER">PAD Particular</SimpleData>
	</SchemaData></ExtendedData>
      <Point><coordinates>-72.3930583329999,-35.308944444</coordinates></Point>
  </Placemark>
  <Placemark id="red_aeroportuaria.186">
	<ExtendedData><SchemaData schemaUrl="#red_aeroportuaria">
		<SimpleData name="OBJECTID">186</SimpleData>
		<SimpleData name="LAYER">Unknown Point Feature</SimpleData>
		<SimpleData name="KML_FOLDER">PAD Particular</SimpleData>
	</SchemaData></ExtendedData>
      <Point><coordinates>-71.330277778,-35.3005555559999</coordinates></Point>
  </Placemark>
  <Placemark id="red_aeroportuaria.187">
	<ExtendedData><SchemaData schemaUrl="#red_aeroportuaria">
		<SimpleData name="OBJECTID">187</SimpleData>
		<SimpleData name="LAYER">Unknown Point Feature</SimpleData>
		<SimpleData name="KML_FOLDER">PAD Particular</SimpleData>
	</SchemaData></ExtendedData>
      <Point><coordinates>-71.236588889,-35.2829694439999</coordinates></Point>
  </Placemark>
  <Placemark id="red_aeroportuaria.188">
	<ExtendedData><SchemaData schemaUrl="#red_aeroportuaria">
		<SimpleData name="OBJECTID">188</SimpleData>
		<SimpleData name="LAYER">Unknown Point Feature</SimpleData>
		<SimpleData name="KML_FOLDER">PAD Particular</SimpleData>
	</SchemaData></ExtendedData>
      <Point><coordinates>-70.933177778,-34.969191667</coordinates></Point>
  </Placemark>
  <Placemark id="red_aeroportuaria.189">
	<ExtendedData><SchemaData schemaUrl="#red_aeroportuaria">
		<SimpleData name="OBJECTID">189</SimpleData>
		<SimpleData name="LAYER">Unknown Point Feature</SimpleData>
		<SimpleData name="KML_FOLDER">PAD Particular</SimpleData>
	</SchemaData></ExtendedData>
      <Point><coordinates>-71.202777778,-34.906944444</coordinates></Point>
  </Placemark>
  <Placemark id="red_aeroportuaria.190">
	<ExtendedData><SchemaData schemaUrl="#red_aeroportuaria">
		<SimpleData name="OBJECTID">190</SimpleData>
		<SimpleData name="LAYER">Unknown Point Feature</SimpleData>
		<SimpleData name="KML_FOLDER">PAD Particular</SimpleData>
	</SchemaData></ExtendedData>
      <Point><coordinates>-72.145555556,-34.8780555559999</coordinates></Point>
  </Placemark>
  <Placemark id="red_aeroportuaria.191">
	<ExtendedData><SchemaData schemaUrl="#red_aeroportuaria">
		<SimpleData name="OBJECTID">191</SimpleData>
		<SimpleData name="LAYER">Unknown Point Feature</SimpleData>
		<SimpleData name="KML_FOLDER">PAD Particular</SimpleData>
	</SchemaData></ExtendedData>
      <Point><coordinates>-71.6012388889999,-35.9742249999999</coordinates></Point>
  </Placemark>
  <Placemark id="red_aeroportuaria.192">
	<ExtendedData><SchemaData schemaUrl="#red_aeroportuaria">
		<SimpleData name="OBJECTID">192</SimpleData>
		<SimpleData name="LAYER">Unknown Point Feature</SimpleData>
		<SimpleData name="KML_FOLDER">PAD Particular</SimpleData>
	</SchemaData></ExtendedData>
      <Point><coordinates>-71.594444444,-36.0102777779999</coordinates></Point>
  </Placemark>
  <Placemark id="red_aeroportuaria.193">
	<ExtendedData><SchemaData schemaUrl="#red_aeroportuaria">
		<SimpleData name="OBJECTID">193</SimpleData>
		<SimpleData name="LAYER">Unknown Point Feature</SimpleData>
		<SimpleData name="KML_FOLDER">PAD Particular</SimpleData>
	</SchemaData></ExtendedData>
      <Point><coordinates>-71.544444444,-36.2125</coordinates></Point>
  </Placemark>
  <Placemark id="red_aeroportuaria.194">
	<ExtendedData><SchemaData schemaUrl="#red_aeroportuaria">
		<SimpleData name="OBJECTID">194</SimpleData>
		<SimpleData name="LAYER">Unknown Point Feature</SimpleData>
		<SimpleData name="KML_FOLDER">PAD Particular</SimpleData>
	</SchemaData></ExtendedData>
      <Point><coordinates>-71.070944444,-35.2387138889999</coordinates></Point>
  </Placemark>
  <Placemark id="red_aeroportuaria.195">
	<ExtendedData><SchemaData schemaUrl="#red_aeroportuaria">
		<SimpleData name="OBJECTID">195</SimpleData>
		<SimpleData name="LAYER">Unknown Point Feature</SimpleData>
		<SimpleData name="KML_FOLDER">PAD Particular</SimpleData>
	</SchemaData></ExtendedData>
      <Point><coordinates>-71.420172222,-35.1909416669999</coordinates></Point>
  </Placemark>
  <Placemark id="red_aeroportuaria.196">
	<ExtendedData><SchemaData schemaUrl="#red_aeroportuaria">
		<SimpleData name="OBJECTID">196</SimpleData>
		<SimpleData name="LAYER">Unknown Point Feature</SimpleData>
		<SimpleData name="KML_FOLDER">PAD Particular</SimpleData>
	</SchemaData></ExtendedData>
      <Point><coordinates>-71.330027778,-35.107436111</coordinates></Point>
  </Placemark>
  <Placemark id="red_aeroportuaria.197">
	<ExtendedData><SchemaData schemaUrl="#red_aeroportuaria">
		<SimpleData name="OBJECTID">197</SimpleData>
		<SimpleData name="LAYER">Unknown Point Feature</SimpleData>
		<SimpleData name="KML_FOLDER">PAD Particular</SimpleData>
	</SchemaData></ExtendedData>
      <Point><coordinates>-71.858677778,-36.129658333</coordinates></Point>
  </Placemark>
  <Placemark id="red_aeroportuaria.198">
	<ExtendedData><SchemaData schemaUrl="#red_aeroportuaria">
		<SimpleData name="OBJECTID">198</SimpleData>
		<SimpleData name="LAYER">Unknown Point Feature</SimpleData>
		<SimpleData name="KML_FOLDER">PAD Particular</SimpleData>
	</SchemaData></ExtendedData>
      <Point><coordinates>-71.564361111,-36.398555556</coordinates></Point>
  </Placemark>
  <Placemark id="red_aeroportuaria.199">
	<ExtendedData><SchemaData schemaUrl="#red_aeroportuaria">
		<SimpleData name="OBJECTID">199</SimpleData>
		<SimpleData name="LAYER">Unknown Point Feature</SimpleData>
		<SimpleData name="KML_FOLDER">PAD Particular</SimpleData>
	</SchemaData></ExtendedData>
      <Point><coordinates>-71.281111111,-35.458055556</coordinates></Point>
  </Placemark>
  <Placemark id="red_aeroportuaria.200">
	<ExtendedData><SchemaData schemaUrl="#red_aeroportuaria">
		<SimpleData name="OBJECTID">200</SimpleData>
		<SimpleData name="LAYER">Unknown Point Feature</SimpleData>
		<SimpleData name="KML_FOLDER">PAD Particular</SimpleData>
	</SchemaData></ExtendedData>
      <Point><coordinates>-71.783055556,-35.350555556</coordinates></Point>
  </Placemark>
  <Placemark id="red_aeroportuaria.201">
	<ExtendedData><SchemaData schemaUrl="#red_aeroportuaria">
		<SimpleData name="OBJECTID">201</SimpleData>
		<SimpleData name="LAYER">Unknown Point Feature</SimpleData>
		<SimpleData name="KML_FOLDER">PAD Particular</SimpleData>
	</SchemaData></ExtendedData>
      <Point><coordinates>-71.779722222,-36.0774999999999</coordinates></Point>
  </Placemark>
  <Placemark id="red_aeroportuaria.202">
	<ExtendedData><SchemaData schemaUrl="#red_aeroportuaria">
		<SimpleData name="OBJECTID">202</SimpleData>
		<SimpleData name="LAYER">Unknown Point Feature</SimpleData>
		<SimpleData name="KML_FOLDER">PAD Particular</SimpleData>
	</SchemaData></ExtendedData>
      <Point><coordinates>-71.7925749999999,-35.9606249999999</coordinates></Point>
  </Placemark>
  <Placemark id="red_aeroportuaria.203">
	<ExtendedData><SchemaData schemaUrl="#red_aeroportuaria">
		<SimpleData name="OBJECTID">203</SimpleData>
		<SimpleData name="LAYER">Unknown Point Feature</SimpleData>
		<SimpleData name="KML_FOLDER">PAD Particular</SimpleData>
	</SchemaData></ExtendedData>
      <Point><coordinates>-71.763516667,-36.144891667</coordinates></Point>
  </Placemark>
  <Placemark id="red_aeroportuaria.204">
	<ExtendedData><SchemaData schemaUrl="#red_aeroportuaria">
		<SimpleData name="OBJECTID">204</SimpleData>
		<SimpleData name="LAYER">Unknown Point Feature</SimpleData>
		<SimpleData name="KML_FOLDER">PAD Particular</SimpleData>
	</SchemaData></ExtendedData>
      <Point><coordinates>-71.741111111,-36.031666667</coordinates></Point>
  </Placemark>
  <Placemark id="red_aeroportuaria.205">
	<ExtendedData><SchemaData schemaUrl="#red_aeroportuaria">
		<SimpleData name="OBJECTID">205</SimpleData>
		<SimpleData name="LAYER">Unknown Point Feature</SimpleData>
		<SimpleData name="KML_FOLDER">PAD Particular</SimpleData>
	</SchemaData></ExtendedData>
      <Point><coordinates>-71.7703083329999,-35.996919444</coordinates></Point>
  </Placemark>
  <Placemark id="red_aeroportuaria.206">
	<ExtendedData><SchemaData schemaUrl="#red_aeroportuaria">
		<SimpleData name="OBJECTID">206</SimpleData>
		<SimpleData name="LAYER">Unknown Point Feature</SimpleData>
		<SimpleData name="KML_FOLDER">PAD Particular</SimpleData>
	</SchemaData></ExtendedData>
      <Point><coordinates>-71.828502778,-36.000016667</coordinates></Point>
  </Placemark>
  <Placemark id="red_aeroportuaria.207">
	<ExtendedData><SchemaData schemaUrl="#red_aeroportuaria">
		<SimpleData name="OBJECTID">207</SimpleData>
		<SimpleData name="LAYER">Unknown Point Feature</SimpleData>
		<SimpleData name="KML_FOLDER">PAD Particular</SimpleData>
	</SchemaData></ExtendedData>
      <Point><coordinates>-71.296302778,-35.186966667</coordinates></Point>
  </Placemark>
  <Placemark id="red_aeroportuaria.208">
	<ExtendedData><SchemaData schemaUrl="#red_aeroportuaria">
		<SimpleData name="OBJECTID">208</SimpleData>
		<SimpleData name="LAYER">Unknown Point Feature</SimpleData>
		<SimpleData name="KML_FOLDER">PAD Particular</SimpleData>
	</SchemaData></ExtendedData>
      <Point><coordinates>-71.016388889,-34.962222222</coordinates></Point>
  </Placemark>
  <Placemark id="red_aeroportuaria.209">
	<ExtendedData><SchemaData schemaUrl="#red_aeroportuaria">
		<SimpleData name="OBJECTID">209</SimpleData>
		<SimpleData name="LAYER">Unknown Point Feature</SimpleData>
		<SimpleData name="KML_FOLDER">PAD Particular</SimpleData>
	</SchemaData></ExtendedData>
      <Point><coordinates>-71.032777778,-34.958888889</coordinates></Point>
  </Placemark>
  <Placemark id="red_aeroportuaria.210">
	<ExtendedData><SchemaData schemaUrl="#red_aeroportuaria">
		<SimpleData name="OBJECTID">210</SimpleData>
		<SimpleData name="LAYER">Unknown Point Feature</SimpleData>
		<SimpleData name="KML_FOLDER">PAD Particular</SimpleData>
	</SchemaData></ExtendedData>
      <Point><coordinates>-71.603055556,-35.155</coordinates></Point>
  </Placemark>
  <Placemark id="red_aeroportuaria.211">
	<ExtendedData><SchemaData schemaUrl="#red_aeroportuaria">
		<SimpleData name="OBJECTID">211</SimpleData>
		<SimpleData name="LAYER">Unknown Point Feature</SimpleData>
		<SimpleData name="KML_FOLDER">PAD Particular</SimpleData>
	</SchemaData></ExtendedData>
      <Point><coordinates>-71.303513889,-35.6618833329999</coordinates></Point>
  </Placemark>
  <Placemark id="red_aeroportuaria.212">
	<ExtendedData><SchemaData schemaUrl="#red_aeroportuaria">
		<SimpleData name="OBJECTID">212</SimpleData>
		<SimpleData name="LAYER">Unknown Point Feature</SimpleData>
		<SimpleData name="KML_FOLDER">PAD Particular</SimpleData>
	</SchemaData></ExtendedData>
      <Point><coordinates>-71.880641667,-35.4913888889999</coordinates></Point>
  </Placemark>
  <Placemark id="red_aeroportuaria.213">
	<ExtendedData><SchemaData schemaUrl="#red_aeroportuaria">
		<SimpleData name="OBJECTID">213</SimpleData>
		<SimpleData name="LAYER">Unknown Point Feature</SimpleData>
		<SimpleData name="KML_FOLDER">PAD Particular</SimpleData>
	</SchemaData></ExtendedData>
      <Point><coordinates>-71.699938889,-35.62655</coordinates></Point>
  </Placemark>
  <Placemark id="red_aeroportuaria.214">
	<ExtendedData><SchemaData schemaUrl="#red_aeroportuaria">
		<SimpleData name="OBJECTID">214</SimpleData>
		<SimpleData name="LAYER">Unknown Point Feature</SimpleData>
		<SimpleData name="KML_FOLDER">PAD Particular</SimpleData>
	</SchemaData></ExtendedData>
      <Point><coordinates>-72.0038888889999,-35.5705555559999</coordinates></Point>
  </Placemark>
  <Placemark id="red_aeroportuaria.215">
	<ExtendedData><SchemaData schemaUrl="#red_aeroportuaria">
		<SimpleData name="OBJECTID">215</SimpleData>
		<SimpleData name="LAYER">Unknown Point Feature</SimpleData>
		<SimpleData name="KML_FOLDER">PAD Particular</SimpleData>
	</SchemaData></ExtendedData>
      <Point><coordinates>-71.601430556,-35.3777388889999</coordinates></Point>
  </Placemark>
  <Placemark id="red_aeroportuaria.216">
	<ExtendedData><SchemaData schemaUrl="#red_aeroportuaria">
		<SimpleData name="OBJECTID">216</SimpleData>
		<SimpleData name="LAYER">Unknown Point Feature</SimpleData>
		<SimpleData name="KML_FOLDER">PAD Particular</SimpleData>
	</SchemaData></ExtendedData>
      <Point><coordinates>-71.1005749999999,-34.8650083329999</coordinates></Point>
  </Placemark>
  <Placemark id="red_aeroportuaria.217">
	<ExtendedData><SchemaData schemaUrl="#red_aeroportuaria">
		<SimpleData name="OBJECTID">217</SimpleData>
		<SimpleData name="LAYER">Unknown Point Feature</SimpleData>
		<SimpleData name="KML_FOLDER">PAD Particular</SimpleData>
	</SchemaData></ExtendedData>
      <Point><coordinates>-72.065016667,-34.8372527779999</coordinates></Point>
  </Placemark>
  <Placemark id="red_aeroportuaria.218">
	<ExtendedData><SchemaData schemaUrl="#red_aeroportuaria">
		<SimpleData name="OBJECTID">218</SimpleData>
		<SimpleData name="LAYER">Unknown Point Feature</SimpleData>
		<SimpleData name="KML_FOLDER">PAD Particular</SimpleData>
	</SchemaData></ExtendedData>
      <Point><coordinates>-72.020186111,-34.84585</coordinates></Point>
  </Placemark>
  <Placemark id="red_aeroportuaria.219">
	<ExtendedData><SchemaData schemaUrl="#red_aeroportuaria">
		<SimpleData name="OBJECTID">219</SimpleData>
		<SimpleData name="LAYER">Unknown Point Feature</SimpleData>
		<SimpleData name="KML_FOLDER">PAD Particular</SimpleData>
	</SchemaData></ExtendedData>
      <Point><coordinates>-71.732777778,-35.095833333</coordinates></Point>
  </Placemark>
  <Placemark id="red_aeroportuaria.220">
	<ExtendedData><SchemaData schemaUrl="#red_aeroportuaria">
		<SimpleData name="OBJECTID">220</SimpleData>
		<SimpleData name="LAYER">Unknown Point Feature</SimpleData>
		<SimpleData name="KML_FOLDER">PAD Particular</SimpleData>
	</SchemaData></ExtendedData>
      <Point><coordinates>-71.831944444,-35.8716666669999</coordinates></Point>
  </Placemark>
  <Placemark id="red_aeroportuaria.221">
	<ExtendedData><SchemaData schemaUrl="#red_aeroportuaria">
		<SimpleData name="OBJECTID">221</SimpleData>
		<SimpleData name="LAYER">Unknown Point Feature</SimpleData>
		<SimpleData name="KML_FOLDER">PAD Particular</SimpleData>
	</SchemaData></ExtendedData>
      <Point><coordinates>-71.660833333,-34.912777778</coordinates></Point>
  </Placemark>
  <Placemark id="red_aeroportuaria.222">
	<ExtendedData><SchemaData schemaUrl="#red_aeroportuaria">
		<SimpleData name="OBJECTID">222</SimpleData>
		<SimpleData name="LAYER">Unknown Point Feature</SimpleData>
		<SimpleData name="KML_FOLDER">PAD Particular</SimpleData>
	</SchemaData></ExtendedData>
      <Point><coordinates>-71.763055556,-35.266388889</coordinates></Point>
  </Placemark>
  <Placemark id="red_aeroportuaria.223">
	<ExtendedData><SchemaData schemaUrl="#red_aeroportuaria">
		<SimpleData name="OBJECTID">223</SimpleData>
		<SimpleData name="LAYER">Unknown Point Feature</SimpleData>
		<SimpleData name="KML_FOLDER">PAD Particular</SimpleData>
	</SchemaData></ExtendedData>
      <Point><coordinates>-71.8077777779999,-36.586666667</coordinates></Point>
  </Placemark>
  <Placemark id="red_aeroportuaria.224">
	<ExtendedData><SchemaData schemaUrl="#red_aeroportuaria">
		<SimpleData name="OBJECTID">224</SimpleData>
		<SimpleData name="LAYER">Unknown Point Feature</SimpleData>
		<SimpleData name="KML_FOLDER">PAD Particular</SimpleData>
	</SchemaData></ExtendedData>
      <Point><coordinates>-73.233055556,-37.216388889</coordinates></Point>
  </Placemark>
  <Placemark id="red_aeroportuaria.225">
	<ExtendedData><SchemaData schemaUrl="#red_aeroportuaria">
		<SimpleData name="OBJECTID">225</SimpleData>
		<SimpleData name="LAYER">Unknown Point Feature</SimpleData>
		<SimpleData name="KML_FOLDER">PAD Particular</SimpleData>
	</SchemaData></ExtendedData>
      <Point><coordinates>-72.4173611109999,-36.7960138889999</coordinates></Point>
  </Placemark>
  <Placemark id="red_aeroportuaria.226">
	<ExtendedData><SchemaData schemaUrl="#red_aeroportuaria">
		<SimpleData name="OBJECTID">226</SimpleData>
		<SimpleData name="LAYER">Unknown Point Feature</SimpleData>
		<SimpleData name="KML_FOLDER">PAD Particular</SimpleData>
	</SchemaData></ExtendedData>
      <Point><coordinates>-72.166983333,-36.810075</coordinates></Point>
  </Placemark>
  <Placemark id="red_aeroportuaria.227">
	<ExtendedData><SchemaData schemaUrl="#red_aeroportuaria">
		<SimpleData name="OBJECTID">227</SimpleData>
		<SimpleData name="LAYER">Unknown Point Feature</SimpleData>
		<SimpleData name="KML_FOLDER">PAD Particular</SimpleData>
	</SchemaData></ExtendedData>
      <Point><coordinates>-72.0110749999999,-36.6417999999999</coordinates></Point>
  </Placemark>
  <Placemark id="red_aeroportuaria.228">
	<ExtendedData><SchemaData schemaUrl="#red_aeroportuaria">
		<SimpleData name="OBJECTID">228</SimpleData>
		<SimpleData name="LAYER">Unknown Point Feature</SimpleData>
		<SimpleData name="KML_FOLDER">PAD Particular</SimpleData>
	</SchemaData></ExtendedData>
      <Point><coordinates>-72.0644694439999,-37.176391667</coordinates></Point>
  </Placemark>
  <Placemark id="red_aeroportuaria.229">
	<ExtendedData><SchemaData schemaUrl="#red_aeroportuaria">
		<SimpleData name="OBJECTID">229</SimpleData>
		<SimpleData name="LAYER">Unknown Point Feature</SimpleData>
		<SimpleData name="KML_FOLDER">PAD Particular</SimpleData>
	</SchemaData></ExtendedData>
      <Point><coordinates>-72.6799999999999,-36.4988888889999</coordinates></Point>
  </Placemark>
  <Placemark id="red_aeroportuaria.230">
	<ExtendedData><SchemaData schemaUrl="#red_aeroportuaria">
		<SimpleData name="OBJECTID">230</SimpleData>
		<SimpleData name="LAYER">Unknown Point Feature</SimpleData>
		<SimpleData name="KML_FOLDER">PAD Particular</SimpleData>
	</SchemaData></ExtendedData>
      <Point><coordinates>-72.5036111109999,-37.587222222</coordinates></Point>
  </Placemark>
  <Placemark id="red_aeroportuaria.231">
	<ExtendedData><SchemaData schemaUrl="#red_aeroportuaria">
		<SimpleData name="OBJECTID">231</SimpleData>
		<SimpleData name="LAYER">Unknown Point Feature</SimpleData>
		<SimpleData name="KML_FOLDER">PAD Particular</SimpleData>
	</SchemaData></ExtendedData>
      <Point><coordinates>-71.8964694439999,-37.201108333</coordinates></Point>
  </Placemark>
  <Placemark id="red_aeroportuaria.232">
	<ExtendedData><SchemaData schemaUrl="#red_aeroportuaria">
		<SimpleData name="OBJECTID">232</SimpleData>
		<SimpleData name="LAYER">Unknown Point Feature</SimpleData>
		<SimpleData name="KML_FOLDER">PAD Particular</SimpleData>
	</SchemaData></ExtendedData>
      <Point><coordinates>-73.9060916669999,-38.4107083329999</coordinates></Point>
  </Placemark>
  <Placemark id="red_aeroportuaria.233">
	<ExtendedData><SchemaData schemaUrl="#red_aeroportuaria">
		<SimpleData name="OBJECTID">233</SimpleData>
		<SimpleData name="LAYER">Unknown Point Feature</SimpleData>
		<SimpleData name="KML_FOLDER">PAD Particular</SimpleData>
	</SchemaData></ExtendedData>
      <Point><coordinates>-72.138611111,-37.469722222</coordinates></Point>
  </Placemark>
  <Placemark id="red_aeroportuaria.234">
	<ExtendedData><SchemaData schemaUrl="#red_aeroportuaria">
		<SimpleData name="OBJECTID">234</SimpleData>
		<SimpleData name="LAYER">Unknown Point Feature</SimpleData>
		<SimpleData name="KML_FOLDER">PAD Particular</SimpleData>
	</SchemaData></ExtendedData>
      <Point><coordinates>-71.5775,-36.919444444</coordinates></Point>
  </Placemark>
  <Placemark id="red_aeroportuaria.235">
	<ExtendedData><SchemaData schemaUrl="#red_aeroportuaria">
		<SimpleData name="OBJECTID">235</SimpleData>
		<SimpleData name="LAYER">Unknown Point Feature</SimpleData>
		<SimpleData name="KML_FOLDER">PAD Particular</SimpleData>
	</SchemaData></ExtendedData>
      <Point><coordinates>-71.890627778,-36.490833333</coordinates></Point>
  </Placemark>
  <Placemark id="red_aeroportuaria.236">
	<ExtendedData><SchemaData schemaUrl="#red_aeroportuaria">
		<SimpleData name="OBJECTID">236</SimpleData>
		<SimpleData name="LAYER">Unknown Point Feature</SimpleData>
		<SimpleData name="KML_FOLDER">PAD Particular</SimpleData>
	</SchemaData></ExtendedData>
      <Point><coordinates>-72.159152778,-36.437002778</coordinates></Point>
  </Placemark>
  <Placemark id="red_aeroportuaria.237">
	<ExtendedData><SchemaData schemaUrl="#red_aeroportuaria">
		<SimpleData name="OBJECTID">237</SimpleData>
		<SimpleData name="LAYER">Unknown Point Feature</SimpleData>
		<SimpleData name="KML_FOLDER">PAD Particular</SimpleData>
	</SchemaData></ExtendedData>
      <Point><coordinates>-71.71,-37.7438888889999</coordinates></Point>
  </Placemark>
  <Placemark id="red_aeroportuaria.238">
	<ExtendedData><SchemaData schemaUrl="#red_aeroportuaria">
		<SimpleData name="OBJECTID">238</SimpleData>
		<SimpleData name="LAYER">Unknown Point Feature</SimpleData>
		<SimpleData name="KML_FOLDER">PAD Particular</SimpleData>
	</SchemaData></ExtendedData>
      <Point><coordinates>-71.723838889,-37.5263944439999</coordinates></Point>
  </Placemark>
  <Placemark id="red_aeroportuaria.239">
	<ExtendedData><SchemaData schemaUrl="#red_aeroportuaria">
		<SimpleData name="OBJECTID">239</SimpleData>
		<SimpleData name="LAYER">Unknown Point Feature</SimpleData>
		<SimpleData name="KML_FOLDER">PAD Particular</SimpleData>
	</SchemaData></ExtendedData>
      <Point><coordinates>-72.4136722219999,-37.1329249999999</coordinates></Point>
  </Placemark>
  <Placemark id="red_aeroportuaria.240">
	<ExtendedData><SchemaData schemaUrl="#red_aeroportuaria">
		<SimpleData name="OBJECTID">240</SimpleData>
		<SimpleData name="LAYER">Unknown Point Feature</SimpleData>
		<SimpleData name="KML_FOLDER">PAD Particular</SimpleData>
	</SchemaData></ExtendedData>
      <Point><coordinates>-72.059444444,-36.234166667</coordinates></Point>
  </Placemark>
  <Placemark id="red_aeroportuaria.241">
	<ExtendedData><SchemaData schemaUrl="#red_aeroportuaria">
		<SimpleData name="OBJECTID">241</SimpleData>
		<SimpleData name="LAYER">Unknown Point Feature</SimpleData>
		<SimpleData name="KML_FOLDER">PAD Particular</SimpleData>
	</SchemaData></ExtendedData>
      <Point><coordinates>-71.8124999999999,-38.856111111</coordinates></Point>
  </Placemark>
  <Placemark id="red_aeroportuaria.242">
	<ExtendedData><SchemaData schemaUrl="#red_aeroportuaria">
		<SimpleData name="OBJECTID">242</SimpleData>
		<SimpleData name="LAYER">Unknown Point Feature</SimpleData>
		<SimpleData name="KML_FOLDER">PAD Particular</SimpleData>
	</SchemaData></ExtendedData>
      <Point><coordinates>-72.2500277779999,-37.9940972219999</coordinates></Point>
  </Placemark>
  <Placemark id="red_aeroportuaria.243">
	<ExtendedData><SchemaData schemaUrl="#red_aeroportuaria">
		<SimpleData name="OBJECTID">243</SimpleData>
		<SimpleData name="LAYER">Unknown Point Feature</SimpleData>
		<SimpleData name="KML_FOLDER">PAD Particular</SimpleData>
	</SchemaData></ExtendedData>
      <Point><coordinates>-72.077077778,-39.0568</coordinates></Point>
  </Placemark>
  <Placemark id="red_aeroportuaria.244">
	<ExtendedData><SchemaData schemaUrl="#red_aeroportuaria">
		<SimpleData name="OBJECTID">244</SimpleData>
		<SimpleData name="LAYER">Unknown Point Feature</SimpleData>
		<SimpleData name="KML_FOLDER">PAD Particular</SimpleData>
	</SchemaData></ExtendedData>
      <Point><coordinates>-71.993611111,-39.0530555559999</coordinates></Point>
  </Placemark>
  <Placemark id="red_aeroportuaria.245">
	<ExtendedData><SchemaData schemaUrl="#red_aeroportuaria">
		<SimpleData name="OBJECTID">245</SimpleData>
		<SimpleData name="LAYER">Unknown Point Feature</SimpleData>
		<SimpleData name="KML_FOLDER">PAD Particular</SimpleData>
	</SchemaData></ExtendedData>
      <Point><coordinates>-72.3666666669999,-38.919166667</coordinates></Point>
  </Placemark>
  <Placemark id="red_aeroportuaria.246">
	<ExtendedData><SchemaData schemaUrl="#red_aeroportuaria">
		<SimpleData name="OBJECTID">246</SimpleData>
		<SimpleData name="LAYER">Unknown Point Feature</SimpleData>
		<SimpleData name="KML_FOLDER">PAD Particular</SimpleData>
	</SchemaData></ExtendedData>
      <Point><coordinates>-71.6897222219999,-39.0574999999999</coordinates></Point>
  </Placemark>
  <Placemark id="red_aeroportuaria.247">
	<ExtendedData><SchemaData schemaUrl="#red_aeroportuaria">
		<SimpleData name="OBJECTID">247</SimpleData>
		<SimpleData name="LAYER">Unknown Point Feature</SimpleData>
		<SimpleData name="KML_FOLDER">PAD Particular</SimpleData>
	</SchemaData></ExtendedData>
      <Point><coordinates>-72.147455556,-38.549525</coordinates></Point>
  </Placemark>
  <Placemark id="red_aeroportuaria.248">
	<ExtendedData><SchemaData schemaUrl="#red_aeroportuaria">
		<SimpleData name="OBJECTID">248</SimpleData>
		<SimpleData name="LAYER">Unknown Point Feature</SimpleData>
		<SimpleData name="KML_FOLDER">PAD Particular</SimpleData>
	</SchemaData></ExtendedData>
      <Point><coordinates>-71.2176777779999,-38.7332638889999</coordinates></Point>
  </Placemark>
  <Placemark id="red_aeroportuaria.249">
	<ExtendedData><SchemaData schemaUrl="#red_aeroportuaria">
		<SimpleData name="OBJECTID">249</SimpleData>
		<SimpleData name="LAYER">Unknown Point Feature</SimpleData>
		<SimpleData name="KML_FOLDER">PAD Particular</SimpleData>
	</SchemaData></ExtendedData>
      <Point><coordinates>-71.423888889,-38.158055556</coordinates></Point>
  </Placemark>
  <Placemark id="red_aeroportuaria.250">
	<ExtendedData><SchemaData schemaUrl="#red_aeroportuaria">
		<SimpleData name="OBJECTID">250</SimpleData>
		<SimpleData name="LAYER">Unknown Point Feature</SimpleData>
		<SimpleData name="KML_FOLDER">PAD Particular</SimpleData>
	</SchemaData></ExtendedData>
      <Point><coordinates>-72.0272138889999,-39.3270249999999</coordinates></Point>
  </Placemark>
  <Placemark id="red_aeroportuaria.251">
	<ExtendedData><SchemaData schemaUrl="#red_aeroportuaria">
		<SimpleData name="OBJECTID">251</SimpleData>
		<SimpleData name="LAYER">Unknown Point Feature</SimpleData>
		<SimpleData name="KML_FOLDER">PAD Particular</SimpleData>
	</SchemaData></ExtendedData>
      <Point><coordinates>-72.2438888889999,-38.683333333</coordinates></Point>
  </Placemark>
  <Placemark id="red_aeroportuaria.252">
	<ExtendedData><SchemaData schemaUrl="#red_aeroportuaria">
		<SimpleData name="OBJECTID">252</SimpleData>
		<SimpleData name="LAYER">Unknown Point Feature</SimpleData>
		<SimpleData name="KML_FOLDER">PAD Particular</SimpleData>
	</SchemaData></ExtendedData>
      <Point><coordinates>-72.58705,-38.334216667</coordinates></Point>
  </Placemark>
  <Placemark id="red_aeroportuaria.253">
	<ExtendedData><SchemaData schemaUrl="#red_aeroportuaria">
		<SimpleData name="OBJECTID">253</SimpleData>
		<SimpleData name="LAYER">Unknown Point Feature</SimpleData>
		<SimpleData name="KML_FOLDER">PAD Particular</SimpleData>
	</SchemaData></ExtendedData>
      <Point><coordinates>-73.169141667,-39.0631999999999</coordinates></Point>
  </Placemark>
  <Placemark id="red_aeroportuaria.254">
	<ExtendedData><SchemaData schemaUrl="#red_aeroportuaria">
		<SimpleData name="OBJECTID">254</SimpleData>
		<SimpleData name="LAYER">Unknown Point Feature</SimpleData>
		<SimpleData name="KML_FOLDER">PAD Particular</SimpleData>
	</SchemaData></ExtendedData>
      <Point><coordinates>-72.483405556,-38.230608333</coordinates></Point>
  </Placemark>
  <Placemark id="red_aeroportuaria.255">
	<ExtendedData><SchemaData schemaUrl="#red_aeroportuaria">
		<SimpleData name="OBJECTID">255</SimpleData>
		<SimpleData name="LAYER">Unknown Point Feature</SimpleData>
		<SimpleData name="KML_FOLDER">PAD Particular</SimpleData>
	</SchemaData></ExtendedData>
      <Point><coordinates>-72.345875,-39.258469444</coordinates></Point>
  </Placemark>
  <Placemark id="red_aeroportuaria.256">
	<ExtendedData><SchemaData schemaUrl="#red_aeroportuaria">
		<SimpleData name="OBJECTID">256</SimpleData>
		<SimpleData name="LAYER">Unknown Point Feature</SimpleData>
		<SimpleData name="KML_FOLDER">PAD Particular</SimpleData>
	</SchemaData></ExtendedData>
      <Point><coordinates>-72.228455556,-39.3169722219999</coordinates></Point>
  </Placemark>
  <Placemark id="red_aeroportuaria.257">
	<ExtendedData><SchemaData schemaUrl="#red_aeroportuaria">
		<SimpleData name="OBJECTID">257</SimpleData>
		<SimpleData name="LAYER">Unknown Point Feature</SimpleData>
		<SimpleData name="KML_FOLDER">PAD Particular</SimpleData>
	</SchemaData></ExtendedData>
      <Point><coordinates>-72.128336111,-38.6446694439999</coordinates></Point>
  </Placemark>
  <Placemark id="red_aeroportuaria.258">
	<ExtendedData><SchemaData schemaUrl="#red_aeroportuaria">
		<SimpleData name="OBJECTID">258</SimpleData>
		<SimpleData name="LAYER">Unknown Point Feature</SimpleData>
		<SimpleData name="KML_FOLDER">PAD Particular</SimpleData>
	</SchemaData></ExtendedData>
      <Point><coordinates>-72.6847222219999,-38.359722222</coordinates></Point>
  </Placemark>
  <Placemark id="red_aeroportuaria.259">
	<ExtendedData><SchemaData schemaUrl="#red_aeroportuaria">
		<SimpleData name="OBJECTID">259</SimpleData>
		<SimpleData name="LAYER">Unknown Point Feature</SimpleData>
		<SimpleData name="KML_FOLDER">PAD Particular</SimpleData>
	</SchemaData></ExtendedData>
      <Point><coordinates>-72.082777778,-39.8247222219999</coordinates></Point>
  </Placemark>
  <Placemark id="red_aeroportuaria.260">
	<ExtendedData><SchemaData schemaUrl="#red_aeroportuaria">
		<SimpleData name="OBJECTID">260</SimpleData>
		<SimpleData name="LAYER">Unknown Point Feature</SimpleData>
		<SimpleData name="KML_FOLDER">PAD Particular</SimpleData>
	</SchemaData></ExtendedData>
      <Point><coordinates>-72.283611111,-40.1408333329999</coordinates></Point>
  </Placemark>
  <Placemark id="red_aeroportuaria.261">
	<ExtendedData><SchemaData schemaUrl="#red_aeroportuaria">
		<SimpleData name="OBJECTID">261</SimpleData>
		<SimpleData name="LAYER">Unknown Point Feature</SimpleData>
		<SimpleData name="KML_FOLDER">PAD Particular</SimpleData>
	</SchemaData></ExtendedData>
      <Point><coordinates>-72.5377777799999,-40.0663888889999</coordinates></Point>
  </Placemark>
  <Placemark id="red_aeroportuaria.262">
	<ExtendedData><SchemaData schemaUrl="#red_aeroportuaria">
		<SimpleData name="OBJECTID">262</SimpleData>
		<SimpleData name="LAYER">Unknown Point Feature</SimpleData>
		<SimpleData name="KML_FOLDER">PAD Particular</SimpleData>
	</SchemaData></ExtendedData>
      <Point><coordinates>-73.6530194439999,-40.1598611109999</coordinates></Point>
  </Placemark>
  <Placemark id="red_aeroportuaria.263">
	<ExtendedData><SchemaData schemaUrl="#red_aeroportuaria">
		<SimpleData name="OBJECTID">263</SimpleData>
		<SimpleData name="LAYER">Unknown Point Feature</SimpleData>
		<SimpleData name="KML_FOLDER">PAD Particular</SimpleData>
	</SchemaData></ExtendedData>
      <Point><coordinates>-72.962869444,-40.317347222</coordinates></Point>
  </Placemark>
  <Placemark id="red_aeroportuaria.264">
	<ExtendedData><SchemaData schemaUrl="#red_aeroportuaria">
		<SimpleData name="OBJECTID">264</SimpleData>
		<SimpleData name="LAYER">Unknown Point Feature</SimpleData>
		<SimpleData name="KML_FOLDER">PAD Particular</SimpleData>
	</SchemaData></ExtendedData>
      <Point><coordinates>-72.5680555559999,-40.205277778</coordinates></Point>
  </Placemark>
  <Placemark id="red_aeroportuaria.265">
	<ExtendedData><SchemaData schemaUrl="#red_aeroportuaria">
		<SimpleData name="OBJECTID">265</SimpleData>
		<SimpleData name="LAYER">Unknown Point Feature</SimpleData>
		<SimpleData name="KML_FOLDER">PAD Particular</SimpleData>
	</SchemaData></ExtendedData>
      <Point><coordinates>-72.0311166669999,-40.1982027779999</coordinates></Point>
  </Placemark>
  <Placemark id="red_aeroportuaria.266">
	<ExtendedData><SchemaData schemaUrl="#red_aeroportuaria">
		<SimpleData name="OBJECTID">266</SimpleData>
		<SimpleData name="LAYER">Unknown Point Feature</SimpleData>
		<SimpleData name="KML_FOLDER">PAD Particular</SimpleData>
	</SchemaData></ExtendedData>
      <Point><coordinates>-72.2481222219999,-40.243122222</coordinates></Point>
  </Placemark>
  <Placemark id="red_aeroportuaria.267">
	<ExtendedData><SchemaData schemaUrl="#red_aeroportuaria">
		<SimpleData name="OBJECTID">267</SimpleData>
		<SimpleData name="LAYER">Unknown Point Feature</SimpleData>
		<SimpleData name="KML_FOLDER">PAD Particular</SimpleData>
	</SchemaData></ExtendedData>
      <Point><coordinates>-72.2323749999999,-40.205313889</coordinates></Point>
  </Placemark>
  <Placemark id="red_aeroportuaria.268">
	<ExtendedData><SchemaData schemaUrl="#red_aeroportuaria">
		<SimpleData name="OBJECTID">268</SimpleData>
		<SimpleData name="LAYER">Unknown Point Feature</SimpleData>
		<SimpleData name="KML_FOLDER">PAD Particular</SimpleData>
	</SchemaData></ExtendedData>
      <Point><coordinates>-72.661666667,-40.118733333</coordinates></Point>
  </Placemark>
  <Placemark id="red_aeroportuaria.269">
	<ExtendedData><SchemaData schemaUrl="#red_aeroportuaria">
		<SimpleData name="OBJECTID">269</SimpleData>
		<SimpleData name="LAYER">Unknown Point Feature</SimpleData>
		<SimpleData name="KML_FOLDER">PAD Particular</SimpleData>
	</SchemaData></ExtendedData>
      <Point><coordinates>-72.486752778,-39.8299472219999</coordinates></Point>
  </Placemark>
  <Placemark id="red_aeroportuaria.270">
	<ExtendedData><SchemaData schemaUrl="#red_aeroportuaria">
		<SimpleData name="OBJECTID">270</SimpleData>
		<SimpleData name="LAYER">Unknown Point Feature</SimpleData>
		<SimpleData name="KML_FOLDER">PAD Particular</SimpleData>
	</SchemaData></ExtendedData>
      <Point><coordinates>-72.661388889,-40.4066722219999</coordinates></Point>
  </Placemark>
  <Placemark id="red_aeroportuaria.271">
	<ExtendedData><SchemaData schemaUrl="#red_aeroportuaria">
		<SimpleData name="OBJECTID">271</SimpleData>
		<SimpleData name="LAYER">Unknown Point Feature</SimpleData>
		<SimpleData name="KML_FOLDER">PAD Particular</SimpleData>
	</SchemaData></ExtendedData>
      <Point><coordinates>-72.684825,-40.467408333</coordinates></Point>
  </Placemark>
  <Placemark id="red_aeroportuaria.272">
	<ExtendedData><SchemaData schemaUrl="#red_aeroportuaria">
		<SimpleData name="OBJECTID">272</SimpleData>
		<SimpleData name="LAYER">Unknown Point Feature</SimpleData>
		<SimpleData name="KML_FOLDER">PAD Particular</SimpleData>
	</SchemaData></ExtendedData>
      <Point><coordinates>-72.776666667,-40.3652777779999</coordinates></Point>
  </Placemark>
  <Placemark id="red_aeroportuaria.273">
	<ExtendedData><SchemaData schemaUrl="#red_aeroportuaria">
		<SimpleData name="OBJECTID">273</SimpleData>
		<SimpleData name="LAYER">Unknown Point Feature</SimpleData>
		<SimpleData name="KML_FOLDER">PAD Particular</SimpleData>
	</SchemaData></ExtendedData>
      <Point><coordinates>-72.7597222219999,-40.413333333</coordinates></Point>
  </Placemark>
  <Placemark id="red_aeroportuaria.274">
	<ExtendedData><SchemaData schemaUrl="#red_aeroportuaria">
		<SimpleData name="OBJECTID">274</SimpleData>
		<SimpleData name="LAYER">Unknown Point Feature</SimpleData>
		<SimpleData name="KML_FOLDER">PAD Particular</SimpleData>
	</SchemaData></ExtendedData>
      <Point><coordinates>-72.767666667,-40.186166667</coordinates></Point>
  </Placemark>
  <Placemark id="red_aeroportuaria.275">
	<ExtendedData><SchemaData schemaUrl="#red_aeroportuaria">
		<SimpleData name="OBJECTID">275</SimpleData>
		<SimpleData name="LAYER">Unknown Point Feature</SimpleData>
		<SimpleData name="KML_FOLDER">PAD Particular</SimpleData>
	</SchemaData></ExtendedData>
      <Point><coordinates>-73.7744777779999,-42.490363889</coordinates></Point>
  </Placemark>
  <Placemark id="red_aeroportuaria.276">
	<ExtendedData><SchemaData schemaUrl="#red_aeroportuaria">
		<SimpleData name="OBJECTID">276</SimpleData>
		<SimpleData name="LAYER">Unknown Point Feature</SimpleData>
		<SimpleData name="KML_FOLDER">PAD Particular</SimpleData>
	</SchemaData></ExtendedData>
      <Point><coordinates>-72.599722222,-42.5636111109999</coordinates></Point>
  </Placemark>
  <Placemark id="red_aeroportuaria.277">
	<ExtendedData><SchemaData schemaUrl="#red_aeroportuaria">
		<SimpleData name="OBJECTID">277</SimpleData>
		<SimpleData name="LAYER">Unknown Point Feature</SimpleData>
		<SimpleData name="KML_FOLDER">PAD Particular</SimpleData>
	</SchemaData></ExtendedData>
      <Point><coordinates>-72.815694444,-42.524641667</coordinates></Point>
  </Placemark>
  <Placemark id="red_aeroportuaria.278">
	<ExtendedData><SchemaData schemaUrl="#red_aeroportuaria">
		<SimpleData name="OBJECTID">278</SimpleData>
		<SimpleData name="LAYER">Unknown Point Feature</SimpleData>
		<SimpleData name="KML_FOLDER">PAD Particular</SimpleData>
	</SchemaData></ExtendedData>
      <Point><coordinates>-72.478333333,-43.0061111109999</coordinates></Point>
  </Placemark>
  <Placemark id="red_aeroportuaria.279">
	<ExtendedData><SchemaData schemaUrl="#red_aeroportuaria">
		<SimpleData name="OBJECTID">279</SimpleData>
		<SimpleData name="LAYER">Unknown Point Feature</SimpleData>
		<SimpleData name="KML_FOLDER">PAD Particular</SimpleData>
	</SchemaData></ExtendedData>
      <Point><coordinates>-72.645369444,-42.780822222</coordinates></Point>
  </Placemark>
  <Placemark id="red_aeroportuaria.280">
	<ExtendedData><SchemaData schemaUrl="#red_aeroportuaria">
		<SimpleData name="OBJECTID">280</SimpleData>
		<SimpleData name="LAYER">Unknown Point Feature</SimpleData>
		<SimpleData name="KML_FOLDER">PAD Particular</SimpleData>
	</SchemaData></ExtendedData>
      <Point><coordinates>-72.4949833329999,-42.546891667</coordinates></Point>
  </Placemark>
  <Placemark id="red_aeroportuaria.281">
	<ExtendedData><SchemaData schemaUrl="#red_aeroportuaria">
		<SimpleData name="OBJECTID">281</SimpleData>
		<SimpleData name="LAYER">Unknown Point Feature</SimpleData>
		<SimpleData name="KML_FOLDER">PAD Particular</SimpleData>
	</SchemaData></ExtendedData>
      <Point><coordinates>-72.8975000029999,-43.613055555</coordinates></Point>
  </Placemark>
  <Placemark id="red_aeroportuaria.282">
	<ExtendedData><SchemaData schemaUrl="#red_aeroportuaria">
		<SimpleData name="OBJECTID">282</SimpleData>
		<SimpleData name="LAYER">Unknown Point Feature</SimpleData>
		<SimpleData name="KML_FOLDER">PAD Particular</SimpleData>
	</SchemaData></ExtendedData>
      <Point><coordinates>-72.350555556,-42.488888889</coordinates></Point>
  </Placemark>
  <Placemark id="red_aeroportuaria.283">
	<ExtendedData><SchemaData schemaUrl="#red_aeroportuaria">
		<SimpleData name="OBJECTID">283</SimpleData>
		<SimpleData name="LAYER">Unknown Point Feature</SimpleData>
		<SimpleData name="KML_FOLDER">PAD Particular</SimpleData>
	</SchemaData></ExtendedData>
      <Point><coordinates>-73.8962749999999,-42.678547222</coordinates></Point>
  </Placemark>
  <Placemark id="red_aeroportuaria.284">
	<ExtendedData><SchemaData schemaUrl="#red_aeroportuaria">
		<SimpleData name="OBJECTID">284</SimpleData>
		<SimpleData name="LAYER">Unknown Point Feature</SimpleData>
		<SimpleData name="KML_FOLDER">PAD Particular</SimpleData>
	</SchemaData></ExtendedData>
      <Point><coordinates>-72.0991083329999,-42.026547222</coordinates></Point>
  </Placemark>
  <Placemark id="red_aeroportuaria.285">
	<ExtendedData><SchemaData schemaUrl="#red_aeroportuaria">
		<SimpleData name="OBJECTID">285</SimpleData>
		<SimpleData name="LAYER">Unknown Point Feature</SimpleData>
		<SimpleData name="KML_FOLDER">PAD Particular</SimpleData>
	</SchemaData></ExtendedData>
      <Point><coordinates>-73.351111111,-41.0516666669999</coordinates></Point>
  </Placemark>
  <Placemark id="red_aeroportuaria.286">
	<ExtendedData><SchemaData schemaUrl="#red_aeroportuaria">
		<SimpleData name="OBJECTID">286</SimpleData>
		<SimpleData name="LAYER">Unknown Point Feature</SimpleData>
		<SimpleData name="KML_FOLDER">PAD Particular</SimpleData>
	</SchemaData></ExtendedData>
      <Point><coordinates>-73.0643805559999,-41.1300555559999</coordinates></Point>
  </Placemark>
  <Placemark id="red_aeroportuaria.287">
	<ExtendedData><SchemaData schemaUrl="#red_aeroportuaria">
		<SimpleData name="OBJECTID">287</SimpleData>
		<SimpleData name="LAYER">Unknown Point Feature</SimpleData>
		<SimpleData name="KML_FOLDER">PAD Particular</SimpleData>
	</SchemaData></ExtendedData>
      <Point><coordinates>-73.127094444,-41.092275</coordinates></Point>
  </Placemark>
  <Placemark id="red_aeroportuaria.288">
	<ExtendedData><SchemaData schemaUrl="#red_aeroportuaria">
		<SimpleData name="OBJECTID">288</SimpleData>
		<SimpleData name="LAYER">Unknown Point Feature</SimpleData>
		<SimpleData name="KML_FOLDER">PAD Particular</SimpleData>
	</SchemaData></ExtendedData>
      <Point><coordinates>-72.966666667,-42.7438888889999</coordinates></Point>
  </Placemark>
  <Placemark id="red_aeroportuaria.289">
	<ExtendedData><SchemaData schemaUrl="#red_aeroportuaria">
		<SimpleData name="OBJECTID">289</SimpleData>
		<SimpleData name="LAYER">Unknown Point Feature</SimpleData>
		<SimpleData name="KML_FOLDER">PAD Particular</SimpleData>
	</SchemaData></ExtendedData>
      <Point><coordinates>-72.881572222,-40.8941444439999</coordinates></Point>
  </Placemark>
  <Placemark id="red_aeroportuaria.290">
	<ExtendedData><SchemaData schemaUrl="#red_aeroportuaria">
		<SimpleData name="OBJECTID">290</SimpleData>
		<SimpleData name="LAYER">Unknown Point Feature</SimpleData>
		<SimpleData name="KML_FOLDER">PAD Particular</SimpleData>
	</SchemaData></ExtendedData>
      <Point><coordinates>-72.371719444,-40.8896194439999</coordinates></Point>
  </Placemark>
  <Placemark id="red_aeroportuaria.291">
	<ExtendedData><SchemaData schemaUrl="#red_aeroportuaria">
		<SimpleData name="OBJECTID">291</SimpleData>
		<SimpleData name="LAYER">Unknown Point Feature</SimpleData>
		<SimpleData name="KML_FOLDER">PAD Particular</SimpleData>
	</SchemaData></ExtendedData>
      <Point><coordinates>-73.127875,-40.6382555559999</coordinates></Point>
  </Placemark>
  <Placemark id="red_aeroportuaria.292">
	<ExtendedData><SchemaData schemaUrl="#red_aeroportuaria">
		<SimpleData name="OBJECTID">292</SimpleData>
		<SimpleData name="LAYER">Unknown Point Feature</SimpleData>
		<SimpleData name="KML_FOLDER">PAD Particular</SimpleData>
	</SchemaData></ExtendedData>
      <Point><coordinates>-73.130111111,-40.553705556</coordinates></Point>
  </Placemark>
  <Placemark id="red_aeroportuaria.293">
	<ExtendedData><SchemaData schemaUrl="#red_aeroportuaria">
		<SimpleData name="OBJECTID">293</SimpleData>
		<SimpleData name="LAYER">Unknown Point Feature</SimpleData>
		<SimpleData name="KML_FOLDER">PAD Particular</SimpleData>
	</SchemaData></ExtendedData>
      <Point><coordinates>-72.917727778,-41.4544444439999</coordinates></Point>
  </Placemark>
  <Placemark id="red_aeroportuaria.294">
	<ExtendedData><SchemaData schemaUrl="#red_aeroportuaria">
		<SimpleData name="OBJECTID">294</SimpleData>
		<SimpleData name="LAYER">Unknown Point Feature</SimpleData>
		<SimpleData name="KML_FOLDER">PAD Particular</SimpleData>
	</SchemaData></ExtendedData>
      <Point><coordinates>-72.660869444,-40.9926416669999</coordinates></Point>
  </Placemark>
  <Placemark id="red_aeroportuaria.295">
	<ExtendedData><SchemaData schemaUrl="#red_aeroportuaria">
		<SimpleData name="OBJECTID">295</SimpleData>
		<SimpleData name="LAYER">Unknown Point Feature</SimpleData>
		<SimpleData name="KML_FOLDER">PAD Particular</SimpleData>
	</SchemaData></ExtendedData>
      <Point><coordinates>-72.515,-41.234722222</coordinates></Point>
  </Placemark>
  <Placemark id="red_aeroportuaria.296">
	<ExtendedData><SchemaData schemaUrl="#red_aeroportuaria">
		<SimpleData name="OBJECTID">296</SimpleData>
		<SimpleData name="LAYER">Unknown Point Feature</SimpleData>
		<SimpleData name="KML_FOLDER">PAD Particular</SimpleData>
	</SchemaData></ExtendedData>
      <Point><coordinates>-72.946666667,-41.349444444</coordinates></Point>
  </Placemark>
  <Placemark id="red_aeroportuaria.297">
	<ExtendedData><SchemaData schemaUrl="#red_aeroportuaria">
		<SimpleData name="OBJECTID">297</SimpleData>
		<SimpleData name="LAYER">Unknown Point Feature</SimpleData>
		<SimpleData name="KML_FOLDER">PAD Particular</SimpleData>
	</SchemaData></ExtendedData>
      <Point><coordinates>-73.168822222,-40.941580556</coordinates></Point>
  </Placemark>
  <Placemark id="red_aeroportuaria.298">
	<ExtendedData><SchemaData schemaUrl="#red_aeroportuaria">
		<SimpleData name="OBJECTID">298</SimpleData>
		<SimpleData name="LAYER">Unknown Point Feature</SimpleData>
		<SimpleData name="KML_FOLDER">PAD Particular</SimpleData>
	</SchemaData></ExtendedData>
      <Point><coordinates>-73.011955556,-40.9399833329999</coordinates></Point>
  </Placemark>
  <Placemark id="red_aeroportuaria.299">
	<ExtendedData><SchemaData schemaUrl="#red_aeroportuaria">
		<SimpleData name="OBJECTID">299</SimpleData>
		<SimpleData name="LAYER">Unknown Point Feature</SimpleData>
		<SimpleData name="KML_FOLDER">PAD Particular</SimpleData>
	</SchemaData></ExtendedData>
      <Point><coordinates>-72.4132888889999,-40.6367333329999</coordinates></Point>
  </Placemark>
  <Placemark id="red_aeroportuaria.300">
	<ExtendedData><SchemaData schemaUrl="#red_aeroportuaria">
		<SimpleData name="OBJECTID">300</SimpleData>
		<SimpleData name="LAYER">Unknown Point Feature</SimpleData>
		<SimpleData name="KML_FOLDER">PAD Particular</SimpleData>
	</SchemaData></ExtendedData>
      <Point><coordinates>-72.7658058009999,-40.6253780979999</coordinates></Point>
  </Placemark>
  <Placemark id="red_aeroportuaria.301">
	<ExtendedData><SchemaData schemaUrl="#red_aeroportuaria">
		<SimpleData name="OBJECTID">301</SimpleData>
		<SimpleData name="LAYER">Unknown Point Feature</SimpleData>
		<SimpleData name="KML_FOLDER">PAD Particular</SimpleData>
	</SchemaData></ExtendedData>
      <Point><coordinates>-72.345555556,-40.6894444439999</coordinates></Point>
  </Placemark>
  <Placemark id="red_aeroportuaria.302">
	<ExtendedData><SchemaData schemaUrl="#red_aeroportuaria">
		<SimpleData name="OBJECTID">302</SimpleData>
		<SimpleData name="LAYER">Unknown Point Feature</SimpleData>
		<SimpleData name="KML_FOLDER">PAD Particular</SimpleData>
	</SchemaData></ExtendedData>
      <Point><coordinates>-72.495663889,-42.586197222</coordinates></Point>
  </Placemark>
  <Placemark id="red_aeroportuaria.303">
	<ExtendedData><SchemaData schemaUrl="#red_aeroportuaria">
		<SimpleData name="OBJECTID">303</SimpleData>
		<SimpleData name="LAYER">Unknown Point Feature</SimpleData>
		<SimpleData name="KML_FOLDER">PAD Particular</SimpleData>
	</SchemaData></ExtendedData>
      <Point><coordinates>-72.9433333329999,-41.402777778</coordinates></Point>
  </Placemark>
  <Placemark id="red_aeroportuaria.304">
	<ExtendedData><SchemaData schemaUrl="#red_aeroportuaria">
		<SimpleData name="OBJECTID">304</SimpleData>
		<SimpleData name="LAYER">Unknown Point Feature</SimpleData>
		<SimpleData name="KML_FOLDER">PAD Particular</SimpleData>
	</SchemaData></ExtendedData>
      <Point><coordinates>-74.115833333,-43.351666667</coordinates></Point>
  </Placemark>
  <Placemark id="red_aeroportuaria.305">
	<ExtendedData><SchemaData schemaUrl="#red_aeroportuaria">
		<SimpleData name="OBJECTID">305</SimpleData>
		<SimpleData name="LAYER">Unknown Point Feature</SimpleData>
		<SimpleData name="KML_FOLDER">PAD Particular</SimpleData>
	</SchemaData></ExtendedData>
      <Point><coordinates>-73.225555556,-45.580555556</coordinates></Point>
  </Placemark>
  <Placemark id="red_aeroportuaria.306">
	<ExtendedData><SchemaData schemaUrl="#red_aeroportuaria">
		<SimpleData name="OBJECTID">306</SimpleData>
		<SimpleData name="LAYER">Unknown Point Feature</SimpleData>
		<SimpleData name="KML_FOLDER">PAD Particular</SimpleData>
	</SchemaData></ExtendedData>
      <Point><coordinates>-72.8183333329999,-46.765555556</coordinates></Point>
  </Placemark>
  <Placemark id="red_aeroportuaria.307">
	<ExtendedData><SchemaData schemaUrl="#red_aeroportuaria">
		<SimpleData name="OBJECTID">307</SimpleData>
		<SimpleData name="LAYER">Unknown Point Feature</SimpleData>
		<SimpleData name="KML_FOLDER">PAD Particular</SimpleData>
	</SchemaData></ExtendedData>
      <Point><coordinates>-72.480277778,-47.1155555559999</coordinates></Point>
  </Placemark>
  <Placemark id="red_aeroportuaria.308">
	<ExtendedData><SchemaData schemaUrl="#red_aeroportuaria">
		<SimpleData name="OBJECTID">308</SimpleData>
		<SimpleData name="LAYER">Unknown Point Feature</SimpleData>
		<SimpleData name="KML_FOLDER">PAD Particular</SimpleData>
	</SchemaData></ExtendedData>
      <Point><coordinates>-71.921669444,-44.2755749999999</coordinates></Point>
  </Placemark>
  <Placemark id="red_aeroportuaria.309">
	<ExtendedData><SchemaData schemaUrl="#red_aeroportuaria">
		<SimpleData name="OBJECTID">309</SimpleData>
		<SimpleData name="LAYER">Unknown Point Feature</SimpleData>
		<SimpleData name="KML_FOLDER">PAD Particular</SimpleData>
	</SchemaData></ExtendedData>
      <Point><coordinates>-68.933536111,-52.292497222</coordinates></Point>
  </Placemark>
  <Placemark id="red_aeroportuaria.310">
	<ExtendedData><SchemaData schemaUrl="#red_aeroportuaria">
		<SimpleData name="OBJECTID">310</SimpleData>
		<SimpleData name="LAYER">Unknown Point Feature</SimpleData>
		<SimpleData name="KML_FOLDER">PAD Particular</SimpleData>
	</SchemaData></ExtendedData>
      <Point><coordinates>-72.3353999999999,-51.2602111109999</coordinates></Point>
  </Placemark>
  <Placemark id="red_aeroportuaria.311">
	<ExtendedData><SchemaData schemaUrl="#red_aeroportuaria">
		<SimpleData name="OBJECTID">311</SimpleData>
		<SimpleData name="LAYER">Unknown Point Feature</SimpleData>
		<SimpleData name="KML_FOLDER">PAD Particular</SimpleData>
	</SchemaData></ExtendedData>
      <Point><coordinates>-69.333611111,-52.736666667</coordinates></Point>
  </Placemark>
  <Placemark id="red_aeroportuaria.312">
	<ExtendedData><SchemaData schemaUrl="#red_aeroportuaria">
		<SimpleData name="OBJECTID">312</SimpleData>
		<SimpleData name="LAYER">Unknown Point Feature</SimpleData>
		<SimpleData name="KML_FOLDER">PAD Particular</SimpleData>
	</SchemaData></ExtendedData>
      <Point><coordinates>-70.032777778,-52.955</coordinates></Point>
  </Placemark>
  <Placemark id="red_aeroportuaria.313">
	<ExtendedData><SchemaData schemaUrl="#red_aeroportuaria">
		<SimpleData name="OBJECTID">313</SimpleData>
		<SimpleData name="LAYER">Unknown Point Feature</SimpleData>
		<SimpleData name="KML_FOLDER">PAD Particular</SimpleData>
	</SchemaData></ExtendedData>
      <Point><coordinates>-68.834444444,-54.831111111</coordinates></Point>
  </Placemark>
  <Placemark id="red_aeroportuaria.314">
	<ExtendedData><SchemaData schemaUrl="#red_aeroportuaria">
		<SimpleData name="OBJECTID">314</SimpleData>
		<SimpleData name="LAYER">Unknown Point Feature</SimpleData>
		<SimpleData name="KML_FOLDER">PAD Particular</SimpleData>
	</SchemaData></ExtendedData>
      <Point><coordinates>-70.749277778,-52.8802777779999</coordinates></Point>
  </Placemark>
  <Placemark id="red_aeroportuaria.315">
	<ExtendedData><SchemaData schemaUrl="#red_aeroportuaria">
		<SimpleData name="OBJECTID">315</SimpleData>
		<SimpleData name="LAYER">Unknown Point Feature</SimpleData>
		<SimpleData name="KML_FOLDER">PAD Particular</SimpleData>
	</SchemaData></ExtendedData>
      <Point><coordinates>-68.7499999999999,-52.591666667</coordinates></Point>
  </Placemark>
  <Placemark id="red_aeroportuaria.316">
	<ExtendedData><SchemaData schemaUrl="#red_aeroportuaria">
		<SimpleData name="OBJECTID">316</SimpleData>
		<SimpleData name="LAYER">Unknown Point Feature</SimpleData>
		<SimpleData name="KML_FOLDER">PAD Particular</SimpleData>
	</SchemaData></ExtendedData>
      <Point><coordinates>-70.723888889,-52.525277778</coordinates></Point>
  </Placemark>
  <Placemark id="red_aeroportuaria.317">
	<ExtendedData><SchemaData schemaUrl="#red_aeroportuaria">
		<SimpleData name="OBJECTID">317</SimpleData>
		<SimpleData name="LAYER">Unknown Point Feature</SimpleData>
		<SimpleData name="KML_FOLDER">PAD Particular</SimpleData>
	</SchemaData></ExtendedData>
      <Point><coordinates>-71.165555556,-33.4125</coordinates></Point>
  </Placemark>
  <Placemark id="red_aeroportuaria.318">
	<ExtendedData><SchemaData schemaUrl="#red_aeroportuaria">
		<SimpleData name="OBJECTID">318</SimpleData>
		<SimpleData name="LAYER">Unknown Point Feature</SimpleData>
		<SimpleData name="KML_FOLDER">PAD Particular</SimpleData>
	</SchemaData></ExtendedData>
      <Point><coordinates>-70.9219277779999,-33.767125</coordinates></Point>
  </Placemark>
  <Placemark id="red_aeroportuaria.319">
	<ExtendedData><SchemaData schemaUrl="#red_aeroportuaria">
		<SimpleData name="OBJECTID">319</SimpleData>
		<SimpleData name="LAYER">Unknown Point Feature</SimpleData>
		<SimpleData name="KML_FOLDER">PAD Particular</SimpleData>
	</SchemaData></ExtendedData>
      <Point><coordinates>-71.2900194439999,-33.6586833329999</coordinates></Point>
  </Placemark>
  <Placemark id="red_aeroportuaria.320">
	<ExtendedData><SchemaData schemaUrl="#red_aeroportuaria">
		<SimpleData name="OBJECTID">320</SimpleData>
		<SimpleData name="LAYER">Unknown Point Feature</SimpleData>
		<SimpleData name="KML_FOLDER">PAD Particular</SimpleData>
	</SchemaData></ExtendedData>
      <Point><coordinates>-70.915355556,-33.3357583329999</coordinates></Point>
  </Placemark>
  <Placemark id="red_aeroportuaria.321">
	<ExtendedData><SchemaData schemaUrl="#red_aeroportuaria">
		<SimpleData name="OBJECTID">321</SimpleData>
		<SimpleData name="LAYER">Unknown Point Feature</SimpleData>
		<SimpleData name="KML_FOLDER">PAD Particular</SimpleData>
	</SchemaData></ExtendedData>
      <Point><coordinates>-70.851111111,-33.336666667</coordinates></Point>
  </Placemark>
  <Placemark id="red_aeroportuaria.322">
	<ExtendedData><SchemaData schemaUrl="#red_aeroportuaria">
		<SimpleData name="OBJECTID">322</SimpleData>
		<SimpleData name="LAYER">Unknown Point Feature</SimpleData>
		<SimpleData name="KML_FOLDER">PAD Particular</SimpleData>
	</SchemaData></ExtendedData>
      <Point><coordinates>-71.11,-33.677222222</coordinates></Point>
  </Placemark>
  <Placemark id="red_aeroportuaria.323">
	<ExtendedData><SchemaData schemaUrl="#red_aeroportuaria">
		<SimpleData name="OBJECTID">323</SimpleData>
		<SimpleData name="LAYER">Unknown Point Feature</SimpleData>
		<SimpleData name="KML_FOLDER">PAD Particular</SimpleData>
	</SchemaData></ExtendedData>
      <Point><coordinates>-71.192783333,-33.67635</coordinates></Point>
  </Placemark>
  <Placemark id="red_aeroportuaria.324">
	<ExtendedData><SchemaData schemaUrl="#red_aeroportuaria">
		<SimpleData name="OBJECTID">324</SimpleData>
		<SimpleData name="LAYER">Unknown Point Feature</SimpleData>
		<SimpleData name="KML_FOLDER">PAD Particular</SimpleData>
	</SchemaData></ExtendedData>
      <Point><coordinates>-71.2608333329999,-33.575555556</coordinates></Point>
  </Placemark>
  <Placemark id="red_aeroportuaria.325">
	<ExtendedData><SchemaData schemaUrl="#red_aeroportuaria">
		<SimpleData name="OBJECTID">325</SimpleData>
		<SimpleData name="LAYER">Unknown Point Feature</SimpleData>
		<SimpleData name="KML_FOLDER">PAD Particular</SimpleData>
	</SchemaData></ExtendedData>
      <Point><coordinates>-70.885555556,-33.893611111</coordinates></Point>
  </Placemark>
  <Placemark id="red_aeroportuaria.326">
	<ExtendedData><SchemaData schemaUrl="#red_aeroportuaria">
		<SimpleData name="OBJECTID">326</SimpleData>
		<SimpleData name="LAYER">Unknown Point Feature</SimpleData>
		<SimpleData name="KML_FOLDER">PAD Particular</SimpleData>
	</SchemaData></ExtendedData>
      <Point><coordinates>-70.549444444,-33.7449999999999</coordinates></Point>
  </Placemark>
  <Placemark id="red_aeroportuaria.327">
	<ExtendedData><SchemaData schemaUrl="#red_aeroportuaria">
		<SimpleData name="OBJECTID">327</SimpleData>
		<SimpleData name="LAYER">Unknown Point Feature</SimpleData>
		<SimpleData name="KML_FOLDER">PAD Particular</SimpleData>
	</SchemaData></ExtendedData>
      <Point><coordinates>-70.510277778,-33.725</coordinates></Point>
  </Placemark>
  <Placemark id="red_aeroportuaria.328">
	<ExtendedData><SchemaData schemaUrl="#red_aeroportuaria">
		<SimpleData name="OBJECTID">328</SimpleData>
		<SimpleData name="LAYER">Unknown Point Feature</SimpleData>
		<SimpleData name="KML_FOLDER">PAD Particular</SimpleData>
	</SchemaData></ExtendedData>
      <Point><coordinates>-71.3919444439999,-34.0072222219999</coordinates></Point>
  </Placemark>
  <Placemark id="red_aeroportuaria.329">
	<ExtendedData><SchemaData schemaUrl="#red_aeroportuaria">
		<SimpleData name="OBJECTID">329</SimpleData>
		<SimpleData name="LAYER">Unknown Point Feature</SimpleData>
		<SimpleData name="KML_FOLDER">PAD Particular</SimpleData>
	</SchemaData></ExtendedData>
      <Point><coordinates>-70.6502694439999,-33.2701861109999</coordinates></Point>
  </Placemark>
  <Placemark id="red_aeroportuaria.330">
	<ExtendedData><SchemaData schemaUrl="#red_aeroportuaria">
		<SimpleData name="OBJECTID">330</SimpleData>
		<SimpleData name="LAYER">Unknown Point Feature</SimpleData>
		<SimpleData name="KML_FOLDER">PAD Particular</SimpleData>
	</SchemaData></ExtendedData>
      <Point><coordinates>-70.708888889,-33.050833333</coordinates></Point>
  </Placemark>
  <Placemark id="red_aeroportuaria.331">
	<ExtendedData><SchemaData schemaUrl="#red_aeroportuaria">
		<SimpleData name="OBJECTID">331</SimpleData>
		<SimpleData name="LAYER">Unknown Point Feature</SimpleData>
		<SimpleData name="KML_FOLDER">PAD Particular</SimpleData>
	</SchemaData></ExtendedData>
      <Point><coordinates>-70.9155888889999,-33.709958333</coordinates></Point>
  </Placemark>
  <Placemark id="red_aeroportuaria.332">
	<ExtendedData><SchemaData schemaUrl="#red_aeroportuaria">
		<SimpleData name="OBJECTID">332</SimpleData>
		<SimpleData name="LAYER">Unknown Point Feature</SimpleData>
		<SimpleData name="KML_FOLDER">PAD Particular</SimpleData>
	</SchemaData></ExtendedData>
      <Point><coordinates>-70.995833333,-33.718333333</coordinates></Point>
  </Placemark>
  <Placemark id="red_aeroportuaria.333">
	<ExtendedData><SchemaData schemaUrl="#red_aeroportuaria">
		<SimpleData name="OBJECTID">333</SimpleData>
		<SimpleData name="LAYER">Unknown Point Feature</SimpleData>
		<SimpleData name="KML_FOLDER">PAD Particular</SimpleData>
	</SchemaData></ExtendedData>
      <Point><coordinates>-70.8799999999999,-33.028611111</coordinates></Point>
  </Placemark>
  <Placemark id="red_aeroportuaria.334">
	<ExtendedData><SchemaData schemaUrl="#red_aeroportuaria">
		<SimpleData name="OBJECTID">334</SimpleData>
		<SimpleData name="LAYER">Unknown Point Feature</SimpleData>
		<SimpleData name="KML_FOLDER">Ad. en Construcció</SimpleData>
	</SchemaData></ExtendedData>
      <Point><coordinates>-72.833055556,-42.776944444</coordinates></Point>
  </Placemark>
  <Placemark id="red_aeroportuaria.335">
	<ExtendedData><SchemaData schemaUrl="#red_aeroportuaria">
		<SimpleData name="OBJECTID">335</SimpleData>
		<SimpleData name="LAYER">Unknown Point Feature</SimpleData>
		<SimpleData name="KML_FOLDER">Ad. en Construcció</SimpleData>
	</SchemaData></ExtendedData>
      <Point><coordinates>-68.940291283,-54.481103097</coordinates></Point>
  </Placemark>
  <Placemark id="red_aeroportuaria.336">
	<ExtendedData><SchemaData schemaUrl="#red_aeroportuaria">
		<SimpleData name="OBJECTID">336</SimpleData>
		<SimpleData name="LAYER">Unknown Point Feature</SimpleData>
		<SimpleData name="KML_FOLDER">Ad. en Construcció</SimpleData>
	</SchemaData></ExtendedData>
      <Point><coordinates>-72.638611111,-38.914444444</coordinates></Point>
  </Placemark>
  <Placemark id="red_aeroportuaria.337">
	<ExtendedData><SchemaData schemaUrl="#red_aeroportuaria">
		<SimpleData name="OBJECTID">337</SimpleData>
		<SimpleData name="LAYER">Unknown Point Feature</SimpleData>
		<SimpleData name="KML_FOLDER">Ad. en Construcció</SimpleData>
	</SchemaData></ExtendedData>
      <Point><coordinates>-71.410622223,-30.245588886</coordinates></Point>
  </Placemark>
  <Placemark id="red_aeroportuaria.338">
	<ExtendedData><SchemaData schemaUrl="#red_aeroportuaria">
		<SimpleData name="OBJECTID">338</SimpleData>
		<SimpleData name="LAYER">Unknown Point Feature</SimpleData>
		<SimpleData name="KML_FOLDER">Ad. en Construcció</SimpleData>
	</SchemaData></ExtendedData>
      <Point><coordinates>-70.684258335,-33.117391663</coordinates></Point>
  </Placemark>
</Folder>
</Document></kml>
